{"0": {"llama": "[Seine-et-Marne, France, Vittorio De Sica]"}, "1": {"llama": "[2, Nashville TN, I'm a People, Country music]"}, "2": {"llama": "[3, Ebaeides perakensis, Polyphaga, Leucophoebe albaria, Leucophoebe]"}, "3": {"llama": "[Invincible (Pat Benatar song), Pat Benatar, Tina Turner, Be Tender with Me Baby]"}, "4": {"llama": "[Oru Kochu Bhoomikulukkam, Siddique (actor), Ernakulam]"}, "5": {"llama": "[480i, News TV Quick Response Team, Filipino language, Mara Clara (2010 TV series)]"}, "6": {"llama": "[Opava, Rudolf Chrobak, Gelu Velici, FC Politehnica Timi\u0219oara, Luk\u00e1\u0161 Magera, SK Kladno, Marcel Li\u010dka, G\u00f3rnik Zabrze]"}, "7": {"llama": "[ Nelson Agresta, Montevideo, Uruguay, Rodrigo Lemos ]"}, "8": {"llama": "[PlayStation 2, Buzz! Junior: Jungle Party, Buzz!]"}, "9": {"llama": "[David Caldwell (nose tackle), Indiana Firebirds, Ben Bennett]"}, "10": {"llama": "[Walter Brooke, A Short Drink from a Certain Fountain, Patrick O'Neal (actor), Respiratory failure]"}, "11": {"llama": "[Diana Swaine, Florida, Michael Yarmush]"}, "12": {"llama": "[Thrown Away (song), Liberty Records, Uncle Charlie & His Dog Teddy, Mr. Bojangles (song)]\n\nThe diameter of this knowledge graph is 3."}, "13": {"llama": "[Red-vented bulbul, Bulbul, Grey-headed bulbul, Thomas C. Jerdon, Malabar starling]"}, "14": {"llama": "[Dirk Flock, FC Remscheid, Marcel Podszus, Viersen]"}, "15": {"llama": "[Sascha Paeth, Legendary Tales, Limb Music]"}, "16": {"llama": "[Dzon Delarge, Republic of the Congo, Makoua]"}, "17": {"llama": "[Netphe, Germany, Roland G\u00fcnther]"}, "18": {"llama": "[Halifax Town A.F.C., Simon Collins (footballer), Ossett Town F.C., Joel Armstrong, Chesterfield F.C.]"}, "19": {"llama": "[Yellow, Free Citizens, Panhellenic Citizen Chariot]"}, "20": {"llama": "[FK \u017dalgiris Vilnius, Valdas Kasparavi\u010dius, Soviet Union national under-21 football team, Yuri Sedov, Russia]"}, "21": {"llama": "[Stranger's Soul, Fantasy, The Twelve (novel), The Passage (novel)]\n\nThe diameter of this knowledge graph is 3."}, "22": {"llama": "[Diego Ramos, Buenos Aires, Macedonian Argentine, Roman Catholicism]"}, "23": {"llama": "[Japan, Bright (Japanese band), Brightest Star]"}, "24": {"llama": "[Qasem Qeshlaqi Nir, Nir County, Ardabil Province, Buran Ardabil]"}, "25": {"llama": "[CEO, Nomad Foods, Tortola, Road Town]"}, "26": {"llama": "[The Best of R.E.M., English language, Bugs Bunny's Looney Christmas Tales, Friz Freleng, Looney Tunes Golden Collection: Volume 4]"}, "27": {"llama": "[Guangdong, Wu Mengchang, Beijing, Lao She]"}, "28": {"llama": "[Abu Ali Mustafa, West Bank, Judea]"}, "29": {"llama": "[Chinese Brazilians, Macanese people, Brazil, Eduardo Roberto dos Santos]"}, "30": {"llama": "[The Wilsons, Rock music, Species Deceases, Diesel and Dust]"}, "31": {"llama": "[Kafka (film), Ian Holm, Joe Gould's Secret (film), Susan Sarandon]"}, "32": {"llama": "[2005 French Grand Prix, France, Ga\u00ebl]"}, "33": {"llama": "[Christian Burns, Ti\u00ebsto, Afrojack, Freak (Estelle song)]"}, "34": {"llama": "[Dzon Delarge, Brazzaville, Ali Bongo Ondimba, Raymond Ndong Sima]"}, "35": {"llama": "[New Brunswick, Bud Boyce, Saskatchewan]"}, "36": {"llama": "[Maykel Galindo, Villa Clara Province, Cuba, Cayo Guillermo]"}, "37": {"llama": "[ Mohammadyar District, Tazeh Kand-e Deym, Iran, Naqadeh County ]"}, "38": {"llama": "[Legendary Assassin, Gold Label Records, Miriam Yeung New and Best Selections, Home (Miriam Yeung album), Cantopop, Shawn Yue]"}, "39": {"llama": "[Delta (Visions of Atlantis album), Germany, Sommersdorf  Mecklenburg-Vorpommern]"}, "40": {"llama": "[Slippery Rock  Pennsylvania, United States, A24 (company)]"}, "41": {"llama": "[Steve Mouni\u00e9, Benin, Hubert Maga]"}, "42": {"llama": "[Mircea Ilie, Romania, Bra\u0219ov]"}, "43": {"llama": "[Exit Marrakech, Karim Debbagh, Tangier, Ibn Battuta]"}, "44": {"llama": "[Mike Mictlan, Paper Tiger (producer), Doomtree (album), P.O.S, Ipecac Neat]"}, "45": {"llama": "[Tatay, Bwyd Time, Erase Errata]"}, "46": {"llama": "[Oslo, Gjensidige, Pension, SpareBank 1]"}, "47": {"llama": "[Angelo Garcia, Menudo (band), Os Ultimos Herois]"}, "48": {"llama": "[Tatsuya Sakai, Japan, Satoshi Tsumabuki]"}, "49": {"llama": "[Urola furvicornis, Crambidae, Scoparia augastis]"}, "50": {"llama": "[Blues, Ric Lee, Chrysalis Records]"}, "51": {"llama": "[Slipknot (band), Phil Sgrosso, Nails (band), You Will Never Be One of Us]"}, "52": {"llama": "[Polygram, Michael Organ (drummer), Sonny Landreth]"}, "53": {"llama": "[3, Nelly, Get Like Me (Nelly song), Music download, I'm in Love with a Monster]"}, "54": {"llama": "[Kaakha Kaakha, R. D. Rajasekhar, Jaggubhai, Shriya Saran, India]"}, "55": {"llama": "[Christmas in Harlem, Cyhi the Prynce, Hip hop music]"}, "56": {"llama": "[Sumie Sakai, United States, MaxLinear, Broadband, Sky Ireland]"}, "57": {"llama": "[Warning Sign (film), Hal Barwood, Film producer, Robert Luketic, Legally Blonde]"}, "58": {"llama": "[Sufia Kamal, Bengal Presidency, British India, Kudmul Ranga Rao, South Canara]"}, "59": {"llama": "[Gene St. Leon, Ohio Derby, Martin D. Wolfson]"}, "60": {"llama": "[Cartoon Network (Germany), Munich, Nightrider (song)]"}, "61": {"llama": "[Hanover, Sven Pipien, King Bee (band)]"}, "62": {"llama": "[Brad Leithauser, Massachusetts, Detroit, Henry Ford II, Roman Catholicism]"}, "63": {"llama": "[George Leonard Andrews, Union Army, George K. Nash, Columbus  Ohio, Bow Wow (rapper)]"}, "64": {"llama": "[Suicide Battalion, American International Pictures, Bamboo Gods and Iron Men]"}, "65": {"llama": "[Dr. Vidya, Sachin Dev Burman, Charanjit Singh (musician)]"}, "66": {"llama": "[Carlos Man\u00e9, Portugal, Fontinhas]"}, "67": {"llama": "[List of Chinese football transfers winter 2015, Jin Xin, Wuhan, Yao Hanlin, China]"}, "68": {"llama": "[ Lincoln City F.C., Ike Whelpton, A.F.C. Bournemouth, Tony Pulis ]"}, "69": {"llama": "[ Werner Grossmann, Germany, Gro\u00dfpostwitz ]"}, "70": {"llama": "[United States, Beau Starr, Pretend You Don't See Her (film), Hannes Jaenicke]"}, "71": {"llama": "[Andr\u00e9 Boisclair, Parti Qu\u00e9b\u00e9cois, Robert Perreault, Sainte-Anne-de-la-P\u00e9rade]"}, "72": {"llama": "[2008 California Golden Bears football team, 2008 UCLA Bruins football team, 2008 Tennessee Volunteers football team, 2008 Alabama Crimson Tide football team]"}, "73": {"llama": "[Insect, Coreoidea, Bothrostethus annulipes, Pentatomomorpha, Animal, Serrata raoulica]"}, "74": {"llama": "[Kalateh-ye Hajji  Razavi Khorasan, Iran Standard Time, Salmas County, Ayan  Iran]"}, "75": {"llama": "[Andrea Drahota, The Confrontation (film), Mikl\u00f3s Jancs\u00f3, V\u00e1c, Istv\u00e1n Friedrich]"}, "76": {"llama": "[North Island k\u014dkako, Animalia, Telmatherina celebensis]"}, "77": {"llama": "[ Pink Luv, Dance-pop, Jasmine Thompson ]"}, "78": {"llama": "[Holyoke  Massachusetts, Maurice A. Donahue, Roger L. Bernashe]"}, "79": {"llama": "[Insect, Heterachthes, Cerambycidae, Heterachthes wappesi, Polyphaga, Omobranchus steinitzi, Chordate, Mulgara]"}, "80": {"llama": "[Sweta Keswani, Model (person), Fat Cat (singer), South Korea, N.Flying]"}, "81": {"llama": "[Tihhon \u0160i\u0161ov, Defender (football), Federico Tafani]"}, "82": {"llama": "[Tiffany Limos, Ken Park, Maeve Quinlan, United States]"}, "83": {"llama": "[Gianni De Biasi, A.C. Reggiana 1919, Emanuele Brioschi, Italy, Patscher Spitze]"}, "84": {"llama": "[Beccariophoenix madagascariensis, Cocoeae, Jubaeopsis]"}, "85": {"llama": "[England, Dixie McNeil, Coventry City F.C., Andy Williams (footballer born 1962), Huddersfield Town A.F.C.]"}, "86": {"llama": "[Netechma lacera, Netechma, Animal, Cosmopterix fernaldella]"}, "87": {"llama": "[Azerbaijan, Absurdistan (film), Veit Helmer, A Trick of Light]"}, "88": {"llama": "[Keithsburg Illinois, Illinois, Samuel Bodman, Steven Chu, University of Rochester]"}, "89": {"llama": "[Asiamordella, Animal, Arthropod, Ypthima sakra, Lepidoptera, Plecoptera reflexa]"}, "90": {"llama": "[7%22, Behind Blue Eyes, Olympic Studios, Music in a Doll's House]"}, "91": {"llama": "[CD Mensajero, \u00c1lex Cruz, UCAM Murcia CF, Luis Tevenet]"}, "92": {"llama": "[Downy woodpecker, Carl Linnaeus, Middle spotted woodpecker]"}, "93": {"llama": "[Raul Mitra, Philippines, Judy Ann Santos]"}, "94": {"llama": "[Epischnia asteris, Arthropod, Acantholycosa zinchenkoi, Pardosinae]"}, "95": {"llama": "[If You Really Cared, Universal Records, Elton John One Night Only \u2013 The Greatest Hits]"}, "96": {"llama": "[Sammy Lee (footballer), England national football team, Fred Priest, Guisborough]"}, "97": {"llama": "[Andrei Nalyotov, List of Russian football transfers summer 2014, Denis Voynov, FC Fakel Voronezh]"}, "98": {"llama": "[Archips socotranus, Animal, Chordate, Hemibarbus mylodon]"}, "99": {"llama": "[Animal, Semniomima puella, Animal, Changeable hawk-eagle, Accipitriformes, Aviceda]"}, "100": {"llama": "[Animal, Arthropod, Satyrini, Kanetisa digna]\n\nThe diameter of this knowledge graph is 3."}, "101": {"llama": "[Irandegan District, Irandegan Rural District, Genzerig, Ab Ghamushiyeh]\n\nThe diameter of this knowledge graph is 3."}, "102": {"llama": "[Glumsl\u00f6v, Central European Time, Cristina  Badajoz, Extremadura, Sierra de Gata (comarca), Comarcas of Extremadura]"}, "103": {"llama": "[Dipolog, Zamboanga Peninsula, Katipunan  Zamboanga del Norte]"}, "104": {"llama": "[Animalia, Goldbar wrasse, Actinopterygii]"}, "105": {"llama": "[Gaston Godel, Domdidier, Oleyres, Vaud, Valeyres-sous-Rances]"}, "106": {"llama": "[Nashville  Tennessee, Jerry Capehart, C'mon Everybody, The Eddie Cochran Memorial Album]"}, "107": {"llama": "[Gramophone record, Air War, Pretty Little Angel Eyes, Under the Moon of Love]"}, "108": {"llama": "[Sweden, M\u00e5rten Klingberg, Screenwriter, Roger Lim]"}, "109": {"llama": "[Virginia Beach Mariners, Brian Cvilikas, Minnesota Thunder, Russell Hutchison]"}, "110": {"llama": "[London, Jennifer Kendal, Bombay Talkie, Ruth Prawer Jhabvala]"}, "111": {"llama": "[Orania mixta, Animal, Ceratostoma foliatum]"}, "112": {"llama": "[Insect, Beraba cheilaria]"}, "113": {"llama": "[California, John Vasconcellos, Santa Clara  California]"}, "114": {"llama": "[Jonathan Coates, Cheltenham Town F.C., Bobby Williams (footballer  born 1940), Weymouth F.C., Tommy Henderson (footballer  born 1949)]"}, "115": {"llama": "[Dorcadion anatolicum, Cerambycidae, Irundisaua balteata]"}, "116": {"llama": "[Gen Fukunaga, Roanoke  Texas, Mayor, Haltom City  Texas]"}, "117": {"llama": "[Daniel Vega, List of Argentine Primera Divisi\u00f3n transfers July\u2013August 2010, Franco Jara, Villa Mar\u00eda]"}, "118": {"llama": "[ Mariel  Cuba, Artemisa Province, Candelaria  Cuba ]"}, "119": {"llama": "[Takuro Yoshida, Harmonica, Eddie Vedder, Brother (Pearl Jam song)]"}, "120": {"llama": "[ Auxa bimaculipennis, Animal, Eudonia schwarzalis ]"}, "121": {"llama": "[Animal, Paxillosida, Astropecten platyacanthus, Astropecten]"}, "122": {"llama": "[Alfred Johnson Brooks, Brooke Claxton, Canadian Army, Royal Canadian Infantry Corps]"}, "123": {"llama": "[Psychedelic music, Uriel (band), Dave Stewart (keyboardist), Jakko Jakszyk]"}, "124": {"llama": "[Jo Meynen, Netherlands, Vaalserberg]\n\nThe diameter of this knowledge graph is 2."}, "125": {"llama": "[Michel Fran\u00e7ois Hoguet, France, Provence-Alpes-C\u00f4te d'Azur, Forcalqueiret]"}, "126": {"llama": "[Notostigma foreli, Formicidae, Polyergus samurai, Polyergus lucidus]"}, "127": {"llama": "[Sonic Underground, Jaleel White, Steve Urkel, Thomas L. Miller, Foul Play (TV series), American Broadcasting Company]"}, "128": {"llama": "[Hall bei Admont, Austria, Wilhelm J. Sluka]"}, "129": {"llama": "[Una O'Hagan, Republic of Ireland, Paul Kane, Toronto, Anais Granofsky]"}, "130": {"llama": "[Ken Khachigian, Lawyer, Peter Reith, Fred Chaney, G\u00e9d\u00e9on Larocque, Raymond Pr\u00e9fontaine, James Cochrane (mayor)]"}, "131": {"llama": "[Tolombeh-ye Ruzkuhrow, Bahreman Rural District, Yadollahabad]"}, "132": {"llama": "[Chrysomyxa ledi var. rhododendri, Basidiomycota, Mycena stylobates]"}, "133": {"llama": "[Francis II Holy Roman Emperor, Grand Duchy of Tuscany, Anna Maria Adorni Botti, Roman Catholic Church, Tomasa Ortiz Real]"}, "134": {"llama": "[FC Chertanovo Moscow, Andrei Solomatin, PFC CSKA Moscow, Borys Derkach, FC Mayak Kharkiv, Aleksandr Tsilyurik, FC Spartak-Telekom Shuya]"}, "135": {"llama": "[Unreal Engine 2, Tom Clancy's Splinter Cell (video game), GameCube]"}, "136": {"llama": "[KNI A/S, Sisimiut, Greenland, Paamiut, Frederikshavn]"}, "137": {"llama": "[Bedford Township  Bedford County  Pennsylvania, Pennsylvania, Buffalo  New York]"}, "138": {"llama": "[Isabel Creek, Stream, Lichau Creek, Sonoma County  California]"}, "139": {"llama": "[Insect, Pantophthalmidae, Fly, Tanytarsini]"}, "140": {"llama": "[Haute-Sa\u00f4ne, Vantoux-et-Longevelle, Franche-Comt\u00e9, Georfans]"}, "141": {"llama": "[Dave Ullrich, Toronto, Donovan Woods (musician), Folk music, Folk rock, Life in Slow Motion]"}, "142": {"llama": "[Gr\u00e9gory Malicki, Goalkeeper (football), Stef\u00e1n Logi Magn\u00fasson, Iceland, Eagle Egilsson, Mad City: New Day Rising, Gotham (TV series), Wrath of the Villains: Pinewood]"}, "143": {"llama": "[Eudicots, Mesogyne, Plantae, Bulbophyllum masonii]"}, "144": {"llama": "[3, Pisa Calcio, Enrico Alfonso, A.S. Pizzighettone, Massimo Storgato]"}, "145": {"llama": "[Valiha (plant), Plantae, Nephthytis swainei, Nephthytis]"}, "146": {"llama": "[Central defender, Bevan Fransch, South Africa, Solomon Mahlangu, Mamelodi]"}, "147": {"llama": "[Summer Time Gone, Giza Studio, Your Best Friend]"}, "148": {"llama": "[O. Henry, Henry O, Actor, Yoo Hae-jin]"}, "149": {"llama": "[Ali Khan-e Kachkul, Iran Standard Time, Gohreh] or [Ali Khan-e Kachkul, Iran Daylight Time, Gohreh]"}, "150": {"llama": "[City on Fire (1987 film), Danny Lee (actor), Legend of the Dragon (film), Stephen Chow, My Father's Son (TV series)]"}, "151": {"llama": "[Rotate (song), Channel 10 (album), The War Report 2: Report the War]"}, "152": {"llama": "[Detroit, Curtis Fuller, Impulse!, The Cry of My People]\n\nThe diameter of this knowledge graph is 3."}, "153": {"llama": "[Actress, Joyce Jameson, Billy Barnes (composer), The Richie Rich/Scooby-Doo Show, American Broadcasting Company]"}, "154": {"llama": "[Ben Lui, River Tay, Perth Scotland]"}, "155": {"llama": "[Charlie Fletcher (footballer), Homerton, Queen Elizabeth Olympic Park, Stratford  London]\n\nThe diameter of this knowledge graph is 3."}, "156": {"llama": "[Parlophone, Eleanor Rigby, Lennon\u2013McCartney, Nesuhi Ertegun, My Kinda Groove]"}, "157": {"llama": "[Yeniel Berm\u00fadez, Cuba national football team, Jos\u00e9 Miranda (footballer), Los Angeles Misioneros]"}, "158": {"llama": "[Lorestan Province, Chal Duguneh, Papi District]"}, "159": {"llama": "[Taheri Rural District, Iran, Amol, Ghasem Rezaei]"}, "160": {"llama": "[Felix Adler (screenwriter), Goofs and Saddles, Coca-Cola Telecommunications (1987)]"}, "161": {"llama": "[Helan  Vargahan, Ahar County, Ziarlu]\n\nThe diameter of this knowledge graph is 2."}, "162": {"llama": "[The Name Game, Novelty song, Boku wa Kuma, Flavor of Life]"}, "163": {"llama": "[Animal, Arthropod, Evimantius, Buprestoidea]"}, "164": {"llama": "[Thimingalam, K. P. Ummer, Pokkattadikkaari]"}, "165": {"llama": "[Red-keeled flowerpecker, Animalia, Stagnicola]"}, "166": {"llama": "[DYMF, News, The Rundown with Jos\u00e9 Diaz-Balart, MSNBC Live]"}, "167": {"llama": "[Robert D. Mariani, Syracuse University College of Law, Tom O'Mara, Timothy M. Kennedy (politician)]"}, "168": {"llama": "[2013 Seguros Bol\u00edvar Open Barranquilla, Barranquilla, 2016 Claro Open Medell\u00edn, Eduardo Struvay]"}, "169": {"llama": "[Breakfast on Pluto, English language, Simple Pleasures (Bobby McFerrin album)]"}, "170": {"llama": "[Relief of Thionville, Thionville, Illange]"}, "171": {"llama": "[Tatyana McFadden, Maryland, Television Hill (band), Cass McCombs]"}, "172": {"llama": "[Attleboro Massachusetts, David Daggett, Chauncey Goodrich, Uriah Tracy, Federalist Party, Edward King (jurist)]"}, "173": {"llama": "[University of Benghazi, Abu Bakr Baira, University of Missouri]"}, "174": {"llama": "[Ali Nikzad, Iran University of Science and Technology, Iran, Kahn-e Qazi, Kuhsaran District, Hoseynabad-e Darani]"}, "175": {"llama": "[F\u0131nd\u0131kl\u0131  Rize, Eastern European Time, Syria, Village, Talkhatra]"}, "176": {"llama": "[Don Moen, Word Records, Amy Grant, A Christmas to Remember, Chapter One... A Decade]\n\nThe diameter of this knowledge graph is 5."}, "177": {"llama": "[Abzalu, Iran, Tanbaku Kar-e Ebrahim]"}, "178": {"llama": "[One Froggy Evening, Abe Levitow, Edward Selzer, Bugs and Thugs]"}, "179": {"llama": "[Dead Is Dead, Nestor Carbonell, Jughead (Lost)]"}, "180": {"llama": "[Paul Wunderlich, J\u00f6rg Schmeisser, Pomerania] or [Paul Wunderlich, J\u00f6rg Schmeisser, Nazi Germany] or [Paul Wunderlich, J\u00f6rg Schmeisser, Nazi Germany, Sturzkampfgeschwader 2]\n\nThe diameter of this knowledge graph is 3."}, "181": {"llama": "[Acacia microneura, Eudicots, Suessenguthiella, Molluginaceae, Mollugo, Angiosperms, Tetrameles]"}, "182": {"llama": "[Iran, Aq Bolagh  Zanjan, Ijrud-e Bala Rural District, Chataz  Ijrud]"}, "183": {"llama": "[ Mitchel Musso, Hey (Mitchel Musso song), Pop music, Laura Branigan ]"}, "184": {"llama": "[Aspects of the Sensual World, Columbia Records, Hillbilly Girl with the Blues]"}, "185": {"llama": "[Harvard Business School, William Agee, Boise State University, Butch Otter, David H. Leroy, University of Idaho, Herman Welker]"}, "186": {"llama": "[Mogas Group, United Arab Emirates, Majid Al Futtaim Group, Property, Unibail-Rodamco]"}, "187": {"llama": "[Peter Pan (1924 film), Ernest Torrence, Frank Butler (writer), Strictly Unconventional]"}, "188": {"llama": "[Category 5 Records, United States, San Jose California, HGST]"}, "189": {"llama": "[Spintires, Microsoft Windows, Turok: Evolution, Turok (series), Turok: Dinosaur Hunter]"}, "190": {"llama": "[Showgirls, Alan Rachins, 3 Musketeers (film), Paul Bales]"}, "191": {"llama": "[7%22, (Love) Compared with You, Pop (music), Bolton Swings Sinatra]"}, "192": {"llama": "[Shorea rugosa, Dipterocarpaceae, Eudicots, Hypericum boreale, Nathaniel Lord Britton]\n\nThe diameter of this knowledge graph is 4."}, "193": {"llama": "[Georg Lammers, Butjadingen, Germany, Michael Steinbach]"}, "194": {"llama": "[Acacia xanthina, Acacia, Dalbergia peltieri]"}, "195": {"llama": "[Lo Esencial de Ricardo Arjona, Ricardo Arjona, El Problema, Minutos]"}, "196": {"llama": "[Dean Edwards, New York City, Dean Edwards, Scared Shrekless, Halli Cauthery, Living Proof (film)]"}, "197": {"llama": "[FC Sportist Svoge, Vladimir Vladimirov, Bulgaria, Nedzhmi Ali]"}, "198": {"llama": "[Dinesh Babu, Laali, Vishnuvardhan (actor), Simha Gharjane]"}, "199": {"llama": "[Kyenjojo, Toro sub-region, Fort Portal, Edward Rugumayo, University of London, London School of Economics, Allen Sheppard  Baron Sheppard of Didgemere]"}, "200": {"llama": "[Co-Co (band), RCA Records, Speedy Haworth]"}, "201": {"llama": "[Daland Rural District, Turan-e Fars, Iran Standard Time]"}, "202": {"llama": "[Cicagna, Italy, Giuditta Pasta]"}, "203": {"llama": "[Salim-Sulaiman, Wonder Pets, Jennifer Oxley, Go  Baby!, Josh Selig]"}, "204": {"llama": "[English American, Cynthia Ann Parker, Quanah Parker, Herman Lehmann]\n\nThe diameter of this knowledge graph is 3."}, "205": {"llama": "[Kozanaq, Iran, Borj-e Ziad]"}, "206": {"llama": "[1Q84, Alternate history, S. M. Stirling, The Sunrise Lands]"}, "207": {"llama": "[Talisia, Talisia setigera, Ludwig Adolph Timotheus Radlkofer, Paullinia navicularis, Paullinia]"}, "208": {"llama": "[Garage rock, The Rocks Crumble, Corwood Industries]"}, "209": {"llama": "[West Bank, Golan Hermon, Hapoel Ramat Gan, Ronen Harazi]"}, "210": {"llama": "[Fajr Sepasi F.C., Mehrdad Karimian, Pas Hamedan F.C., Mohsen Rabiekhah]"}, "211": {"llama": "[Yusef Deh, Rudboneh Rural District, Kanaf Gurab]"}, "212": {"llama": "[Armadale F.C., David Steele (footballer), Bradford City A.F.C.]"}, "213": {"llama": "[Yaaron Ki Baraat (TV series), India, Kilukil Pambaram]"}, "214": {"llama": "[Mourtala Diakit\u00e9, Mali, Ansongo Cercle]"}, "215": {"llama": "[Tony Knapp, Leicester City F.C., Keith Robson, Norwich City F.C., Shaun Carey]"}, "216": {"llama": "[Insect, Heterogymna, Arthropod, Typhinellus labiatus]"}, "217": {"llama": "[ Ballia, Bhrigu Nath Singh, Aerospace engineering ]"}, "218": {"llama": "[New Mexico, Rolf Cahn, Guitar, Roy Gaines, Chuck Willis]"}, "219": {"llama": "[Exclusive Films, Four Sided Triangle, Maurice Rootes]"}, "220": {"llama": "[Hyena (2014 film), Neil Maskell, Jack Falls]"}, "221": {"llama": "[Anel Raskaj, SFR Yugoslavia, Apatin, \u017divorad Smiljani\u0107]"}, "222": {"llama": "[Trap Niggas, Trap music, Chedda Da Connect, Songwriter, Guitar Pete Franklin]"}, "223": {"llama": "[Los Angeles, Darcy DeMoss, Friday the 13th Part VI: Jason Lives, Paramount Pictures]"}, "224": {"llama": "[Welcome to Sky Valley, Sound City Studios, The Hunter (Mastodon album), Atlanta, Adult Swim]"}, "225": {"llama": "[Li Wie-Xian, Sinocyclocheilus liboensis, Actinopterygii, P\u00e1tzcuaro chub, Chordata, Euphrates softshell turtle, Fran\u00e7ois Marie Daudin]\n\nThe diameter of this knowledge graph is 6."}, "226": {"llama": "[Infomercial, KZAK-LD, United States, Bergen County  New Jersey, Ridgewood  New Jersey, Peter Carlisle]"}, "227": {"llama": "[Rory Keane, Republic of Ireland, Dublin, James Cluskey]"}, "228": {"llama": "[Qaleh-ye Harasam, Kermanshah Province, Hojr Rural District, Elayiyeh]"}, "229": {"llama": "[Ami Dolenz, Micky Dolenz, These Are the Days (TV series), Jackie Earle Haley]"}, "230": {"llama": "[DJ Dahi, The Incredible True Story, Fade Away (Logic song)]"}, "231": {"llama": "[Ontario, Kelly Hoppe, Mr. Chill and The Witnesses, Blues, Wynonie Harris]"}, "232": {"llama": "[Ramesuan (king of Ayutthaya), Ramrachathirat, Intharacha (king of Ayutthaya), Borommarachathirat II, Borommatrailokkanat]"}, "233": {"llama": "[City of London, A1 road (Great Britain), M62 motorway]"}, "234": {"llama": "[Jack McClinton, San Antonio Spurs, Tony Parker, Eva Longoria, Desperate Housewives]"}, "235": {"llama": "[Anthemis arvensis, Asterids, Hebe (plant), Hebe stricta]"}, "236": {"llama": "[Russia, Tycoon (2002 film), Germany, Mathias Surmann]"}, "237": {"llama": "[Modravan, Central District (Baft County), Gonbad-e Mahuiyeh, Kerman Province, Road 91 (Iran), Road 84 (Iran)]\n\nThe diameter of this knowledge graph is 6."}, "238": {"llama": "[Kovel, Ukraine, Lviv Oblast, Hanna Hopko, Peremyshliany Raion]"}, "239": {"llama": "[M\u00f8re og Romsdal, Dalsnibba, Norway, Liberation of Finnmark]"}, "240": {"llama": "[Seattle, Cody Votolato, United States, Texas]"}, "241": {"llama": "[Jay Parini, United States, Clifton Daniel, Manhattan  New York, Bad Girl (Madonna song), Erotica (Madonna album)]"}, "242": {"llama": "[Mr. Soul, Buffalo Springfield Again, Stephen Stills, Atlantic Records, David Crosby, Triad (The Byrds song), V\u00e9ronique Sanson]"}, "243": {"llama": "[Multi-instrumentalist, Sailor & I, Singer, Vetcho Lolas]"}, "244": {"llama": "[Dove Cameron, Washington (state), Marcus Chong, Panther (film), Bokeem Woodbine, Strapped]"}, "245": {"llama": "[Dynamite Duke, Ice Age 2 (video game)]\n\nThe diameter of this knowledge graph is 2."}, "246": {"llama": "[Dee Anthony, Rock music, Walls and Bridges, Number 9 Dream]"}, "247": {"llama": "[Malacoctenus erdmani, Labrisomidae, Starksia lepicoelia, James Erwin B\u00f6hlke, Coralliozetus angelicus, Animal]"}, "248": {"llama": "[Kureh Bolagh, Iran Standard Time, Qeshlaq-e Khanlu]"}, "249": {"llama": "[Home Again! (Doc Watson album), Ralph Rinzler, Studio album, A Question of Time (album), Somethin Els]"}, "250": {"llama": "[Sumatran chocolate tiger, Arthropoda, Insecta, Podalonia hirsuta, Apoidea, Sphecidae, Podalonia]"}, "251": {"llama": "[Sarnia, Duke Harris, Houston Aeros (WHA)]"}, "252": {"llama": "[Derek Sanderson (soccer), Midfielder, Bill Sedgewick, Colorado Foxes, Rafael Amaya (soccer)]"}, "253": {"llama": "[Trans Nation Airways, Addis Ababa, Tafari Benti, Mengistu Haile Mariam, Oromo Peoples' Democratic Organization, Marxism]"}, "254": {"llama": "[ Lake Piva, Montenegro, M-18 highway (Montenegro) ]\n\nThe diameter of this knowledge graph is 2."}, "255": {"llama": "[Central European Summer Time, Manises, Claudio Barrag\u00e1n, Levante UD, Duda (Portuguese footballer), Midfielder, Alvin Fortes]"}, "256": {"llama": "[2, Madvillainy, Madvillain, Madvillainy 2]"}, "257": {"llama": "[Pyotr Kolodin, Soviet Union, Russia, Aleksandr Ilyin (footballer), FC Dynamo Moscow]"}, "258": {"llama": "[Russia, Sadig Dadashov]"}, "259": {"llama": "[Demochroa, Buprestidae, Chalcophlocteis]\n\nThe diameter of this knowledge graph is 2."}, "260": {"llama": "[FC Volendam, Ulrich Wilson, Defender (association football), Lukas J\u00e4ger]"}, "261": {"llama": "[Oleh Skrypka, Schlager, S\u00e4g det med en s\u00e5ng, Benny Andersson, I Have a Dream (song)]"}, "262": {"llama": "[Virginia Shehee, Southern Methodist University, James M. Collins, World War II]"}, "263": {"llama": "[William Yoast Morgan, Arthur Capper, William Howard Thompson, Democratic Party (United States)]"}, "264": {"llama": "[Noel C. Taylor, World War II, Josef Karl, German Army (Wehrmacht), Klaus H\u00e4berlen]"}, "265": {"llama": "[Sheikh Rajab Ali, Gilgit, Pakistan, Kamran Akmal]"}, "266": {"llama": "[Dancing in the Street (album), Goin' Latin, Ramsey Lewis, An Hour with the Ramsey Lewis Trio]"}, "267": {"llama": "[United States, Canton (village) New York, North American Eastern Time Zone]"}, "268": {"llama": "[Otto H\u00f6nigschmid, Austria-Hungary, Wilhelm Dilthey, Hans-Georg Gadamer, Germany, D\u00fcsseldorf, Klaus Allofs]"}, "269": {"llama": "[87th Indiana Infantry Regiment, United States, The Walkmen, You & Me (The Walkmen album), Fierce Panda]"}, "270": {"llama": "[Garlan, France, David Vendetta]"}, "271": {"llama": "[Elizabeth I of England, Eighty Years' War, County of Flanders, Philip the Good]"}, "272": {"llama": "[Fatspine spurdog, Chordate, Animalia, Adelpherupa albescens]"}, "273": {"llama": "[Odense BK, Richard M\u00f8ller Nielsen, B 1909]"}, "274": {"llama": "[Alen Ma\u0161ovi\u0107, List of Serbian football transfers summer 2016, Neboj\u0161a Vukoji\u010di\u0107, FK Sloga Kraljevo, Milan Dudi\u0107, Sturm Graz]"}, "275": {"llama": "[Hapoel Tzafririm Holon F.C., Florin Constantinovici, FC Politehnica Timi\u0219oara, Marius Bila\u0219co]"}, "276": {"llama": "[Mazraeh-ye Shahid Chamran, Iran, Pa Baz, Ghazali Rural District]"}, "277": {"llama": "[Amblans-et-Velotte, Franche-Comt\u00e9, France, Haute-Sa\u00f4ne]"}, "278": {"llama": "[Journalist, Lasantha Wickrematunge, Law]"}, "279": {"llama": "[Wie vor Jahr und Tag, Reinhard Mey, Berlin, Germany]"}, "280": {"llama": "[Jeotgalicoccus coquinae, Bacteria, Actinomycetales, Nocardioides ginsengisoli]"}, "281": {"llama": "[No Compromise, Album, Piano in the Background, Duke Ellington]"}, "282": {"llama": "[Dhankuta, Dhankuta District, Nepal, Marwari language]"}, "283": {"llama": "[Ghost Town DJ's, So So Def Recordings, Baby Makin' Project, Contemporary R&B, Christmas Gift (EP), Alexandra Burke, Heartbreak on Hold, RCA Records, Will Young]"}, "284": {"llama": "[Henry Fielding, John Fowles, Susanna Clarke]"}, "285": {"llama": "[Helga Anders, Tattoo (1967 film), Johannes Schaaf, Trotta (film), Maximilian Schell]"}, "286": {"llama": "[G. K. Venkatesh, Aasha (1983 film), Shashikumar, Edurmaneli Ganda Pakkadmaneli Hendthi]"}, "287": {"llama": "[Doliops basilana, Animal, Eurema mandarinula, Lepidoptera]"}, "288": {"llama": "[Jeffrey Luck Lucas, Gary Indiana, Ted Karras Sr., Los Angeles Rams, Sean Landeta, Punter (American football), Bryan Barker]"}, "289": {"llama": "[Art\u00e9s, Spain, Nacho Mart\u00ednez]"}, "290": {"llama": "[Ernst Kozlicek, SK Sturm Graz, Austria, Fendels]"}, "291": {"llama": "[Trillium cernuum, Flowering plant, Hieracium villosum, Hieracium]"}, "292": {"llama": "[Cheo Hurtado, Musician, D. Scott Rogo, Los Angeles]"}, "293": {"llama": "[Futabayama Sadaji, Japan, Minmi, Hip hop music, Silkski]"}, "294": {"llama": "[One Voice (Barbra Streisand album), Pop (music), Contemporary Christian Music, More (Crystal Lewis album)]"}, "295": {"llama": "[Insect, Austromusotima metastictalis, Crambidae, Pyrausta furvicoloralis, Oxycera pygmaea, Oxycera, Stratiomyinae, Odontomyia tigrina]\n\nThe diameter of this knowledge graph is 7."}, "296": {"llama": "[Eucalyptus tricarpa, Plantae, Eucalyptus youmanii]"}, "297": {"llama": "[Devil Dogs of the Air, Pat O'Brien (actor), Warner Bros., Act One (film), Arthur J. Ornitz, Badge 373]"}, "298": {"llama": "[Niederviehbach, Dingolfing-Landau, Germany, Cochem-Zell, Panzweiler]"}, "299": {"llama": "[Just Good Friends (song), Epic Records, The Day (Babyface album), MTV Unplugged NYC 1997]"}, "300": {"llama": "[University of Edinburgh, Doug Naysmith, Yale University]"}, "301": {"llama": "[Jaroslav Timko, Czechoslovakia national football team, Tom\u00e1\u0161 St\u00fapala, Bratislava]"}, "302": {"llama": "[50th Battalion (Calgary) CEF, Battle of Lens, George Edwin Ellison]"}, "303": {"llama": "[Harlington Shereni, En Avant Guingamp, Christophe Lestrade, Bordeaux]"}, "304": {"llama": "[Giuseppe Patroni Griffi, Italy, Pigra]"}, "305": {"llama": "[Alberto Eliani, Udinese Calcio, Alem\u00e3o (footballer  born 1989)]\n\nThe diameter of this knowledge graph is 2."}, "306": {"llama": "[Alternate Empires, Gregory Benford, Alternate Americas, Alternate Wars]"}, "307": {"llama": "[Eminem, Purple Pills, Jeff Bass, Athan Hilaki]"}, "308": {"llama": "[Ali Shaheed Muhammad, Brown Sugar (D'Angelo album), Contemporary R&B, Hard II Love, Rivals (Usher song)]"}, "309": {"llama": "[Gladiators Seven, Tony Russel, War of the Planets (1966 film), Film, Icon Productions, The Iron Lady (film), Thomas Newman]"}, "310": {"llama": "[Arthropod, Aphelinus mali, Botryoideclava]"}, "311": {"llama": "[Associa\u00e7\u00e3o Atl\u00e9tica Ponte Preta, Som\u00e1lia (footballer  born 1984), Defender (association football), Neil Cox (footballer), Middlesbrough F.C.]"}, "312": {"llama": "[Ulrike Maier, Bavaria, Totnansberg]\n\nThe diameter of this knowledge graph is 3, and the path representing this diameter is from Ulrike Maier to Totnansberg, passing through Bavaria."}, "313": {"llama": "[Carlo Giovanardi, Modena, Isabella d'Este  Duchess of Parma, Maria Caterina Farnese, Maria d'Este]"}, "314": {"llama": "[China, Longtan Dam, Guangxi, Xiang Chinese]"}, "315": {"llama": "[Rock music, Political Science (song), Lenny Waronker, Rainy Day People]"}, "316": {"llama": "[Once Again It's Christmas, Warner Music Nashville, Footloose (soundtrack), Slash Records, Copperopolis (album)]"}, "317": {"llama": "[Album, Cloudland (album), Post-punk]"}, "318": {"llama": "[Ojc\u00f3w Castle, Lesser Poland Voivodeship, Zygodowice, Village, Urbanki]"}, "319": {"llama": "[Mark Scott (actor), Burbank  California, Walt Disney Animation Studios, Film industry, Broken Wall Films]"}, "320": {"llama": "[Casey Affleck, Joaquin Phoenix, Ladder 49, Walt Disney Studios Motion Pictures]"}, "321": {"llama": "[Oakland California, Seasick Steve, Sonic Soul Surfer, Hubcap Music]\n\nThe diameter of this knowledge graph is 3."}, "322": {"llama": "[Erftstadt, Carl Schurz, Pontiac  Michigan, Gary Peters (politician)]"}, "323": {"llama": "[Christopher Zanella, Waldshut-Tiengen, Karl-Friedrich Merten, Niobe (schooner)]"}, "324": {"llama": "[Huacaraje, Huacaraje Municipality, It\u00e9nez Province, Magdalena Municipality  Beni]"}, "325": {"llama": "[Yvon Goujon, Stade Rennais FC, Fran\u00e7ois Grenet, FC Girondins de Bordeaux, Nicolas Pallois]"}, "326": {"llama": "[Vijay C Chakravarthy, Parugu, Allu Arjun, Desamuduru, Puri Jagannadh]"}, "327": {"llama": "[Malvales, Phaleria perrottetiana, Angiosperms]"}, "328": {"llama": "[Clube Atl\u00e9tico Penapolense, Francismar Carioca de Oliveira, Kawasaki Frontale, Kyohei Sugiura, List of Japanese football transfers winter 2014\u201315]"}, "329": {"llama": "[Phytophthora medicaginis, Incertae sedis, Hoplestigma pierreanum, Hoplestigma]"}, "330": {"llama": "[Busan IPark, Kim Tae-young (footballer born 1982), Songkhla United F.C.]"}, "331": {"llama": "[Silesia, Horst Weigang, East Germany national football team, Ulf Kirsten, Germany national football team]"}, "332": {"llama": "[Ashgabat, Wladimir Ba\u00fdramow, Turkmen SSR, Yelena Bonner, United States]"}, "333": {"llama": "[2, Yevgeni Tyukalov, FC Infonet, Konstantin Nahk]"}, "334": {"llama": "[Insect, Gazoryctra, Gazoryctra confusus, Eukarya]"}, "335": {"llama": "[URS Corporation, Construction, Hip Hing Construction, NWS Holdings, People's Republic of China]"}, "336": {"llama": "[Phytophthora phaseoli, Incertae sedis, Piprites]"}, "337": {"llama": "[Paul Pressler (Texas), Democratic Party (United States), Kip Holden, Southern University, Marcus Hunter]"}, "338": {"llama": "[Erigeron aphanactis, Eudicots, Zanthoxylum oahuense]\n\nThe diameter of this knowledge graph is 2."}, "339": {"llama": "[2/2nd Commando Squadron (Australia), Bernard Callinan, Gordon Macready]"}, "340": {"llama": "[Azazel: Book of Angels Volume 2, Album, Riding High (Chilliwack album)]"}, "341": {"llama": "[Championship Wrestling (video game), Fighting game, Viewtiful Joe: Red Hot Rumble, PlayStation Portable, Sony Interactive Entertainment]"}, "342": {"llama": "[Manushya Mrugam (1980 film), Baby (director), Sapthaswaragal, Thikkurissi Sukumaran Nair, Madhuram Thirumadhuram]"}, "343": {"llama": "[Scott Michael Campbell, Montana, Scobey  Montana, Coronach/Scobey Border Station Airport, Saskatchewan, Clark Gillies, Edmonton Oilers]"}, "344": {"llama": "[Justine Lumumba Kasule, Kampala, Simon Lokodo, LGBT rights]"}, "345": {"llama": "[India, Ranjith (actor), Thambikku Indha Ooru, Badri (director)]"}, "346": {"llama": "[Rosalind Cash, Melinda (film), Lonne Elder III, Americus  Georgia, Hugh Carter, Plains  Georgia]"}, "347": {"llama": "[Abel Gigli, Parma F.C., 2007\u201308 Parma F.C. season, 2007\u201308 Serie A, 2007\u201308 A.C. Milan season, 2008\u201309 A.C. Milan season]"}, "348": {"llama": "[2, Palestinian Haitians, Islam, Cel\u00e2l Bayar]"}, "349": {"llama": "[Angiosperms, Bromus arizonicus]"}, "350": {"llama": "[NBC, Maya (TV series), MGM Television, A Man Called Shenandoah]"}, "351": {"llama": "[Keshit  Kerman, Iran Standard Time, Dehnow-ye Fatemeh Barat]"}, "352": {"llama": "[Scottish-Indian, Irish Indians, Catholicism, Anne M. Gannon, Barry University, Troy Edwards (soccer), United States]"}, "353": {"llama": "[Massachusetts Institute of Technology, Joel Moses, Marvin Minsky]"}, "354": {"llama": "[Frozen (Tami Chynn song), SRC Records, Push (Pharoahe Monch song), Pharoahe Monch, Internal Affairs (album), Rape (song), Shabaam Sahdeeq]\n\nThe diameter of this knowledge graph is 6."}, "355": {"llama": "[Ottavio Alessi, A Woman Alone (1956 film), Ettore Manni, La Bidonata, Luciano Ercoli, Nieves Navarro, Emanuelle and the Last Cannibals, Donald O'Brien (actor)]"}, "356": {"llama": "[Charlotte Rae, Milwaukee  Wisconsin, John W. Reynolds Jr., Democratic Party (United States)]\n\nThe diameter of this knowledge graph is 4."}, "357": {"llama": "[Dynasty (TV series), Paul Jenkins (actor), Dead Run (The Twilight Zone), Brent Spiner]"}, "358": {"llama": "[55th Illinois Volunteer Infantry Regiment, Battle of Shiloh, American Civil War, Siege of Vicksburg, 15th Arkansas Infantry Regiment (Northwest), Battle of Pea Ridge, Sterling Price]"}, "359": {"llama": "[Valeri Aleksandrovich Sorokin, FC Spartak Kostroma, Stanislav Khan, FC Torpedo Armavir]"}, "360": {"llama": "[Lu\u00eds Pimenta, C.F. Uni\u00e3o de Coimbra, S.C. Beira-Mar, Milton Mendes, A.D. Camacha]\n\nThe diameter of this knowledge graph is 4."}, "361": {"llama": "[Pandan cake, Singapore, Tan Wu Meng]"}, "362": {"llama": "[Flowering plant, Hibiscadelphus woodii, Malvales, Parashorea, Parashorea globosa]"}, "363": {"llama": "[Animal, Hypocoela tornifusca, Insect]"}, "364": {"llama": "[Drew McWeeny, John Carpenter's Cigarette Burns, Fair-Haired Child, Matt Greenberg]"}, "365": {"llama": "[Adrien Ren\u00e9 Franchet, Strophanthus thollonii, Plant, Hemandradenia mannii]"}, "366": {"llama": "[Vasili Kulkov, FC Alania Vladikavkaz, Thiago Maciel, Brazil, Waldemar de Brito, S\u00e3o Paulo FC]"}, "367": {"llama": "[Monroe  Iowa, Iowa, United States, Rancocas Farm, Thoroughbred horse racing]"}, "368": {"llama": "[Animal, Arthropod, Cladomyrma, Hymenoptera, Cataulacus]"}, "369": {"llama": "[Chordata, Scopoli's shearwater, Animalia, Bolivian brush finch, Passeriformes]"}, "370": {"llama": "[Emblemariopsis randalli, Perciformes, Atrosalarias, Atrosalarias holomelas]\n\nThe diameter of this knowledge graph is 3."}, "371": {"llama": "[FC Homburg, Ragnar Margeirsson, Iceland, Reykjav\u00edk, Au\u00f0ur J\u00f3nsd\u00f3ttir]"}, "372": {"llama": "[Doug Collins (footballer), Sunderland A.F.C., Ronald Brebner, Chelsea F.C., Marco Ambrosio]"}, "373": {"llama": "[Valentinus (Gnostic), Saint Valentine, Grimacco, Province of Udine, Pulfero, Friuli-Venezia Giulia, Capriva del Friuli, Francesca Marsaglia]"}, "374": {"llama": "[Neuhausen am Rheinfall, Thomas Minder, Swiss People's Party, Jean-Fran\u00e7ois Rime]"}, "375": {"llama": "[Valdivia River, Argentina, Buenos Aires, La Boca, La Bombonera, Boca Juniors]"}, "376": {"llama": "[D.Don, Lilium nepalense, Plantae, Lilium, Lilium longiflorum]\n\nThe diameter of this knowledge graph is 4."}, "377": {"llama": "[Music Corporation of America, Copperhead Road, Country]"}, "378": {"llama": "[England, John Hanson Community School, Mixed-sex education, Lakewood High School (Florida), Louis Murphy]"}, "379": {"llama": "[Epic Records, The Darling Buds, Native Records]"}, "380": {"llama": "[The Giant Gila Monster, Joel Robinson, Mitchell (film), Jerry Styner, Pajama Party (film), James H. Nicholson]"}, "381": {"llama": "[Deutsche Schule Lissabon, Lisbon, Miguel Lopes, FC Porto]"}, "382": {"llama": "[Hereford United F.C., Keith Fear, Bristol City F.C.]"}, "383": {"llama": "[Leslie Orme Wilson, John Lavarack, Francis Davies (British Army officer), Richard Ernest William Turner, L\u00e9gion d'honneur, Louis Bl\u00e9riot]"}, "384": {"llama": "[Ryo Nagamatsu, New Super Mario Bros. Wii, Takashi Tezuka, The Legend of Zelda: Majora's Mask]\n\nThe diameter of this knowledge graph is 3."}, "385": {"llama": "[West Somerset, British Summer Time, Arun, River Arun, West Sussex, Southwater railway station]"}, "386": {"llama": "[Suplacu de Barc\u0103u, Romania, Criciova, Social Democratic Party (Romania)]"}, "387": {"llama": "[Neftchi Farg'ona, Nagmetulla Kutibayev, Forward (association football), Nehemia Solossa]"}, "388": {"llama": "[Partho Ghosh, Jeevan Yudh, Ek Rishtaa: The Bond of Love, Raakhee]"}, "389": {"llama": "[Chahar Hadd, Iran, Katamak  Hirmand]\n\nThe diameter of this knowledge graph is 2, and one of the paths that represent this diameter is from Chahar Hadd to Katamak  Hirmand via Iran."}, "390": {"llama": "[Anthocharis sara thoosa, Insect, Crambidae, Talanga iridomelaena]"}, "391": {"llama": "[Chordata, Australian sprat, Clupeidae, Clupeiformes, Anchovy]"}, "392": {"llama": "[\u00dcnal Alpu\u011fan, Midfielder, Pl\u00e1cido Galindo, Universitario de Deportes]"}, "393": {"llama": "[Podlehnik, Central European Summer Time, Igalo, Montenegro]"}, "394": {"llama": "[Dermateaceae, Diplocarpon, Ascomycetes, Rhabdocline]"}, "395": {"llama": "[Biscayne Point, Eastern Time Zone, Saint-Pierre-de-Broughton  Quebec]"}, "396": {"llama": "[Arkansaw Wisconsin, Wisconsin, LaVern Dilweg, Milwaukee, Marquette University College of Engineering, Urban area, Bradley University, Robin Kelly]"}, "397": {"llama": "[Spread (food), Tirokafteri, Chili pepper, Menudo (soup)]"}, "398": {"llama": "[Rural Districts of Iran, Soltaniyeh Rural District, Mihman-e Shahr Soltaniyeh, Jegh Jegh, Kalateh-ye Mian]"}, "399": {"llama": "[Elizabeth Davis (7 Year Bitch), Punk rock, The Adverts, Crossing the Red Sea with The Adverts]"}, "400": {"llama": "[Poales, Vriesea longicaulis, Vriesea, Vriesea pereirae]"}, "401": {"llama": "[Klesiv, Rivne Oblast, Rokytne Raion  Rivne Oblast, Rokytne  Rivne Oblast, Viktoriya Yermolyeva]"}, "402": {"llama": "[Josef Hladk\u00fd, Czechoslovakia, Martin Proh\u00e1szka]"}, "403": {"llama": "[Eudicots, Trichostema ovatum, Trichostema]"}, "404": {"llama": "[Zilayi Rural District, Iran, Iran Standard Time, Lal-e Mina]"}, "405": {"llama": "[Authority Zero, Atlantic Records, Save You (Simple Plan song), Simple Plan]\n\nThe diameter of this knowledge graph is 3."}, "406": {"llama": "[Jennifer Rowe, The Isle of Illusion]"}, "407": {"llama": "[Horace Rice, Australia, Ethel Pedley]"}, "408": {"llama": "[German School of Guayaquil, Ecuador, Gal\u00e1pagos Islands, Floreana Island]"}, "409": {"llama": "[Lansdale Pennsylvania, Pennsylvania Route 63, Huntingdon Valley Pennsylvania]"}, "410": {"llama": "[Robot Chicken: Star Wars Episode II, Mike Fasolo, The High Fructose Adventures of Annoying Orange, Rachel Bloom]"}, "411": {"llama": "[Chinese people, Li Bin (diplomat), Kim Il-sung University, Choe Yong-rim]"}, "412": {"llama": "[Mithun Chakraborty, Aadmi (1993 film), Ajit Khan, Suraj (1966 film)]"}, "413": {"llama": "[Pinaki Misra, Indian National Congress, Darshan Singh Pheruman, Amritsar, Sawaare Sabke Sapne... Preeto]"}, "414": {"llama": "[Siluck Saysanasy, Laos, Kittiratt Na-Ranong]"}, "415": {"llama": "[FC St. Pauli, Marco Stier, Hallescher FC, Francky Sembolo, Holstein Kiel, Max Christiansen]"}, "416": {"llama": "[Leo Kottke, Time Step (album), Chrysalis Records, T'ain't What You Do (It's the Way That You Do It)]"}, "417": {"llama": "[Sancho II of Portugal, Kingdom of Castile, Urraca of Le\u00f3n, Salda\u00f1a de Burgos]"}, "418": {"llama": "[Charles Moffatt Jenkinson, Birmingham, Argentina, Wipeout (2009 Australian game show), Josh Lawson, Sea Patrol]"}, "419": {"llama": "[Galway United F.C. (1937\u20132011), Ian Foster (footballer), Craig Reid (footballer  born 1985), Aldershot Town F.C., Jake Cole]"}, "420": {"llama": "[Brickellia oreithales, Eudicots, Salsola]"}, "421": {"llama": "[Chah Mir  Hormozgan, Ahmadi Rural District, Qalandari  Hajjiabad, Ahmadi District]"}, "422": {"llama": "[2014\u201315 Oxford United F.C. season, Football League Two, 2004\u201305 Swansea City A.F.C. season, 2003\u201304 Swansea City A.F.C. season]"}, "423": {"llama": "[Daniel Rossen, Los Angeles, George Marshall (director), Life Begins at 40 (film), Thomas Beck (actor)]"}, "424": {"llama": "[Lucia Palacios, Cloven Hoofed, Dietmar Post, Play Loud! Productions]"}, "425": {"llama": "[Living in Style, Korean language, The Winter's Tale (EP), Cube Entertainment, Beast Is the B2ST]"}, "426": {"llama": "[Cizeta, Giorgio Moroder, Danger Zone (song), Columbia Records]"}, "427": {"llama": "[Oakhurst California, Lori Martin, Cape Fear (1962 film), Martin Balsam, Voices in the Earth, Jenny Agutter, China 9  Liberty 37, Giuseppe Rotunno, Red Sonja (film)]"}, "428": {"llama": "[George Arliss, Disraeli (1929 film), Lee Garmes]"}, "429": {"llama": "[Tokyo Express, Battle of Cape Esperance, Charles McMorris, World War II]"}, "430": {"llama": "[CMLL 70th Anniversary Show, Arena M\u00e9xico, Consejo Mundial de Lucha Libre, CMLL 71st Anniversary Show]"}, "431": {"llama": "[Popular Front for the Liberation of Palestine, Palestinian Legislative Council, Democratic Front for the Liberation of Palestine]"}, "432": {"llama": "[Ornontowice, Poland, W\u0105dro\u017ce Wielkie]"}, "433": {"llama": "[ Alectryon repandodentatus, Plantae, Nasa jungifolia ]"}, "434": {"llama": "[Herbert Druce, Josia frigida, Lepidoptera, Elachista apina]"}, "435": {"llama": "[Jim Marshall (Georgia politician), Princeton University, Georgina Sherrington, London, Jaime Winstone, Dead Set]"}, "436": {"llama": "[Clarinetist, Theo J\u00f6rgensmann, Hathut Records]"}, "437": {"llama": "[Albion Michigan, Jerome D. Mack, Karen Mack, Russell Goldsmith]"}, "438": {"llama": "[Altaussee, Philipp Bouhler, National Socialist German Workers' Party, William Joyce]"}, "439": {"llama": "[Antofalla, Andes, Huayna Potos\u00ed, Bolivia]"}, "440": {"llama": "[Friedrich Lindenberg, Operation Barbarossa, August Koch]"}, "441": {"llama": "[Dead Man's Party (Buffy the Vampire Slayer), Anne (Buffy the Vampire Slayer episode), Kristine Sutherland, Restless (Buffy the Vampire Slayer), Seth Green]"}, "442": {"llama": "[Contenders (song), Virgin Records, Nothing Changes Around Here]"}, "443": {"llama": "[Soviet Union, Andriy Tovt, MFC Mykolaiv]"}, "444": {"llama": "[The Eighties (miniseries), CNN, Jake Tapper, Jonathan Karl]"}, "445": {"llama": "[Chromodoris willani, Animal, Arthropod, Cychrus, Cychrus attenuatus]"}, "446": {"llama": "[Depressariidae, Arthropod, Animal, Siebenrockiella, Cryptodira, Cyclemys]"}, "447": {"llama": "[Dana Howard (American football), Chicago Bears, Paul Edinger, Pittsburgh Power]"}, "448": {"llama": "[DXMF, News, Redding News Review, Rob Redding, Lewis Gordon]"}, "449": {"llama": "[Khushi (2003 Kannada film), Avinash, Doddmane Hudga, Srinivasa Murthy]"}, "450": {"llama": "[Dino Stamatopoulos, TV Funhouse, Saturday Night Live, Sports Show with Norm Macdonald]"}, "451": {"llama": "[Wilhelm Brasse, Poland, Lost Soul (band), Azarath (band)]"}, "452": {"llama": "[Politician, Felipe Amoedo, Buenos Aires]"}, "453": {"llama": "[The 1976 Annual World's Best SF, Jack Gaughan, Escape!, Magazine]"}, "454": {"llama": "[The Crazy Companies, Andy Lau, Philips Records, Seasons in the Sun, Jacques Brel]"}, "455": {"llama": "[Rockwell Kent, Lenin Peace Prize, Oscar Niemeyer, Pritzker Prize]"}, "456": {"llama": "[Debbi Morgan, Color of the Cross, 20th Century Fox, Conan the Barbarian (1982 film), Buzz Feitshans, Color of Night]"}, "457": {"llama": "[The Pirates Who Don't Do Anything: A VeggieTales Movie, Alan Lee (illustrator), Lavondyss, Yamirukka Bayamen (TV series)]"}, "458": {"llama": "[John Butler (musician), Maton, Quincy Mumford]"}, "459": {"llama": "[Stanislav Kitto, FK R\u012bga, P\u0101vels Doro\u0161evs, List of Azerbaijan football transfers summer 2012, Bronislav \u010cervenka, Czech Republic national under-21 football team]"}, "460": {"llama": "[Allan McDonald (Australian politician), Australia, Wangaratta, Isobelle Carmody]"}, "461": {"llama": "[Wiesbaden, Carl Remigius Fresenius, University of Gie\u00dfen, Viktor von Lang]"}, "462": {"llama": "[Qazanlu, West Azerbaijan Province, Kakusan]"}, "463": {"llama": "[Henrik Ibsen, A Master Builder, Andre Gregory]"}, "464": {"llama": "[Bob Denard, French Navy, Embraer EMB 121 Xingu, Brazil]"}, "465": {"llama": "[Gene Harris, Boise  Idaho, Brett Nelson, Butterfly Train, Up Records, Mocket]"}, "466": {"llama": "[Holcobius hawaiiensis, Arthropod, Selina (genus), Adephaga]"}, "467": {"llama": "[MIGI Clothing, Subsidiary, Mavic, France, Bosgu\u00e9rard-de-Marcouville]"}, "468": {"llama": "[1928-29 SK Rapid Wien season, Eduard Bauer, 1930-31 SK Rapid Wien season, Pfarrwiese, 1941\u201342 SK Rapid Wien season]"}, "469": {"llama": "[Breakbeat Era, Drum and bass, Six60, Purple (Six60 song)]"}, "470": {"llama": "[Giuseppe Orlandini, Florence, Benedetto Ghiglia, To Forget Venice]"}, "471": {"llama": "[Shahsavan Kandi Rural District, Susan Naqin, Iran, Hormozgan Province, Chang  Iran, Central District (Bandar Lengeh County)]"}, "472": {"llama": "[Virovitica, Croatia, Tomislav Iv\u010di\u0107]"}, "473": {"llama": "[Stade Briochin, Michel Rio (footballer), EA Guingamp, Mathieu Scarpelli]"}, "474": {"llama": "[Joseph Patrick Moore, Jazz, Jimmie Spheeris]"}, "475": {"llama": "[Andrew Julius, Hertford Town F.C., Dave McEwen, London Borough of Hackney]"}, "476": {"llama": "[Research and Development, Digital Surf, Private company, Feinwerkbau]\n\nThe diameter of this knowledge graph is 3."}, "477": {"llama": "[Shigeko Higashikuni, Japan, Sunao Kasahara, Grulla Morioka]\n\nThe diameter of this knowledge graph is 4."}, "478": {"llama": "[Ruby Wax, Ed Bye, Hammersmith]"}, "479": {"llama": "[William O'Connell Bradley, James B. McCreary, Cumberland University]"}, "480": {"llama": "[OFC Nesebar, Ivan Tsachev, PFC Spartak 1918, Emmanuel Baba]"}, "481": {"llama": "[Qaleh Emam, Iran, Basadi-ye Hajj Barun]"}, "482": {"llama": "[England, Goddard Lieberson, Manhattan  New York, Andrew Gross]"}, "483": {"llama": "[Mississippi mud pie, Dessert, Conversation tart, J\u00e9suite]"}, "484": {"llama": "[Amazing Stories (TV series), Anthology series, The Nightmare Room, Adventure]"}, "485": {"llama": "[Belgium national under-15 football team, Nabil Jaadi, Morocco national under-17 football team, Karim Achahbar, France]"}, "486": {"llama": "[Lu Tien-ling, Democratic Progressive Party, Hsu Hsin-liang, Huang Shin-chieh, Taiwan under Japanese rule, Chang Po-ya]"}, "487": {"llama": "[Danville  Illinois, Jerry Van Dyke, Annabelle's Wish, We Wish You a Merry Walrus, Brian Cummings]"}, "488": {"llama": "[Chevrolet TrailBlazer, Rear-wheel drive, Buick Rainier, Buick Envision]"}, "489": {"llama": "[Songwriter, Chris DeStefano, Come Through for You]"}, "490": {"llama": "[Omidiyeh  Isfahan, Ardestan County, Iran Standard Time]"}, "491": {"llama": "[M. B. Sreenivasan, Anantaram, Ashokan (actor), Peruvazhiyambalam]"}, "492": {"llama": "[Andrew Theophanous, University of Melbourne, David Warren (inventor), University of Sydney, Derek Muller, Los Angeles]"}, "493": {"llama": "[The diameter of this knowledge graph is 3, and one of the paths that represent this diameter is [Lincoln County  North Carolina, Mary Anna Jackson, Stonewall Jackson, Battle of Chantilly].]"}, "494": {"llama": "[William Jackson Hooker, Liatris punctata, Plantae, Chamaeanthus, Epidendroideae]"}, "495": {"llama": "[Chinese history, \u00c9douard Chavannes, Paul Demi\u00e9ville, French people]"}, "496": {"llama": "[James Wilson (New Zealand politician  born 1849), Hawick, Hawick Royal Albert F.C., Willie MacFarlane (footballer  born 1930), Livingston F.C.]"}, "497": {"llama": "[Como, Giuseppe Ambrosoli, Lira Uganda, Sam Engola, Politics]"}, "498": {"llama": "[Laura Betti, Casalecchio di Reno, Unipol Arena] or [List of twin towns, Casalecchio di Reno, Unipol Arena] or [Laura Betti, Casalecchio di Reno, List of twin towns] or [Italy, Casalecchio di Reno, Unipol Arena] or [Italy, Casalecchio di Reno, List of twin towns]\n\nThe diameter of this knowledge graph is 2."}, "499": {"llama": "[Malcolm Greene Chace, Central Falls  Rhode Island, Daniel Littlefield, North Kingstown  Rhode Island]"}}