{"0": {"gemma": "[Veronica Garcia, Katherine Brennan, Angel Chavez, Steven Martin, Brett Johnson, Julia Dominguez, Rachel Mitchell]"}, "1": {"gemma": "[Michelle Nelson, Kevin Brooks, Eric Davis]"}, "2": {"gemma": "[Briana Bush, Jeffery Sanford, Christopher Decker, Mark Johnson, Shawn Grant]"}, "3": {"gemma": "[Monica Watkins, Cheryl Ellis, Brandon Klein, Dr. Nicholas Fleming DDS, Sarah Garza, Samantha Dickerson]"}, "4": {"gemma": "[Carolyn Hall, Judith James, Russell Russell, Jessica Alexander, Curtis Meza, Anne Cooper, Roger Martin]"}, "5": {"gemma": "[Jessica Sullivan, Valerie Patrick, Kathryn Castillo, Chad Stewart, Shelly White, Kendra Miller]"}, "6": {"gemma": "[Elizabeth Davenport, Thomas Duncan, Rebekah Brooks]"}, "7": {"gemma": "[Shelby Saunders, Robin Gray, Christina Marshall, Greg Kirk, Kelsey Doyle, Edward Tucker, Mrs. Jessica Moore, Dr. Bailey Thompson, Susan Cole, Stephen Edwards, Kimberly Brown, Jennifer Roy, William Chen, Isabella Pratt]"}, "8": {"gemma": "[Kristi Morris, Michael Schwartz, Diane Humphrey, Tricia Wall, Daniel Rosario]"}, "9": {"gemma": "[David Jones, Melanie Santiago, Renee Mitchell, Tanya Sanchez, Zachary Weber, Haley Dawson]"}, "10": {"gemma": "[Joshua Thomas, Rachel Frank, Michael Johnson, John Schultz, Morgan Barnes, Savannah Johnson, Jonathan Gonzalez, James Bowers]"}, "11": {"gemma": "[Carl Robinson, Kevin Bowen, Guy Gonzalez, Jason Salinas, Vincent Martinez, Rebecca Murray, Dr. Olivia Juarez, Justin Henry]"}, "12": {"gemma": "[Margaret Morris, Barbara Garcia MD, Michael Hernandez, Natasha Robinson, Deborah Bates, Dominique Rodriguez]"}, "13": {"gemma": "[Dr. Elizabeth Sullivan, Brian Wright, Haley Berry, Derek Morales]"}, "14": {"gemma": "[Robert Bell, Patrick Hoffman, Miss Heather Ware, Ashley Williams, Stephanie Collier]"}, "15": {"gemma": "[Joseph Bowman, Jamie Garcia, Marilyn Simmons, Shelley Jones, Michael Stevens, Troy Butler]"}, "16": {"gemma": "[Ronald Cervantes, Mr. Matthew Christian, Paul Davis, Courtney Willis, Jeffery Smith, Karen Lee]"}, "17": {"gemma": "[Kelsey Elliott, Jose Alexander, Susan Greene, Matthew Ball, Patrick Higgins, Richard Conrad, Michael Young, Derrick Jackson Jr.]"}, "18": {"gemma": "[Glenn Young, Crystal Campbell, Anna Green, Eric Coleman]"}, "19": {"gemma": "[Juan French, Dawn Doyle, Todd Kramer, Tracy Bauer, Theresa Casey]"}, "20": {"gemma": "[Cynthia Kirk, Jack Alexander, Jordan White, Christina Li, Maurice Miller]"}, "21": {"gemma": "[John Brown, Yvonne Bailey, Gregory Harper, Brandon Mendez, Hannah Dean]"}, "22": {"gemma": "[Heather Barrett, Wendy Williams, Zachary Potter, Amy Watson]"}, "23": {"gemma": "[Heidi Kennedy, Joseph Martinez, Robert Mullins, Kristen Gutierrez, Mitchell Roberts]"}, "24": {"gemma": "[Jonathan Santiago, Kristen Gardner, Daniel Jenkins]"}, "25": {"gemma": "[Christopher Williams, Elizabeth Jones, Courtney Mckinney, Nathan Lester, Lauren Phillips, Maria Lam, Joseph Gilmore, William Mayo, Michael Travis, Alyssa Johnson, Nicholas Atkins]"}, "26": {"gemma": "[Steven Mills, Derek Payne, Caitlin Bond]"}, "27": {"gemma": "[Mary Reynolds, Bryan Smith, Katelyn Watson, Michelle Walker]"}, "28": {"gemma": "[Lisa Henry, Michael Lee]"}, "29": {"gemma": "[Andrew Williams, Jennifer Andrews, Melissa Hill]"}, "30": {"gemma": "[Mark Thompson, Jill Brady, Jonathan Browning]"}, "31": {"gemma": "[Susan Moreno, Justin Washington, James Kline, Jessica Crane, Cameron Russell]"}, "32": {"gemma": "[Monica Stokes, Amber Andrews, Kenneth Powell, Gloria Galvan]"}, "33": {"gemma": "[Sarah Estrada, Brianna Anderson]"}, "34": {"gemma": "[Jasmine Quinn, Eric Miller, Amber Nelson, Andrew Evans, Michael Thompson]"}, "35": {"gemma": "[Lisa Boone, Tiffany Martinez, Kelly Carpenter, Brittany Hughes, Patricia Sullivan]"}, "36": {"gemma": "[Logan Sosa, Kathleen Murray, Frank Ford, Alyssa Arnold, Brian Liu, William Powell]"}, "37": {"gemma": "[Laura Obrien, Lori Cohen, Kyle Estrada, Julie Frazier, Luis Webb, Andrea Miller MD, Tiffany Mcdonald, Jeff Smith]"}, "38": {"gemma": "[Amy Garcia, Scott Herrera, Meagan Pierce]"}, "39": {"gemma": "[Randy Cook, Jessica Martinez, Lisa Hernandez, Michael Patrick, Adam Gross]"}, "40": {"gemma": "[Cole Thompson, Mrs. Karen Anderson, Jason Morales, Darius Stevens, Jamie King, Patricia Cameron, Corey Carter, Andrea Willis]"}, "41": {"gemma": "[William Walker, Tracy Brady, Michelle Gonzalez, Kimberly Le, Lauren Griffith, Madeline Wiggins]"}, "42": {"gemma": "[Lynn Weaver, Blake Long, Stacy Mahoney, Shawn Jones, Stephen Riggs, Ricardo Harris, Christopher Smith, Johnathan Nicholson]"}, "43": {"gemma": "[Michelle Vasquez, Scott Bryant, Christina Cantu]"}, "44": {"gemma": "[Chelsea Bryant, Laura Johnson, Nicole Nelson, Brittany Dyer, Dwayne West, Michael Tran, Austin Mcknight, Cheyenne Branch, Jeremy Brown]"}, "45": {"gemma": "[Barry Fuentes, Maria Johnson, Tyler Perkins, Melinda Fisher, Jeremy Brown]"}, "46": {"gemma": "[Damon Miller, Seth Alexander, Crystal Morales]"}, "47": {"gemma": "[Andrew Miller, Robert Johnston, Corey Benjamin, Jonathan Thompson]"}, "48": {"gemma": "[Haley Gomez, Crystal Johnson, Jason Barker]"}, "49": {"gemma": "[Christopher Stephens, Joyce Hanson, Amanda Estrada, Megan Campbell, Glenda Harvey]"}, "50": {"gemma": "[Michael Powell, Ian Henry, Susan Bowen, Craig Shaw, Carly King, Jennifer Lawrence, Joshua Evans, Kathy Peterson, Justin Wilson IV]"}, "51": {"gemma": "[Samuel Patel, Cheyenne Peterson, Nicholas Wilkerson, Jennifer Koch, Thomas Norman]"}, "52": {"gemma": "[Katherine Chung, Lisa Harris, Debra Rosales, Mark Mason, Angel Schwartz, Denise Wong, Joyce Kennedy, Jacqueline Parker, Kathy Robinson]"}, "53": {"gemma": "[Catherine Stewart, Sarah Vaughan, Amy Hill]"}, "54": {"gemma": "[Andres Hall, Stephen Valentine, Jennifer Owens, Annette Edwards, Aaron Thornton, Mark Greer, Gary Mills, Ashley Leonard, Kathy Tran, Daniel Knox]"}, "55": {"gemma": "[Christopher Shaw, Anthony Thompson, Gordon Thomas, Angela Smith]"}, "56": {"gemma": "[Marissa Watson, Jose Mitchell, Jason Wilson, SeanMontoya, Michael Rogers]"}, "57": {"gemma": "[Elizabeth Cruz, Justin Baxter, Wanda Smith, Anthony Dean, Chad Wilson, Betty Whitaker DDS]"}, "58": {"gemma": "[Michael Page, Steven Peterson, Antonio Olson, Elizabeth Rogers, Jorge Norton DDS]"}, "59": {"gemma": "[Amanda Garcia, Ethan Walter, Terry White, Ray Morris, Stanley Fields, Robert Edwards, Sonya Allison, Chelsea Williams]"}, "60": {"gemma": "[Crystal Underwood, Mr. Scott Mendoza, Christopher Coleman, Justin Walsh]"}, "61": {"gemma": "[Mark Hooper, Randy Ward, Travis Brandt DVM, Mike Santos, Jennifer Berg, Joshua Anderson, Sherri Jones]"}, "62": {"gemma": "[Matthew Holmes, Brian Wheeler, Tara Lester, Jamie Strickland, Vincent Burke, Maria King, Jeffrey Parker MD, Mr. Harry Larsen]"}, "63": {"gemma": "[Toni Calhoun, Tonya Russell, Laura Bailey, Ms. Bethany Waller]"}, "64": {"gemma": "[Angela Grant, Danielle Fox, Emily Johnson, Peggy Perry]"}, "65": {"gemma": "[Catherine Miller, Brian Lewis, Stephanie Mueller, Tammy Martinez]"}, "66": {"gemma": "[Regina Simmons, Vincent Harris, Michael Stanton, Rachel Collins]"}, "67": {"gemma": "[Ann Roberts, Sara Lewis, Sheri Rowe, Garrett Hinton, Dustin Valdez DDS]"}, "68": {"gemma": "[Kim Roberts, Steven Lee, Matthew Ballard, Charles Long, David Lee]"}, "69": {"gemma": "[Sean Hall, Heather Torres, Jared Smith]"}, "70": {"gemma": "[Colleen Lee, Richard Soto, Timothy Stewart, Destiny Ramos, John Ali]"}, "71": {"gemma": "[Aaron Burke, Regina Simmons, Robert White, April Robertson, Anthony Jones, Michelle Davis, Brian Fernandez, Paul Mccoy, Chad Taylor, Christine Dixon, Jimmy Aguilar]"}, "72": {"gemma": "[Cindy Bennett, Matthew Harvey, Thomas Dougherty, Benjamin Dennis, Samantha Bruce]"}, "73": {"gemma": "[Melissa Bauer, Amanda Lawson, Belinda Orozco, Betty Robinson, Lauren White]"}, "74": {"gemma": "[Lauren Thomas, Brandi Evans, Erika Davis]"}, "75": {"gemma": "[Sherry Ward, Jennifer Harrell, Anthony Rocha]"}, "76": {"gemma": "[Pamela Burgess, Donald Ramsey]"}, "77": {"gemma": "[Brandon Webster, Corey Bullock, Angela Carr, Thomas Carroll, Crystal Koch]"}, "78": {"gemma": "[Anna Adams PhD, Brian Garcia, David Taylor]"}, "79": {"gemma": "[Christopher Mercer, Pamela Lee]"}, "80": {"gemma": "[Jessica Hicks, Morgan Thompson]"}, "81": {"gemma": "[Ruben Randall, Thomas Steele, Jennifer Richardson]"}, "82": {"gemma": "[Andrea Stevenson, Anna Haynes, David Anderson, Andrew Huynh, Ryan Smith]"}, "83": {"gemma": "[Hector Mckinney, Megan Hamilton, James Russell, Ryan Holmes, Joseph Ayala, Alexis Thomas, Elizabeth Owen]"}, "84": {"gemma": "[Joseph Carter PhD, Craig Marshall, Christopher Rodriguez]"}, "85": {"gemma": "[Gina Nunez, Matthew Flores, Nicole Santiago]"}, "86": {"gemma": "[Steven White, Joseph Day, Christopher Whitaker, Ellen Ross, Jason Salazar, Michael Perry]"}, "87": {"gemma": "[Julia Oneill, Michael Green, Mary Williams, Melissa Wilcox, Angelica Rodriguez, Randy Jones, Sarah Powell, Justin Cortez, Ricardo Harris, Ryan Beck, Rodney Baker, Anne Payne]"}, "88": {"gemma": "[Gregory Salinas, Jennifer Anderson MD, Kevin Rogers]"}, "89": {"gemma": "[Justin Horton, Lauren Thomas, Sheila Peters, Nathan Jones, Jessica Rogers, Thomas Brown, Laurie Patterson, Allison Simpson]"}, "90": {"gemma": "[Regina Hill, Erin Holt, Ruben Buck, Kenneth Harding]"}, "91": {"gemma": "[Michelle Kramer, Tyrone Kelley, Kelly Dominguez]"}, "92": {"gemma": "[Heather Williams, Matthew Ryan, Wendy Huffman, Janice Little, Anthony Tyler]"}, "93": {"gemma": "[Timothy Torres, Raymond Hodge, Lisa Brooks, Erin Middleton, Bruce Graves, Barbara Walters, Jessica Taylor]"}, "94": {"gemma": "[Mr. Steven Arnold, Robert Hamilton, Jose Peters, Brittney Murphy]"}, "95": {"gemma": "[Alexandra Morales, Kelly Carson, Jason Wong]"}, "96": {"gemma": "[Eric Sims, Shannon Barr, Michelle Simon]"}, "97": {"gemma": "[Lauren James, Melvin Torres, Jane Green, Kathryn Cook, Jasmine Fletcher]"}, "98": {"gemma": "[Mr. Christopher Taylor, Donna Jenkins, Jeffery Kane, Jennifer Duncan]"}, "99": {"gemma": "[Kaitlin Baker, Alyssa Contreras, Michael Garcia, Mary Jones, Sandra Mcguire, Wanda Murphy]"}, "100": {"gemma": "[Jared Robles, Amy Moore, Tyler Saunders MD, Jessica Chavez, Benjamin Schroeder, Mrs. Jennifer Gregory]"}, "101": {"gemma": "[Brooke Sanchez, Mariah Smith, Michael Roman, Steven Freeman, Sandy Mclaughlin, Christopher Anderson]"}, "102": {"gemma": "[Jason Macias, Victoria Kidd, Lindsey Wolf, Kim Ward, Christy Burnett]"}, "103": {"gemma": "[Ryan Sanchez, Jon Burton, Jenna Farley, Derek Lopez, Gina Cruz, Albert Ritter, Chase Cohen, Timothy Perez, Bruce Matthews, Michael Stein]"}, "104": {"gemma": "[Jennifer Walker, John Frost, Mary Rasmussen, David Jones, Mr. Matthew Christian, Timothy Sanchez, Christy Adams]"}, "105": {"gemma": "[Jerry Bowman, Nicole Henry, Kayla Bishop, Anne Salas, Eric Daniels, Ashley Davis, Kayla May, Jeremy Green]"}, "106": {"gemma": "[Rebecca Gray, Lynn Cervantes, Jennifer Richardson, Alison Alexander, Larry Martinez, Jamie Carpenter, Manuel Lynch]"}, "107": {"gemma": "[Frank Mason, Steven Miller, Theresa Schultz, Christopher Fuentes]"}, "108": {"gemma": "[Robert Lewis, Erika Coleman, Kathleen Williams, Jenna Green]"}, "109": {"gemma": "[Brandy Mathis, Michael Roberts, Timothy Gonzalez, Jonathan Brown, Stephen Hess]"}, "110": {"gemma": "[Sandra Miller, Kelsey Mcgee, Patricia Miller, Bryan Stewart, John West, Tiffany Rowland]"}, "111": {"gemma": "[Kimberly Warren, Gina Jenkins, Gene Bennett, Vincent Moore]"}, "112": {"gemma": "[Kimberly Reed, Robert Day, Chelsea Morrow, Johnny Thompson, Samantha Harding]"}, "113": {"gemma": "[Sarah Nelson, Paul Robinson]"}, "114": {"gemma": "[Benjamin Johnson, Kyle Larsen, Zachary Moore]"}, "115": {"gemma": "[Daniel Ellis, Matthew Schroeder, Jose Hamilton, Rebecca Sosa, Shannon Sanchez, Andrew Robertson, Lisa Rice, Christine Collins, Wendy Taylor, Sherry Ford, Patricia Walker]"}, "116": {"gemma": "[Jamie Oliver, Jessica Patel DDS, Brianna Jackson, William Collins, Martin Parker, Charles Sloan, Audrey Sharp, Steven Schaefer, Mr. Joseph Mcclure Jr.]"}, "117": {"gemma": "[Barbara Warren, Mackenzie Adams, Jason Brown, Amanda Davis, Lindsay Smith, Michael Bishop]"}, "118": {"gemma": "[Gary Leon, Valerie Taylor, Michael Young]"}, "119": {"gemma": "[Ryan Lloyd, Debra Weiss, Melanie Kelly, Patrick Romero]"}, "120": {"gemma": "[Sara Ramirez, Anthony Wilson]"}, "121": {"gemma": "[Matthew Lawrence, Jordan Morgan MD, Michael Arroyo, Malik Harris, Krista Shields]"}, "122": {"gemma": "[Cynthia Smith, Jason Sanders, Nancy Lawrence, Anna Sullivan, Lori Chavez]"}, "123": {"gemma": "[Anthony Elliott, Mr. Thomas Ayala, Jessica Matthews, Pamela Johnson, Mark Elliott, Timothy Nunez, Emily Brock, Joseph Smith]"}, "124": {"gemma": "[Samuel Bell, Frank Brown, Carlos Kelly, Benjamin Wagner, Sara Shelton]"}, "125": {"gemma": "[Danielle Briggs, George Jimenez, Jennifer Thompson, Ronald Perez, Brandon Andrade, Gloria House, David Cook, James Jackson, Deborah Wright, Jill Page]"}, "126": {"gemma": "[Craig Collins, Kiara Johnson, David Martin]"}, "127": {"gemma": "[Lee Jennings, Kim Griffith, Jonathan Rowe, Carolyn Rogers, Michelle Smith]"}, "128": {"gemma": "[Kristen Burns, Amanda Kidd, Evan Wright, Joshua Rivers]"}, "129": {"gemma": "[Steven Arias MD, Ashley Caldwell, Calvin Watson]"}, "130": {"gemma": "[Cheyenne Zamora, Sean Young, Justin Walsh]"}, "131": {"gemma": "[Amber Gillespie, Michael Baker, Joshua Kane, Victoria Williamson, Craig Murphy MD]"}, "132": {"gemma": "[Adam Sharp, Courtney Miller, Tyler Patterson, Jill Smith]"}, "133": {"gemma": "[Charles Hill, Ray Lara, Sarah Rodriguez, Stephanie Lawrence, Jodi Davis, Caitlin Ballard, William Hernandez]"}, "134": {"gemma": "[Richard Solis, Robert Fitzgerald, Kyle Best]"}, "135": {"gemma": "[Sharon Williamson, John Davis, Sarah Smith, Amanda Lucero, Anthony Daniel, Andrew Price, Shane Bowers, Jordan Downs, Timothy Moore]"}, "136": {"gemma": "[Bradley Roberts, Alexis Thomas, Vincent Fisher]"}, "137": {"gemma": "[Micheal Clark, Bryce Sanchez, Shawn Kline]"}, "138": {"gemma": "[Brittany King, Chelsea Nguyen, Christopher Scott, Cristina Young, Gary Harris]"}, "139": {"gemma": "[Debbie Yates, Penny Kelley, Ryan Rodriguez, Antonio Singleton, Jesse Johnson, Stephanie Cortez, Mary Campbell]"}, "140": {"gemma": "[Courtney Escobar, Grant Murray, Edward Rangel, James Ware, Laura Lang]"}, "141": {"gemma": "[Noah Decker, Ashley Collins, Melinda Orr]"}, "142": {"gemma": "[Susan Jennings, Mark Torres Jr., Joseph Wells, Lynn Hardy, Mary Scott, Jessica Hawkins, Jacqueline Perry, Erica Webb]"}, "143": {"gemma": "[Susan Gomez, Jessica Brewer, Evelyn Franklin, Ryan Anderson, Jeffrey Yang]"}, "144": {"gemma": "[Lisa Douglas, Spencer Dean, Michelle Williams, Janet Collins, Maurice Francis]"}, "145": {"gemma": "[David Dalton, Travis Swanson, Alisha Clarke]"}, "146": {"gemma": "[Matthew Irwin, Stacey Owens, Alex Jones, William Lee]"}, "147": {"gemma": "[Lee Espinoza, Margaret Murphy, Thomas Moyer, Jeremy Leon, Jody Martinez, Courtney Harris, Sean Hunter, Henry Lee, James Brown, Steven Fox, Theresa Scott, Joe Brown, John Mills, Michael Harmon]"}, "148": {"gemma": "[Dylan Foster, Devon Morgan, Lindsay Hughes, Emily Collins, Joseph Williams]"}, "149": {"gemma": "[Mark Payne, Ashley Gray, Amanda Thomas, Tyler Keller]"}, "150": {"gemma": "[Peter May, Brandon Tucker, Dana Roberts]"}, "151": {"gemma": "[Corey Rogers, Nathaniel Craig, Sara Jones, Kyle Davila, Philip Shepherd, Diana Lara]"}, "152": {"gemma": "[Terry Weber, Sharon Garza, Tony Willis, Rebecca Norman]"}, "153": {"gemma": "[Maria Luna, David Barber]"}, "154": {"gemma": "[Kristen Douglas, Michael Gay, Christopher Black, Gina Anderson, Richard Flores, Marcus Johnson]"}, "155": {"gemma": "[Gregory Summers, Stephanie Cordova, Jennifer Hurst, Joseph Mcguire, Charles Davis, Perry Holt, Amber Thompson, Alyssa Rodriguez DVM, Darlene Boone, Danielle Cantrell]"}, "156": {"gemma": "[Amy Smith, David Robbins, Mark Anderson, Kimberly Olsen, Richard Santana, Vincent Green, William Paul]"}, "157": {"gemma": "[Elizabeth Hurst, Thomas Kennedy, Anthony Nguyen, Amy Odonnell, Diane Jimenez, Mrs. Marcia Macias DDS, Jodi Gibson, Deborah Bowman, Dalton Morrison]"}, "158": {"gemma": "[Dana Harrison, Dean Zimmerman, Ashley Bell, Christopher Ramirez, Bethany Price]"}, "159": {"gemma": "[Ryan Foster, Sergio Shaw, Jacqueline Cochran, Christina Singh, Holly Smith, Nicole Young, Mark Barnes, Brian Bishop]"}, "160": {"gemma": "[Dorothy Miller, Julie Pearson, Ashley Garcia, Ruben Simmons, Nancy Scott, Brittney Fernandez, Mary Jackson, Kathy Warner, Chelsea Mitchell, Jon Marshall, Elizabeth Kirk, Danielle Griffin]"}, "161": {"gemma": "[Tammy Burgess, James Aguirre, Anthony Kelley]"}, "162": {"gemma": "[Lori Campbell, Sandra King MD, Tammy Lara, Stephanie Boyle, Jamie Scott, Heather Smith]"}, "163": {"gemma": "[Laura Meyers, John Hart, Linda Ramos, Jennifer Hardin, Christy Hudson, Melissa Coleman, Robert Church, Brian Shaw]"}, "164": {"gemma": "[Mary Preston, Kimberly Huynh, Alexandra Carey, James Taylor, Victor Morgan]"}, "165": {"gemma": "[Angela Jimenez, Heather Ortiz, Alfred Williams]"}, "166": {"gemma": "[Kimberly Peterson MD, Kim Garcia, Nicole Phillips, Steven Miller, Kayla Hall]"}, "167": {"gemma": "[Joan Shields, Kelsey Morgan, Richard Blair]"}, "168": {"gemma": "[Eric Dawson, James Thomas, Ronald Melton, Frank Abbott, Jennifer Romero, Darrell May, Kathy Williams]"}, "169": {"gemma": "[Jason Brown, Kathryn Williamson, Gerald Wells, Melissa Morrow]"}, "170": {"gemma": "[Michael Rowland, James Velazquez, Catherine Goodwin, Michael Dixon, Angela Reid]"}, "171": {"gemma": "[Duane Hall, Ellen Welch, Ms. Cynthia Bell]"}, "172": {"gemma": "[Kristen Long, Dustin Lucas, Nicole Williams]"}, "173": {"gemma": "[Nathan Allison, Susan Austin, Holly Wilson, Christopher Harding, Sara George]"}, "174": {"gemma": "[Joseph Patterson, Vincent Price, Gregory Clark, Melissa Cook]"}, "175": {"gemma": "[Destiny Simpson, Cheryl Prince, Taylor Sanders, Melissa Martin, Cory Rosales]"}, "176": {"gemma": "[Raymond Carter, Joseph Schwartz, Christina Campbell, Rachel Durham, Debra Diaz]"}, "177": {"gemma": "[Alan Savage, Michael Collier, Michelle Hansen, Erin Wise, Gina Horton, John Moore]"}, "178": {"gemma": "[Brandon Medina, Michael Ellis, Kenneth Stein]"}, "179": {"gemma": "[Jenny Swanson, Deanna Holt, Anthony Smith, Daniel Mcintyre, Mary Leach]"}, "180": {"gemma": "[Gregory Hughes, Krystal Ford, Daniel Brown]"}, "181": {"gemma": "[Carol Horton, Andrew Nelson, Bill Hall, Jacob Lynch, Bradley Barker, Mr. Cameron Joseph, Laura Garcia]"}, "182": {"gemma": "[Oscar Montgomery, Kristin Burgess, Mr. Joseph Sweeney, Blake Banks, Kevin Richardson, Justin Graham, Erika Brown]"}, "183": {"gemma": "[Jeffery Choi, Jessica Sanchez, Michelle Burnett, Joseph Nguyen, Mr. Mark Richards, Mackenzie Clark, Mark George]"}, "184": {"gemma": "[Jason Kaufman, James Robles, Kevin Morrow, Sherri Bruce, Kellie Nguyen, Denise Clark]"}, "185": {"gemma": "[Joshua Moore, Jill Baker, Mr. Eric Mckay, David Vincent, Jennifer Vasquez]"}, "186": {"gemma": "[Jose Carpenter, Stephanie Livingston, Meghan Elliott, Antonio Gutierrez]"}, "187": {"gemma": "[William Williams, Christopher Kaufman, William Hanna]"}, "188": {"gemma": "[Steven Collins, Claudia Harris, Brenda Wilson]"}, "189": {"gemma": "[Sarah Blankenship, Laura Gordon, Jose Miller, Heidi Mcknight, Gary Martinez]"}, "190": {"gemma": "[Debra Greene, Robert Cowan, Joshua Jones, Margaret Wilson, Brian Carlson]"}, "191": {"gemma": "[Daniel Cantu, Shelley Oconnell, Michele Stephens, Anthony Carlson, Denise Fleming, John Maldonado, Isaiah Powell]"}, "192": {"gemma": "[Elizabeth Washington, Gregory Olson MD]"}, "193": {"gemma": "[Michelle Hernandez, Jill Garrett, Bethany Leonard]"}, "194": {"gemma": "[Julia Phillips, Joshua Mccoy, Rachel Johnson, Jeremy Pace, Jeremiah Mason MD]"}, "195": {"gemma": "[Nicholas Mitchell, Aaron Baldwin, Michael Allen, Jennifer Peters, Ryan Thornton, Jacob Lee, Vincent Ruiz]"}, "196": {"gemma": "[Stephanie Bean, Debbie Meyer, Brittany Burgess, Elizabeth Mullen, John Cunningham]"}, "197": {"gemma": "[Marisa Jackson, Sean Moreno]"}, "198": {"gemma": "[Cynthia Buck, Andrew Kennedy, Mark Flores, Nicole Frederick, Jeffrey Bailey, Rhonda Smith, Jon James, Amber Ramirez, Connor Logan, Suzanne Reese, William Adams]"}, "199": {"gemma": "[Teresa Morrison, Jeffrey Henry, Jeremy Wagner, Matthew Carlson, Stefanie Boyle, Jeremy Peterson, Mark Hickman, Suzanne Moody]"}, "200": {"gemma": "[Catherine Smith, Thomas Zamora, Brian Peterson, Kimberly Flores, Nathan Rangel]"}, "201": {"gemma": "[Desiree Johns, Ashley Jackson, Jordan Doyle, Veronica Henderson, Kimberly Contreras, Carolyn Welch, Andrew Soto, Cathy Graham, Jessica Miller, Nicole Guerra]"}, "202": {"gemma": "[Paul Williams, Tanya Bernard, Jennifer Chaney, Sue Schmitt, Jonathan Henderson]"}, "203": {"gemma": "[Patricia Castro, Jessica Buckley, Stephen Williams, Sarah Massey, Stephanie Fernandez, Mary Lloyd DDS]"}, "204": {"gemma": "[Roberta Jacobson, Erin Nguyen, Sarah Callahan, Samuel Henderson]"}, "205": {"gemma": "[Sandra Thomas, Megan Brandt, Charles Mann]"}, "206": {"gemma": "[Kimberly Hill, James Mcdonald, Corey Higgins, Jessica Jones, Patricia Thompson, Yolanda Becker, Beth Jackson, Dwayne Anderson, Lisa Wood, Kenneth Turner]"}, "207": {"gemma": "[Anna Griffin, Alexandria Woods, Eric Brooks, Katie Leblanc, Benjamin Taylor, Natalie Mitchell, Adam Wilson, April White, Rachel Valdez]"}, "208": {"gemma": "[Travis Williams, Christopher Olsen, John Robles, Elizabeth Turner, Adam Johnson, Brandon Russell, Matthew Goodman, Cory Jones, Michael Anderson]"}, "209": {"gemma": "[Janice Davidson, Christopher Harrington, Paul Stevenson, Daniel Parker, Debra Mcdonald]"}, "210": {"gemma": "[Heidi Perez, Brett Arnold, Bryce Moss, Amy Massey, Wendy Miller]"}, "211": {"gemma": "[Xavier Mitchell, Shannon Osborne, Kathleen Mason]"}, "212": {"gemma": "[Christopher Blake, Lauren Ross, Dustin Lee]"}, "213": {"gemma": "[Sara Hamilton, Amanda Mcmahon]"}, "214": {"gemma": "[Brianna Jackson, Paul Rodriguez, Lucas Madden]"}, "215": {"gemma": "[Erica Bates, Jessica Parker, Rebekah Lee, Amy Johnson]"}, "216": {"gemma": "[David Nelson, Madeline Collier, Jennifer Ramos, Joseph Smith, Sarah Patton]"}, "217": {"gemma": "[Andrew Roberts, Tanya Nolan, Melinda Cameron, Pamela Jones, James Collins, Anthony Lynch, Amy Jones, Pamela Everett]"}, "218": {"gemma": "[Harry Smith, Michael Maddox, Anthony Bryan, Jessica Bishop, Thomas Stevens, Shannon Mendez, Ricardo Lee]"}, "219": {"gemma": "[Daniel Hunter, Katherine Gomez, Kevin Turner]"}, "220": {"gemma": "[Brian Barrera, Rebecca Rhodes, Sean Torres, Frank Howard, Christina Singleton, Shannon Patel]"}, "221": {"gemma": "[Erin Guerra, Lisa Taylor, Sandra Anderson, David Gonzales, Jonathan Benitez, Janet Beltran, Heather Thompson, Beth Vega, Joel Dalton, Susan Mitchell DDS, Colton Guzman, Misty Beck]"}, "222": {"gemma": "[Crystal Chavez, Joseph Parker, Martin Gallegos, Adam Brewer, Brent Lewis Jr.]"}, "223": {"gemma": "[Danielle Pearson, Richard Mccarty, John Cain, Nicholas Heath, Kimberly Bolton, Robert Villanueva, Steven Hart, Mr. Joshua Shaw, Bryan Foster, David Warner]"}, "224": {"gemma": "[Michael Moore, Katherine Dunn, James Parsons, Stephanie Salinas, Douglas Zavala, Brian Murray, Jeffrey Garcia, Jessica Curtis, Teresa Jordan, Madison White MD, Lisa Smith]"}, "225": {"gemma": "[Melissa Hawkins, Tracy Richardson, Jason Jenkins]"}, "226": {"gemma": "[Ryan Cameron, Michelle Medina, Ethan Thompson, Carrie Walsh, Marc Merritt]"}, "227": {"gemma": "[Phillip Simon, Mr. Thomas Villarreal, Darren Powers, Kim Lloyd, Abigail Turner, Daniel Rowland, Kathleen Hopkins, Daniel Lynch]"}, "228": {"gemma": "[Antonio Sims, John Johnson, Jennifer Lopez, Elizabeth Gonzalez]"}, "229": {"gemma": "[Diane Hansen, Daniel Estrada, Matthew Beck]"}, "230": {"gemma": "[Jason Morris, Mr. Dale Allen, Gary Combs, Krista Mitchell, Kiara Snyder, Jessica Osborne, Kayla Weeks DDS, Dana Acosta, Melanie Johnson, Brian Lawson, Clinton Jensen]"}, "231": {"gemma": "[Joseph Miller, Carlos Bryant, Dawn Contreras, Catherine Johnson, Kari Lawson]"}, "232": {"gemma": "[Dean Johnson, James Brooks, Zachary Hall]"}, "233": {"gemma": "[Ashley Martin, Lori Jones]"}, "234": {"gemma": "[Jessica Griffin, Alicia Stephenson, Miss Tamara Blackwell, Robert Gaines, Laura Evans, Christopher Boyle, Kaitlin Clayton, Tiffany Alexander]"}, "235": {"gemma": "[Christopher Johnson, James Rodriguez, Jordan Garza, Peter Peters, Nathaniel Baxter, Caroline Bell, Victoria Olson, Nicholas Parrish]"}, "236": {"gemma": "[Rebecca Medina, Jennifer Pierce, Mr. Adrian Hayes]"}, "237": {"gemma": "[Francisco Perez, Joanna Baker, Rebecca Page, Kimberly Irwin]"}, "238": {"gemma": "[Kendra Weaver, Julia Bond, Nicholas Lee, Colin Mendez]"}, "239": {"gemma": "[Nicole Graham, Beth Rodriguez, Michael Marsh, Deborah Williams, Kimberly Aguilar]"}, "240": {"gemma": "[Duane Schaefer, David Dunn, Connor Davis, Rachel Johnson, Michael Ramsey, Erin Ballard]"}, "241": {"gemma": "[Amy Perez, Christine Watson, Donald Jones, Joseph Griffin, Kelly Warren, Roberto Jones, Stephanie Hughes, Alison Wilcox, Roy Allen]"}, "242": {"gemma": "[Alison Chan, Joshua Pennington, David Castro, Erik Cline, Alice Newman]"}, "243": {"gemma": "[Robert Weeks, Phillip Carr, Yolanda Smith]"}, "244": {"gemma": "[Robert Fitzgerald, Phillip Morris, Brenda Stevens, James Morgan, Vanessa Fuentes, Dylan Bowman, Jennifer Gonzales, Jonathan Sanders]"}, "245": {"gemma": "[Jacob Graves, George Nunez, William Ortiz, Dwayne Lam, Ricardo Johnson, Jeremy Jackson, Molly Le]"}, "246": {"gemma": "[Robert Turner, Gary Bowman, Joseph Hill]"}, "247": {"gemma": "[Kimberly Lewis, Stephen Hutchinson, Angela Smith, Julie Davis, Jason Perry]"}, "248": {"gemma": "[Christopher Knight, Kevin Myers, Megan Hernandez]"}, "249": {"gemma": "[Dakota Johnson, George Stephens, Christine Gray]"}, "250": {"gemma": "[Matthew Lewis, Wanda Smith, Larry Ingram, Tracy Conrad, Jade Williams]"}, "251": {"gemma": "[Donna Freeman, Nicole Williams, Alexander Jones, Kevin Frey, Deanna Kelly]"}, "252": {"gemma": "[Todd Oconnor, Brandon Abbott, Ashley Jackson]"}, "253": {"gemma": "[Michael Rhodes, Timothy Bennett, Christina Lopez, Sarah Robinson, Mark Parker, Joshua Carrillo]"}, "254": {"gemma": "[Gina Baker, Jennifer Scott, Amy Montgomery]"}, "255": {"gemma": "[Leah Rivera, Anna Hubbard, Jeffrey Martin, Kelly Sanchez, Michael English, Wendy Hale, Adam Norton, Nicholas Conrad]"}, "256": {"gemma": "[Connie Gordon, Deanna Smith, Leah Shepard]"}, "257": {"gemma": "[Morgan Oconnor, Diana Bartlett, Jonathan Parsons, Allen Nash]"}, "258": {"gemma": "[Stacey Wright, Bradley Wilson, David English, Kenneth Haynes MD, Nicole Bailey, Austin Cruz, Rachel Davila, Phillip Parker]"}, "259": {"gemma": "[Jessica Silva, Billy Lang, Caleb Curtis, Roger Casey, Charles Wise]"}, "260": {"gemma": "[David Taylor, Matthew Keith, Paul Rodriguez]"}, "261": {"gemma": "[Thomas David, Melissa Brown, Joshua Martinez, Rachel Simpson, Nicole Pratt]"}, "262": {"gemma": "[Lori Bell, Daniel Martinez, Sarah Mendez]"}, "263": {"gemma": "[James Marquez, Matthew Pierce, Cynthia Johnson, Laura Jenkins]"}, "264": {"gemma": "[Eric Taylor PhD, Rhonda Jimenez, Kevin Mclaughlin, Michael Stein, Alice Silva, Joshua Zhang, Lisa Lee, Crystal Mcdonald, Sandra Sellers, Robert Moore]"}, "265": {"gemma": "[Mr. Jimmy Garcia, Tracy Wong, Joseph Hayes]"}, "266": {"gemma": "[John Huffman, Mercedes Powell, James Riley, Traci Woods]"}, "267": {"gemma": "[Dwayne Mason, Roberto Strickland, Christina Torres, Shirley Hernandez]"}, "268": {"gemma": "[Maria Wade, Jerry Smith, Bradley Smith, Dustin Acosta, Jon Hoffman, Brent Garcia, Jesse Armstrong]"}, "269": {"gemma": "[David Moore, Antonio Lucas, Deborah Perkins]"}, "270": {"gemma": "[Deborah Williams, Ashley James, Brenda Hart, Kenneth Newman, Jorge Lewis]"}, "271": {"gemma": "[Noah Flores, Dr. Andrew Thomas, Madeline Morales, Eric Rowland, Edwin Ross, Justin Hoffman, Catherine Kelley, Michelle Santana, Andrea Thomas, Denise Hernandez]"}, "272": {"gemma": "[Eric Cantrell, Crystal Gentry, Elizabeth Luna, Lisa Frazier, Dr. Benjamin Byrd]"}, "273": {"gemma": "[Rita Green, Jasmine Smith, Jessica Hall, Kathleen White]"}, "274": {"gemma": "[Edwin Walters, Jonathan Rivera, Michelle Moore, Jessica Brown, Chris Stein, Carolyn Barrett, Brandi Duncan, Kathryn Jones, Emma Paul, Mark Martinez, Paul Valencia]"}, "275": {"gemma": "[Scott Harper DDS, Elizabeth Howard, Laura Bailey, Christopher Williams]"}, "276": {"gemma": "[David Everett, Kenneth Caldwell, Joseph Roberts, Maria Thompson, Karina Perry, Laura Ford, Robert Hubbard, Jennifer Orozco, Peter Frye, Nicole Mitchell]"}, "277": {"gemma": "[Tanya Nicholson, Nicole Hickman, Carol Mclean, Karen Thompson, Joseph Knight]"}, "278": {"gemma": "[William Glover, Mark Joseph, Lisa Austin, Joshua Carter, Jamie Delgado, Jeffrey Novak, Linda Bonilla]"}, "279": {"gemma": "[Jamie Larsen, Raymond Jones, Rachel Patton, George Bell]"}, "280": {"gemma": "[Mrs. Sandra Best, Lindsey Wheeler DDS]"}, "281": {"gemma": "[Jeffrey Watson, Brian Bowen, Kelly Ritter, Matthew Fischer, Amy Diaz]"}, "282": {"gemma": "[Bridget Reid, Daniel Williams, Karen Johnson, Michelle Waller]"}, "283": {"gemma": "[Shawn Webster, Kenneth Rogers, Jessica Logan, Sandra Dominguez]"}, "284": {"gemma": "[Heather Davis, Donald Fuller, Kim Nelson, Jeffery Anderson, Jessica Michael]"}, "285": {"gemma": "[Katherine Anderson, Sheri Kaiser, Kayla Webster, Dr. Kathryn Perkins]"}, "286": {"gemma": "[Barbara Higgins, Cody Deleon, Joseph Blake, John Sullivan, Jessica Brown, Robert Campbell MD, Duane Vargas, Brandon Barnes, Monica Carroll, Miss Audrey Miller]"}, "287": {"gemma": "[Gary Green, Karen Gonzalez, Kelsey Valenzuela, Dr. Maria Johnston, Patricia Page, Kevin Mcmillan, Breanna Baker, Loretta Foster]"}, "288": {"gemma": "[Elizabeth Mcdowell, Jose Burnett, Mary Mckinney, Ryan Richardson, Allison Sanders]"}, "289": {"gemma": "[Karen Martin, Sarah Smith, Ellen Christian, Austin Tran, Rhonda Ross, Carrie Richards]"}, "290": {"gemma": "[Zachary Sanchez, Anthony Cook, Jeffrey Wheeler, Hannah Escobar, Victoria Rojas, Meagan Soto, Benjamin Williams, Duane Thompson, Ann Ortiz, Megan Madden, Curtis Allen]"}, "291": {"gemma": "[Christina Garcia, Todd Riddle, Kelly Lynch]"}, "292": {"gemma": "[John Charles, David Chavez, Wendy Huffman, Jennifer Taylor, Cynthia Gonzalez, Angela Klein]"}, "293": {"gemma": "[Jacqueline Williams, Kevin Scott, Angela Acosta, Michael Ferguson, Bradley Todd]"}, "294": {"gemma": "[Alicia Morgan, Erin Rocha, Mary Medina, Robert Fischer, Whitney Taylor]"}, "295": {"gemma": "[Roy Gonzales, Jerome Franco, Christopher Thompson, Marcus Riggs]"}, "296": {"gemma": "[Eric Wood, Michelle Rivera, Barbara Randolph]"}, "297": {"gemma": "[Olivia Patel, Dwayne Lewis]"}, "298": {"gemma": "[William Miller, Julie Roberts, Michele Meyer, Dr. Kathryn Perkins, Andrea Smith]"}, "299": {"gemma": "[Anita Pierce, Sharon Rose, Katie Kim, Cindy Morton, Nancy Strong, Steven Brown, Mitchell Perez]"}, "300": {"gemma": "[Kevin Brown, Leslie Russo, David Miller, Jo Dorsey, Wesley Barnett, Katherine Williams, Jared Hart, Heather Brady, David Baker, Lauren Blair]"}, "301": {"gemma": "[John Singh PhD, Larry Parks, Steve Wang, Dawn Perkins, Kim Graham, Peter Aguirre]"}, "302": {"gemma": "[David Williams, Raymond Olson, Peter Hayes, Mitchell Peterson, Denise Garcia, Juan Hawkins, Casey Fernandez]"}, "303": {"gemma": "[Steven Wood, Samuel Mcconnell, Karen Johnson]"}, "304": {"gemma": "[Kaitlin Thomas, Alexandra Reeves, Matthew Estrada, Melissa Farley]"}, "305": {"gemma": "[Jessica King MD, Alan Ross, Danielle Carson, Jeffery Sawyer, Marisa Vaughan, Rachel Villa, Darrell Carter, Cheryl Kelly]"}, "306": {"gemma": "[Megan Hart, Jonathan Mitchell, David Terry, Michelle Donovan, Nathan Savage]"}, "307": {"gemma": "[Brandon Morris, William Johnson, Alyssa Smith, Scott Carlson, Theresa Phillips, Courtney Smith, Robert Carey, Clarence Reynolds]"}, "308": {"gemma": "[Daniel Nunez, Michelle Craig, Laura Hawkins, Dr. John Woods, Julie James, Katherine Coleman, Tracy Kelly]"}, "309": {"gemma": "[Elizabeth Bailey DDS, Anna Mcdonald, Jasmine Farmer, Andrew Neal, Nicole Park, Kenneth Henson, Robert King]"}, "310": {"gemma": "[Stephanie Mullins, Anthony Doyle, Shirley Rowe, Brian Rivera, Mark Baker]"}, "311": {"gemma": "[Sharon Jackson, Erin Orozco, Sara Diaz, Justin Gutierrez, Deborah Downs, Lori Anderson, Tiffany Williams]"}, "312": {"gemma": "[Rachel Griffin, Kayla Washington, Jordan Peterson, Gabrielle Little, Jennifer Perkins]"}, "313": {"gemma": "[Benjamin Williams, Caleb Garcia, Douglas Martin, Kimberly Jones]"}, "314": {"gemma": "[Wendy Green, George Wright, Jeremy Little]"}, "315": {"gemma": "[Thomas Young, Theresa Mclaughlin, Christine Smith, Tracy Sanchez, Trevor Carlson, Pamela Powell, Hannah Myers, Barbara Haynes, John Thomas, Dr. Kimberly Cook DDS, Nathan Molina, Terry Lee PhD]"}, "316": {"gemma": "[Madison Hughes, Sandra Farrell, Dominique Watkins, Derek Taylor, Joanna Simmons, Stacey Snyder, Adrian Williams]"}, "317": {"gemma": "[Katherine Erickson, Edward Fritz, Leslie Garcia, Keith Cox, Cassie Barrett, Cynthia Thompson, Bruce Williams, Scott Washington]"}, "318": {"gemma": "[Jennifer Lewis, Shelly Garcia, Leah Lane, Mr. Marcus Porter MD, Alexander Roberson, Donna Kelly, Pamela Sims, Clifford Lewis, Drew Meadows]"}, "319": {"gemma": "[William Newman, Amy Joseph, Andrew Cook, Melissa Jordan, Rachel Brown, Sharon Martin]"}, "320": {"gemma": "[Mark Allen, Samantha Tate, Taylor Baker, Andre Dean, Karen Davis]"}, "321": {"gemma": "[Angela Nguyen, David Murray, James Powers, Antonio Moore, Jamie Richmond, Sarah Franklin, Samantha Murray]"}, "322": {"gemma": "[John Le, Christopher Durham, Brenda Norton, Andrew Salas, Catherine Chavez]"}, "323": {"gemma": "[Sierra Vasquez, Tom Johnston, Jaime Taylor]"}, "324": {"gemma": "[Ian Stewart, Melissa Long, Kristina Manning, Javier Howard, Rebecca Thompson]"}, "325": {"gemma": "[Alexandra Santiago, Derrick Jones, Jose Bradford, Kathleen Perry, Annette Sanchez, Cheryl Richardson, Brian Jones]"}, "326": {"gemma": "[Natasha Weber, Lisa Simpson, Kimberly Morrow, Adam Smith, Rose Moore]"}, "327": {"gemma": "[Mr. Eric Davis, Megan Lopez, Brian Woodard, Michael Bryant, Robert Robinson, Christopher Davis, Amber Wilson, Amanda Cooper, Emily Underwood]"}, "328": {"gemma": "[Jacqueline Davis DVM, Kiara Santana, Thomas Horne, Mary Daniels, Mr. William Merritt, Robert Sullivan, Jeremy Clark, Crystal Case, Michael Sanchez]"}, "329": {"gemma": "[Kyle Green, Justin Floyd, Olivia Carson, Mike Owen, Brian Wu]"}, "330": {"gemma": "[Brenda King, Rachel Steele, David Lucas, Kenneth Horne, Andrew Marshall, Vanessa Parker]"}, "331": {"gemma": "[Shari Leonard, Jacob Rivera, Andrew Berry, David Sutton, Elizabeth Collins, Gerald Miller]"}, "332": {"gemma": "[Destiny Thompson, Ronald Bailey, Christopher Lowe]"}, "333": {"gemma": "[Brandy Jenkins, Mary Taylor, Angela Kane, Jennifer Moreno]"}, "334": {"gemma": "[Tricia Frey, Kristopher Edwards, Carolyn Wilson, Haley Garza, Michelle Giles]"}, "335": {"gemma": "[Laura Riley, Megan Nelson, Joann Miller, Michael Patterson, Natalie Hensley]"}, "336": {"gemma": "[Jason Johnson, Amy Hernandez, Taylor Diaz, Angela Valdez, Ariel Hansen]"}, "337": {"gemma": "[Christian Trevino, William Anderson]"}, "338": {"gemma": "[Desiree Larson, Alexander Thompson, Scott Brown, Theresa Proctor, Holly Williams]"}, "339": {"gemma": "[Kristen Perez, Craig Peterson, Joshua Galloway, Jennifer Morrow, Ann White, John Taylor]"}, "340": {"gemma": "[Jocelyn Daniels, Larry Wheeler, Anthony Costa, Michelle Young, Lauren Johnson, Angela Walsh, Gregory Peterson, Kevin Perez, Samantha Wagner MD]"}, "341": {"gemma": "[Nancy Calhoun PhD, Nathan Lopez, Kayla Brown]"}, "342": {"gemma": "[Sandra Rodriguez, Adam Boyer, Pamela Brady]"}, "343": {"gemma": "[Mark Carroll, Kimberly Johnston, Alyssa Shepherd]"}, "344": {"gemma": "[Jeffrey Ingram, Mark West, Hailey Campbell, Laura Noble, Morgan Riley, Jonathan Meyer]"}, "345": {"gemma": "[Robert Leon, Jacqueline Black, John Sparks, John Rowland, Kathryn Manning]"}, "346": {"gemma": "[Karen Wang, Jerome Ferguson, Tracy Hawkins]"}, "347": {"gemma": "[Nicole Gill, William Mann, Cody Wheeler, Ann Gallegos, Tracie Friedman, Elizabeth Smith, Stacy Burke, Katelyn Turner, Christopher Robinson]"}, "348": {"gemma": "[Kristie Jacobs, Johnny Fields, Taylor Hoover, Kathy Cox]"}, "349": {"gemma": "[Matthew Villa, Rebecca Smith MD]"}, "350": {"gemma": "[John Mcdaniel, Christine Moran, Amanda Bryant, Jennifer Castillo]"}, "351": {"gemma": "[Matthew Sanders, Katherine Vasquez, Jacqueline Padilla, Karen Martin, Jennifer Ruiz, Robert Douglas]"}, "352": {"gemma": "[Joshua Cortez, Lauren Williams, Brandon Fox, Jennifer Vaughn, Paul Freeman, Danielle Johnson, Jessica Ross]"}, "353": {"gemma": "[Eugene Berg, Jennifer Moore, Kimberly Lopez, Tonya Johnson]"}, "354": {"gemma": "[Alexandra Daniels, Samantha Anderson, Tyler Horn, Joshua Chandler, Cynthia Johnson, Travis Ayala, Matthew Estrada]"}, "355": {"gemma": "[Samuel Lopez, Kelly Bryant, David Gonzalez, Justin Robles, Gavin Lewis, Kaitlyn Willis, Joseph Roach, Ariel Pearson]"}, "356": {"gemma": "[Jonathan Bailey, Madison Hogan, Dr. Lee Jackson, Brittany Davis, Jennifer Sims]"}, "357": {"gemma": "[Kimberly Garcia, Andrew Soto, Michelle Mills, Darren Fernandez, Tracy Lawson]"}, "358": {"gemma": "[Valerie Perry, James Butler, April Hendrix, Jennifer Scott, Katie Lee, Ryan Webb MD, Charles Valdez]"}, "359": {"gemma": "[Gina Dixon, Kimberly Higgins, Brandon Williams, Wanda Woods]"}, "360": {"gemma": "[Tara Graham, Isaiah Cobb, Edward Carlson, Kayla Brown, William Decker]"}, "361": {"gemma": "[Ryan Phillips, Leslie Wilson, Olivia Cowan, Gary Huerta, Rebecca Sanchez, Debra Butler, Lindsey Mitchell, Madison Gardner, Harold Liu]"}, "362": {"gemma": "[Jillian Rodriguez, Mr. Kyle Romero DDS, Zachary Mcdaniel, Mark Oconnor, Dr. Michael Cruz, Jonathan Spears, Christopher Herrera, Laura Jimenez MD]"}, "363": {"gemma": "[Tiffany Cox, Denise Johnson, Morgan Smith, Tasha Whitaker]"}, "364": {"gemma": "[Laurie Smith, Frank Glenn, Daniel Booth]"}, "365": {"gemma": "[Bryan Ho, Kathryn Daniel, Louis Williams]"}, "366": {"gemma": "[Mary Smith, Sandra Lopez, Shawn Marshall, Hector Curry, Rita Mcdonald, James Wood, Gary Freeman]"}, "367": {"gemma": "[Joseph Rice, Harry Sanchez, Shawn Yoder, Linda Wright]"}, "368": {"gemma": "[Erica Rodriguez, John Harmon, Karen Cook, Bobby George, Maria Greene, Sarah Hobbs, Andrea Arnold, Eric White]"}, "369": {"gemma": "[April Chan, James Moses]"}, "370": {"gemma": "[John Ayers, Tammy Kelley, James Todd, Jill Matthews, Anna Rodriguez, Courtney Davis, Paul Robertson]"}, "371": {"gemma": "[Brandon White, Julie Mann, Jamie Yang, Susan Freeman, Emily Castillo]"}, "372": {"gemma": "[David Griffith, James Johnson, Brian David, Kim Nelson]"}, "373": {"gemma": "[Cynthia Chaney, Dylan Martinez, John Hudson, William Beltran, David Bailey, Patrick Peterson, Joshua Wong, Fernando Gallegos, Dustin Marsh]"}, "374": {"gemma": "[Donna Simmons, Sandra Hubbard, Robert Hayes, Michael Smith, Jeremy Griffin]"}, "375": {"gemma": "[Timothy Aguilar, Noah Tucker, Ashley Williams]"}, "376": {"gemma": "[Steven Koch, Sara Ramirez, Melanie Bridges, Anthony Mcdonald]"}, "377": {"gemma": "[Justin Davis, Taylor Jones, Olivia Taylor, Stacy Gutierrez]"}, "378": {"gemma": "[Ricardo Myers, Courtney Taylor, Mary Smith, Amy Herrera, Patrick Osborn, Nicole Henderson, Ryan Hart]"}, "379": {"gemma": "[Susan White, Kimberly Moreno PhD, Richard Cruz, Jaime Green, Michael Ramos, Michael Andrews, Eric Hall]"}, "380": {"gemma": "[Stephanie Carter, Gregory Holmes, Christopher Adams, Felicia Davis, Sara Carr]"}, "381": {"gemma": "[Anthony Hoover, Bruce Green, Joseph Howard, Leslie Rodriguez, Tyler Johnson]"}, "382": {"gemma": "[Brittany Ross, Jacqueline Cochran, Julie Stevens, Stacey Campbell, Amanda Jenkins, Gabrielle Martinez]"}, "383": {"gemma": "[Melissa Dennis, Seth Bartlett, Sabrina Holmes]"}, "384": {"gemma": "[Jose Munoz, Julia Donovan, Christopher Cabrera, Sarah Cortez, David Yates, Holly Alexander, Maria Byrd, Colin Davis]"}, "385": {"gemma": "[Joe Turner, Mark Park, Craig Hoover]"}, "386": {"gemma": "[Misty Torres, Benjamin Solis, Natalie Brown, Nicholas Reed, Ashley Morris]"}, "387": {"gemma": "[Mr. Ryan Macias, Marie Casey, Dylan Hernandez, Henry Carter]"}, "388": {"gemma": "[Christian Smith, Christopher Johnson, Steven Kennedy]"}, "389": {"gemma": "[Melinda Mendoza, Frank Clark, Natalie Norton, Shelly Cole]"}, "390": {"gemma": "[Sarah Adams, Gregg Buck, Jennifer Perez, Mary Clay, John Graves]"}, "391": {"gemma": "[Pamela Wright, Savannah Ruiz, Gregory Perez]"}, "392": {"gemma": "[Carol Kent, Alex Griffith, Sean Cunningham, Hannah Carter, Wanda Nelson, Charles Charles, Alexandra Hughes, James Delgado]"}, "393": {"gemma": "[John Vasquez, William Harris, Mandy Hoffman]"}, "394": {"gemma": "[Michael Malone, Natalie Goodman, Regina Mathews, Jon Hammond, Curtis Boyd]"}, "395": {"gemma": "[Brittney Stark, Joseph Owen, Bryan Hernandez]"}, "396": {"gemma": "[Vanessa Duffy, Jimmy Curtis, Zachary Blankenship, Jenna Adams, Robert Williams, Jeffrey Morrow, Nicole Cordova]"}, "397": {"gemma": "[Matthew Munoz, Erik Manning, Eric Garcia, Nicole Conrad, Casey Rojas, Kathryn Dawson, Vanessa Rogers]"}, "398": {"gemma": "[Terry Jimenez, Erica Richardson, Suzanne Brown, Emily Griffin, Ryan Aguirre, Melissa Cross]"}, "399": {"gemma": "[Martha Hurst, Ana Martinez, Nathan Nichols, Melissa Richardson, Amanda Casey, Chloe Lewis]"}, "400": {"gemma": "[Amanda Holden, Bruce Mosley, Christopher Watts, David Hawkins, Natalie Rhodes]"}, "401": {"gemma": "[Ebony Huff, Charles Ward, Nicholas Wolf DVM, Jennifer Collins, Angel Kane, Bradley Moreno, Matthew Ramos, John Nolan, Johnathan White]"}, "402": {"gemma": "[John Malone, Melissa Long, Matthew Rangel, Jamie Carter, Andrea Glenn, Carolyn Howell, Robert Pineda, Julie Miller]"}, "403": {"gemma": "[Nathaniel Washington, Lauren Brown, Megan Oconnell DVM, Leslie Campbell, Crystal Sanders, Julie Hall, Maria Miller, Barbara Gonzales]"}, "404": {"gemma": "[Nichole Berger, Nathan Vazquez, Emily Martin, Brandon Greene, John Ballard, David Gamble, Christina Shah, Richard Crawford, Patricia Wright]"}, "405": {"gemma": "[Shawn Kerr, Peggy Woods]"}, "406": {"gemma": "[Brian Smith, Travis Johnson, Dr. Tyler Johnson, Nancy Bryan]"}, "407": {"gemma": "[Miranda Martinez, Zachary Mora, Rachael Padilla, Jessica Patrick]"}, "408": {"gemma": "[Danny Bridges, Andrea Williams]"}, "409": {"gemma": "[Adam Willis, Becky Campbell, Scott Short]"}, "410": {"gemma": "[Courtney Rubio, Kevin Johnson, Lance Palmer]"}, "411": {"gemma": "[Shelly Walker, Curtis Fitzpatrick, Michelle Bolton]"}, "412": {"gemma": "[Randall Bishop, Hayden Mason, Mr. Anthony Navarro Jr., Randy Perez, Mrs. Cindy Jacobs, Michele Parker, Abigail Wise]"}, "413": {"gemma": "[Mary Ali, Steven Adams, Sarah Rodriguez, Angel Sanchez]"}, "414": {"gemma": "[Tom Bowman, Daniel Mitchell, Michael Howard]"}, "415": {"gemma": "[Mrs. Heather Becker DVM, Janice Pennington, Christian Meyers, Katie Crawford, Kenneth Martinez]"}, "416": {"gemma": "[David Goodman, Elizabeth Giles, Donald Wilson, Maria Gutierrez, Sheri Herrera]"}, "417": {"gemma": "[Stephanie Clay, Gregory Banks, Philip King, Bruce Wright, Cory King, Raymond Lam]"}, "418": {"gemma": "[William Clark, Matthew Murray, Ryan Lawson, Michelle Welch, James White]"}, "419": {"gemma": "[Mr. Patrick Wheeler, Edgar Williams, Patrick Sims, Dr. Leon Roberts Jr., Austin Collins, Randall Gross, Kristine Booker]"}, "420": {"gemma": "[Cynthia Decker, Antonio Anderson, Rachel Reed, Mary Hunter]"}, "421": {"gemma": "[Angel Dawson, Joshua Herman, Christopher Brown, Joseph Mayer]"}, "422": {"gemma": "[Mr. Joshua Farmer, Karen Nash, Benjamin Rodriguez, Steven Novak, Brian Johnson]"}, "423": {"gemma": "[Richard Dunn, Ronald Estes, Amanda Patterson, George Williams, Kimberly Welch, Krista Garcia]"}, "424": {"gemma": "[Beth Parker, Daniel Webster, Mrs. Nancy Anderson, Joanna Savage]"}, "425": {"gemma": "[Christina Diaz, Ashley Jones, Alyssa Mitchell, Dakota King, Jeffery Garcia, Daniel Brown]"}, "426": {"gemma": "[Nancy Thomas, Mark Carroll, Andrew Collins, Kaitlin Lloyd, Julie Wilson]"}, "427": {"gemma": "[Maria Miller, Tiffany Gray, Mr. Gary Mcdonald MD, Jennifer Robinson, Jesse Stark, Bryan David, Mariah Nelson, Christian Rogers, Ashley Myers, Dennis Shannon]"}, "428": {"gemma": "[Elizabeth Smith, Connor Knight, John Fuller, Autumn Hawkins, Robert Curry]"}, "429": {"gemma": "[Nicholas Reyes, Tracy Jones]"}, "430": {"gemma": "[Randy Crawford, Kathy Galvan, Wendy Caldwell, Mr. Mark Gonzalez, Jamie Aguilar]"}, "431": {"gemma": "[Benjamin Henderson, Daniel Williams, Christopher Hernandez, Todd Mullins, Angel Watkins]"}, "432": {"gemma": "[Katrina Smith, Angela Mcneil]"}, "433": {"gemma": "[Connor Williams, Kerry Chapman, Anthony Williams]"}, "434": {"gemma": "[Jennifer Brown, Cassidy Nelson, David Beasley, John Lewis, Jay Bolton, Taylor Robinson, Nicholas Gregory]"}, "435": {"gemma": "[Michael Anderson, Veronica Stephens, David Page, Terry Howell, Christy Schneider, Ryan Wilson, Madeline Johnson, Kevin Cooper, Jason Davis]"}, "436": {"gemma": "[Curtis Gonzalez, Joseph Griffin, Alexander Wright IV, Tiffany Larson, Michelle Pearson]"}, "437": {"gemma": "[Linda Mckay, Gregory Jones, Mr. Robert Ford MD]"}, "438": {"gemma": "[John Davis, Brian Kim, Alexis King, Cesar Fox]"}, "439": {"gemma": "[Susan Stewart, Mitchell Salas, Brian Miller, Cheryl Ellis, Jennifer Sheppard, Angela Robertson, Bruce Allen, Elizabeth Barrett, Patricia Russell]"}, "440": {"gemma": "[Mary Campbell, Matthew Castillo, Brendan Armstrong]"}, "441": {"gemma": "[Evan Griffin, Barbara Fletcher, David Jones, David Davis, Jessica Hall]"}, "442": {"gemma": "[Dr. Kyle Riley, Russell Ford, Elizabeth Terry, Hunter Zimmerman, Linda Stephens]"}, "443": {"gemma": "[Angela Franklin, Jessica Hall, Monica Stark, Mark Sanders, Alexis Rice]"}, "444": {"gemma": "[Andrew Sanchez, Mark Bradshaw, Matthew Johnson, Anthony Johnson, Mr. Reginald Gould, Bailey Snow]"}, "445": {"gemma": "[Allison Olson, Cynthia Jones, Emma Scott, Christopher Benjamin]"}, "446": {"gemma": "[Tina Rivera, Maria Lopez, Andrew Lowe, Brian Haley, Judy Yoder]"}, "447": {"gemma": "[Luis Mitchell, Wyatt Brown, Stephen Villa]"}, "448": {"gemma": "[Terry Moody, Joshua Robertson, Michelle Boyd, Allen Henderson, Mark Burns, Justin Gutierrez, April Barker, Joseph Patel, Jeffrey Harrington]"}, "449": {"gemma": "[Carolyn Lloyd, Andrew Anderson, Jessica Erickson, Denise Joseph]"}, "450": {"gemma": "[Mindy Johnson, Alan Fox, Bryan Holmes, Cody Norris]"}, "451": {"gemma": "[Michelle Johnson, Jennifer Hansen, Heather Smith, Deborah Whitaker, Melissa Archer]"}, "452": {"gemma": "[Haley Pierce, Anthony Morris, Kelly Orr, Jacob Campbell]"}, "453": {"gemma": "[Jose Wagner, Warren Peck, Patricia Burton]"}, "454": {"gemma": "[Kim Castro MD, Ian Rodriguez, Jose Martin, Kristin Morgan]"}, "455": {"gemma": "[Patrick Mason, Isaiah Zhang, Matthew Taylor]"}, "456": {"gemma": "[Daniel Smith, Joseph White, Brittany Snyder, Karen Martin, Mariah Guerrero, Stephen Rich]"}, "457": {"gemma": "[Kathryn Smith, Amy White, David Herman]"}, "458": {"gemma": "[Kevin Cox, John Cohen, Ryan Suarez, Melissa Flores]"}, "459": {"gemma": "[Brittany Young, Douglas Roman, Jessica Gates, Melissa Williams, Mary Lam, Gary Contreras, Jason Horn, Joshua Salazar, Austin Jones, Erica Gordon, Kimberly Roberts, Bethany Klein]"}, "460": {"gemma": "[Peter Schwartz, Christine Saunders, Rebekah Lawson, Debbie Baird, Warren Maynard, Melody Sexton, Jonathan Ross, Sabrina Fitzgerald, Kevin Day, Cindy Russell, Kara Khan, Amanda Anderson]"}, "461": {"gemma": "[Molly Blackwell, Jorge Jones]"}, "462": {"gemma": "[Timothy Peterson, Kathleen Sutton, Ian Sellers, Jenna King, Jeffery Massey, Jill Thompson]"}, "463": {"gemma": "[Daniel Smith, Tiffany Sanchez, Valerie Terry]"}, "464": {"gemma": "[Dustin Doyle, Robert Fox, David Owens, Alan Kaufman, Jennifer Hahn]"}, "465": {"gemma": "[Sean Jackson, Douglas Malone, Adam Thompson, Jason Ryan]"}, "466": {"gemma": "[Heidi Murillo, Hailey Thompson, Benjamin Williams MD, Tiffany Stephens, Debra Adams, Erin Phelps, Jason Fox, Walter Murphy, Tammy Clark, Kathleen Jenkins, Debbie Vaughn, Stephanie Mcknight, Karen Garcia MD]"}, "467": {"gemma": "[Mark Sampson, Christopher Morgan, Michael Hernandez, Matthew Willis]"}, "468": {"gemma": "[Paul Davis, Michael Clark, Edwin Ross]"}, "469": {"gemma": "[Heather Hernandez, William Jackson, Diane Liu, James Fuentes]"}, "470": {"gemma": "[Lori Campbell, Susan Jones, Brandon Harvey, Calvin Bennett, Taylor Cortez, Melissa Beltran, Stephanie King, Michelle Sandoval]"}, "471": {"gemma": "[Brittany Perez, Tara Stone, Craig Booker]"}, "472": {"gemma": "[Amanda Mathews, Kristen Perry, James Campbell, Adrian Pena]"}, "473": {"gemma": "[Michelle Carrillo, Nicholas Moore, Michelle Fischer, Crystal Joyce, Bonnie Young]"}, "474": {"gemma": "[Robert Bell, Christopher Shaw, Carrie Aguirre PhD]"}, "475": {"gemma": "[Karen Hendricks, Nicholas Valencia, JohnSanchez]"}, "476": {"gemma": "[Jesse Cardenas, Madison Garcia, Julia Taylor, Cristian Gomez, Kelly Moore]"}, "477": {"gemma": "[Kristy Tucker, Kimberly Evans MD, David Lozano, Michelle Cooper, Manuel Nelson]"}, "478": {"gemma": "[Amy Scott, Richard Reynolds, Timothy Tate, Stephen Wright, James Edwards, Christian Baker, Kelly Chen, Karen Morgan, Stacy Beard]"}, "479": {"gemma": "[Dr. Justin Newton, Ashlee Hopkins, Michele Shelton, Ashley Sherman, Catherine Jones, Vicki Walsh, Elizabeth Sullivan, Scott Edwards, Cody Miller]"}, "480": {"gemma": "[Travis Wilkerson, Darren Evans, Nathan Dunn]"}, "481": {"gemma": "[Catherine Ross, Anthony Robertson, Victoria Harris, Scott Ramirez MD, Benjamin Weiss]"}, "482": {"gemma": "[Charles Roberts, Ryan Williams, Elizabeth Smith, James Barber]"}, "483": {"gemma": "[Lori Sullivan, Joseph Hanson, David Smith]"}, "484": {"gemma": "[Connor Dennis, Erik Riddle, Christopher Fry]"}, "485": {"gemma": "[Gary Andrade, Jerry Mcneil, Melissa Perez, Christine Li, Kari Brown, Daniel Townsend]"}, "486": {"gemma": "[Zachary Sanchez, Susan Tapia, Heather Ortega, Lawrence Ryan, John Savage, Michael Robinson, Nicholas Gonzalez, Heather Morris, Alisha Flores, Sandra Rodriguez]"}, "487": {"gemma": "[John Rowe Jr., Kimberly Marshall, Rachel Schroeder, Caitlin Guzman, Hannah Butler, Alisha Murray, Dakota Sims, Nicholas Stone, Lisa Baxter, Joseph Robbins]"}, "488": {"gemma": "[Heather Frazier, Michael Sanders, Breanna Cummings, Lisa Scott]"}, "489": {"gemma": "[Jennifer Roman, Kim Martinez]"}, "490": {"gemma": "[Beverly Avery, Roy Cunningham, Christopher Steele, Steven Price]"}, "491": {"gemma": "[Chase Thomas, Joseph Farley, Michele Calhoun, Mercedes Freeman, William Gray, Casey Peterson, Sheri Herrera, Jennifer Fletcher]"}, "492": {"gemma": "[Paige Chen, Mark Brown, Lisa Gallagher, James Williams, Albert Hendrix]"}, "493": {"gemma": "[Nicole Gutierrez, Joseph Gordon, Blake Long, Dr. Michael Allen PhD]"}, "494": {"gemma": "[Elizabeth Davis, Lindsey Torres, Brandy Good, Eric Williams, Christopher Richards]"}, "495": {"gemma": "[Anita Hernandez, Manuel Sanders, Alexander Snow, Laura Johnson MD, Natalie Stewart]"}, "496": {"gemma": "[David Glenn, Jason Smith, Cheryl Jenkins, Latasha Cunningham, Amanda Morris, Aaron Bowman]"}, "497": {"gemma": "[Jean Collins, John Joseph]"}, "498": {"gemma": "[Monica Sparks, Brandon Vance, Brittany Sanford]"}, "499": {"gemma": "[William Saunders, Erin Carlson, Brandon Valenzuela]"}}