{"0": {"llama8b": "[Veronica Garcia, Megan Banks, Julia Dominguez, Rachel Mitchell, Katherine Brennan, Brett Johnson, Angel Chavez, Steven Martin]"}, "1": {"llama8b": "[Teresa Hughes, Eric Davis]"}, "2": {"llama8b": "[Shawn Grant, Mark Johnson, Christopher Decker]"}, "3": {"llama8b": "[Monica Watkins, Valerie Armstrong, Dr. Nicholas Fleming DDS, Sarah Garza, Cesar Byrd, Brandon Klein, Samantha Dickerson, Cheryl Ellis]"}, "4": {"llama8b": "[Curtis Meza, Roger Martin]"}, "5": {"llama8b": "[Kelsey Ryan, Kathryn Bernard, Valerie Patrick]"}, "6": {"llama8b": "[Elizabeth Vargas, Rebekah Brooks, Thomas Duncan]"}, "7": {"llama8b": "[Shelby Saunders, Greg Kirk, Kelsey Doyle, Edward Tucker, Mrs. Jessica Moore, Susan Cole, Robin Gray, Christina Marshall, Jennifer Roy, Isabella Pratt, Kimberly Brown, William Chen, Stephen Edwards, Dr. Bailey Thompson]"}, "8": {"llama8b": "[Kristi Morris, Daniel Rosario]"}, "9": {"llama8b": "[Melanie Santiago, David Jones]"}, "10": {"llama8b": "[Joshua Thomas, Rachel Frank, John Schultz, Peter Tapia]"}, "11": {"llama8b": "[Carl Robinson, Kevin Bowen]"}, "12": {"llama8b": "[Teresa Morris, Amy Gentry]"}, "13": {"llama8b": "[Dr. Elizabeth Sullivan, Brian Wright]"}, "14": {"llama8b": "[Robert Bell, Ashley Williams, Miss Heather Ware]"}, "15": {"llama8b": "[Joseph Bowman, Jamie Garcia, Marilyn Simmons, Shelley Jones, Michael Stevens, Troy Butler, Allison Alvarez, Jerry Larson, Melissa Mitchell]"}, "16": {"llama8b": "[Ronald Cervantes, Mr. Matthew Christian]"}, "17": {"llama8b": "[Jose Alexander, Susan Greene, Michael Young, Patrick Higgins, Richard Conrad, Matthew Ball, Tony Alvarez, Shannon Ford, Kelsey Elliott, Johnathan Jones, Derrick Jackson Jr.]"}, "18": {"llama8b": "[Anna Green, Eric Coleman, Glenn Young]"}, "19": {"llama8b": "[Juan French, Todd Kramer]"}, "20": {"llama8b": "[Cynthia Kirk, Jordan White, Christina Li, Maurice Miller, Tina Howard, Brian Cochran, Jack Alexander]"}, "21": {"llama8b": "[John Brown, Zachary Cannon]"}, "22": {"llama8b": "[Heather Barrett, Zachary Potter, Amy Watson]"}, "23": {"llama8b": "[Heidi Kennedy, Robert Mullins, Angel Calderon]"}, "24": {"llama8b": "[Leslie Johnson]"}, "25": {"llama8b": "[Christopher Williams, Maria Lam, Alyssa Johnson, Nicholas Atkins]"}, "26": {"llama8b": "[Steven Mills, Chad Olson, Derek Payne]"}, "27": {"llama8b": "[Mary Reynolds, Rebecca Gillespie]"}, "28": {"llama8b": "[Michael Lee, Lisa Henry]"}, "29": {"llama8b": "[Melissa Hill, Gabrielle Day]"}, "30": {"llama8b": "[Mark Thompson, Jill Brady, Mrs. Melanie Webster]"}, "31": {"llama8b": "[Justin Pena, Susan Moreno, Justin Washington, Cameron Russell, James Kline, Kari Henry, Jessica Crane]"}, "32": {"llama8b": "[Monica Stokes, Gloria Galvan]"}, "33": {"llama8b": "[Victor Novak, Richard Kelley]"}, "34": {"llama8b": "[Jasmine Quinn, Eric Miller, Andrew Evans, Michael Thompson]"}, "35": {"llama8b": "[Patricia Sullivan, Lisa Boone]"}, "36": {"llama8b": "[Logan Sosa, Kathleen Murray, Frank Ford, William Powell]"}, "37": {"llama8b": "[Laura Obrien, Andrea Miller MD, Tiffany Mcdonald]"}, "38": {"llama8b": "[Amy Garcia, Meagan Pierce, Scott Herrera]"}, "39": {"llama8b": "[Randy Cook, Michael Patrick]"}, "40": {"llama8b": "[Jason Morales, Mrs. Karen Anderson]"}, "41": {"llama8b": "[William Walker, Michelle Gonzalez, Lauren Griffith, Madeline Wiggins]"}, "42": {"llama8b": "[Lynn Weaver, Blake Long, Stephen Riggs, Johnathan Nicholson]"}, "43": {"llama8b": "[Michelle Vasquez, Scott Bryant, Christina Cantu, Jacob Powers]"}, "44": {"llama8b": "[Dwayne West, Chelsea Bryant]"}, "45": {"llama8b": "[Barry Fuentes, Melinda Fisher]"}, "46": {"llama8b": "[Damon Miller, Christopher Cooley, Seth Alexander]"}, "47": {"llama8b": "[Andrew Miller, Robert Johnston]"}, "48": {"llama8b": "[Jason Barker, Timothy Jones]"}, "49": {"llama8b": "[Megan Campbell, Glenda Harvey]"}, "50": {"llama8b": "[Michael Powell, Jennifer Lawrence, Tiffany Thomas]"}, "51": {"llama8b": "[Samuel Patel, John Williams]"}, "52": {"llama8b": "[Katherine Chung, Mark Mason, Rebecca Harrington]"}, "53": {"llama8b": "[Catherine Stewart, Amy Hill]"}, "54": {"llama8b": "[Andres Hall, Ashley Leonard, Daniel Knox]"}, "55": {"llama8b": "[Christopher Shaw, Derrick Huber, Christopher Jones]"}, "56": {"llama8b": "[Marissa Watson, Amy Jones]"}, "57": {"llama8b": "[Elizabeth Cruz, Betty Whitaker DDS]"}, "58": {"llama8b": "[Michael Page, Steven Peterson, Jorge Norton DDS, Andrew Aguirre, Elizabeth Rogers]"}, "59": {"llama8b": "[Amanda Garcia, Terry White, Robert Edwards, Chelsea Williams]"}, "60": {"llama8b": "[Crystal Underwood, Christopher Coleman]"}, "61": {"llama8b": "[Mark Hooper, Travis Brandt DVM, Anthony Perez]"}, "62": {"llama8b": "[Matthew Holmes, Brian Wheeler, Jeffrey Parker MD, Maria King]"}, "63": {"llama8b": "[Toni Calhoun, Laura Bailey, Ms. Bethany Waller]"}, "64": {"llama8b": "[Erin Washington, Emily Johnson]"}, "65": {"llama8b": "[Catherine Miller, Tammy Martinez]"}, "66": {"llama8b": "[Mark Sims, Regina Simmons, Vincent Harris, Michael Stanton, Rachel Collins]"}, "67": {"llama8b": "[Ann Roberts, Sara Lewis]"}, "68": {"llama8b": "[Kim Roberts, Timothy Trujillo MD]"}, "69": {"llama8b": "[Ann Hernandez, Heather Torres]"}, "70": {"llama8b": "[John Ali, Colleen Lee]"}, "71": {"llama8b": "[Aaron Burke, Regina Simmons, Robert White, Brian Rodriguez, Anne Newton, Benjamin Luna, Christine Dixon, Jimmy Aguilar, Anthony Jones, Michelle Davis, Paul Mccoy, Chad Taylor, April Robertson, Brian Fernandez]"}, "72": {"llama8b": "[Kimberly Lester, Cindy Bennett, Matthew Harvey, Thomas Dougherty, Susan Ward, Benjamin Dennis, Samantha Bruce, Peter Stewart, Jacob Gordon, Nichole Becker, David Austin, Teresa Cooper, Tyler Miller, Martin Boyd]"}, "73": {"llama8b": "[Samantha Baker, Betty Robinson, Lauren White]"}, "74": {"llama8b": "[Lauren Thomas, Brandi Evans, Erika Davis]"}, "75": {"llama8b": "[Sherry Ward, Jennifer Harrell]"}, "76": {"llama8b": "[Donald Ramsey, Christine Walker]"}, "77": {"llama8b": "[Brandon Webster, Thomas Carroll, Angela Carr, Crystal Koch]"}, "78": {"llama8b": "[Anna Adams PhD, Brian Garcia, Kathleen Perry]"}, "79": {"llama8b": "[Christopher Mercer, Pamela Lee]"}, "80": {"llama8b": "[Evan Flores, Scott Allison]"}, "81": {"llama8b": "[Ruben Randall, Thomas Steele]"}, "82": {"llama8b": "[Andrea Stevenson, Ryan Smith, David Anderson]"}, "83": {"llama8b": "[Hector Mckinney, James Russell]"}, "84": {"llama8b": "[Joseph Carter PhD, Kristy Sanders]"}, "85": {"llama8b": "[Kristin Chapman, Matthew Flores]"}, "86": {"llama8b": "[Steven White, Jason Salazar, Michael Perry]"}, "87": {"llama8b": "[Ryan Beck, Anne Payne]"}, "88": {"llama8b": "[Gregory Salinas, Mckenzie Ponce]"}, "89": {"llama8b": "[Justin Horton, Kristen Petty, Allison Simpson, Edward Davis]"}, "90": {"llama8b": "[Regina Hill, Jeremy Choi, Erin Holt]"}, "91": {"llama8b": "[Tyrone Kelley, Michelle Kramer]"}, "92": {"llama8b": "[Tamara Garcia, Anthony Tyler]"}, "93": {"llama8b": "[Barbara Walters, Timothy Torres]"}, "94": {"llama8b": "[Jose Peters, Robert Hamilton, Mr. Steven Arnold]"}, "95": {"llama8b": "[Alexandra Morales, Jason Wong]"}, "96": {"llama8b": "[Eric Sims, Michelle Simon]"}, "97": {"llama8b": "[Lauren James, Ms. Erin Mendoza]"}, "98": {"llama8b": "[Mr. Christopher Taylor, Jeffery Kane, Jennifer Duncan]"}, "99": {"llama8b": "[Kaitlin Baker, Michael Garcia]"}, "100": {"llama8b": "[Tyler Saunders MD, Mrs. Jennifer Gregory, Angel Sherman, Jared Robles, Jessica Chavez, Amy Moore, Benjamin Schroeder, Natasha Davis]"}, "101": {"llama8b": "[Brooke Sanchez, Mariah Smith, Christopher Anderson]"}, "102": {"llama8b": "[Victoria Kidd, Lindsey Wolf, Julia Jones, Kim Ward, Sherry Sanders]"}, "103": {"llama8b": "[Jon Burton, Gina Cruz, Timothy Perez, Bruce Matthews, Michael Stein, Chase Cohen, Derek Lopez, Albert Ritter]"}, "104": {"llama8b": "[Jennifer Walker, Mary Rasmussen, David Jones, Christy Adams, Emma Stewart, Timothy Sanchez, Mr. Matthew Christian]"}, "105": {"llama8b": "[Jerry Bowman, Kayla Bishop, Erika Daugherty, Lisa Summers]"}, "106": {"llama8b": "[Rebecca Gray, Larry Martinez, Jennifer Richardson]"}, "107": {"llama8b": "[Theresa Schultz, Frank Mason, Steven Miller, Samantha Yang]"}, "108": {"llama8b": "[Erika Coleman, Robert Lewis]"}, "109": {"llama8b": "[Brandy Mathis, Stephen Hess]"}, "110": {"llama8b": "[John West, Patricia Miller, Bryan Stewart]"}, "111": {"llama8b": "[Kimberly Warren, Gene Bennett, Vincent Moore]"}, "112": {"llama8b": "[Kimberly Reed, Cameron Roberts, Samantha Harding]"}, "113": {"llama8b": "[Timothy Gallagher, Paul Robinson]"}, "114": {"llama8b": "[Benjamin Johnson, Zachary Moore, Connie Williams]"}, "115": {"llama8b": "[Rebecca Sosa, Jose Hamilton, Matthew Schroeder, Andrew Robertson, Lisa Rice]"}, "116": {"llama8b": "[Jamie Oliver, Mr. Joseph Mcclure Jr.]"}, "117": {"llama8b": "[Mackenzie Adams, Barbara Warren, Lindsay Smith, Michael Bishop, Amanda Davis]"}, "118": {"llama8b": "[Michael Young, Pamela Rivera, Jordan Franco]"}, "119": {"llama8b": "[Ryan Lloyd, Debra Weiss, Melanie Kelly, Patrick Romero]"}, "120": {"llama8b": "[Mr. Joshua Phillips, Sara Ramirez]"}, "121": {"llama8b": "[Matthew Lawrence, Michael Arroyo, Malik Harris, Krista Shields]"}, "122": {"llama8b": "[Cynthia Smith, Jason Sanders, Nancy Lawrence]"}, "123": {"llama8b": "[Anthony Elliott, Mr. Thomas Ayala, Joseph Smith, Pamela Johnson]"}, "124": {"llama8b": "[Benjamin Wagner, Frank Brown]"}, "125": {"llama8b": "[Deborah Wright, Mark James, Jill Page, George Jimenez, Brandon Andrade]"}, "126": {"llama8b": "[David Martin, Kiara Johnson, Craig Collins]"}, "127": {"llama8b": "[Kim Griffith, Lee Jennings, Michael Lawson, Joshua Lynch]"}, "128": {"llama8b": "[Kristen Burns, Evan Wright, Joshua Rivers]"}, "129": {"llama8b": "[Steven Arias MD, Derek English]"}, "130": {"llama8b": "[Justin Ramirez, Sean Young, Cheyenne Zamora]"}, "131": {"llama8b": "[Amber Gillespie, Michael Baker, Kimberly Archer, Joshua Kane, Victoria Williamson, Matthew Paul, Raven Thomas, Craig Murphy MD]"}, "132": {"llama8b": "[Adam Sharp, Jill Smith]"}, "133": {"llama8b": "[Charles Hill, Sarah Rodriguez, William Hernandez]"}, "134": {"llama8b": "[Renee Brown, Kyle Best, Richard Solis]"}, "135": {"llama8b": "[Sharon Williamson, John Davis, Timothy Moore, Andrew Price, Shane Bowers, Melissa Farley, Amanda Lucero, Sarah Smith, Anthony Daniel, Jordan Downs]"}, "136": {"llama8b": "[Vincent Fisher, Susan Chen]"}, "137": {"llama8b": "[Micheal Clark, Shawn Kline]"}, "138": {"llama8b": "[Christopher Scott, Chelsea Nguyen, Gary Harris]"}, "139": {"llama8b": "[Debbie Yates, Ryan Rodriguez, Miss Gabrielle Wright, Mary Campbell]"}, "140": {"llama8b": "[Phillip Marsh, Courtney Escobar]"}, "141": {"llama8b": "[Noah Decker, Jonathan Beasley]"}, "142": {"llama8b": "[Joseph Wells, Mark Torres Jr., Susan Jennings]"}, "143": {"llama8b": "[Evelyn Franklin, Ryan Anderson, Jeffrey Yang, Susan Gomez, James Davis, Richard Cortez, Darrell Terry, Miss Kathleen Parrish, Mrs. Teresa Ward DDS, Andrew Brown, Jasmine Anderson, Jessica Brewer]"}, "144": {"llama8b": "[Lisa Douglas, Michelle Williams]"}, "145": {"llama8b": "[David Dalton, Travis Swanson, Rebecca Randall]"}, "146": {"llama8b": "[Matthew Irwin, William Lee, Alex Jones, Stacey Owens]"}, "147": {"llama8b": "[Lee Espinoza, Margaret Murphy, Thomas Moyer, Jeremy Leon, Jody Martinez, Courtney Harris, Sean Hunter, Henry Lee, James Brown, Steven Fox, Theresa Scott, Joe Brown, John Mills, Michael Harmon]"}, "148": {"llama8b": "[Dylan Foster, Tyler Hansen DDS]"}, "149": {"llama8b": "[Mark Payne, Ashley Gray]"}, "150": {"llama8b": "[Leah Mahoney, Peter May, Brandon Tucker, Dana Roberts]"}, "151": {"llama8b": "[Sara Jones, Corey Rogers]"}, "152": {"llama8b": "[Tony Willis, Rebecca Norman]"}, "153": {"llama8b": "[Maria Luna, Rebecca Jones]"}, "154": {"llama8b": "[Richard Flores, Kristen Douglas, Michael Gay]"}, "155": {"llama8b": "[Gregory Summers, Joseph Mcguire]"}, "156": {"llama8b": "[Amy Smith, Richard Santana, Vincent Green, William Paul]"}, "157": {"llama8b": "[Elizabeth Hurst, Deborah Bowman, Mrs. Marcia Macias DDS, Anthony Nguyen, Jodi Gibson]"}, "158": {"llama8b": "[Dean Zimmerman, Christopher Ramirez, Ashley Bell]"}, "159": {"llama8b": "[Mark Barnes, Ryan Foster, Sergio Shaw, Holly Smith, Brian Bishop, Jacqueline Cochran, Christina Singh, Nicole Young, John Savage]"}, "160": {"llama8b": "[Elizabeth Kirk, Ruben Simmons]"}, "161": {"llama8b": "[Tammy Burgess]"}, "162": {"llama8b": "[Heather Smith, Michelle Sandoval, Patricia Reed]"}, "163": {"llama8b": "[Christopher Wilson, Laura Meyers, Robert Church]"}, "164": {"llama8b": "[Eric Henderson]"}, "165": {"llama8b": "[Angela Jimenez]"}, "166": {"llama8b": "[Kimberly Peterson MD, Kim Garcia, Kayla Hall]"}, "167": {"llama8b": "[Joan Shields, Richard Blair]"}, "168": {"llama8b": "[Eric Dawson, Jennifer Romero]"}, "169": {"llama8b": "[Kathryn Williamson, Jason Brown]"}, "170": {"llama8b": "[Michael Rowland, James Velazquez, Donna Watson, Angela Reid]"}, "171": {"llama8b": "[Duane Hall, Ellen Welch, James Johnson]"}, "172": {"llama8b": "[Kristen Long]"}, "173": {"llama8b": "[Nathan Allison, Susan Austin, Bryan Berg, Holly Wilson, Joyce Jones, Kelly Ford, Christopher Harding, Sara George]"}, "174": {"llama8b": "[Joseph Patterson, Vincent Price, Melissa Cook]"}, "175": {"llama8b": "[Destiny Simpson, Cheryl Prince]"}, "176": {"llama8b": "[Raymond Carter, Christina Campbell]"}, "177": {"llama8b": "[Alicia Robinson, John Moore]"}, "178": {"llama8b": "[Michael Ellis, Kenneth Stein, Brandon Medina]"}, "179": {"llama8b": "[Jenny Swanson, Stephanie Beard, Anthony Smith, Daniel Mcintyre, Christopher Kennedy, Mary Leach, Deanna Holt]"}, "180": {"llama8b": "[Nicholas Roberson MD, Gregory Hughes]"}, "181": {"llama8b": "[Carol Horton, Mr. Cameron Joseph]"}, "182": {"llama8b": "[Oscar Montgomery, Kristin Burgess, Blake Banks, Erika Brown]"}, "183": {"llama8b": "[Jeffery Choi, Michelle Burnett]"}, "184": {"llama8b": "[Kevin Morrow, Sherri Bruce]"}, "185": {"llama8b": "[Joy Weber, Mr. Eric Mckay, Matthew Carlson]"}, "186": {"llama8b": "[Jose Carpenter, Stephanie Livingston, Antonio Gutierrez]"}, "187": {"llama8b": "[William Hanna, Hannah Murphy]"}, "188": {"llama8b": "[Steven Collins, Claudia Harris]"}, "189": {"llama8b": "[Wendy Turner, Rebecca Watson, Jonathan Bailey, Laura Gordon, Jose Miller, Heidi Mcknight, Gary Martinez, Pamela Miller, Karen Robertson, David Murphy, Sarah Blankenship, Shawn Schultz, Isaac Jennings, Edward Phillips]"}, "190": {"llama8b": "[Debra Greene, Margaret Wilson, Joshua Jones]"}, "191": {"llama8b": "[Jorge Reyes, Anthony Carlson]"}, "192": {"llama8b": "[Elizabeth Washington, Gregory Olson MD]"}, "193": {"llama8b": "[Michelle Hernandez, Bethany Leonard]"}, "194": {"llama8b": "[Julia Phillips, Lori Daniel, Jeremiah Mason MD]"}, "195": {"llama8b": "[Nicholas Mitchell, Jennifer Peters, Stephanie Cruz, Jacob Lee, Vincent Ruiz, Michael Allen, Aaron Baldwin, Ryan Thornton]"}, "196": {"llama8b": "[Walter Meyer, Stephanie Bean, John Cunningham, Elizabeth Mullen, Michael Hopkins]"}, "197": {"llama8b": "[Marisa Jackson, Sean Moreno]"}, "198": {"llama8b": "[Mark Flores, Andrew Kennedy, Cynthia Buck]"}, "199": {"llama8b": "[Teresa Morrison, Jeffrey Henry, Jeremy Wagner, Mark Hickman, Mrs. Breanna Wheeler, Jeremy Peterson, Suzanne Moody, Matthew Carlson, Stefanie Boyle]"}, "200": {"llama8b": "[Catherine Smith, Thomas Zamora]"}, "201": {"llama8b": "[Desiree Johns, Carolyn Welch, Cathy Graham, Nicole Guerra]"}, "202": {"llama8b": "[Paul Williams, Jennifer Chaney, Sue Schmitt]"}, "203": {"llama8b": "[Patricia Castro, Stephen Williams, Trevor Morrison]"}, "204": {"llama8b": "[Roberta Jacobson, Sarah Callahan]"}, "205": {"llama8b": "[Megan Brandt, Breanna Stone]"}, "206": {"llama8b": "[Kenneth Turner, Lisa Wood, James Mcdonald, Jessica Jones, Yolanda Becker]"}, "207": {"llama8b": "[Anna Griffin, Eric Brooks, Katie Leblanc, Adam Wilson]"}, "208": {"llama8b": "[Travis Williams, John Robles, Matthew Goodman]"}, "209": {"llama8b": "[Janice Davidson, Mr. Jacob Wright DDS, Diana Brown]"}, "210": {"llama8b": "[Heidi Perez, Brett Arnold, Amy Massey]"}, "211": {"llama8b": "[Xavier Mitchell, Shannon Osborne, Brenda Melton, Kathleen Mason, Jennifer Miller]\n\nExplanation: In this social network, we have the following names and connections: Xavier Mitchell, Shannon Osborne, Brenda Melton, Kathleen Mason, and Jennifer Miller. The connections are: Xavier Mitchell to Shannon Osborne, Shannon Osborne to Kathleen Mason, and Brenda Melton to Jennifer Miller. From these connections, we can identify one connected component that includes all the given names. By selecting one representative node from this connected component, we have Xavier Mitchell. Therefore, the answer is [Xavier Mitchell]."}, "212": {"llama8b": "[Christopher Blake, Lauren Ross, Brittany Hawkins]"}, "213": {"llama8b": "[Ethan Mcdaniel, Sara Hamilton, Thomas Kennedy]"}, "214": {"llama8b": "[Jay Duncan, Paul Rodriguez, Joseph Vazquez]"}, "215": {"llama8b": "[Erica Bates, Amy Johnson]"}, "216": {"llama8b": "[Jennifer Ramos, Sean Chan]"}, "217": {"llama8b": "[Andrew Roberts, Pamela Jones, Andrew Bryant]"}, "218": {"llama8b": "[Harry Smith, Michael Maddox, Anthony Bryan]"}, "219": {"llama8b": "[Katherine Gomez, Daniel Hunter]"}, "220": {"llama8b": "[Shannon Patel, Rebecca Rhodes]"}, "221": {"llama8b": "[Erin Guerra, Heather Thompson, Susan Mitchell DDS]"}, "222": {"llama8b": "[Crystal Chavez, Monique Hale, Adam Brewer, Alan Wong]"}, "223": {"llama8b": "[Mr. Joshua Shaw, Robert Villanueva, Danielle Pearson, John Cain, Kimberly Bolton, Mary Reeves, Richard Mccarty, Bryan Foster, David Warner, Regina Le, Steven Hart, Nicholas Heath]"}, "224": {"llama8b": "[Katherine Dunn, Lisa Smith, Bryan Shaw, Teresa Jordan, Madison White MD]"}, "225": {"llama8b": "[Tracy Richardson, Melissa Hawkins]"}, "226": {"llama8b": "[Ryan Cameron, Michelle Medina, Carrie Walsh]"}, "227": {"llama8b": "[Phillip Simon, Mr. Thomas Villarreal, Darren Powers, Daniel Rowland, Kathleen Hopkins, Daniel Lynch, Kim Lloyd, Abigail Turner]"}, "228": {"llama8b": "[Elizabeth Gonzalez, Antonio Sims, Jennifer Lopez, John Johnson, Daniel Wells, John Robinson, Julian Harmon]"}, "229": {"llama8b": "[Diane Hansen, Matthew Beck]"}, "230": {"llama8b": "[Jason Morris, Dana Acosta, Mr. Dale Allen]"}, "231": {"llama8b": "[Jocelyn Wang, Joseph Miller, Catherine Johnson, Brian Boyd, Carlos Bryant]"}, "232": {"llama8b": "[Dean Johnson, James Brooks]"}, "233": {"llama8b": "[Alfred Williams, Douglas Martinez]"}, "234": {"llama8b": "[Jessica Griffin, Alicia Stephenson, Miss Tamara Blackwell, Laura Evans]"}, "235": {"llama8b": "[Christopher Johnson, Caroline Bell]"}, "236": {"llama8b": "[Rebecca Medina, Jennifer Pierce]"}, "237": {"llama8b": "[Francisco Perez, Kimberly Irwin]"}, "238": {"llama8b": "[Kendra Weaver, Julia Bond, Samantha Lawson]"}, "239": {"llama8b": "[Deborah Williams, Nicole Graham]"}, "240": {"llama8b": "[David Dunn, Michael Ramsey, Erin Ballard]"}, "241": {"llama8b": "[Amy Perez, Donald Jones, Roy Allen]"}, "242": {"llama8b": "[Alison Chan, Joshua Pennington, Alice Newman]"}, "243": {"llama8b": "[Robert Weeks, Yolanda Smith]"}, "244": {"llama8b": "[Robert Fitzgerald, Jennifer Gonzales, Jonathan Sanders]"}, "245": {"llama8b": "[David Murphy, George Nunez]"}, "246": {"llama8b": "[Donna Wheeler, Gary Bowman, Joseph Hill]"}, "247": {"llama8b": "[Kimberly Lewis, Jason Perry]"}, "248": {"llama8b": "[Kevin Myers, Christopher Knight]"}, "249": {"llama8b": "[Dakota Johnson, Shari Reeves, George Stephens, Christine Gray, Dustin Lopez]"}, "250": {"llama8b": "[Joseph Crawford, Sara Ramos, William Reed]"}, "251": {"llama8b": "[Donna Freeman, Nicole Williams, Kevin Frey, Alexander Jones]"}, "252": {"llama8b": "[Todd Oconnor, Brandon Abbott, Ashley Jackson]"}, "253": {"llama8b": "[Michael Rhodes, Mark Parker, Brenda Kramer]"}, "254": {"llama8b": "[Jennifer Scott, Susan Anderson, Amy Montgomery]"}, "255": {"llama8b": "[Leah Rivera, Jeffrey Martin, Wendy Hale, Adam Norton]"}, "256": {"llama8b": "[Connie Gordon, Deanna Smith]"}, "257": {"llama8b": "[Emily Taylor, Allen Nash]"}, "258": {"llama8b": "[Stacey Wright, Bradley Wilson, Eric Quinn, Laura Hunter, Andrea Morrison, David English, Nicole Bailey, Austin Cruz, Rachel Davila, Phillip Parker, Kenneth Haynes MD]"}, "259": {"llama8b": "[Jessica Silva, Billy Lang, Charles Wise, Caleb Curtis]"}, "260": {"llama8b": "[Mrs. Jasmine Moran, Matthew Keith]"}, "261": {"llama8b": "[Thomas David, Haley Montgomery]"}, "262": {"llama8b": "[Lori Bell, Sarah Mendez, Daniel Martinez]"}, "263": {"llama8b": "[Cynthia Johnson, James Marquez]"}, "264": {"llama8b": "[Michael Stein, Lisa Lee]"}, "265": {"llama8b": "[Mr. Jimmy Garcia, Tracy Wong]"}, "266": {"llama8b": "[Michael Chavez, James Riley, Traci Woods]"}, "267": {"llama8b": "[Dwayne Mason, Shirley Hernandez]"}, "268": {"llama8b": "[Maria Wade, Jerry Smith, Kimberly Richardson]"}, "269": {"llama8b": "[David Moore, Julie Escobar]"}, "270": {"llama8b": "[Deborah Williams, Ashley James, Jorge Lewis, Kenneth Newman]"}, "271": {"llama8b": "[Dr. Andrew Thomas, Mary Wright, Michelle Santana, Justin Hoffman, Catherine Kelley]"}, "272": {"llama8b": "[Eric Cantrell, Crystal Gentry]"}, "273": {"llama8b": "[Rita Green, Rita Green]"}, "274": {"llama8b": "[Emma Paul, Chris Stein, Mark Martinez, Brandi Duncan, Kathryn Jones]"}, "275": {"llama8b": "[Scott Harper DDS, Elizabeth Howard, Christopher Williams]"}, "276": {"llama8b": "[David Everett, Joseph Roberts, Jacob Powell, Jennifer Orozco, Linda Haney, Robert Hubbard, Mrs. Stacey Mata, Laura Ford, Maria Thompson, Nicole Mitchell, Karina Perry, Peter Frye, Kenneth Caldwell]"}, "277": {"llama8b": "[Tanya Nicholson, Karen Thompson]"}, "278": {"llama8b": "[William Glover, Lisa Austin, Jeffrey Novak]"}, "279": {"llama8b": "[Jamie Larsen, Raymond Jones, Rachel Patton, George Bell]"}, "280": {"llama8b": "[Mrs. Sandra Best, Lindsey Wheeler DDS]"}, "281": {"llama8b": "[Jeffrey Watson, Brian Bowen, Matthew Fischer, Emily Mendez, David Jones]"}, "282": {"llama8b": "[Robert Monroe, Michelle Waller, Andrew Tyler]"}, "283": {"llama8b": "[Kenneth Rogers, Shawn Webster]"}, "284": {"llama8b": "[Heather Davis, Donald Fuller]"}, "285": {"llama8b": "[Katherine Anderson, Sheri Kaiser]"}, "286": {"llama8b": "[John Sullivan, Monica Carroll, Robert Campbell MD]"}, "287": {"llama8b": "[Dr. Maria Johnston, Kelsey Valenzuela]"}, "288": {"llama8b": "[Elizabeth Mcdowell, Jose Burnett, Michael Casey]"}, "289": {"llama8b": "[Ellen Christian, Carrie Richards, Austin Tran]"}, "290": {"llama8b": "[Anthony Cook, Victoria Rojas, Zachary Sanchez]"}, "291": {"llama8b": "[Christina Garcia, Todd Riddle]"}, "292": {"llama8b": "[Kenneth Evans, Jennifer Taylor]"}, "293": {"llama8b": "[Angela Acosta, Michael Ferguson]"}, "294": {"llama8b": "[Alicia Morgan, Mary Medina, Douglas Jimenez]"}, "295": {"llama8b": "[Roy Gonzales, Marcus Riggs]"}, "296": {"llama8b": "[Michelle Rivera]"}, "297": {"llama8b": "[Walter Chavez, Angela Scott]"}, "298": {"llama8b": "[Krystal Li, Julie Roberts, Dr. Kathryn Perkins]"}, "299": {"llama8b": "[Anita Pierce, Katie Kim]"}, "300": {"llama8b": "[Kevin Brown, Leslie Russo]"}, "301": {"llama8b": "[John Singh PhD, Peter Aguirre]"}, "302": {"llama8b": "[Michael House, Mitchell Peterson, David Williams]"}, "303": {"llama8b": "[Karen Johnson, Steven Wood]"}, "304": {"llama8b": "[Kaitlin Thomas, Alexandra Reeves]"}, "305": {"llama8b": "[Jessica King MD, Jeffery Sawyer, Marisa Vaughan, Cheryl Kelly]"}, "306": {"llama8b": "[Megan Hart, Jonathan Mitchell, Michelle Donovan, Daniel Morgan]"}, "307": {"llama8b": "[Brandon Morris, William Johnson, Robert Carey, Clarence Reynolds]"}, "308": {"llama8b": "[Daniel Nunez, Dr. John Woods, Julie James, Katherine Coleman, Tracy Kelly]"}, "309": {"llama8b": "[Elizabeth Bailey DDS, Andrew Neal, Nicole Park, Robert King, James Owen, Kirk Mckinney]"}, "310": {"llama8b": "[Anthony Doyle, Anthony Doyle, Anthony Doyle]"}, "311": {"llama8b": "[Sharon Jackson, Erin Orozco]"}, "312": {"llama8b": "[Jennifer Perkins, Gabrielle Little]"}, "313": {"llama8b": "[Douglas Martin, Benjamin Williams]"}, "314": {"llama8b": "[Wendy Green, Jeremy Little, Joshua Jones]"}, "315": {"llama8b": "[Dr. Kimberly Cook DDS, Barbara Haynes]"}, "316": {"llama8b": "[Madison Hughes, Derek Taylor, Adrian Williams]"}, "317": {"llama8b": "[Katherine Erickson, Edward Fritz, Leslie Garcia, Keith Cox, Cassie Barrett, Cynthia Thompson, Bruce Williams, Scott Washington, Shawn Grant, Kristin Allen MD, Amanda Barnett]"}, "318": {"llama8b": "[Jennifer Lewis, Shelly Garcia, Leah Lane]"}, "319": {"llama8b": "[William Newman, Rachel Brown, David Phillips, Amy Joseph]"}, "320": {"llama8b": "[Taylor Baker, Mark Allen, Samantha Tate, Ruth Landry, William Colon, Karen Davis, Joann Bradley, Vanessa Black, Karen Solis, Andre Dean]"}, "321": {"llama8b": "[Angela Nguyen, David Murray, James Powers, Antonio Moore, Sarah Franklin, Samantha Murray, Jamie Richmond, Gabriel Cole]"}, "322": {"llama8b": "[John Le, Christopher Durham, Catherine Chavez]"}, "323": {"llama8b": "[Sierra Vasquez, Tom Johnston]"}, "324": {"llama8b": "[Tiffany Santos, Ian Stewart, Kristina Manning]"}, "325": {"llama8b": "[Alexandra Santiago, Annette Sanchez, Brian Jones]"}, "326": {"llama8b": "[Adam Smith, Lisa Simpson, Kimberly Morrow]"}, "327": {"llama8b": "[Mr. Eric Davis, Amanda Cooper]"}, "328": {"llama8b": "[Jacqueline Davis DVM, Mr. William Merritt]"}, "329": {"llama8b": "[Kyle Green, Mike Owen]"}, "330": {"llama8b": "[Brandon Edwards, Rachel Steele, David Lucas]"}, "331": {"llama8b": "[Shari Leonard, Andrew Berry]"}, "332": {"llama8b": "[Teresa Hughes, Kevin Brooks]\n\nIn the given social network, we have the following names and connections: Destiny Thompson, Valerie Maldonado, Ronald Bailey, and Christopher Lowe. The connections are: Destiny Thompson to Ronald Bailey, Destiny Thompson to Christopher Lowe, Destiny Thompson to Valerie Maldonado, and Ronald Bailey to Christopher Lowe. From these connections, we can identify one isolated connected component. The component includes Destiny Thompson, Ronald Bailey, Christopher Lowe, and Valerie Maldonado. By selecting one representative node from this connected component, we have Destiny Thompson. Therefore, the answer is [Destiny Thompson]."}, "333": {"llama8b": "[Mary Taylor, Jennifer Moreno]"}, "334": {"llama8b": "[Michelle Giles, Tricia Frey, Carolyn Wilson, Haley Garza]"}, "335": {"llama8b": "[Laura Riley, Michael Patterson]"}, "336": {"llama8b": "[Amy Hernandez, Ariel Hansen]"}, "337": {"llama8b": "[Kristin Mitchell, Christian Trevino]"}, "338": {"llama8b": "[Desiree Larson, Alexander Thompson, Holly Williams]"}, "339": {"llama8b": "[Kristen Perez, Ryan Anderson, Craig Peterson, Linda Bradford, John Taylor]"}, "340": {"llama8b": "[Jocelyn Daniels, Larry Wheeler, Michelle Young, Angela Walsh, Kevin Perez]"}, "341": {"llama8b": "[Nancy Calhoun PhD, Kayla Brown]"}, "342": {"llama8b": "[Adam Boyer, Sandra Rodriguez, Margaret Hendricks]"}, "343": {"llama8b": "[Mark Jones, Kimberly Johnston, Arthur Fritz DDS, Alyssa Shepherd, James Rios]"}, "344": {"llama8b": "[Jeffrey Ingram, Morgan Riley]"}, "345": {"llama8b": "[Robert Leon, Kathryn Manning]"}, "346": {"llama8b": "[Karen Wang, Jerome Ferguson, Tracy Hawkins]"}, "347": {"llama8b": "[William Mann, Tracie Friedman]"}, "348": {"llama8b": "[Kathy Cox, Taylor Hoover]"}, "349": {"llama8b": "[Terry Marshall, Daniel Mckenzie]"}, "350": {"llama8b": "[Jennifer Castillo, Jimmy Evans, John Mcdaniel]"}, "351": {"llama8b": "[Crystal Gomez, Matthew Sanders]"}, "352": {"llama8b": "[William Jensen, Paul Freeman, William Long, Jessica Ross, Danielle Johnson]"}, "353": {"llama8b": "[Eugene Berg, Jennifer Moore]"}, "354": {"llama8b": "[Travis Ayala, Cynthia Johnson, Alexandra Daniels]"}, "355": {"llama8b": "[Samuel Lopez, Kelly Bryant, Joseph Roach]"}, "356": {"llama8b": "[Dr. Lee Jackson, Jennifer Sims]"}, "357": {"llama8b": "[Kimberly Garcia]"}, "358": {"llama8b": "[Colleen Adams, James Butler, April Hendrix]"}, "359": {"llama8b": "[Wanda Woods, Gina Dixon, Brandon Williams]"}, "360": {"llama8b": "[Tara Graham, Isaiah Cobb, Robert Chambers]"}, "361": {"llama8b": "[Tiffany Wilson, Teresa Harrison]"}, "362": {"llama8b": "[Jonathan Spears, Christopher Herrera, Dr. Michael Cruz]"}, "363": {"llama8b": "[Tiffany Cox, Jeffrey Castro]"}, "364": {"llama8b": "[Ariana Carlson, Frank Glenn]"}, "365": {"llama8b": "[Lisa Bryan, Louis Williams]"}, "366": {"llama8b": "[Jason Taylor, Mary Smith, Gary Freeman, Hector Curry, James Wood]"}, "367": {"llama8b": "[Shawn Yoder, Linda Wright]"}, "368": {"llama8b": "[Erica Rodriguez, Eric White, Sarah Hobbs]"}, "369": {"llama8b": "[April Chan, James Moses]"}, "370": {"llama8b": "[Tammy Kelley, Jill Matthews, Anna Rodriguez, Rachael Mcdonald, James Todd, Paul Robertson, Stephanie Curry, Kerry Schaefer, Adrian Mcneil, Courtney Davis, John Ayers]"}, "371": {"llama8b": "[Brandon White, Anita Williams MD]"}, "372": {"llama8b": "[Barbara Berry, John Ward]"}, "373": {"llama8b": "[Joshua Wong, Kaylee Rocha]"}, "374": {"llama8b": "[Michael Smith, Robert Moore, Jeremy Griffin, Sandra Hubbard, Donna Simmons]"}, "375": {"llama8b": "[Timothy Aguilar, Ashley Williams]"}, "376": {"llama8b": "[Steven Koch, Anthony Mcdonald]"}, "377": {"llama8b": "[Justin Davis, Stacy Gutierrez]"}, "378": {"llama8b": "[Ricardo Myers, Courtney Taylor, Amy Herrera, Anthony Nelson]"}, "379": {"llama8b": "[Frederick Lopez, Susan White]"}, "380": {"llama8b": "[Stephanie Carter, Jonathan Miller, Felicia Davis]"}, "381": {"llama8b": "[Anthony Hoover, Laura Lynch]"}, "382": {"llama8b": "[Julie Stevens, Gabrielle Martinez, Jacqueline Cochran]"}, "383": {"llama8b": "[Melissa Dennis, Seth Bartlett]"}, "384": {"llama8b": "[Jose Munoz, Julia Donovan]"}, "385": {"llama8b": "[Joe Turner, Jeremy Berry]"}, "386": {"llama8b": "[Misty Torres, Benjamin Solis, Stacey Thompson, Natalie Brown]"}, "387": {"llama8b": "[Mr. Ryan Macias, Henry Carter]"}, "388": {"llama8b": "[Christian Smith, Steven Kennedy]"}, "389": {"llama8b": "[Melinda Mendoza, Shelly Cole]"}, "390": {"llama8b": "[Jennifer Perez, Sarah Adams, Mary Clay, John Graves, Peggy Rodriguez, Bryan Anderson, Melissa Burns, James Gordon, Whitney Martinez, Nicholas Torres, Gregg Buck, Mary Clay]"}, "391": {"llama8b": "[Gregory Perez, Pamela Wright]"}, "392": {"llama8b": "[Carol Kent, Sean Cunningham, Hannah Carter, Wanda Nelson, James Delgado, Kathleen Eaton, Emily Fisher, Alexandra Hughes, John Ortiz, Warren Terry, Charles Charles, Jasmine Evans]"}, "393": {"llama8b": "[John Vasquez, Leah Nelson]"}, "394": {"llama8b": "[Michael Malone, Natalie Goodman, Jon Hammond]"}, "395": {"llama8b": "[Carrie Ross, Brittney Stark]"}, "396": {"llama8b": "[Vanessa Duffy, Jimmy Curtis]"}, "397": {"llama8b": "[Erik Manning, Kathryn Dawson]"}, "398": {"llama8b": "[Lauren Lee, Erica Richardson, Terry Jimenez]"}, "399": {"llama8b": "[Austin Petersen DDS, Martha Hurst, Ana Martinez, Amanda Casey, Chloe Lewis, Mary Evans, Mrs. Jennifer Collins, Kenneth Porter MD, Crystal Nelson, Melissa Richardson, Dillon Stephens, Nathan Nichols]"}, "400": {"llama8b": "[Amanda Holden, Bruce Mosley, Christopher Watts]"}, "401": {"llama8b": "[Ebony Huff, Nicholas Wolf DVM]"}, "402": {"llama8b": "[John Malone, Melissa Long, Matthew Rangel, Jennifer Peck, Julie Miller]"}, "403": {"llama8b": "[Nathaniel Washington, Lauren Brown, Megan Oconnell DVM, Leslie Campbell, Julie Hall, Barbara Gonzales, Crystal Sanders, Maria Miller]"}, "404": {"llama8b": "[Nichole Berger, Emily Martin, Brandon Greene]"}, "405": {"llama8b": "[Wyatt Ferguson, Peggy Woods]"}, "406": {"llama8b": "[Dr. Tyler Johnson, Nancy Bryan, Brian Smith]"}, "407": {"llama8b": "[Miranda Martinez, Allen Sanders]"}, "408": {"llama8b": "[Danny Bridges, Andrea Williams]"}, "409": {"llama8b": "[Adam Willis, Scott Short]"}, "410": {"llama8b": "[David Murphy, Courtney Rubio, Kimberly Scott]"}, "411": {"llama8b": "[Alejandra Price, Michelle Bolton]"}, "412": {"llama8b": "[Randall Bishop, Mrs. Cindy Jacobs, Abigail Wise]"}, "413": {"llama8b": "[Mary Ali, Angel Sanchez]"}, "414": {"llama8b": "[Michael Howard, Katelyn Vance, Tom Bowman]"}, "415": {"llama8b": "[Mrs. Heather Becker DVM, Christian Meyers, Katie Crawford, Janice Pennington, Kenneth Martinez]"}, "416": {"llama8b": "[Debra Bailey, David Goodman]"}, "417": {"llama8b": "[Stephanie Clay, Philip King]"}, "418": {"llama8b": "[Matthew Murray, Ryan Lawson, Michelle Welch, James White]"}, "419": {"llama8b": "[Mr. Patrick Wheeler, Edgar Williams, Austin Collins]"}, "420": {"llama8b": "[Cynthia Decker, Rachel Reed]"}, "421": {"llama8b": "[Angel Dawson, Diana Miles]"}, "422": {"llama8b": "[Mr. Joshua Farmer, Karen Nash, Steven Novak]"}, "423": {"llama8b": "[Ronald Estes, Karen Colon, Dustin Williams, Amanda Patterson, Krista Garcia, George Williams, Richard Dunn, Nathan Anderson Jr., Kimberly Welch]"}, "424": {"llama8b": "[Mrs. Nancy Anderson, Beth Parker]"}, "425": {"llama8b": "[Christina Diaz, Daniel Brown]"}, "426": {"llama8b": "[Andrew Collins, Mark Carroll, Nancy Thomas]"}, "427": {"llama8b": "[Mr. Gary Mcdonald MD, Maria Miller, Tiffany Gray, Jennifer Robinson, Jesse Stark, Bryan David, Mariah Nelson, Ashley Myers, Dennis Shannon, Christian Rogers]"}, "428": {"llama8b": "[Elizabeth Smith, Connor Knight, John Fuller, Derek Gray]"}, "429": {"llama8b": "[Nicholas Reyes, Jeffrey Schwartz]"}, "430": {"llama8b": "[Randy Crawford, Kathy Galvan, Mr. Mark Gonzalez]"}, "431": {"llama8b": "[Benjamin Henderson, Christopher Hernandez, Michele Johnson]"}, "432": {"llama8b": "[Katrina Smith, Angela Mcneil, Troy Mullins]"}, "433": {"llama8b": "[Ryan Thomas, Anthony Williams]"}, "434": {"llama8b": "[Jennifer Brown, Cassidy Nelson, John Lewis, Daniel Bennett, Nicholas Gregory]"}, "435": {"llama8b": "[Michael Anderson, Kevin Cooper, Melissa Hayes, Christy Schneider, Ryan Wilson]"}, "436": {"llama8b": "[Daniel Griffith, Michelle Pearson, Pamela Miller, Tiffany Larson, Joseph Griffin, Alexander Wright IV, Curtis Gonzalez, Jessica Johnson, Debra Powers]"}, "437": {"llama8b": "[David Murray, Gregory Jones]"}, "438": {"llama8b": "[John Davis, Alexis King, Cesar Fox]"}, "439": {"llama8b": "[Patricia Russell, Andrew Hess, Jennifer Perry, Susan Stewart, Lisa Roach, Cheryl Ellis, Bruce Allen, Elizabeth Barrett, Mitchell Salas, Angela Robertson, Jennifer Sheppard, Brian Miller, Sherri Lewis, Bruce Allen]"}, "440": {"llama8b": "[Mary Campbell, Sabrina Martin]"}, "441": {"llama8b": "[Roberta Gay, Barbara Fletcher]"}, "442": {"llama8b": "[Dr. Kyle Riley, Elizabeth Terry, Anthony Holder]"}, "443": {"llama8b": "[Jennifer Bowen, Angela Franklin]"}, "444": {"llama8b": "[Matthew Johnson, Mr. Reginald Gould]"}, "445": {"llama8b": "[Allison Olson, Emma Scott, Christopher Benjamin]"}, "446": {"llama8b": "[Tina Rivera, Maria Lopez, Brian Haley, Judy Yoder]"}, "447": {"llama8b": "[Luis Mitchell, Wyatt Brown]"}, "448": {"llama8b": "[Terry Moody, April Barker]"}, "449": {"llama8b": "[Carolyn Lloyd, Denise Joseph]"}, "450": {"llama8b": "[Mindy Johnson, Bryan Holmes, Alan Fox]"}, "451": {"llama8b": "[Michelle Johnson, Heather Smith, Trevor Goodman, Melissa Archer, Tiffany Craig]"}, "452": {"llama8b": "[Shannon Cooper, Kelly Orr, Jacob Campbell]"}, "453": {"llama8b": "[Jose Wagner, Patricia Burton]"}, "454": {"llama8b": "[Kim Castro MD, Ian Rodriguez, Sherry Collins]"}, "455": {"llama8b": "[Patrick Mason, Amanda Frye]"}, "456": {"llama8b": "[Andre Smith, Karen Martin]"}, "457": {"llama8b": "[Kathryn Smith, Amy White, David Herman]"}, "458": {"llama8b": "[Kevin Cox, Ryan Suarez, Melissa Flores]"}, "459": {"llama8b": "[David Coffey, Melissa Williams, Jason Horn, Bethany Klein]"}, "460": {"llama8b": "[Amanda Anderson]"}, "461": {"llama8b": "[Molly Blackwell, Brandon Lewis, Jorge Jones, Teresa Lucas]"}, "462": {"llama8b": "[Taylor Duncan, Alyssa Simmons, Jacqueline Wilkinson, Stephen Rodriguez, Dylan Lara, Brian Nichols, Michael Mitchell, Jill Thompson]"}, "463": {"llama8b": "[Tiffany Sanchez, Daniel Smith]"}, "464": {"llama8b": "[Dustin Doyle, Jennifer Hahn]"}, "465": {"llama8b": "[Sean Jackson, Douglas Malone, Raymond Maddox]"}, "466": {"llama8b": "[Debra Adams, Jason Fox, Erin Phelps]"}, "467": {"llama8b": "[Mark Sampson, Matthew Willis]"}, "468": {"llama8b": "[Robert Shields, Michael Clark]"}, "469": {"llama8b": "[Heather Hernandez, James Fuentes]"}, "470": {"llama8b": "[Julian Park, Susan Jones, Brandon Harvey, Melissa Beltran]"}, "471": {"llama8b": "[Tara Stone, Craig Booker]"}, "472": {"llama8b": "[Amanda Mathews, Kristen Perry, James Campbell, Kristina Howe]"}, "473": {"llama8b": "[Michelle Carrillo, Michelle Fischer, Brenda Walker, Nicholas Moore, Bonnie Young]"}, "474": {"llama8b": "[Carrie Aguirre PhD, Christopher Shaw, Ronald Lewis, Russell Thompson, Suzanne Bauer]"}, "475": {"llama8b": "[Karen Hendricks, John Sanchez]"}, "476": {"llama8b": "[Jesse Cardenas, Madison Garcia, Mrs. Wendy Kline, Kelly Moore]"}, "477": {"llama8b": "[Kristy Tucker, Kimberly Evans MD, Michelle Cooper, Manuel Nelson, David Lozano]"}, "478": {"llama8b": "[Stacy Beard, Kelly Chen, Amy Scott, James Edwards, Christian Baker]"}, "479": {"llama8b": "[Dr. Justin Newton, Michele Shelton, Elizabeth Sullivan]"}, "480": {"llama8b": "[Travis Wilkerson, Nathan Dunn]"}, "481": {"llama8b": "[Anthony Robertson, Katherine Henry]"}, "482": {"llama8b": "[Charles Roberts, Melanie Anderson, Ryan Williams]"}, "483": {"llama8b": "[Lori Sullivan, David Smith]"}, "484": {"llama8b": "[Erik Riddle, Connor Dennis]"}, "485": {"llama8b": "[Gary Andrade, Kari Brown, Daniel Townsend]"}, "486": {"llama8b": "[Michael Robinson, Alisha Flores, Heather Ortega]"}, "487": {"llama8b": "[John Rowe Jr., Kimberly Marshall, Caitlin Guzman, Nicholas Stone, Lisa Baxter, Joseph Robbins, Alisha Murray, Dakota Sims, Hannah Butler, Rachel Schroeder]"}, "488": {"llama8b": "[Heather Frazier, Lisa Scott]"}, "489": {"llama8b": "[Aaron Richardson MD, Kim Martinez]"}, "490": {"llama8b": "[Christopher Steele, Steven Price, Beverly Avery]"}, "491": {"llama8b": "[Chase Thomas, Joseph Farley, Sheri Herrera, Jennifer Fletcher]"}, "492": {"llama8b": "[Teresa King, Paige Chen, Mark Brown]"}, "493": {"llama8b": "[Joseph Gordon, Dr. Michael Allen PhD]"}, "494": {"llama8b": "[Amy Baker, Emily Mcbride, Christopher Richards]"}, "495": {"llama8b": "[Anita Hernandez, Alexander Snow]"}, "496": {"llama8b": "[Amanda Morris, Aaron Bowman]"}, "497": {"llama8b": "[Jean Collins, John Joseph]"}, "498": {"llama8b": "[Christopher Adams, Michelle Holmes, Gregory Collins, Brandon Obrien]"}, "499": {"llama8b": "[William Saunders, Erin Carlson]"}}