{"0": {"deepseek": "[Veronica Garcia, Katherine Brennan, Brett Johnson, Megan Banks, Angel Chavez, Rachel Mitchell, Steven Martin, Julia Dominguez]"}, "1": {"deepseek": "[Michelle Nelson, Kevin Brooks, Eric Davis, Toni Suarez, Teresa Hughes]"}, "2": {"deepseek": "[Briana Bush, Jeffery Sanford, Christopher Decker, Mark Johnson, Shawn Grant]"}, "3": {"deepseek": "[Monica Watkins, Valerie Armstrong]"}, "4": {"deepseek": "[Carolyn Hall, Judith James, Russell Russell, Jessica Alexander, Curtis Meza, Anne Cooper, Roger Martin]"}, "5": {"deepseek": "[Jessica Sullivan, Kelsey Ryan, Kathryn Bernard]"}, "6": {"deepseek": "[Elizabeth Davenport, Elizabeth Vargas, Thomas Duncan, Rebekah Brooks]"}, "7": {"deepseek": "[Shelby Saunders, Robin Gray, Christina Marshall, Greg Kirk, Kelsey Doyle, Edward Tucker, Dr. Bailey Thompson, Jennifer Roy, William Chen, Stephen Edwards, Kimberly Brown, Mrs. Jessica Moore, Susan Cole, Isabella Pratt]"}, "8": {"deepseek": "[Kristi Morris, Michael Schwartz, Diane Humphrey, Tricia Wall, Daniel Rosario]"}, "9": {"deepseek": "[Melanie Santiago]"}, "10": {"deepseek": "[Joshua Thomas, Rachel Frank, Michael Johnson, John Schultz, Kevin King, Morgan Barnes, Savannah Johnson, Jonathan Gonzalez, James Bowers, Peter Tapia]"}, "11": {"deepseek": "[Carl Robinson, Kevin Bowen, Guy Gonzalez, Jason Salinas, Vincent Martinez, Rebecca Murray, Dr. Olivia Juarez, Justin Henry]"}, "12": {"deepseek": "[Margaret Morris, Barbara Garcia MD, Michael Hernandez, Natasha Robinson, Amy Gentry, Deborah Bates, Dominique Rodriguez]"}, "13": {"deepseek": "[Dr. Elizabeth Sullivan, Brian Wright, Haley Berry, Derek Morales, Bethany Hunter]"}, "14": {"deepseek": "[Robert Bell, Miss Heather Ware]"}, "15": {"deepseek": "[Joseph Bowman, Jamie Garcia, Tammy Allen, Marilyn Simmons, Shelley Jones, Michael Stevens, Jerry Larson, Troy Butler, Allison Alvarez, Melissa Mitchell]"}, "16": {"deepseek": "[Ronald Cervantes, Mr. Matthew Christian, Paul Davis, Courtney Willis, Jeffery Smith, Karen Lee]"}, "17": {"deepseek": "[Kelsey Elliott, Johnathan Jones, Jose Alexander, Tony Alvarez, Susan Greene, Shannon Ford, Matthew Ball, Michael Young, Patrick Higgins, Richard Conrad]"}, "18": {"deepseek": "[Glenn Young, Crystal Campbell, Anna Green, Eric Coleman]"}, "19": {"deepseek": "[Juan French, Todd Kramer, Tracy Bauer, Theresa Casey]"}, "20": {"deepseek": "[Cynthia Kirk, Christina Li, Jack Alexander, Maurice Miller, Jordan White, Brian Cochran, Tina Howard]"}, "21": {"deepseek": "[John Brown, Yvonne Bailey, Gregory Harper, Hannah Dean, Zachary Cannon, Brandon Mendez]"}, "22": {"deepseek": "[Heather Barrett, Wendy Williams, Megan Spencer, Zachary Potter, Amy Watson]"}, "23": {"deepseek": "[Heidi Kennedy, Joseph Martinez, Robert Mullins, Mitchell Roberts, Kristen Gutierrez, Angel Calderon]"}, "24": {"deepseek": "[Jonathan Santiago, Kristen Gardner, Daniel Jenkins, Leslie Johnson]"}, "25": {"deepseek": "[Christopher Williams, Elizabeth Jones, Courtney Mckinney, Nathan Lester, Lauren Phillips, Benjamin Walker, Maria Lam, Joseph Gilmore, William Mayo, Michael Travis, Alyssa Johnson, Nicholas Atkins]"}, "26": {"deepseek": "[Steven Mills, Derek Payne, Caitlin Bond, Chad Olson]"}, "27": {"deepseek": "[Mary Reynolds, Bryan Smith, Katelyn Watson, Michelle Walker]"}, "28": {"deepseek": "[Lisa Henry, John Ward, Michael Lee, Haley Gibson]"}, "29": {"deepseek": "[Gabrielle Day, Andrew Williams, Jennifer Andrews, Melissa Hill]"}, "30": {"deepseek": "[Mark Thompson, Jill Brady, Jonathan Browning, Mrs. Melanie Webster]"}, "31": {"deepseek": "[Susan Moreno, Justin Pena, James Kline, Cameron Russell]"}, "32": {"deepseek": "[Monica Stokes, Amber Andrews, Kenneth Powell, Gloria Galvan]"}, "33": {"deepseek": "[Sarah Estrada, Brianna Anderson, Richard Kelley, Elizabeth Harmon, Victor Novak]"}, "34": {"deepseek": "[Jasmine Quinn, Eric Miller, Amber Nelson, Jasmine Clay, Donna Davis, Andrew Evans, Michael Thompson]"}, "35": {"deepseek": "[Lisa Boone, Tiffany Martinez, Kelly Carpenter, Brittany Hughes, Patricia Sullivan]"}, "36": {"deepseek": "[Logan Sosa, Kathleen Murray, Frank Ford]"}, "37": {"deepseek": "[Laura Obrien, Kathleen Brown, Lori Cohen, Kyle Estrada, Julie Frazier, Luis Webb, Andrea Miller MD]\n[Laura Carter, Tiffany Mcdonald, Karen Mcclain]"}, "38": {"deepseek": "[Amy Garcia, Scott Herrera, Stacy Hernandez, Meagan Pierce]"}, "39": {"deepseek": "[Jessica Martinez, Michael Patrick, Lisa Hernandez, Adam Gross, Kimberly Smith]"}, "40": {"deepseek": "[Cole Thompson, Andrea Willis, Mrs. Karen Anderson, Jason Morales, Darius Stevens, Jamie King, Patricia Cameron, Corey Carter, Brian Perez]"}, "41": {"deepseek": "[William Walker, Kimberly Le, Madeline Wiggins]"}, "42": {"deepseek": "[Lynn Weaver, Blake Long, Stacy Mahoney, Shawn Jones, Stephen Riggs, Kristine Gordon, Johnathan Nicholson, Ricardo Harris, Christopher Smith, April Burns]"}, "43": {"deepseek": "[Michelle Vasquez, Jacob Powers]"}, "44": {"deepseek": "[Chelsea Bryant, Laura Johnson, Brittany Dyer, Dwayne West, Nicole Nelson, Michael Tran, Cheyenne Branch, Austin Mcknight, Veronica Rodriguez, Jeremy Brown]"}, "45": {"deepseek": "[Barry Fuentes, Maria Johnson, Kevin Miller, Tyler Perkins, Melinda Fisher, Jeremy Brown]"}, "46": {"deepseek": "[Damon Miller, Christopher Cooley]"}, "47": {"deepseek": "[Andrew Miller, Robert Johnston, Corey Benjamin, Jonathan Thompson, Peter Dixon]"}, "48": {"deepseek": "[Haley Gomez, Crystal Johnson, Timothy Jones, Jason Barker]"}, "49": {"deepseek": "[Christopher Stephens, Megan Campbell, Joyce Hanson, Amanda Estrada, Glenda Harvey]"}, "50": {"deepseek": "[Michael Powell, Jessica Gibson]"}, "51": {"deepseek": "[Samuel Patel, John Williams, Jennifer Koch, Thomas Norman]"}, "52": {"deepseek": "[Katherine Chung, Lisa Harris, Debra Rosales, Mark Mason, Angel Schwartz, Denise Wong, Joyce Kennedy, Jacqueline Parker, Kathy Robinson, William Hill, Rebecca Harrington, Richard Bell]"}, "53": {"deepseek": "[Catherine Stewart, Joanna Stevens, Amy Hill, Michele Johnson, Sarah Vaughan]"}, "54": {"deepseek": "[Andres Hall, Aaron Thornton, Gary Mills, Stephen Valentine, Jennifer Owens, Annette Edwards, Mark Greer, Ashley Leonard, Kathy Tran, Deanna Scott, Daniel Knox]"}, "55": {"deepseek": "[Christopher Shaw, Anthony Thompson, Gordon Thomas, Derrick Huber, Angela Smith], [Sara Elliott, Christopher Jones]"}, "56": {"deepseek": "[Marissa Watson, Jason Wilson, Amy Jones, Sean Montoya, Michael Rogers]"}, "57": {"deepseek": "[Elizabeth Cruz, Justin Baxter, Wanda Smith, Betty Whitaker DDS, Chad Wilson, Anthony Dean, Jennifer Valdez PhD]"}, "58": {"deepseek": "[Michael Page, Steven Peterson, Antonio Olson, Veronica Hunter, Leah Patrick, Shawn Fuller, Elizabeth Rogers, Andrew Aguirre, Jorge Norton DDS, Brian Peterson]"}, "59": {"deepseek": "[Amanda Garcia, Ethan Walter, Terry White, Linda Wong, Ray Morris, Stanley Fields, Robert Edwards, Sonya Allison, Chelsea Williams]"}, "60": {"deepseek": "[Crystal Underwood, Christopher Coleman]"}, "61": {"deepseek": "[Mark Hooper, Joshua Anderson, Anthony Perez, Randy Ward, Mike Santos, Jennifer Berg, Sherri Jones, Travis Brandt DVM, Ronald Mitchell, Tony White, Chelsey Munoz, Michelle May, Andrew Yu, Anita Williams, Ronald Mitchell]"}, "62": {"deepseek": "[Matthew Holmes, Brian Wheeler, Jamie Strickland, Tara Lester, Maria King, Vincent Burke, Jeffrey Parker MD, Mr. Harry Larsen]"}, "63": {"deepseek": "[Toni Calhoun, Tonya Russell, Oscar Jimenez, Laura Bailey, Ms. Bethany Waller]"}, "64": {"deepseek": "[Angela Grant, Danielle Fox, Emily Johnson, Erin Washington, Peggy Perry]"}, "65": {"deepseek": "[Catherine Miller, Hannah Randall, Brian Lewis, Stephanie Mueller, Tammy Martinez]"}, "66": {"deepseek": "[Regina Simmons, Vincent Harris, Michael Stanton, Mark Sims, Rachel Collins]"}, "67": {"deepseek": "[Ann Roberts, Mary Caldwell]"}, "68": {"deepseek": "[Kim Roberts, Steven Lee, Matthew Ballard, David Lee, Charles Long, Tamara Haynes, Kevin Garcia, Laura Mathis, Timothy Trujillo MD]"}, "69": {"deepseek": "[Sean Hall, Heather Torres, Jared Smith, Ann Hernandez]"}, "70": {"deepseek": "[Colleen Lee, Richard Soto, Timothy Stewart, Destiny Ramos, John Ali]"}, "71": {"deepseek": "[Aaron Burke, Regina Simmons, Robert White, Brian Fernandez, April Robertson, Anthony Jones, Michelle Davis, Paul Mccoy, Chad Taylor, Benjamin Luna, Christine Dixon, Jimmy Aguilar, Anne Newton, Brian Rodriguez]"}, "72": {"deepseek": "[Cindy Bennett, Matthew Harvey, Susan Ward, Thomas Dougherty, Benjamin Dennis, Nichole Becker, Jacob Gordon, Peter Stewart, David Austin, Teresa Cooper, Kimberly Lester, Samantha Bruce, Tyler Miller, Martin Boyd]"}, "73": {"deepseek": "[Melissa Bauer, Amanda Lawson, Belinda Orozco, Ruth Donaldson, Samantha Jordan, Lauren White, Sabrina Johnson, Nicole Moreno, Walter Kidd]"}, "74": {"deepseek": "[Lauren Thomas, Brandi Evans]"}, "75": {"deepseek": "[Sherry Ward, Jennifer Harrell, Anthony Rocha, Robert Avila]"}, "76": {"deepseek": "[Pamela Burgess, Daniel Hall]"}, "77": {"deepseek": "[Brandon Webster, Corey Bullock, Angela Carr, Thomas Carroll, Crystal Koch]"}, "78": {"deepseek": "[Anna Adams PhD, Kathleen Perry, Debra Williams, Brian Garcia, David Taylor]"}, "79": {"deepseek": "[Christopher Mercer, Pamela Lee, Peter Wheeler]"}, "80": {"deepseek": "[Jessica Hicks, Morgan Thompson]"}, "81": {"deepseek": "[Ruben Randall, Thomas Steele]"}, "82": {"deepseek": "[Andrea Stevenson, Anna Haynes, David Anderson, Andrew Huynh, Ryan Smith]"}, "83": {"deepseek": "[Hector Mckinney, Megan Hamilton, James Russell, Ryan Holmes, Joseph Ayala, Alexis Thomas, Elizabeth Owen]"}, "84": {"deepseek": "[Joseph Carter PhD, Craig Marshall, Christopher Rodriguez]"}, "85": {"deepseek": "[Gina Nunez, Matthew Flores, Kristin Chapman, Nicole Santiago]"}, "86": {"deepseek": "[Steven White, Joseph Day, Christopher Whitaker, Ellen Ross, Jorge Anthony, Jason Salazar, Michael Perry, Anna Hull, Becky Francis, Devin Scott]"}, "87": {"deepseek": "[Julia Oneill, Angelica Rodriguez, Rodney Baker, Michael Green, Mary Williams, Melissa Wilcox, Randy Jones, Sarah Powell, Justin Cortez, Ricardo Harris, Ryan Beck, Anne Payne]"}, "88": {"deepseek": "[Gregory Salinas, Jennifer Anderson MD, Mckenzie Ponce, Kevin Rogers]"}, "89": {"deepseek": "[Justin Horton, Lauren Thomas, Sheila Peters, Nathan Jones, Jessica Rogers, Thomas Brown, Laurie Patterson, Allison Simpson, Don Garcia, Edward Davis, Kristen Petty]"}, "90": {"deepseek": "[Regina Hill, Kenneth Harding]"}, "91": {"deepseek": "[Michelle Kramer, Tyrone Kelley, Kelly Dominguez, Jessica Bennett]"}, "92": {"deepseek": "[Heather Williams, Matthew Ryan, Wendy Huffman, Janice Little, Anthony Tyler, Tamara Garcia]"}, "93": {"deepseek": "[Timothy Torres, Raymond Hodge, Lisa Brooks, Erin Middleton, Bruce Graves, Barbara Walters, Donna Gomez, Dennis Moore, Richard Mullen, Jessica Taylor, Denise Harrington]"}, "94": {"deepseek": "[Mr. Steven Arnold, Jose Peters, Brittney Murphy]"}, "95": {"deepseek": "[Kelly Carson, Jason Wong]"}, "96": {"deepseek": "[Eric Sims, Shannon Barr]"}, "97": {"deepseek": "[Lauren James, Melvin Torres, Jane Green, Jasmine Fletcher, Ms. Erin Mendoza]"}, "98": {"deepseek": "[Mr. Christopher Taylor]"}, "99": {"deepseek": "[Kaitlin Baker, Alyssa Contreras, Michael Garcia, Mary Jones, Wanda Murphy, Sandra Mcguire]"}, "100": {"deepseek": "[Jared Robles, Amy Moore, Tyler Saunders MD, Jessica Chavez, Natasha Davis, Angel Sherman, Benjamin Schroeder, Mrs. Jennifer Gregory]"}, "101": {"deepseek": "[Brooke Sanchez, Mariah Smith, Michael Roman, Ray Sweeney, Steven Freeman, Sandy Mclaughlin, Christopher Anderson]"}, "102": {"deepseek": "[Jason Macias, Kim Ward, Sherry Sanders]"}, "103": {"deepseek": "[Ryan Sanchez, Jenna Farley, Derek Lopez, Gina Cruz, Albert Ritter, Chase Cohen, Timothy Perez, Bruce Matthews, Michael Stein, Jon Burton]"}, "104": {"deepseek": "[Jennifer Walker, John Frost, Christy Adams, Shannon Martin, Tony Arias, Mary Rasmussen, Mr. Matthew Christian, David Jones, Emma Stewart, Timothy Sanchez]"}, "105": {"deepseek": "[Jerry Bowman, Kayla Bishop, Erika Daugherty, Lisa Summers]"}, "106": {"deepseek": "[Rebecca Gray, Jennifer Richardson, Jamie Carpenter, Randall Bright]"}, "107": {"deepseek": "[Frank Mason, Christopher Fuentes]"}, "108": {"deepseek": "[Robert Lewis, Erika Coleman, Kathleen Williams, Jenna Green]"}, "109": {"deepseek": "[Brandy Mathis, Michael Roberts, Timothy Gonzalez, Jonathan Brown, Stephen Hess]"}, "110": {"deepseek": "[Sandra Miller, Bryan Stewart, John West]"}, "111": {"deepseek": "[Kimberly Warren, Gina Jenkins, Gene Bennett, Vincent Moore]"}, "112": {"deepseek": "[Kimberly Reed, Robert Day, Chelsea Morrow, Johnny Thompson]"}, "113": {"deepseek": "[Sarah Nelson, Gabrielle Morrison, Timothy Gallagher, Paul Robinson]"}, "114": {"deepseek": "[Benjamin Johnson, Zachary Moore]"}, "115": {"deepseek": "[Daniel Ellis, Matthew Schroeder, Jose Hamilton, Rebecca Sosa, Shannon Sanchez, Andrew Robertson, Lisa Rice, Harry Heath, Christine Collins, Wendy Taylor, Sherry Ford, Patricia Walker]"}, "116": {"deepseek": "[Jamie Oliver, Jessica Patel DDS, Mr. Joseph Mcclure Jr., Brianna Jackson]"}, "117": {"deepseek": "[Barbara Warren, Mackenzie Adams, Raven Bailey, Lindsay Smith, Michael Bishop, Amanda Davis, Jason Brown, Tiffany Brown]"}, "118": {"deepseek": "[Gary Leon, Valerie Taylor, Michael Young, Pamela Rivera, Jordan Franco]"}, "119": {"deepseek": "[Ryan Lloyd, Debra Weiss, Melanie Kelly, Patrick Romero]"}, "120": {"deepseek": "[Sara Ramirez, Anthony Wilson]"}, "121": {"deepseek": "[Matthew Lawrence, Jordan Morgan MD, Michael Arroyo, Malik Harris, Krista Shields]"}, "122": {"deepseek": "[Cynthia Smith, Nancy Lawrence, Lori Chavez, Carrie Rodgers, Jason Sanders, Anna Sullivan]"}, "123": {"deepseek": "[Anthony Elliott, Mr. Thomas Ayala, Jessica Matthews, Mark Elliott, Emily Brock, Emily Martinez, Joseph Smith, Pamela Johnson, Timothy Nunez]"}, "124": {"deepseek": "[Samuel Bell, Frank Brown, Carlos Kelly, Benjamin Wagner, Sara Shelton, Brett Boone]"}, "125": {"deepseek": "[Danielle Briggs, Jennifer Thompson, Ronald Perez, Gloria House, David Cook]"}, "126": {"deepseek": "[Craig Collins, Ariana Leonard, David Martin, Kiara Johnson, Scott Gregory]"}, "127": {"deepseek": "[Lee Jennings, Kim Griffith, Michael Lawson, Jonathan Rowe, Carolyn Rogers, Michelle Smith, Joshua Lynch]"}, "128": {"deepseek": "[Kristen Burns, Amanda Kidd, Evan Wright, Joshua Rivers]"}, "129": {"deepseek": "[Steven Arias MD, Derek English]"}, "130": {"deepseek": "[Cheyenne Zamora, Justin Walsh, Sean Young]"}, "131": {"deepseek": "[Michael Baker, Matthew Paul, Joshua Kane, Mathew Garza, Victoria Williamson, Raven Thomas, Craig Murphy MD]"}, "132": {"deepseek": "[Adam Sharp, Courtney Miller, Tyler Patterson, Jill Smith]"}, "133": {"deepseek": "[Charles Hill, Amber Warren, Ray Lara, Sarah Rodriguez, Stephanie Lawrence, Jodi Davis, Caitlin Ballard, William Hernandez]"}, "134": {"deepseek": "[Richard Solis, Robert Fitzgerald, Renee Brown, Kyle Best, Selena Castillo]"}, "135": {"deepseek": "[John Davis, Sarah Smith, Timothy Moore, Andrew Price, Shane Bowers, Anthony Daniel, Melissa Farley, Sharon Williamson, Amanda Lucero, Jordan Downs]"}, "136": {"deepseek": "[Bradley Roberts, Alexis Thomas, Vincent Fisher, Tim Gomez, Susan Chen]"}, "137": {"deepseek": "[Micheal Clark, Bryce Sanchez, Nina Guerrero]"}, "138": {"deepseek": "[Brittany King, Chelsea Nguyen, Christopher Scott, Cristina Young, Kathleen Mcdonald DDS, Gary Harris]"}, "139": {"deepseek": "[Debbie Yates, Penny Kelley, Ryan Rodriguez, Antonio Singleton, Jesse Johnson, Stephanie Cortez, Miss Gabrielle Wright, Mary Campbell]"}, "140": {"deepseek": "[Courtney Escobar, Grant Murray, Edward Rangel, James Ware, Laura Lang, Phillip Marsh]"}, "141": {"deepseek": "[Noah Decker, Jonathan Beasley, Nicole Huynh, Ashley Collins, Melinda Orr, Kayla Wilson]"}, "142": {"deepseek": "[Susan Jennings, Mark Torres Jr., Joseph Wells, Lynn Hardy, Mary Scott, Jessica Hawkins, Jacqueline Perry, Erica Webb]"}, "143": {"deepseek": "[Susan Gomez, Jessica Brewer, Andrew Brown, James Davis, Richard Cortez, Jasmine Anderson, Darrell Terry, Miss Kathleen Parrish, Evelyn Franklin, Mrs. Teresa Ward DDS, Ryan Anderson, Jeffrey Yang]"}, "144": {"deepseek": "[Lisa Douglas, Spencer Dean, Michelle Williams, Maurice Francis, Janet Collins]"}, "145": {"deepseek": "[David Dalton, Travis Swanson, Glen Richardson, Daniel Cohen, Alisha Clarke, Rebecca Randall]"}, "146": {"deepseek": "[Matthew Irwin, Stacey Owens, Alex Jones, William Lee]"}, "147": {"deepseek": "[Lee Espinoza, Thomas Moyer, Jeremy Leon, Jody Martinez, Courtney Harris, Sean Hunter, Henry Lee, James Brown, Steven Fox, Theresa Scott, Joe Brown, John Mills, Michael Harmon]"}, "148": {"deepseek": "[Dylan Foster, Devon Morgan, Lindsay Hughes, Emily Collins]"}, "149": {"deepseek": "[Mark Payne, Ashley Gray, Amanda Thomas, Tyler Keller, Roberta Smith]"}, "150": {"deepseek": "[Peter May, Leah Mahoney, Brandon Tucker, Dana Roberts]"}, "151": {"deepseek": "[Corey Rogers, Sara Jones, Nathaniel Craig, Diana Lara, Kyle Davila, Philip Shepherd]"}, "152": {"deepseek": "[Terry Weber, Sharon Garza, Tony Willis, Rebecca Norman]"}, "153": {"deepseek": "[Maria Luna, Rebecca Jones, David Barber, Brian Diaz]"}, "154": {"deepseek": "[Kristen Douglas, Michael Gay, Gina Anderson]"}, "155": {"deepseek": "[Gregory Summers, Stephanie Cordova, Jennifer Hurst, Joseph Mcguire, Dawn Clay, Charles Davis, Perry Holt, Amber Thompson, Sophia Smith, Alyssa Rodriguez DVM, Darlene Boone, Danielle Cantrell, Joseph Myers]"}, "156": {"deepseek": "[Amy Smith, Richard Santana, Kimberly Olsen, David Robbins, Mark Anderson, Vincent Green, William Paul]"}, "157": {"deepseek": "[Elizabeth Hurst, Thomas Kennedy, Amy Odonnell, Diane Jimenez, Mrs. Marcia Macias DDS, Jodi Gibson, Charles Meyer, Anthony Nguyen, Deborah Bowman, Dalton Morrison]"}, "158": {"deepseek": "[Dana Harrison, Christopher Ramirez]"}, "159": {"deepseek": "[Ryan Foster, Sergio Shaw, Jacqueline Cochran, Christina Singh, Nicole Young, Mark Barnes, Brian Bishop, Holly Smith, John Savage]"}, "160": {"deepseek": "[Dorothy Miller, Julie Pearson, Ashley Garcia, Ruben Simmons, Nancy Scott, Brittney Fernandez, Mary Jackson, Kathy Warner, Chelsea Mitchell, Jon Marshall, Allison Mason, Elizabeth Kirk, Danielle Griffin]"}, "161": {"deepseek": "[Tammy Burgess, James Aguirre, Anthony Kelley, Sarah Morales]"}, "162": {"deepseek": "[Lori Campbell, Lynn Velasquez, Michelle Sandoval, Heather Smith, Stephanie Boyle, Jamie Scott, Corey Chavez, Sandra King MD, Lori Campbell, Patricia Reed, Michelle Sandoval]"}, "163": {"deepseek": "[Laura Meyers, John Hart, Linda Ramos, Jennifer Hardin, Christy Hudson, Melissa Coleman, Robert Church, Brian Shaw, Christopher Wilson]"}, "164": {"deepseek": "[Eric Henderson]"}, "165": {"deepseek": "[Angela Jimenez, Heather Ortiz]"}, "166": {"deepseek": "[Kimberly Peterson MD, Kimberly Potter, Jocelyn Wang, Steven Miller, Kayla Hall, Kim Garcia, Nicole Phillips]"}, "167": {"deepseek": "[Joan Shields, Robert Sanchez]"}, "168": {"deepseek": "[Eric Dawson, Ronald Melton, James Thomas, Frank Abbott, Jennifer Romero, Darrell May, Kathy Williams, Donna Ward]"}, "169": {"deepseek": "[Jason Brown, Mr. Mitchell Johnson DDS, Heather Rhodes, Lori Curry, Shirley Morrison, Kathryn Williamson, Gerald Wells, Melissa Morrow]"}, "170": {"deepseek": "[Michael Rowland, James Velazquez, Donna Watson, Catherine Goodwin, Michael Dixon, Angela Reid]"}, "171": {"deepseek": "[Duane Hall, Ms. Cynthia Bell, James Johnson]"}, "172": {"deepseek": "[Kristen Long]"}, "173": {"deepseek": "[Nathan Allison, Susan Austin, Bryan Berg, Danielle Reynolds, Joyce Jones, Kelly Ford, Holly Wilson, Christopher Harding, Sara George]"}, "174": {"deepseek": "[Joseph Patterson]"}, "175": {"deepseek": "[Destiny Simpson, Cheryl Prince]"}, "176": {"deepseek": "[Raymond Carter, Christina Campbell]"}, "177": {"deepseek": "[Alan Savage, Michael Collier, Alicia Robinson, Erin Wise, Gina Horton, John Moore, Michelle Hansen]"}, "178": {"deepseek": "[Brandon Medina, Kenneth Stein]"}, "179": {"deepseek": "[Jenny Swanson, Deanna Holt, Stephanie Beard, Anthony Smith, Daniel Mcintyre, Mary Leach, Christopher Kennedy]"}, "180": {"deepseek": "[Gregory Hughes, Nicholas Roberson MD, Krystal Ford, Daniel Brown]"}, "181": {"deepseek": "[Carol Horton, Mr. Cameron Joseph, Mark Garcia]"}, "182": {"deepseek": "[Oscar Montgomery, Kristin Burgess, Mr. Joseph Sweeney, Jasmin Davila, Blake Banks, Kevin Richardson, Justin Graham, Erika Brown, Laura Young, Brooke Davis]"}, "183": {"deepseek": "[Jeffery Choi, Michelle Burnett]"}, "184": {"deepseek": "[Jason Kaufman, Daniel Jones, Denise Clark, Kevin Morrow, James Robles, Kevin Stephens, Nicole Watson, Alfred Lopez, Kellie Nguyen, Sherri Bruce]"}, "185": {"deepseek": "[Joshua Moore, Mr. Eric Mckay, Jill Baker, Jennifer Vasquez, David Vincent]"}, "186": {"deepseek": "[Jose Carpenter, Stephanie Livingston, Meghan Elliott, Amber Raymond, Antonio Gutierrez]"}, "187": {"deepseek": "[William Williams, Hannah Murphy, Christopher Kaufman, William Hanna]"}, "188": {"deepseek": "[Steven Collins, Claudia Harris, Brenda Wilson, Stephen Mendoza]"}, "189": {"deepseek": "[Sarah Blankenship, Laura Gordon, Heidi Mcknight, Wendy Turner]"}, "190": {"deepseek": "[Debra Greene, Robert Cowan, Michelle Moss, Joshua Jones, Margaret Wilson, Brian Carlson]"}, "191": {"deepseek": "[Daniel Cantu, Shelley Oconnell, Michele Stephens, Anthony Carlson, Lori Henderson, Jorge Reyes, Denise Fleming, John Maldonado, Isaiah Powell]"}, "192": {"deepseek": "[Elizabeth Washington, Gregory Olson MD, Crystal Mathews, Erik Sanchez]"}, "193": {"deepseek": "[Michelle Hernandez, Samuel Clark, Jill Garrett, Bethany Leonard]"}, "194": {"deepseek": "[Julia Phillips, Lori Daniel, Rachel Johnson, Jeremy Pace, Jeremiah Mason MD, James Perez, Miss Annette Pruitt, Joshua Mccoy]"}, "195": {"deepseek": "[Nicholas Mitchell, Aaron Baldwin, Michael Allen, Jennifer Peters, Ryan Thornton, Jacob Lee, Vincent Ruiz, Stephanie Cruz]"}, "196": {"deepseek": "[Stephanie Bean, Debbie Meyer, Elizabeth Mullen]"}, "197": {"deepseek": "[Marisa Jackson, Sean Moreno, Brandy Conner, Lauren Barajas]"}, "198": {"deepseek": "[Cynthia Buck, Andrew Kennedy, Connor Logan]"}, "199": {"deepseek": "[Jeremy Wagner, Mark Hickman, Mrs. Breanna Wheeler]"}, "200": {"deepseek": "[Catherine Smith, Thomas Zamora, Brian Peterson, Kimberly Flores, Nathan Rangel]"}, "201": {"deepseek": "[Desiree Johns, Ashley Jackson, Jordan Doyle, Veronica Henderson, Kimberly Contreras, Carolyn Welch, Andrew Soto, Cathy Graham, Jessica Miller, Nicole Guerra]"}, "202": {"deepseek": "[Paul Williams, Tanya Bernard, Jennifer Chaney, Jeffrey Curry, Sue Schmitt, Jonathan Henderson]"}, "203": {"deepseek": "[Patricia Castro, Jessica Buckley, Stephen Williams, Sarah Massey, Stephanie Fernandez, Mary Lloyd DDS, Trevor Morrison]"}, "204": {"deepseek": "[Roberta Jacobson, Erin Nguyen, Sarah Callahan, Samuel Henderson]"}, "205": {"deepseek": "[Sandra Thomas, Megan Brandt, Breanna Stone, Charles Mann]"}, "206": {"deepseek": "[Kimberly Hill, Corey Higgins, Patricia Thompson, Yolanda Becker, Beth Jackson]"}, "207": {"deepseek": "[Anna Griffin, Alexandria Woods, Eric Brooks, Katie Leblanc, Benjamin Taylor, Natalie Mitchell, Adam Wilson, April White, Rachel Valdez]"}, "208": {"deepseek": "[Travis Williams, Christopher Olsen, Adam Johnson, Matthew Goodman, Cory Jones, Brandon Russell, John Robles, Elizabeth Turner, Michael Anderson]"}, "209": {"deepseek": "[Janice Davidson, Diana Brown, Mr. Jacob Wright DDS, Daniel Parker, Debra Mcdonald, Paula Brown, Christopher Harrington, Paul Stevenson]"}, "210": {"deepseek": "[Heidi Perez]"}, "211": {"deepseek": "[Xavier Mitchell, Brenda Melton]"}, "212": {"deepseek": "[Christopher Blake, Lauren Ross, Dustin Lee, Brittany Hawkins]"}, "213": {"deepseek": "[Sara Hamilton, Amanda Mcmahon]"}, "214": {"deepseek": "[Brianna Jackson, Joseph Vazquez]"}, "215": {"deepseek": "[Erica Bates, Jessica Parker, Rebekah Lee, Amy Johnson]"}, "216": {"deepseek": "[David Nelson, Madeline Collier, Jennifer Ramos, Joseph Smith, Sarah Patton, Sean Chan]"}, "217": {"deepseek": "[Andrew Roberts, Pamela Jones, Andrew Bryant]"}, "218": {"deepseek": "[Harry Smith, Michael Maddox, Daniel Nicholson]"}, "219": {"deepseek": "[Daniel Hunter, Katherine Gomez, Kevin Turner, Deborah Torres]"}, "220": {"deepseek": "[Brian Barrera, Rebecca Rhodes, Sean Torres, Frank Howard, Christina Singleton, Shannon Patel]"}, "221": {"deepseek": "[Erin Guerra, Lisa Taylor, Sandra Anderson, David Gonzales, Jonathan Benitez, Janet Beltran, Heather Thompson, Beth Vega, Joel Dalton, Susan Mitchell DDS, Colton Guzman, Misty Beck]"}, "222": {"deepseek": "[Crystal Chavez, Monique Hale, Joseph Parker, Brent Lewis Jr., Alan Wong, Martin Gallegos, Adam Brewer, Megan Hall, Donna Moody]"}, "223": {"deepseek": "[Danielle Pearson, Richard Mccarty, Robert Villanueva, Mary Reeves, John Cain, Kimberly Bolton, Mr. Joshua Shaw, Bryan Foster, David Warner, Regina Le, Steven Hart, Nicholas Heath]"}, "224": {"deepseek": "[Michael Moore, Katherine Dunn, Theresa Bradshaw, James Parsons, Bryan Shaw, Stephanie Salinas, Douglas Zavala, Brian Murray, Jeffrey Garcia, Teresa Jordan, Lisa Smith, Jessica Curtis, Madison White MD]"}, "225": {"deepseek": "[Melissa Hawkins, Tracy Richardson, Jason Jenkins, Sylvia Roy]"}, "226": {"deepseek": "[Ryan Cameron, Michelle Medina, Ethan Thompson]"}, "227": {"deepseek": "[Phillip Simon, Mr. Thomas Villarreal, Darren Powers, Kim Lloyd, Abigail Turner, Daniel Rowland, Kathleen Hopkins, Daniel Lynch]"}, "228": {"deepseek": "[Antonio Sims, Julian Harmon, Jennifer Lopez, John Johnson, Daniel Wells, John Robinson, Elizabeth Gonzalez]"}, "229": {"deepseek": "[Diane Hansen, Matthew Beck]"}, "230": {"deepseek": "[Jason Morris, Mr. Dale Allen, Gary Combs, Melanie Johnson, Brian Lawson, Clinton Jensen, Kiara Snyder, Jessica Osborne, Kayla Weeks DDS, Dana Acosta, Krista Mitchell, Kiara Snyder, Jessica Osborne, Kayla Weeks DDS, Dana Acosta]"}, "231": {"deepseek": "[Joseph Miller, Carlos Bryant, Dawn Contreras, Brian Boyd]"}, "232": {"deepseek": "[Dean Johnson, Joshua Salazar, Tonya Mckay]"}, "233": {"deepseek": "[Ashley Martin, Lori Jones, Rebekah Sanders, Alfred Williams, Douglas Martinez]"}, "234": {"deepseek": "[Jessica Griffin, Alicia Stephenson, Miss Tamara Blackwell]"}, "235": {"deepseek": "[Christopher Johnson, James Rodriguez, Jordan Garza, Peter Peters, Nathaniel Baxter, Nicholas Parrish, Caroline Bell, Victoria Olson]"}, "236": {"deepseek": "[Rebecca Medina, Jennifer Pierce]"}, "237": {"deepseek": "[Francisco Perez, Joanna Baker, Rebecca Page, Kimberly Irwin]"}, "238": {"deepseek": "[Kendra Weaver, Julia Bond]"}, "239": {"deepseek": "[Nicole Graham, Kimberly Aguilar]"}, "240": {"deepseek": "[Duane Schaefer, Joseph Mcdaniel, Yesenia Brown, Jeffrey Mclaughlin, Marc Moore, Connor Davis, Erin Ballard, Rachel Johnson]"}, "241": {"deepseek": "[Amy Perez, Christine Watson, Roy Allen, Alison Moran]"}, "242": {"deepseek": "[Alison Chan, Joshua Pennington, David Castro, Erik Cline, Alice Newman, Tyler Porter]"}, "243": {"deepseek": "[Robert Weeks, Phillip Carr, Yolanda Smith, Jessica Perez]"}, "244": {"deepseek": "[Robert Fitzgerald, Phillip Morris, Brenda Stevens, James Morgan, Vanessa Fuentes, Dylan Bowman, Jennifer Gonzales, Jonathan Sanders, Ryan Gibson]"}, "245": {"deepseek": "[Jacob Graves, George Nunez]"}, "246": {"deepseek": "[Robert Turner, Joseph Hill]"}, "247": {"deepseek": "[Kimberly Lewis, Angela Smith, Jason Perry]"}, "248": {"deepseek": "[Christopher Knight, Megan Hernandez, Barbara Clark]"}, "249": {"deepseek": "[Dakota Johnson, Christine Gray, Dustin Lopez]"}, "250": {"deepseek": "[Matthew Lewis, Wanda Smith, William Reed, Larry Ingram, Joseph Crawford, Tracy Conrad, Sara Ramos, Jade Williams]"}, "251": {"deepseek": "[Donna Freeman, Nicole Williams, Alexander Jones]"}, "252": {"deepseek": "[Todd Oconnor, Brandon Abbott, Daniel Wright, Ashley Jackson]"}, "253": {"deepseek": "[Michael Rhodes, Timothy Bennett, Christina Lopez, Sarah Robinson, Mark Parker, Joshua Carrillo]"}, "254": {"deepseek": "[Gina Baker, Jennifer Scott, Amy Montgomery, Susan Anderson]"}, "255": {"deepseek": "[Leah Rivera, Jeffrey Martin, Anna Hubbard, Frank Hill, Kelly Sanchez, Michael English, Wendy Hale, Nicholas Conrad, Adam Norton]"}, "256": {"deepseek": "[Connie Gordon, Christopher Porter]"}, "257": {"deepseek": "[Morgan Oconnor, Allen Nash, Diana Bartlett, Jonathan Parsons]"}, "258": {"deepseek": "[Stacey Wright, Bradley Wilson, Joshua White, Laura Hunter, Andrea Morrison, David English, Eric Quinn, Kenneth Haynes MD, Nicole Bailey, Austin Cruz, Rachel Davila, Phillip Parker]"}, "259": {"deepseek": "[Jessica Silva, Billy Lang, Caleb Curtis, Roger Casey, Charles Wise]"}, "260": {"deepseek": "[David Taylor, Matthew Keith, Mrs. Jasmine Moran, Paul Rodriguez]"}, "261": {"deepseek": "[Haley Montgomery]"}, "262": {"deepseek": "[Lori Bell, Daniel Martinez]"}, "263": {"deepseek": "[James Marquez, Matthew Pierce, Cynthia Johnson, Laura Jenkins]"}, "264": {"deepseek": "[Eric Taylor PhD, Rhonda Jimenez, Kevin Mclaughlin, Michael Stein, Crystal Mcdonald, Joshua Zhang, Alice Silva, Robert Moore, Lisa Lee, Jamie Castillo, Sandra Sellers]"}, "265": {"deepseek": "[Mr. Jimmy Garcia, Tracy Wong, Jason Schneider, Carmen Brown, Joseph Hayes]"}, "266": {"deepseek": "[John Huffman, Mercedes Powell, James Riley, Traci Woods, Michael Chavez]"}, "267": {"deepseek": "[Dwayne Mason]"}, "268": {"deepseek": "[Maria Wade, Jerry Smith, Bradley Smith, Dustin Acosta, Jon Hoffman, Brent Garcia, Jesse Armstrong, Kimberly Richardson, Brian Johnson, Andrew Thompson]"}, "269": {"deepseek": "[David Moore, Julie Escobar]"}, "270": {"deepseek": "[Deborah Williams, Ashley James, Brenda Hart, Kenneth Newman, Jorge Lewis, Ronnie Ramirez]"}, "271": {"deepseek": "[Noah Flores, Nicholas Mcintyre, Dr. Andrew Thomas, Madeline Morales, Justin Hoffman, Eric Rowland, Michelle Santana, Edwin Ross, Denise Hernandez, Joseph Rubio, Catherine Kelley, Mary Wright, Noah Flores]"}, "272": {"deepseek": "[Eric Cantrell, Crystal Gentry]"}, "273": {"deepseek": "[Rita Green, Jessica Hall, Jasmine Smith, Kathleen White]"}, "274": {"deepseek": "[Edwin Walters, Jonathan Rivera, Chris Stein, Michelle Moore, Kathryn Jones, Emma Paul, Paul Valencia, Jessica Brown, Mark Martinez, Carolyn Barrett, Brandi Duncan]"}, "275": {"deepseek": "[Scott Harper DDS, Elizabeth Howard, Nicole Greene DDS, Patricia Powell, Christopher Williams, Laura Bailey, Shawn James MD]"}, "276": {"deepseek": "[David Everett, Kenneth Caldwell, Laura Ford, Joseph Roberts, Maria Thompson, Nicole Mitchell, Karina Perry, Peter Frye, Jacob Powell, Jennifer Orozco, Mrs. Stacey Mata, Robert Hubbard, Linda Haney]"}, "277": {"deepseek": "[Tanya Nicholson, Nicole Hickman, Karen Thompson]"}, "278": {"deepseek": "[William Glover, Joshua Carter, Linda Bonilla]"}, "279": {"deepseek": "[Jamie Larsen, Raymond Jones, Sylvia Morgan, Rachel Patton, Jeremy Alexander, George Bell]"}, "280": {"deepseek": "[Mrs. Sandra Best, Rachel Bailey, Lindsey Wheeler DDS]"}, "281": {"deepseek": "[Jeffrey Watson, Brian Bowen, Kelly Ritter, Amy Diaz, Matthew Fischer, Brandon Jones, Matthew Weber, Emily Mendez, David Jones]"}, "282": {"deepseek": "[Bridget Reid, Karen Johnson, Michelle Waller]"}, "283": {"deepseek": "[Shawn Webster, Kenneth Rogers, Jessica Logan, Sandra Dominguez]"}, "284": {"deepseek": "[Heather Davis, Michael Lopez, Sarah Smith, Karen Smith, Jessica Michael, Gina Flowers, Donald Fuller, Kim Nelson, Jeffery Anderson]"}, "285": {"deepseek": "[Katherine Anderson, Sheri Kaiser, Dr. Kathryn Perkins, Ronald James]"}, "286": {"deepseek": "[Barbara Higgins, Cody Deleon, John Sullivan, Brandon Barnes, Robert Campbell MD, Joseph Blake, Monica Carroll, Jessica Brown, Duane Vargas, Miss Audrey Miller]"}, "287": {"deepseek": "[Gary Green, Karen Gonzalez, Patricia Page, Kevin Mcmillan, Breanna Baker, Loretta Foster, Kelsey Valenzuela, Dr. Maria Johnston]"}, "288": {"deepseek": "[Elizabeth Mcdowell, Jose Burnett, Allison Sanders, Andrew Dunn, Ryan Richardson, Mary Mckinney, Michael Casey]"}, "289": {"deepseek": "[Karen Martin, Sarah Smith, Ellen Christian, Leah Mays, Austin Tran, Rhonda Ross, Carrie Richards, Nicholas Monroe, Stephen Cunningham]"}, "290": {"deepseek": "[Anthony Cook, Hannah Escobar, Jeffrey Wheeler, Benjamin Williams, Duane Thompson, Ann Ortiz, Victoria Rojas, Curtis Allen, Meagan Soto]"}, "291": {"deepseek": "[Christina Garcia, Todd Riddle, Kelly Lynch, Holly Carlson]"}, "292": {"deepseek": "[John Charles, Kenneth Evans, Nicole Jones, Kristin Gregory, Matthew Cabrera, Monique Lamb, Vanessa Dominguez, Jonathan Castillo, David Chavez, Jennifer Taylor, Angela Klein, Cynthia Gonzalez, Wendy Huffman, Jeffrey Wheeler]"}, "293": {"deepseek": "[Jacqueline Williams, Angela Acosta, Kevin Scott, Tricia Lawrence, Michael Ferguson, Bradley Todd]"}, "294": {"deepseek": "[Alicia Morgan, Sharon Taylor, Mary Medina, Douglas Jimenez], [Erin Rocha], [Robert Fischer], [Whitney Taylor]"}, "295": {"deepseek": "[Roy Gonzales, Christopher Thompson]"}, "296": {"deepseek": "[Eric Wood, Michelle Rivera, Barbara Randolph]"}, "297": {"deepseek": "[Olivia Patel, Dwayne Lewis]"}, "298": {"deepseek": "[William Miller, Dr. Kathryn Perkins]"}, "299": {"deepseek": "[Anita Pierce, Katie Kim, Sharon Rose, Nancy Strong, Cindy Morton, Steven Brown, Mitchell Perez]"}, "300": {"deepseek": "[Kevin Brown]"}, "301": {"deepseek": "[John Singh PhD, Jeffrey Macdonald, Larry Parks, Steve Wang, Dawn Perkins, Kim Graham, Peter Aguirre]"}, "302": {"deepseek": "[David Williams, Raymond Olson, Peter Hayes, Denise Garcia, Juan Hawkins, Mitchell Peterson, Casey Fernandez, Michael House]"}, "303": {"deepseek": "[Samuel Mcconnell, Jane Conley MD]"}, "304": {"deepseek": "[Kaitlin Thomas, Alexandra Reeves, Matthew Estrada, Melissa Farley]"}, "305": {"deepseek": "[Jessica King MD, Jessica Flynn, Danielle Carson, Alan Ross, Deanna Gonzalez, Jeffery Williams, Christine Mitchell, Marisa Vaughan, Jeffery Sawyer, Rachel Villa, Donna Duncan, Darrell Carter, Cheryl Kelly, Rhonda Alexander]"}, "306": {"deepseek": "[Megan Hart, Michelle Donovan, Nathan Savage]"}, "307": {"deepseek": "[Brandon Morris, William Johnson, Alyssa Smith, Scott Carlson, Theresa Phillips, Courtney Smith, Robert Carey, Clarence Reynolds]"}, "308": {"deepseek": "[Daniel Nunez, Michelle Craig, Dr. John Woods, Laura Hawkins, Dawn Henson, Julie James, Katherine Coleman, Nathaniel Anderson, Nicole Wilson, Tracy Kelly]"}, "309": {"deepseek": "[Elizabeth Bailey DDS, Anna Mcdonald, Jasmine Farmer, Robert King, James Owen, Kirk Mckinney, Andrew Neal, Nicole Park, Kenneth Henson]"}, "310": {"deepseek": "[Stephanie Mullins, Anthony Doyle, Shirley Rowe, Brian Rivera, Mark Baker]"}, "311": {"deepseek": "[Sharon Jackson, Erin Orozco, Sara Diaz, Deborah Downs, Lori Anderson, Connie Yoder, Tiffany Williams]"}, "312": {"deepseek": "[Rachel Griffin, Jennifer Perkins]"}, "313": {"deepseek": "[Benjamin Williams, Douglas Martin, Caleb Garcia, Kimberly Jones]"}, "314": {"deepseek": "[Wendy Green, Jeremy Little, George Wright]"}, "315": {"deepseek": "[Thomas Young, Theresa Mclaughlin, Christine Smith, Tracy Sanchez, Trevor Carlson, Pamela Powell, Hannah Myers, Barbara Haynes, Terry Lee PhD, Dr. Kimberly Cook DDS, John Thomas, Nathan Molina]"}, "316": {"deepseek": "[Madison Hughes, Sandra Farrell, Dominique Watkins, Derek Taylor, Joanna Simmons, Stacey Snyder, Adrian Williams]"}, "317": {"deepseek": "[Katherine Erickson, Edward Fritz, Leslie Garcia, Keith Cox, Cassie Barrett, Bruce Williams, Scott Washington, Cynthia Thompson, Amanda Barnett, Kristin Allen MD, Shawn Grant, Jeffrey Scott, Edward Fritz]"}, "318": {"deepseek": "[Jennifer Lewis, Shelly Garcia, Leah Lane, Mr. Marcus Porter MD, Alexander Roberson, Donna Kelly, Pamela Sims, Clifford Lewis, Drew Meadows]"}, "319": {"deepseek": "[William Newman, Andrew Cook, Rachel Brown]"}, "320": {"deepseek": "[Mark Allen, Samantha Tate, Taylor Baker, Ruth Landry, William Colon, Andre Dean, Karen Davis, Karen Solis, Vanessa Black, Joann Bradley]"}, "321": {"deepseek": "[Angela Nguyen, David Murray, James Powers, Antonio Moore, Jamie Richmond, Gabriel Cole, Sarah Franklin, Samantha Murray]"}, "322": {"deepseek": "[John Le, Christopher Durham, Brenda Norton]"}, "323": {"deepseek": "[Sierra Vasquez, Tom Johnston, Traci Booker, Jaime Taylor]"}, "324": {"deepseek": "[Ian Stewart, Kristina Manning, Javier Howard, Denise Miller, Tiffany Santos, Melissa Long, Rebecca Thompson]"}, "325": {"deepseek": "[Alexandra Santiago, Madison Medina, Derrick Jones, Jose Bradford, Kathleen Perry, Teresa Cooper, Annette Sanchez, Cheryl Richardson, Brian Jones]"}, "326": {"deepseek": "[Natasha Weber, Lisa Simpson, Kimberly Morrow, Adam Smith, Rose Moore, Daniel Garcia]"}, "327": {"deepseek": "[Mr. Eric Davis, Amanda Cooper]"}, "328": {"deepseek": "[Jacqueline Davis DVM, Kiara Santana, Thomas Horne, Mr. William Merritt, Jeremy Clark, Crystal Case, Mary Daniels, Michael Sanchez, Robert Sullivan]"}, "329": {"deepseek": "[Kyle Green, Justin Floyd, Olivia Carson, Mike Owen, Brian Wu]"}, "330": {"deepseek": "[Brenda King, Rachel Steele, David Lucas]"}, "331": {"deepseek": "[Shari Leonard]"}, "332": {"deepseek": "[Destiny Thompson, Ronald Bailey, Christopher Lowe, Valerie Maldonado]"}, "333": {"deepseek": "[Brandy Jenkins, Jennifer Moreno]"}, "334": {"deepseek": "[Tricia Frey, Michelle Giles, Kristopher Edwards, Carolyn Wilson, Haley Garza]"}, "335": {"deepseek": "[Megan Nelson, Joann Miller, Michael Patterson, Christopher Bradley, Natalie Hensley]"}, "336": {"deepseek": "[Jason Johnson, Amy Hernandez, Taylor Diaz, Angela Valdez, Ariel Hansen]"}, "337": {"deepseek": "[Christian Trevino, Kristin Mitchell, William Anderson, Ann Johnson]"}, "338": {"deepseek": "[Desiree Larson, Alexander Thompson, Scott Brown, Theresa Proctor, Holly Williams, David Carpenter]"}, "339": {"deepseek": "[Craig Peterson, Joshua Galloway, Jennifer Morrow, Kathy Flores, Ann White, John Taylor, Ryan Anderson, Linda Bradford, Kristen Perez, Jennifer Morrow]"}, "340": {"deepseek": "[Jocelyn Daniels, Larry Wheeler, Michelle Young, Angela Walsh]"}, "341": {"deepseek": "[Nancy Calhoun PhD, Nathan Lopez, Leslie Wade, Kayla Brown]"}, "342": {"deepseek": "[Sandra Rodriguez, Adam Boyer]"}, "343": {"deepseek": "[Mark Carroll, Kimberly Johnston, Arthur Fritz DDS, James Rios, Alyssa Shepherd, Mark Jones]"}, "344": {"deepseek": "[Jeffrey Ingram, Mark West, Hailey Campbell, Laura Noble, Morgan Riley, Linda Kemp, Jonathan Meyer]"}, "345": {"deepseek": "[Robert Leon, Jacqueline Black, Kathryn Manning]"}, "346": {"deepseek": "[Karen Wang, Jerome Ferguson, Tracy Hawkins, Benjamin Wilson]"}, "347": {"deepseek": "[Nicole Gill, William Mann, Cody Wheeler, Ann Gallegos, Tracie Friedman, Elizabeth Smith, Stacy Burke, Katelyn Turner, Jerry Garcia, Christopher Robinson]"}, "348": {"deepseek": "[Kristie Jacobs, Johnny Fields, Taylor Hoover, Kathy Cox]"}, "349": {"deepseek": "[Matthew Villa, Rebecca Smith MD, Daniel Mckenzie]"}, "350": {"deepseek": "[John Mcdaniel, Christine Moran, Amanda Bryant, Tara Harris, Jennifer Castillo, Jimmy Evans]"}, "351": {"deepseek": "[Matthew Sanders, Crystal Gomez, Robert Douglas, Katherine Vasquez, Jacqueline Padilla, Karen Martin, Jennifer Ruiz]"}, "352": {"deepseek": "[Joshua Cortez, Lauren Williams, Brandon Fox, Jennifer Vaughn, Paul Freeman, Danielle Johnson, Jessica Ross, Shelley Vargas, William Long]"}, "353": {"deepseek": "[Eugene Berg, Kimberly Lopez, Tonya Johnson, Jennifer Moore]"}, "354": {"deepseek": "[Alexandra Daniels, Joshua Chandler, Samantha Anderson, Tyler Horn, Cynthia Johnson, Travis Ayala, Matthew Estrada]"}, "355": {"deepseek": "[Samuel Lopez, Kelly Bryant, David Gonzalez, Gavin Lewis, Kaitlyn Willis, Justin Robles, Joseph Roach, Ariel Pearson, Brandon Henderson]"}, "356": {"deepseek": "[Jonathan Bailey, Madison Hogan, Dr. Lee Jackson, Joshua Kane, Matthew Dixon, Brittany Davis, Christine Sanders, Jennifer Sims]"}, "357": {"deepseek": "[Kimberly Garcia]"}, "358": {"deepseek": "[Valerie Perry, James Butler, Colleen Adams, April Hendrix, Jennifer Scott, Katie Lee, Ryan Webb MD, Charles Valdez]"}, "359": {"deepseek": "[Gina Dixon, Kimberly Higgins, Wanda Woods, Brandon Williams]"}, "360": {"deepseek": "[Tara Graham, Isaiah Cobb, Edward Carlson, Kayla Brown, Robert Chambers, William Decker]"}, "361": {"deepseek": "[Ryan Phillips, Leslie Wilson, Olivia Cowan, Tiffany Wilson, Teresa Harrison, Gary Huerta, Rebecca Sanchez, Debra Butler, Lindsey Mitchell, Madison Gardner]"}, "362": {"deepseek": "[Jillian Rodriguez, Mr. Kyle Romero DDS, Zachary Mcdaniel, Mark Oconnor, Christopher Herrera, Jonathan Spears, Chelsea Galvan, Brian Rangel, David Padilla, Laura Jimenez MD, Dr. Michael Cruz]"}, "363": {"deepseek": "[Tiffany Cox, Denise Johnson, Morgan Smith, Tasha Whitaker, Jeffrey Castro]"}, "364": {"deepseek": "[Laurie Smith, Daniel Booth]"}, "365": {"deepseek": "[Bryan Ho, Lisa Bryan, Mark Fry, Kathryn Daniel, Louis Williams]"}, "366": {"deepseek": "[Mary Smith, Sandra Lopez, Shawn Marshall, Rita Mcdonald, James Wood, Jason Taylor, Gary Freeman, Hector Curry]"}, "367": {"deepseek": "[Joseph Rice, Harry Sanchez, Shawn Yoder, Linda Wright]"}, "368": {"deepseek": "[Erica Rodriguez, John Harmon, Karen Cook, Bobby George, Maria Greene, Sarah Hobbs, Andrea Arnold, Eric White, Meagan Johnson]"}, "369": {"deepseek": "[April Chan, James Moses, Melissa Obrien, Brandy Hunt]"}, "370": {"deepseek": "[John Ayers, Tammy Kelley, Adrian Mcneil, James Todd, Jill Matthews, Anna Rodriguez, Kerry Schaefer, Stephanie Curry, Paul Robertson, Rachael Mcdonald, Courtney Davis]"}, "371": {"deepseek": "[Brandon White, Julie Mann, Anita Williams MD]"}, "372": {"deepseek": "[David Griffith, John Ward, James Johnson, Barbara Berry, Brian David, Kim Nelson]"}, "373": {"deepseek": "[Cynthia Chaney, Dylan Martinez, John Hudson, William Beltran, David Bailey, Patrick Peterson, Joshua Wong, Fernando Gallegos, Dustin Marsh, Kaylee Rocha]"}, "374": {"deepseek": "[Donna Simmons, Michael Smith, Sandra Hubbard, Robert Moore, Jeremy Griffin]"}, "375": {"deepseek": "[Timothy Aguilar, Noah Tucker, Emily Ferguson]"}, "376": {"deepseek": "[Steven Koch, Sara Ramirez, Melanie Bridges, Craig Padilla, Anthony Mcdonald]"}, "377": {"deepseek": "[Justin Davis, Taylor Jones, Norman Stanley, Stacy Gutierrez, Olivia Taylor]"}, "378": {"deepseek": "[Ricardo Myers, Courtney Taylor, Mary Smith, Amy Herrera, Patrick Osborn, Nicole Henderson, Anthony Nelson, Ryan Hart]"}, "379": {"deepseek": "[Susan White, Kimberly Moreno PhD, Richard Cruz, Jaime Green, Michael Ramos, Michael Andrews, Eric Hall, Frederick Lopez]"}, "380": {"deepseek": "[Stephanie Carter, Jonathan Miller, Felicia Davis, Christopher Adams, Sara Carr, Gregory Holmes, Sarah Nelson, Gregory Ramirez]"}, "381": {"deepseek": "[Anthony Hoover]"}, "382": {"deepseek": "[Brittany Ross]"}, "383": {"deepseek": "[Melissa Dennis, Sabrina Holmes]"}, "384": {"deepseek": "[Jose Munoz, Colin Davis, Maria Byrd, Julia Donovan, Dr. Amy Riley, Lauren Baker, Todd Davis, David Yates, William Chavez, Holly Alexander, Christopher Cabrera, Sarah Cortez, Christopher Woods]"}, "385": {"deepseek": "[Joe Turner, Mark Park, Jeremy Berry, Craig Hoover, Philip Vargas]"}, "386": {"deepseek": "[Misty Torres, Benjamin Solis, Stacey Thompson, Natalie Brown, Nicholas Reed, Ashley Morris]"}, "387": {"deepseek": "[Mr. Ryan Macias, Marie Casey, Dylan Hernandez, Henry Carter]"}, "388": {"deepseek": "[Christian Smith, Luis Moore, Steven Kennedy, Christopher Johnson]"}, "389": {"deepseek": "[Melinda Mendoza, Frank Clark, Natalie Norton, Shelly Cole]"}, "390": {"deepseek": "[Sarah Adams, Jennifer Perez, Peggy Rodriguez, John Graves, Mary Clay, Gregg Buck, Whitney Martinez, Bryan Anderson, Melissa Burns, Nicholas Torres, James Gordon]"}, "391": {"deepseek": "[Pamela Wright, Savannah Ruiz, Jessica Black, Mitchell Martin, Gregory Perez, Amy Hall, Nicole Nunez, Tammy Martin]"}, "392": {"deepseek": "[Carol Kent, Jasmine Evans, Alex Griffith, Sean Cunningham, Hannah Carter, John Ortiz, Wanda Nelson, Kathleen Eaton, Alexandra Hughes, Emily Fisher, James Delgado, Warren Terry, Charles Charles]"}, "393": {"deepseek": "[John Vasquez, Sierra Taylor, Mandy Hoffman, Leah Nelson, William Harris]"}, "394": {"deepseek": "[Michael Malone, William Tran]"}, "395": {"deepseek": "[Brittney Stark, Carrie Ross]"}, "396": {"deepseek": "[Vanessa Duffy, Jimmy Curtis, Zachary Blankenship]"}, "397": {"deepseek": "[Matthew Munoz, Erik Manning, Caitlin Duke, Nicole Conrad, Casey Rojas, Eric Garcia, Kathryn Dawson, Vanessa Rogers]"}, "398": {"deepseek": "[Terry Jimenez, Erica Richardson, Lauren Lee, Suzanne Brown, Emily Griffin, Ryan Aguirre, Melissa Cross]"}, "399": {"deepseek": "[Martha Hurst, Austin Petersen DDS, Ana Martinez, Amanda Casey, Nathan Nichols, Melissa Richardson, Chloe Lewis, Mary Evans, Mrs. Jennifer Collins, Rodney Stevens, Kenneth Porter MD, Crystal Nelson, Dillon Stephens]"}, "400": {"deepseek": "[Amanda Holden, Bruce Mosley, Tiffany Terrell, David Hawkins, Natalie Rhodes, Donald Lewis, Christopher Watts]"}, "401": {"deepseek": "[Ebony Huff, Nicholas Wolf DVM, Johnathan White]"}, "402": {"deepseek": "[John Malone, Melissa Long, Matthew Rangel, Jamie Carter, Andrea Glenn, Carolyn Howell, Robert Pineda, Julie Miller, Crystal Mata, Jennifer Peck]"}, "403": {"deepseek": "[Nathaniel Washington, Maria Miller, Megan Oconnell DVM], [Lauren Brown, Crystal Sanders, Leslie Campbell, Julie Hall, Barbara Gonzales]"}, "404": {"deepseek": "[Nichole Berger, Nathan Vazquez, Emily Martin, Brandon Greene, John Ballard, Wesley Reeves, David Gamble, Christina Shah, Richard Crawford, Patricia Wright, Mary Leonard]"}, "405": {"deepseek": "[Shawn Kerr, Wyatt Ferguson, Peter Richmond, Peggy Woods]"}, "406": {"deepseek": "[Brian Smith, Travis Johnson, Dr. Tyler Johnson, Nancy Bryan]"}, "407": {"deepseek": "[Miranda Martinez, Zachary Mora, Rachael Padilla, Linda Sullivan, Jessica Patrick, Allen Sanders]"}, "408": {"deepseek": "[Danny Bridges, Andrea Williams]"}, "409": {"deepseek": "[Adam Willis, Becky Campbell, Courtney Willis, Scott Short]"}, "410": {"deepseek": "[Courtney Rubio, Joshua Ellis]"}, "411": {"deepseek": "[Shelly Walker, Curtis Fitzpatrick, Michelle Bolton, Alejandra Price, Rebecca Lam]"}, "412": {"deepseek": "[Randall Bishop, Jordan Grant, Hayden Mason], [Mrs. Cindy Jacobs, Michele Parker, Abigail Wise], [Mr. Anthony Navarro Jr.], [Randy Perez]"}, "413": {"deepseek": "[Mary Ali, Steven Adams, Sarah Rodriguez, Angel Sanchez]"}, "414": {"deepseek": "[Tom Bowman, Daniel Mitchell, Michael Howard, Katelyn Vance]"}, "415": {"deepseek": "[Katie Crawford, Toni Duran]"}, "416": {"deepseek": "[David Goodman, Elizabeth Giles, Donald Wilson, Maria Gutierrez, Debra Bailey, Lawrence King]"}, "417": {"deepseek": "[Stephanie Clay, Philip King]"}, "418": {"deepseek": "[William Clark, Matthew Murray, Ryan Lawson, Michelle Welch, James White]"}, "419": {"deepseek": "[Mr. Patrick Wheeler, Austin Collins, Kristine Booker]"}, "420": {"deepseek": "[Cynthia Decker, Rachel Reed, Antonio Anderson, Mary Hunter]"}, "421": {"deepseek": "[Angel Dawson, Joshua Herman, Kimberly Jones]"}, "422": {"deepseek": "[Mr. Joshua Farmer, Linda Ford, Karen Nash, Benjamin Rodriguez, Steven Novak, Brian Johnson]"}, "423": {"deepseek": "[Richard Dunn, Ronald Estes, Nathan Anderson Jr., George Williams, Kimberly Welch, Krista Garcia, Karen Colon, Amanda Patterson, Dustin Williams]"}, "424": {"deepseek": "[Beth Parker, Daniel Webster, Mrs. Nancy Anderson, Joanna Savage]"}, "425": {"deepseek": "[Christina Diaz]"}, "426": {"deepseek": "[Nancy Thomas, Mark Carroll, Andrew Collins, Kaitlin Lloyd, Julie Wilson, Devin Cole]"}, "427": {"deepseek": "[Maria Miller, Tiffany Gray, Mr. Gary Mcdonald MD, Jesse Stark, Bryan David, Mariah Nelson, Ashley Myers, Dennis Shannon, Jennifer Robinson, Christian Rogers]"}, "428": {"deepseek": "[Elizabeth Smith, Karen Jones, Connor Knight, Autumn Hawkins, John Fuller, Julie Hernandez, Derek Gray, Robert Curry]"}, "429": {"deepseek": "[Nicholas Reyes, Ronald Howell, Brenda Salas, Tracy Jones, Jeffrey Schwartz]"}, "430": {"deepseek": "[Randy Crawford, Wendy Caldwell, Mr. Mark Gonzalez]"}, "431": {"deepseek": "[Benjamin Henderson, Daniel Williams, Christopher Hernandez, Angel Watkins], [Todd Mullins, Michele Johnson]"}, "432": {"deepseek": "[Katrina Smith, Bonnie Greer, Angela Mcneil, Troy Mullins]"}, "433": {"deepseek": "[Connor Williams, Kerry Chapman, Anthony Williams]"}, "434": {"deepseek": "[Jennifer Brown, Cassidy Nelson, David Beasley, John Lewis, Taylor Robinson, Steven Romero, Nicholas Gregory, Jay Bolton, Daniel Bennett]"}, "435": {"deepseek": "[Michael Anderson, Terry Howell, Madeline Johnson, Kevin Cooper, Jason Davis]"}, "436": {"deepseek": "[Curtis Gonzalez, Jessica Johnson, Brandi Hawkins, Debra Powers, Tiffany Larson, Alexander Wright IV, Joseph Griffin, Daniel Griffith, Michelle Pearson, Pamela Miller]"}, "437": {"deepseek": "[Linda Mckay, Gregory Jones]"}, "438": {"deepseek": "[John Davis, Brian Kim, Alexis King, Cesar Fox]"}, "439": {"deepseek": "[Mitchell Salas, Cheryl Ellis, Bruce Allen, Elizabeth Barrett, Susan Stewart, Lisa Roach, Brian Miller, Jennifer Sheppard, Angela Robertson, Andrew Hess, Jennifer Perry, Sherri Lewis, Patricia Russell]"}, "440": {"deepseek": "[Mary Campbell, Brendan Armstrong, Matthew Castillo, Sabrina Martin]"}, "441": {"deepseek": "[Evan Griffin, Matthew Brown, David Jones, David Davis, Barbara Fletcher, Jessica Hall, Roberta Gay]"}, "442": {"deepseek": "[Dr. Kyle Riley, Russell Ford, Elizabeth Terry, Hunter Zimmerman, Linda Stephens, Anthony Holder]"}, "443": {"deepseek": "[Angela Franklin, Jessica Hall, Monica Stark, Mark Sanders, Alexis Rice, Jennifer Bowen]"}, "444": {"deepseek": "[Andrew Sanchez, Mark Bradshaw, Matthew Johnson, Lori Swanson, Anthony Johnson, Juan Paul, Mr. Reginald Gould, Bailey Snow]"}, "445": {"deepseek": "[Allison Olson, Cynthia Jones, Emma Scott, Marilyn Olson, Sean White, Christopher Benjamin]"}, "446": {"deepseek": "[Tina Rivera, Judy Yoder]"}, "447": {"deepseek": "[Luis Mitchell, Amanda Wilkins, Haley Anderson]"}, "448": {"deepseek": "[Terry Moody, Justin Gutierrez, April Barker, Mark Burns, Joseph Patel, Joshua Robertson, Michelle Boyd, Allen Henderson, Jeffrey Harrington]"}, "449": {"deepseek": "[Carolyn Lloyd, Andrew Anderson, Brian Gonzalez]"}, "450": {"deepseek": "[Mindy Johnson, Alan Fox, Bryan Holmes, Cody Norris]"}, "451": {"deepseek": "[Michelle Johnson, Jennifer Hansen, Trevor Goodman, Heather Smith, Deborah Whitaker], [Melissa Archer, Tiffany Craig]"}, "452": {"deepseek": "[Haley Pierce, Kelly Orr, Anthony Morris, Jacob Campbell]"}, "453": {"deepseek": "[Jose Wagner, Warren Peck, Gerald Curry, Patricia Burton]"}, "454": {"deepseek": "[Kim Castro MD, Sherry Collins, Nicole Diaz, Patricia Day]"}, "455": {"deepseek": "[Patrick Mason, Isaiah Zhang, Amanda Frye, Malik May, Matthew Taylor]"}, "456": {"deepseek": "[Daniel Smith, Joseph White, Brittany Snyder, Mariah Guerrero, Andre Smith, Stephen Rich, Karen Martin, Mark Franklin]"}, "457": {"deepseek": "[Kathryn Smith, Amy White, Isabel Heath, David Herman]"}, "458": {"deepseek": "[Kevin Cox, John Cohen, Laura Mcknight, Ryan Suarez, Melissa Flores]"}, "459": {"deepseek": "[Brittany Young, Douglas Roman, Jessica Gates, David Coffey, Melissa Williams, Bethany Klein, Erica Gordon, Mary Lam, Kimberly Roberts, Gary Contreras, Austin Jones, Jason Horn, Joshua Salazar]"}, "460": {"deepseek": "[Amanda Anderson, Rebekah Lawson, Hector Oneal, Amanda Daniels]"}, "461": {"deepseek": "[Molly Blackwell, Leah Nelson, Brandon Lewis, Jorge Jones, Teresa Lucas]"}, "462": {"deepseek": "[Timothy Peterson, Kathleen Sutton, Ian Sellers, Jenna King, Jeffery Massey, Jill Thompson]"}, "463": {"deepseek": "[Daniel Smith, Tiffany Sanchez, Allison Mccarthy, Valerie Terry]"}, "464": {"deepseek": "[Dustin Doyle, Jennifer Hahn]"}, "465": {"deepseek": "[Sean Jackson, Douglas Malone, Jason Ryan, Raymond Maddox, Adam Thompson, Aaron Soto, Shannon Garrison, Jason Morgan]"}, "466": {"deepseek": "[Heidi Murillo, Hailey Thompson, Benjamin Williams MD, Debra Adams, Debbie Vaughn, Walter Murphy, Jason Fox, Karen Garcia MD, Tammy Clark, Daniel Hebert, Erin Phelps, Stephanie Mcknight, Kathleen Jenkins, Tiffany Stephens, Karen Garcia MD]"}, "467": {"deepseek": "[Mark Sampson, Christopher Morgan, Michael Hernandez, Matthew Willis]"}, "468": {"deepseek": "[Paul Davis, Edwin Ross]"}, "469": {"deepseek": "[Heather Hernandez, William Jackson, Diane Liu]"}, "470": {"deepseek": "[Lori Campbell, Susan Jones, Brandon Harvey, Calvin Bennett, Michelle Sandoval, Stephanie King, Taylor Cortez]"}, "471": {"deepseek": "[Brittany Perez, Alexis Morales]"}, "472": {"deepseek": "[Amanda Mathews, Kristen Perry, Jeffery Thomas, James Campbell, Adrian Pena, Joyce Navarro, Kristina Howe]"}, "473": {"deepseek": "[Michelle Carrillo, Brenda Walker, Michelle Fischer, Bonnie Young]"}, "474": {"deepseek": "[Robert Bell, Suzanne Bauer, Russell Thompson, Ronald Lewis, Carrie Aguirre PhD, Christopher Shaw]"}, "475": {"deepseek": "[Karen Hendricks, Nicholas Valencia, William Casey, John Sanchez]"}, "476": {"deepseek": "[Jesse Cardenas, Madison Garcia, Julia Taylor, Debbie Garcia, Cristian Gomez]"}, "477": {"deepseek": "[Kristy Tucker, Stefanie Roman, Kimberly Evans MD, Hector Knight, David Lozano, Michelle Cooper, Manuel Nelson]"}, "478": {"deepseek": "[Amy Scott, Richard Reynolds, Timothy Tate, Stephen Wright, James Edwards, Christian Baker, Kelly Chen, Karen Morgan, Stacy Beard]"}, "479": {"deepseek": "[Dr. Justin Newton, Ashlee Hopkins, Michele Shelton, Ashley Sherman, Catherine Jones, Vicki Walsh, Elizabeth Sullivan, Scott Edwards, Cody Miller]"}, "480": {"deepseek": "[Travis Wilkerson, Cynthia James, Darren Evans, Nathan Dunn, Sheri Boyer MD]"}, "481": {"deepseek": "[Catherine Ross, Lisa Carey, Anthony Robertson, Katherine Henry, Scott Ramirez MD, Benjamin Weiss, Walter Smith, Victoria Harris]"}, "482": {"deepseek": "[Charles Roberts, Melanie Anderson, James Barber, Eric Valenzuela, Ryan Williams, Elizabeth Smith]"}, "483": {"deepseek": "[Lori Sullivan, Joseph Hanson, David Smith, Beverly Green, Ryan Solis]"}, "484": {"deepseek": "[Connor Dennis, Erik Riddle, Charles Molina, Christopher Fry]"}, "485": {"deepseek": "[Gary Andrade, Jerry Mcneil, Melissa Perez, Christine Li, Kari Brown, Daniel Townsend, Mary Wallace]"}, "486": {"deepseek": "[Zachary Sanchez, Susan Tapia, Heather Ortega, Lawrence Ryan, John Savage, Michael Robinson, Alisha Flores, Nicholas Gonzalez, Heather Morris, Sandra Rodriguez]"}, "487": {"deepseek": "[John Rowe Jr., Caitlin Guzman, Hannah Butler, Nicholas Stone, Rachel Schroeder, Kimberly Marshall, Alisha Murray, Dakota Sims, Lisa Baxter, Joseph Robbins]"}, "488": {"deepseek": "[Heather Frazier, Breanna Cummings, Michael Sanders, Lisa Scott]"}, "489": {"deepseek": "[Jennifer Roman, Jeffrey Patrick, Aaron Richardson MD, Kim Martinez]"}, "490": {"deepseek": "[Beverly Avery, Luis Chung, Terri Greene]"}, "491": {"deepseek": "[Chase Thomas, Joseph Farley, Michele Calhoun, Mercedes Freeman, William Gray, Casey Peterson, Sheri Herrera, Jennifer Fletcher, Emily Garcia]"}, "492": {"deepseek": "[Paige Chen, Mark Brown, Lisa Gallagher, Teresa King, Mr. Jesus Jackson, James Williams, Albert Hendrix, Tyler Peterson, Barbara Singh, Sarah Richard]"}, "493": {"deepseek": "[Nicole Gutierrez, Joshua Smith, Joseph Gordon, Blake Long, Dr. Michael Allen PhD]"}, "494": {"deepseek": "[Elizabeth Davis, Amy Baker, Eric Williams, Christopher Richards, Alexandria Clark, Emily Mcbride]"}, "495": {"deepseek": "[Anita Hernandez, Manuel Sanders, Laura Johnson MD]"}, "496": {"deepseek": "[David Glenn, Jason Smith, Cheryl Jenkins, Latasha Cunningham, Amanda Morris, Aaron Bowman]"}, "497": {"deepseek": "[Jean Collins, Linda Becker, John Joseph, Justin Rocha]"}, "498": {"deepseek": "[Monica Sparks, Brandon Vance, Brittany Sanford, Christopher Adams]"}, "499": {"deepseek": "[William Saunders, Erin Carlson, Michael Watkins, Brandon Valenzuela]"}}