{"0": {"gemma": "[Seine-et-Marne, Saint-Fiacre  Seine-et-Marne, France]\n\nThe diameter of the graph is 3, and the path with the maximum length is Seine-et-Marne to France through Saint-Fiacre  Seine-et-Marne."}, "1": {"gemma": "[People, Country music, Love Bug (George Jones album)]"}, "2": {"gemma": "[Leucophoebe albaria, Leucophoebe]"}, "3": {"gemma": "[Pop music, Rock music, Folk rock, Rough (album), Love Explosion (album)]"}, "4": {"gemma": "[Oru Kochu Bhoomikulukkam, Ernakulam, Shaheen Siddique]\n\n**Explanation:**\n\n1. Calculate the shortest paths between all pairs of nodes in the graph.\n2. Identify the longest of these shortest paths.\n3. The path corresponding to the longest shortest path is the diameter of the graph."}, "5": {"gemma": "[Green Rose (Philippine TV series), Romance film, NTSC]"}, "6": {"gemma": "[SK Kladno, Luk\u00e1\u0161 Magera, FK Mlad\u00e1 Boleslav]"}, "7": {"gemma": "[Ronald Lang\u00f3n, Uruguay, Uruguay national football team, Defensor Sporting]"}, "8": {"gemma": "[PlayStation 2, Tekken (video game), PlayStation Network]"}, "9": {"gemma": "[Robert Hall, Quarterback, Ben Bennett]\n\nThe diameter of the graph is 3, and the path with the maximum length is Robert Hall - Quarterback - Ben Bennett."}, "10": {"gemma": "[Walter Brooke, The Cowboys (TV series), A Short Drink from a Certain Fountain, Patrick O'Neal (actor)]"}, "11": {"gemma": "[Democratic Party (United States), Liz Swaine, Florida, Michael Yarmush, The Tofus, Daniel Brochu]"}, "12": {"gemma": "[Mr. Bojangles, House at Pooh Corner, Uncle Charlie & His Dog Teddy, Liberty Records]"}, "13": {"gemma": "[Sturnia, Malabar starling, Thomas C. Jerdon]\n\nThe diameter of the graph is 3, and the path with the maximum length is Sturnia - Malabar starling - Thomas C. Jerdon."}, "14": {"gemma": "[VfB Speldorf, Marcel Podszus, 1. FC Kleve, SC Fortuna K\u00f6ln]\n\nThe diameter of the knowledge graph is 4, and the path with the maximum length is VfB Speldorf - Marcel Podszus - 1. FC Kleve - SC Fortuna K\u00f6ln."}, "15": {"gemma": "[Sascha Paeth, Legendary Tales, Limb Music, Symphony of Enchanted Lands]"}, "16": {"gemma": "[Dzon Delarge, Republic of the Congo, Roman Catholic Diocese of Gamboma, Republic of the Congo]"}, "17": {"gemma": "[Rotherbaum, Germany, Roland G\u00fcnther]\n\nThe diameter of the graph is 3, and the path with the maximum length is: Rotherbaum - Germany - Roland G\u00fcnther."}, "18": {"gemma": "[Halifax Town A.F.C., Simon Collins, Ossett Town F.C., Joel Armstrong, Chesterfield F.C.]\n\n**Distance Calculation:**\n\n- Distance between Halifax Town A.F.C. and Chesterfield F.C.: 4\n- Distance between Simon Collins and Chesterfield F.C.: 3\n- Distance between Joel Armstrong and Chesterfield F.C.: 2\n\n**Maximum Distance:** 4\n\n**Path with Maximum Distance:** Halifax Town A.F.C. - Simon Collins - Ossett Town F.C. - Joel Armstrong - Chesterfield F.C."}, "19": {"gemma": "[Red, Free Citizens, Panhellenic Citizen Chariot, Yellow]"}, "20": {"gemma": "[Russia, Yuri Sedov, Soviet Union national under-21 football team, Georgi Zharkov]"}, "21": {"gemma": "[Fantasy, The Twelve (novel), The Passage (novel)]\n\nThe diameter of the graph is 3, and the path with the maximum length is Fantasy - The Twelve (novel) - The Passage (novel)."}, "22": {"gemma": "[Roman Catholicism, Macedonian Argentine, Buenos Aires]"}, "23": {"gemma": "[Brightest e.p.02, Brightest Star, Bright (Japanese band), Japan]"}, "24": {"gemma": "[Golujeh  Nir, Ardabil Province, Nir County, Qasem Qeshlaqi  Nir]"}, "25": {"gemma": "[CEO, Nomad Foods, Limited company, Foods, Road Town]\n\nThe diameter of the knowledge graph is 5, and the path with the maximum length is CEO - Nomad Foods - Limited company - Foods - Road Town."}, "26": {"gemma": "[Looney Tunes Golden Collection: Volume 4, English language, Bugs Bunny's Looney Christmas Tales, June Foray]"}, "27": {"gemma": "[Guangdong, Qing Dynasty, Wu Mengchang, Beijing, Li Zongren]\n\nThe diameter of the knowledge graph is 5, and the path above represents the longest shortest path between any two nodes in the graph."}, "28": {"gemma": "[Abu Ali Mustafa, West Bank, Judea]\n\nThe diameter of the graph is 3, and the path with the maximum length is Abu Ali Mustafa - West Bank - Judea."}, "29": {"gemma": "[Eduardo Roberto dos Santos, Brazil, Valmir Ribeiro Siqueira]\n\nThe diameter of the graph is 3, and the path with the maximum length is Eduardo Roberto dos Santos - Brazil - Valmir Ribeiro Siqueira."}, "30": {"gemma": "[The Wilsons, Rock music, Midnight Oil, Dreamworld (Midnight Oil song), Diesel and Dust]"}, "31": {"gemma": "[Kafka, Ian Holm]"}, "32": {"gemma": "[Ga\u00ebl, Ille-et-Vilaine, France]"}, "33": {"gemma": "[Afrojack, R3hab, Ti\u00ebsto]"}, "34": {"gemma": "[Dzon Delarge, Ali Bongo Ondimba, Raymond Ndong Sima, Brazzaville]\n\n**Explanation:**\n\n1. Calculate the shortest paths between all pairs of nodes using Dijkstra's algorithm.\n2. Identify the longest of these shortest paths.\n3. The path corresponding to the longest shortest path is the diameter of the graph."}, "35": {"gemma": "[New Brunswick, Jeremiah Smith Boies De Veber, Saint John  New Brunswick, Gordie Drillon]"}, "36": {"gemma": "[Yoanka Gonz\u00e1lez, Cuba, Villa Clara Province]\n\nThe diameter of the graph is 2, and the path with the maximum length is Yoanka Gonz\u00e1lez - Cuba - Villa Clara Province."}, "37": {"gemma": "[Mohammadyar District, Iran, Tazeh Kand-e Deym, Naqadeh County]\n\nThe diameter of the graph is 3, and the path with the maximum length is Mohammadyar District - Iran - Tazeh Kand-e Deym - Naqadeh County."}, "38": {"gemma": "[Shawn Yue, Cantopop, Miriam Yeung New and Best Selections]\n\n**Distance Calculation:**\n\n- The shortest path between Shawn Yue and Miriam Yeung New and Best Selections is through Cantopop.\n- The shortest path between Home (Miriam Yeung album) and Miriam Yeung New and Best Selections is also through Cantopop.\n- The diameter of the graph is the maximum of these two distances, which is the path mentioned above."}, "39": {"gemma": "[Delta, Germany, Sommersdorf Mecklenburg-Vorpommern]\n\n**Distance:** 3"}, "40": {"gemma": "[United States, Altmar New York, Oswego County New York]"}, "41": {"gemma": "[Benin, Steve Mouni\u00e9, Benin, Hubert Maga, Cotonou]\n\nThe diameter of the graph is 4, and the path with the maximum length is Benin - Steve Mouni\u00e9 - Benin - Hubert Maga - Cotonou."}, "42": {"gemma": "[Mircea Ilie, Romania, Vilmo\u0219 Szabo, Bra\u0219ov]\n\n**Explanation:**\n\n1. Calculate the shortest paths between all pairs of nodes in the graph.\n2. Identify the longest of these shortest paths.\n3. The path corresponding to the longest shortest path is the diameter of the graph."}, "43": {"gemma": "[Karim Debbagh, Tangier, Ibn Battuta]\n\nThe diameter of the graph is 3, and the path with the maximum length is Karim Debbagh - Tangier - Ibn Battuta."}, "44": {"gemma": "[Mike Mictlan, Doomtree, P.O.S, Doomtree]"}, "45": {"gemma": "[Tatay, Ankst, Gorky's Zygotic Mynci, Alternative rock]"}, "46": {"gemma": "[Oslo, Gjensidige, Pension, SpareBank 1]\n\nThe diameter of the knowledge graph is 4, and the path above represents the longest shortest path between any two nodes in the graph."}, "47": {"gemma": "[Draco Rosa, Menudo, The Clutch, Os Ultimos Herois]"}, "48": {"gemma": "[Tatsuya Sakai, Japan, Satoshi Tsumabuki, Japan, Taruho Inagaki, Japan]"}, "49": {"gemma": "[Urola furvicornis, Crambidae, Scoparia augastis]\n\nThe diameter of the knowledge graph is 3, and the path with the maximum length is Urola furvicornis - Crambidae - Scoparia augastis."}, "50": {"gemma": "[The Laughing Gnome, David Bowie, Ric Lee]\n\nThe diameter of the graph is 3, and the path with the maximum length is The Laughing Gnome - David Bowie - Ric Lee."}, "51": {"gemma": "[Slipknot, Phil Sgrosso, Nails, You Will Never Be One of Us]\n\n**Distance Calculation:**\n\n- The shortest path between Slipknot and You Will Never Be One of Us is through Phil Sgrosso and Nails.\n- The total distance of this path is 3.\n- This is the maximum distance in the graph, so the diameter is **3**.\n\n**Path:**\n\nSlipknot - associatedBand - Phil Sgrosso - associatedMusicalArtist - Nails - artist - You Will Never Be One of Us"}, "52": {"gemma": "[Epic Records, Rock music, Michael Organ, Sonny Landreth]"}, "53": {"gemma": "[Nelly, Get Like Me (Nelly song), Music download]\n\nThe diameter of the graph is 3, and the path with the maximum length is Nelly - Get Like Me (Nelly song) - Music download."}, "54": {"gemma": "[Jaggubhai, R. D. Rajasekhar, Kaakha Kaakha, Harris Jayaraj]\n\nThe diameter of the graph is 4, and the path with the maximum length is Jaggubhai - R. D. Rajasekhar - Kaakha Kaakha - Harris Jayaraj."}, "55": {"gemma": "[Hip hop, Raining Men (Rihanna song), Moment 4 Life, All of the Lights, Hip hop music]"}, "56": {"gemma": "[Sky Ireland, Pay TV, Broadband, MaxLinear]\n\nThe diameter of the knowledge graph is 4, and the path with the maximum length is Sky Ireland - Pay TV - Broadband - MaxLinear."}, "57": {"gemma": "[Film producer, Robert Luketic, Screenwriter, Hal Barwood]\n\nThe diameter of the graph is 4, and the path with the maximum length is Film producer - Robert Luketic - Screenwriter - Hal Barwood."}, "58": {"gemma": "[South Canara, Ratnavarma Heggade, Karnataka, Jainism, Madras Presidency]"}, "59": {"gemma": "[Martin D. Wolfson, Ohio Derby, Gene St. Leon]\n\n**Explanation:**\n\n1. Calculate the shortest paths between all pairs of nodes.\n2. Identify the longest of these shortest paths.\n3. The path associated with the longest shortest path is the diameter of the graph."}, "60": {"gemma": "[Together in Electric Dreams, 12%22, Jeff Lynne, Nightrider (song)]"}, "61": {"gemma": "[Hanover, Wilhelm Brenneke, Sven Pipien, King Bee (band)]"}, "62": {"gemma": "[Roman Catholicism, Henry Ford II, Ford Motor Company, Edsel Ford II, Detroit]"}, "63": {"gemma": "[Bow Wow, Columbus Ohio, George K. Nash]\n\nThe diameter of the graph is 3, and the path with the maximum length is Bow Wow - Columbus Ohio - George K. Nash."}, "64": {"gemma": "[Suicide Battalion, Ronald Stein, Floyd Crosby]\n\nThe diameter of the graph is 3, and the path with the maximum length is Suicide Battalion - Ronald Stein - Floyd Crosby."}, "65": {"gemma": "[Vijay Anand, Nau Do Gyarah, Sachin Dev Burman, Kala Pani (1958 film), Dev Anand]"}, "66": {"gemma": "[Lajes das Flores, Portugal, Fort of Santo Ant\u00f3nio do Monte Brasil, Angra do Hero\u00edsmo]"}, "67": {"gemma": "[Wuhan, China, Hu Jia (diver)]"}, "68": {"gemma": "[A.F.C. Bournemouth, Tony Pulis, Ike Whelpton, Birmingham City F.C.]\n\nThe diameter of the graph is 3, and the path with the maximum length is A.F.C. Bournemouth - Tony Pulis - Ike Whelpton - Birmingham City F.C."}, "69": {"gemma": "[Gaisberg (Heidelberg), Germany, Gro\u00dfpostwitz]\n\nThe diameter of the knowledge graph is 3, and the path with the maximum length is Gaisberg (Heidelberg) - Germany - Gro\u00dfpostwitz."}, "70": {"gemma": "[United States, Beau Starr, Pretend You Don't See Her (film), Hannes Jaenicke]\n\nThe diameter of the graph is 4, and the path with the maximum length is United States to Hannes Jaenicke through Beau Starr, Pretend You Don't See Her (film)."}, "71": {"gemma": "[Canada, Antoine-Aim\u00e9 Dorion, Sainte-Anne-de-la-P\u00e9rade]"}, "72": {"gemma": "[2008 Alabama Crimson Tide football team, 2008 Tennessee Volunteers football team]"}, "73": {"gemma": "[Insect, Coreoidea, Bothrostethus annulipes, Pentatomomorpha]\n\nThe diameter of the graph is 4, and the path with the maximum length is Insect - Coreoidea - Bothrostethus annulipes - Pentatomomorpha."}, "74": {"gemma": "[Kalateh-ye Hajji  Razavi Khorasan, Iran Standard Time, Khaneh Dam]"}, "75": {"gemma": "[Film, Writer, Gyula Hern\u00e1di]"}, "76": {"gemma": "[North Island k\u014dkako, Animalia, Telmatherinidae]"}, "77": {"gemma": "[Pink Luv, Dance-pop, Love on Your Side \u2013 The Best of Thompson Twins, Jasmine Thompson]"}, "78": {"gemma": "[Roger L. Bernashe, Maurice A. Donahue, Kevin B. Harrington]"}, "79": {"gemma": "[Insect, Heterachthes, Heterachthes symbolus, Heterachthes wappesi, Cerambycidae]"}, "80": {"gemma": "[Fat Cat, South Korea, N.Flying]\n\n**Distance Calculation:**\n\n- Fat Cat to South Korea: 1\n- South Korea to N.Flying: 1\n- Fat Cat to N.Flying: 2\n\n**Maximum Distance:** 2\n\n**Path with Maximum Distance:** Fat Cat - South Korea - N.Flying"}, "81": {"gemma": "[Tihhon \u0160i\u0161ov, Defender (football), Federico Tafani]"}, "82": {"gemma": "[Tiffany Limos, United States, Maeve Quinlan, Ken Park]"}, "83": {"gemma": "[Gianni De Biasi, Italy, A.C. Reggiana 1919, Emanuele Brioschi]"}, "84": {"gemma": "[Beccariophoenix madagascariensis, Plantae, Beccariophoenix]"}, "85": {"gemma": "[England, Birmingham, Andy Williams (footballer born 1962), Hull City A.F.C.]\n\nThe diameter of the graph is 4, and the path above represents the longest shortest path between any two nodes in the graph."}, "86": {"gemma": "[Cosmopterix fernaldella, Animal, Netechma lacera]\n\nThe diameter of the graph is 3, and the path with the maximum length is Cosmopterix fernaldella - Animal - Netechma lacera."}, "87": {"gemma": "[Veit Helmer, Azerbaijan, Absurdistan (film), Maximilian Mauff]\n\nThe diameter of the graph is 4, and the path above represents the longest shortest path between any two nodes in the graph."}, "88": {"gemma": "[Illinois, Samuel Bodman, Steven Chu, University of Rochester]\n\nThe diameter of the graph is 4, and the path with the maximum length is Illinois - Samuel Bodman - Steven Chu - University of Rochester."}, "89": {"gemma": "[Insect, Arthropod, Ypthima sakra, Ypthima]"}, "90": {"gemma": "[Olympic Studios, Behind Blue Eyes, 7%22]"}, "91": {"gemma": "[Luis Tevenet, UCAM Murcia CF, \u00c1lex Cruz, Midfielder]\n\nThe diameter of the knowledge graph is 4, and the path with the maximum length is Luis Tevenet - UCAM Murcia CF - \u00c1lex Cruz - Midfielder."}, "92": {"gemma": "[Downy woodpecker, Piciformes, Middle spotted woodpecker, Picidae]"}, "93": {"gemma": "[Philippines, Till There Was You (2003 film), Raul Mitra]"}, "94": {"gemma": "[Acantholycosa zinchenkoi, Spider, Acantholycosa paraplumalis, Pardosinae]\n\nThe diameter of the graph is 3, and the path with the maximum length is Acantholycosa zinchenkoi - Spider - Acantholycosa paraplumalis - Pardosinae."}, "95": {"gemma": "[Elton John One Night Only \u2013 The Greatest Hits, Universal Records]"}, "96": {"gemma": "[Fred Priest, Guisborough, Middlesbrough F.C., England national football team, Sammy Lee (footballer)]"}, "97": {"gemma": "[Andrei Nalyotov, List of Russian football transfers summer 2014, Denis Voynov, FC Domodedovo Moscow]\n\nThe diameter of the graph is 4, and the path with the maximum length is Andrei Nalyotov - List of Russian football transfers summer 2014 - Denis Voynov - FC Domodedovo Moscow."}, "98": {"gemma": "[Animal, Archips socotranus, Chordate, Kori bustard]"}, "99": {"gemma": "[Animal, Animalia, Accipitriformes, Changeable hawk-eagle, Aves, Aviceda]"}, "100": {"gemma": "[Animal, Arthropod, Kanetisa digna]"}, "101": {"gemma": "[Iran, Iran Standard Time, Genzerig]"}, "102": {"gemma": "[Cristina Badajoz, Extremadura, Spain, Central European Time]"}, "103": {"gemma": "[Dipolog, Zamboanga Peninsula, Katipunan  Zamboanga del Norte]\n\nThe diameter of the graph is 3, and the path with the maximum length is Dipolog - Zamboanga Peninsula - Katipunan  Zamboanga del Norte."}, "104": {"gemma": "[Animalia, Goldbar wrasse, Labridae, Actinopterygii]"}, "105": {"gemma": "[Godel, Domdidier, Orbe, Valeyres-sous-Rances]\n\n**Distance Calculation:**\n\n- The shortest path between Godel and Domdidier is through Orbe and Valeyres-sous-Rances.\n- The shortest path between Dompierre Fribourg and Domdidier is directly between them.\n- The shortest path between Vaud and Orbe is directly between them.\n- The shortest path between Vaud and Valeyres-sous-Rances is directly between them.\n- The shortest path between Vaud and Oleyres is directly between them.\n\nThe maximum distance of these shortest paths is 4, which is the diameter of the graph."}, "106": {"gemma": "[Boll Weevil, Rock and roll, Teenage Heaven]"}, "107": {"gemma": "[Gramophone record, Air War, Pretty Little Angel Eyes, Under the Moon of Love]"}, "108": {"gemma": "[Sweden, M\u00e5rten Klingberg, Screenwriter, Roger Lim]\n\n**Explanation:**\n\n1. Calculate the shortest paths between all pairs of nodes.\n2. Identify the longest of these shortest paths.\n3. The path corresponding to the longest shortest path is the diameter of the graph."}, "109": {"gemma": "[Brian Cvilikas, Russell Hutchison]"}, "110": {"gemma": "[Jennifer Kendal, Bombay Talkie, Ruth Prawer Jhabvala]\n\n**Distance Calculation:**\n\n- The diameter is the maximum distance between any pair of nodes.\n- The shortest path between Jennifer Kendal and Ruth Prawer Jhabvala is through Bombay Talkie.\n- The distance between Jennifer Kendal and Bombay Talkie is 1.\n- The distance between Bombay Talkie and Ruth Prawer Jhabvala is 1.\n- Therefore, the diameter of the graph is 2."}, "111": {"gemma": "[Animal, Ceratostoma, Ceratostoma foliatum]"}, "112": {"gemma": "[Insect, Abdera (beetle), Melandryidae, Autocrates vitalisi, Donacoscaptes leucocraspis]"}, "113": {"gemma": "[California, John Vasconcellos, Santa Clara California, Microsoft Theater]"}, "114": {"gemma": "[Bobby Williams, Weymouth F.C., Tommy Henderson]\n\nThe diameter of the knowledge graph is 3, and the path with the maximum length is Bobby Williams - Weymouth F.C. - Tommy Henderson."}, "115": {"gemma": "[Beetle, Odontocera bilobata, Cerambycidae, Irundisaua balteata]\n\nThe diameter of the graph is 4, and the path with the maximum length is Beetle - Odontocera bilobata - Cerambycidae - Irundisaua balteata."}, "116": {"gemma": "[Haltom City Texas, Roanoke Texas, Mayor]"}, "117": {"gemma": "[Franco Jara, List of Argentine Primera Divisi\u00f3n transfers July\u2013August 2010, Villa Mar\u00eda]\n\nThe diameter of the graph is 3, and the path with the maximum length is Franco Jara - List of Argentine Primera Divisi\u00f3n transfers July\u2013August 2010 - Villa Mar\u00eda."}, "118": {"gemma": "[Artemisa Province, Cuba, Mariel  Cuba]\n\nThe diameter of the graph is 2, and the path with the maximum length is Artemisa Province - Cuba - Mariel  Cuba."}, "119": {"gemma": "[Takuro Yoshida, Folk music, Guitar, Eddie Vedder]"}, "120": {"gemma": "[Auxa bimaculipennis, Arthropod, Doliops octomaculata, Animal]"}, "121": {"gemma": "[Paxillosida, Animal, Astropecten platyacanthus, Astropecten]"}, "122": {"gemma": "[Canadian Army, Royal Canadian Infantry Corps, Brooke Claxton]\n\nThe diameter of the graph is 3, and the path with the maximum length is Canadian Army - Royal Canadian Infantry Corps - Brooke Claxton."}, "123": {"gemma": "[Psychedelic music, Jazz fusion, Jakko Jakszyk]\n\n**Explanation:**\n\n1. Calculate the shortest paths between all pairs of nodes in the graph.\n2. Identify the longest of these shortest paths.\n3. The path corresponding to the longest shortest path is the diameter of the graph."}, "124": {"gemma": "[Eygelshoven, Netherlands, Arno Wallaard]\n\nThe diameter of the graph is 3, and the path with the maximum length is Eygelshoven-Netherlands-Arno Wallaard."}, "125": {"gemma": "[Michel Fran\u00e7ois Hoguet, France, Provence-Alpes-C\u00f4te d'Azur, Forcalqueiret, France]\n\nThe diameter of the graph is 4, and the path with the maximum length is Michel Fran\u00e7ois Hoguet to Forcalqueiret through Provence-Alpes-C\u00f4te d'Azur."}, "126": {"gemma": "[Animal, Polyergus samurai, Formicidae, Notostigma foreli]"}, "127": {"gemma": "[Bronson Pinchot, Perfect Strangers (TV series), Step by Step (TV series)]"}, "128": {"gemma": "[Austria, Hall bei Admont, Steyr Mannlicher, Sankt Ulrich bei Steyr]\n\nThe diameter of the graph is 3, and the path above represents the longest shortest path between any two nodes in the graph."}, "129": {"gemma": "[Republic of Ireland, Una O'Hagan, Republic of Ireland, Paul Kane, Toronto, Anais Granofsky]\n\n**Distance:** 4"}, "130": {"gemma": "[Peter Reith, Fred Chaney, Raymond Pr\u00e9fontaine, James Cochrane (mayor)]"}, "131": {"gemma": "[Iran, Rafsanjan County, Bahreman Rural District, Tolombeh-ye Ruzkuhrow]"}, "132": {"gemma": "[Mycena stylobates, Basidiomycota, Tricholoma penangense, Tricholoma tigrinum, Agaricales]"}, "133": {"gemma": "[Kingdom of Italy, Amedeo Amadei, Kingdom of Italy]"}, "134": {"gemma": "[Defender (football), Borys Derkach, FC Dynamo Kyiv, Midfielder, Mikhail Aleksandrov]"}, "135": {"gemma": "[Unreal Engine 2, Tom Clancy's Splinter Cell (video game), PlayStation 3]"}, "136": {"gemma": "[KNI A/S, Greenland, Sisimiut]\n\nThe diameter of the graph is 3, and the path with the maximum length is KNI A/S - Greenland - Sisimiut."}, "137": {"gemma": "[Bedford Township Bedford County Pennsylvania, Bedford County Pennsylvania, Pennsylvania]"}, "138": {"gemma": "[Stream, Lichau Creek, Sonoma County California]\n\nThe diameter of the graph is 3, and the path with the maximum length is Stream - Lichau Creek - Sonoma County California."}, "139": {"gemma": "[Insect, Chironominae, Rheotanytarsus, Tanytarsini]"}, "140": {"gemma": "[Vantoux-et-Longevelle, Georfans]\n\n**Explanation:**\n\n1. Calculate the shortest paths between all pairs of nodes using Dijkstra's algorithm.\n2. Identify the longest of these shortest paths.\n3. The path corresponding to the longest shortest path is the diameter of the graph."}, "141": {"gemma": "[Life in Slow Motion, Folk rock, Folk music, Folk rock, A New Day at Midnight]"}, "142": {"gemma": "[Iceland, Eagle Egilsson, Mad City: New Day Rising, Mad City: Look Into My Eyes, Gotham (TV series)]"}, "143": {"gemma": "[Eudicots, Strychnos millepunctata, Angiosperms, Bulbophyllum masonii]"}, "144": {"gemma": "[Pisa Calcio, A.S. Pizzighettone, Enrico Alfonso]"}, "145": {"gemma": "[Valiha, Bambusoideae, Plantae, Nephthytis]"}, "146": {"gemma": "[Bevan Fransch, South Africa, Mamelodi]\n\n**Explanation:**\n\n1. Calculate the shortest paths between all pairs of nodes.\n2. Identify the longest shortest path.\n3. The path comprising the longest shortest path is the diameter of the graph."}, "147": {"gemma": "[Summer Time Gone, Giza Studio, Time After Time (Hana Mau Machi de), Mai Kuraki]"}, "148": {"gemma": "[Actor, Henry O, The Bedevilled (film), James Tien (actor)]"}, "149": {"gemma": "[Ali Khan-e Kachkul, Iran Standard Time, Gohreh]\n\n**Distance Calculation:**\n\n- The shortest path between Ali Khan-e Kachkul and Gohreh is through Iran Standard Time.\n- The shortest path between Iran Standard Time and Gohreh is a direct connection.\n\n**Therefore, the diameter of the graph is 3, and the path with the maximum length is:**\n\n**Ali Khan-e Kachkul - Iran Standard Time - Gohreh**"}, "150": {"gemma": "[Presenter, Louis Yuen, Legend of the Dragon (film), Stephen Chow]"}, "151": {"gemma": "[Channel 10, Gangsta Rap, The War Report 2: Report the War]\n\n**Distance Calculation:**\n\n- The shortest path between Channel 10 and Gangsta Rap is through The War Report 2: Report the War.\n- The shortest path between Gangsta Rap and The War Report 2: Report the War is direct.\n- The shortest path between The War Report 2: Report the War and Channel 10 is direct.\n\n**Therefore, the diameter of the graph is 3, and the path with the maximum length is Channel 10 - Gangsta Rap - The War Report 2: Report the War.**"}, "152": {"gemma": "[Detroit, Curtis Fuller, Impulse!, The Cry of My People]"}, "153": {"gemma": "[Actress, Joyce Jameson, Swinging Spiketaculars, Robert Scheerer]\n\nThe diameter of the knowledge graph is 4, and the path above represents the longest shortest path between any two nodes in the graph."}, "154": {"gemma": "[Ben Lui, River Earn, River Isla Perthshire, Perth Scotland, Scottish Highlands, River Tay]\n\nThe diameter of the knowledge graph is 6, and this path represents the longest shortest path between any two nodes in the graph."}, "155": {"gemma": "[Charlie Fletcher, Homerton, Queen Elizabeth Olympic Park, Stratford London]\n\n**Distance:** 3"}, "156": {"gemma": "[Nesuhi Ertegun, Live at the Whisky a Go Go (Herbie Mann album), Jazz, Herbie Mann Plays The Roar of the Greasepaint \u2013 The Smell of the Crowd, My Kinda Groove]"}, "157": {"gemma": "[Yeniel Berm\u00fadez, Cuba national football team, Jos\u00e9 Miranda (footballer), Orange County Blues, Los Angeles Misioneros]"}, "158": {"gemma": "[Lorestan Province, Iran Standard Time, Chal Duguneh, Papi District]"}, "159": {"gemma": "[Taheri Rural District, Iran, Amol, Ghasem Rezaei]"}, "160": {"gemma": "[Felix Adler, Flagpole Jitters, Coca-Cola Telecommunications (1987), Shemp Howard]"}, "161": {"gemma": "[Ahar County, Central District (Ahar County), Gurvan-e Bozorg]\n\nThe diameter of the knowledge graph is 3, and the path with the maximum length is Ahar County - Central District (Ahar County) - Gurvan-e Bozorg."}, "162": {"gemma": "[Flavor of Life, Boku wa Kuma, This Is Love (Utada Hikaru song), Ultra Blue]"}, "163": {"gemma": "[Insect, Evimantius, Buprestoidea, Cerambycidae, Aulaconotus incorrugatus]"}, "164": {"gemma": "[Thimingalam, K. P. Ummer, Pokkattadikkaari]\n\nThe diameter of the graph is 3, and the path with the maximum length is Thimingalam-K. P. Ummer-Pokkattadikkaari."}, "165": {"gemma": "[Red-keeled flowerpecker, Animalia, Stagnicola]\n\n**Explanation:**\n\n1. Calculate the shortest paths between all pairs of nodes.\n2. Identify the longest of these shortest paths.\n3. The path corresponding to the longest shortest path is the diameter of the graph."}, "166": {"gemma": "[DYMF, News, The Rundown with Jos\u00e9 Diaz-Balart, MSNBC Live]"}, "167": {"gemma": "[Robert D. Mariani, United States, Politician, Timothy M. Kennedy (politician)]"}, "168": {"gemma": "[2013 Seguros Bol\u00edvar Open Barranquilla, Federico Delbonis, 2016 Claro Open Medell\u00edn, Eduardo Struvay]\n\n**Distance Calculation:**\n\n- Distance between 2013 Seguros Bol\u00edvar Open Barranquilla and Eduardo Struvay is 4.\n- This is the maximum distance in the graph, therefore, the diameter is 4.\n\n**Path:**\n\n2013 Seguros Bol\u00edvar Open Barranquilla - Federico Delbonis - 2016 Claro Open Medell\u00edn - Eduardo Struvay"}, "169": {"gemma": "[Breakfast on Pluto, Republic of Ireland, English language, Novel]"}, "170": {"gemma": "[Relief of Thionville, Isaac Manasses de Pas Marquis de Feuquieres, Thirty Years' War, Thionville, Illange]"}, "171": {"gemma": "[Bruce Edwards Ivins, United States Army Medical Research Institute of Infectious Diseases, Maryland]\n\nThe diameter of the graph is 3, and the path with the maximum length is the one connecting Bruce Edwards Ivins to Maryland through United States Army Medical Research Institute of Infectious Diseases."}, "172": {"gemma": "[Attleboro  Massachusetts, David Daggett, Federalist Party, Solomon Strong, Jonas Kendall]"}, "173": {"gemma": "[University of Benghazi, Abu Bakr Baira, University of Missouri]"}, "174": {"gemma": "[Ali Nikzad, Iran, Shahrak-e Darya Sar, Iran Daylight Time, Deh Nar-e Hajj Esmail, Kuhsaran District, Hoseynabad-e Darani]"}, "175": {"gemma": "[Syria, Idlib Governorate, Eastern European Summer Time, Talkhatra, Idlib Governorate]"}, "176": {"gemma": "[Don Moen, Word Records, Shout to the Lord 2000, Amy Grant]"}, "177": {"gemma": "[Abzalu, Iran, Shahrak-e Bardbaran, Central District (Izeh County)]"}, "178": {"gemma": "[One Froggy Evening, Abe Levitow, Edward Selzer]"}, "179": {"gemma": "[Dead Is Dead, Nestor Carbonell, Cane (TV series)]"}, "180": {"gemma": "[Paul Wunderlich, J\u00f6rg Schmeisser, Nazi Germany, Sturzkampfgeschwader 2]\n\n**Explanation:**\n\n1. Calculate the shortest paths between all pairs of nodes.\n2. Identify the longest of these shortest paths.\n3. The path corresponding to the longest shortest path is the diameter of the graph."}, "181": {"gemma": "[Eudicots, Suessenguthiella caespitosa, Angiosperms, Tetrameles]"}, "182": {"gemma": "[Iran, Ijrud County, Central District (Ijrud County), Chataz  Ijrud]"}, "183": {"gemma": "[Pop music, Laura Branigan, Foolish Lullaby]\n\nThe diameter of the graph is 3, and the path with the maximum length is Pop music - Laura Branigan - Foolish Lullaby."}, "184": {"gemma": "[Ron Aniello, Bruce Springsteen, High Hopes (Tim Scott McConnell song)  High Hopes  1]\n\nThe diameter of the graph is 3, and the path with the maximum length is Ron Aniello to High Hopes (Tim Scott McConnell song)  High Hopes  1 through Bruce Springsteen."}, "185": {"gemma": "[Harvard Business School, United States, Boise State University, University of Idaho]"}, "186": {"gemma": "[Majid Al Futtaim Group, United Arab Emirates, Retail, Entertainment, Property]\n\nThe diameter of the graph is 5, and this path represents the longest shortest path between any two nodes in the graph."}, "187": {"gemma": "[Sporting Blood, Ernest Torrence, Peter Pan (1924 film), The Blind Goddess]\n\nThe diameter of the graph is 4, and the path above represents the longest shortest path between any two nodes in the graph."}, "188": {"gemma": "[HGST, United States, San Jose California]\n\nThe diameter of the graph is 3, and the path with the maximum length is HGST - United States - San Jose California."}, "189": {"gemma": "[Spintires, Microsoft Windows, Turok: Evolution, Turok (series), Turok: Dinosaur Hunter]"}, "190": {"gemma": "[Paul Bales, 3 Musketeers (film), Alan Rachins, Showgirls]"}, "191": {"gemma": "[Michael Bolton, 7%22, (Love) Compared with You, Pop (music)]\n\nThe diameter of the given knowledge graph is 4, and the path with the maximum length is Michael Bolton - 7%22 - (Love) Compared with You - Pop (music)."}, "192": {"gemma": "[Eudicots, Albizia leonardii, Nathaniel Lord Britton]"}, "193": {"gemma": "[Georg Lammers, Butjadingen, Germany, Michael Steinbach]"}, "194": {"gemma": "[Eudicots, Acacia xanthina, Acacia]"}, "195": {"gemma": "[Santo Pecado, Ricardo Arjona, El Problema]"}, "196": {"gemma": "[Living Proof (film), Halli Cauthery, Turbo FAST, Film score, Frankenstein (2015 film)]\n\nThe diameter of the graph is 5, and this path represents the longest shortest path between any two nodes in the graph."}, "197": {"gemma": "[Bulgaria, Nedzhmi Ali]"}, "198": {"gemma": "[Dinesh Babu, Laali, Rockline Venkatesh, Super (2010 Indian film)]\n\nThe diameter of the given knowledge graph is 4, and the path with the maximum length is Dinesh Babu - Laali - Rockline Venkatesh - Super (2010 Indian film)."}, "199": {"gemma": "[Kyenjojo, Edward Rugumayo, Uganda, University of London, Allen Sheppard  Baron Sheppard of Didgemere]"}, "200": {"gemma": "[Co-Co, RCA Records, Speedy Haworth]"}, "201": {"gemma": "[Iran, Iran Standard Time, Turan-e Fars, Daland Rural District]\n\nThe diameter of the graph is 4, and the path with the maximum length is Iran - Iran Standard Time - Turan-e Fars - Daland Rural District."}, "202": {"gemma": "[Cicagna, Italy, Christian Murro, Saronno, Giuditta Pasta]\n\nThe diameter of the graph is 4, and the path above represents the longest shortest path between any two nodes in the graph."}, "203": {"gemma": "[Salim-Sulaiman, Wonder Pets, Jennifer Oxley, Go  Baby!, Josh Selig]\n\nThe diameter of the network is 4, and the path with the maximum length is Salim-Sulaiman to Josh Selig through Wonder Pets, Jennifer Oxley, Go  Baby!."}, "204": {"gemma": "[Quanah Parker, Herman Lehmann, Cynthia Ann Parker]"}, "205": {"gemma": "[Kozanaq, Iran, Borj-e Ziad]\n\nThe diameter of the graph is 3, and the path with the maximum length is Kozanaq to Borj-e Ziad via Iran."}, "206": {"gemma": "[Alternate history, S. M. Stirling, Science fiction, Dies the Fire]\n\nThe diameter of the knowledge graph is 4, and the path with the maximum length is: Alternate history - S. M. Stirling - Science fiction - Dies the Fire."}, "207": {"gemma": "[Talisia, Paullinia, Paullinia navicularis, Ludwig Adolph Timotheus Radlkofer, Talisia setigera]"}, "208": {"gemma": "[Interstellar Discussion, The Rocks Crumble, Album]\n\nThe diameter of the graph is 3, and the path with the maximum length is Interstellar Discussion - The Rocks Crumble - Album."}, "209": {"gemma": "[Hapoel Ramat Gan, Golan Hermon, West Bank]\n\n**Explanation:**\n\n1. Calculate the shortest paths between all pairs of nodes.\n2. Identify the longest shortest path.\n3. The path from Hapoel Ramat Gan to West Bank through Golan Hermon is the diameter of the graph."}, "210": {"gemma": "[Fajr Sepasi F.C., Mehrdad Karimian, Pas Hamedan F.C., Midfielder]"}, "211": {"gemma": "[Iran, Yusef Deh, Rudboneh Rural District, Kanaf Gurab]\n\nThe diameter of the graph is 4, and the path with the maximum length is Iran - Yusef Deh - Rudboneh Rural District - Kanaf Gurab."}, "212": {"gemma": "[Armadale F.C., David Steele, Bradford City A.F.C., St Mirren F.C.]"}, "213": {"gemma": "[Yaaron Ki Baraat, India, Kilukil Pambaram]\n\n**Distance:** 3"}, "214": {"gemma": "[Mourtala Diakit\u00e9, Mali, Ouattagouna, Ansongo Cercle]\n\n**Explanation:**\n\n1. Calculate the shortest paths between all pairs of nodes.\n2. Identify the longest of these shortest paths.\n3. The path corresponding to the longest shortest path is the diameter of the graph."}, "215": {"gemma": "[Tony Knapp, Leicester City F.C., Arthur Chandler (footballer)]"}, "216": {"gemma": "[Insect, Heterogymna, Lepidoptera, Heterogymna zacentra, Heterogymna comicialis]"}, "217": {"gemma": "[Ballia, Uttar Pradesh, Bhrigu Nath Singh]\n\nThe diameter of the graph is 3, and the path with the maximum length is Ballia - Uttar Pradesh - Bhrigu Nath Singh."}, "218": {"gemma": "[New Mexico, Rolf Cahn, Singing, Peter Skellern]\n\n**Explanation:**\n\n1. Calculate the shortest paths between all pairs of nodes using Dijkstra's algorithm.\n2. Identify the longest of these shortest paths.\n3. The path corresponding to the longest shortest path is the diameter of the graph."}, "219": {"gemma": "[Terence Fisher, Four Sided Triangle, Maurice Rootes]\n\nThe diameter of the graph is 3, and the path with the maximum length is from Terence Fisher to Maurice Rootes."}, "220": {"gemma": "[Hyena (2014 film), Neil Maskell, Jack Falls]"}, "221": {"gemma": "[SFR Yugoslavia, Momir Desnica, Apatin, \u017divorad Smiljani\u0107]\n\nThe diameter of the graph is 3, and the path above represents the longest shortest path between any two nodes in the graph."}, "222": {"gemma": "[Guitar Pete Franklin, Songwriter, Chedda Da Connect]\n\nThe diameter of the graph is 3, and the path with the maximum length is Guitar Pete Franklin - Songwriter - Chedda Da Connect."}, "223": {"gemma": "[Friday the 13th Part VI: Jason Lives, Paramount Pictures, Los Angeles]\n\n**Distance Calculation:**\n\n- Distance between Friday the 13th Part VI: Jason Lives and Paramount Pictures: 1\n- Distance between Paramount Pictures and Los Angeles: 1\n- Distance between Friday the 13th Part VI: Jason Lives and Los Angeles: 2\n\n**Maximum Distance:** 2\n\n**Path with Maximum Distance:** Friday the 13th Part VI: Jason Lives - Paramount Pictures - Los Angeles"}, "224": {"gemma": "[Curl of the Burl, Atlanta, Mastodon (band), The Hunter (Mastodon album)]"}, "225": {"gemma": "[Cypriniformes, Sinocyclocheilus liboensis, Chordata, Euphrates softshell turtle, Fran\u00e7ois Marie Daudin]"}, "226": {"gemma": "[United States, KAZD, Infomercial, KAZ-LD]"}, "227": {"gemma": "[Republic of Ireland, Something Happens, Dublin]\n\nThe diameter of the graph is 3, and the path with the maximum length is Republic of Ireland - Something Happens - Dublin."}, "228": {"gemma": "[Central District (Sahneh County), Yek Jofti, Kermanshah Province, Elayiyeh]"}, "229": {"gemma": "[These Are the Days, Jackie Earle Haley, Micky Dolenz]\n\n**Explanation:**\n\n1. Calculate the shortest paths between all pairs of nodes.\n2. Identify the longest shortest path.\n3. The path corresponding to the longest shortest path is the diameter of the graph."}, "230": {"gemma": "[The Incredible True Story, Hip hop music, DJ Dahi, Fade Away (Logic song)]"}, "231": {"gemma": "[Axel Zwingenberger, Blues, Wanted on Voyage, Cam Blackwood]"}, "232": {"gemma": "[Ramrachathirat, Borommarachathirat II, Intharacha, Borommatrailokkanat]\n\nThe diameter of the knowledge graph is 4, and the path with the maximum length is Ramrachathirat - Borommarachathirat II - Intharacha - Borommatrailokkanat."}, "233": {"gemma": "[M1, M62]"}, "234": {"gemma": "[Ryan Richards, San Antonio Spurs, Tony Parker, Eva Longoria]\n\n**Distance Calculation:**\n\n- Distance between Ryan Richards and Tony Parker: 1 (draftTeam)\n- Distance between Tony Parker and Eva Longoria: 1 (spouse)\n- Distance between Tony Parker and San Antonio Spurs: 1 (team)\n- Distance between Jack McClinton and San Antonio Spurs: 1 (draftTeam)\n\n**Maximum Distance:** 2\n\n**Path with Maximum Distance:** Ryan Richards - San Antonio Spurs - Tony Parker - Eva Longoria"}, "235": {"gemma": "[Eudicots, Hebe (plant), Asterids, Hebe stricta]\n\nThe diameter of the knowledge graph is 4, and the path with the maximum length is Eudicots - Hebe (plant) - Asterids - Hebe stricta."}, "236": {"gemma": "[Russia, Tycoon (2002 film), Germany, Emsland]\n\nThe diameter of the knowledge graph is 4, and the path with the maximum length is Russia - Tycoon (2002 film) - Germany - Emsland."}, "237": {"gemma": "[Road 91 (Iran), Kerman Province, Kerman, Road 84 (Iran)]"}, "238": {"gemma": "[Kovel, Ukraine, Khyriv]"}, "239": {"gemma": "[M\u00f8re og Romsdal, Norway, Liberation of Finnmark]\n\n**Distance Calculation:**\n\n- Distance between M\u00f8re og Romsdal and Norway: 1\n- Distance between Norway and Liberation of Finnmark: 1\n- Distance between M\u00f8re og Romsdal and Liberation of Finnmark: 2\n\n**Maximum Distance:** 2\n\n**Path with Maximum Distance:** M\u00f8re og Romsdal - Norway - Liberation of Finnmark"}, "240": {"gemma": "[United States, Society 1, Cody Votolato, Seattle]\n\nThe diameter of the knowledge graph is 4, and the path above represents the longest shortest path between any two nodes in the graph."}, "241": {"gemma": "[Jay Parini, United States, Bess Truman, Clifton Daniel, Manhattan  New York, Bad Girl (Madonna song), Erotica (Madonna album)]"}, "242": {"gemma": "[Lisa Mitchell, Said One to the Other, Folk music, Stephen Stills]"}, "243": {"gemma": "[Multi-instrumentalist, Sailor & I, Matt Jaffe]"}, "244": {"gemma": "[Marcus Chong, Washington (state), Panther (film), Bokeem Woodbine, Strapped]\n\nThe diameter of the graph is 4."}, "245": {"gemma": "[Dynamite Duke, Seibu Kaihatsu, Sega, Action game]\n\nThe diameter of the graph is 3, and the path with the maximum length is Dynamite Duke - Seibu Kaihatsu - Sega - Action game."}, "246": {"gemma": "[Walls and Bridges, Rock music, Dee Anthony]"}, "247": {"gemma": "[Animal, Chordate, Coralliozetus angelicus, Chaenopsidae]"}, "248": {"gemma": "[Kureh Bolagh, Kanchubeh, Meshgin Shahr County, Qeshlaq-e Khanlu]"}, "249": {"gemma": "[A Question of Time, Jazz-rock, Somethin Els]\n\nThe diameter of the knowledge graph is 3, and the path with the maximum length is A Question of Time - Jazz-rock - Somethin Els."}, "250": {"gemma": "[Animal, Podalonia hirsuta, Sphecidae, Podalonia]"}, "251": {"gemma": "[Sarnia, Canada, Duke Harris]\n\nThe diameter of the graph is 3, and the path with the maximum length is Sarnia-Canada-Duke Harris."}, "252": {"gemma": "[Derek Sanderson (soccer), Steve Patterson (soccer), Jeff Rogers]"}, "253": {"gemma": "[Ethiopian Navy, Ethiopia, Addis Ababa, Trans Nation Airways, Oromo Peoples' Democratic Organization]"}, "254": {"gemma": "[Plu\u017eine, M-18 highway (Montenegro), Lake Piva]\n\n**Distance Calculation:**\n\n- Distance between Plu\u017eine and Lake Piva: 1 (nearestCity)\n- Distance between Plu\u017eine and M-18 highway (Montenegro): 1 (routeJunction)\n- Distance between M-18 highway (Montenegro) and Lake Piva: 1 (country)\n\n**Maximum Distance:** 3\n\n**Path with Maximum Distance:** Plu\u017eine - M-18 highway (Montenegro) - Lake Piva"}, "255": {"gemma": "[Levante UD, Claudio Barrag\u00e1n, Manises, Alvin Fortes]\n\nThe diameter of the graph is 4, and the path above represents the longest shortest path between any two nodes in the graph."}, "256": {"gemma": "[Madvillainy, Madvillain, Madvillainy 2]"}, "257": {"gemma": "[Soviet Union, Tupolev Tu-160, Russia, Yury Gusov]\n\nThe diameter of the graph is 4, and the path with the maximum length is Soviet Union - Tupolev Tu-160 - Russia - Yury Gusov."}, "258": {"gemma": "[Russia, Sretensk, Ilia Kulik, Tatiana Tarasova]\n\nThe diameter of the knowledge graph is 4, and the path above represents the longest shortest path between any two nodes in the graph."}, "259": {"gemma": "[Arthropod, Chalcophlocteis, Buprestidae]\n\nThe diameter of the graph is 3, and the path with the maximum length is Arthropod-Chalcophlocteis-Buprestidae."}, "260": {"gemma": "[Lukas J\u00e4ger, Defender (association football), Ulrich Wilson]"}, "261": {"gemma": "[S\u00e4g det med en s\u00e5ng, Benny Andersson, 1971 in music, Schlager, Stig Anderson]"}, "262": {"gemma": "[Virginia Shehee, Business, James M. Collins, World War II]"}, "263": {"gemma": "[Democratic Party (United States), William Yoast Morgan, Arthur Capper, William Howard Thompson]"}, "264": {"gemma": "[Klaus H\u00e4berlen, Battle of Kursk, Josef Karl, German Army (Wehrmacht)]"}, "265": {"gemma": "[Sheikh Rajab Ali, Sheikh Ali Madad, Muhammad Nawaz Irfani, Pakistan, Kamran Akmal]"}, "266": {"gemma": "[An Hour with the Ramsey Lewis Trio, Ramsey Lewis, The Movie Album (Ramsey Lewis album)]"}, "267": {"gemma": "[United States, Blacklick Township Cambria County Pennsylvania, North American Eastern Time Zone]\n\nThe diameter of the graph is 3, and the path with the maximum length is United States to North American Eastern Time Zone through Blacklick Township Cambria County Pennsylvania."}, "268": {"gemma": "[Hans-Georg Gadamer, Germany, Wilhelm Dilthey]"}, "269": {"gemma": "[United States, 87th Indiana Infantry Regiment, Hamburg Pennsylvania]\n\nThe diameter of the graph is 3, and the path with the maximum length is United States - 87th Indiana Infantry Regiment - Hamburg Pennsylvania."}, "270": {"gemma": "[Garlan, France, David Vendetta]\n\n**Distance Calculation:**\n\n- Distance between Garlan and France: 1\n- Distance between La Roche-Maurice and France: 1\n- Distance between France and David Vendetta: 1\n\n**Maximum Distance:** 1\n\n**Path with Maximum Distance:** Garlan - France - David Vendetta"}, "271": {"gemma": "[Elizabeth I of England, Eighty Years' War, Battle of Dahlen]\n\nThe diameter of the graph is 3, and the path with the maximum length is Elizabeth I of England - Eighty Years' War - Battle of Dahlen."}, "272": {"gemma": "[Fatspine spurdog, Chordate, Squaliformes, Lined lanternshark]"}, "273": {"gemma": "[Odense BK, Richard M\u00f8ller Nielsen, Svendborg fB, Richard M\u00f8ller Nielsen, B 1909]\n\n**Distance Calculation:**\n\n- The longest shortest path in the graph is the path connecting Odense BK to B 1909, which is 4 hops.\n- This path represents the diameter of the graph."}, "274": {"gemma": "[Neboj\u0161a Vukoji\u010di\u0107, List of Serbian football transfers summer 2016, Alen Ma\u0161ovi\u0107]\n\nThe diameter of the graph is 3, and the path with the maximum length is Neboj\u0161a Vukoji\u010di\u0107 - List of Serbian football transfers summer 2016 - Alen Ma\u0161ovi\u0107."}, "275": {"gemma": "[Hapoel Tzafririm Holon F.C., Florin Constantinovici, FC Politehnica Timi\u0219oara, Marius Bila\u0219co]"}, "276": {"gemma": "[Mazraeh-ye Shahid Chamran, Iran, Nowabad Razavi Khorasan, Ghazali Rural District]\n\nThe diameter of the graph is 4, which is the length of the longest shortest path between any two nodes in the graph."}, "277": {"gemma": "[Franche-Comt\u00e9, France, Haute-Sa\u00f4ne]\n\nThe diameter of the knowledge graph is 3, and the path with the maximum length is Franche-Comt\u00e9 to Haute-Sa\u00f4ne."}, "278": {"gemma": "[Colombo, Sri Lanka, Lasantha Wickrematunge, Law]\n\nThe diameter of the graph is 4, and the path with the maximum length is Colombo - Sri Lanka - Lasantha Wickrematunge - Law."}, "279": {"gemma": "[Germany, Berlin, Reinhard Mey, Wie vor Jahr und Tag]\n\n**Distance Calculation:**\n\n- Distance between Germany and Berlin: 1\n- Distance between Germany and Chris Jones: 2\n- Distance between Berlin and Reinhard Mey: 1\n- Distance between Chris Jones and Reinhard Mey: 1\n- Distance between Reinhard Mey and Wie vor Jahr und Tag: 1\n\n**Maximum Distance:** 3\n\n**Path with Maximum Distance:** Germany - Berlin - Reinhard Mey - Wie vor Jahr und Tag"}, "280": {"gemma": "[Actinomycetales, Kribbella, Nocardioidaceae, Nocardioides ginsengisoli]\n\nThe diameter of the graph is 4, and the path with the maximum length is Actinomycetales - Kribbella - Nocardioidaceae - Nocardioides ginsengisoli."}, "281": {"gemma": "[No Compromise, Album, Piano in the Background]"}, "282": {"gemma": "[Dhankuta, Dhankuta District, Nepal, Marwari language]"}, "283": {"gemma": "[Ghost Town DJ's, So So Def Recordings, RCA Records, Contemporary R&B]"}, "284": {"gemma": "[Henry Fielding, John Fowles, Susanna Clarke]"}, "285": {"gemma": "[Helga Anders, Tattoo (1967 film), Johannes Schaaf]\n\nThe diameter of the graph is 3, and the path with the maximum length is Helga Anders to Johannes Schaaf through Tattoo (1967 film)."}, "286": {"gemma": "[G. K. Venkatesh, Bhootayyana Maga Ayyu, Shashikumar, Edurmaneli Ganda Pakkadmaneli Hendthi]\n\nThe diameter of the graph is 4, and this path represents the maximum distance between any two nodes in the knowledge graph."}, "287": {"gemma": "[Animal, Aethes tuxtlana, Lepidoptera]\n\nThe diameter of the graph is 3, and the path with the maximum length is Animal - Aethes tuxtlana - Lepidoptera."}, "288": {"gemma": "[Bryan Barker, Punter (American football), Sean Landeta, Los Angeles Rams]"}, "289": {"gemma": "[Art\u00e9s, Spain, Guadarrama National Park, Spain, Nacho Mart\u00ednez]\n\nThe diameter of the graph is 4, and the path with the maximum length is Art\u00e9s - Spain - Guadarrama National Park - Spain - Nacho Mart\u00ednez."}, "290": {"gemma": "[Austria, Na\u00dffeld Pass, Austria, Jan Marc Riegler]"}, "291": {"gemma": "[Trillium cernuum, Monocots, Bentinckia condapanna, Commelinids, Flowering plant, Hieracium villosum, Hieracium]"}, "292": {"gemma": "[Musician, D. Scott Rogo, Journalist, Los Angeles]\n\nThe diameter of the graph is 4, and the path with the maximum length is Musician - D. Scott Rogo - Journalist - Los Angeles."}, "293": {"gemma": "[Futabayama Sadaji, Japan, Osaka, Japan, Reggae, Freddie McGregor, Robbie Lyn]"}, "294": {"gemma": "[Word Records, Rachael Lampa (album), Pop (music), Blessed: The Best of Rachael Lampa]"}, "295": {"gemma": "[Insect, Oxycera, Stratiomyinae, Odontomyia tigrina, Animal, Arthropod]"}, "296": {"gemma": "[Eucalyptus tricarpa, Rosid, Eucalyptus]"}, "297": {"gemma": "[Devil Dogs of the Air, Pat O'Brien (actor), Serpico, Badge 373]\n\nThe diameter of the graph is 4, which is the length of the longest shortest path between any pair of nodes in the given knowledge graph."}, "298": {"gemma": "[Niederviehbach, Germany, Cochem-Zell, Panzweiler]\n\nThe diameter of the knowledge graph is 4, and the path above represents the longest shortest path between any two nodes in the graph."}, "299": {"gemma": "[Epic Records, Just Good Friends (song), MTV Unplugged NYC 1997]\n\nThe diameter of the graph is 3, and the path with the maximum length is Epic Records - Just Good Friends (song) - MTV Unplugged NYC 1997."}, "300": {"gemma": "[University of Edinburgh, Doug Naysmith, Yale University]"}, "301": {"gemma": "[Ko\u0161ice, Tom\u00e1\u0161 Medve\u010f, Bratislava]"}, "302": {"gemma": "[50th Battalion (Calgary) CEF, Battle of Lens, George Edwin Ellison]"}, "303": {"gemma": "[Bordeaux, Christophe Lestrade, En Avant Guingamp]\n\nThe diameter of the graph is 3, and the path with the maximum length is Bordeaux - Christophe Lestrade - En Avant Guingamp."}, "304": {"gemma": "[Pigra, Lombardy, Italy]\n\nThe diameter of the graph is 3, and the path with the maximum length is Pigra to Italy through Lombardy."}, "305": {"gemma": "[Alberto Eliani, Udinese Calcio, Alem\u00e3o]\n\nThe diameter of the graph is 3, and the path with the maximum length is Alberto Eliani - Udinese Calcio - Alem\u00e3o."}, "306": {"gemma": "[Alternate Americas, English language, Alternate Wars, Gregory Benford, Alternate Empires]"}, "307": {"gemma": "[Eminem, Jeff Bass, Purple Pills]\n\nThe diameter of the graph is 3, and the path with the maximum length is: Eminem - Jeff Bass - Purple Pills."}, "308": {"gemma": "[Football Song, Music download, Rivals (Usher song)]"}, "309": {"gemma": "[Gladiator Seven, Tony Russel, Wild Wild Planet, War of the Planets (1966 film), Film]"}, "310": {"gemma": "[Arthropod, Aphelinus mali, Chalcidoidea, Botryoideclava]\n\nThe diameter of the graph is 4, and the path with the maximum length is Arthropod - Aphelinus mali - Chalcidoidea - Botryoideclava."}, "311": {"gemma": "[Som\u00e1lia, Defender, Neil Cox]\n\n**Explanation:**\n\n1. Calculate the shortest paths between all pairs of nodes in the graph.\n2. Identify the longest of these shortest paths.\n3. The path corresponding to the longest shortest path is the diameter of the graph."}, "312": {"gemma": "[Veddel, Germany, Bavaria, Totnansberg]"}, "313": {"gemma": "[Carlo Giovanardi, Modena, Maria d'Este]"}, "314": {"gemma": "[Guangxi, China, Longtan Dam]\n\n**Distance Calculation:**\n\n- Guangxi to China: 1\n- China to Longtan Dam: 1\n- Guangxi to Longtan Dam: 2\n\n**Maximum Distance:** 2\n\n**Path with Maximum Distance:** Guangxi - China - Longtan Dam"}, "315": {"gemma": "[Reprise Records, Political Science (song), Randy Newman]"}, "316": {"gemma": "[Slash Records, Copperopolis (album), Callin' Me When I'm Lonely, Easy (Sheryl Crow song)]"}, "317": {"gemma": "[Album, Cloudland (album), Post-punk]"}, "318": {"gemma": "[Lesser Poland Voivodeship, Ojc\u00f3w Castle, Zygodowice]\n\nThe diameter of the graph is 3, and the path with the maximum length is Lesser Poland Voivodeship - Ojc\u00f3w Castle - Zygodowice."}, "319": {"gemma": "[Mark Scott, Burbank California, Walt Disney Animation Studios, Film industry, Disneynature]"}, "320": {"gemma": "[Robert Patrick, Ladder 49, John Travolta]"}, "321": {"gemma": "[Acoustic music, Blues, Sonic Soul Surfer, Keepin' the Horse Between Me and the Ground, Hubcap Music, Seasick Steve]"}, "322": {"gemma": "[Carl Schurz, Erftstadt, United States Army, James A. Garfield, Major general (United States)]"}, "323": {"gemma": "[Christopher Zanella, Christian Democratic Union of Germany, Waldshut-Tiengen, Karl-Friedrich Merten, Niobe (schooner)]"}, "324": {"gemma": "[Huacaraje, Huacaraje Municipality, It\u00e9nez Province, Magdalena Municipality  Beni]\n\nThe diameter of the graph is 4, and the path with the maximum length is Huacaraje - Huacaraje Municipality - It\u00e9nez Province - Magdalena Municipality  Beni."}, "325": {"gemma": "[Yvon Goujon, Stade Rennais FC, Fran\u00e7ois Grenet, FC Girondins de Bordeaux]\n\n**Distance Calculation:**\n\n- The shortest path between Yvon Goujon and FC Girondins de Bordeaux is through Stade Rennais FC and Fran\u00e7ois Grenet.\n- The shortest path between Nicolas Pallois and FC Girondins de Bordeaux is directly between them.\n- The maximum distance between any pair of nodes is the distance between Yvon Goujon and Nicolas Pallois, which is 4 hops.\n\n**Therefore, the diameter of the knowledge graph is 4, and the path with the maximum length is:**\n\n[Yvon Goujon, Stade Rennais FC, Fran\u00e7ois Grenet, FC Girondins de Bordeaux]"}, "326": {"gemma": "[Vijay C Chakravarthy, Parugu, Allu Arjun]\n\n**Distance Calculation:**\n\n- Vijay C Chakravarthy to Allu Arjun: 3 (via Parugu)\n- Heropanti to Allu Arjun: 3 (via Parugu)\n- Other pairs have a distance of 2.\n\n**Maximum Distance:** 3\n\n**Path with Maximum Distance:** Vijay C Chakravarthy - Parugu - Allu Arjun"}, "327": {"gemma": "[Malvales, Phaleria perrottetiana, Phaleria, Angiosperms]"}, "328": {"gemma": "[Clube Atl\u00e9tico Penapolense, Francismar Carioca de Oliveira, Kawasaki Frontale, Rui Komatsu, List of Japanese football transfers winter 2014\u201315]"}, "329": {"gemma": "[Phytophthora medicaginis, Incertae sedis, Hoplestigma pierreanum, Hoplestigma]"}, "330": {"gemma": "[Heart of Midlothian F.C., Kevin James (Scottish footballer), Scotland national under-21 football team, Kim Tae-young (footballer  born 1982), Esan United F.C.]"}, "331": {"gemma": "[Silesia, Germany, 1. FC Magdeburg, Germany, East Germany national football team]\n\nThe diameter of the graph is 5."}, "332": {"gemma": "[United States, Florida, Hardee County Florida, Florida]"}, "333": {"gemma": "[Yevgeni Tyukalov, Striker (association football)]"}, "334": {"gemma": "[Insect, Hepialidae, Gazoryctra confusus]"}, "335": {"gemma": "[People's Republic of China, Guangdong, Cheng Yu-tung, Henry Cheng, Hong Kong]"}, "336": {"gemma": "[Phytophthora phaseoli, Incertae sedis, Piprites, Animalia, Fluvidona anodonta]\n\nThe diameter of the graph is 4, and the path with the maximum length is Phytophthora phaseoli - Incertae sedis - Piprites - Animalia - Fluvidona anodonta."}, "337": {"gemma": "[Democratic Party (United States), United States, Bowne  New Jersey]"}, "338": {"gemma": "[Eudicots, Zanthoxylum oahuense, Rutaceae, Meyer lemon]\n\nThe diameter of the graph is 4, and the path with the maximum length is Eudicots - Zanthoxylum oahuense - Rutaceae - Meyer lemon."}, "339": {"gemma": "[Gordon Macready, Second World War, Bernard Callinan, Mentioned in Despatches]\n\nThe diameter of the graph is 4, and the path with the maximum length is: Gordon Macready - Second World War - Bernard Callinan - Mentioned in Despatches."}, "340": {"gemma": "[Azazel: Book of Angels Volume 2, Legend (Poco album), Album]"}, "341": {"gemma": "[Capcom, Apollo Justice: Ace Attorney, Viewtiful Joe: Red Hot Rumble, Fighting game]"}, "342": {"gemma": "[Malayalam Language, Kandavarundo, Sreekumaran Thampi, V. Dakshinamoorthy]"}, "343": {"gemma": "[Saskatchewan, Coronach/Scobey Border Station Airport, Montana, Great Falls  Montana]"}, "344": {"gemma": "[Simon Lokodo, Uganda, Kampala, Justine Lumumba Kasule, Uganda]\n\n**Distance:** 4"}, "345": {"gemma": "[Badri, Thambikku Indha Ooru, Ranjith, Thambikku Indha Ooru]\n\n**Distance:** 4"}, "346": {"gemma": "[Rosalind Cash, Americus Georgia, Hugh Carter, Plains Georgia]"}, "347": {"gemma": "[2007\u201308 Parma F.C. season, 2007\u201308 Serie A, 2008\u201309 A.C. Milan season]\n\nThe diameter of the graph is 3, and the path with the maximum length is from 2007\u201308 Parma F.C. season to 2008\u201309 A.C. Milan season through 2007\u201308 Serie A."}, "348": {"gemma": "[Palestinian Haitians, Islam, Cel\u00e2l Bayar]"}, "349": {"gemma": "[Rosids, Acacia, Acacia deltoidea, Angiosperms]"}, "350": {"gemma": "[NBC, A Man Called Shenandoah, MGM Television]"}, "351": {"gemma": "[Keshit Kerman, Iran Standard Time, Iran Daylight Time, Dehnow-ye Fatemeh Barat]"}, "352": {"gemma": "[Democratic Party (United States), United States, Florida, Barry University]"}, "353": {"gemma": "[Massachusetts Institute of Technology, Frank A. McClintock, Marvin Minsky]"}, "354": {"gemma": "[Push (Pharoahe Monch song), Funk, Pharoahe Monch, Rape (song), Rawkus Records]"}, "355": {"gemma": "[Smooth Velvet  Raw Silk, Gabriele Tinti (actor), Laura Gemser, Ettore Manni]"}, "356": {"gemma": "[WHQG, Milwaukee  Wisconsin, WKLH]"}, "357": {"gemma": "[Dynasty (TV series), Paul Jenkins (actor), The Waltons, CBS]"}, "358": {"gemma": "[Sterling Price, Second Battle of Corinth, American Civil War, Battle of Pea Ridge]"}, "359": {"gemma": "[Valeri Aleksandrovich Sorokin, FC Spartak Kostroma, Stanislav Khan, FC Torpedo Armavir]"}, "360": {"gemma": "[S.C. Espinho, Filipe Melo, Midfielder, A.D. Camacha]"}, "361": {"gemma": "[Chew Chor Meng, The Legendary Swordsman, The Day It Rained on Our Parade, Singapore]"}, "362": {"gemma": "[Malvales, Hibiscadelphus woodii, Flowering plant]\n\nThe diameter of the knowledge graph is 3, and the path with the maximum length is Malvales - Hibiscadelphus woodii - Flowering plant."}, "363": {"gemma": "[Insect, Animal, Hypocoela tornifusca]\n\nThe diameter of the graph is 2, and the path with the maximum length is Insect - Animal - Hypocoela tornifusca."}, "364": {"gemma": "[Drew McWeeny, John Carpenter's Cigarette Burns, Fair-Haired Child, Matt Greenberg]\n\nThe diameter of the graph is 4, and the path with the maximum length is Drew McWeeny - John Carpenter's Cigarette Burns - Fair-Haired Child - Matt Greenberg."}, "365": {"gemma": "[Adrien Ren\u00e9 Franchet, Strophanthus thollonii, Plant]"}, "366": {"gemma": "[Thiago Maciel, Brazil, Tim (footballer), S\u00e3o Paulo FC, Emerson Pereira, Botafogo Futebol Clube (SP)]"}, "367": {"gemma": "[United States, Iowa, Monroe  Iowa]\n\nThe diameter of the graph is 3, and the path with the maximum length is United States - Iowa - Monroe  Iowa."}, "368": {"gemma": "[Insect, Rhinaplomyia, Fly, Tachinidae, Arthropod, Animal, Cladomyrma]"}, "369": {"gemma": "[Animalia, Chordata, Scopoli's shearwater]"}, "370": {"gemma": "[Perciformes, Emblemariopsis randalli, Atrosalarias]"}, "371": {"gemma": "[FC Homburg, Ragnar Margeirsson, Iceland, \u00c1smundur Sveinsson, Reykjav\u00edk]\n\n**Distance Calculation:**\n\n- The distance between FC Homburg and Reykjav\u00edk is 4.\n- This is the maximum distance in the graph, so the diameter is 4.\n\n**Path:**\n\nFC Homburg - team - Ragnar Margeirsson - birthPlace - Iceland - seeAlso - Reykjav\u00edk"}, "372": {"gemma": "[Doug Collins, Sunderland A.F.C., Ronald Brebner]\n\n**Explanation:**\n\n1. Calculate the shortest paths between all pairs of nodes using Dijkstra's algorithm.\n2. Identify the longest of these shortest paths.\n3. The path corresponding to the longest shortest path is the diameter of the graph."}, "373": {"gemma": "[Pulfero, Friuli-Venezia Giulia, Italy]"}, "374": {"gemma": "[Appenzeller Kantonalbank, Switzerland, Thomas Minder, Switzerland]\n\n**Distance:** 4"}, "375": {"gemma": "[Boca Juniors, La Boca, Buenos Aires, La Boca]\n\nThe diameter of the knowledge graph is 4, and the path with the maximum length is: Boca Juniors - La Boca - Buenos Aires - La Boca."}, "376": {"gemma": "[Lilium nepalense, kingdom, Plantae, kingdom, Lilium]"}, "377": {"gemma": "[Sweet Little '66, Richard Bennett (guitarist), Only One Moon, Louisiette, Country music, Prairie Oyster]"}, "378": {"gemma": "[England, John Hanson Community School, United States, Lakewood High School (Florida), Louis Murphy]"}, "379": {"gemma": "[Epic Records, Erotica (The Darling Buds album), London, The Darling Buds, Native Records]"}, "380": {"gemma": "[American Broadcast Company, Dynasty: The Reunion, Linda Evans, Mitchell (film), Jerry Styner]"}, "381": {"gemma": "[Deutsche Schule Lissabon, Lisbon, Miguel Lopes]\n\n**Distance Calculation:**\n\n- Distance between Deutsche Schule Lissabon and Lisbon: 1\n- Distance between Lisbon and Miguel Lopes: 1\n- Distance between Deutsche Schule Lissabon and Miguel Lopes: 2\n\n**Maximum Distance:** 2\n\n**Path with Maximum Distance:** Deutsche Schule Lissabon - Lisbon - Miguel Lopes"}, "382": {"gemma": "[Hereford United F.C., Keith Fear, Bristol City F.C.]\n\n**Distance Calculation:**\n\n- Hereford United F.C. to Keith Fear: 1\n- Keith Fear to Bristol City F.C.: 1\n- Therefore, the shortest path between Hereford United F.C. and Bristol City F.C. is 2.\n\n**Diameter:**\n\nThe maximum distance between any pair of nodes in the graph is 2."}, "383": {"gemma": "[Leslie Orme Wilson, Second Boer War, Edward Cecil Bethune, Denbighshire Hussars, France and Flanders 1918, John Lavarack]"}, "384": {"gemma": "[Ryo Nagamatsu, Nintendo Entertainment Planning & Development, Yoshiaki Koizumi, The Legend of Zelda: Majora's Mask]"}, "385": {"gemma": "[South East England, Ashford to Ramsgate (via Canterbury West) Line, Heavy rail, West Sussex]"}, "386": {"gemma": "[Gilort, Romania, Criciova, Social Democratic Party (Romania)]"}, "387": {"gemma": "[Neftchi Farg'ona, Xorazm FK Urganch, Uzbekistan national football team]"}, "388": {"gemma": "[Raakhee, Ek Rishtaa: The Bond of Love, Partho Ghosh]\n\nThe diameter of the graph is 3, and the path with the maximum length is Raakhee - Ek Rishtaa: The Bond of Love - Partho Ghosh."}, "389": {"gemma": "[Iran, Iran Standard Time, Katamak Hirmand]"}, "390": {"gemma": "[Insect, Crambidae, Talanga iridomelaena]\n\nThe diameter of the graph is 3, and the path with the maximum length is Insect - Crambidae - Talanga iridomelaena."}, "391": {"gemma": "[Anchovy, Clupeiformes, Clupeidae, Australian sprat]\n\nThe diameter of the knowledge graph is 4, and the path with the maximum length is Anchovy - Clupeiformes - Clupeidae - Australian sprat."}, "392": {"gemma": "[\u00dcnal Alpu\u011fan, Midfielder, Pl\u00e1cido Galindo, Universitario de Deportes]"}, "393": {"gemma": "[Central European Summer Time, Igalo, Montenegro, Central European Time]\n\nThe diameter of the graph is 3, and the path with the maximum length is Central European Summer Time - Igalo - Montenegro - Central European Time."}, "394": {"gemma": "[Dermateaceae, Diplocarpon, Ascomycetes]\n\nThe diameter of the graph is 3, and the path with the maximum length is: Dermateaceae - Diplocarpon - Ascomycetes."}, "395": {"gemma": "[Biscayne Point, Eastern Time Zone, Saint-Jacques-de-Leeds  Quebec, Les Appalaches Regional County Municipality, Saint-Pierre-de-Broughton  Quebec]"}, "396": {"gemma": "[Wandrille Lef\u00e8vre, Society of Jesus, Marquette University College of Engineering, Milwaukee, Urban area, Coll\u00e8ge Stanislas (Quebec)]"}, "397": {"gemma": "[Spread (food), Tirokafteri, Oregano, Chili pepper, Menudo (soup)]"}, "398": {"gemma": "[Rural Districts of Iran, Chenaran Rural District]"}, "399": {"gemma": "[Elizabeth Davis (7 Year Bitch), Punk rock, The Adverts, Crossing the Red Sea with The Adverts]\n\nThe diameter of the graph is 4."}, "400": {"gemma": "[Vriesea longicaulis, Angiosperms, Vriesea]"}, "401": {"gemma": "[Klesiv, Ukraine, Rokytne Raion  Rivne Oblast]"}, "402": {"gemma": "[Ra\u0161\u00edn, Central European Time, Prague, Czech Republic, Mohelnice nad Jizerou]"}, "403": {"gemma": "[Eudicots, Utricularia hamiltonii, Lamiales, Asterids, Utricularia reticulata]"}, "404": {"gemma": "[Zilayi Rural District, Iran, Geshur-e Zilayi]"}, "405": {"gemma": "[Atlantic Records, Authority Zero, Simple Plan]"}, "406": {"gemma": "[Jennifer Rowe, The Dreamstone (novel), English language, Fantasy literature, The Isle of Illusion]\n\nThe diameter of the graph is 5, which is the length of the longest shortest path between any two nodes in the graph."}, "407": {"gemma": "[Horace Rice, Australia, Sydney, Australia]"}, "408": {"gemma": "[Ecuador, Gal\u00e1pagos Islands, Sierra Negra (Gal\u00e1pagos)]\n\nThe diameter of the knowledge graph is 3, and the path with the maximum length is: Ecuador - Gal\u00e1pagos Islands - Sierra Negra (Gal\u00e1pagos)."}, "409": {"gemma": "[Lansdale Pennsylvania, Pennsylvania Route 63, Huntingdon Valley Pennsylvania]\n\n**Distance Calculation:**\n\n- The shortest path between Lansdale Pennsylvania and Huntingdon Valley Pennsylvania is 2 hops.\n- The shortest path between Pennsylvania Route 63 and Bensalem Township Pennsylvania is 1 hop.\n- The shortest path between Pennsylvania Route 63 and Huntingdon Valley Pennsylvania is 1 hop.\n\n**Maximum Distance:**\n\nThe maximum distance between any pair of nodes in the graph is 2 hops.\n\n**Therefore, the diameter of the knowledge graph is 2, and the corresponding path is:**\n\n[Lansdale Pennsylvania, Pennsylvania Route 63, Huntingdon Valley Pennsylvania]"}, "410": {"gemma": "[The High Fructose Adventures of Annoying Orange, Rachel Bloom, Mike Fasolo, Robot Chicken: Star Wars Episode II]"}, "411": {"gemma": "[Chinese people, Li Bin, Kim Il-sung University, Kim Jong-un, Ko Yong-hui]"}, "412": {"gemma": "[Mithun Chakraborty, Dance Dance (film), Hindi language]\n\nThe diameter of the graph is 3, and the path with the maximum length is Mithun Chakraborty - Dance Dance (film) - Hindi language."}, "413": {"gemma": "[Sikhism, Darshan Singh Pheruman, Punjab India, Amritsar]"}, "414": {"gemma": "[Siluck Saysanasy, Laos, Hmong people, Buddhism]\n\nThe diameter of the graph is 4, and the path with the maximum length is Siluck Saysanasy - Laos - Hmong people - Buddhism."}, "415": {"gemma": "[FC St. Pauli, Dirk Zander, FC Ingolstadt 04 II, Max Christiansen]\n\nThe diameter of the knowledge graph is 4, and the path with the maximum length is FC St. Pauli to Max Christiansen."}, "416": {"gemma": "[Time Step (album), Leo Kottke, Time Step (album), Singer-songwriter, Time Step (album), Chrysalis Records, T'ain't What You Do (It's the Way That You Do It)]"}, "417": {"gemma": "[Burgos, Urraca of Le\u00f3n, Castile and Le\u00f3n, Salda\u00f1a de Burgos]\n\nThe diameter of the graph is 4, and the path with the maximum length is Burgos - Urraca of Le\u00f3n - Castile and Le\u00f3n - Salda\u00f1a de Burgos."}, "418": {"gemma": "[Sea Patrol, Josh Lawson, Birmingham, Charles Moffatt Jenkinson, Brisbane]"}, "419": {"gemma": "[Ian Foster, Galway United F.C. (1937\u20132011), Kidderminster Harriers F.C., Forward (association football)]"}, "420": {"gemma": "[Eudicots, Asteraceae, Astereae, Asterales, Angiosperms]"}, "421": {"gemma": "[Chah Mir Hormozgan, Ahmadi Rural District, Ahmadi District]\n\nThe diameter of the graph is 3, and the path with the maximum length is Chah Mir Hormozgan - Ahmadi Rural District - Ahmadi District."}, "422": {"gemma": "[2004\u201305 Swansea City A.F.C. season, Kenny Jackett, 2003\u201304 Swansea City A.F.C. season, Football League Two, 2014\u201315 Oxford United F.C. season]"}, "423": {"gemma": "[George Marshall, Los Angeles, Life Begins at 40, Thomas Beck]\n\n**Explanation:**\n\n1. Calculate the shortest paths between all pairs of nodes.\n2. Identify the longest shortest path, which represents the diameter of the graph.\n3. The path from George Marshall to Thomas Beck through Life Begins at 40 and Los Angeles is the diameter of the graph."}, "424": {"gemma": "[Cloven Hoofed, Dietmar Post, Play Loud! Productions]\n\nThe diameter of the knowledge graph is 3, and the path with the maximum length is Cloven Hoofed - Dietmar Post - Play Loud! Productions."}, "425": {"gemma": "[Beast Is the B2ST, Cube Entertainment, The Winter's Tale (EP), Remember That (EP)]"}, "426": {"gemma": "[Cizeta, Giorgio Moroder, Danger Zone (song)]"}, "427": {"gemma": "[Martin Balsam, Cape Fear (1962 film), Voices in the Earth, Jenny Agutter, China 9  Liberty 37, Giuseppe Rotunno]"}, "428": {"gemma": "[George Arliss, Disraeli (1929 film), Warner Bros., The Millionaire (1931 film)]"}, "429": {"gemma": "[Tokyo Express, Battle of Cape Esperance, Charles McMorris, World War II]"}, "430": {"gemma": "[CMLL 71st Anniversary Show, Consejo Mundial de Lucha Libre, Arena M\u00e9xico]\n\nThe diameter of the graph is 3, and the path with the maximum length is CMLL 71st Anniversary Show - Consejo Mundial de Lucha Libre - Arena M\u00e9xico."}, "431": {"gemma": "[Palestinian Legislative Council, Democratic Front for the Liberation of Palestine, Popular Front for the Liberation of Palestine]"}, "432": {"gemma": "[Poland, W\u0105dro\u017ce Wielkie, Lower Silesian Voivodeship]\n\nThe diameter of the graph is 3, and the path with the maximum length is Poland - W\u0105dro\u017ce Wielkie - Lower Silesian Voivodeship."}, "433": {"gemma": "[Nasa jungifolia, Asterids, Loasaceae, Asterids]\n\nThe diameter of the graph is 4, and the path with the maximum length is Nasa jungifolia - Asterids - Loasaceae - Asterids."}, "434": {"gemma": "[Insect, Josia frigida, Lepidoptera, Notodontidae, Josia frigida]"}, "435": {"gemma": "[Jim Marshall, Princeton University, Piermaria Oddone, Fermilab]"}, "436": {"gemma": "[Theo J\u00f6rgensmann, Avant-garde jazz, Live in Sevilla 2000]\n\nThe diameter of the knowledge graph is 3, and the longest shortest path is from Theo J\u00f6rgensmann to Live in Sevilla 2000 through Avant-garde jazz."}, "437": {"gemma": "[Albion Michigan, Jerome D. Mack, Russell Goldsmith]"}, "438": {"gemma": "[National Socialist German Workers' Party, Rudolf Hess, Philipp Bouhler, William Joyce]"}, "439": {"gemma": "[Bolivia, Andes, Antofalla]\n\n**Explanation:**\n\n1. Calculate the shortest paths between all pairs of nodes using Dijkstra's algorithm.\n2. Identify the longest of these shortest paths.\n3. The path corresponding to the longest shortest path is the diameter of the graph."}, "440": {"gemma": "[Friedrich Lindenberg, Operation Barbarossa, Gerlach von Gaudecker-Zuch, Battle of France, August Koch]"}, "441": {"gemma": "[Dead Man's Party, Primeval, Restless, Seth Green]"}, "442": {"gemma": "[Contenders, Virgin Records, Fanfare]"}, "443": {"gemma": "[Soviet Union, Andriy Tovt, MFC Mykolaiv]\n\n**Explanation:**\n\n1. Calculate the shortest paths between all pairs of nodes.\n2. Identify the longest of these shortest paths.\n3. The path corresponding to the longest shortest path is the diameter of the graph."}, "444": {"gemma": "[CNN, Jake Tapper]\n\n**Explanation:**\n\n1. Calculate the shortest paths between all pairs of nodes using Dijkstra's algorithm.\n2. Identify the longest of these shortest paths.\n3. The path corresponding to the longest shortest path is the diameter of the graph."}, "445": {"gemma": "[Insect, Cychrus attenuatus, Carabinae, Cychrus]"}, "446": {"gemma": "[Siebenrockiella, Cryptodira, Chinese box turtle, Cryptodira]"}, "447": {"gemma": "[Pittsburgh Power, Paul Edinger, Minnesota Vikings, Anthony Prior]\n\nThe diameter of the knowledge graph is 4, and the path above represents the longest shortest path between any two nodes in the graph."}, "448": {"gemma": "[Buffalo Commercial Bank, Foreign exchange market, Private company, Enwave]\n\nThe diameter of the knowledge graph is 4, and the path with the maximum length is Buffalo Commercial Bank - Foreign exchange market - Private company - Enwave."}, "449": {"gemma": "[Khushi (2003 Kannada film), Vijay Raghavendra, Bengaluru, Doddmane Hudga]\n\nThe diameter of the knowledge graph is 4, and the path above represents the longest shortest path between any two nodes in the graph."}, "450": {"gemma": "[Dino Stamatopoulos, TV Funhouse, Saturday Night Live, Sports Show with Norm Macdonald]\n\n**Explanation:**\n\n1. Calculate the shortest paths between all pairs of nodes in the graph.\n2. Identify the longest of these shortest paths.\n3. The path associated with the longest shortest path is the diameter of the graph."}, "451": {"gemma": "[Roman Catholic Diocese of Sosnowiec, Poland, Lost Soul (band), Azarath (band)]\n\nThe diameter of the graph is 4, and the path above represents the longest shortest path between any two nodes in the graph."}, "452": {"gemma": "[Politician, Felipe Amoedo, Government, Buenos Aires, Catholicism]"}, "453": {"gemma": "[1976 Annual World's Best SF, Science fiction, Escape!, Magazine]\n\nThe diameter of the graph is 4, and the path with the maximum length is 1976 Annual World's Best SF - Science fiction - Escape! - Magazine."}, "454": {"gemma": "[Marieke, Jacques Brel, Seasons in the Sun, Philips Records]"}, "455": {"gemma": "[Rockwell Kent, Lenin Peace Prize, Oscar Niemeyer]\n\nThe diameter of the knowledge graph is 3, and the path with the maximum length is Rockwell Kent - Lenin Peace Prize - Oscar Niemeyer."}, "456": {"gemma": "[Debbi Morgan, Color of the Cross, Conan the Barbarian (1982 film)]\n\nThe diameter of the graph is 3, and the path with the maximum length is Debbi Morgan - Color of the Cross - Conan the Barbarian (1982 film)."}, "457": {"gemma": "[The Bone Forest, Lavondyss, Mythago Wood, Robert Holdstock, Lavondyss]"}, "458": {"gemma": "[John Butler, Maton, Tim Rogers]"}, "459": {"gemma": "[Bronislav \u010cervenka, Czechoslovakia, Czech Republic national under-21 football team, FK R\u012bga, P\u0101vels Doro\u0161evs]\n\nThe diameter of the graph is 4."}, "460": {"gemma": "[Allan McDonald, Australia, King River (Victoria), Wangaratta, Isobelle Carmody]\n\n**Distance Calculation:**\n\n- The shortest path between Allan McDonald and Isobelle Carmody is through Wangaratta and King River (Victoria).\n- The total distance of this path is 4.\n- This is the maximum distance in the graph, so the diameter is **4**."}, "461": {"gemma": "[Wiesbaden, Carl Remigius Fresenius, University of Gie\u00dfen]\n\n**Explanation:**\n\n1. Calculate the shortest paths between all pairs of nodes.\n2. Identify the longest shortest path, which represents the diameter of the graph.\n3. The path from Wiesbaden to University of Gie\u00dfen through Carl Remigius Fresenius is the diameter of the given knowledge graph."}, "462": {"gemma": "[Qazanlu, West Azerbaijan Province, Kakusan]\n\nThe diameter of the graph is 3, and the path with the maximum length is Qazanlu-West Azerbaijan Province-Kakusan."}, "463": {"gemma": "[Henrik Ibsen, A Master Builder, Declan Quinn]\n\nThe diameter of the graph is 3, and the path with the maximum length is Henrik Ibsen - A Master Builder - Declan Quinn."}, "464": {"gemma": "[French Navy, Charles Eug\u00e8ne Gabriel de La Croix, Louis-Philippe de Vaudreuil, Ferdinand-Alphonse Hamelin]"}, "465": {"gemma": "[Mocket, Indie rock, Butterfly Train, Up Records]"}, "466": {"gemma": "[Animal, Arthropod, Holcobius hawaiiensis, Adephaga]"}, "467": {"gemma": "[Mavic, France, 6th Marine Infantry Parachute Regiment, Operation Castor, Marcel Bigeard]"}, "468": {"gemma": "[1930-31 SK Rapid Wien season, Eduard Bauer, 1928-29 SK Rapid Wien season]"}, "469": {"gemma": "[Six60, Tiki Taane, Drum and bass, Breakbeat Era]\n\n**Distance Calculation:**\n\n- The shortest path between Six60 and Breakbeat Era is through Tiki Taane, Drum and bass.\n- The total distance of this path is 4.\n- This is the maximum distance in the graph, so the diameter is **4**.\n\n**Path:**\n\n- Six60 - producer - Tiki Taane - genre - Drum and bass - genre - Breakbeat Era"}, "470": {"gemma": "[Giuseppe Orlandini, Florence, Benedetto Ghiglia, To Forget Venice]\n\nThe diameter of the graph is 4, and the path with the maximum length is: Giuseppe Orlandini - Florence - Benedetto Ghiglia - To Forget Venice."}, "471": {"gemma": "[Hormozgan Province, Iran, Bandar Lengeh County, Sharbati]"}, "472": {"gemma": "[Virovitica, Croatia, Zagreb, Tomislav Iv\u010di\u0107, Croatia]\n\nThe diameter of the graph is 4, and the path above represents the longest shortest path between any two nodes in the graph."}, "473": {"gemma": "[Stade Briochin, Jean-Pierre Brucato, Michel Rio]\n\n**Explanation:**\n\n1. Calculate the shortest paths between all pairs of nodes using Dijkstra's algorithm.\n2. Identify the longest of these shortest paths.\n3. The path corresponding to the longest shortest path is the diameter of the graph."}, "474": {"gemma": "[Joseph Patrick Moore, Jazz, Jazz-rock fusion, Ibrahim Maalouf]"}, "475": {"gemma": "[Gillingham F.C., Dave McEwen, Hertford Town F.C., Tottenham Hotspur F.C.]"}, "476": {"gemma": "[Research and Development, Arms industry, Feinwerkbau, Digital Surf]"}, "477": {"gemma": "[Sunao Kasahara, Japan, Shigeko Higashikuni]\n\nThe diameter of the graph is 3, and the path above represents the longest shortest path between any two nodes in the graph."}, "478": {"gemma": "[Ruby Wax, Ed Bye, Hammersmith]"}, "479": {"gemma": "[Democratic Party (United States), Preston Leslie, James B. McCreary, Lieutenant colonel (United States)]\n\nThe diameter of the graph is 4, and the path with the maximum length is: Democratic Party (United States) - Preston Leslie - James B. McCreary - Lieutenant colonel (United States)."}, "480": {"gemma": "[Emmanuel Baba, Midfielder, Ivan Tsachev, PFC Spartak 1918]\n\nThe diameter of the knowledge graph is 3, and the path with the maximum length is: Emmanuel Baba - Midfielder - Ivan Tsachev - PFC Spartak 1918."}, "481": {"gemma": "[Iran, Qaleh Emam, Iran Standard Time, Basadi-ye Hajj Barun]\n\n**Distance Calculation:**\n\n- The shortest path between Iran and Basadi-ye Hajj Barun is through Iran Standard Time.\n- The shortest path between Qaleh Emam and Basadi-ye Hajj Barun is also through Iran Standard Time.\n- Therefore, the diameter of the graph is the distance between Iran and Qaleh Emam, which is 3 hops.\n\n**Path with Maximum Length:**\n\n- The path from Iran to Qaleh Emam to Iran Standard Time to Basadi-ye Hajj Barun is the longest path in the graph."}, "482": {"gemma": "[England, Goddard Lieberson, Manhattan New York]\n\n**Distance Calculation:**\n\n- Distance between England and Goddard Lieberson: 1\n- Distance between Goddard Lieberson and Manhattan New York: 1\n- Distance between England and Manhattan New York: 2\n\n**Maximum Distance:** 2\n\n**Path with Maximum Distance:** England - Goddard Lieberson - Manhattan New York"}, "483": {"gemma": "[Conversation tart, J\u00e9suite, Dessert, Mississippi mud pie]"}, "484": {"gemma": "[Amazing Stories, Anthology series, The Nightmare Room, Adventure]\n\n**Distance:** 4"}, "485": {"gemma": "[Stade Mohamed V, Casablanca, Morocco national under-17 football team, Nabil Jaadi]\n\nThe diameter of the graph is 4."}, "486": {"gemma": "[Huang Shin-chieh, Taiwan under Japanese rule, Hsu Hsin-liang]\n\nThe diameter of the graph is 3, and the path with the maximum length is Huang Shin-chieh - Taiwan under Japanese rule - Hsu Hsin-liang."}, "487": {"gemma": "[Jerry Van Dyke, Danville  Illinois, Annabelle's Wish, Alison Krauss]"}, "488": {"gemma": "[Chevrolet TrailBlazer, Buick Rainier, Rear-wheel drive]"}, "489": {"gemma": "[Ignite the Night, Chase Rice, Ready Set Roll (EP), Ready Set Roll]"}, "490": {"gemma": "[Ardestan County, Iran, Iran Standard Time, Omidiyeh  Isfahan]"}, "491": {"gemma": "[M. B. Sreenivasan, Anantaram, Ashokan]\n\nThe diameter of the graph is 3, and the path with the maximum length is M. B. Sreenivasan - Anantaram - Ashokan."}, "492": {"gemma": "[Derek Muller, Los Angeles, David Warren (inventor), University of Melbourne]\n\nThe diameter of the graph is 4, and the path above represents the longest shortest path between any two nodes in the graph."}, "493": {"gemma": "[Stonewall Jackson, Mary Anna Jackson, Lincoln County North Carolina]\n\nThe diameter of the graph is 3, and the path with the maximum length is Stonewall Jackson - Mary Anna Jackson - Lincoln County North Carolina."}, "494": {"gemma": "[William Jackson Hooker, Paphiopedilum druryi, Asparagales, Chamaeanthus]"}, "495": {"gemma": "[Paul Demi\u00e9ville, \u00c9douard Chavannes, Chinese history]"}, "496": {"gemma": "[Livingston F.C., Roddy McKenzie, Hawick Royal Albert F.C., Hawick]"}, "497": {"gemma": "[Lira Uganda, Giuseppe Ambrosoli, Uganda]\n\nThe diameter of the knowledge graph is 3, and the path with the maximum length is Lira Uganda - Giuseppe Ambrosoli - Uganda."}, "498": {"gemma": "[Laura Betti, Italy, Casalecchio di Reno, Unipol Arena]\n\nThe diameter of the graph is 4, and the path above represents the longest shortest path between any two nodes in the graph."}, "499": {"gemma": "[North Kingstown Rhode Island, Daniel Littlefield, Central Falls Rhode Island]\n\nThe diameter of the knowledge graph is 3, and the path with the maximum length is North Kingstown Rhode Island - Daniel Littlefield - Central Falls Rhode Island."}}