{"0": {"llama": "[The diameter of the graph is 3, and the corresponding path is: Vittorio De Sica, France, Seine-et-Marne, Montereau-Fault-Yonne]"}, "1": {"llama": "[Diameter: 2, Path: Nashville  TN, I'm a People, Love Bug (George Jones album)]"}, "2": {"llama": "[Leucophoebe, Leucophoebe albaria, Polyphaga, Ebaeides perakensis]"}, "3": {"llama": "[Pat Benatar, Invincible (Pat Benatar song), Holly Knight, Be Tender with Me Baby, Tina Turner, Tommy (1975 film)]"}, "4": {"llama": "[Oru Kochu Bhoomikulukkam, Siddique (actor), Ernakulam]"}, "5": {"llama": "[480i, News TV Quick Response Team, Filipino language, Mara Clara (2010 TV series)]"}, "6": {"llama": "[Opava, Rudolf Chrobak, SK Kladno, Avdija Vr\u0161ajevi\u0107]"}, "7": {"llama": "[ Rodrigo Lemos, Uruguay national football team, Hugo Bagnulo, Montevideo, Nelson Agresta ]"}, "8": {"llama": "[PlayStation Network, Tekken (video game), PlayStation 2, Buzz! Junior: Jungle Party, Buzz!]"}, "9": {"llama": "[Diameter: 3, Path: David Caldwell (nose tackle), Indiana Firebirds, Robert Hall (gridiron football), Quarterback]"}, "10": {"llama": "[The Cowboys (TV series), Walter Brooke, A Short Drink from a Certain Fountain, Patrick O'Neal (actor), Respiratory failure, Suzanne Pleshette]"}, "11": {"llama": "[Diameter: 5, Path: Florida, Liz Swaine, Democratic Party (United States), Saban\u2019s Gulliver\u2019s Travels, Bruno Bianchi (cartoonist)]"}, "12": {"llama": "[Kenny Loggins, House at Pooh Corner (song), Mr. Bojangles (song), Uncle Charlie & His Dog Teddy, Nitty Gritty Dirt Band, Thrown Away (song)]"}, "13": {"llama": "[Sturnia, Malabar starling, Thomas C. Jerdon, Grey-headed bulbul, Bulbul, Red-vented bulbul, Pycnonotus]"}, "14": {"llama": "[Dirk Flock, FC Remscheid, Marcel Podszus, VfB Speldorf]"}, "15": {"llama": "[Limb Music, Legendary Tales, Sascha Paeth]"}, "16": {"llama": "[Dzon Delarge, Brazzaville, Equatorial Congo Airlines, Makoua]"}, "17": {"llama": "[Netphe, Germany, Roland G\u00fcnther]"}, "18": {"llama": "[Halifax Town A.F.C., Simon Collins (footballer), Ossett Town F.C., Joel Armstrong, Chesterfield F.C.]\n\nThe diameter of the graph is 4, which is the maximum distance between any pair of nodes. The longest shortest path is from Halifax Town A.F.C. to Chesterfield F.C., which passes through Simon Collins (footballer), Ossett Town F.C., and Joel Armstrong."}, "19": {"llama": "[Red, Panhellenic Citizen Chariot, Free Citizens, Yellow]"}, "20": {"llama": "[Georgi Zharkov, FC Zenit Leningrad, Vasiliy Danilov, USSR national football team, Yuri Sedov, Russia]"}, "21": {"llama": "[Dystopian novel, The Twelve (novel), The Passage (novel), Stranger's Soul]"}, "22": {"llama": "[Diameter: 3, Path: Roman Catholicism, Macedonian Argentine, Buenos Aires, Bernardo Leyenda]\n\nExplanation: \n\nTo calculate the diameter, we need to find the shortest path between all pairs of nodes. \n\n1. Roman Catholicism -> Macedonian Argentine (1 step)\n2. Macedonian Argentine -> Buenos Aires (1 step)\n3. Buenos Aires -> Bernardo Leyenda (1 step)\n\nSo, the longest shortest path is Roman Catholicism -> Bernardo Leyenda, which has a length of 3."}, "23": {"llama": "[Diameter: 3, Path: Brightest Star, Brightest e.p.02, Bright (Japanese band), Japan]"}, "24": {"llama": "[Qasem Qeshlaqi Nir, Nir County, Mehmandust-e Olya Nir, Ardabil Province, Golujeh Nir]"}, "25": {"llama": "[Diameter: 4, Path: CEO, Nomad Foods, Tortola, Road Town]"}, "26": {"llama": "[The Best of R.E.M., English language, Bugs Bunny's Looney Christmas Tales, Friz Freleng, Looney Tunes Golden Collection: Volume 4, Billy Bletcher]\n\nThe diameter of the graph is 6, and the corresponding path is from \"The Best of R.E.M.\" to \"Billy Bletcher\" passing through the mentioned entities."}, "27": {"llama": "[George Washington University, Sam Johnson, Methodism, Soong Ching-ling, Beijing, Li Zongren, Qing Dynasty, Wu Mengchang, Guangdong]"}, "28": {"llama": "[Abu Ali Mustafa, West Bank, Judea]"}, "29": {"llama": "[Chinese Brazilians, Macanese people, Brazil, Eduardo Roberto dos Santos, Esporte Clube Vit\u00f3ria]"}, "30": {"llama": "[The Wilsons, Rock music, Species Deceases, Midnight Oil, Dreamworld (Midnight Oil song), Diesel and Dust]"}, "31": {"llama": "[Kafka (film), Ian Holm, Joe Gould's Secret (film), Susan Sarandon]"}, "32": {"llama": "[2005 French Grand Prix, France, Ga\u00ebl]"}, "33": {"llama": "[Freak (Estelle song), Afrojack, R3hab, Ti\u00ebsto, Power of You, Something About You (Christian Burns song), Christian Burns]"}, "34": {"llama": "[Dzon Delarge, Brazzaville, Ali Bongo Ondimba, Raymond Ndong Sima]"}, "35": {"llama": "[Frederick Francis Mathers, Saint John  New Brunswick, New Brunswick, Bud Boyce, Saskatchewan]"}, "36": {"llama": "[Maykel Galindo, Villa Clara Province, Cuba, Cayo Guillermo]"}, "37": {"llama": "[Iran, Naqadeh County, Mohammadyar District]"}, "38": {"llama": "[Legendary Assassin, Gold Label Records, Miriam Yeung New and Best Selections, Home (Miriam Yeung album), Shawn Yue]"}, "39": {"llama": "[Deltas (Visions of Atlantis album), Germany, Sommersdorf Mecklenburg-Vorpommern]"}, "40": {"llama": "[A24 (company), United States, Slippery Rock  Pennsylvania, North American Eastern Time Zone, Albion  Oswego County  New York]"}, "41": {"llama": "[Steve Mouni\u00e9, Benin, Hubert Maga]"}, "42": {"llama": "[Mircea Ilie, Romania, Slatina River (R\u00e2ul Doamnei)]"}, "43": {"llama": "[Diameter: 3, Path: Karim Debbagh, Tangier, Ibn Battuta]"}, "44": {"llama": "[Ipecac Neat, Doomtree, Mike Mictlan, Bangarang (Doomtree song)]"}, "45": {"llama": "[Erase Errata, Indie rock, Tatay, Bwyd Time, Gorky's Zygotic Mynci, Y Niwl]"}, "46": {"llama": "[Diameter: 4, Path: Bharatiya Mahila Bank, Credit card, First Direct, Saving, Fidelity Bank Ghana]"}, "47": {"llama": "[Draco Rosa, Menudo (band), Angelo Garcia] or [Draco Rosa, Menudo (band), Os Ultimos Herois] or [The Clutch, Menudo (band), Angelo Garcia] or [The Clutch, Menudo (band), Os Ultimos Herois] or [Draco Rosa, Menudo (band), Os Ultimos Herois, Angelo Garcia]"}, "48": {"llama": "[Tatsuya Sakai, Japan, Taruho Inagaki]"}, "49": {"llama": "[Urola furvicornis, Crambidae, Scoparia augastis]"}, "50": {"llama": "[Blues, Rock music, Ric Lee, Chrysalis Records]"}, "51": {"llama": "[Slipknot (band), Phil Sgrosso, Nails (band), You Will Never Be One of Us]"}, "52": {"llama": "[Epic Records, Michael Organ (drummer), Sonny Landreth]"}, "53": {"llama": "[Diameter: 3, Path: Nelly, Get Like Me (Nelly song), Music download, I'm in Love with a Monster]"}, "54": {"llama": "[India, Shriya Saran, Jaggubhai, R. D. Rajasekhar, Kaakha Kaakha, Harris Jayaraj, Ko (film)]"}, "55": {"llama": "[Complicated (Rihanna song), Loud (Rihanna album), Raining Men (Rihanna song), S&M (song), Moment 4 Life, Hip hop]"}, "56": {"llama": "[Sumie Sakai, United States, MaxLinear, Broadband, Sky Ireland]"}, "57": {"llama": "[Film director, Robert Luketic, Legally Blonde]"}, "58": {"llama": "[Sufia Kamal, Bengal Presidency, British India, Kudmul Ranga Rao, South Canara, Manjayya Heggade]"}, "59": {"llama": "[Martin D. Wolfson, Ohio Derby, Gene St. Leon]"}, "60": {"llama": "[Cartoon Network (Germany), Munich, Rain Is Falling, Here Is the News, Jeff Lynne, Time (Electric Light Orchestra album), Nightrider (song)]"}, "61": {"llama": "[Hanover, Sven Pipien, King Bee (band)]"}, "62": {"llama": "[Brad Leithauser, Massachusetts, Roman Catholicism, Henry Ford II, Detroit, Edsel Ford II]\n\nThe diameter of the graph is 5, and the longest shortest path is from Brad Leithauser to Edsel Ford II, passing through Massachusetts, Roman Catholicism, Henry Ford II, and Detroit."}, "63": {"llama": "[George Leonard Andrews, Union Army, George K. Nash, Columbus  Ohio, Bow Wow (rapper)]"}, "64": {"llama": "[Floyd Crosby, Suicide Battalion, American International Pictures, Bamboo Gods and Iron Men]"}, "65": {"llama": "[Dr. Vidya, Sachin Dev Burman, Insan Jaag Utha  Insaan Jaag Utha  1, Manzil (1960 film), Dev Anand, Vijay Anand (Hindi film maker)]"}, "66": {"llama": "[Carlos Man\u00e9, Portugal, Lajes das Flores, C\u00e2mara Municipal]"}, "67": {"llama": "[List of Chinese football transfers winter 2015, Jin Xin, Wuhan, Yao Hanlin, China]"}, "68": {"llama": "[Tony Pulis, A.F.C. Bournemouth, Ike Whelpton, Birmingham City F.C.]"}, "69": {"llama": "[Diameter: 3, Path: Gaisberg (Heidelberg), Germany, Gro\u00dfpostwitz]"}, "70": {"llama": "[United States, Beau Starr, Pretend You Don't See Her (film), Hannes Jaenicke, Die Stra\u00dfen von Berlin]"}, "71": {"llama": "[Andr\u00e9 Boisclair, Robert Perreault, Sainte-Anne-de-la-P\u00e9rade, Antoine-Aim\u00e9 Dorion, Canada, Parti Qu\u00e9b\u00e9cois]"}, "72": {"llama": "[2008 California Golden Bears football team, 2008 UCLA Bruins football team, 2008 Tennessee Volunteers football team, 2008 Alabama Crimson Tide football team]\n\nThe diameter of the graph is 3, which is the maximum distance between any pair of nodes. The longest shortest path is from 2008 California Golden Bears football team to 2008 Alabama Crimson Tide football team, passing through 2008 UCLA Bruins football team and 2008 Tennessee Volunteers football team."}, "73": {"llama": "[Serrata raoulica, Animal, Insect, Coreoidea, Bothrostethus annulipes]"}, "74": {"llama": "[Kalateh-ye Hajji Razavi Khorasan, Iran Standard Time, Khaneh Dam]"}, "75": {"llama": "[Andrea Drahota, The Confrontation (film), Mikl\u00f3s Jancs\u00f3, V\u00e1c, Istv\u00e1n Friedrich]"}, "76": {"llama": "[North Island k\u014dkako, Animalia, Telmatherina celebensis]"}, "77": {"llama": "[ Pink Luv, Dance-pop, Love on Your Side \u2013 The Best of Thompson Twins ]"}, "78": {"llama": "[Holyoke Massachusetts, Maurice A. Donahue, Roger L. Bernashe]"}, "79": {"llama": "[Chordate, Omobranchus steinitzi, Animal, Insect, Heterachthes, Heterachthes wappesi]"}, "80": {"llama": "[Sweta Keswani, Model (person), Fat Cat (singer), South Korea, N.Flying]"}, "81": {"llama": "[Tihhon \u0160i\u0161ov, Defender (football), Federico Tafani, Italy]"}, "82": {"llama": "[Tiffany Limos, Ken Park, Maeve Quinlan, United States]"}, "83": {"llama": "[Enrico Albertosi, Italy, Gianni De Biasi, Cosenza Calcio 1914, Emanuele Brioschi]"}, "84": {"llama": "[Plantae, Beccariophoenix, Cocoeae, Jubaeopsis]"}, "85": {"llama": "[Dixie McNeil, England, Birmingham, Andy Williams (footballer born 1962), Huddersfield Town A.F.C.]"}, "86": {"llama": "[The diameter of the graph is 3, and the corresponding path is: Cosmopterix fernaldella, Animal, Netechma, Netechma lacera]"}, "87": {"llama": "[Diameter: 4, Path: Azerbaijan, Absurdistan (film), Veit Helmer, A Trick of Light]"}, "88": {"llama": "[Keithsburg Illinois, Illinois, Samuel Bodman, Steven Chu, University of Rochester]"}, "89": {"llama": "[Asiamordella, Animal, Arthropod, Plecoptera quadrilineata]"}, "90": {"llama": "[7%22, Behind Blue Eyes, Olympic Studios, Yellow Submarine Songtrack]"}, "91": {"llama": "[CD Mensajero, \u00c1lex Cruz, UCAM Murcia CF, Luis Tevenet, Polideportivo Ejido]"}, "92": {"llama": "[Carl Linnaeus, Middle spotted woodpecker, Piciformes, Downy woodpecker]"}, "93": {"llama": "[Raul Mitra, Philippines, Judy Ann Santos, Till There Was You (2003 film), Piolo Pascual]"}, "94": {"llama": "[Epischnia asteris, Arthropod, Acantholycosa zinchenkoi, Pardosinae]"}, "95": {"llama": "[Elton John One Night Only \u2013 The Greatest Hits, Universal Records, If You Really Cared]\n\nThe diameter of the graph is 2, which is the maximum distance between any pair of nodes. The longest shortest path is between Elton John One Night Only \u2013 The Greatest Hits and If You Really Cared, which passes through Universal Records."}, "96": {"llama": "[Michael Reiziger, Middlesbrough F.C., Fred Priest, Guisborough]"}, "97": {"llama": "[FC Fakel Voronezh, Denis Voynov, List of Russian football transfers summer 2014, Andrei Nalyotov, FC Domodedovo Moscow]"}, "98": {"llama": "[Archips socotranus, Animal, Chordate, Hemibarbus mylodon]"}, "99": {"llama": "[Animal, Semniomima puella, Animal, Animalia, Aviceda]"}, "100": {"llama": "[Satyrini, Kanetisa digna, Animal, Anomis grisea]"}, "101": {"llama": "[Irandegan District, Irandegan Rural District, Genzerig, Ab Ghamushiyeh, Kerman Province, Mowtowr-e Reza Hajjabi Chah Hasan]"}, "102": {"llama": "[Glumsl\u00f6v, Central European Time, Cristina  Badajoz]"}, "103": {"llama": "[Dipolog, Zamboanga Peninsula, Katipunan  Zamboanga del Norte]"}, "104": {"llama": "[Animalia, Goldbar wrasse, Actinopterygii]"}, "105": {"llama": "[Dompierre  Fribourg, Domdidier, Gaston Godel]"}, "106": {"llama": "[Albert Lee, Rock and roll, Boll Weevil (song)]"}, "107": {"llama": "[Diameter: 3, Path: Gramophone record, Air War, Pretty Little Angel Eyes, Under the Moon of Love]"}, "108": {"llama": "[Sweden, M\u00e5rten Klingberg, Screenwriter, Roger Lim]"}, "109": {"llama": "[Diameter: 2, Path: Brian Cvilikas, Russell Hutchison]"}, "110": {"llama": "[London, Jennifer Kendal, Bombay Talkie, Ruth Prawer Jhabvala, Jane Austen in Manhattan]"}, "111": {"llama": "[Animal, Ceratostoma, Ceratostoma foliatum]"}, "112": {"llama": "[Donacoscaptes leucocraspis, Donacoscaptes, Insect, Beraba cheilaria]"}, "113": {"llama": "[MG GS, Shanghai, Pudong, Mercedes-Benz Arena (Shanghai), Anschutz Entertainment Group, Microsoft Theater, California, John Vasconcellos, Santa Clara California]\n\nThe diameter of the graph is 8, and the longest shortest path is from MG GS to Santa Clara California."}, "114": {"llama": "[Jonathan Coates, Cheltenham Town F.C., Bobby Williams (footballer born 1940), Weymouth F.C., Tommy Henderson (footballer born 1949)]"}, "115": {"llama": "[Dorcadion anatolicum, Beetle, Irundisaua balteata]"}, "116": {"llama": "[Diameter: 2, Path: Haltom City Texas, Mayor, Roanoke Texas]"}, "117": {"llama": "[Diameter: 3, Path: Arsenal de Sarand\u00ed, Franco Jara, List of Argentine Primera Divisi\u00f3n transfers July\u2013August 2010, Daniel Vega]"}, "118": {"llama": "[Diameter: 2, Path: Cuba, Candelaria Cuba]"}, "119": {"llama": "[Takuro Yoshida, Harmonica, Eddie Vedder, Brother (Pearl Jam song)]"}, "120": {"llama": "[Eudonia schwarzalis, Animal, Auxa bimaculipennis, Stephan von Breuning (entomologist)]"}, "121": {"llama": "[Eupithecia dohertyi, Animal, Paxillosida, Astropecten platyacanthus, Astropecten]"}, "122": {"llama": "[Alfred Johnson Brooks, Brooke Claxton, Canadian Army, Royal Canadian Infantry Corps]"}, "123": {"llama": "[Psychedelic music, Uriel (band), Dave Stewart (keyboardist), Jakko Jakszyk]"}, "124": {"llama": "[Diameter: 3, Path: Eygelshoven, Netherlands, Vaalserberg]"}, "125": {"llama": "[Michel Fran\u00e7ois Hoguet, France, Forcalqueiret]"}, "126": {"llama": "[Animal, Notostigma foreli]"}, "127": {"llama": "[Sonic Underground, Jaleel White, Steve Urkel, Thomas L. Miller, Foul Play (TV series), American Broadcasting Company, Perfect Strangers (TV series), Bronson Pinchot]"}, "128": {"llama": "[Hall bei Admont, Austria, Wilhelm J. Sluka]"}, "129": {"llama": "[Una O'Hagan, Republic of Ireland, Paul Kane, Toronto, Anais Granofsky]"}, "130": {"llama": "[Ken Khachigian, Lawyer, Peter Reith, Fred Chaney, G\u00e9d\u00e9on Larocque, Raymond Pr\u00e9fontaine, Longueuil Quebec]"}, "131": {"llama": "[Tolombeh-ye Ruzkuhrow, Bahreman Rural District, Yadollahabad, Iran]"}, "132": {"llama": "[Chrysomyxa ledi var. rhododendri, Basidiomycota, Mycena stylobates]"}, "133": {"llama": "[Francis II Holy Roman Emperor, Grand Duchy of Tuscany, Anna Maria Adorni Botti, Fivizzano, Sandro Bondi]"}, "134": {"llama": "[Bob Archer, Defender (football), Borys Derkach, FC Mayak Kharkiv, Aleksandr Tsilyurik, Midfielder, Andrei Solomatin, FC Chertanovo Moscow]"}, "135": {"llama": "[Unreal Engine 2, XIII (video game), GameCube]"}, "136": {"llama": "[Diameter: 4, Path: KNI A/S, Sisimiut, Greenland, Paamiut, Frederikshavn]"}, "137": {"llama": "[Bedford Township  Bedford County  Pennsylvania, Bedford County  Pennsylvania, Pennsylvania, Buffalo  New York]"}, "138": {"llama": "[Stream, Lichau Creek, Sonoma County  California]"}, "139": {"llama": "[Insect, Pantophthalmidae, Fly, Tanytarsini]"}, "140": {"llama": "[Diameter: 3, Path: Vantoux-et-Longevelle, Haute-Sa\u00f4ne, Georfans]"}, "141": {"llama": "[Diameter: 5, Path: East West Records, A New Day at Midnight, Life in Slow Motion, Folk rock, Singing]"}, "142": {"llama": "[Gr\u00e9gory Malicki, Goalkeeper (football), Stef\u00e1n Logi Magn\u00fasson, Iceland, Eagle Egilsson, Mad City: New Day Rising, Mad City: Look Into My Eyes, Gotham (TV series), Wrath of the Villains: Pinewood]\n\nThe diameter of the graph is 8, and the longest shortest path is from Gr\u00e9gory Malicki to Wrath of the Villains: Pinewood, passing through the mentioned entities in the given order."}, "143": {"llama": "[Genoplesium plumosum, Plantae, Strychnos millepunctata, Eudicots, Deinandra palmeri]"}, "144": {"llama": "[Diameter: 2, Path: Pisa Calcio, Enrico Alfonso, A.S. Pizzighettone]"}, "145": {"llama": "[Dinochloa, Bambusoideae, Valiha (plant), Plantae, Nephthytis, Nephthytis swainei]"}, "146": {"llama": "[Central defender, Bevan Fransch, South Africa, Solomon Mahlangu, Mamelodi]"}, "147": {"llama": "[Maxi Single, Summer Time Gone, Giza Studio, Your Best Friend]"}, "148": {"llama": "[O. Henry, The Valiant Hombre, Henry O, Actor, Yoo Hae-jin]"}, "149": {"llama": "[Diameter: 2, Path: Ali Khan-e Kachkul, Gohreh]"}, "150": {"llama": "[Presenter, Louis Yuen, Virtues of Harmony, Cutie Mui, My Father's Son (TV series), Stephen Chow, Legend of the Dragon (film), Danny Lee (actor), City on Fire (1987 film)]"}, "151": {"llama": "[Rotate (song), Channel 10 (album), The War Report 2: Report the War, Gangsta Rap]"}, "152": {"llama": "[Detroit, Curtis Fuller, Impulse!, The Cry of My People]"}, "153": {"llama": "[Bill Dana (comedian), Swinging Spiketaculars, Joyce Jameson, Billy Barnes (composer)]"}, "154": {"llama": "[Scottish Highlands, River Tay, Ben Lui]"}, "155": {"llama": "[Leyton F.C., Charlie Fletcher (footballer), Homerton, Queen Elizabeth Olympic Park, Stratford London]"}, "156": {"llama": "[Diameter: 4, Path: Lift Me Up (David Guetta song), Parlophone, Eleanor Rigby, Lennon\u2013McCartney]"}, "157": {"llama": "[Los Angeles Misioneros, Jos\u00e9 Miranda (footballer), Puerto Rico United]"}, "158": {"llama": "[Lorestan Province, Iran Standard Time, Chal Duguneh, Papi District]"}, "159": {"llama": "[Taheri Rural District, Iran, Amol, Ghasem Rezaei]"}, "160": {"llama": "[Dorothy Appleby, His Ex Marks the Spot, Felix Adler (screenwriter), Goofs and Saddles, Coca-Cola Telecommunications (1987)]"}, "161": {"llama": "[Ziarlu, Ahar County, Central District (Ahar County), Gurvan-e Bozorg]"}, "162": {"llama": "[The Name Game, Novelty song, Boku wa Kuma, Flavor of Life]"}, "163": {"llama": "[Animal, Arthropod, Evimantius, Buprestoidea]"}, "164": {"llama": "[Thimingalam, Crossbelt Mani, Thimingalam, K. P. Ummer, Pokkattadikkaari]"}, "165": {"llama": "[Red-keeled flowerpecker, Johann Hermann, Red-keeled flowerpecker, Animalia, Stagnicola]"}, "166": {"llama": "[DYMF, News, The Rundown with Jos\u00e9 Diaz-Balart, MSNBC Live]"}, "167": {"llama": "[Local government in New Jersey, Prospertown  New Jersey, United States, Robert D. Mariani, Syracuse University College of Law, Tom O'Mara, Timothy M. Kennedy (politician)]"}, "168": {"llama": "[Diameter: 4, Path: Eduardo Struvay, 2016 Claro Open Medell\u00edn, Facundo Bagnis, 2013 Seguros Bol\u00edvar Open Barranquilla, Barranquilla]"}, "169": {"llama": "[Simple Pleasures (Bobby McFerrin album), English language, The Case of the Dirty Bird, Novel, Breakfast on Pluto, Patrick McCabe (novelist)]\n\nThe diameter of the graph is 5, and the longest shortest path is from Simple Pleasures (Bobby McFerrin album) to Patrick McCabe (novelist)."}, "170": {"llama": "[Thirty Years' War, Isaac Manasses de Pas Marquis de Feuquieres, Relief of Thionville, Thionville, Illange]"}, "171": {"llama": "[Catholic Church, Bruce Edwards Ivins, United States Army Medical Research Institute of Infectious Diseases, Maryland, Television Hill (band), Cass McCombs]"}, "172": {"llama": "[Freetown  Massachusetts, Massachusetts, Attleboro  Massachusetts, David Daggett, Chauncey Goodrich, Uriah Tracy, Federalist Party, Edward King (jurist)]"}, "173": {"llama": "[University of Missouri, Abu Bakr Baira, University of Benghazi, Benghazi]"}, "174": {"llama": "[Ali Nikzad, Iran University of Science and Technology, Iran, Kahn-e Qazi, Kuhsaran District, Hoseynabad-e Darani]"}, "175": {"llama": "[F\u0131nd\u0131kl\u0131 Rize, Eastern European Summer Time, Tronba, Village]"}, "176": {"llama": "[Don Moen, Word Records, 4Him, Chapter One... A Decade]"}, "177": {"llama": "[Shahrak-e Bardbaran, Iran Daylight Time, Abzalu, Tanbaku Kar-e Ebrahim]"}, "178": {"llama": "[One Froggy Evening, Abe Levitow, One Froggy Evening, Edward Selzer, Bugs and Thugs]"}, "179": {"llama": "[Diana Cidre, Cane (TV series), Nestor Carbonell, Dead Is Dead]"}, "180": {"llama": "[Paul Wunderlich, J\u00f6rg Schmeisser, Nazi Germany, Sturzkampfgeschwader 2]"}, "181": {"llama": "[Acacia microneura, Eudicots, Suessenguthiella caespitosa, Molluginaceae, Mollugo, Angiosperms, Tetrameles]"}, "182": {"llama": "[Konar Balut, Iran Standard Time, Iran, Ijrud County, Central District (Ijrud County), Ijrud-e Bala Rural District, Chataz Ijrud]"}, "183": {"llama": "[Diameter: 2, Path: Mitchel Musso, Hey (Mitchel Musso song), Pop music]"}, "184": {"llama": "[Aspects of the Sensual World, Columbia Records, Hillbilly Girl with the Blues]"}, "185": {"llama": "[Harvard Business School, William Agee, Boise State University, Butch Otter, David H. Leroy, University of Idaho, Herman Welker]\n\nThe diameter of the graph is 6, and the longest shortest path is from Harvard Business School to Herman Welker, passing through the entities listed above."}, "186": {"llama": "[MOGAS Group, United Arab Emirates, Majid Al Futtaim Group, Property, Unibail-Rodamco]"}, "187": {"llama": "[The diameter of the graph is 3, and the corresponding path is: Frank Butler (writer), Strictly Unconventional, Ernest Torrence, The Unholy Night]"}, "188": {"llama": "[Category 5 Records, United States, San Jose California, HGST]"}, "189": {"llama": "[Spintires, Microsoft Windows, Turok: Evolution, Turok (series), Turok: Dinosaur Hunter, Bram Stoker's Dracula (video game), Action game, Puzzle video game, Candace Kane's Candy Factory, Crash: Mind over Mutant, Nintendo DS, Destineer]\n\nThe diameter of the graph is 11."}, "190": {"llama": "[Paul Bales, 3 Musketeers (film), Alan Rachins, Showgirls]"}, "191": {"llama": "[Michael Bolton, Bolton Swings Sinatra, Pop (music), (Love) Compared with You]"}, "192": {"llama": "[Tovomitopsis, Eudicots, Hypericum boreale, Nathaniel Lord Britton]"}, "193": {"llama": "[Georg Lammers, Butjadingen, Wesermarsch, Michael Steinbach]"}, "194": {"llama": "[Dalbergia peltieri, Eudicots, Acacia xanthina, Plant]"}, "195": {"llama": "[Lo Esencial de Ricardo Arjona, Ricardo Arjona, Mojado (song)]"}, "196": {"llama": "[Living Proof (film), Halli Cauthery, Film score]"}, "197": {"llama": "[Diameter: 3, Path: Bulgaria, Vladimir Vladimirov, FC Sportist Svoge]"}, "198": {"llama": "[Dinesh Babu, Laali, Vishnuvardhan (actor), Simha Gharjane]"}, "199": {"llama": "[Church of England, Edward Rugumayo, Kyenjojo, Toro sub-region, Fort Portal, Uganda]"}, "200": {"llama": "[Co-Co (band), Bucks Fizz (band), Speedy Haworth]\n\nThe diameter of the graph is 2, which is the maximum distance between any pair of nodes. The longest shortest path is from Co-Co (band) to Speedy Haworth, which passes through Bucks Fizz (band)."}, "201": {"llama": "[Daland Rural District, Turan-e Fars, Iran Standard Time, Gomeyn  East Azerbaijan]"}, "202": {"llama": "[Cicagna, Italy, Giuditta Pasta]"}, "203": {"llama": "[Salim-Sulaiman, Wonder Pets, Jennifer Oxley, Go Baby!, Josh Selig, Television director]"}, "204": {"llama": "[English American, Cynthia Ann Parker, Quanah Parker, Herman Lehmann]"}, "205": {"llama": "[Borj-e Ziad, Iran, Kozanaq]"}, "206": {"llama": "[1Q84, Alternate history, The Sunrise Lands, Science fiction, Dies the Fire]"}, "207": {"llama": "[Talisia, Talisia setigera, Ludwig Adolph Timotheus Radlkofer, Paullinia navicularis, Paullinia]"}, "208": {"llama": "[Garage rock, The Rocks Crumble, Interstellar Discussion, Corwood Industries]"}, "209": {"llama": "[Diameter: 3, Path: Hapoel Ramat Gan, Ronen Harazi, Golan Hermon, West Bank]"}, "210": {"llama": "[ Mohamed Benkhemassa, Midfielder, Mehrdad Karimian, Pas Hamedan F.C., Mohsen Rabiekhah ]"}, "211": {"llama": "[Iran, Yusef Deh, Rudboneh Rural District, Kanaf Gurab]"}, "212": {"llama": "[Danny Schofield, Bradford Park Avenue A.F.C., David Steele (footballer), Armadale F.C.]"}, "213": {"llama": "[Yaaron Ki Baraat (TV series), India, Kilukil Pambaram, Kaveri (actress)]"}, "214": {"llama": "[Mourtala Diakit\u00e9, Mali, Pulaar language]"}, "215": {"llama": "[Shaun Carey, Norwich City F.C., Keith Robson, Leicester City F.C., Tony Knapp]"}, "216": {"llama": "[Typhinellus labiatus, Animal, Arthropod, Heterogymna, Lepidoptera]"}, "217": {"llama": "[Aerospace engineering, Bhrigu Nath Singh, Ballia, Uttar Pradesh]"}, "218": {"llama": "[New Mexico, Rolf Cahn, Guitar, Roy Gaines, Chuck Willis, Atlantic Records]"}, "219": {"llama": "[Terence Fisher, Four Sided Triangle, Maurice Rootes]"}, "220": {"llama": "[Dominic Burns, Jack Falls, Neil Maskell, Hyena (2014 film)]"}, "221": {"llama": "[Anel Raskaj, SFR Yugoslavia, Momir Desnica, Apatin, \u017divorad Smiljani\u0107]\n\nThe diameter of the graph is 4, and the corresponding path is Anel Raskaj -> SFR Yugoslavia -> Momir Desnica -> Apatin -> \u017divorad Smiljani\u0107."}, "222": {"llama": "[The diameter of the graph is 3, and the corresponding path is: Guitar Pete Franklin, Songwriter, Chedda Da Connect, Trap Niggas]"}, "223": {"llama": "[Friday the 13th Part VI: Jason Lives, Darcy DeMoss, Los Angeles]"}, "224": {"llama": "[Welcome to Sky Valley, Sound City Studios, The Hunter (Mastodon album), Atlanta, Adult Swim]"}, "225": {"llama": "[ Fran\u00e7ois Marie Daudin, Euphrates softshell turtle, Chordata, P\u00e1tzcuaro chub, Cypriniformes ]"}, "226": {"llama": "[Infomercial, KZAK-LD, United States, Bergen County  New Jersey, Ridgewood  New Jersey, Peter Carlisle, UCLA School of Law, Dale A. Drozd]"}, "227": {"llama": "[James Cluskey, Dublin, Republic of Ireland, Rory Keane]"}, "228": {"llama": "[Galikash County, Iran Standard Time, Qaleh-ye Harasam, Kermanshah Province, Hojr Rural District, Elayiyeh]"}, "229": {"llama": "[Ami Dolenz, Micky Dolenz, These Are the Days (TV series), Jackie Earle Haley]"}, "230": {"llama": "[DJ Dahi, Hip hop music, Fade Away (Logic song)]"}, "231": {"llama": "[Ontario, Kelly Hoppe, Mr. Chill and The Witnesses, Blues, Wynonie Harris]"}, "232": {"llama": "[Ramrachathirat, Ramesuan (king of Ayutthaya), Intharacha (king of Ayutthaya), Borommarachathirat II, Borommatrailokkanat]"}, "233": {"llama": "[City of London, A1 road (Great Britain), M62 motorway]"}, "234": {"llama": "[Jack McClinton, San Antonio Spurs, Ryan Richards]"}, "235": {"llama": "[Anthemis arvensis, Asterids, Hebe stricta]"}, "236": {"llama": "[Russia, Tycoon (2002 film), Germany, Mathias Surmann]"}, "237": {"llama": "[Modravan, Central District (Baft County), Gughar Rural District, Gonbad-e Mahuiyeh, Kerman Province, Road 84 (Iran), Road 91 (Iran), Kahnuj]"}, "238": {"llama": "[ Vasyl Shpuk, Staryi Sambir Raion, Khyriv, Ukraine, Kovel ]"}, "239": {"llama": "[M\u00f8re og Romsdal, Dalsnibba, Norway, Liberation of Finnmark]"}, "240": {"llama": "[Pop music, Stronger (Agnes album), Agnes Carlsson, Singing, Cody Votolato, Seattle]"}, "241": {"llama": "[Jay Parini, United States, Bess Truman, Clifton Daniel, Manhattan New York, Bad Girl (Madonna song), Erotica (Madonna album)]"}, "242": {"llama": "[Mr. Soul, Buffalo Springfield Again, Stephen Stills, Atlantic Records, David Crosby, Triad (The Byrds song), V\u00e9ronique Sanson]"}, "243": {"llama": "[Post-punk, Matt Jaffe, Singing, Vetcho Lolas, Multi-instrumentalist, Sailor & I]"}, "244": {"llama": "[Dove Cameron, Washington (state), Marcus Chong, Panther (film), Bokeem Woodbine, Strapped]"}, "245": {"llama": "[Seibu Kaihatsu, Dynamite Duke, Ice Age 2 (video game)]"}, "246": {"llama": "[Diameter: 3, Path: Dee Anthony, Rock music, Walls and Bridges, Number 9 Dream]"}, "247": {"llama": "[Malacoctenus erdmani, Labrisomidae, Starksia lepicoelia, James Erwin B\u00f6hlke, Coralliozetus angelicus, Animal]"}, "248": {"llama": "[Kureh Bolagh, Iran Standard Time, Qeshlaq-e Khanlu]"}, "249": {"llama": "[Ralph Rinzler, Home Again! (Doc Watson album), Studio album, A Question of Time (album), Somethin Els]"}, "250": {"llama": "[Sumatran chocolate tiger, Arthropoda, Podalonia, Podalonia hirsuta, Giovanni Antonio Scopoli]"}, "251": {"llama": "[Ontario, Duke Harris, Sarnia]"}, "252": {"llama": "[Defender (football), Rafael Amaya (soccer), Colorado Foxes, Derek Sanderson (soccer), Midfielder]"}, "253": {"llama": "[Marxism, Oromo Peoples' Democratic Organization, Addis Ababa, Ethiopian Navy]"}, "254": {"llama": "[Diameter: 3, Path: M-18 highway (Montenegro), Plu\u017eine, Montenegro, Lake Piva]"}, "255": {"llama": "[Central European Summer Time, Manises, Claudio Barrag\u00e1n, Levante UD, Duda (Portuguese footballer), Midfielder, Alvin Fortes]"}, "256": {"llama": "[The diameter of the graph is 2, and the corresponding path is [Hip hop music, Madvillainy, Madvillain].]"}, "257": {"llama": "[Pyotr Kolodin, Soviet Union, Tupolev Tu-160, Russia, Yury Gusov]"}, "258": {"llama": "[John Nicks, Michael Christian Martinez, Ilia Kulik, Tatiana Tarasova, Ruslan Honcharov]"}, "259": {"llama": "[Diameter: 2, Path: Demochroa, Arthropod, Chalcophlocteis]"}, "260": {"llama": "[Lukas J\u00e4ger, Defender (association football), Ulrich Wilson, FC Volendam]"}, "261": {"llama": "[Oleh Skrypka, Schlager, Ljuva sextital, Brita Borg]"}, "262": {"llama": "[Virginia Shehee, Southern Methodist University, James M. Collins, World War II]"}, "263": {"llama": "[Diameter: 3, Path: Democratic Party (United States), William Howard Thompson, Arthur Capper, William Yoast Morgan]"}, "264": {"llama": "[Noel C. Taylor, World War II, Battle of Britain, Klaus H\u00e4berlen, German occupation of Czechoslovakia, Hans Bergen, Josef Karl]"}, "265": {"llama": "[Sheikh Rajab Ali, Sheikh Ali Madad, Muhammad Nawaz Irfani, Kamran Akmal]"}, "266": {"llama": "[Dancing in the Street (album), Goin' Latin, Ramsey Lewis, An Hour with the Ramsey Lewis Trio]"}, "267": {"llama": "[United States, Canton (village) New York, North American Eastern Time Zone]"}, "268": {"llama": "[David H. M. Brooks, 20th-century philosophy, Hans-Georg Gadamer, Germany, D\u00fcsseldorf, D\u00fcsseldorfer Automobil- und Motorsport-Club 05, Klaus Allofs]"}, "269": {"llama": "[Felix Schlag, United States, Hamburg Pennsylvania]"}, "270": {"llama": "[Garlan, France, David Vendetta]"}, "271": {"llama": "[Elizabeth I of England, Eighty Years' War, County of Flanders, Philip the Good]"}, "272": {"llama": "[Fatspine spurdog, Chordate, Lined lanternshark]"}, "273": {"llama": "[L. A. Ring, Denmark, Martin S. Jensen, Odense BK, Richard M\u00f8ller Nielsen, B 1909, Svendborg fB]"}, "274": {"llama": "[Sturm Graz, Milan Dudi\u0107, FK Sloga Kraljevo, Neboj\u0161a Vukoji\u010di\u0107, List of Serbian football transfers summer 2016, Alen Ma\u0161ovi\u0107]"}, "275": {"llama": "[ Pesac, Romania, Florin Constantinovici, Hapoel Tzafririm Holon F.C. ]"}, "276": {"llama": "[Mazraeh-ye Shahid Chamran, Iran, Nowabad  Razavi Khorasan, Ghazali Rural District]"}, "277": {"llama": "[Haute-Sa\u00f4ne, Amblans-et-Velotte, Franche-Comt\u00e9]"}, "278": {"llama": "[Law, Lasantha Wickrematunge, Colombo, Alston Koch]"}, "279": {"llama": "[Germany, Chris Jones (singer-songwriter), Reinhard Mey, Wie vor Jahr und Tag]"}, "280": {"llama": "[Jeotgalicoccus coquinae, Bacteria, Actinomycetales, Kribbella, Nocardioidaceae, Nocardioides ginsengisoli]"}, "281": {"llama": "[Duke Ellington, Piano in the Background, Album, No Compromise]"}, "282": {"llama": "[Dhankuta, Dhankuta District, Nepal, Marwari language]"}, "283": {"llama": "[Ghost Town DJ's, So So Def Recordings, Baby Makin' Project, Contemporary R&B, Christmas Gift (EP), Alexandra Burke, Will Young]"}, "284": {"llama": "[Henry Fielding, John Fowles, Susanna Clarke, Fantasy]"}, "285": {"llama": "[Helga Anders, Tattoo (1967 film), Johannes Schaaf, Trotta (film), Maximilian Schell]"}, "286": {"llama": "[Edurmaneli Ganda Pakkadmaneli Hendthi, Shashikumar, Baa Nanna Preethisu, Siddalingaiah, Bhootayyana Maga Ayyu, G. K. Venkatesh]"}, "287": {"llama": "[Doliops basilana, Animal, Eurema mandarinula, Lepidoptera]"}, "288": {"llama": "[Duke Special, Alternative rock, Chamber pop, Jeffrey Luck Lucas, Gary Indiana, Ted Karras Sr, Los Angeles Rams, Sean Landeta, Punter (American football), Bryan Barker]\n\nThe diameter of the graph is 9, and the longest shortest path is from Duke Special to Bryan Barker, passing through the mentioned entities."}, "289": {"llama": "[Art\u00e9s, Spain, Nacho Mart\u00ednez]"}, "290": {"llama": "[Fendels, Austria, Daniel Sch\u00fctz, Mooskirchen]"}, "291": {"llama": "[Trillium cernuum, Monocots, Bentinckia condapanna, Commelinids, Flowering plant, Hieracium villosum, Hieracium]"}, "292": {"llama": "[Musician, Cheo Hurtado, Musician, D. Scott Rogo, Los Angeles]"}, "293": {"llama": "[Futabayama Sadaji, Japan, Itochu, Osaka, Minmi, Reggae, Hip hop music, Silkski]"}, "294": {"llama": "[Record producer, Rachael Lampa, Rachael Lampa (album), More (Crystal Lewis album), Contemporary Christian Music]"}, "295": {"llama": "[Animal, Arthropod, Oxycera, Oxycera dives]"}, "296": {"llama": "[Eucalyptus youmanii, Plantae, Eucalyptus tricarpa, Eucalyptus, Rosid]"}, "297": {"llama": "[Pat O'Brien (actor), Devil Dogs of the Air, Warner Bros., Act One (film), Arthur J. Ornitz, Badge 373]"}, "298": {"llama": "[Niederviehbach, Dingolfing-Landau, Moosthenning]"}, "299": {"llama": "[Just Good Friends (song), Epic Records, The Day (Babyface album), MTV Unplugged NYC 1997]"}, "300": {"llama": "[University of Edinburgh, Doug Naysmith, Yale University]"}, "301": {"llama": "[D1 motorway (Slovakia), Ko\u0161ice, Tom\u00e1\u0161 Medve\u010f, \u0160K Slovan Bratislava, Tom\u00e1\u0161 St\u00fapala, Slovakia national football team, Jaroslav Timko, Czechoslovakia national football team]"}, "302": {"llama": "[50th Battalion (Calgary) CEF, Battle of Lens, George Edwin Ellison]"}, "303": {"llama": "[Harlington Shereni, Rhodesia, Harlington Shereni, En Avant Guingamp, Christophe Lestrade, Bordeaux]"}, "304": {"llama": "[Diameter: 3, Path: Giuseppe Patroni Griffi, Italy, Lombardy, Pigra]"}, "305": {"llama": "[Alberto Eliani, Udinese Calcio, Alem\u00e3o (footballer born 1989), Santos FC]\n\nThe diameter of the graph is 3, and the longest shortest path is from Alberto Eliani to Santos FC, passing through Udinese Calcio and Alem\u00e3o (footballer born 1989)."}, "306": {"llama": "[Science Fiction, Gregory Benford, Alternate Empires, English language, Alternate Americas]"}, "307": {"llama": "[Diameter: 3, Path: Athan Hilaki, Keyboards, Jeff Bass, Eminem]"}, "308": {"llama": "[Ali Shaheed Muhammad, Brown Sugar (D'Angelo album), Contemporary R&B, Hard II Love, Rivals (Usher song), Music download, Football Song (song)]"}, "309": {"llama": "[Gladiators Seven, Tony Russel, War of the Planets (1966 film), Film, Icon Productions, The Iron Lady (film), Thomas Newman]\n\nThe diameter of the graph is 6, and the longest shortest path is from Gladiators Seven to Thomas Newman, passing through the mentioned entities."}, "310": {"llama": "[Arthropod, Aphelinus mali, Aphelinidae, Botryoideclava]"}, "311": {"llama": "[Associa\u00e7\u00e3o Atl\u00e9tica Ponte Preta, Som\u00e1lia (footballer born 1984), Defender (association football), Neil Cox (footballer), Middlesbrough F.C.]"}, "312": {"llama": "[Ulrike Maier, Bavaria, Totnansberg, Bad Kissingen (district), Schondra]"}, "313": {"llama": "[Christian Democracy (Italy), Carlo Giovanardi, Modena, Isabella d'Este  Duchess of Parma, Maria Caterina Farnese, Maria d'Este]"}, "314": {"llama": "[China, Longtan Dam, Guangxi, Xiang Chinese]"}, "315": {"llama": "[Rock music, Political Science (song), Randy Newman, Reprise Records, Rainy Day People]"}, "316": {"llama": "[Slash Records, Copperopolis (album), Warner Music Nashville, Once Again It's Christmas]\n\nThe diameter of the graph is 4, and the longest shortest path is from Slash Records to Once Again It's Christmas, passing through Copperopolis (album) and Warner Music Nashville."}, "317": {"llama": "[Album, Raffa\u00ebla (album)] or [Album, Cloudland (album), Post-punk]"}, "318": {"llama": "[Lesser Poland Voivodeship, Ojc\u00f3w Castle, Lesser Poland Voivodeship, Zygodowice, Village, Urbanki]"}, "319": {"llama": "[Mark Scott (actor), Burbank California, Walt Disney Animation Studios, Film industry, Broken Wall Films]"}, "320": {"llama": "[Casey Affleck, Joaquin Phoenix, Ladder 49, Robert Patrick]"}, "321": {"llama": "[Acoustic music, Keepin' the Horse Between Me and the Ground, Seasick Steve, Oakland California]"}, "322": {"llama": "[Erftstadt, Carl Schurz, James A. Garfield, Major general (United States), John A. Quitman, John Isaac Guion]"}, "323": {"llama": "[Christopher Zanella, Waldshut-Tiengen, Karl-Friedrich Merten, Niobe (schooner)]"}, "324": {"llama": "[Magdalena Municipality Beni, Bolivia, Huacaraje]"}, "325": {"llama": "[Yvon Goujon, Stade Rennais FC, Fran\u00e7ois Grenet, FC Girondins de Bordeaux, Nicolas Pallois]"}, "326": {"llama": "[Heropanti, Parugu, Vijay C Chakravarthy] or [Puri Jagannadh, Desamuduru, Allu Arjun, Parugu, Vijay C Chakravarthy] or [Dil Raju, Parugu, Vijay C Chakravarthy]"}, "327": {"llama": "[Malvales, Phaleria perrottetiana, Angiosperms]"}, "328": {"llama": "[Clube Atl\u00e9tico Penapolense, Francismar Carioca de Oliveira, Kawasaki Frontale, Rui Komatsu, List of Japanese football transfers winter 2014\u201315]"}, "329": {"llama": "[Phytophthora medicaginis, Incertae sedis, Hoplestigma, Hoplestigma pierreanum]"}, "330": {"llama": "[Songkhla United F.C., Kim Tae-young (footballer born 1982), Busan IPark, Kevin James (Scottish footballer), Heart of Midlothian F.C.]"}, "331": {"llama": "[Silesia, Horst Weigang, East Germany national football team, Ulf Kirsten, Germany national football team]"}, "332": {"llama": "[John Mariucci, United States, Florida, Celebration Florida]"}, "333": {"llama": "[Yevgeni Tyukalov, Striker (association football), Konstantin Nahk]"}, "334": {"llama": "[Diatraea lativittalis, Insect, Animal, Gazoryctra, Gazoryctra confusus]"}, "335": {"llama": "[URS Corporation, Construction, Hip Hing Construction, NWS Holdings, People's Republic of China]"}, "336": {"llama": "[Phytophthora phaseoli, Incertae sedis, Piprites]"}, "337": {"llama": "[Paul Pressler (Texas), Democratic Party (United States), United States, Bowne  New Jersey]"}, "338": {"llama": "[Erigeron aphanactis, Eudicots, Zanthoxylum oahuense, Rutaceae, Meyer lemon]"}, "339": {"llama": "[2/2nd Commando Squadron (Australia), Bernard Callinan, Second World War, Gordon Macready]"}, "340": {"llama": "[Kako to da svaki dan?, Album, Azazel: Book of Angels Volume 2]"}, "341": {"llama": "[Disney's Party, Nintendo GameCube, Viewtiful Joe: Red Hot Rumble, Fighting game, Championship Wrestling (video game)]"}, "342": {"llama": "[Manushya Mrugam (1980 film), Baby (director), Sapthaswaragal, Thikkurissi Sukumaran Nair, Madhuram Thirumadhuram, Raghavan (actor), Kandavarundo, Malayalam Language]"}, "343": {"llama": "[Edmonton Oilers, Clark Gillies, Saskatchewan, Coronach/Scobey Border Station Airport, Scobey Montana, Daniels County Montana, Montana, Virginia City Montana]\n\nThe diameter of the graph is 7, which is the length of the longest shortest path between any two nodes. In this case, the longest shortest path is between Edmonton Oilers and Virginia City Montana, and it passes through the nodes listed above."}, "344": {"llama": "[Justine Lumumba Kasule, Kampala, Simon Lokodo, LGBT rights]"}, "345": {"llama": "[India, Ranjith (actor), Thambikku Indha Ooru, Badri (director)]"}, "346": {"llama": "[Rosalind Cash, Melinda (film), Lonne Elder III, Americus  Georgia, Hugh Carter, Plains  Georgia]"}, "347": {"llama": "[Abel Gigli, Parma F.C., 2007\u201308 Parma F.C. season, 2007\u201308 Serie A, 2007\u201308 A.C. Milan season, 2008\u201309 A.C. Milan season]"}, "348": {"llama": "[Diameter: 3, Path: Palestinian Haitians, Islam, Cel\u00e2l Bayar]"}, "349": {"llama": "[Bromus arizonicus, Angiosperms, Tillandsia purpurea]"}, "350": {"llama": "[NBC, Maya (TV series), MGM Television, A Man Called Shenandoah]"}, "351": {"llama": "[Dastgerdan Rural District, Mobasherabad, Tabas County, Dehnow-ye Fatemeh Barat]"}, "352": {"llama": "[Scottish-Indian, Irish Indians, Catholicism, Anne M. Gannon, Barry University, Troy Edwards (soccer), United States, Democratic Party (United States)]"}, "353": {"llama": "[Massachusetts Institute of Technology, Frank A. McClintock, Massachusetts Institute of Technology, Joel Moses, Marvin Minsky]"}, "354": {"llama": "[Frozen (Tami Chynn song), SRC Records, Push (Pharoahe Monch song), Funk]"}, "355": {"llama": "[Ottavio Alessi, A Woman Alone (1956 film), Ettore Manni, La Bidonata, Luciano Ercoli, Nieves Navarro, Emanuelle and the Last Cannibals, Donald O'Brien (actor)]"}, "356": {"llama": "[Hello Down There, Charlotte Rae, Milwaukee Wisconsin, John W. Reynolds Jr., Democratic Party (United States)]"}, "357": {"llama": "[Ivanhoe (1982 film), CBS, The Waltons, Warner Bros. Television, Justice (2006 TV series)]"}, "358": {"llama": "[55th Illinois Volunteer Infantry Regiment, Battle of Shiloh, American Civil War, Siege of Vicksburg, 15th Arkansas Infantry Regiment (Northwest), Battle of Pea Ridge, Sterling Price]"}, "359": {"llama": "[Valeri Aleksandrovich Sorokin, FC Spartak Kostroma, Stanislav Khan, FC Torpedo Armavir]"}, "360": {"llama": "[Thiago Cardoso, S.C. Beira-Mar, Lu\u00eds Pimenta, C.F. Uni\u00e3o de Coimbra]"}, "361": {"llama": "[Pandan cake, Singapore, Tan Wu Meng]"}, "362": {"llama": "[Flowering plant, Hibiscadelphus woodii, Malvales, Parashorea, Angiosperms]"}, "363": {"llama": "[Animal, Dorcadion chopardi]"}, "364": {"llama": "[Drew McWeeny, John Carpenter's Cigarette Burns, Fair-Haired Child, Matt Greenberg]"}, "365": {"llama": "[Adrien Ren\u00e9 Franchet, Strophanthus thollonii, Plant, Hemandradenia mannii]"}, "366": {"llama": "[FC Alania Vladikavkaz, Vasili Kulkov, Thiago Maciel, Brazil, Emerson Pereira, S\u00e3o Paulo FC]"}, "367": {"llama": "[Thoroughbred horse racing, Rancocas Farm, United States, Monroe Iowa, Iowa]"}, "368": {"llama": "[Animal, Arthropod, Cladomyrma, Hymenoptera, Cataulacus]"}, "369": {"llama": "[Scopoli's shearwater, Chordata, Animalia, Bolivian brush finch, Passeriformes]"}, "370": {"llama": "[Emblemariopsis randalli, Perciformes, Atrosalarias holomelas]"}, "371": {"llama": "[FC Homburg, Ragnar Margeirsson, Iceland, \u00c1smundur Sveinsson, Reykjav\u00edk, Au\u00f0ur J\u00f3nsd\u00f3ttir]"}, "372": {"llama": "[Doug Collins (footballer), Sunderland A.F.C., Ronald Brebner]"}, "373": {"llama": "[Valentinus (Gnostic), Saint Valentine, Grimacco, Province of Udine, Pulfero]"}, "374": {"llama": "[Appenzeller Kantonalbank, Switzerland, Neuhausen am Rheinfall, Thomas Minder, Jean-Fran\u00e7ois Rime]"}, "375": {"llama": "[Valdivia River, Argentina, Buenos Aires, La Boca, Boca Juniors]"}, "376": {"llama": "[D.Don, Lilium nepalense, Plantae, Lilium, Lilium longiflorum]"}, "377": {"llama": "[Music Corporation of America, Copperhead Road, Country, Americana (music), Exit 0, Nashville  Tennessee]\n\nThe diameter of the graph is 6, and the longest shortest path is from Music Corporation of America to Nashville  Tennessee, passing through Copperhead Road, Country, Americana (music), and Exit 0."}, "378": {"llama": "[Corrimal High School, Secondary school, Lakewood High School (Florida), Tom Carter (American football)]"}, "379": {"llama": "[Epic Records, The Darling Buds, Native Records]"}, "380": {"llama": "[James H. Nicholson, Pajama Party (film), Jerry Styner, Mitchell (film), Joel Robinson, The Giant Gila Monster]"}, "381": {"llama": "[Deutsche Schule Lissabon, Lisbon, Miguel Lopes, FC Porto]"}, "382": {"llama": "[Hereford United F.C., Keith Fear, Bristol City F.C.]"}, "383": {"llama": "[Leslie Orme Wilson, John Lavarack, Leslie Orme Wilson, Second Boer War, Denbighshire Hussars, Yeomanry]"}, "384": {"llama": "[Ratchet & Clank Future: Tools of Destruction, Platform game, New Super Mario Bros. Wii, Super Mario]"}, "385": {"llama": "[West Somerset, British Summer Time, Arun, River Arun, West Sussex, Southwater railway station]"}, "386": {"llama": "[Suplacu de Barc\u0103u, Romania, Gilort]"}, "387": {"llama": "[ Nehemia Solossa, Forward (association football), Nagmetulla Kutibayev, Xorazm FK Urganch, Neftchi Farg'ona, Timur Kapadze, Uzbekistan national football team, Server Djeparov, FC Bunyodkor ]"}, "388": {"llama": "[Dil Tera Aashiq  Dil Tera Aashiq  1, Nadeem-Shravan, Jeevan Yudh, Partho Ghosh]"}, "389": {"llama": "[Chahar Hadd, Iran, Katamak  Hirmand]"}, "390": {"llama": "[Diameter: 2, Path: Insect, Crambidae, Talanga iridomelaena]"}, "391": {"llama": "[Anchovy, Clupeiformes, Australian sprat, Chordata]"}, "392": {"llama": "[\u00dcnal Alpu\u011fan, Midfielder, Pl\u00e1cido Galindo, Universitario de Deportes]"}, "393": {"llama": "[Podlehnik, Central European Time, Montenegro, Igalo]"}, "394": {"llama": "[Dermateaceae, Diplocarpon, Ascomycetes, Rhabdocline]"}, "395": {"llama": "[Biscayne Point, Eastern Time Zone, Saint-Paul-de-Montminy  Quebec, Quebec Route 216]"}, "396": {"llama": "[Arkansaw Wisconsin, Wisconsin, Milwaukee, Marquette University College of Engineering, Urban area, Coll\u00e8ge Stanislas (Quebec), Wandrille Lef\u00e8vre]"}, "397": {"llama": "[Spread (food), Tirokafteri, Oregano, Menudo (soup)]"}, "398": {"llama": "[Kalateh-ye Mian, Chenaran Rural District, Rural Districts of Iran, Soltaniyeh Rural District, Mihman-e Shahr Soltaniyeh]"}, "399": {"llama": "[Songwriter, Larry Wallis, Gary Gilmore's Eyes, Elizabeth Davis (7 Year Bitch)]"}, "400": {"llama": "[Poales, Vriesea longicaulis, Vriesea, Vriesea pereirae]"}, "401": {"llama": "[Victoriya Yermolyeva, Ukraine, Klesiv, Urban-type settlement, Rokytne  Rivne Oblast, Rokytne Raion  Rivne Oblast]"}, "402": {"llama": "[Martin Proh\u00e1szka, Czechoslovakia, Prague, Josef Hladk\u00fd, Czech Republic, Ra\u0161\u00edn]"}, "403": {"llama": "[Plantae, Trichostema, Trichostema ovatum, Lamiales, Utricularia hamiltonii, Utricularia reticulata, Lentibulariaceae]"}, "404": {"llama": "[Tall-e Mishan, Iran, Zilayi Rural District, Lal-e Mina]"}, "405": {"llama": "[Authority Zero, Atlantic Records, Save You (Simple Plan song), Simple Plan]"}, "406": {"llama": "[Jennifer Rowe, The Isle of Illusion]"}, "407": {"llama": "[The diameter of the graph is 5, and the corresponding path is: Ethel Pedley, Australia, Grant Musgrove, Luke Woolmer, Royal Australian Navy]"}, "408": {"llama": "[German School of Guayaquil, Ecuador, Gal\u00e1pagos Islands, Floreana Island]"}, "409": {"llama": "[Lansdale Pennsylvania, Pennsylvania Route 63, Huntingdon Valley Pennsylvania]"}, "410": {"llama": "[The High Fructose Adventures of Annoying Orange, Rachel Bloom] has a distance of 1.\n[The High Fructose Adventures of Annoying Orange, Mike Fasolo] has a distance of 1.\n[Mike Fasolo, Robot Chicken: Star Wars Episode II] has a distance of 1.\n[The High Fructose Adventures of Annoying Orange, Mike Fasolo, Robot Chicken: Star Wars Episode II] has a distance of 2.\n[The High Fructose Adventures of Annoying Orange, Rachel Bloom, Mike Fasolo, Robot Chicken: Star Wars Episode II] is not a valid path because Rachel Bloom is not connected to Mike Fasolo or Robot Chicken: Star Wars Episode II.\n\nThe diameter of the graph is 2, and the corresponding path is [The High Fructose Adventures of Annoying Orange, Mike Fasolo, Robot Chicken: Star Wars Episode II]."}, "411": {"llama": "[Chinese people, Li Bin (diplomat), Kim Il-sung University, Choe Yong-rim]"}, "412": {"llama": "[Mithun Chakraborty, Aadmi (1993 film), Ajit Khan, Suraj (1966 film)]"}, "413": {"llama": "[Pinaki Misra, Indian National Congress, Darshan Singh Pheruman, Amritsar, Sawaare Sabke Sapne... Preeto]"}, "414": {"llama": "[Siluck Saysanasy, Laos, Hmong people, Buddhism, Kittiratt Na-Ranong]"}, "415": {"llama": "[FC Ingolstadt 04 II, Max Christiansen, Holstein Kiel, Francky Sembolo, FC St. Pauli]"}, "416": {"llama": "[T'ain't What You Do (It's the Way That You Do It), Chrysalis Records, Time Step (album), Singer-songwriter]"}, "417": {"llama": "[Sancho II of Portugal, Kingdom of Castile, Urraca of Le\u00f3n, Burgos]"}, "418": {"llama": "[Argentina, Wipeout (2009 Australian game show), Josh Lawson, Sea Patrol]"}, "419": {"llama": "[Dundalk F.C., Ian Foster (footballer), Forward (association football), Craig Reid (footballer born 1985), Aldershot Town F.C., Jake Cole]"}, "420": {"llama": "[Amaramth, Caryophyllales, Salsola, Eudicots, Baccharis malibuensis, Asterales, Verbesina villonacoensis]"}, "421": {"llama": "[Chah Mir Hormozgan, Ahmadi Rural District, Qalandari Hajjiabad, Ahmadi District]"}, "422": {"llama": "[2014\u201315 Oxford United F.C. season, Football League Two, 2004\u201305 Swansea City A.F.C. season, 2003\u201304 Swansea City A.F.C. season]"}, "423": {"llama": "[Daniel Rossen, Los Angeles, George Marshall (director), Life Begins at 40 (film), Thomas Beck (actor)]"}, "424": {"llama": "[Lucia Palacios, Cloven Hoofed, Dietmar Post, Play Loud! Productions]"}, "425": {"llama": "[Living in Style, Korean language, First Love (EP), Extended play, 456132015]\n\nThe diameter of the graph is 5, and the longest shortest path is from Living in Style to 456132015, passing through Korean language, First Love (EP), and Extended play."}, "426": {"llama": "[Cizeta, Giorgio Moroder, Danger Zone (song), Columbia Records]"}, "427": {"llama": "[Voices in the Earth, Jenny Agutter, China 9 Liberty 37, Giuseppe Rotunno, Red Sonja (film)]"}, "428": {"llama": "[Lee Garmes, Disraeli (1929 film), Warner Bros., The Millionaire (1931 film), George Arliss]"}, "429": {"llama": "[Tokyo Express, Battle of Cape Esperance, Charles McMorris, World War II]"}, "430": {"llama": "[The diameter of the graph is 2, and the corresponding path is [CMLL 70th Anniversary Show, Consejo Mundial de Lucha Libre, CMLL 71st Anniversary Show].]"}, "431": {"llama": "[Unicameral, Palestinian Legislative Council, Gaza City]"}, "432": {"llama": "[Ornontowice, Poland, W\u0105dro\u017ce Wielkie, Lower Silesian Voivodeship]"}, "433": {"llama": "[Alectryon repandodentatus, Plantae, Nasa jungifolia, Asterids]"}, "434": {"llama": "[Herbert Druce, Josia frigida, Lepidoptera, Notodontidae, Insect]"}, "435": {"llama": "[CBK-FM, Canadian Broadcasting Corporation, The Worst Witch (1998 TV series), Georgina Sherrington, Princeton University, Jim Marshall (Georgia politician)]"}, "436": {"llama": "[Clarinet Contrast, Theo J\u00f6rgensmann, Tzadik Records, Live in Sevilla 2000]"}, "437": {"llama": "[Albion Michigan, Jerome D. Mack, Karen Mack, Russell Goldsmith]"}, "438": {"llama": "[Anglican, William Joyce, National Socialist German Workers' Party, Albert Speer, Mannheim]"}, "439": {"llama": "[Diameter: 3, Path: Bolivia, Huayna Potos\u00ed, Andes, Antofalla]"}, "440": {"llama": "[Friedrich Lindenberg, Operation Barbarossa, Friedrich-Wilhelm Buschhausen, Battle of France, August Koch]"}, "441": {"llama": "[Conor O'Farrell, Primeval (Buffy the Vampire Slayer), Restless (Buffy the Vampire Slayer), Anne (Buffy the Vampire Slayer episode), Dead Man's Party (Buffy the Vampire Slayer)]"}, "442": {"llama": "[Contenders (song), Virgin Records, Nothing Changes Around Here]"}, "443": {"llama": "[Soviet Union, Vitali Prokhorov, Andriy Tovt, MFC Mykolaiv]"}, "444": {"llama": "[The Eighties (miniseries), CNN, Jake Tapper, Jonathan Karl, Emmy Award]"}, "445": {"llama": "[Chromodoris willani, Animal, Arthropod, Cychrus, Cychrus attenuatus, Johan Christian Fabricius]"}, "446": {"llama": "[Depressariidae, Arthropod, Animal, Siebenrockiella, Geoemydinae, Fujian pond turtle]"}, "447": {"llama": "[Dana Howard (American football), Chicago Bears, Paul Edinger, Pittsburgh Power]"}, "448": {"llama": "[DXMF, News, Redding News Review, Rob Redding, Lewis Gordon]"}, "449": {"llama": "[The diameter of the graph is 4, and the corresponding path is: Bengaluru, Vijay Raghavendra, Khushi (2003 Kannada film), Avinash, Doddmane Hudga]"}, "450": {"llama": "[Dino Stamatopoulos, TV Funhouse, Saturday Night Live, Sports Show with Norm Macdonald]"}, "451": {"llama": "[Wilhelm Brasse, Poland, Go\u015bcino]"}, "452": {"llama": "[Politician, Felipe Amoedo, Catholicism]"}, "453": {"llama": "[Jack Gaughan, The 1976 Annual World's Best SF, Paperback, Escape!, Magazine]\n\nThe diameter of the graph is 5, and the longest shortest path is from Jack Gaughan to Magazine."}, "454": {"llama": "[The Crazy Companies, Andy Lau, Philips Records, Seasons in the Sun, Jacques Brel, Marieke (album)]"}, "455": {"llama": "[Rockwell Kent, Lenin Peace Prize, Oscar Niemeyer, Pritzker Prize]"}, "456": {"llama": "[Debbi Morgan, Color of the Cross, 20th Century Fox, Conan the Barbarian (1982 film), Buzz Feitshans, Color of Night]"}, "457": {"llama": "[The Pirates Who Don't Do Anything: A VeggieTales Movie, Alan Lee (illustrator), Anke Ei\u00dfmann, Yamirukka Bayamen (TV series), Mythology, Robert Holdstock, The Bone Forest, Lavondyss]"}, "458": {"llama": "[John Butler (musician), Maton, Quincy Mumford]"}, "459": {"llama": "[FK Drnovice, Bronislav \u010cervenka, Czechoslovakia, Bronislav \u010cervenka, List of Azerbaijan football transfers summer 2012, P\u0101vels Doro\u0161evs, FK R\u012bga, Stanislav Kitto]\n\nThe diameter of the graph is 7, and the longest shortest path is from FK Drnovice to Stanislav Kitto, passing through the mentioned entities."}, "460": {"llama": "[Allan McDonald (Australian politician), Australia, Wangaratta, Isobelle Carmody]"}, "461": {"llama": "[Wiesbaden, Carl Remigius Fresenius, University of Gie\u00dfen, Viktor von Lang]"}, "462": {"llama": "[Qazanlu, West Azerbaijan Province, Kakusan]"}, "463": {"llama": "[Henrik Ibsen, A Master Builder, Declan Quinn]"}, "464": {"llama": "[Djibouti, French Navy, Embraer EMB 121 Xingu, Brazil]"}, "465": {"llama": "[Gene Harris, Boise  Idaho, Brett Nelson, Guitar]"}, "466": {"llama": "[Holcobius hawaiiensis, Arthropod, Animal, Selina (genus), Adephaga]"}, "467": {"llama": "[MIGI Clothing, Subsidiary, Mavic, France, Bosgu\u00e9rard-de-Marcouville]"}, "468": {"llama": "[1928-29 SK Rapid Wien season, Eduard Bauer, 1930-31 SK Rapid Wien season, Pfarrwiese, 1941\u201342 SK Rapid Wien season]"}, "469": {"llama": "[Breakbeat Era, Drum and bass, Tiki Taane, Six60 (album), Only to Be]"}, "470": {"llama": "[Giuseppe Orlandini, Florence, Benedetto Ghiglia, Tulips of Haarlem]"}, "471": {"llama": "[Shahsavan Kandi Rural District, Susan Naqin, Iran, Hormozgan Province, Chang  Iran, Central District (Bandar Lengeh County)]"}, "472": {"llama": "[Virovitica, Croatia, Igor Lazi\u0107 (ice hockey)]"}, "473": {"llama": "[Stade Briochin, Michel Rio (footballer), EA Guingamp, Mathieu Scarpelli]"}, "474": {"llama": "[Joseph Patrick Moore, Jazz, Jimmie Spheeris]"}, "475": {"llama": "[London Borough of Hackney, Dave McEwen, Striker (football), Ernest Schultz, Dalhunden]"}, "476": {"llama": "[Feinwerkbau, Private company, Digital Surf, Research and Development]"}, "477": {"llama": "[Shigeko Higashikuni, Japan, Sunao Kasahara, Grulla Morioka]"}, "478": {"llama": "[ Ruby Wax, Ed Bye, Hammersmith ]"}, "479": {"llama": "[Diameter: 4, Path: Cumberland University, James B. McCreary, Pat Spearman, Democratic Party (United States)]"}, "480": {"llama": "[OFC Nesebar, Ivan Tsachev, Emmanuel Baba]"}, "481": {"llama": "[Qaleh Emam, Iran, Basadi-ye Hajj Barun]"}, "482": {"llama": "[England, Goddard Lieberson, Manhattan  New York, Andrew Gross]"}, "483": {"llama": "[Conversation tart, J\u00e9suite] has a distance of 1.\n[Conversation tart, Dessert] has a distance of 1.\n[Conversation tart, Mississippi mud pie] has a distance of 2.\n[J\u00e9suite, Dessert] has a distance of 2.\n[J\u00e9suite, Mississippi mud pie] has a distance of 3.\n[Dessert, Mississippi mud pie] has a distance of 1.\n\nThe maximum distance is 3, and the corresponding path is [J\u00e9suite, Conversation tart, Dessert, Mississippi mud pie]."}, "484": {"llama": "[Amazing Stories (TV series), Anthology series, The Nightmare Room, Adventure]"}, "485": {"llama": "[France, Karim Achahbar, Morocco national under-17 football team, Stade Mohamed V, Casablanca]"}, "486": {"llama": "[Lu Tien-ling, Democratic Progressive Party, Hsu Hsin-liang, Huang Shin-chieh, Taiwan under Japanese rule, Chang Po-ya, National Taiwan University]"}, "487": {"llama": "[Diameter: 4, Path: Danville Illinois, Jerry Van Dyke, Annabelle's Wish, Brian Cummings, We Wish You a Merry Walrus]"}, "488": {"llama": "[Chevrolet TrailBlazer, Buick Rainier, Buick Envision]"}, "489": {"llama": "[Come Through for You, Chris DeStefano, Ready Set Roll, Chase Rice, Songwriter]"}, "490": {"llama": "[Omidiyeh Isfahan, Ardestan County, Iran Standard Time]"}, "491": {"llama": "[Geetha (actress), Peruvazhiyambalam, Ashokan (actor), Anantaram, M. B. Sreenivasan, Swathi Thirunal (film), Malayalam film]"}, "492": {"llama": "[Derek Muller, University of Sydney, David Warren (inventor), University of Melbourne, Andrew Theophanous]"}, "493": {"llama": "[Stonewall Jackson, Mary Anna Jackson, Lincoln County  North Carolina]"}, "494": {"llama": "[William Jackson Hooker, Liatris punctata, Plantae, Chamaeanthus, Epidendroideae]"}, "495": {"llama": "[Chinese history, \u00c9douard Chavannes, Paul Demi\u00e9ville, French people]\n\nThe diameter of the graph is 4, and the longest shortest path is from Chinese history to French people, passing through \u00c9douard Chavannes and Paul Demi\u00e9ville."}, "496": {"llama": "[James Wilson (New Zealand politician born 1849), Hawick, Hawick Royal Albert F.C., Willie MacFarlane (footballer born 1930), Livingston F.C.]"}, "497": {"llama": "[Como, Giuseppe Ambrosoli, Lira Uganda, Sam Engola, Politics]"}, "498": {"llama": "[Unipol Arena, Casalecchio di Reno, Laura Betti, Italy]"}, "499": {"llama": "[Diameter: 4, Path: Jabez Bowen, Congregational church, Daniel Littlefield, North Kingstown  Rhode Island, Dee Dee Myers]"}}