{"0": {"deepseek": "[Lund, Sweden, Eric Hermelin, Persian literature, Mehrdad Avesta]"}, "1": {"deepseek": "[Bob Chiarelli, Ottawa, Canada, United States]"}, "2": {"deepseek": "[Central European Time, Netherlands, Party for the Animals]"}, "3": {"deepseek": "[Jocelyn Roux, Servette FC, Christopher Routis, Ross County F.C., Mart\u00edn Prest]"}, "4": {"deepseek": "[Myophiomys, Mammal, Insular cave rat]"}, "5": {"deepseek": "[C\u00e9sar  Duke of Vend\u00f4me, Henry IV of France, French Wars of Religion, Siege of Rouen (1591)]"}, "6": {"deepseek": "[Arthropod, Animal, Lepidoptera]"}, "7": {"deepseek": "[Fourplay, Nathan East, Yamaha Corporation, Rogers Drums, United States]"}, "8": {"deepseek": "[Keepers of the Funk, Here Come the Lords, Flow On]"}, "9": {"deepseek": "[Saxophone, Jazz, Joe Zawinul]"}, "10": {"deepseek": "[1961 Belgian Grand Prix, Scuderia Ferrari, 1960 Italian Grand Prix, 1965 Mexican Grand Prix]"}, "11": {"deepseek": "[Paraguar\u00ed, Apolinor Jim\u00e9nez, Striker (association football)]"}, "12": {"deepseek": "[Polyphaga, Arthropod]"}, "13": {"deepseek": "[Noctuidae, Animal, Hexapoda]"}, "14": {"deepseek": "[Aristotle, Immanuel Kant]"}, "15": {"deepseek": "[The Holy Thief, Headline Publishing Group]"}, "16": {"deepseek": "[Kim Possible: A Sitch in Time, Adam Berry, Space Chimps 2: Zartog Strikes Back]"}, "17": {"deepseek": "[Space Vampires vs Zombie Dinosaurs in 3D, Comedy rock, Neil Innes]"}, "18": {"deepseek": "[Davina McCall, England, Rutland, Uppingham School]"}, "19": {"deepseek": "[FK Njego\u0161 Lov\u0107enac, Simo Kruni\u0107, Serbia national under-21 football team]"}, "20": {"deepseek": "[Hard rock, Blues rock]"}, "21": {"deepseek": "[Porcellio scaber, Porcellionidae, Arthropod, Beetle]"}, "22": {"deepseek": "[Florence Cathedral, Florence, Cosimo de' Medici]"}, "23": {"deepseek": "[Scrophulariaceae, Lamiales, Eudicots, Lacistemataceae]"}, "24": {"deepseek": "[480i, Amas de Casa Desesperadas (Argentine TV series), Argentina, Buenos Aires]"}, "25": {"deepseek": "[FC Volendam, Volendam, Netherlands, Central European Summer Time]"}, "26": {"deepseek": "[Gelechioidea, Cosmopterigidae, Insect, Mordellinae]"}, "27": {"deepseek": "[Danny Brocklehurst, Linda Green, Drama (genre)]"}, "28": {"deepseek": "[Nord-Pas-de-Calais, France, Mont Chaberton]"}, "29": {"deepseek": "[Joost Hoffscholte, Amsterdam, List of municipalities of the Netherlands]"}, "30": {"deepseek": "[Spiritual (music), Blues, The Tin Angel, Original Jazz Classics]"}, "31": {"deepseek": "[Can the Can, Mike Chapman]"}, "32": {"deepseek": "[Ezio Pinza, Italy, Bulgaria, Bogomil Dyakov]"}, "33": {"deepseek": "[Luciano Albertini, Lugo Emilia-Romagna, Giancarlo Ferretti]"}, "34": {"deepseek": "[Central District (Iranshahr County), Iranshahr County, Iran, Iran Standard Time]"}, "35": {"deepseek": "[Philadelphia Eagles, Norm Snead, San Francisco 49ers]"}, "36": {"deepseek": "[Drops of Jupiter (Tell Me), Rock (music)]"}, "37": {"deepseek": "[Zairil Khir Johari, Democratic Action Party, Tanjung Bungah, Penang Island City Council, Bayan Baru]"}, "38": {"deepseek": "[Lyubomir Kantonistov, Russia national football team, Petrovsky Stadium, FC Dynamo Saint Petersburg, Andrei Bovtalo, FC Dynamo Moscow]"}, "39": {"deepseek": "[Jubilee Hills, Hyderabad  Telangana, Azampura]"}, "40": {"deepseek": "[Puerto Rico, Ponce Puerto Rico, Epifanio \u201cFano\u201d Irizarry, National Academy Museum and School]"}, "41": {"deepseek": "[Iran, Amlash County, Central District (Amlash County)]"}, "42": {"deepseek": "[Pop music, Treasure (Bruno Mars song), Music download]"}, "43": {"deepseek": "[Lviv, 2015\u201316 FC Karpaty Lviv season, 2015\u201316 Ukrainian Premier League]"}, "44": {"deepseek": "[RoboCop (character), Joel Kinnaman, Suicide Squad (film), Ike Barinholtz]"}, "45": {"deepseek": "[Mazraeh-ye Mirza Taqi, Aran va Bidgol County, Hoseynabad  Aran o Bidgol]"}, "46": {"deepseek": "[2011 Cupa Rom\u00e2niei Final, Bra\u0219ov, CFR Cluj, Cornel Ene]"}, "47": {"deepseek": "[Actress, Malu Mader, Rio de Janeiro, S\u00e3o Paulo (state)]"}, "48": {"deepseek": "[Cathal Brugha, Dublin, Republic of Ireland, Charlie McGettigan]"}, "49": {"deepseek": "[Dunajec, Vistula, Krak\u00f3w]"}, "50": {"deepseek": "[Concord Music Group, Telarc International Corporation, United States]"}, "51": {"deepseek": "[Kal Masli, Iran, Murmuri Rural District]"}, "52": {"deepseek": "[Verdal, Norway]"}, "53": {"deepseek": "[Fabaceae, Rosids, Plantae, August Gustav Heinrich von Bongard]"}, "54": {"deepseek": "[West Germany, Bonn, Germany, RAF Geilenkirchen]"}, "55": {"deepseek": "[Ectatosia, Arthropod, Lumaria rhythmologa]"}, "56": {"deepseek": "[United States Air Force, Operation Enduring Freedom, United States Army, James C. Marshall, Distinguished Service Medal (U.S. Army)]"}, "57": {"deepseek": "[Johns Hopkins University, Pavel B\u00e9m, Prague, Czech Republic]"}, "58": {"deepseek": "[BBC Tees, North Yorkshire, Borough of Harrogate]"}, "59": {"deepseek": "[Eudicots, Grevillea]"}, "60": {"deepseek": "[Audio cassette, If (Janet Jackson song), Dance-pop, Synthpop]"}, "61": {"deepseek": "[Stuart Webster, Oakleigh Cannons, Heidelberg United]"}, "62": {"deepseek": "[Zhuang Jiajie, Zhao Xiaotian, Forward (association football)]"}, "63": {"deepseek": "[Eastern Time Zone, Charleston  South Carolina, William Haselden Ellerbe]"}, "64": {"deepseek": "[U.K., England, Jason Connery, Wishmaster 3: Beyond the Gates of Hell]"}, "65": {"deepseek": "[Today (Australian TV program), 1080i, Hoy (TV series)]"}, "66": {"deepseek": "[Politician, Arthur I. Boreman, Edwin Maxwell (attorney general), United States, Massachusetts]"}, "67": {"deepseek": "[Flumenthal, Attiswil, G\u00fcnsberg]"}, "68": {"deepseek": "[Salelologa, Samoa, Apia]"}, "69": {"deepseek": "[FC Spartak Trnava, Anton Sloboda, Podbeskidzie Bielsko-Bia\u0142a]"}, "70": {"deepseek": "[Austria-Hungary, Galicia (Eastern Europe), Battle of Limanowa]"}, "71": {"deepseek": "[Heliaster microbrachius, Heliaster, Heliaster solaris]"}, "72": {"deepseek": "[Rural Districts of Iran, Kuhestan Rural District (East Azerbaijan Province), Yengejeh  Ajab Shir, Ardabil Province]"}, "73": {"deepseek": "[Gramophone record, Ask the Angels, Rock music, Blues rock]"}, "74": {"deepseek": "[Actor, Luis Manzano, Filipino people, Tagalog language]"}, "75": {"deepseek": "[The Last Horror Film, David Winters (choreographer), Raquel! (TV program), Bob Hope]"}, "76": {"deepseek": "[Friedrich Freiherr Kress von Kressenstein, Iron Cross, Josef Swientek, Sudetenland Medal]"}, "77": {"deepseek": "[Metr\u00f4 (band), New wave music, Maman a tort]"}, "78": {"deepseek": "[Hollywood Pictures, The Walt Disney Studios (division)]"}, "79": {"deepseek": "[Rock (music), Rock music, Roger Daltrey, Atlantic Records]"}, "80": {"deepseek": "[TFF Third League, Beylerbeyi S.K., Ahmet \u015eahbaz]"}, "81": {"deepseek": "[Bury F.C., Billy Hibbert, Golborne, Nigel Hart, Nottingham Forest F.C.]"}, "82": {"deepseek": "[Selseleh County, Iran Daylight Time, Rusatai-ye Anqolab]"}, "83": {"deepseek": "[Erching, Communaut\u00e9 de communes du Pays de Bitche, Waldhouse]"}, "84": {"deepseek": "[Culicomorpha, Arthropod]"}, "85": {"deepseek": "[Georgia (U.S. state), Hazlehurst  Georgia]"}, "86": {"deepseek": "[Bird, Animal]"}, "87": {"deepseek": "[Synthpop, Electronic music, Moombahton]"}, "88": {"deepseek": "[List of ethnic groups of Africa, Desnoeufs Island, Seychelles, Geography of Seychelles]"}, "89": {"deepseek": "[Insect, Arthropod]"}, "90": {"deepseek": "[Elizabeth Fraser, Cocteau Twins, Peppermint Pig]"}, "91": {"deepseek": "[Nicrophorus confusus, Insect]"}, "92": {"deepseek": "[Virgil M\u0103rd\u0103rescu, FC Petrolul Ploie\u0219ti, Andrei Peteleu, Daniel Munteanu]"}, "93": {"deepseek": "[Los Angeles, Witch (band)]"}, "94": {"deepseek": "[Tire, Kenda Rubber Industrial Company, Taiwan]"}, "95": {"deepseek": "[Microsoft, Microsoft BackOffice Server, Proprietary software]"}, "96": {"deepseek": "[Garakan Rural District, Iran, Markazi Province]"}, "97": {"deepseek": "[Razavi Khorasan Province, Mahvelat County, Ardabil Province, Savalan Rural District]"}, "98": {"deepseek": "[Parastathes apicalis, Insect, Lepidoptera]"}, "99": {"deepseek": "[Political activist, Moisei Uritsky, Bolshevik, Yuriy Kotsiubynsky]"}, "100": {"deepseek": "[C.F. Estrela da Amadora, F\u00e1bio Emanuel Moreira Silva]"}, "101": {"deepseek": "[Shooting guard, Vladimir Mihailovi\u0107, Beno Udrih, Socialist Federal Republic of Yugoslavia, Miami Heat, Eddie House, Raymond Felton, North Carolina Tar Heels men's basketball, Fayetteville  North Carolina]"}, "102": {"deepseek": "[Merle Haggard, A Better Love Next Time]"}, "103": {"deepseek": "[Valdenir da Silva Vitalino, Madureira Esporte Clube]"}, "104": {"deepseek": "[Jaipur, Jodha Akbar (TV series)]"}, "105": {"deepseek": "[Vokesimurex, Mollusca, Animal, Arthropod, Geometridae]"}, "106": {"deepseek": "[Ninnescah River, Kansas, United States, English language]"}, "107": {"deepseek": "[Malmir Rural District, Markazi Province, Iran Standard Time]"}, "108": {"deepseek": "[Journalist, Mishal Husain, BBC, BBC Two]"}, "109": {"deepseek": "[Arthropod, Malacostraca, Euryxanthops orientalis]"}, "110": {"deepseek": "[John Milton Niles, Samuel A. Foot, Andrew Hull Foote, Grove Street Cemetery]"}, "111": {"deepseek": "[Zosterops, Chordata]"}, "112": {"deepseek": "[Roman Catholic Diocese of Engativ\u00e1, Colombia, Medell\u00edn, Independiente Medell\u00edn]"}, "113": {"deepseek": "[Lounge music, Les Baxter, Pajama Party (film)]"}, "114": {"deepseek": "[Zulfikar Ali Bhutto, Pakistan, Islamabad, CECOS University of Information Technology and Emerging Sciences, Michigan Technological University]"}, "115": {"deepseek": "[Angiosperms, Banksia, Banksia caleyi]"}, "116": {"deepseek": "[Jim Collins (ice hockey), Central Hockey League (1963\u201384)]"}, "117": {"deepseek": "[England, London, George-\u00c9tienne Cartier, Saint-Antoine-sur-Richelieu  Quebec, Montreal]"}, "118": {"deepseek": "[Nintendo DS, Bratz: Girlz Really Rock (video game), Adventure game, Prey (2017 video game), Microsoft Windows]"}, "119": {"deepseek": "[Ludovic Gamboa, Fontainebleau]"}, "120": {"deepseek": "[Elizabeth Mitchell, California, Restless Records, Relentless Retribution]"}, "121": {"deepseek": "[Fardabad, Alborz Province, Palangabad District, Palangabad Rural District]"}, "122": {"deepseek": "[Toho, Japan, Yao Osaka]"}, "123": {"deepseek": "[Paul Corkett, Black Market Music (album)]"}, "124": {"deepseek": "[My Strongest Weakness, Wynonna Judd, Nashville Star, Nancy O'Dell]"}, "125": {"deepseek": "[United States, Karl Freund, Das Mirakel (1912 film)]"}, "126": {"deepseek": "[His Majesty's Lieutenant, Georg Alexander, Jealousy (1925 film)]"}, "127": {"deepseek": "[E. A. Hewett, Ernest Hamilton Sharp, Percy Hobson Holyoak, Everard im Thurn]"}, "128": {"deepseek": "[Rock music, Soul music, The Rocturnals, United States, City]"}, "129": {"deepseek": "[Tel\u0161iai, Liudas Rumbutis, FC \u017dalgiris, Bahrudin Ataji\u0107]"}, "130": {"deepseek": "[Persema Malang, Indonesia, Midfielder]"}, "131": {"deepseek": "[Joseph Mendes, Le Havre AC, AS Nancy, FC Nancy, Nancy  France]"}, "132": {"deepseek": "[Cathexis longimana, Cerambycidae]"}, "133": {"deepseek": "[Dairy, Lakeside Dairy Limited, Uganda, Winnie Byanyima]"}, "134": {"deepseek": "[Mount de Sales Academy (Georgia), Macon  Georgia]"}, "135": {"deepseek": "[Turdus, Bare-eyed thrush, Passeriformes]"}, "136": {"deepseek": "[Paul von Hindenburg, German Empire, Germany]"}, "137": {"deepseek": "[Shanastaq-e Olya, Qazvin Province, Iran, Geoffrey Harrison]"}, "138": {"deepseek": "[Razavi Khorasan Province, Iran, Bardsir County]"}, "139": {"deepseek": "[United States, Toronto, CHBM-FM]"}, "140": {"deepseek": "[E. J. Babille, Janice Meredith, Joseph Kilgour, Ayr Ontario]"}, "141": {"deepseek": "[Businessman, Edward Barrow Forrest, Electoral district of Brisbane North, Edward Macartney, Irish Australian]"}, "142": {"deepseek": "[Taylor Momsen, The Pretty Reckless, Alternative rock, Emo]"}, "143": {"deepseek": "[Moscow Oblast, Konstantin Kozeyev]"}, "144": {"deepseek": "[Domvast, Abbeville, Le Titre]"}, "145": {"deepseek": "[Ab Garm-e Bala, Baqerabad Rural District, Iran Daylight Time]"}, "146": {"deepseek": "[Mario Bonotti, Italy, Teresa Venerd\u00ec]"}, "147": {"deepseek": "[Marsupialia, Sugar glider, Petauridae, Striped possum, Dactylopsila, Frederick McCoy, Museum]"}, "148": {"deepseek": "[Zaruhi Kalemkaryan, Armenian Americans, Armenian Australians, Russian language]"}, "149": {"deepseek": "[Cargo, FedEx, Mail]"}, "150": {"deepseek": "[East Caribbean dollar, Grenada, Inter-American Division of Seventh-day Adventists, Saint Lucia, Constitutional monarchy]"}, "151": {"deepseek": "[Germany, Clemens Fandrich, List of Switzerland football transfers summer 2016, Kasim Nuhu, RCD Mallorca]"}, "152": {"deepseek": "[Neocomites, Animal, Mollusca, Gastropoda, Muricoidea, Muricidae, Pagodulinae]"}, "153": {"deepseek": "[Isfahan Province, Iran Standard Time]"}, "154": {"deepseek": "[Front-engine  four-wheel-drive layout, Alfa Romeo 159, Holden Commodore (VP)]"}, "155": {"deepseek": "[Nargesi-ye Alimordan, Tolbozan Rural District, Masjed Soleyman County]"}, "156": {"deepseek": "[G.R.I.N.D (Get Ready It's a New Day), Universal Motown, Baffled and Beat]"}, "157": {"deepseek": "[Mathematics, Toniann Pitassi, Stephen Cook, Harvard University]"}, "158": {"deepseek": "[The First Chronicles of Druss the Legend, Waylander II: In the Realm of the Wolf, Hardback]"}, "159": {"deepseek": "[Antwerp, Belgium, France]"}, "160": {"deepseek": "[Etta James Rocks the House, Argo Records]"}, "161": {"deepseek": "[Marlous Pie\u00ebte, AFC Ajax (women), Eredivisie (women), SC Heerenveen (women), Shanice van de Sanden]"}, "162": {"deepseek": "[Jinan, Shandong, Zhejiang, Lishui]"}, "163": {"deepseek": "[CNN en Espa\u00f1ol, WLMV]"}, "164": {"deepseek": "[Hamburg, Germany, Baden-W\u00fcrttemberg]"}, "165": {"deepseek": "[Arthropod, Animal, Triviidae]"}, "166": {"deepseek": "[Canadian Bureau for International Education, Canada, India]"}, "167": {"deepseek": "[Animal, Maxillopoda, Cyclopoida, Cyclops bicuspidatus, Carl Friedrich Wilhelm Claus, Austria]"}, "168": {"deepseek": "[Cibola County  New Mexico, New Mexico, North Acomita Village  New Mexico]"}, "169": {"deepseek": "[Mykolaiv Oblast, Ukraine, Kiev]"}, "170": {"deepseek": "[Florida, United States, Canadians, Norman Cantor, Winnipeg, Wallace Thurman]"}, "171": {"deepseek": "[Cecil Payne, Bebop, Jazz, Album]"}, "172": {"deepseek": "[French Royal Army (1652\u20131830), Maximilien de B\u00e9thune  Duke of Sully, Rosny-sur-Seine]"}, "173": {"deepseek": "[Dream pop, Alternative rock, Indie rock, Dappled Cities, Sydney, Sydney  Australia]"}, "174": {"deepseek": "[Russia, Ivanovo, Yevgeni Shamrin]"}, "175": {"deepseek": "[Actinopterygii, Tetraodontiformes, Animalia, Thais (gastropod), Muricoidea]"}, "176": {"deepseek": "[Ivan \u0160uba\u0161i\u0107, Zagreb]"}, "177": {"deepseek": "[Roy Barraclough, England, Handley Page, Handley Page H.P.54 Harrow]"}, "178": {"deepseek": "[Canada, Bridgetown  Nova Scotia, United States]"}, "179": {"deepseek": "[Buddhism, British Indian, Belfast]"}, "180": {"deepseek": "[Last Embrace, David Shaber, Nighthawks (film), Sylvester Stallone, Cop Land]"}, "181": {"deepseek": "[Serbia, Ottoman wars in Europe, Near East]"}, "182": {"deepseek": "[Hu\u1ebf, T\u00f4n Th\u1ea5t Thi\u1ec7n]"}, "183": {"deepseek": "[Vancouver, CIVT-DT, CFTK-TV]"}, "184": {"deepseek": "[Rio de Janeiro, Brazil, S\u00e3o Paulo, Arthur Friedenreich, Clube de Regatas do Flamengo]"}, "185": {"deepseek": "[Novella, Ion Luca Caragiale, Bucharest, 2001 Supercupa Rom\u00e2niei]"}, "186": {"deepseek": "[Shoegazing, Indie rock, Shoegaze]"}, "187": {"deepseek": "[2nd Virginia Cavalry, Confederate States of America]"}, "188": {"deepseek": "[Manujan County, Iran Daylight Time, Quchan County]"}, "189": {"deepseek": "[Arthropod, Animal, Chordate]"}, "190": {"deepseek": "[The King of Fighters: Maximum Impact, Xbox (console), The King of Fighters 2003]"}, "191": {"deepseek": "[Liard River, British Columbia, Dennis Patterson, Nellie Cournoyea]"}, "192": {"deepseek": "[Volvo S80  First generation  1, Volvo S80, Full-size car, Full-size]"}, "193": {"deepseek": "[Calgary, Alberta, Stan Obodiac]"}, "194": {"deepseek": "[Power pop, The Cars, Shake It Up (The Cars song)]"}, "195": {"deepseek": "[Contemporary R&B, Disclosure (band), AlunaGeorge]"}, "196": {"deepseek": "[Dizjan  Golpayegan, Golpayegan County]"}, "197": {"deepseek": "[Jacksonville Florida, United States, William N. Doak]"}, "198": {"deepseek": "[Joe Leaphorn, The Dark Wind, Harper & Row, The Five Red Herrings]"}, "199": {"deepseek": "[Stojan Novakovi\u0107, Alexander I of Serbia, Milan I of Serbia]"}, "200": {"deepseek": "[The Swedish Nightingale (film), Aribert W\u00e4scher]"}, "201": {"deepseek": "[Molendoa ogalalensis, Bryopsida, Tayloria acuminata]"}, "202": {"deepseek": "[Soviet Union, Moscow, Russia]"}, "203": {"deepseek": "[Pacific Daylight Time, Arcata  California, Dieselhed, Ralph Carney]"}, "204": {"deepseek": "[Actinopterygii, Perciformes, Chordata, Heteromyidae, Rodent]"}, "205": {"deepseek": "[Metiabruz, Kolkata, West Bengal, Bengali language]"}, "206": {"deepseek": "[Joan Hutt, England, London, Scotland]"}, "207": {"deepseek": "[Animal, Arthropod, Lepidoptera, Acraga goes]"}, "208": {"deepseek": "[Punk rock, Hardcore punk, Metalcore, Heavy metal music, Roadrunner Records]"}, "209": {"deepseek": "[Thesaban, Lopburi, Peeratat Phoruendee, Defender (association football)]"}, "210": {"deepseek": "[Rubus, Rosaceae, Prunus]"}, "211": {"deepseek": "[It Happens Every Thursday, English language]"}, "212": {"deepseek": "[Karin Knapp, Italy, South Tyrol]"}, "213": {"deepseek": "[Warrick Sony, Port Elizabeth, Allan Hendrickse]"}, "214": {"deepseek": "[Life (Dope album), Dope (band)]"}, "215": {"deepseek": "[Cohoni, Pedro Domingo Murillo Province, La Paz]"}, "216": {"deepseek": "[San Ram\u00f3n  Costa Rica, Costa Rica]"}, "217": {"deepseek": "[Pedro Largo Carazo, Defender (association football), Yang Chen (footballer born 1974), People's Republic of China]"}, "218": {"deepseek": "[Kuntsevo District, Russia, Saratov Reservoir]"}, "219": {"deepseek": "[Gentianales, Apocynaceae, Secamone volubilis]"}, "220": {"deepseek": "[L\u00fcdenscheider Nachrichten, L\u00fcdenscheid, Markus Dworrak, FC Energie Cottbus]"}, "221": {"deepseek": "[Mohammed Omar, Taliban, Marjah]"}, "222": {"deepseek": "[English language, United States, Maura O'Connell, George's Island (film), Paul Donovan (writer), Norman's Awesome Experience, Tom McCamus, Yin Yang Yo!]"}, "223": {"deepseek": "[Okahandja, Namibia, Wilko Risser, FC Schalke 04 II]"}, "224": {"deepseek": "[Matteo Colombi, S.S. Maceratese 1922, Giuseppe Aquino (footballer born 1983)]"}, "225": {"deepseek": "[English language, North America, Telepace, Europe, Channel 9 (Bangladesh)]"}, "226": {"deepseek": "[2007 Sagan Tosu season, Yasuyuki Kishino, Kataller Toyama]"}, "227": {"deepseek": "[Brian Richard, United States, Al Held, Brooklyn  New York, Tania (artist)]"}, "228": {"deepseek": "[For a Moment  Freedom, Veit Heiduschka, Gett: The Trial of Viviane Amsalem, Sasson Gabai]"}, "229": {"deepseek": "[All the Way to Reno (You're Gonna Be a Star), Warner Bros. Records, Sex Cymbal]"}, "230": {"deepseek": "[Spinefarm Records, Santa Cruz (band), Finland]"}, "231": {"deepseek": "[Cangas de On\u00eds, Spain, Pravia, Mauregatus of Asturias]"}, "232": {"deepseek": "[Sardinia, Italy, Jakobsspitze]"}, "233": {"deepseek": "[Stevan Mokranjac, Negotin, Central European Time, Spain]"}, "234": {"deepseek": "[Boletales, Agaricomycetes, Psilocybe thaiaerugineomaculans]"}, "235": {"deepseek": "[Beweg dein Arsch, LaFee, Virus (LaFee song)]"}, "236": {"deepseek": "[G\u00e9rard Mestrallet, Suez (company), Paris]"}, "237": {"deepseek": "[Yeovil Town F.C., Matt Hayfield, Bristol]"}, "238": {"deepseek": "[California, Orange  California, Steve Johnson (tennis), 2013 Charlottesville Men's Pro Challenger, United States, Wisconsin, Milwaukee, U.S. Bank Center (Milwaukee)]"}, "239": {"deepseek": "[Trophonopsis, Animal, Arthropod]"}, "240": {"deepseek": "[Brian Fargo, Fallout (video game), Microsoft Windows, Fallout 3]"}, "241": {"deepseek": "[Longhorn beetle, Insect]"}, "242": {"deepseek": "[Common greenshank, Charadriiformes, Sterna, Sternidae]"}, "243": {"deepseek": "[Wii U, Wii, Mad Dog II: The Lost Gold, PlayStation Network, PlayStation 3]"}, "244": {"deepseek": "[Slovakia, Tom\u00e1\u0161 Medve\u010f, Czechoslovakia]"}, "245": {"deepseek": "[Sphaerosepalaceae, Rhopalocarpus mollis]"}, "246": {"deepseek": "[Olympic Stadium (Berlin), 2011 DFB-Pokal Final]"}, "247": {"deepseek": "[Odenwaldkreis, Germany, Wladimir K\u00f6ppen, Saint Petersburg, Alexander Friedmann]"}, "248": {"deepseek": "[Anthracoceratidae, Goniatitida, Abraliopsis morisii]"}, "249": {"deepseek": "[Philinoidea, Gastropoda, Patera clarki]"}, "250": {"deepseek": "[Mystiko, Peggy Zina, Trekse]"}, "251": {"deepseek": "[Aix-en-Provence, France, Geoffrey Demont]"}, "252": {"deepseek": "[Blondeliini, Animal]"}, "253": {"deepseek": "[Penthouse and Pavement, Heaven 17, Come Live with Me (Heaven 17 song)]"}, "254": {"deepseek": "[Founder's Mutation, Ryan Robbins, Wrecked (film), Caroline Dhavernas]"}, "255": {"deepseek": "[5 O'Clock Charlie, M*A*S*H (TV series), Radar's Report, Sheldon Keller, The New Bob Cummings Show]"}, "256": {"deepseek": "[New Jersey, Riverside Township  New Jersey, Burlington County  New Jersey]"}, "257": {"deepseek": "[Avellaneda, Argentina, FIFA, Moya Dodd]"}, "258": {"deepseek": "[Spain, Jano (footballer), \u00c9cija Balompi\u00e9, Caye Quintana]"}, "259": {"deepseek": "[MikroTik, Riga, Vit\u0101lijs Me\u013c\u0146i\u010denko, List of Latvian football transfers winter 2013\u201314]"}, "260": {"deepseek": "[The House of Rothschild, Darryl F. Zanuck, The Egyptian (film)]"}, "261": {"deepseek": "[Newspaper, China Daily, Chaoyang District  Beijing, Chinese language]"}, "262": {"deepseek": "[Insecta, Asura strigipennis]"}, "263": {"deepseek": "[Germany, Baden-W\u00fcrttemberg, Weilheim an der Teck]"}, "264": {"deepseek": "[Bucculatrix agilis, Insect, Bucculatrix bechsteinella]"}, "265": {"deepseek": "[The Last Castle, Rod Lurie, Scenes of the Crime]"}, "266": {"deepseek": "[Kristen Connolly, Montclair New Jersey, Ted Curson]"}, "267": {"deepseek": "[England national under-19 football team, Wayne Rooney, Coleen Rooney, Roman Catholic]"}, "268": {"deepseek": "[Hydrotaea diabolus, Muscidae]"}, "269": {"deepseek": "[Louis Beethoven Prout, Eois nigricosta, Lepidoptera, Agdistis bouyeri]"}, "270": {"deepseek": "[Eupholidoptera chabrieri, Insect, Damselfly]"}, "271": {"deepseek": "[Mullaitivu District, Northern Province  Sri Lanka, Jaffna District]"}, "272": {"deepseek": "[London, Entertainment Film Distributors, Colombiana, TriStar Pictures, Weekend at Bernie's II, Victor Drai, Morocco, Gary Daniels, United States, Barry Bostwick, Weekend at Bernie's II, Peter Wolf (producer), Vienna Austria]"}, "273": {"deepseek": "[Colette Carr, Interscope Records, Island Records, Jamaica]"}, "274": {"deepseek": "[Rosaceae, Eudicots, Ranunculaceae, Ranunculus flammula]"}, "275": {"deepseek": "[Norway, Central European Time, Spain]"}, "276": {"deepseek": "[Polyphaga, Animal, Arthropod]"}, "277": {"deepseek": "[O'Higgins F.C., Chile, Los Andes  Chile, Renault 21]"}, "278": {"deepseek": "[Passenger (Powderfinger song), Bernard Fanning]"}, "279": {"deepseek": "[Outsourcing, Mphasis, Business consulting]"}, "280": {"deepseek": "[My Man Is a Loser, Sean Young]"}, "281": {"deepseek": "[The Mystery of the Hooded Horsemen, Grand National Pictures, Something to Sing About (1937 film)]"}, "282": {"deepseek": "[Nashville Tennessee, Con Brio Records, Reprise Records]"}, "283": {"deepseek": "[\u00c6thelheard of Wessex, England, United Kingdom, St James' School  Grimsby, England, Jefferson Airplane]"}, "284": {"deepseek": "[Eudicots, Gratiola peruviana, Lamiales]"}, "285": {"deepseek": "[Steve Scrivens, United Kingdom]"}, "286": {"deepseek": "[Justin Bieber, Love Me (Justin Bieber song)]"}, "287": {"deepseek": "[Norrbotten, Central European Time, Vall\u00e9s  Valencia]"}, "288": {"deepseek": "[Republican Party (United States), John C. Shabaz, United States federal judge, William C. Adamson]"}, "289": {"deepseek": "[Oklahoma City, Jack C. Walton, United States Democratic Party]"}, "290": {"deepseek": "[Alexander Abraham (boxer), Armenians]"}, "291": {"deepseek": "[Municipalities of Switzerland, Wynigen, Anita Weyermann]"}, "292": {"deepseek": "[Chordata, Animalia, Beetle]"}, "293": {"deepseek": "[Georgios Papandreou (historian), Athens, Greece, Battle of Gravia Inn]"}, "294": {"deepseek": "[Dangepia, Mazandaran Province, Iran, South Khorasan Province]"}, "295": {"deepseek": "[Richard P. Stanley, Gian-Carlo Rota, Qaiser Mushtaq, Group theory]"}, "296": {"deepseek": "[Sunderland Nissan F.C., Gary Pearson (footballer), Seaham, United Kingdom]"}, "297": {"deepseek": "[University of South Carolina, Columbia South Carolina, Democratic Party (United States), Lee Harris (politician)]"}, "298": {"deepseek": "[Kenya, North Eastern Province (Kenya)]"}, "299": {"deepseek": "[Somme (department), France, Haute-Sa\u00f4ne]"}, "300": {"deepseek": "[London, Drummonds Bank]"}, "301": {"deepseek": "[Richard Thompson (footballer born 1969), Newport County A.F.C., Howard Goddard, A.F.C. Bournemouth, John Smeulders]"}, "302": {"deepseek": "[Midfielder, Ben Binyamin, Hapoel Acre, Alon Weisberg, Hapoel Katamon Jerusalem F.C.]"}, "303": {"deepseek": "[North Sydney Nova Scotia, Nova Scotia]"}, "304": {"deepseek": "[Essex Connecticut, United States]"}, "305": {"deepseek": "[Les Reed (songwriter), Here It Comes Again (The Fortunes song), Pop music, Progressive rock, Alan Lorber]"}, "306": {"deepseek": "[Morrens, Gros-de-Vaud District]"}, "307": {"deepseek": "[In My Dream (With Shiver), Eden (Luna Sea album), Mother (Luna Sea album)]"}, "308": {"deepseek": "[Kerman Province, Iran, Kafsh Kal Mahalleh]"}, "309": {"deepseek": "[United States, Tennessee]"}, "310": {"deepseek": "[Angiosperm, Aeranthes ramosa, Robert Allen Rolfe]"}, "311": {"deepseek": "[Ramblin' Gamblin' Man (song), Ramblin' Gamblin' Man, Capitol Records, Beautiful Loser]"}, "312": {"deepseek": "[Solaris (operating system), IBM WebSphere Application Server, Unreal Engine, PlayStation 4]"}, "313": {"deepseek": "[Crabronidae, Crabroninae]"}, "314": {"deepseek": "[Shabeh Rural District, Jangal District, Ab Niyeh-ye Sofla]"}, "315": {"deepseek": "[Nawa Region, Ivory Coast, Lacs District]"}, "316": {"deepseek": "[Ingo Steuer, East Germany, Heinz Thiel]"}, "317": {"deepseek": "[English language, United States, Leon Shamroy, Three-Cornered Moon, Wallace Ford]"}, "318": {"deepseek": "[Iran, Mohammad Hossein Mehrazma, Midfielder]"}, "319": {"deepseek": "[Uruguay national under-20 football team, Enzo Scorza, Uruguay, Chery Tiggo]"}, "320": {"deepseek": "[Montpellier HSC, Anthony Scribe, Croix-de-Savoie, Thomas Kokkinis]"}, "321": {"deepseek": "[Cavalry, Canadian Cavalry Brigade, J. E. B. Seely  1st Baron Mottistone]"}, "322": {"deepseek": "[Alfredo Ortiz, United States, Rhymesayers Entertainment]"}, "323": {"deepseek": "[Cornwall, Matthew Paul Moyle, Jeffrey C. Wynn]"}, "324": {"deepseek": "[Translator, Liu Banjiu, Beijing]"}, "325": {"deepseek": "[Wac\u0142aw Olszak, Karvin\u00e1, Radek \u0160t\u011bp\u00e1nek]"}, "326": {"deepseek": "[Arroio Grande  district of Santa Maria, Santa Maria  Rio Grande do Sul, Santa Flora  district of Santa Maria]"}, "327": {"deepseek": "[Quercus patelliformis, Eudicots]"}, "328": {"deepseek": "[Denis Istomin, Tashkent, Lola Karimova-Tillyaeva]"}, "329": {"deepseek": "[Angiosperms, Plantae, Bromeliaceae]"}, "330": {"deepseek": "[Freeware, Windows Installer CleanUp Utility, Utility software]"}, "331": {"deepseek": "[Davide Faraon, Vittorio Veneto, Carlo Osti]"}, "332": {"deepseek": "[Insect, Beetle]"}, "333": {"deepseek": "[George W. Bush, Republican Party (United States), Richard Nixon, Herb Kaplow, Manhattan]"}, "334": {"deepseek": "[Hardcover, Prince Lestat, Anne Rice, United States, Texas]"}, "335": {"deepseek": "[Kentucky, John Young Brown III]"}, "336": {"deepseek": "[Wilhelm Albert (Wehrmacht officer), Knight's Cross of the Iron Cross]"}, "337": {"deepseek": "[Olesno County, Poland, Central European Time, Link\u00f6ping]"}, "338": {"deepseek": "[Work It Out (Def Leppard song), Def Leppard, Pour Some Sugar on Me, Music download]"}, "339": {"deepseek": "[Eleanor Roosevelt (Hato Rey), Borough, San Juan  Puerto Rico, WZNA-LD]"}, "340": {"deepseek": "[Reggae fusion, Slightly Not Stoned Enough to Eat Breakfast Yet Stoopid, Redondo Beach California, MEGG]"}, "341": {"deepseek": "[Raphael (archangel), Islam, Xhafer Deva]"}, "342": {"deepseek": "[Forward (association football), Anthony Lozano, Valencia CF Mestalla, Valencia CF]"}, "343": {"deepseek": "[Midfielder, Ver\u00f3nica P\u00e9rez, Chicago Red Stars]"}, "344": {"deepseek": "[Carolina Panthers, Josh Vaughan]"}, "345": {"deepseek": "[Palangin, Kermanshah Province, Iran, Urmia County]"}, "346": {"deepseek": "[Timeform, Chief Singer, American Handicap]"}, "347": {"deepseek": "[Spain, CD San Roque de Lepe, \u00d3scar Garc\u00eda Guerrero]"}, "348": {"deepseek": "[Jean-B\u00e9del Bokassa, Ubangi-Shari, Jean-Paul Ngoupand\u00e9]"}, "349": {"deepseek": "[Lomonosov Gold Medal, Hans Bethe, Peter A. Carruthers, Ohio Valley Wrestling]"}, "350": {"deepseek": "[Thomas Mayr-Harting, Austria]"}, "351": {"deepseek": "[Nigar Jamal, Azerbaijani SSR, Azerbaijan]"}, "352": {"deepseek": "[Biarritz Olympique, Marc Stcherbina, Cardiff Blues, Jamie Robinson (rugby player)]"}, "353": {"deepseek": "[Live and Improvised, Bobby Colomby, Brand New Day (Blood  Sweat & Tears album)]"}, "354": {"deepseek": "[Eugenia, Myrtaceae, Eucalyptus mckieana]"}, "355": {"deepseek": "[Hybodus, Animal]"}, "356": {"deepseek": "[Clepsis uncisecta, Lepidoptera, Clepsis rasilis]"}, "357": {"deepseek": "[South Korea national football team, Kim Do-hoon, Jeonbuk Hyundai Motors]"}, "358": {"deepseek": "[Keyboard instrument, Glam metal, United States, Ohio]"}, "359": {"deepseek": "[Anne Christine of Sulzbach Princess of Piedmont, Theodore Eustace Count Palatine of Sulzbach]"}, "360": {"deepseek": "[Colorado Avalanche, Vitali Kolesnik, Moscow]"}, "361": {"deepseek": "[Hoyv\u00edk, Streymoy, Faroe Islands]"}, "362": {"deepseek": "[Lorenzo D'Anna, Oggiono]"}, "363": {"deepseek": "[My Own Love Song, Path\u00e9, Touching the Void (film)]"}, "364": {"deepseek": "[FC United of Manchester, Jason Gilchrist, Droylsden F.C.]"}, "365": {"deepseek": "[Tamil Nadu, Thekkathi Ponnu]"}, "366": {"deepseek": "[University of Minnesota, Eric Sevareid, James Blair (South Carolina)]"}, "367": {"deepseek": "[Mute Records, Liars (band), Alternative rock]"}, "368": {"deepseek": "[Godfrey Morgan, Jules Verne]"}, "369": {"deepseek": "[Asparagales, Angiosperms, Asterales]"}, "370": {"deepseek": "[Central European Summer Time, Oldenzaal, Central European Time]"}, "371": {"deepseek": "[M. Rajesh, Kadavul Irukaan Kumaru, Tamil cinema, All in All Azhagu Raja]"}, "372": {"deepseek": "[Wolfenschiessen, Switzerland, Reissend Nollen, Canton of Bern]"}, "373": {"deepseek": "[Loire (department), France, Rh\u00f4ne-Alpes, Les Houches]"}, "374": {"deepseek": "[Languedoc-Roussillon, France, Bas-Rhin]"}, "375": {"deepseek": "[Co-educational, Geelong Grammar School, Victoria (Australia), True History of the Kelly Gang, Paperback]"}, "376": {"deepseek": "[Gnathophyllidae, Malacostraca, Arthropod, Stizocera]"}, "377": {"deepseek": "[Speed metal, Long Live the Loud, Unveiling the Wicked]"}, "378": {"deepseek": "[Blac Elvis, Pop music, Hip hop music]"}, "379": {"deepseek": "[Marin Ani\u010di\u0107, Mostar, Central European Summer Time]"}, "380": {"deepseek": "[Phalonidia, Phalonidia phlebotoma]"}, "381": {"deepseek": "[Wizards of the Coast, Manual of the Planes, Hardcover]"}, "382": {"deepseek": "[J\u00f3zsef Eisenhoffer, New York Hakoah, Eddy Wauters, Defender (football)]"}, "383": {"deepseek": "[Eugene O'Neill, Jason Robards, Act One (film), Moss Hart]"}, "384": {"deepseek": "[Base A\u00e9rea Teniente Benjam\u00edn Matienzo, Argentina, Enzo Kalinski]"}, "385": {"deepseek": "[Indie rock, Kurt Ebelh\u00e4user, Offline (album)]"}, "386": {"deepseek": "[Iran, Sorkheh County]"}, "387": {"deepseek": "[California, United States, Minnesota]"}, "388": {"deepseek": "[Botch (band), Hydra Head Records, Station (album), Sargent House]"}, "389": {"deepseek": "[Sam Mitchinson, Walsall, River Tame  West Midlands]"}, "390": {"deepseek": "[Atlantic Records, Money  Money  Money]"}, "391": {"deepseek": "[Littoraria pallescens, Littorinidae, Animalia]"}, "392": {"deepseek": "[Nothing to Declare (album), About Time (Paul Bley album), Jazz, Speaking in Tongues (David Murray album)]"}, "393": {"deepseek": "[Glory (1956 film), Peter Milne (screenwriter), God Is My Co-Pilot (film)]"}, "394": {"deepseek": "[FR layout, Holden EK, Holden Special, Holden Commodore (VN)]"}, "395": {"deepseek": "[Songwriter, Andy Sturmer, Vocals, Singing]"}, "396": {"deepseek": "[Thanks to the Saint, The Crime Club, The Saint and the People Importers]"}, "397": {"deepseek": "[Kahn-e Seyyed Mohammad Bakhti, Mehrestan County, Iran, Kerman Province]"}, "398": {"deepseek": "[Beerware, Opentracker, C (programming language), Wayland (display server protocol), Linux]"}, "399": {"deepseek": "[Society, Law enforcement agency]"}, "400": {"deepseek": "[Poland, Sceptic (band), Black metal]"}, "401": {"deepseek": "[Nepal, Vyas Municipality]"}, "402": {"deepseek": "[Pop music, Jangle pop, Folk rock]"}, "403": {"deepseek": "[Admir\u00e1vel Mundo Novo, Indie rock, Emo pop]"}, "404": {"deepseek": "[Newport Beach California, California, Asian Man Records]"}, "405": {"deepseek": "[Essex, Braintree  Essex, Garry Nelson]"}, "406": {"deepseek": "[Pittsfield  Massachusetts, Massachusetts]"}, "407": {"deepseek": "[Chrysler Valiant (AP5), Chrysler Valiant (AP6), Chrysler Valiant (VC), Chrysler Valiant (VH)]"}, "408": {"deepseek": "[United States Army, Adolph von Steinwehr, Battle of Gettysburg]"}, "409": {"deepseek": "[Tehran, Rouhollah Seifollahi, S.C. Damash, Siamak Sarlak, Midfielder (football)]"}, "410": {"deepseek": "[Above & Beyond (band), Trance music, Synthesizer]"}, "411": {"deepseek": "[Bang Sue District, Siam Cement]"}, "412": {"deepseek": "[Rock music, Alternative rock, Alternative metal, Waltari, Helsinki]"}, "413": {"deepseek": "[New York City, Union Theological Seminary (New York City), Frederick James Woodbridge]"}, "414": {"deepseek": "[Sam Caligiuri, Connecticut]"}, "415": {"deepseek": "[India, United States, American Broadcasting Company]"}, "416": {"deepseek": "[Adoniram J. Warner, New York (state), North American Eastern Time Zone, Oak Harbor  Ohio]"}, "417": {"deepseek": "[Brian Mast, Republican Party of the United States, John Price (diplomat)]"}, "418": {"deepseek": "[Caelifera, Austroicetes vulgaris]"}, "419": {"deepseek": "[The Go, United States, Adnan Ad\u0131var, Turkey]"}, "420": {"deepseek": "[Voldem\u0101rs Veiss, German Army (Wehrmacht), Nazi Germany, World War II, United States Army]"}, "421": {"deepseek": "[UK, Housewife 49, Drama]"}, "422": {"deepseek": "[Amphiura callida, Ophiurida, Ophiocomidae]"}, "423": {"deepseek": "[Suburban Noize Records, Casey Royer]"}, "424": {"deepseek": "[List of Bulgarian football transfers summer 2011, Simeon Mechev, Bulgaria, Rumen Shankulov]"}, "425": {"deepseek": "[Liberal Democrats, Emma Nicholson  Baroness Nicholson of Winterbourne]"}, "426": {"deepseek": "[Godumbare, Maharashtra, India, Ludhiana district]"}, "427": {"deepseek": "[Jason Brooks (actor), Blood Lake (2014 film), Fred Stoller]"}, "428": {"deepseek": "[Hamburg, Germany, Schleswig-Flensburg]"}, "429": {"deepseek": "[Simplicivalva philobia, Cossidae]"}, "430": {"deepseek": "[Tehran Province, Iran, Rudsar County]"}, "431": {"deepseek": "[Warner Music Group, Asylum Records, United States, Ira Losco]"}, "432": {"deepseek": "[Slovakia, Czechoslovakia]"}, "433": {"deepseek": "[Angiosperms, Rosaceae, Rosales]"}, "434": {"deepseek": "[Walter J. Harvey, A Stranger Came Home, Terence Fisher, To Have and to Hold (1951 film)]"}, "435": {"deepseek": "[Scellus crinipes, Insect, Lepidoptera, Enantia]"}, "436": {"deepseek": "[Munich, Germany, Calv\u00f6rde, Velsdorf]"}, "437": {"deepseek": "[Ren\u00e9 Groth, FSV Zwickau, Luckau, Battle of Luckau]"}, "438": {"deepseek": "[Utricularia subg. Bivalvaria, Plantae]"}, "439": {"deepseek": "[Polyphaga, Arthropod, Phacopida, Acastellina]"}, "440": {"deepseek": "[Luzon Strait, Philippines, Tagalog language]"}, "441": {"deepseek": "[Fabio Sabatini, Italy, Lombardy]"}, "442": {"deepseek": "[Ice Age: Continental Drift, 20th Century Fox, Blue Sky Studios, 7th Level]"}, "443": {"deepseek": "[The Night of Queen Isabeau, Elsa Wagner, West Germany]"}, "444": {"deepseek": "[Tortricidae, Arthropod, Curculionidae]"}, "445": {"deepseek": "[Saltenia, Animal]"}, "446": {"deepseek": "[Tokyo, Japan, Gid\u014d Sh\u016bshin]"}, "447": {"deepseek": "[Beetle, Insect, Cyana obscura]"}, "448": {"deepseek": "[Democratic Party (United States), Massachusetts, Quincy  Massachusetts]"}, "449": {"deepseek": "[Julia Dent Cantacuz\u00e8ne Spiransky-Grant, Washington D.C., White House]"}, "450": {"deepseek": "[Slamannan, Falkirk (council area), Larbert]"}, "451": {"deepseek": "[Cluj County, National Liberal Party (Romania), Democratic Liberal Party (Romania), Creaca, Eastern European Summer Time, Transylvania, Social Democratic Party (Romania)]"}, "452": {"deepseek": "[INTI International University, Malaysia, Association of Chartered Certified Accountants, Sarah Achieng Opendi]"}, "453": {"deepseek": "[H\u00e9rault, France, Somme (department)]"}, "454": {"deepseek": "[Hard rock, Power pop, Tommy Tutone, Capitol Records]"}, "455": {"deepseek": "[Poporanism, Ion Ag\u00e2rbiceanu, Essay]"}, "456": {"deepseek": "[David Butler (director), The Bard (The Twilight Zone), The Twilight Zone (1959 TV series)]"}, "457": {"deepseek": "[Ferencv\u00e1rosi TC, J\u00f3zsef Zilisy, A.C. Pistoiese]"}, "458": {"deepseek": "[Burkard Hillebrands, Solid-state physics]"}, "459": {"deepseek": "[List of twin towns, Graz, Austria, Traudl Hecher]"}, "460": {"deepseek": "[The Small One, Olan Soule, Los Angeles California, Read Morgan, What You Need (The Twilight Zone), Ernest Truex, King Nine Will Not Return, Robert Cummings]"}, "461": {"deepseek": "[PlayStation 2, PlayStation 3, F1 2014 (video game), Microsoft Windows, Kingpin: Life of Crime]"}, "462": {"deepseek": "[Dickwella, Southern Province Sri Lanka, Sri Lanka, Nuwara Eliya]"}, "463": {"deepseek": "[Boban Jan\u010devski, FK Teteks, Martin Hristov (footballer born 1997), FK Donji Srem, Mladen \u017divkovi\u0107]"}, "464": {"deepseek": "[England national under-19 football team, Alex Oxlade-Chamberlain, England national under-21 football team]"}, "465": {"deepseek": "[Path of Fire, Metal Blade Records, Heavy metal music, Death metal, Paganizer]"}, "466": {"deepseek": "[Rock music, Jazz, Ney]"}, "467": {"deepseek": "[Schleswig-Holstein, Germany, Dietenhofen]"}, "468": {"deepseek": "[Tim Brennan, Folk music, Folk rock]"}, "469": {"deepseek": "[Rock music, Hard rock, Black Betty  Black Betty  1]"}, "470": {"deepseek": "[The Sixth Extinction: An Unnatural History, Biology, Paul-Louis Simond, Valence  Dr\u00f4me]"}, "471": {"deepseek": "[French language, Yoruba people, Nigeria, Ibadan]"}, "472": {"deepseek": "[Stokmarknes Airport  Skagen, Avinor]"}, "473": {"deepseek": "[Lancashire, Blackpool, William Lyons, SS Cars Ltd, SS Jaguar 100, Sports car]"}, "474": {"deepseek": "[England, Tooting, Darren Bent, Tottenham Hotspur F.C.]"}, "475": {"deepseek": "[Louis I Duke of Orl\u00e9ans, John Count of Angoul\u00eame, Cognac France, Central European Time]"}, "476": {"deepseek": "[London, England, Isle of Wight, William Hacket Pain]"}, "477": {"deepseek": "[Orthoptera, Arthropod, Schistocerca]"}, "478": {"deepseek": "[Turkish Cypriot, \u00d6zker Ya\u015f\u0131n, Nicosia, Nicosia District]"}, "479": {"deepseek": "[Louisiana, United States, Washington D.C.]"}, "480": {"deepseek": "[Winger (sports), Zoran Samard\u017eija, Aris Limassol F.C.]"}, "481": {"deepseek": "[Horrie Knight, Adelaide, Pulteney Grammar School, Vaiben Louis Solomon, Judaism]"}, "482": {"deepseek": "[Locarno (district), Dario Simion, HC Davos]"}, "483": {"deepseek": "[Mazandaran Province, Rudsar County, Iran Daylight Time, Qohestan Rural District]"}, "484": {"deepseek": "[Stuart Price, Complete Me, Electropop, Electronica]"}, "485": {"deepseek": "[Siege of Kehl (1796\u201397), French Revolutionary Wars, Alexandre Lacassagne]"}, "486": {"deepseek": "[Santiago  Chile, Jaime Ravinet]"}, "487": {"deepseek": "[Eastern European Summer Time, Lunca Bihor, Eastern European Time]"}, "488": {"deepseek": "[Alternative rock, Hardcore punk, Groove metal, Nu metal, Power metal]"}, "489": {"deepseek": "[Fiona Stewart (author), Exit International, Auckland, New Zealand]"}, "490": {"deepseek": "[7%22 vinyl, One Small Day, Lament (Ultravox album), Retro (EP)]"}, "491": {"deepseek": "[False Alarms (1936 film), Columbia Pictures, United States, Gun Justice, Ted D. McCord]"}, "492": {"deepseek": "[Italian Republican Party, Rome, Italy, University of Florence, European University Association]"}, "493": {"deepseek": "[Radio City (album), Ardent Records, Need (album)]"}, "494": {"deepseek": "[Ricardo Montalb\u00e1n, Escape from the Planet of the Apes]"}, "495": {"deepseek": "[United States, Ruggero J. Aldisert, University of Pittsburgh]"}, "496": {"deepseek": "[List of cities in Argentina, Paso de los Libres, Argentina, Pedro Manfredini, AS Roma]"}, "497": {"deepseek": "[Beryciformes, Chordate, Arthropod, Lepturges anceps]"}, "498": {"deepseek": "[Central District (Maneh and Samalqan County), Behkadeh-ye Razavi]"}, "499": {"deepseek": "[Alternative metal, Singing, Denmark, Central Denmark Region]"}}