{"0": {"gemma": "[Byung-Cheol Shin, Hsiao-Hwa Chen, Il Han, James S. Lehnert]"}, "1": {"gemma": "[George Karypis, Michalis Vazirgiannis]"}, "2": {"gemma": "[S. Ramathilagam]"}, "3": {"gemma": "[Birger M\u00f8ller-Pedersen, Alfonso Pierantonio, Christian K\u00e4stner]"}, "4": {"gemma": "[Tinne Tuytelaars, Luc J. Van Gool, Josep Llad\u00f3s, David S. Doermann, Mar\u00e7al Rusi\u00f1ol]"}, "5": {"gemma": "[Natalya Fridman Noy, Rong Chen, Helen Parkinson, Alvis Brazma, Anjan Sharma]"}, "6": {"gemma": "[Faisal Shafait, Thomas M. Breuel]"}, "7": {"gemma": "[Ariel Felner, Oktay Arslan, Soheila Salmanpour, Yibiao Lu, Tak-John Koo]"}, "8": {"gemma": "[Sergey Loyka, Xiaodong Wang, Sriram Vishwanath, Bj\u00f6rn E. Ottersten]"}, "9": {"gemma": "[Robert Schober, Mohamed-Slim Alouini, Annamalai Annamalai, George K. Karagiannidis, Nikos C. Sagias, Moe Z. Win]"}, "10": {"gemma": "[Rolf Drechsler, Katarzyna Radecka, Zeljko Zilic, Yu Pang]"}, "11": {"gemma": "[Toyoaki Nishida, Britta Wrede, Sara Kiesler, Christoph Bartneck]"}, "12": {"gemma": "[Maurizio Lenzerini, Michael Zakharyaschev, Diego Calvanese, Domenico Lembo, Antonella Poggi, Riccardo Rosati, Ian Horrocks, Martin G. Skj\u00e6veland, Michael Schmidt]"}, "13": {"gemma": "[Robert Kleinberg, Mihaela van der Schaar]"}, "14": {"gemma": "[Rosal\u00eda Laza, Reyes Pav\u00f3n, Fernando D\u00edaz, Thomas Strothotte, Oliver Deussen]"}, "15": {"gemma": "[Christel Baier, Kim Guldstrand Larsen, Holger Hermanns, Joost-Pieter Katoen, Radu Mateescu]"}, "16": {"gemma": "[Daniela Rus, Ning Xi, Heping Chen]"}, "17": {"gemma": "[Anastasios Tefas, Ioannis Pitas]"}, "18": {"gemma": "[Tam\u00e1s Szir\u00e1nyi, Levente Kov\u00e1cs]"}, "19": {"gemma": "[Deva Ramanan, David J. Fleet, Jean-Marie Burkhardt, Ferran Argelaguet]"}, "20": {"gemma": "[Stefania Bandini, Giuseppe Vizzari, Kenichiro Shimura]"}, "21": {"gemma": "[Roberto Colombo, Michele Meroni]"}, "22": {"gemma": "[Shuicheng Yan, Piotr Doll\u00e1r, Xiaogang Wang, Ming-Hsuan Yang, Alexander G. Hauptmann]"}, "23": {"gemma": "[Kathryn S. McKinley, Stephen W. Keckler, Doug Burger, Katherine E. Coons]"}, "24": {"gemma": "[Luigi Carro, Cristiana Bolchini, Gustavo R. Alves, Maurizio Rebaudengo, Massimo Violante]"}, "25": {"gemma": "[A. Schmidt, Dominique Guinard]"}, "26": {"gemma": "[Edmund M. Clarke, Laurent Bienvenu, Jack H. Lutz]"}, "27": {"gemma": "[Dariusz Rzo\u0144ca, Andrzej Kwiecie\u0144]"}, "28": {"gemma": "[Rolf Drechsler, Sharad Malik, Fabio Somenzi, Michael S. Hsiao, Alexander Nadel]"}, "29": {"gemma": "[Amri Napolitano, Taghi M. Khoshgoftaar, Shivakumar Vaithyanathan, Huan Liu]"}, "30": {"gemma": "[Viswanath Venkatesh, Katherine M. White, Christy M. K. Cheung, Anol Bhattacherjee]"}, "31": {"gemma": "[Martin Fleury, Christos Bouras, Jirka Klaue, Thomas Wiegand, Eduardo Cerqueira]"}, "32": {"gemma": "[Robert Fergus, Nassir Navab, Wiro J. Niessen, Jan Boese]"}, "33": {"gemma": "[Martial Hebert, Philippe Salembier, Silvia Valero, Antonio Plaza]"}, "34": {"gemma": "[Robert Stevens, Kei-Hoi Cheung]"}, "35": {"gemma": "[Arie Tamir, Zvi Drezner, Antonio M. Rodr\u00edguez-Ch\u00eda, Justo Puerto]"}, "36": {"gemma": "[Thanassis Avgerinos, David Brumley, Philippe Herrmann, Koushik Sen, Robin David]"}, "37": {"gemma": "[Eric Goubault, St\u00e9phane Gaubert]"}, "38": {"gemma": "[Akifumi Hirashima, Yutaka Ishibashi, Takahiro Suzuki, Hikaru Yoshimi]"}, "39": {"gemma": "[Bernhard Pfahringer, Florian Eyben, Martin W\u00f6llmer, Ian H. Witten]"}, "40": {"gemma": "[Michael J. Franklin, Hari Balakrishnan, Robert Morris]"}, "41": {"gemma": "[Nigel Shadbolt, Bamshad Mobasher]"}, "42": {"gemma": "[Dina Demner-Fushman, Kathleen McKeown, Hong Yu, James J. Cimino]"}, "43": {"gemma": "[Francisco Herrera, Enrique Herrera-Viedma, Luis Mart\u00ednez, Yucheng Dong, Shui Yu]"}, "44": {"gemma": "[Pengkai Zhao, B.D. Van Veen]"}, "45": {"gemma": "[Casey S. Greene, Graciela Gonzalez]"}, "46": {"gemma": "[Sven Apel, Andreas Zeller, Dawson R. Engler, Michele Lanza, Marco Tulio Valente]"}, "47": {"gemma": "[Slinger Jansen, Sjaak Brinkkemper, Patricia Lago]"}, "48": {"gemma": "[Marilyn Safran, Doron Lancet]"}, "49": {"gemma": "[Bram Vanderborght, Antonio Bicchi, Thomas Wimbock, Gerhard Hirzinger, Florian Petit, Tilo W\u00fcsthoff]"}, "50": {"gemma": "[Karl Reiner Lang, Sigi Goode, Robert J. Kauffman, Sudip Bhattacharjee]"}, "51": {"gemma": "[Minkoo Kim, Seungmin Rho, Marten van Sinderen, Massimo Paolucci]"}, "52": {"gemma": "[Jochen J. Steil, Cynthia Breazeal, Kerstin Dautenhahn]"}, "53": {"gemma": "[Hamid Jafarkhani, Wei Zhang, Aria Nosratinia, Andrew Sendonaris, Zhu Han]"}, "54": {"gemma": "[Krishnendu Chakrabarty, Dongkook Park]"}, "55": {"gemma": "[Akira Matsuzawa, Ning Li, Tatsuya Yamaguchi]"}, "56": {"gemma": "[Jarke J. van Wijk, Michael Burch, Fabian Beck]"}, "57": {"gemma": "[Marco Gruteser, Wenjing Lou, Kate Ching-Ju Lin, Kyle Jamieson]"}, "58": {"gemma": "[Rui Zhang, Wei Chen, Ekram Hossain, Khaled Ben Letaief]"}, "59": {"gemma": "[Christine Rochange, Pascal Sainrat, Peter P. Puschner, Hermann Kopetz]"}, "60": {"gemma": "[Paul A. Martin, Maurice Herlihy, Philippas Tsigas, David L. Detlefs]"}, "61": {"gemma": "[Hiroyuki Okamura, Tadashi Dohi, Kishor S. Trivedi]"}, "62": {"gemma": "[Habib Benali, Julien Cohen-Adad, Lawrence L. Wald]"}, "63": {"gemma": "[Bernhard Sch\u00f6lkopf, Michael I. Jordan, Chia-Hoang Lee]"}, "64": {"gemma": "[Shuicheng Yan, Rob Fergus, Ming-Hsuan Yang]"}, "65": {"gemma": "[Felix Ulmer]"}, "66": {"gemma": "[Mark A. Hanson, Adam T. Barth, John Lach]"}, "67": {"gemma": "[Szymon Rusinkiewicz, Guillaume Lavou\u00e9, Benjamin Bustos, Afzal Godil, Henry Johan]"}, "68": {"gemma": "[Michael I. Jordan, Tian He, Neal Patwari]"}, "69": {"gemma": "[Ralf Steinmetz, Klara Nahrstedt, Ion Stoica]"}, "70": {"gemma": "[Miroslav Voznak, Philip S. Yu, Howard J. Hamilton, Tzung-Pei Hong, Chun-Wei Lin]"}, "71": {"gemma": "[Luc J. Van Gool, Rudy Lauwereins]"}, "72": {"gemma": "[Theodore W. Berger, Liam Paninski, Robert E. Kass]"}, "73": {"gemma": "[Dimitris Varoutas, Thomas Sphicopoulos, Ilari Welling]"}, "74": {"gemma": "[Inge van de Weerd, Sjaak Brinkkemper, Kevin Vlaanderen]"}, "75": {"gemma": "[Martin Fuchs, Hendrik P. A. Lensch, Hans-Peter Seidel, Szymon Rusinkiewicz, Gordon Wetzstein, Ivo Ihrke]"}, "76": {"gemma": "[Dimitrios S. Nikolopoulos, Hans Vandierendonck, Margaret Martonosi, Guy E. Blelloch, Mark D. Hill]"}, "77": {"gemma": "[Catherine D. Schuman, Adam Disney, John Reynolds]"}, "78": {"gemma": "[Mihai Datcu, Paolo Gamba, Jordi Inglada]"}, "79": {"gemma": "[Tat-Seng Chua, Yuji Matsumoto, Kentaro Inui, Peter D. Turney]"}, "80": {"gemma": "[Fiorella de Rosis, Nicole Novielli]"}, "81": {"gemma": "[Stephen Lin, Dong Xu, Hong Liu]"}, "82": {"gemma": "[Khalid Saeed, Kevin S. Killourhy, Roy A. Maxion]"}, "83": {"gemma": "[John Shalf, Chao Yang, Esmond G. Ng, Pieter Maris, James P. Vary]"}, "84": {"gemma": "[Robert Schober, Mikko Vehkapera, Thomas L. Marzetta]"}, "85": {"gemma": "[Ali A. Ghorbani, A. Nur Zincir-Heywood]"}, "86": {"gemma": "[Yong Wang, Xin Yao]"}, "87": {"gemma": "[Dorrie Main, Stephen P. Ficklin]"}, "88": {"gemma": "[Mirella Lapata, Michael J. Collins, Guodong Zhou, Xihong Wu, Yoav Artzi]"}, "89": {"gemma": "[Charles M. Bachmann, Robert A. Fusina]"}, "90": {"gemma": "[Christian Ringhofer, Rosanna Manzo, Michael Herty]"}, "91": {"gemma": "[Marlon Dumas, Jayant R. Kalagnanam, Maude Manouvrier]"}, "92": {"gemma": "[Christos Faloutsos, Andrew McCallum, Jure Leskovec]"}, "93": {"gemma": "[Hermann Ney, Daniel N. Klein, Christopher D. Manning, Yuji Matsumoto, Miles Osborne]"}, "94": {"gemma": "[Philip S. Yu, Kalyanmoy Deb, Fernando J. Von Zuben]"}, "95": {"gemma": "[P\u00e9ter G\u00e1sp\u00e1r, Zolt\u00e1n Szab\u00f3]"}, "96": {"gemma": "[Bing Li, Weifeng Pan, Jinhu Lu, James Noble, Marcus Frean]"}, "97": {"gemma": "[Jeffrey G. Andrews, Inkyu Lee, Liang Liu, Rui Zhang]"}, "98": {"gemma": "[Mengjie Zhang, Leonardo Vanneschi, Mauro Castelli, William B. Langdon, Maarten Keijzer]"}, "99": {"gemma": "[Mohamed-Slim Alouini, Ying-Chang Liang, Erik G. Larsson, H.V. Poor]"}, "100": {"gemma": "[Kenneth R. Koedinger, Valerie J. Shute]"}, "101": {"gemma": "[Nikos Paragios, Rachid Deriche, Xavier Bresson]"}, "102": {"gemma": "[Jun Hu, Xiaohui Liu, Peng Shi, James Lam]"}, "103": {"gemma": "[Minoru Nakayama]"}, "104": {"gemma": "[Vladimir Lifschitz, Michael Gelfond, Francesco Ricca, Torsten Schaub, Benjamin Kaufmann]"}, "105": {"gemma": "[Lars Borin]"}, "106": {"gemma": "[Martin Buss, Cl\u00e9ment Gosselin, Angelika Peer, Vincent Duchaine]"}, "107": {"gemma": "[Antony I. T. Rowstron, Scott Shenker, Evgenia Smirni, Alma Riska]"}, "108": {"gemma": "[Pawel Garbacki, Dick H. J. Epema, Robert Morris]"}, "109": {"gemma": "[Mehdi Dehghan]"}, "110": {"gemma": "[Weili Wu, Guoliang Xue, Hongwei Du]"}, "111": {"gemma": "[Xin Li, Michael I. Jordan, Andrew Zisserman]"}, "112": {"gemma": "[Mario Piattini, Kai Petersen, Rory V. O'Connor]"}, "113": {"gemma": "[Martine Collard, Joost N. Kok, George Karypis, Jure Leskovec]"}, "114": {"gemma": "[Keith D. Underwood, Ron Brightwell]"}, "115": {"gemma": "[Catholijn M. Jonker, Emma Norling, John-Jules Ch. Meyer, Mehdi Dastani]"}, "116": {"gemma": "[Bertrand M. Hochwald, Xiaodong Wang, Colin Cowan, David Tse]"}, "117": {"gemma": "[Horst Bischof, F. Fleuret, Saad M. Khan, Pascal Fua]"}, "118": {"gemma": "[Christopher Leckie, Marimuthu Palaniswami, Ian F. Akyildiz]"}, "119": {"gemma": "[Tim Finin, Anupam Joshi, Chae Woo Yoo, Jaeyoung Choi, Kyoungho Shin]"}, "120": {"gemma": "[Philip S. Yu, Beng Chin Ooi, Jianzhong Li, Christos Faloutsos]"}, "121": {"gemma": "[Byung-In Kim]"}, "122": {"gemma": "[Duo Wei, Michael Halper, James J. Cimino, Olivier Bodenreider, Natalya Fridman Noy, Anita Burgun, Barry Smith, Kent A. Spackman, George Hripcsak, James Geller, Hua Min, Christopher Ochs, Ankur Agrawal]"}, "123": {"gemma": "[Lei Zhang, Ren\u00e9 Vidal, Shuicheng Yan, Xuelong Li]"}, "124": {"gemma": "[Tarek F. Abdelzaher, David E. Culler, Ramesh Govindan, Ian F. Akyildiz, Bo Li]"}, "125": {"gemma": "[Ryan M. Eustice, Wolfram Burgard, Hugh F. Durrant-Whyte, Michael Kaess, John J. Leonard]"}, "126": {"gemma": "[Bashir M. Al-Hashimi, Rahul M. Rao, Farshad Moradi, Anantha P. Chandrakasan, Vijaykrishnan Narayanan]"}, "127": {"gemma": "[Fabio A. Gonz\u00e1lez]"}, "128": {"gemma": "[Serena Villata, Fabien Gandon, Luca Costabello]"}, "129": {"gemma": "[Paulo Salvador, Shoji Kasahara]"}, "130": {"gemma": "[Yaochu Jin, Albert Orriols-Puig, David E. Goldberg]"}, "131": {"gemma": "[Joseph Torrellas, Margaret Martonosi, Narayanan Vijaykrishnan, Scott A. Mahlke]"}, "132": {"gemma": "[Daniel Gatica-Perez, James L. Crowley, Oliver Brdiczka]"}, "133": {"gemma": "[Tanja Schultz, Alex Waibel, Andreas Stolcke, Florian Kraft, Matthias W\u00f6lfel]"}, "134": {"gemma": "[Stephen L. Smith, Andy M. Tyrrell, Michael A. Lones]"}, "135": {"gemma": "[Andrew Y. Ng, Gaowei Wu, Xueqi Cheng, Yoshua Bengio]"}, "136": {"gemma": "[U. Rajendra Acharya, Jasjit S. Suri]"}, "137": {"gemma": "[W. Lewis Johnson, Cyril Brom]"}, "138": {"gemma": "[Mary Hegarty, N. Hari Narayanan]"}, "139": {"gemma": "[Mary L. Cummings, Raja Parasuraman]"}, "140": {"gemma": "[Christoph Steinbeck]"}, "141": {"gemma": "[Mark R. Cutkosky, Pieter Abbeel, Jeffrey Mahler, Ben Kehoe, Siddhartha S. Srinivasa]"}, "142": {"gemma": "[Sudip Misra, Mohammad S. Obaidat]"}, "143": {"gemma": "[Kun Yang, Rui Zhang, Elza Erkip, Sennur Ulukus, Qin Yu]"}, "144": {"gemma": "[Alexander M. Haimovich, Alfonso Farina, Bo Li, Gregory W. Wornell, Jean Philippe Ovarlez]"}, "145": {"gemma": "[Matthew K. O. Lee, Christy M. K. Cheung, Anol Bhattacherjee]"}, "146": {"gemma": "[Michael G. Hinchey, Christopher A. Rouff, James L. Rash]"}, "147": {"gemma": "[Tim Kindberg, Rui Jos\u00e9, Carman Neustaedter]"}, "148": {"gemma": "[Nicholas Ayache, Snehashis Roy, Christian Barillot]"}, "149": {"gemma": "[Ethan L. Miller, Hong Jiang, Dan Feng]"}, "150": {"gemma": "[Pierre Ouellet, Berlin Chen, Alex Waibel, Ibon Saratxaga, Thomas F. Quatieri]"}, "151": {"gemma": "[Volkmar Pipek, Jennifer Mankoff, Thomas A. Finholt]"}, "152": {"gemma": "[Sergio Bampi, Wen Gao, Thomas Wiegand]"}, "153": {"gemma": "[Vincent V. Salomonson, Bruce Guenther, Junqiang Sun]"}, "154": {"gemma": "[Klaus Bartl, Florian Eyben, Bj\u00f6rn W. Schuller]"}, "155": {"gemma": "[Kenneth R. Koedinger, Tiffany Barnes, Mung Chiang]"}, "156": {"gemma": "[Jeffrey Heer, Martin Wattenberg, Petra Isenberg]"}, "157": {"gemma": "[Ryo Kurazume, Yumi Iwashita, Wei Liu]"}, "158": {"gemma": "[Alexander Zelikovsky, Ion I. Mandoiu, Osvaldo Zagordi]"}, "159": {"gemma": "[Yang Li, Wenjing Lou, Mario Bkassiny, Sudharman K. Jayaweera]"}, "160": {"gemma": "[Lei Zhang, Josef Kittler, Xilin Chen, Marios Savvides, Robyn A. Owens]"}, "161": {"gemma": "[Steve J. Young, Yoshua Bengio, Kyunghyun Cho]"}, "162": {"gemma": "[Jacques Palicot, Christophe Moy]"}, "163": {"gemma": "[Enda Fallon, Sean Murphy, John Murphy, Nicolas T. Courtois, Ingrid Verbauwhede]"}, "164": {"gemma": "[Pedro L\u00f3pez-Garc\u00eda 0001, John P. Gallagher, Germ\u00e1n Puebla, Manuel V. Hermenegildo]"}, "165": {"gemma": "[Tao Jiang, Shlomo Shamai, Dongning Guo]"}, "166": {"gemma": "[Teodor Sommestad, Per N\u00e4rman]"}, "167": {"gemma": "[Horst Bunke, Andreas Schlapbach, Lambert Schomaker, Matti Pietik\u00e4inen]"}, "168": {"gemma": "[Hans-Peter Seidel, Markus H. Gross, Yutaka Ohtake, Alexander G. Belyaev]"}, "169": {"gemma": "[George Karypis, Gerhard Weikum, Tom M. Mitchell]"}, "170": {"gemma": "[Fernando Pereira, Yoshua Bengio]"}, "171": {"gemma": "[Robert C. Miller, Sara Kiesler, James D. Herbsleb]"}, "172": {"gemma": "[Taher Niknam, Mohammad-Reza Akbari-Zadeh, Aliasghar Baziar, Abdollah Kavousi-Fard]"}, "173": {"gemma": "[Matti Pietik\u00e4inen, Yingli Tian, Jeffrey F. Cohn]"}, "174": {"gemma": "[Wei Wang, Qiang Yang]"}, "175": {"gemma": "[Yannis E. Ioannidis, Shan Wang, Hector Garcia-Molina]"}, "176": {"gemma": "[Hugo Terashima-Mar\u00edn, Ender \u00d6zcan, Sanja Petrovic, Ben Paechter, Greet Vanden Berghe]"}, "177": {"gemma": "[Kevin Warwick]"}, "178": {"gemma": "[James Demmel, Victor Eijkhout, Jack Dongarra]"}, "179": {"gemma": "[Pascal Volino, Hyeong-Seok Ko, Eitan Grinspun]"}, "180": {"gemma": "[Sven Groppe, Christoph Koch, Jinghua Groppe]"}, "181": {"gemma": "[Christopher Edwards, Francesco Dinuzzo, Elio Usai, Alessandro Pisano, Lorenzo Fagiano]"}, "182": {"gemma": "[Andrzej Ruszczynski]"}, "183": {"gemma": "[Muriel Medard, Johannes Gehrke, Cynthia Dwork]"}, "184": {"gemma": "[Joon-Hyuk Chang, Nam Soo Kim]"}, "185": {"gemma": "[Jennifer Widom, Bernhard Seeger, Daniel J. Abadi]"}, "186": {"gemma": "[Yuji Matsumoto, Kentaro Inui, Yusuke Miyao]"}, "187": {"gemma": "[John Mylopoulos, Fabio Massacci, Wouter Joosen]"}, "188": {"gemma": "[Trygve B. Leergaard, Jan G. Bjaalie]"}, "189": {"gemma": "[Harald Steck, Irwin King, Martin Ester, Michael R. Lyu]"}, "190": {"gemma": "[Zhou L, Yu-Bo Sheng, Li Dong, Chuan Wang, Xing-Fu Wang]"}, "191": {"gemma": "[Wangmeng Zuo, Takafumi Aoki, Koichi Ito]"}, "192": {"gemma": "[Pierre Alliez, Marc Alexa]"}, "193": {"gemma": "[Zhou Wang, Weisi Lin]"}, "194": {"gemma": "[Arash Arami, Kamiar Aminian]"}, "195": {"gemma": "[Jenq Kuen Lee]"}, "196": {"gemma": "[Markus Rupp, Martin Wrulich, Josep Colom Ikuno]"}, "197": {"gemma": "[Mark Harman, Ian C. Parmee, Christopher L. Simons]"}, "198": {"gemma": "[Ian Dobson, B.A. Carreras, David E. Newman]"}, "199": {"gemma": "[Uwe Aickelin, Peer-Olaf Siebers]"}, "200": {"gemma": "[Minseok Song]"}, "201": {"gemma": "[Mohammad Tehranipoor, Hans-Joachim Wunderlich, Nur A. Touba, Janusz Rajski]"}, "202": {"gemma": "[Shrikanth Narayanan, Jan P. H. van Santen, Sakriani Sakti]"}, "203": {"gemma": "[Yannis Stylianou, Junichi Yamagishi, Tomoki Toda]"}, "204": {"gemma": "[Albert Cohen, Eduard Ayguad\u00e9, John Thomson, Ayal Zaks]"}, "205": {"gemma": "[Atulya K. Nagar, K. G. Subramanian]"}, "206": {"gemma": "[Horacio Franco, Martin Graciarena]"}, "207": {"gemma": "[Glenn Reinman, David M. Brooks, Scott A. Mahlke]"}, "208": {"gemma": "[Roger Wattenhofer, Michael Elkin]"}, "209": {"gemma": "[Antonio Bicchi, Suguru Arimoto, Morio Yoshida, Shinichi Hirai, Joonhee Jo]"}, "210": {"gemma": "[Achim Streit, Mathieu Jan, Marko Niinim\u00e4ki, A. Waananen, Laurence Field]"}, "211": {"gemma": "[Valmi Dufour-Lussier, Jean Lieber, Alexander Maedche, Emmanuelle Gaillard, Emmanuel Nauer]"}, "212": {"gemma": "[Jacques-Olivier Klein, Weisheng Zhao, Jisu Kim, Seong-Ook Jung]"}, "213": {"gemma": "[Ian O'Connor, Kartik Mohanram]"}, "214": {"gemma": "[J.-Y. Lin, Chin-Chen Chang, Chwei-Shyong Tsai, Min-Shiang Hwang]"}, "215": {"gemma": "[Jian Zhang, Xinyi Liu, Shaoyong Lu, Wenkang Huang]"}, "216": {"gemma": "[Ion Stoica, Scott Shenker, Matei Zaharia, Hakim Weatherspoon]"}, "217": {"gemma": "[Carl-Fredrik Westin, Rachid Deriche, Yogesh Rathi, Maxime Descoteaux]"}, "218": {"gemma": "[Jung-Ryun Lee, Hari Balakrishnan]"}, "219": {"gemma": "[Dong Wang, Xiaofei He, Furao Shen, Jinxi Zhao]"}, "220": {"gemma": "[Stefan Nickel, Juan A. Mesa, \u00c1ngel Mar\u00edn]"}, "221": {"gemma": "[Dong-Sheng Cao, Qing-Song Xu]"}, "222": {"gemma": "[David Angeli, James B. Rawlings, Eduardo F. Camacho, Rishi Amrit]"}, "223": {"gemma": "[Chris Lattner, Yaoqing Gao, Xipeng Shen]"}, "224": {"gemma": "[Kai Petersen, Rick Rabiser, Silvio Romero de Lemos Meira, Daniel Lucr\u00e9dio, Marcus A. Rothenberger, Kevin J. Dooley, E.S. de Almeida]"}, "225": {"gemma": "[Pietro Perona, George Bebis, Ronald Miller]"}, "226": {"gemma": "[Magdalena Balazinska, Stan Zdonik, Mitch Cherniack, Victor Vianu, Wei Hong]"}, "227": {"gemma": "[Iraj Mahdavi]"}, "228": {"gemma": "[Sungyoung Lee, Qiang Yang, Wei Wang, Xiang Wan, Bertil Schmidt]"}, "229": {"gemma": "[Edward Walker, Marta Mattoso, Abhinav Bhatele, Gideon Juve, Miron Livny]"}, "230": {"gemma": "[Juan M. S\u00e1nchez-P\u00e9rez, Hyunseung Choo, Pavel A. Pevzner, \u00c1lvaro Rubio-Largo]"}, "231": {"gemma": "[J\u00f6rn Hurtienne]"}, "232": {"gemma": "[Seth Hutchinson, Alexandre Krupa, Vicent Girb\u00e9s, Kazuhito Yokoi]"}, "233": {"gemma": "[Makoto Ikeda, Leonard Barolli, Fatos Xhafa, Akio Koyama, Ian F. Akyildiz]"}, "234": {"gemma": "[Samarjit Chakraborty, Haibo Zeng]"}, "235": {"gemma": "[Cristina Urdiales, F. Sandoval]"}, "236": {"gemma": "[Matthijs T. J. Spaan, An\u00edbal Ollero, Richard Bowden]"}, "237": {"gemma": "[Zhu Han, Yusheng Ji, Behnaam Aazhang, Haobing Wang, Andrew Sendonaris]"}, "238": {"gemma": "[Fabio Neri, Mario Pickavet]"}, "239": {"gemma": "[Petri Mahonen, Ingrid Moerman, L.A. DaSilva]"}, "240": {"gemma": "[Tarek F. Abdelzaher, Philip Levis, Deborah Estrin, John A. Stankovic, Mauri Kuorilehto]"}, "241": {"gemma": "[David B. Whalley, Devika Subramanian]"}, "242": {"gemma": "[Adrian Perrig, Ali N. Akansu, Thomas L. Marzetta, Fernando P\u00e9rez-Gonz\u00e1lez]"}, "243": {"gemma": "[Qiang Yang, Yu Zheng, Wang-Chien Lee, Xing Xie, Mohamed F. Mokbel]"}, "244": {"gemma": "[Ian T. Foster, Robert Morris, Mohamed Othman, Hamidah Ibrahim, Shamala Subramaniam]"}, "245": {"gemma": "[Carlos Cotta, Alexandre Mendes, Paulo Morelato Fran\u00e7a]"}, "246": {"gemma": "[Wendy W. Chapman, Guergana Savova, \u00d6zlem Uzuner]"}, "247": {"gemma": "[Tor Helleseth, Pascale Charpin, Josep Rif\u00e0, Kevin T. Phelps, Michael Giudici]"}, "248": {"gemma": "[Andreas Uhl, Nalini K. Ratha, Richa Singh, Shiguang Shan]"}, "249": {"gemma": "[Tam\u00e1s Terlaky, C. Roos, H. Mansouri]"}, "250": {"gemma": "[Max Welling, Cecilia Mascolo, Michael R. Lyu, Christos Faloutsos]"}, "251": {"gemma": "[David Gurney, He Li, Ming-Zhi Yang]"}, "252": {"gemma": "[Rick S. Blum, Alexander M. Haimovich, Kai-Kit Wong, David Tse]"}, "253": {"gemma": "[Lionel M. Ni, Gennady L. Andrienko, Natalia V. Andrienko]"}, "254": {"gemma": "[Deborah L. McGuinness, Jens Lehmann, Aidan Hogan]"}, "255": {"gemma": "[Alex Krizhevsky, Geoffrey E. Hinton, Yoshua Bengio]"}, "256": {"gemma": "[Filipe Araujo, Naghmeh Ivaki]"}, "257": {"gemma": "[Satoru Miyano, Jo\u00e3o Ricardo Sato, Daniel Rueckert, Korbinian Strimmer]"}, "258": {"gemma": "[Philip J. Edwards, John B. Moore]"}, "259": {"gemma": "[Meng Wang, Lei Zhang]"}, "260": {"gemma": "[Jacob Buur]"}, "261": {"gemma": "[Stefano Buzzi, Jakob Hoydis, Erik G. Larsson, Gunther Auer]"}, "262": {"gemma": "[Marco Cristani, Ming-Hsuan Yang, Xuelong Li, Dacheng Tao, Shuicheng Yan]"}, "263": {"gemma": "[Jian Yang, Jeng-Shyang Pan, Anastasios Tefas, Ioannis Pitas]"}, "264": {"gemma": "[Carlo Cecati, Jose Rodriguez, K. Gopakumar, Steffen Bernet]"}, "265": {"gemma": "[Hermann Ney, Christof Monz, Stephan Vogel]"}, "266": {"gemma": "[Kenji Shimada, Tevfik Metin Sezgin, Leslie Gennari, Michele Risi]"}, "267": {"gemma": "[Ronen I. Brafman, Lirong Xia, Craig Boutilier]"}, "268": {"gemma": "[Rory V. O'Connor, Mario Piattini, Claude Y. Laporte]"}, "269": {"gemma": "[Hideya Kawaji, Alistair R. R. Forrest]"}, "270": {"gemma": "[Wei Zhang, Kwok-Wo Wong, Xinpeng Zhang, Min Wu, Enrico Magli]"}, "271": {"gemma": "[Yonina C. Eldar, Erchin Serpedin, Philippe Loubaton, Giacinto Gelli]"}, "272": {"gemma": "[Martin Rehak, Nicholas R. Jennings, Pavel \u010celeda]"}, "273": {"gemma": "[Loet Leydesdorff, Dietmar Wolfram, Nees Jan van Eck]"}, "274": {"gemma": "[Michael Haller, Jennifer Mankoff, Ravin Balakrishnan, Steven P. Dow, Bj\u00f6rn Hartmann]"}, "275": {"gemma": "[Wayne Luk, Satoshi Matsuoka, Guangwen Yang, Haohuan Fu, David A. Patterson]"}, "276": {"gemma": "[Hans-Peter Seidel, R\u00fcdiger Westermann, Carsten Dachsbacher, Fr\u00e9do Durand, Henrik Wann Jensen]"}, "277": {"gemma": "[Nicole B. Ellison, Jennifer L. Gibbs, Jeffrey T. Hancock, Patric R. Spence]"}, "278": {"gemma": "[Julio Abascal, Jean Vanderdonckt, Myriam Arrue]"}, "279": {"gemma": "[Peter L. Reiher, Anna Bouch, Allan Kuchinsky]"}, "280": {"gemma": "[Jochen Horstmann, Paolo Braca, Peter Willett, Wolfgang Koch, Susanne Lehner]"}, "281": {"gemma": "[Jeffrey S. Vetter, Wei Huang, Dhabaleswar K. Panda]"}, "282": {"gemma": "[G\u00fcnter R. Raidl, Eric Soutif]"}, "283": {"gemma": "[Hong An, Stephen W. Keckler, Christos Kozyrakis, Kevin E. Moore, David A. Wood]"}, "284": {"gemma": "[Johannes Kraus, Owe Axelsson, Roman Kohut, Ond\u0159ej Jakl]"}, "285": {"gemma": "[David E. Culler, Huazhong Yang, Joseph Polastre]"}, "286": {"gemma": "[Wei Liu, Qi Tian, John R. Smith, Tat-Seng Chua, Xian-Sheng Hua]"}, "287": {"gemma": "[Tiziana Margaria, Bernhard Steffen]"}, "288": {"gemma": "[Lucas J\u00f3dar, J. C. Cort\u00e9s, L. Villafuerte]"}, "289": {"gemma": "[Rolf Niedermeier, Dieter Kratsch]"}, "290": {"gemma": "[Laurence T. Yang, Rongxing Lu, Kim-Kwang Raymond Choo, Ali Dehghantanha, Christian D'Orazio]"}, "291": {"gemma": "[Vivek Sarkar, Mark D. Hill, Michael D. Bond]"}, "292": {"gemma": "[Guy Godin, Louis Borgeat, F. Blais]"}, "293": {"gemma": "[Mirella Lapata, Joel R. Tetreault, Atsuo Kawai]"}, "294": {"gemma": "[Gerardo Canfora, Andrea De Lucia, Rocco Oliveto, Lionel C. Briand, Michele Lanza]"}, "295": {"gemma": "[Wilhelm Hasselbring, Florian Fittkau, Jan Waller]"}, "296": {"gemma": "[Steffen Staab, Diego Calvanese]"}, "297": {"gemma": "[Yu Wang, Cong Xu, Yiran Chen, Hai Li]"}, "298": {"gemma": "[Jeffrey G. Andrews, Theodore S. Rappaport, Preben Mogensen]"}, "299": {"gemma": "[Viktor K. Prasanna, Yves Robert, Chi Chung Ko, Thomas G. Robertazzi, Daniel Grosu]"}, "300": {"gemma": "[James A. Landay, Hans Gellersen, Paul Lukowicz, Albert Krohn]"}, "301": {"gemma": "[Jun Zhang, Stanley Osher, Xavier Bresson, Luminita A. Vese]"}, "302": {"gemma": "[R Reinder Haakma, X Xi Long, P Pedro Fonseca]"}, "303": {"gemma": "[Juanjuan Zhang, Elena Katok]"}, "304": {"gemma": "[Scott Shenker, Wei Yu, Kang G. Shin]"}, "305": {"gemma": "[Libero Nigro, Franco Cicirelli, Angelo Furfaro]"}, "306": {"gemma": "[Li Zhang, Qinghua Guo, Lajos Hanzo, Hiroshi Suzuki, Li Ping, Satoshi Suyama, Kazuhiko Fukawa]"}, "307": {"gemma": "[Ricardo A. Baeza-Yates, Gonzalo Navarro]"}, "308": {"gemma": "[Toshiaki Katayama, Yasukazu Nakamura, Jan Aerts]"}, "309": {"gemma": "[Murali Annavaram, Pasi Liljeberg, Kimiyoshi Usami]"}, "310": {"gemma": "[Michael Zakharyaschev, Georg Gottlob, Steffen Staab, Magdalena Ortiz, Marco Ruzzi]"}, "311": {"gemma": "[Paul D. Clough, Andrew Turpin, Nick Craswell, Susan Price, Lois M. L. Delcambre]"}, "312": {"gemma": "[Mark Billinghurst, Juan M. Ordu\u00f1a, Pedro Morillo]"}, "313": {"gemma": "[Mitsuo Gen, Reza Tavakkoli-Moghaddam, S. M. T. Fatemi Ghomi]"}, "314": {"gemma": "[Robert Morris, Guohong Cao, Jon Crowcroft, Eiko Yoneki]"}, "315": {"gemma": "[Li Zhang, Qi Wang, Thomas Wiegand, Aljoscha Smolic, Sheila S. Hemami]"}, "316": {"gemma": "[Magnus Egerstedt, Wolfram Burgard, Dieter Fox, Sebastian Thrun, Giuseppe Oriolo]"}, "317": {"gemma": "[Xiuying Wang, David Dagan Feng, Jurij F\u00fcrst]"}, "318": {"gemma": "[Sajal K. Das, David E. Culler, Ian F. Akyildiz, Tian He]"}, "319": {"gemma": "[Kouhei Ohnishi, Seiichiro Katsura, Toshiaki Tsuji]"}, "320": {"gemma": "[Wolfgang Schreiner, Giuseppe Lipari, Vladimir Cretu]"}, "321": {"gemma": "[Guiqiang Dong, Hai Li, Jeongseok Ha, Kiyoung Choi]"}, "322": {"gemma": "[Michael Elad, Jean Ponce, Thomas S. Huang]"}, "323": {"gemma": "[Zhengrong Xiang, Huaguang Zhang, Zidong Wang]"}, "324": {"gemma": "[Grzegorz J. Nalepa, Antoni Lig\u0119za, Mateusz Baran, Krzysztof Kluza]"}, "325": {"gemma": "[Gerhard Krieger, Rolf Scheiber, Marwan Younis, Alberto Moreira]"}, "326": {"gemma": "[Walter G. Kropatsch, Xin Li, Wolfram Burgard, Rui Caseiro, Sebastian Thrun, Kaiming He]"}, "327": {"gemma": "[Marijn Janssen, Mary Tate]"}, "328": {"gemma": "[Viktor K. Prasanna, Weirong Jiang]"}, "329": {"gemma": "[Amir Muaremi, Agnes Gr\u00fcnerbl, Enzo Pasquale Scilingo]"}, "330": {"gemma": "[Stacey D. Scott, Meredith Ringel Morris, Paul Marshall, Sriram Subramanian]"}, "331": {"gemma": "[Albrecht J. Fehske, Muhammad Ali Imran, Shugong Xu]"}, "332": {"gemma": "[Anders L. Madsen, Thomas Dyhre Nielsen]"}, "333": {"gemma": "[Zvi Drezner, Inmaculada Garc\u00eda, Jos\u00e9-Jes\u00fas Fern\u00e1ndez, Pawel Jan Kalczynski]"}, "334": {"gemma": "[Philip S. Yu, Bing Liu, Xifeng Yan, Yizhou Sun]"}, "335": {"gemma": "[Mike Spreitzer, Filip De Turck, Rolf Stadler, Brendan Jennings]"}, "336": {"gemma": "[John Riedl, Joseph A. Konstan]"}, "337": {"gemma": "[Gregg Rothermel, W. Eric Wong, Mark Harman, Chen Zhang, Baowen Xu]"}, "338": {"gemma": "[M. E. J. Newman]"}, "339": {"gemma": "[Scott Shenker, Jes\u00fas Carretero, Rajiv Ranjan, Gideon Juve, C\u00e9sar A. F. De Rose]"}, "340": {"gemma": "[Sergio F. Ochoa]"}, "341": {"gemma": "[Rene de Jesus Romero-Troncoso, Arturo Garcia-Perez, M. Riera-Guasp, Gerard-Andre Capolino]"}, "342": {"gemma": "[Chung Keung Poon, Yinfeng Xu, Benjamin Moseley, Stanley P. Y. Fung, Jae-Hoon Kim]"}, "343": {"gemma": "[Charles C. Tappert, Sung-Hyuk Cha]"}, "344": {"gemma": "[Atsuko Yamaguchi, Kiyoko F. Aoki-Kinoshita, Minoru Kanehisa]"}, "345": {"gemma": "[YangQuan Chen]"}, "346": {"gemma": "[Guido Gerig, Carl-Fredrik Westin, James C. Gee, Maxime Descoteaux]"}, "347": {"gemma": "[Jan Olaf Blech, Fenglin Han, Lasith Fernando]"}, "348": {"gemma": "[Nick Koudas, Divesh Srivastava, H. V. Jagadish]"}, "349": {"gemma": "[Jon Crowcroft, Muriel Medard, Peter Han Joo Chong]"}, "350": {"gemma": "[Stefan Werner, Ali H. Sayed, Jacob Benesty, Geert Leus]"}, "351": {"gemma": "[Robert Feldt, Claes Wohlin, J\u00fcrgen M\u00fcnch, Tore Dyb\u00e5]"}, "352": {"gemma": "[Alexander Verbraeck]"}, "353": {"gemma": "[Thomas S. Messerges, Dongho Won, Ingrid Verbauwhede]"}, "354": {"gemma": "[Vincent F. Yu, Pei-Chann Chang, Shih-Hsin Chen]"}, "355": {"gemma": "[Mustafa Aksoy, Joel T. Johnson, Christopher S. Ruf, Eni G. Njoku]"}, "356": {"gemma": "[Pedro Jussieu de Rezende, Christiane Schmidt, Alexander Kr\u00f6ller]"}, "357": {"gemma": "[Josep Torrellas, Xing Zhou]"}, "358": {"gemma": "[Mohamed-Slim Alouini, Iain B. Collings, George K. Karagiannidis, Kai-Kit Wong, Daniel P. Palomar]"}, "359": {"gemma": "[K. Rustan M. Leino, Vijay A. Saraswat, Martin C. Rinard, Philippe Suter, Sanjit A. Seshia]"}, "360": {"gemma": "[Paolo Cignoni, Enrico Gobbetti, Fabio Marton, J.-A. Beraldin, Louis Borgeat, F. Blais]"}, "361": {"gemma": "[Elza Erkip, Gregory W. Wornell, Giacinto Gelli, Donatella Darsena, Inkyu Lee]"}, "362": {"gemma": "[Ingmar Weber, Tatiana Gossen, Andreas N\u00fcrnberger, Djoerd Hiemstra, Leif Azzopardi]"}, "363": {"gemma": "[Katsumi Tanaka, Yong Yu, W. Bruce Croft]"}, "364": {"gemma": "[Judy Sheard, Barbara Kitchenham]"}, "365": {"gemma": "[James Aspnes, Paul G. Spirakis]"}, "366": {"gemma": "[Ronald L. Rivest, Amit Sahai, Dan Boneh, Hovav Shacham, Matthew K. Franklin]"}, "367": {"gemma": "[Jian-Yun Nie, Wei-Ying Ma, Ting Liu, Ji-Rong Wen]"}, "368": {"gemma": "[Timo D. H\u00e4m\u00e4l\u00e4inen, Edison Pignaton de Freitas, Carlos Eduardo Pereira, Fl\u00e1vio Rech Wagner]"}, "369": {"gemma": "[Hua Wang, Pulkit Grover, Jeffrey G. Andrews, Robert W. Heath, Vladimir Stojanovic]"}, "370": {"gemma": "[Marlon E. Pierce, Bo K\u00e5gstr\u00f6m, Jack Dongarra]"}, "371": {"gemma": "[Dariusz Mrozek, Bo\u017cena Ma\u0142ysiak-Mrozek, Andreas Prli\u0107, Sean R. Eddy]"}, "372": {"gemma": "[Perttu H\u00e4m\u00e4l\u00e4inen, Johanna H\u00f6ysniemi]"}, "373": {"gemma": "[Christian Igel, Marc Schlipsing, Johannes Stallkamp]"}, "374": {"gemma": "[Scott Hauck, Diederik Verkest, Rudy Lauwereins]"}, "375": {"gemma": "[Bernhard Pfahringer, William Zhu, Andrew McCallum, Martin Ester, Robert M. Bell]"}, "376": {"gemma": "[Seth Hutchinson, Kostas J. Kyriakopoulos, George C. Karras]"}, "377": {"gemma": "[Lidia Fuentes, Pablo S\u00e1nchez, Helmut Neukirchen, Paul Baker]"}, "378": {"gemma": "[John Mylopoulos, Paolo Giorgini, Fabio Massacci, Camille Salinesi, Amina Souag]"}, "379": {"gemma": "[Bhaskar D. Rao, Saikat Chatterjee]"}, "380": {"gemma": "[Wei Wang, Victor Lavrenko, Fabio Crestani]"}, "381": {"gemma": "[Yong Wu]"}, "382": {"gemma": "[Philippe Olivier Alexandre Navaux, Hans-Ulrich Hei\u00df, Brice Goglin, Eduardo Henrique Molina da Cruz, Marco Antonio Zanata Alves]"}, "383": {"gemma": "[Takafumi Hayashi, Wenwu Wang, Xiaohu Tang, Makoto Nakamura]"}, "384": {"gemma": "[Maurizio Patrignani, Michael T. Goodrich, Eyal Ackerman, Christian Bachmaier, Stephen G. Kobourov]"}, "385": {"gemma": "[Qing Li, Fei Tao]"}, "386": {"gemma": "[S. A. Julia, Nicolas Riviere]"}, "387": {"gemma": "[Zhoujun Li, Llu\u00eds Godo, Yee Leung, Fan Min, William Zhu]"}, "388": {"gemma": "[Gary R. Greenfield, Agostinho C. Rosa, Vitorino Ramos]"}, "389": {"gemma": "[Christof Fetzer, Ute Schiffel, Martin S\u00fc\u00dfkraut]"}, "390": {"gemma": "[Georgios B. Giannakis, Elza Erkip, Mohamed-Slim Alouini, Behnaam Aazhang, Andrew Sendonaris, George K. Karagiannidis, Pierre Duhamel, Mikael Skoglund, Steve McLaughlin]"}, "391": {"gemma": "[Mitchel Resnick, Leah Buechley, Michael Eisenberg]"}, "392": {"gemma": "[Khaled Ragab, Kinji Mori]"}, "393": {"gemma": "[Matti Pietik\u00e4inen, Kevin W. Bowyer, Patrick J. Flynn, Anil K. Jain, Michael J. Jones]"}, "394": {"gemma": "[Hans-Peter Seidel, Sebastian Thrun, Christian Theobalt, Matthias Nie\u00dfner]"}, "395": {"gemma": "[Lieven Eeckhout, David Gregg, Mateo Valero, Margaret Martonosi]"}, "396": {"gemma": "[Joost Vennekens, Ilkka Niemel\u00e4]"}, "397": {"gemma": "[Isaac Skog, Yuan Zhuang, Haiyu Lan]"}, "398": {"gemma": "[Mikael Skoglund, Elza Erkip, Giuseppe Caire]"}, "399": {"gemma": "[Jan Camenisch]"}, "400": {"gemma": "[Thorsten Hampel, Peter Druschel, David R. Karger, Robert Morris, M. Frans Kaashoek]"}, "401": {"gemma": "[Christophe Mouilleron, \u00c9ric Schost, Alin Bostan]"}, "402": {"gemma": "[Ahmad-Reza Sadeghi]"}, "403": {"gemma": "[Nelson L. S. da Fonseca, Turgay Korkmaz, Xiaomin Chen, Andr\u00e9 C. Drummond]"}, "404": {"gemma": "[Chin-Chen Chang, Tzung-Her Chen, Shyong Jian Shyu]"}, "405": {"gemma": "[Eero P. Simoncelli, Jue Wang]"}, "406": {"gemma": "[Reinhard Beer, Michael Lampel, Clive D. Rodgers, Shepard A. Clough]"}, "407": {"gemma": "[Christopher D. Manning, Michael I. Jordan, Xindong Wu, Yueting Zhuang]"}, "408": {"gemma": "[Sarita V. Adve, Josep Torrellas, Hans-Juergen Boehm]"}, "409": {"gemma": "[Mario Gerla, Ian F. Akyildiz, Melike Erol-Kantarci]"}, "410": {"gemma": "[Xiaodong Li, Xin Yao, Ke Tang, Carlos A. Coello Coello]"}, "411": {"gemma": "[F. Filippetti, E. Levi, Jose Rodriguez, Gerard-Andre Capolino, Bilal Akin]"}, "412": {"gemma": "[F\u00e1bio Fernandes da Rocha Vicente, Ulisses Braga-Neto, Edward R. Dougherty, Junior Barrera, Marcel Brun]"}, "413": {"gemma": "[Andrea Matta, Guorong Chen, Stephan Biller, Ningjian Huang]"}, "414": {"gemma": "[Ruslan Salakhutdinov, Rui Zhang, Nando de Freitas]"}, "415": {"gemma": "[Ali Sunyaev, Stephan Schneider]"}, "416": {"gemma": "[Guergana Savova, Imre Solti, James J. Masanz, Christopher G. Chute, Louis Del\u00e9ger]"}, "417": {"gemma": "[Alberto L. Sangiovanni-Vincentelli, Luciano Lavagno]"}, "418": {"gemma": "[Usman Roshan, Thomas Ludwig, Dennis R. Livesay]"}, "419": {"gemma": "[Yann LeCun, Yoshua Bengio]"}, "420": {"gemma": "[Alfred Mertins, Josep R. Casas, Radoslaw Mazur, Huy Phan]"}, "421": {"gemma": "[Peng Xu, Dacheng Tao, Chih-Jen Lin]"}, "422": {"gemma": "[Eric Rogers, Hyo-Sung Ahn, Kevin L. Moore]"}, "423": {"gemma": "[Xin Li, Gene Cheung, Antonio Ortega]"}, "424": {"gemma": "[Thomas A. Henzinger, Sven Schewe, Alessio Lomuscio]"}, "425": {"gemma": "[Toshimichi Saito]"}, "426": {"gemma": "[Andreas Stolcke, Elizabeth Shriberg, Jens Edlund, George Ferguson, Shrikanth Narayanan]"}, "427": {"gemma": "[Gordan Jezic, Mario Kusek, Iva Bojic]"}, "428": {"gemma": "[Quentin Jones, Charles Steinfield, Cliff Lampe, Andrew T. Fiore]"}, "429": {"gemma": "[Chunsheng Liu, Erik Jan Marinissen]"}, "430": {"gemma": "[Kevin Hammond, Greg Michaelson, Hans-Wolfgang Loidl, Philip W. Trinder]"}, "431": {"gemma": "[Kun Zhou]"}, "432": {"gemma": "[Gun-Woo Moon, Koji Tanaka, Joong-Hui Lee, Sheldon S. Williamson]"}, "433": {"gemma": "[Sarit Kraus, Onn Shehory, Nicholas R. Jennings, Tomas Klos]"}, "434": {"gemma": "[Wolfgang Rosenstiel, Norman Fenton, Martin Neil, Thomas Schulz, Ayse Basar Bener]"}, "435": {"gemma": "[Philip S. Yu, Wei Wang, H. V. Jagadish]"}, "436": {"gemma": "[Altamiro Amadeu Susin, Umit Y. Ogras, G. De Micheli]"}, "437": {"gemma": "[Rahim Tafazolli, W Robert Heath, Gregory W. Wornell, Petar Popovski, H.V. Poor]"}, "438": {"gemma": "[Dipak Surie, Thomas Pederson, Lars-Erik Janlert]"}, "439": {"gemma": "[Ritu Agarwal, Detmar W. Straub, Michael G. Morris]"}, "440": {"gemma": "[Xiao Zhang, P. Sadayappan, Xiaodong Zhang, Thomas F. Wenisch, James E. Smith]"}, "441": {"gemma": "[Peter W. O'Hearn, Georg Struth, Han-Hing Dang]"}, "442": {"gemma": "[Roman Vacul\u00edn, Richard Hull, Santhosh Kumaran]"}, "443": {"gemma": "[Hugo Proen\u00e7a, Arun Ross, Marios Savvides, B. V. K. Vijaya Kumar]"}, "444": {"gemma": "[Rui Dinis, Norbert Wehn, R\u00fcdiger L. Urbanke, Gabriel Falcao]"}, "445": {"gemma": "[Eryk Ciepiela, Marek Kasztelnik, Tomasz Piontek, Ilkay Altintas, Jan Meizner, Bastien Chopard, Derek Groen]"}, "446": {"gemma": "[Carl K. Chang, Jun Shen, Mark J. Christensen]"}, "447": {"gemma": "[Paolo Romano, Florian Heimgaertner, Michael Hoefling, Mario Paolone]"}, "448": {"gemma": "[Enrique Herrera-Viedma, Meimei Xia, Zeshui Xu]"}, "449": {"gemma": "[Rob Fergus, Thomas Brox, C. Lawrence Zitnick]"}, "450": {"gemma": "[Christophe Kolski, Mourad Abed]"}, "451": {"gemma": "[Diana Marculescu, Umit Y. Ogras, David Blaauw, Li-Shiuan Peh]"}, "452": {"gemma": "[John D. Davis, Parthasarathy Ranganathan, Vijaykrishnan Narayanan, Yuan Xie]"}, "453": {"gemma": "[Felix Freitag, Leandro Navarro, Marco Mellia, Emilio Leonardi, Saverio Niccolini]"}, "454": {"gemma": "[Rangaraj M. Rangayyan, B. van Ginneken, Opas Chutatape, Arianna Mencattini]"}, "455": {"gemma": "[Hak-Keung Lam, Ligang Wu, Peng Shi]"}, "456": {"gemma": "[Tomasz \u015aliwi\u0144ski, Andrzej Ruszczynski, Darinka Dentcheva]"}, "457": {"gemma": "[Joaquim J. J\u00fadice, Antonio Frangioni]"}, "458": {"gemma": "[Beng Chin Ooi, Josep Silva, Jing Yuan, Yu Zheng, Xing Xie]"}, "459": {"gemma": "[Derek T. Anderson, Christian Wagner, James M. Keller]"}, "460": {"gemma": "[Theodor Borangiu, Andr\u00e9 Thomas]"}, "461": {"gemma": "[Bo Wang, Miao Qi, Ronald Tetzlaff, Hanyu Wang, Thomas Mikolajick]"}, "462": {"gemma": "[Lieven Eeckhout, Galen C. Hunt, Chris Lattner]"}, "463": {"gemma": "[Hong Yu, Lin Shang, Tianrui Li, William Zhu, Decui Liang]"}, "464": {"gemma": "[Nicholas Mastronarde]"}, "465": {"gemma": "[Egon Willighagen, Nina Jeliazkova]"}, "466": {"gemma": "[I-Chen Wu, H. Jaap van den Herik]"}, "467": {"gemma": "[Jan Struyf, Annegret Katrin Wagler]"}, "468": {"gemma": "[Nadine Vigouroux, Shumin Zhai, I. Scott MacKenzie, Per Ola Kristensson]"}, "469": {"gemma": "[Mark Harman, Andrea Arcuri, Lionel C. Briand, Darko Marinov]"}, "470": {"gemma": "[Dirk Nowotka, Florin Manea, Bastian Bischoff, James D. Currie]"}, "471": {"gemma": "[Vince D. Calhoun, Stephen M. Smith, Yuri Levin-Schwartz]"}, "472": {"gemma": "[Marcus Liwicki, Juan Carlos G\u00f3mez, Andrzej Drygajlo]"}, "473": {"gemma": "[Matthew Richardson, Michael I. Jordan, Yair Weiss, Qingming Huang]"}, "474": {"gemma": "[Raja Jurdak, Thomas Toftkj\u00e6r, Jeffrey Hightower, Kaj Gr\u00f8nb\u00e6k]"}, "475": {"gemma": "[Larry Bull, Yaochu Jin, Jaume Bacardit]"}, "476": {"gemma": "[Sebastian Link, Henning Koehler]"}, "477": {"gemma": "[Roman Genov, Karim Abdelhalim, Pedram Mohseni, Maysam Ghovanloo, Mohamad Sawan]"}, "478": {"gemma": "[Milind Tambe, Enrico Pontelli, Nicholas R. Jennings, Amnon Meisels]"}, "479": {"gemma": "[Massimo Violante, Paolo Bernardi, Michael J. Wirthlin]"}, "480": {"gemma": "[Christopher D. Manning, Rada Mihalcea]"}, "481": {"gemma": "[Gianluca Moro, Ion Stoica, Chris Giannella]"}, "482": {"gemma": "[Leif Kobbelt, Heung-Yeung Shum, Mario Botsch]"}, "483": {"gemma": "[Jeffrey F. Cohn, Maja Pantic, Guoying Zhao, Stefanos Zafeiriou, Marian Stewart Bartlett, Javier R. Movellan]"}, "484": {"gemma": "[Kenneth R. Koedinger, Tiffany Barnes, Vincent Aleven]"}, "485": {"gemma": "[Norman I. Badler, Petros Faloutsos, Jan M. Allbeck]"}, "486": {"gemma": "[James A. Landay, Anind K. Dey, Paul Dourish]"}, "487": {"gemma": "[Emanuel G. M. Petrakis, Stelios Sotiriadis]"}, "488": {"gemma": "[Richard Durbin, Alex Bateman, Robert D. Finn, Nicolas Hulo]"}, "489": {"gemma": "[Wei Ren, Yanping Gao]"}, "490": {"gemma": "[Armin W. Doerry, Frank Leymann, Arthur H. M. ter Hofstede]"}, "491": {"gemma": "[Mehul A. Shah, Haixun Wang, Philip S. Yu]"}, "492": {"gemma": "[Jane Hillston, Axel Legay, Marco Antoniotti, Fran\u00e7ois Fages, Verena Wolf]"}, "493": {"gemma": "[Tobias Schaeffter, David J. Hawkes, Sebastien Ourselin]"}, "494": {"gemma": "[Peng Liu, Xuxian Jiang, Fatos Xhafa, Bryan D. Payne]"}, "495": {"gemma": "[Catherine Pelachaud, Sylvie Gibet, Michael Neff, Stacy C. Marsella]"}, "496": {"gemma": "[Arthur W. Toga, Timothy F. Cootes, Josien P. W. Pluim, Stefan Klein]"}, "497": {"gemma": "[Mario Gerla, Fabio Ricciato]"}, "498": {"gemma": "[Sylvain Lazard, Michael Hemmer, Jin-San Cheng, Ioannis Z. Emiris]"}, "499": {"gemma": "[Richard Heusdens, Jacob Benesty, Jesper Jensen]"}}