{"0": {"gemma": "[Jagpreet Singh, India national football team, Tomba Singh, Churchill Brothers S.C.]"}, "1": {"gemma": "[Andes, Acotango, Olca, Stratovolcano, Acamarachi]"}, "2": {"gemma": "[United States, Ed Burns, Maryland, John Boswell, Haaken Hasberg Gran, Trygve Braarud, Don L. Anderson]"}, "3": {"gemma": "[Secret Cargo, Alfred Rode, It's the Paris Life, Torre del Greco]"}, "4": {"gemma": "[Balaband Rural District, Zehab  Fariman, Razavi Khorasan Province, Iran, Aqa Bil-e Olya, Chah-e Amiq Bazmi Shomareh-ye Yek, Central District (Mahvelat County), Mahvelat County]"}, "5": {"gemma": "[Gol Kan  South Khorasan, Iran, Tabas County, Deh-e Tah, Dig-e Rostam, Kavir Rural District (South Khorasan Province), Esmailabad  Tabas, Iran Standard Time, Iran Daylight Time]"}, "6": {"gemma": "[United States, Jack Thompson (boxer), Kentucky, Democratic Party (United States), O Canada (TV series)]"}, "7": {"gemma": "[Henry Keizer, James Loudon (politician), Ivo Opstelten, Benk Korthals]"}, "8": {"gemma": "[Hermann Wendland, Pseudophoenix sargentii, Lytocaryum weddellianum, Asterids, Chaptalia albicans, Mutisieae, Mutisioideae, Diospyros eucalyptifolia]"}, "9": {"gemma": "[Brookline  Massachusetts, United States Army Air Forces, United States of America, Robert Goldwyn]"}, "10": {"gemma": "[United States, Jeffrey Katzenberg, Shrek, Democratic Party (United States), DreamWorks Animation]"}, "11": {"gemma": "[Insect, Heteropsis angulifascia, Animal, Arthropod, Conotalis nigroradians, Lepidoptera]"}, "12": {"gemma": "[Amur Khabarovsk, Yaroslavl, Denis Grebeshkov, Kontinental Hockey League, Russian Soviet Federative Socialist Republic, Igor Ignatushkin]"}, "13": {"gemma": "[Tommy Lee, Hard rock, Glam metal, Hit the Ground (Hinder song), Intoxicated (Hinder song)]"}, "14": {"gemma": "[United States, Disney Channel, Avalon High (film), Comedy, Mystery film, Dexter (TV series), Crocodile (Dexter)]"}, "15": {"gemma": "[Acu\u00f1a Island, Antarctica, Anderson Massif, Mount Southwick, Ehlers Knob, Mount Walcott, King Peak (Antarctica)]"}, "16": {"gemma": "[Iran, Razan County, Yushanlu  Hamadan, Madabad  Hamadan, Central District (Razan County)]"}, "17": {"gemma": "[Oleksandr Martynenko (cyclist), Donetsk, Ukraine, Ruslan Mamutov, City of regional significance (Ukraine), Volodymyr Vasylyovych Rybak, Oleksandr Lukyanchenko]"}, "18": {"gemma": "[Chief Bearhart Stakes, Canada, Ontario, Nickelodeon (Canada), Disney Junior (Canada), Animal Planet (Canada)]"}, "19": {"gemma": "[Roman Catholic, Eau Claire County  Wisconsin, Regis High School (Eau Claire  Wisconsin), Wisconsin, Louisiana, Saint Thomas Aquinas High School (Louisiana)]"}, "20": {"gemma": "[Her0ism, Tokyo, Composer, Classical music, Music of the Mana series, Takayuki Hattori]"}, "21": {"gemma": "[KOLM, KYBA, Country music, Jeff Carson, Butterfly Kisses (song), Chris Farren, Life Is Just a Dream, ...Life Is but a Dream, Universal Music]"}, "22": {"gemma": "[Iran, Quzuchi Avin, Sirvan County, Sarab-e Kalan, Chenar-e Golaban, Lorestan Province]"}, "23": {"gemma": "[Republic of Ireland, The High School  Dublin, Bishop Brady High School, Ninth grade, Bishop McNamara High School, Private school, Marist High School (New Jersey), Ninth grade, Cristo Rey Kansas City High School, Kansas City  Missouri]"}, "24": {"gemma": "[Post-punk, Alternative rock, The Cure, John Wesley Harding (singer), The Name Above the Title, Andy Paley]"}, "25": {"gemma": "[The Bamboos (rock band), Paul Barrere, Little Feat, Swamp rock, Barnstormin' Live]"}, "26": {"gemma": "[Gy\u0151z\u0151 Burcsa, Hungary, Austro-Hungarian Empire, Steffi Duna, La Cucaracha (1934 film), Lloyd Corrigan, RKO Radio Pictures]"}, "27": {"gemma": "[IMG Soccer Academy, Chad Barson, United States men's national under-20 soccer team, United States men's national under-17 soccer team, Ryan Finley (soccer), Columbus Crew SC]"}, "28": {"gemma": "[River Line (NJ Transit), Bombardier Transportation, Berlin, Germany, Siemens]"}, "29": {"gemma": "[Central European Summer Time, Dalarna County, Dalarna, Hedemora, August Lindberg (actor)]"}, "30": {"gemma": "[The Dark Tower (series), Fantasy fiction, The Dark Tower V: Wolves of the Calla, Science fiction, Strange Case of Dr Jekyll and Mr Hyde, Mystery fiction]"}, "31": {"gemma": "[VSMPO-AVISMA, Metallurgy, Electrotherm, India]"}, "32": {"gemma": "[Ant\u00f3nio Apar\u00edcio, Luxembourg national football team, Jo\u00ebl Kitenge, Kinshasa, Zaire]"}, "33": {"gemma": "[Linsanity (film), Jeremy Lin, National Basketball Association, Point guard, Ra'Shad James]"}, "34": {"gemma": "[United States, New Jersey, Piscataway  New Jersey, Rutgers Biomedical and Health Sciences, Suburban]"}, "35": {"gemma": "[United States, AKING, Cape Town, AKING, Davenport  Iowa, William Hannon]"}, "36": {"gemma": "[Iran, Zari Bandu, Takab County, Central District (Takab County), West Azerbaijan Province, Aghbolagh-e Hamadani, Takab County]"}, "37": {"gemma": "[Paul Overstreet, Country music, Love Can Build a Bridge, RCA Records, Why Not Me (album), Cher]"}, "38": {"gemma": "[Mar\u00eda Clemencia Rodr\u00edguez M\u00fanera, Colombia, Charles Monsalvo, Club Santa Fe, Gerardo Bedoya]"}, "39": {"gemma": "[City, Scott Field (politician), Rufus Hardy (representative), Democratic Party (United States), Jim Herring]"}, "40": {"gemma": "[Insect, Libellula, Libellulidae, Neurothemis fulvia, Arthropod, Animal]"}, "41": {"gemma": "[Sigogne, France, Sweden, Mathilde Johansson, Charente, Courvoisier, Salles-d'Angles]"}, "42": {"gemma": "[2007\u201308 Fulham F.C. season, Lawrie Sanchez, 2007\u201308 in English football, 2007\u201308 Watford F.C. season, Aidy Boothroyd, 2007\u201308 Football League Championship, 2007\u201308 in English football]"}, "43": {"gemma": "[William Frederick  Prince of Wied, Princess Marie of the Netherlands, Stuttgart, Baden-W\u00fcrttemberg, Germany]"}, "44": {"gemma": "[Kip Anderson, Ichiban Records, Excello Records, Andy Kirk (musician), Crown Prince Waterford, Aladdin Records]"}, "45": {"gemma": "[Hardcore hip hop, East Coast hip hop, I Need Drugs (song), Hip hop music]"}, "46": {"gemma": "[Denmark, Copenhagen, \u00d8resund Bridge, Sweden, Stockholm, Skanska, Cable-stayed bridge]"}, "47": {"gemma": "[Vinod Khanna, Batwara, Hindi, India, Paap Ki Aandhi, Dharmendra]"}, "48": {"gemma": "[Gramophone record, You Can't Stop the Reign (song), Shaquille O'Neal, Hip hop music]"}, "49": {"gemma": "[Florence, Alessandro Pavolini, Niccol\u00f2 Rinaldi, Piero Tellini]"}, "50": {"gemma": "[Charles Billinghurst, Scott L. Fitzgerald, Wisconsin, University of Wisconsin\u2013Oshkosh, State university system, Republican Party (United States), 2011 Wisconsin protests, Tom Barrett (politician)]"}, "51": {"gemma": "[Eastern European Time, Syria, Idlib Governorate, Idlib, Jamal al-Atassi, Sunni Islam, Moaz al-Khatib, George Sabra]"}, "52": {"gemma": "[Germany, Stendal, 10th (Magdeburg) Hussars, Werben (Elbe), Germany]"}, "53": {"gemma": "[The Kreutzer Sonata (1937 film), Universum Film AG, Princess Suwarin, Johannes Guter, The Tower of Silence (film)]"}, "54": {"gemma": "[Brazil, K\u00e1tia Cilene Teixeira, United States women's national soccer team, Tisha Venturini]"}, "55": {"gemma": "[Tommi Leinonen, Juergen Penker, EC Red Bull Salzburg, Ryan McDonough (ice hockey), Inter-National League]"}, "56": {"gemma": "[Hype Williams (band), Berlin, Max M. Fisher College of Business, AACSB, Germany, Berlin School of Economics and Law, Friedrich Gna\u00df, West Azerbaijan Province, Sadegh Sharafkandi]"}, "57": {"gemma": "[Charles M. Schulz, Happy Anniversary  Charlie Brown, CBS, George Parshall, University of Minnesota]"}, "58": {"gemma": "[Asylum Records, Jay-Z, Get Throwed, Draped Up, Bun B, Hip hop music]"}, "59": {"gemma": "[Chris Lindsey, Backseat of a Greyhound Bus, Country music, Heidi Newfield, Running (The Desert Rose Band album)]"}, "60": {"gemma": "[Soul music, Under the Influence of Giants, Alternative dance, One Little Indian, Volumen (DVD), Pilot (CSI: Crime Scene Investigation), Chandra West]"}, "61": {"gemma": "[United States, Ian McLeod (businessman), Florida, Hap Holmes, Western Canada Hockey League, Calgary Tigers]"}, "62": {"gemma": "[Joseph M. Root, Sandusky  Ohio, Jared Benson, Worcester  Massachusetts, Thomas H. Armstrong, Republican Party (United States), Henry Adoniram Swift]"}, "63": {"gemma": "[WJWD, Calvary Radio Network, United States, Morgantown  Indiana, WCJL, WMJC, Calvary Radio Network]"}, "64": {"gemma": "[Insect, Purana nebulilinea, Arthropod, Beetle, Ceralocyna seticornis, Adetus striatopunctatus, Smerinthus tokyonis, Eunidia subalbicans, Psapharoctes, Cerambycidae]"}, "65": {"gemma": "[Andes, Amazonas Region, Pastaza River, Mara\u00f1\u00f3n River, Peru, Utcubamba (river), Pumaqucha (Amazonas)]"}, "66": {"gemma": "[Morj\u00e4rv, Sweden, Central European Summer Time, Austria, Karesuando, Kiruna Municipality, Kiruna]"}, "67": {"gemma": "[Antonio Puche, Granada CF, Swansea City F.C., Swansea City A.F.C.]"}, "68": {"gemma": "[Speakeasy (album), Stavesacre, Live from Deep Ellum, Christian rock, Absolutes (album)]"}, "69": {"gemma": "[Carroll W. McColpin, Air Force Cross (United States), Silver Star, Korean War, Ralph Parr, Legion of Merit, Fort Sam Houston National Cemetery, Samuel Tankersley Williams]"}, "70": {"gemma": "[Live at Yoshi's (Joe Pass album), Jazz, Experimental music, Big Sir (album)]"}, "71": {"gemma": "[Dompierre-sur-Helpe, Nord (French department), France, Belgium, Marchienne-au-Pont, Marchiennes, Nord-Pas-de-Calais, Estaires, Hem-Lenglet]"}, "72": {"gemma": "[Syria, Hazana, Iran, South Khorasan Province, Kalateh-ye Malek]"}, "73": {"gemma": "[Defender (football), Viktor Matviyenko, Zaporizhia, Serhiy Perepadenko, Striker (association football), David Casasnovas, FC Torpedo Zaporizhia, Viktor Hromov, FC Shakhtar Pavlohrad, Andriy Kuptsov, Midfielder]"}, "74": {"gemma": "[George A. Lundberg, University of Minnesota, Sociology, Social activist, Danilo Dolci, Se\u017eana]"}, "75": {"gemma": "[Gus Uhlenbeek, Ajax Amsterdam, Johan Neeskens, Victor Sikora, Midfielder (football), Brian Laudrup, Rangers F.C.]"}, "76": {"gemma": "[Eudicots, Rosaceae, Pyrus communis, Carl Linnaeus, Angiosperms]"}, "77": {"gemma": "[Ed Quinn, Berkeley  California, United States, S. James Otero, Stanford Law School, Barack Obama]"}, "78": {"gemma": "[Love of the Common People, Paul Young (singer and guitarist), The Secret of Association, Laurie Latham, No Parlez, Columbia Records, When You Sleep (My Bloody Valentine song)]"}, "79": {"gemma": "[Nadhir Sloum Al-Maskari, Al-Nahda Club, Germany, Retzow, M\u00e4rkisch Luch, M\u00fchlenberge, Pessin, Kotzen]"}, "80": {"gemma": "[Lucas Mareque, Argentina, FC Porto, Club Atl\u00e9tico River Plate]"}, "81": {"gemma": "[Managua, Kevin Sakuda, Seattle Sounders (1994\u20132008), David Mahoney, Goalkeeper (football), Rich Cullen]"}, "82": {"gemma": "[Granges  Sa\u00f4ne-et-Loire, France, Pakistan Army Aviation Corps, A\u00e9rospatiale SA 330 Puma, France]"}, "83": {"gemma": "[Vitznau, Schwyz District, Switzerland, Root  Switzerland, Udligenswil, K\u00fcssnacht, Switzerland]"}, "84": {"gemma": "[East Prussian Offensive, Hans Roeger, Battle of Memel, 12th Military Transport Aviation Division, World War II, Hubertus-Maria Ritter von Heigl, Knight's Cross of the Iron Cross]"}, "85": {"gemma": "[Trixie Whitley, Belgium, Triangle building, European Union Intelligence and Situation Centre, Sombreffe Castle]"}, "86": {"gemma": "[First Italo-Ethiopian War, Ethiopia, Afar people, Djibouti]"}, "87": {"gemma": "[Arizona, Tonto National Forest, Payson  Arizona, White Mountains (Arizona), KRVZ]"}, "88": {"gemma": "[Bruce Highway, Mackay  Queensland, Jim Riordan, Ernest Riordan, Darby Riordan, Lutwyche Cemetery]"}, "89": {"gemma": "[Atlantic Standard Time Zone, Bathurst New Brunswick, Kennedy Francis Burns, New Brunswick, Franklin Delano Roosevelt Jr., Canada]"}, "90": {"gemma": "[Constantin Scriabine, Saint Petersburg, France, 2016 Open Harmonie mutuelle, Andreas Siljestr\u00f6m]"}, "91": {"gemma": "[Insect, Acalolepta whiteheadi, Arthropod, Polyphaga, Sagridola luteicornis, Eccrisis distincta, Acalolepta masatakai, Beetle, Eunidia, Animal]"}, "92": {"gemma": "[New York Apollo, Alex Tarnoczi, Budapest  Hungary, Fernando Clavijo, Generation Adidas]"}, "93": {"gemma": "[Ighiu, Romania, Alba County, Arie\u0219eni, Eastern European Summer Time]"}, "94": {"gemma": "[Manna, Bread (band), Guitar Man (Bread album), Elektra Records, Rock music, Soft rock, Baby I'm-a Want You, Baby I'm-a Want You (song)]"}, "95": {"gemma": "[Musician, Charly Coombes, Bis (band), Electropop, Return to Central, Album]"}, "96": {"gemma": "[Kalavryta, Greece, Athens, Constantine I of Greece, George I of Greece, Alexandros Zaimis]"}, "97": {"gemma": "[1080i, Discovery Channel, Bering Sea Gold, Bering Sea Gold: Under The Ice, Gold Rush (TV series)]"}, "98": {"gemma": "[United States, Arizona, The Sidewinders, Mammoth Records, Alternative rock, Flying Colors (Flying Colors album)]"}, "99": {"gemma": "[Alias Grace (miniseries), Zachary Levi, The Scream Team, Kat Dennings, 2 Broke Girls]"}, "100": {"gemma": "[Cibo Matto, Trip hop, Electronica, Nicola Hitchcock, Mandalay (band)]"}, "101": {"gemma": "[The Silver Chair, Christian literature, The Chronicles of Narnia, The Voyage of the Dawn Treader, C. S. Lewis]"}, "102": {"gemma": "[Dennis Berry (director), Anna Karina, The Stranger (1967 film), Luchino Visconti, The Witches (1967 film), Mario Serandrei, We  the Women, Luchino Visconti]"}, "103": {"gemma": "[Insect, Metaxmeste elbursana, Arthropod, Animal, Stenoidion schmidi, Methia curvipennis, Ischionodonta semirubra, Ischionodonta]"}, "104": {"gemma": "[The Lost People, Gordon Wellesley, Freedom Radio, Griffith Jones (actor), Escape Me Never (1935 film)]"}, "105": {"gemma": "[Mac Diarmida Handicap, United States, Gulfstream Park Turf Handicap, Deputy Minister Handicap, Beldame Stakes, Sightseek, Gulfstream Park]"}, "106": {"gemma": "[Aerodrom (band), Zagreb, Croatia Records, Flash Back 1979-1986, Rock music, Wah-Wah (song)]"}, "107": {"gemma": "[Jean-Michel Cazes, Gironde, Aquitaine, Martillac, France]"}, "108": {"gemma": "[Iran, Karvian, Saqqez County, Tizabad  Kurdistan, Lorestan Province]"}, "109": {"gemma": "[United States, Columbia Records, MKTO, Bad Girls (MKTO song), Lindy Robbins, Demi Lovato]"}, "110": {"gemma": "[Movies Now, The Times Group, India, Aahat, SDTV, Zoom (TV channel)]"}, "111": {"gemma": "[Hormozgan Province, Iran, Kurdistan Province, Tazehabad-e Sarab-e Qaht, Qorveh County, Central District (Qorveh County)]"}, "112": {"gemma": "[Johannes Schneider, Leipzig, Through the Noise, Broadcasting..., Germany, Museum Art.Plus]"}, "113": {"gemma": "[Neuville-Saint-R\u00e9my, Nord (French department), Fontaine-au-Bois, France, Air Corsica]"}, "114": {"gemma": "[Psychology, Developmental psychology, Erich Neumann (psychologist), Sigmund Freud, Anthony Burgess]"}, "115": {"gemma": "[Ain Ebel, Eastern European Time, Lebanon, Syrian Civil War spillover in Lebanon, Jean Kahwaji, War on Terror, 96th Sustainment Brigade (United States)]"}, "116": {"gemma": "[Chitgar, Razavi Khorasan Province, Quchan Atiq Rural District, Central District (Quchan County), Yadak, Central District (Mashhad County)]"}, "117": {"gemma": "[World Party, Karl Wallinger, Private Revolution, The Boomtown Rats (album), Columbia Records, Goodbye Jumbo]"}, "118": {"gemma": "[United States, George Smoot, Physics, Horst Meyer (physicist), 2013 in Konfrontacja Sztuk Walki, Gda\u0144sk, Big Cyc]"}, "119": {"gemma": "[Russia, Yuzhno-Sakhalinsk, Sergei Temryukov]"}, "120": {"gemma": "[Oldham Athletic A.F.C., Neil Tolson, Scunthorpe United F.C.]"}, "121": {"gemma": "[Nicki Minaj, Parker Ighile, Hip hop music, Bounce music, Stupid Hoe]"}, "122": {"gemma": "[Iran, Eslamabad  Firuzabad, Fars Province, Kavar County, Aliabad  Kavar, Iran]"}, "123": {"gemma": "[1992 Supercoppa Italiana, Parma F.C., Italy, Province of Varese, Lombardy, Induno Olona, Italy]"}, "124": {"gemma": "[United States, Thomas C. Krajeski, University of Massachusetts Amherst, Shahid Hussain Bokhari, Pakistan]"}, "125": {"gemma": "[Saxifraga flagellaris, Carl Ludwig Willdenow, Centaurea sulphurea, Core eudicots]"}, "126": {"gemma": "[Smurfit Kappa Group, Ireland, Arthur Chaskalson, South Africa, Nelson Mandela, Sophiatown (film), Abdullah Ibrahim, Afrikaans, Hugh Masekela]"}, "127": {"gemma": "[Iran, Reyhan Kerman, Ravar County, Fars Province, Khuzestan Province, Shir Kosh]"}, "128": {"gemma": "[Gossypium raimondii, Angiosperms, Toxicodendron radicans, Toxicodendron]"}, "129": {"gemma": "[Takht-e Zal, Iran, Kerman Province, Nuran  Kerman, Bagh-e Molla  Kerman, Central District (Sirjan County), Sirjan County, Iran Standard Time]"}, "130": {"gemma": "[Economist, Gordan Maras, Rama Sithanen, Mihael Zmajlovi\u0107, Kolinda Grabar-Kitarovi\u0107, Zoran Milanovi\u0107, Social Democratic Party of Croatia]"}, "131": {"gemma": "[Aves, Chordata, Animalia, Passeriformes, Royal cinclodes]"}, "132": {"gemma": "[Malayalam, Tamil Nadu, Suriya, Vadama, Iyer, Kerala]"}, "133": {"gemma": "[United States, Army of the Cumberland, Battle of Resaca, 17th Ohio Infantry]"}, "134": {"gemma": "[Drebsdorf, Mansfeld-S\u00fcdharz, S\u00fcdharz, Germany]"}, "135": {"gemma": "[Jacques N'da, C\u00f4te d'Ivoire, Assyriska BK, Johan Friberg da Cruz, V\u00e4stra Fr\u00f6lunda IF]"}, "136": {"gemma": "[Thirakkil Alppa Samayam, India, Kolkata, Film, Bedri Baykam, Turkish people]"}, "137": {"gemma": "[United States, Dick Shawn, New York City, The Wizard of Baghdad, George Sherman, Wyoming Outlaw]"}, "138": {"gemma": "[United States, Dean Karnazes, Inglewood  California, City of Champions Stadium, North American Central Time Zone]"}, "139": {"gemma": "[Chevrolet, Chevrolet Series FB, Oakland Assembly, Chevrolet Series D, Norwood Assembly]"}, "140": {"gemma": "[Veronica van Heyningen, Royal Society of Edinburgh, Academy of Medical Sciences  United Kingdom, Cheryll Tickle, Royal Society of Edinburgh, Developmental biology]"}, "141": {"gemma": "[Julie Krone, Malibu Stakes, Santa Anita Park, Agua Caliente Handicap, William Molter, Princess Rooney, Eddie Delahoussaye]"}, "142": {"gemma": "[RC Vichy, Thomas Deniaud, Simon Zimny, Maurice Lafont, Daniel Gbaguidi, AS Saint-Priest]"}, "143": {"gemma": "[High Class Trash, Hard rock, Rainbow (rock band), Deutschland Tournee 1976, The Company of Snakes]"}, "144": {"gemma": "[Arif Mirzayev, Composer, Rezs\u0151 Seress, Olga de Blanck, Cuba]"}, "145": {"gemma": "[Animal, Chordate, Eulipotyphla, Soricidae, American pygmy shrew]"}, "146": {"gemma": "[Soul music, James Poyser, Rapper, KLC, Priority Records, Tru 2 da Game, Hip hop music]"}, "147": {"gemma": "[United States, Painface, Des Moines  Iowa, Iowa Senate, KDSM-TV]"}, "148": {"gemma": "[Missouri, United States, North Carolina, Dare County  North Carolina]"}, "149": {"gemma": "[FC Bihor Oradea, Romania, Ion Adrian Zare, FC Farul Constan\u021ba, Romania, Luka Vu\u010dko, \u00dajpest FC]"}, "150": {"gemma": "[Richard Gozney, Adam Wood, Paul Haddacks, Britannia Royal Naval College, Usman Oyibe Jibrin, Nigeria]"}, "151": {"gemma": "[Studio album, Americana (music), Folk music, Tin Lily, Jeff Black (singer-songwriter), Piano]"}, "152": {"gemma": "[Atlanta, Hip hop music, Diva (Beyonc\u00e9 song), Georgia (U.S. state), Contemporary Christian music, One Sonic Society]"}, "153": {"gemma": "[Vitis xunyangensis, Rosids, Fabaceae, Astragalus funereus, Rhoicissus digitata, Angiosperms]"}, "154": {"gemma": "[Insect, Lepidoptera, Arthropod, Animal]"}, "155": {"gemma": "[Xinjiang, Karakoram, Gasherbrum III, Pakistan, George Irving Bell, Masherbrum]"}, "156": {"gemma": "[Emilija Koki\u0107, Nina Badri\u0107, Socialist Federal Republic of Yugoslavia, Ante Jelavi\u0107, Republic of Croatia, Dragan \u010covi\u0107, Socialist Federal Republic of Yugoslavia]"}, "157": {"gemma": "[Iran, Central District (Piranshahr County), Bash Qaleh Rural District, Takalu]"}, "158": {"gemma": "[Norway, Team Antonsen, Lister Region, Gyland, Central European Time, Catholicism in Canada, Canada, Halifax Regional Municipality, Everyone's Famous, Molly Dunsworth]"}, "159": {"gemma": "[Jos\u00e9 Su\u00e1rez, Lawless Mountain, The Drummer of Bruch, Pablo Ripoll, KIQI, The Louts, Spanish language]"}, "160": {"gemma": "[Manic Moonlight, Black Like Sunday, King's X, Live All Over the Place, Black Like Sunday, Metal Blade, Heavy metal music]"}, "161": {"gemma": "[British Champions Long Distance Cup, United Kingdom, William the Third (horse), Queen Alexandra Stakes, Ascot Gold Cup, The Flying Dutchman (horse)]"}, "162": {"gemma": "[Smara, Najm Allal, Traditional music, Folk music, Algeria, Western Sahara]"}, "163": {"gemma": "[Battle of Greece, Wilhelm Borchert (officer), Operation Barbarossa, Northern Europe, Battle of France, Gerhard Barkhorn, Defense of the Reich, Battle of Stalingrad, Pyotr Koshevoy]"}, "164": {"gemma": "[Brown University, Jonathan Roberts (writer), Boston, Suffolk County  Massachusetts, Mattapan, Malden  Massachusetts, Siege of Boston]"}, "165": {"gemma": "[Shergo Biran, West Germany, F.C. Hansa Rostock, VfB Stuttgart II, Matthias Morys]"}, "166": {"gemma": "[Darren Boyko, Centre (ice hockey), Swedish Hockey League, Alexander Bergstr\u00f6m, Sweden]"}, "167": {"gemma": "[Hormozgan Province, Tukahur Rural District, Tukahur District, Minab County, Darjak  Minab]"}, "168": {"gemma": "[Judas Iscariot (band), Black metal, Alcest, Le Secret (EP), Drakkar Productions, Post-metal]"}, "169": {"gemma": "[Hossein Elahi Ghomshei, Iran, Islamic philosophy, Omar Khayyam, Persian literature, Fereydoon Motamed, Theology, Hermann Olshausen]"}, "170": {"gemma": "[Mindrevolutions, InsideOut Music, Angling Feelings, Kaipa (band)]"}, "171": {"gemma": "[Dan Potthast, Punk rock, Ska punk, Skankin' Pickle Fever, Skankin' Pickle Live, Sing Along With Skankin'Pickle]"}, "172": {"gemma": "[Sobrio, Switzerland, Ticino, Lugano Prealps, Monte San Giorgio]"}, "173": {"gemma": "[Chris Deschene, St. Michaels  Arizona, Germany, TUI Cruises, SuperStar Gemini, France]"}, "174": {"gemma": "[Manuel Bulnes, Chile, Chilo\u00e9 Archipelago, Chilo\u00e9 Province]"}, "175": {"gemma": "[Back to the Future: The Ride  Back to the Future: The Ride  1, Christopher Lloyd, I Dream, United Kingdom, CBBC, Top Class, 1983 Race of Champions]"}, "176": {"gemma": "[2016 Wake Forest Demon Deacons football team, 2016 Army Black Knights football team, 2016 Louisiana\u2013Lafayette Ragin' Cajuns football team, 2016 Georgia Southern Eagles football team, 2016 Appalachian State Mountaineers football team, 2016 Idaho Vandals football team]"}, "177": {"gemma": "[Insect, Araucoxenia, Limoniinae, Limoniidae, Geranomyia, Animal]"}, "178": {"gemma": "[Enzo Jannacci, Vocals, Little Misunderstandings, Luciano Vincenzoni, The Wanderers (1956 film), Italian language, All of Life in One Night, Corrado D'Errico]"}, "179": {"gemma": "[Kapurthala, India, Kolkata, Prosenjit Chatterjee, Sindoorkhela, Shrikant Mohta, Bhutu, Badshahi Angti (film)]"}, "180": {"gemma": "[Edward J. Kay, United States, David Cassidy: Man Undercover, David Gerber, The Lost Battalion (2001 film)]"}, "181": {"gemma": "[Cham Chamal Rural District, Qaleh-ye Ali Kermanshah, Iran, Mahajeran Markazi, Markazi Province, Alvir Rural District, Alvir]"}, "182": {"gemma": "[Missundaztood, Pop rock, Pink (singer), Teddy Geiger, Columbia Records, For You I Will (Confidence), Underage Thinking, Bad Influence (song), Billy Mann]"}, "183": {"gemma": "[Reading Pennsylvania, United States, Maine, Old Town Maine, Doris Twitchell Allen]"}, "184": {"gemma": "[Ethnic Russian music, Georgi Vinogradov, Soviet Union, Vladimir Antipin, HC Sibir Novosibirsk, Paul Mauriat, Gendarme in New York, Romantic music, Opera]"}, "185": {"gemma": "[Ruben Garc\u00eda Mart\u00ednez, Zamora CF, Real \u00c1vila CF, CA Bembibre, Rui da Gracia, Equatorial Guinea national football team]"}, "186": {"gemma": "[Mike Tiddy, Truro, United Kingdom, England, Nohshad Shah]"}, "187": {"gemma": "[Matthew Steenvoorden, Netherlands, Feyenoord, Thomas Buffel, SBV Excelsior]"}, "188": {"gemma": "[Rondeletia amplexicaulis, Magnoliaceae, Magnolia splendens, Magnolia, Magnoliales, Plant]"}, "189": {"gemma": "[Megan Lee, K-pop, Love Style, Starship Entertainment, K-pop, Eternity (VIXX song), K-pop]"}, "190": {"gemma": "[Insect, Lepidoptera, Arthropod, Euryglottis, Iolaus (butterfly), Anthelidae]"}, "191": {"gemma": "[Paracles, Arctiinae, Watsonarctia, Lepidoptera, Palaeomolis, Zelotibia]"}, "192": {"gemma": "[AIK Fotboll, Brwa Nouri, Sweden national under-17 football team, Forward (association football), August Lenz]"}, "193": {"gemma": "[24sata (Croatia), Sister cities, Kapuv\u00e1r, Hungarian language, G\u00e9za G\u00e1rdonyi]"}, "194": {"gemma": "[Rosids, Hypericum naudinianum, Euphorbia gottlebei, Angiosperms, Astrantia, Asterids, Apiales, Angelica californica]"}, "195": {"gemma": "[Turkey, Abdullah Halman, \u00c9cole Normale Sup\u00e9rieure, Jean Dieudonn\u00e9, Paris, Jean Sauvagnargues, France, Louis de Guiringaud]"}, "196": {"gemma": "[Insect, Ascalenia, Lepidoptera, Arthropod, Animal]"}, "197": {"gemma": "[Fran\u00e7ois Kamano, Guinea, Guinea national football team, Mohamed Yattara, List of French football transfers summer 2015, David Ducourtioux, Toulouse FC, Issiaga Sylla, Horoya AC]"}, "198": {"gemma": "[The Awakening (Merciless album), Black metal, Bathory (album), Cultus Sanguine, Srontgorrth, Trelldom, Black Horizonz, Merciless]"}, "199": {"gemma": "[Georg Riedel (jazz musician), More About the Children of Noisy Village, Lasse Hallstr\u00f6m, Tuppen, An Unfinished Life, The Simple-Minded Murderer]"}, "200": {"gemma": "[Montgomery Clift, That Uncertain Feeling (film), United Artists, Red River (1948 film), Russell Harlan]"}, "201": {"gemma": "[Gary Collier, Bristol, 1981 Fort Lauderdale Strikers season, 1982 Fort Lauderdale Strikers season, 1983 Fort Lauderdale Strikers indoor season, Fort Lauderdale Strikers (1977\u201383), Lockhart Stadium, 2014 Fort Lauderdale Strikers season, 2015 Fort Lauderdale Strikers season]"}, "202": {"gemma": "[Astroblepus micrescens, Chordata, Actinopterygii, Callionymus, Callionymus superbus, Animalia]"}, "203": {"gemma": "[Compact Cassette, Spin the Black Circle, Gramophone record, Three Days (Jane's Addiction song), Perry Farrell, Warner Bros. Records, Been Caught Stealing, Ritual de lo habitual, Funk rock]"}, "204": {"gemma": "[Insect, Acrolophus praetusalis, Lepidoptera, Francis Walker (entomologist), Acrolophus praetusalis]"}, "205": {"gemma": "[Lombardy, Italy, Castello di Brianza, Tremenico, Dorio  Lombardy, Palestro, Torre de' Busi, Province of Lecco, Italy]"}, "206": {"gemma": "[Jelgava, Ferdinand Kettler, Polish\u2013Lithuanian Commonwealth, Lubny, Battle of Berestechko, Ukraine, Stanis\u0142aw Ernest Denhoff, Gda\u0144sk]"}, "207": {"gemma": "[Franz-Josef Tenhagen, Borussia Dortmund, West Germany national football B team, Martin Kree, Defender (association football)]"}, "208": {"gemma": "[The Trials of Jimmy Rose, 16:9, A Touch of Cloth, War of the Genders, TVB Jade, TVB]"}, "209": {"gemma": "[United States, Big Horn  Wyoming, Sheridan County  Wyoming, Wyoming]"}, "210": {"gemma": "[Final Fantasy Type-0 Online, Square Enix, Final Fantasy, Final Fantasy Agito]"}, "211": {"gemma": "[Catholic Church, Father Judge High School, England, Greater Manchester, 2012\u201313 Rochdale A.F.C. season, Eccles College, St Augustine of Canterbury Roman Catholic High School, England]"}, "212": {"gemma": "[United States, Ralph Dupas, Massachusetts, Melissa Ferrick, Guitar, Trashcan Darlings, Peter Pyke]"}, "213": {"gemma": "[\u00d3scar Forn\u00e9s, Spain, Elche CF Ilicitano, Jaime Jornet, FC Jove Espa\u00f1ol San Vicente, Jos\u00e9 Bordal\u00e1s]"}, "214": {"gemma": "[Thralls (film), Kirk Shaw, Ice Twisters, Personal Effects (2008 film), David Hollander, Ashton Kutcher, Michelle Pfeiffer]"}, "215": {"gemma": "[Iran, Qeshlaq-e Qujabdir, Central District (Jam County), Aliabad  Jam, Fars Province, Iran Standard Time]"}, "216": {"gemma": "[Falard Rural District, Chaharmahal and Bakhtiari Province, Gerdab-e Sofla, Lordegan County, Iran]"}, "217": {"gemma": "[Emphysema, United States, Palm Springs  California, Buster Keaton, The Playhouse (film), Silent film, The Love Nest (1923 film), Virginia Fox]"}, "218": {"gemma": "[PZL.38 Wilk, Fighter-bomber, Republic F-84 Thunderjet, Republic Aviation, Republic F-105 Thunderchief, Fighter-bomber, Sukhoi Su-34, Sukhoi]"}, "219": {"gemma": "[Soviet Union, Bahodir Pardaev, FC Bunyodkor, FC Bunyodkor-2, Sergey Lushan, Uzbekistan national football team]"}, "220": {"gemma": "[United States, MTV, Celebrity Deathmatch, MTV2, Miami]"}, "221": {"gemma": "[Banking, Progressive Building Society, Northern Ireland, Coleraine F.C., Johnny Flynn (footballer)]"}, "222": {"gemma": "[Vacation (Connie Francis song), Battleground (album), Pop music, Dance-pop, Shout It Out (Alisa Mizuki song), Alisa Mizuki]"}, "223": {"gemma": "[Philips, Royal Netherlands Army, Netherlands, Central European Time, Vekoma, Vlodrop]"}, "224": {"gemma": "[Pedro Joaqu\u00edn Galv\u00e1n, Centro Deportivo Olmedo, Roei Dayan, Maccabi Petah Tikva F.C., Danny Preda, List of Israeli football transfers summer 2016, Shay Abutbul, List of Israeli football transfers summer 2013, Eden Ben Basat]"}, "225": {"gemma": "[Insect, Miccolamia laosensis, Miccolamia, Mordellidae, Mordellistena montrouzieri]"}, "226": {"gemma": "[Animal, Black-naped oriole, Oriolus, Passeriformes, Tanimbar oriole, Chordata, Variable antshrike, Animalia]"}, "227": {"gemma": "[Dindica marginata, Pyralidae, Homoeosoma candefactella, Lepidoptera, Scopulini, Geometridae]"}, "228": {"gemma": "[Bely  Tver Oblast, Russia, Great Northern War, Siege of Fredriksten, Moscow]"}, "229": {"gemma": "[Flowers (Ace of Base album), Popular music, I Know a Place (Petula Clark album), TV2 Stars, New Zealand]"}, "230": {"gemma": "[Pluto Records, Mindrage, Little Rock  Arkansas, Wade Davis (American football), Barcelona Dragons]"}, "231": {"gemma": "[Tylopilus oradivensis, Basidiomycota, Agaricomycetes, Leccinum boreale]"}, "232": {"gemma": "[Auriculella perpusilla, Andrew Smith (zoologist), Achatinellidae, Achatinella buddii, Animalia]"}, "233": {"gemma": "[Hard Rock, Reggae fusion, Freedom (Dragon Ash album), Latin rock, Standing on the Shoulders of Giants (album)]"}, "234": {"gemma": "[Tunisiano, France, Roaix, Provence-Alpes-C\u00f4te d'Azur, U.P. Wilson]"}, "235": {"gemma": "[Che Bunce, Coventry City F.C., 1973\u201374 Port Vale F.C. season, Roy Sproson, 1974\u201375 Port Vale F.C. season, Port Vale F.C.]"}, "236": {"gemma": "[C\u00e9dric De La Loma, Toulouse, Gr\u00e9gory Coupet, Olympique Lyonnais, Stephen Ettien, US Colomiers Football, Danny Grainger, Hamilton Academical F.C.]"}, "237": {"gemma": "[Dutch Reformed Church, Charles Robberts Swart, Nicolaas Pierson, Dirk Jan de Geer, Charles Welter, Pieter Sjoerds Gerbrandy, Politician, Wilhelmina of the Netherlands]"}, "238": {"gemma": "[Chemistry, Nikolay Semyonov, FC Sokol Saratov, Andrei Nikolayevich Kopylov, Midfielder]"}, "239": {"gemma": "[Poland Canadians, Polish language, Marie de R\u00e9gnier, French language, Jos\u00e9-Maria de Heredia, Parnassianism, Cuba, Jos\u00e9-Maria de Heredia, France]"}, "240": {"gemma": "[Insect, Bembecia sanguinolenta, Cacographis, Cacographis osteolalis, Accra kassaicola]"}, "241": {"gemma": "[Owl Mountains, Poland, Wielka Sowa, Syzyfowe prace (film), Mo\u0142tajny, Boles\u0142awiec rail viaduct, Liberta]"}, "242": {"gemma": "[Extravaganza (TV series), Comedy, Club Oasis, LGBT music, Clint Catalyst, West Virginia]"}, "243": {"gemma": "[Hanover S-Bahn, DB Regio, Ausserfern Railway, DB Regio, Hesse]"}, "244": {"gemma": "[Rita rita, Animal, Chordate, Actinopterygii, Catfish]"}, "245": {"gemma": "[Gianni Romme, Netherlands, Ummet Ozcan, Electro house, Flamingo Recordings, Netherlands]"}, "246": {"gemma": "[Cleveland Crunch, Glenn Carbonara, United States national futsal team, Leo Gibson, Forward (association football)]"}, "247": {"gemma": "[Westminster, United Kingdom, Windsor  Berkshire, St George's Chapel  Windsor Castle, Princess Alice  Countess of Athlone, Frogmore]"}, "248": {"gemma": "[Hadi al-Bahra, Syria, Damascus, Battle of Damascus (2012), Maher al-Assad]"}, "249": {"gemma": "[Pop music, Rock music, Hymns for the Haunted, Rock (music), Chagall Guevara, United States]"}, "250": {"gemma": "[Cheung Kin Fung, TSW Pegasus FC, Lai Yiu Cheong, Hong Kong national under-23 football team, Chan Siu Ki, Hong Kong national football team]"}, "251": {"gemma": "[United States, Energy Future Holdings, Luminant, Electric utility, AGL Energy, Electric power distribution]"}, "252": {"gemma": "[Ludwig Gattermann, Germany, Hans Filbinger, University of Freiburg, Hans Adolf Krebs, German Empire, Otto Lenel]"}, "253": {"gemma": "[Paracelsus (film), The Student of Prague (1926 film), The Trial (1948 film), German language]"}, "254": {"gemma": "[Rome, Pope Pius IX, Nicholas Pieck, Italy, Diego Pellegrini, U.S. Bitonto, Abdelmadjid Tahraoui]"}, "255": {"gemma": "[Ziyarat Shah, Iran, Kohgiluyeh and Boyer-Ahmad Province, Kuhsarak-e Sofla, Shahrestan-e Olya, Aliabad-e Pain  Isfahan]"}, "256": {"gemma": "[Cond\u00e9 Nast, Artistic director, Armen Nalbandian, Free jazz, Misha Mengelberg, Han Bennink, Instant Composers Pool  ICP Orchestra  1]"}, "257": {"gemma": "[Naval Battle of Guadalcanal, Kakuji Kakuta, Hiroaki Abe, World War II, Harold Burfield Taylor]"}, "258": {"gemma": "[Gustav L\u00e5ngbacka, Finland, Kokkola, Kokkolan Palloveikot, Gamlakarleby Bollklubb, IFK Mariehamn]"}, "259": {"gemma": "[Star Crossed (The Outer Limits), Robbi Chong, Poltergeist: The Legacy, United States, Charles Philippe Leblond, Quebec]"}, "260": {"gemma": "[Dick Wessel, Studio City Los Angeles California, England, United Kingdom, Seahaven Academy, United Kingdom, Newhaven East Sussex, United Kingdom, Campbell Hall School]"}, "261": {"gemma": "[Nen\u00e9 Ballina, Malabo, Equatorial Guinea, Jhony, Atl\u00e9tico Malabo, Miguel Boriba, Equatorial Guinea national football team, Atl\u00e9tico Madrid, Nagore (footballer)]"}, "262": {"gemma": "[Soul music, Jazz, Herb Ellis Meets Jimmy Giuffre, Jazz, Trav'lin' Light (song), Country music, Dottie West, Country pop, Without the One You Love (Life's Not Worth While)]"}, "263": {"gemma": "[Maria Bolognesi, Roman Catholic Church, Miguel Pro, Madagascar, Rapha\u00ebl Rafiringa, Antananarivo]"}, "264": {"gemma": "[Los Angeles Rams, Bobby Cross, San Francisco 49ers, Dennis Haley, Hamilton Tiger-Cats]"}, "265": {"gemma": "[James L. Kauffman, World War I, World War II, Battle of Saipan, James Stockdale]"}, "266": {"gemma": "[Phil Oreskovic, Bob Crawford, Ontario, Charles Herbert Mackintosh, George MacKinnon Wrong, University of Toronto, George Bridgman, Canadian American]"}, "267": {"gemma": "[United States, Pensacola  Florida, DuMont Television Network, KOB]"}, "268": {"gemma": "[Watsonia borbonica, Monocots, Orchidaceae, Bulbophyllum sawiense, Bulbophyllum]"}, "269": {"gemma": "[Eudicots, Gmelina vitiensis, Asterids, Angiosperms, Gmelina]"}, "270": {"gemma": "[Ophrys omegaifera, Orchidoideae, Cybebus, Plantae, Asparagales]"}, "271": {"gemma": "[Brock Granger, United States, Portland Timbers U23s, Louisville Cardinals, New York  New York, Gregory Preciado, Defender (association football)]"}, "272": {"gemma": "[Captain Nemo and the Underwater City, Alan Hume, Arabian Adventure]"}, "273": {"gemma": "[Nishinoomote  Kagoshima, Japan, Ehime FC, Daichi Akiyama, Hannan University, Takeshi Oka, Tokyo, Empress Teimei, Japan]"}, "274": {"gemma": "[Evelyn Baghtcheban, Istanbul, France, Jacques Rouvier, France]"}, "275": {"gemma": "[Azerbaijanis in Germany, D\u00fcsseldorf, Cologne\u2013Aachen high-speed railway, K\u00f6ln-L\u00f6venich station, K\u00f6ln Hansaring station, K\u00f6ln Hauptbahnhof]"}, "276": {"gemma": "[Regina  Saskatchewan, Saskatchewan New Democratic Party, Eric Cline, Ontario, New Democratic Party, John Gilbert (Canadian politician)]"}, "277": {"gemma": "[Korhan \u00d6zt\u00fcrk, \u00c7ank\u0131r\u0131spor, Bayern Munich Junior Team, Alexander Benede, SV Pullach, Orkan Balkan, SV Pullach]"}, "278": {"gemma": "[Nirala, Heera Aur Pathar, Urdu, Aina (1977 film), Bahar Begum]"}, "279": {"gemma": "[Loreto-di-Casinca, Haute-Corse, France, United Kingdom of Great Britain and Ireland, Quintessence, Pastille]"}, "280": {"gemma": "[Eudicots, Hunteria ghanensis, Apocynaceae, Tabernaemontana eusepaloides, Tabernaemontana]"}, "281": {"gemma": "[Mentzelia chrysantha, Monocots, Ornithidium donaldeedodii, Epidendroideae, Maxillarieae, Tolumnia variegata, Tolumnia, Orchidaceae, Asparagales, Plantae]"}, "282": {"gemma": "[Keep It Dark, Art rock, Genesis (band), Abacab, Charisma Records]"}, "283": {"gemma": "[Iran, Kerman Province, Fahraj County, Asadabad-e Anguri, Lorestan Province]"}, "284": {"gemma": "[Philip Sporn, Austria, Vienna, Thomas L\u00f6ffler, Oliver Glasner]"}, "285": {"gemma": "[Sam Otada, Kampala, Uganda, Central Region  Uganda, Charles Angina, Wakiso District]"}, "286": {"gemma": "[Businessman, Jerry Fowler, James Craig Watson, Astronomer, Jos\u00e9 Francisco Salgado]"}, "287": {"gemma": "[United States, Florida, Fernandina Beach  Florida, Nassau County  Florida, City, Ritzville  Washington]"}, "288": {"gemma": "[S\u1ea7m Ng\u1ecdc \u0110\u1ee9c, Vietnam, Vietnam national under-23 football team, Tr\u1ea7n M\u1ea1nh D\u0169ng, Attacking Midfielder, Young Africans S.C., Tanzania, Tanzania national football team]"}, "289": {"gemma": "[Ion Creang\u0103, Romania, Eastern Orthodox Church, USSR, Alliance for European Integration, Alexandru Oleinic]"}, "290": {"gemma": "[Park Ha-sun, Temptation (2014 TV series), George Fenton, Planet Earth (TV series)]"}, "291": {"gemma": "[S5, DBAG Class 423, S-Bahn Rhein-Main, Rapid transit, Crossrail, Transport for London, Frankfurt am Main, DB Regio, S6]"}, "292": {"gemma": "[Insect, Terthreutis xanthocycla, Lepidoptera, Fulcrifera periculosa, Archon (butterfly), Adoxophyes chloromydra, Animal]"}, "293": {"gemma": "[Manfred  King of Sicily, Frederick II  Holy Roman Emperor, Conrad IV of Germany, Henry (VII) of Germany]"}, "294": {"gemma": "[Kalyan, BJP, Maharashtra, Uttar Pradesh, Dibrugarh]"}, "295": {"gemma": "[Daniel Garnero, Club Atl\u00e9tico San Mart\u00edn de San Juan, N\u00e9stor Craviotto, Mart\u00edn Andrizzi, Sebasti\u00e1n Bl\u00e1zquez, Mart\u00edn Wagner, Fernando Gaston Soler, Federico Nieto]"}, "296": {"gemma": "[Lee Ya-hsuan, Taipei, Azusa Pacific University, Scott Cawthon, Hanazakarino Kimitachihe]"}, "297": {"gemma": "[Morenci Michigan, United States, Garden City Missouri, Tyler Farr, Redneck Crazy (song)]"}, "298": {"gemma": "[Hajime Okayasu, The Eel (film), Akira Yoshimura, Aiki (film), Daisuke Tengan]"}, "299": {"gemma": "[Pizki, Khodaabad  Razavi Khorasan, Iran Standard Time, Iran Daylight Time, Shirabad  West Azerbaijan, Urmia County, West Azerbaijan Province, Nazlu-e Shomali Rural District]"}, "300": {"gemma": "[Central Jakarta, East Jakarta, Maryland Transit Administration, Yellow Line (Baltimore)]"}, "301": {"gemma": "[Insect, Arthropod, Animal, Kingdom]"}, "302": {"gemma": "[Mohamed Fofana (French striker), U.S. Catanzaro 1929, U.S. Salernitana 1919, Caetano Calil, Forward (association football), France]"}, "303": {"gemma": "[Aji\u00eb language, New Caledonia, Mattole River, Pacific Ocean, Marakei]"}, "304": {"gemma": "[Peter Sch\u00f6ssow, Germany, Altenburger Land, Posterstein, Druggen]"}, "305": {"gemma": "[Lower Silesian Voivodeship, Poland, Central European Time, Vaxholm, Uppland]"}, "306": {"gemma": "[Iran, Baluchestan-e Shutavar, Kohgiluyeh and Boyer-Ahmad Province, Dana County, Kohgiluyeh County, Mirza Bahram Beygi]"}, "307": {"gemma": "[Kiel, Germany, C. J. Grisham, Blogger, California, Awolnation, Sail (song)]"}, "308": {"gemma": "[Kinyongia matschiei, Franz Werner, Sulawesi leaf warbler, Phylloscopidae, Bird, Sapphire quail-dove, Long-billed bush warbler, Passeriformes, Mountain chiffchaff]"}, "309": {"gemma": "[Iran, Chah Salman, Eslamabad  Ghaniabad, Central District (Damavand County), Iran Standard Time]"}, "310": {"gemma": "[Dunhill Records, A White Sport Coat and a Pink Crustacean, Grapefruit\u2014Juicy Fruit, Living and Dying in 3/4 Time, He Went to Paris, Don Gant]"}, "311": {"gemma": "[Soviet Union, Moscow, Vladimir Kesarev, FC Dynamo Moscow, USSR national football team, Yevgeni Sidorov]"}, "312": {"gemma": "[John Fogerty, Country rock, Roots rock, The Old Man Down the Road, Centerfield (album)]"}, "313": {"gemma": "[El Condado (Laviana), Spain, Txillardegi, San Sebasti\u00e1n, Victor Pradera Larumbe, Communist Party of Spain]"}, "314": {"gemma": "[Arsenal F.C., George Hunt (footballer  born 1910), Bolton Wanderers F.C., Benik Afobe, Arsenal F.C.]"}, "315": {"gemma": "[Hardanger, Norway, Western Norway, Tyssedal, Central European Time]"}, "316": {"gemma": "[Northern Windows, Jazz, Prestige Records, Midnight Blue (Kenny Burrell album), Kenny Burrell]"}, "317": {"gemma": "[Bucculatrix praecipua, Arthropod, Sybra dimidiata, Cerambycidae, Scoparia anaplecta, Scoparia (moth), Anaccra limitana, Erupa prodigialis, Philipp Christoph Zeller, Coleophora ramosella]"}, "318": {"gemma": "[Eternal Gray, Season of Mist, France, Quenoche, Haute-Sa\u00f4ne, France, Marsoulas, France, Alain Viel, Biochemistry, France, George H. Cameron]"}, "319": {"gemma": "[Namsos, Norway, Jon Olav Alstad, Nord-Tr\u00f8ndelag University College, Kjell Rune Sellin, IL H\u00f8dd, Arild Sundgot]"}, "320": {"gemma": "[Eudicots, Fabaceae, Acacia, Angiosperms]"}, "321": {"gemma": "[Rosids, Dipterocarpaceae, Shorea, Shorea polyandra, Shorea myrionerva]"}, "322": {"gemma": "[Czech Republic, Vyso\u010dina Region, Moravec (\u017d\u010f\u00e1r nad S\u00e1zavou District), V\u00edr (\u017d\u010f\u00e1r nad S\u00e1zavou District), Dragan Bo\u0161kovi\u0107, Bangkok United F.C.]"}, "323": {"gemma": "[Butterberg (Bad Harzburg), Germany, Lower Saxony, Schleswig-Holstein, Lauenburg (Elbe)]"}, "324": {"gemma": "[Chairman, LG Corporation, Semiconductor, Tokyo Electron, Japan Trustee Services Bank]"}, "325": {"gemma": "[United States, New Jersey, Hopewell Township Cumberland County New Jersey, Republican Party (United States), Upper Deerfield Township New Jersey]"}, "326": {"gemma": "[Iran, Kerman Province, Rafsanjan County, Koshkuiyeh District, Rustai-ye Abbas Aba, Tolombeh-ye Ahmadabad  Koshkuiyeh, Kerman Province, Chabahar County, Iran Standard Time]"}, "327": {"gemma": "[Kelly Malveaux, Edmonton Eskimos, Thomas Rayam, BC Lions, Chuck Bradley (offensive tackle)]"}, "328": {"gemma": "[Parapara  Gu\u00e1rico, Venezuela, Caracas, Luis Vallenilla, UA Maracaibo]"}, "329": {"gemma": "[Soviet Union, Karl Prince of Leiningen, Russia, Saransk, Kirill Kurochkin]"}, "330": {"gemma": "[Roary the Racing Car, DreamWorks Animation, Tim Whitnall, Maria Darling, Peter Kay, John Thomson (comedian), Strange Hill High, Marc Silk]"}, "331": {"gemma": "[Encyrtomphale, Animal, Muricidae, Gastropoda, Xymene]"}, "332": {"gemma": "[Strike Suit Zero, Android (operating system), Music of the Mana series, Akiko Infinity Kokia: Balance, Kokia (singer)]"}, "333": {"gemma": "[I  Robot (film), United States, Star Trek VI: The Undiscovered Country, Captivity (film), Pacific Palisades  California, Scream 4, Russian language]"}, "334": {"gemma": "[Aspen Butte, Klamath County  Oregon, Rogue River (Oregon), Cascade Range, Big Butte Creek]"}, "335": {"gemma": "[Kurt Ubben, 32nd Infantry Division (Wehrmacht), Operation Barbarossa, Battle of Moscow, Siegfried Knappe, World War II]"}, "336": {"gemma": "[Pelawatte, Time zone, John dal Bastone, Saint Peter's Basilica, Alvarez of C\u00f3rdoba]"}, "337": {"gemma": "[Dongfeng Peugeot-Citro\u00ebn, Dongfeng Motor, Hubei, Sidu River Bridge, Badong County, Enshi Tujia and Miao Autonomous Prefecture, Zheng Shiping, Novelist]"}, "338": {"gemma": "[United States, Kierra Sheard, The Clark Sisters, Organ (music), The Anointed Pace Sisters, Urban contemporary gospel]"}, "339": {"gemma": "[Express 13, German language, The Prisoners of Shanghai, Hans Karl Gottschalk, Silent film]"}, "340": {"gemma": "[Roy Edwards, Atlanta  Georgia, Ontario, National Hockey League, Fort Worth Wings]"}, "341": {"gemma": "[Frankenstein Conquers the World, Ryohei Fujii, Akira Ifukube, Godzilla vs. King Ghidorah, Space Amoeba, Destroy All Monsters, Yoshio Tsuchiya, Invasion of Astro-Monster, Haruo Nakajima]"}, "342": {"gemma": "[Iran, Kerman Province, Chah-e Cheman, Tolombeh-ye Shahid Mahlati, Kerman Province]"}, "343": {"gemma": "[South Africa, Sydney Brenner, Charles Robberts Swart, Heroes' Acre (South Africa)]"}, "344": {"gemma": "[MTV Dance, Nickelodeon (Portugal), MTV Music (UK and Ireland), MTV Hits (Europe), MTV Classic (Italy), MTV Live HD]"}, "345": {"gemma": "[Ochre-collared piculet, Piciformes, Phasianidae, Red-billed partridge, Picidae, Fulvous-breasted woodpecker, Piciformes]"}, "346": {"gemma": "[Benjamin Diokno, Rodrigo Duterte, Cotabato]"}, "347": {"gemma": "[Volkswagen Beetle, Australia, Brussels, King Baudouin Stadium, 2004 Belgian Cup Final]"}, "348": {"gemma": "[Montenegro national football team, Milorad Pekovi\u0107, FK Partizan, Sa\u0161a Ili\u0107 (footballer  born 1977)]"}, "349": {"gemma": "[Takashi Ishii, Japan, Gonin, Exposure (Expos\u00e9 album), Expos\u00e9 (group), J-pop, Mimori Yusa, Sendai  Miyagi]"}, "350": {"gemma": "[Peggy Lipton, Actor, Twin Peaks, Drama, Twin Peaks: Fire Walk with Me, Gregg Fienberg]"}, "351": {"gemma": "[Vossestrand, Norway, Central European Summer Time, Leikong, Western Norway, Fosnav\u00e5g]"}, "352": {"gemma": "[Ta\u015fkent, Felicity Party, Necmettin Erbakan, Hikmet \u00c7etin, Numan Kurtulmu\u015f, Binali Y\u0131ld\u0131r\u0131m]"}, "353": {"gemma": "[Massimo d'Azeglio, Kingdom of Italy, History of the Jews in Ukraine, Russia, Pontechianale, Piedmont, Cressa]"}, "354": {"gemma": "[Violet-crowned hummingbird, Chordate, Phyllergates, Kaluga (fish), Acipenseridae]"}, "355": {"gemma": "[Kingdom of the Two Sicilies, Carolina Santocanale, Italy, Tortol\u00ec, Citerna, Umbria]"}, "356": {"gemma": "[Yamato Nadeshiko (song), Danzai no Hana: Guilty Sky, Super Junior, Inbetween (album), Super Show 6 (album), Sexy  Free & Single (song), Dance music, Blue World (Super Junior song), Mamacita (Super Junior song)]"}, "357": {"gemma": "[Edmund Crispin, Carry On Sergeant, Carry On Constable, Doctor in Love, The Kidnappers, The Surgeon's Knife, No Kidding (film)]"}, "358": {"gemma": "[Benjamin Kunbuor, John Atta Mills, Kwesi Ahwoi, University of Ghana, William Kwasi Aboah, National Democratic Congress (Ghana), Collins Dauda, George Yankey]"}, "359": {"gemma": "[Rigan County, Iran, Chah Abdol-e Fariyab, Kerman Province, Tolombeh-ye Dad Morad Ravi Del Fariyab, Mowtowr-e Ramazan Tajik Gav Chah]"}, "360": {"gemma": "[Iran, Zanjan Province, Lar  Zanjan, Bonab Rural District (Zanjan Province), Kordeh Nab, Kolm-e Pain, Quzleja, Jolgeh-ye Chah Hashem Rural District, Suram Ali, Mowtowr-e Isa  Dalgan, Jalilabad  Zanjan, Iran Standard Time]"}, "361": {"gemma": "[Ry\u0144ski Dw\u00f3r, Warmian-Masurian Voivodeship, Gi\u017cycko County, Czerwony Dw\u00f3r  W\u0119gorzewo County, Kolniszki, Poland]"}, "362": {"gemma": "[Doncaster Rovers F.C., Harold Jacklin, Jack Thorogood, David Button, Mick Norbury, Bridlington Town A.F.C., Lee Crooks  1]"}, "363": {"gemma": "[Dead Yuppies, Unity (EP), Dropkick Murphys, Punk rock, Mob Mentality (album)]"}, "364": {"gemma": "[Ponni (1953 film), S. M. Sriramulu Naidu, Sabarimala Ayyappan, Aryamala, Padmini (actress), Jagathalaprathapan (1944 film), N. S. Krishnan, T. A. Madhuram, M. R. Santhanalakshmi, Kaveri (1955 film), P. U. Chinnappa, T. S. Balaiah, Thillana Mohanambal]"}, "365": {"gemma": "[Flo Rida, Sugar (Flo Rida song), Atlantic Records, Right Round, Electronic dance music, Jeffrey Jey]"}, "366": {"gemma": "[ABC Consultants, India, Akkineni Nageswara Rao, Akkineni Nagarjuna, Thammudu (film), Telugu cinema, K. R. Vijaya]"}, "367": {"gemma": "[Animal, Muricidae, Mollusca, Gastropoda, Trophoninae, Litozamia]"}, "368": {"gemma": "[Thymus citriodorus, Eudicots, Angiosperms, Asterids, Lamiaceae, Core eudicots, Plant, Nepenthes madagascariensis, Nepenthes, Nepenthes macfarlanei, Core eudicots, Plant]"}, "369": {"gemma": "[Bulbophyllum curvicaule, Portea, Pitcairnia wendtiae, Epidendrum subsect. Integra, Bulbophyllum, Bulbophyllum elephantinum, Sobralia macrantha, Monocots]"}, "370": {"gemma": "[Insect, Anelaphus guttiventre, Arthropod, Animal, Pyrianoreina hovorei]"}, "371": {"gemma": "[Pop music, Afterglow (Taxiride song), How I Got This Way, Rock music, Garage Mahal, Dusty Hill]"}, "372": {"gemma": "[England, Victoria Stilwell, London, CBS, Greatest American Dog]"}, "373": {"gemma": "[Noise rock, Lovelyville, California, Hank Worden, Los Angeles, California, George Contant, Minnesota, Blue Earth River, Blue Earth County  Minnesota, John Sontag, Saganaga Lake, Ontario, The Bastard (album), Progressive metal, Ihsahn]"}, "374": {"gemma": "[Jozef Tak\u00e1cs (politician), Austria-Hungary, Political science, Samuel P. Huntington, B\u00e9la Iv\u00e1dy, Emil Purgly]"}, "375": {"gemma": "[Chairman, New South Wales, Australia, James Caan (entrepreneur), London, Entrepreneur]"}, "376": {"gemma": "[United States, Screenwriter, Rob Thomas (writer), Drive Me Crazy, John Schultz (director), Judy Moody and the Not Bummer Summer, Universal Pictures, Relativity Media]"}, "377": {"gemma": "[Cirrospilus, Arthropod, Dermanyssidae, Dermanyssus gallinae]"}, "378": {"gemma": "[Bayer 04 Leverkusen, 2013\u201314 Bayer 04 Leverkusen season, 2013\u201314 Bundesliga, 2013\u201314 SC Freiburg season, SC Freiburg, Christian Streich, Midfielder]"}, "379": {"gemma": "[Insect, Scopulini, Lepidoptera, Argyractis flavalis, Argyractis]"}, "380": {"gemma": "[Something Rotten, The Well of Lost Plots, Fantasy novel, Dragon Ultimate, Summer Knight]"}, "381": {"gemma": "[Dance music, Beautiful (Jessica Mauboy song), Pop a Bottle (Fill Me Up), To the End of the Earth, Australia]"}, "382": {"gemma": "[Iran, Iran Daylight Time, Kohgiluyeh and Boyer-Ahmad Province, Kohgiluyeh County, Kohgiluyeh and Boyer-Ahmad Province, Pir-e Sefid, Charusa District, Kohgiluyeh County]"}, "383": {"gemma": "[Asteraceae, Parthenium incanum, Heliantheae, Balsamorhiza sagittata, Balsamorhiza]"}, "384": {"gemma": "[Insect, Mordella astuta, Mordellinae, Lamiinae, Exocentrus, Longhorn beetle, Tylosis dimidiata, Dectes sayi, Elytroleptus luteus, Homoeosoma contracta, Lepidoptera, Catocala obscura]"}, "385": {"gemma": "[Valleroy-aux-Saules, France, Sa\u00f4ne-et-Loire, Charolles, France, Gravelines Nuclear Power Station, Gravelines]"}, "386": {"gemma": "[United States, Shlomo Zilberstein, Gendernauts, Annie Sprinkle]"}, "387": {"gemma": "[HC Yugra, Stephen Dixon (ice hockey), Amur Khabarovsk, Mika Py\u00f6r\u00e4l\u00e4, Lule\u00e5 HF, Tappara]"}, "388": {"gemma": "[Queens Park Rangers F.C., Mauro Milanese, Italy, A.S. Varese 1910, Torino F.C.]"}, "389": {"gemma": "[Insect, Crambidae, Leucochromodes saltigalis, Animal, Arthropod, Polyphaga, Hoplorana attenuata, Aiyura linoptera, Lepidoptera]"}, "390": {"gemma": "[Self Preserved While the Bodies Float Up, Math rock, Oceansize, Post-hardcore, Indie rock, Superball Music, Progressive rock, Post-rock]"}, "391": {"gemma": "[Village, Russia, Dmitry Filosofov, West Pomeranian Voivodeship, Dziedzice West Pomeranian Voivodeship, Kar\u015bcino, Bia\u0142ogard County, Poland]"}, "392": {"gemma": "[Operation Europe: Path to Victory, New World Computing, Nuclear War (video game)]"}, "393": {"gemma": "[We Are No Angels (1975 film), Paul L. Smith, List of Dune secondary characters, Alia Atreides, Dune (film), Dune (franchise)]"}, "394": {"gemma": "[Hindi language, Kabhie To Nazar Milao, Ronnie Screwvala, UTV Software Communications, Sony Entertainment Television (India)]"}, "395": {"gemma": "[Sepah  Iran, Iran, Ahmadi District, Dinabad  Hormozgan, Sargaz-e Khazor Safakalinu, Iran Daylight Time]"}, "396": {"gemma": "[United States, Richard Stone (composer), Histeria!, Fraggle Rock: The Animated Series, Tiny Toon Adventures, Adventures of Sonic the Hedgehog]"}, "397": {"gemma": "[Insect, Wiseana, Arthropod, Dioptinae, Lepidoptera, Tortricidae, Epiphyas oresigona, Scotura]"}, "398": {"gemma": "[Bob Chynoweth, Australia, Philip Nitschke, Exit International, Melbourne, Association of Commonwealth Universities, Terence Tao, Flinders University]"}, "399": {"gemma": "[Taritatu River, Mamberamo River, Indonesia, Kebab, Meat, Goulash, Wedding soup, Kelan Antep]"}, "400": {"gemma": "[Lage  Lower Saxony, Germany, Rhine, Nahe (river), Hermann Usener]"}, "401": {"gemma": "[Udea decrepitalis, Animal, Arthropod, Phylloxiphia goodii, Lepidoptera]"}, "402": {"gemma": "[Animal, Mordellidae, Beetle, Mordella, Arthropod, Cucujiformia, Polyphaga, Pseudoeriphus collaris, Mordellinae, Mordella pulchra]"}, "403": {"gemma": "[Pop music, K-Ci (singer), Tupac Shakur, Soulshock & Karlin, Sandcastle Disco]"}, "404": {"gemma": "[Insect, Micronaclia simplex, Arctiidae, Animal, Western New Guinea mountain rat]"}, "405": {"gemma": "[Champenoux, France, Art-sur-Meurthe, Meurthe-et-Moselle, Fl\u00e9ville-devant-Nancy, France]"}, "406": {"gemma": "[Insect, Glossata, Kalocyrma, Lepidoptera, Pseudocrates, Arthropod, Malacostraca, Dromiidae, Heteroneura, Chrysoprasis bicolor, Trichoptilus viduus, Thamnopalpa, Poritia erycinoides, Lecithoceridae, Salbia sciagraphalis]"}, "407": {"gemma": "[Al\u00edpio de Miranda-Ribeiro, Pareiorhina rudolphi, Chordate, Actinopterygii]"}, "408": {"gemma": "[Ildar Shabayev, FC Yenisey Krasnoyarsk, Sergei Rashevsky, FC Khimik Dzerzhinsk, Gennadi Maslyayev, Midfielder]"}, "409": {"gemma": "[Selwyn Selwyn-Clarke, Seychelles, James Michel, People's Party (Seychelles), United Kingdom]"}, "410": {"gemma": "[The Astronaut Wives Club, Dominique McElligott, Moon (film), Sam Rockwell, Matt Berry]"}, "411": {"gemma": "[Peter S. Kaufman, Yale University, John M. Walker, George Herbert Walker, Thomas S. Gates Jr., World War II]"}, "412": {"gemma": "[2013\u201314 Sporting de Gij\u00f3n season, 2014\u201315 Segunda Divisi\u00f3n, 2014\u201315 Sporting de Gij\u00f3n season, El Molin\u00f3n, Sporting de Gij\u00f3n, 2015\u201316 Sporting de Gij\u00f3n season]"}, "413": {"gemma": "[Albania, Xhevahir Sukaj, KF Elbasani, Panionios F.C., Shaun Bradbury]"}, "414": {"gemma": "[Nee%3F, Shibuya-kei, Country music, Country Star (song), Pat Green, BNA Records, Country music, When She Cries]"}, "415": {"gemma": "[Manish Gupta, India, Rajiv Kanakala, Salabat Jung, Telangana, Neo Quotient, Hyderabad  India]"}, "416": {"gemma": "[Agile antechinus, Dasyuridae, Dasyuromorphia, Chordata, Animal]"}, "417": {"gemma": "[Maradi  Niger, Niger, Lake Chad, Chad, Patriotic Salvation Movement]"}, "418": {"gemma": "[Samut Songkhram F.C., Ekkasak Buabao, Pichet In-bang, Vimol Jankam, Ratchaburi, Thailand, Chaophraya Si Suriyawong, Buddhism, Suchart Thada-Thamrongvech, Kanarin Thawornsak]"}, "419": {"gemma": "[Russia, Soviet Union, Mykola Khvylovy]"}, "420": {"gemma": "[Jean-Paul Gaster, Alternative metal, Transnational Speedway League: Anthems  Anecdotes  and Undeniable Truths, Passive Restraints]"}, "421": {"gemma": "[Nahathai Suksombat, Osotsapa FC, RBAC F.C., Kittisak Rawangpa, Chatchai Paholpat, Thailand national football team, Kittisak Jaihan, Pattaya United, Muangthong United F.C.]"}, "422": {"gemma": "[Pfyn, Thurgau, Switzerland, Homburg  Switzerland, M\u00fcllheim  Switzerland, Frauenfeld District, Frauenfeld]"}, "423": {"gemma": "[District (Taiwan), Taoyuan  Taiwan, Mitsubishi Lancer Evolution, Front engine, Mitsubishi Lancer  2000\u20132007  1, Taiwan, Mitsubishi Motors, Yangmei District, Chrysler Town & Country  Generation IV  1]"}, "424": {"gemma": "[Poland, Rosocha  West Pomeranian Voivodeship, United People's Party (Poland), Congress Poland, Dariusz Jemielniak, Economics, Schmollers Jahrbuch, Christianity, Rock Is Not Enough, Warsaw, Stefan Niementowski, Poland]"}, "425": {"gemma": "[Scranton  Pennsylvania, United States, Canadian  Texas, Kathleen Kane, Bruce Beemer, University of Scranton]"}, "426": {"gemma": "[Herman Millakowsky, United States, Ed Murray (Wyoming politician), Florida, Charlotte County  Florida, United States, Billie Hughes]"}, "427": {"gemma": "[Democratic Party (United States), United States, Monmouth County  New Jersey, New Jersey, Eastern Time Zone, Wabash County  Indiana]"}, "428": {"gemma": "[Danny Rose (footballer  born 1990), Sunderland A.F.C., Gabon national football team, Midfielder]"}, "429": {"gemma": "[Battle of the Caucasus, Alexander Preinfalk, Volkhard Eitner, Paul Ebel, World War II]"}, "430": {"gemma": "[Claudio Morra, Hellas Verona, Antonio Di Gennaro, Juventus F.C., Midfielder, Italy national football team, Roberto Anzolin]"}, "431": {"gemma": "[William Hayes Fisher  1st Baron Downham, Edward Grey  1st Viscount Grey of Fallodon, Jessie Street, Laurence Street]"}, "432": {"gemma": "[Heinrich Weber (footballer), KSV Hessen Kassel, Arminia Bielefeld, Vujadin Savi\u0107, Germany]"}, "433": {"gemma": "[Animal, Arabian smooth-hound, Chordate, Carnivora, Egyptian weasel]"}, "434": {"gemma": "[Insect, Acrolophus, Acrolophidae, Lepidoptera, Animal]"}, "435": {"gemma": "[Ben Hecht, O. Henry's Full House, John Newland, George Montgomery (actor), Roxie Hart (film)]"}, "436": {"gemma": "[Sony Aath, Cable television, Drama, The Legend of Brown Sugar Chivalries, Brown Sugar Macchiato, Wang Zi]"}, "437": {"gemma": "[Zecharia Sitchin, United States, New York City, Paul Slovic, Communication sciences]"}, "438": {"gemma": "[Illinois, United States, Armenia, Ottoman Empire, 24th Regiment Kentucky Volunteer Infantry, Siege of Corinth]"}, "439": {"gemma": "[Poland, \u015amigiel, Imperial Germany, Alexander Gode, The Spiders (film)]"}, "440": {"gemma": "[Riki-Oh: The Story of Ricky, Cantonese, Orange Sky Golden Harvest, Andy Lau, McDull  Prince de la Bun, Wu Ma]"}, "441": {"gemma": "[Rosids, Haplocoelum, Sapindales, Haplocoelum trigonocarpum, Vatica pachyphylla, Aesculus wangii, Sapindaceae, Haplocoelum]"}, "442": {"gemma": "[Western Sahara conflict, El-Ouali Mustapha Sayed, Spanish Legion, James Butler  2nd Duke of Ormonde, Kingdom of England, Mary II of England]"}, "443": {"gemma": "[Quilaco, Municipality, Arteixo, Spain, Central European Time]"}, "444": {"gemma": "[Institutional Revolutionary Party, Mexico, Jos\u00e9 L\u00f3pez Portillo, Miguel de la Madrid, Hugo B. Marg\u00e1in]"}, "445": {"gemma": "[I Am King, Metalcore, Besieged (band), Mattie Montgomery, Christian metal]"}, "446": {"gemma": "[Saint Pedro Poveda College, Ria Atayde, Coleen Garcia, Philippines, Linn Oeymo]"}, "447": {"gemma": "[Insect, Cymothoe radialis, Lepidoptera, Polytremis lubricans, Hasora anura]"}, "448": {"gemma": "[Erica terminalis, Tarenna quadrangularis, Stylidiaceae, Stylidium sect. Andersonia, Stylidium fluminense]"}, "449": {"gemma": "[North Korea, Roman Catholic Diocese of Hamhung, Roman Catholic Archdiocese of Seoul, Roman Catholic Diocese of Chunchon, South Korea, Roman Catholic Diocese of Wonju]"}, "450": {"gemma": "[US, Penny (rapper), Fake Four Inc., Ceschi, Noah23, Hip hop music]"}, "451": {"gemma": "[PIMCO, Allianz, Chief executive officer, Allianz Life, Open World Entertainment, Allianz]"}, "452": {"gemma": "[Insect, Ephippiger, Arthropod, Orthoptera, Zeuneria, Aroegas, Black-spotted false shieldback, Caelifera, Dichromorpha]"}, "453": {"gemma": "[Eski\u015fehirspor, FC Krasnodar, Georgia, Tbilisi]"}, "454": {"gemma": "[Garmsar Rural District, Kermanshah County, Kermanshah Province, Iran Standard Time, Iran Daylight Time]"}, "455": {"gemma": "[Steven Mackintosh, What Remains (TV series), England Expects, Traffic Cops, Sky Cops, The Sweeney (2012 film)]"}, "456": {"gemma": "[Rhynchodeminae, Luteostriata abundans, Ludwig von Graff, Austria, Christian Mayrleb, Wels, The Quality of Mercy (film), Andreas Gruber, Volkswagen Golf Mk2, Roland Scholl, University of Graz, Werner Kreindl, Wagrain, Kirchheim im Innkreis, Mercedes-Benz G-Class, Daniel K\u00f6llerer, Cecilia Renata of Austria, Michael Gregoritsch, Gerhard Kapl, Die rote Kapelle, Ferdinand II  Holy Roman Emperor, Graz]"}, "457": {"gemma": "[Ira H. Morgan, Sing Sinner Sing, The Cat and the Canary (1927 film), Martin G. Cohn, Arizona Terror]"}, "458": {"gemma": "[Vinyl record, The Beach Boys, Rhythm and blues, Darlin' (The Beach Boys song), Popular culture, I Go Crazy (Paul Davis song)]"}, "459": {"gemma": "[Turkey, Siirt, \u00c7atalca, \u00c7atalcaspor, Musa B\u00fcy\u00fck]"}, "460": {"gemma": "[New Zealand Military Forces, John Braithwaite (journalist), Second World War, Balkans Campaign (World War II), Keith Elliott]"}, "461": {"gemma": "[Brad Renfro, California, Radio Flyer (film), The Cure (1995 film), 40-Horse Hawkins]"}, "462": {"gemma": "[Sar Firuzabad Rural District, Kermanshah Province, Kermanshah County, Kermanshah Province, Eslamabad-e Gharb County, Central District (Damavand County), Rostamabad  Damavand]"}, "463": {"gemma": "[James McCudden, Royal Air Force, Croix de guerre 1914\u20131918 (France), Malcolm Henderson, Commander of the Order of the British Empire, Frederick Shaw (British Army officer)]"}, "464": {"gemma": "[Cillorigo de Li\u00e9bana, Central European Time, Schouwen-Duiveland, Central European Summer Time, Netherlands, Belgium]"}, "465": {"gemma": "[Drama, Ti Psyhi Tha Paradoseis Mori?, Reggae, Supermax (band), Cathy Garcia-Molina, Romance film, Korean Broadcasting System, Seoul, Song Seung-hyun]"}, "466": {"gemma": "[Arizona, Ed Ableser, North Carolina, Tim Moore (North Carolina politician), Democratic Party (United States), William Henry Haywood Jr.]"}, "467": {"gemma": "[April in Paris (album), Count Basie, Back with Basie, The Greatest!! Count Basie Plays  Joe Williams Sings Standards, Jazz]"}, "468": {"gemma": "[Goldfrapp, Electronic music, Hawnay Troof, Stained Glass  Soma Fountains, L'Age D'Or, Electronic music, IAMIXED]"}, "469": {"gemma": "[Eastern Cape, Sundays River, Indian Ocean, Buffalo River (Eastern Cape), Eastern Cape]"}, "470": {"gemma": "[Distill (album), Mick Harris, Doom (UK band), Hardcore punk, Earache Records]"}, "471": {"gemma": "[Erik Pedersen, Norway, Central European Summer Time, Nordfold, Western Norway, Gaupne, Sognefjellsvegen, Indreskomo, \u00d8ystein Skar, University of Bergen, Kyrkja, Oppland]"}, "472": {"gemma": "[Ansprand, Liutprand  King of the Lombards, Hildeprand]"}, "473": {"gemma": "[Sumerian Cry, Black metal, J\u00f8rn Inge Tunsberg, Death metal, Ihsahn, After (Ihsahn album), Industrial rock, Marc Jameson]"}, "474": {"gemma": "[Chairman, Banco Portugu\u00eas de Investimento, Porto, Kingdom of Portugal, Afonso I of Portugal]"}, "475": {"gemma": "[Trigonogya, Arthropod, Animal, Beetle, Buprestidae, Buprestoidea, Polyphaga, Chrysophana, Buprestidae]"}, "476": {"gemma": "[Marcus Andreasson, List of Belgian football transfers winter 2011\u201312, Gary Kagelmacher, Danubio F.C., France national under-19 football team, France]"}, "477": {"gemma": "[Nissan Micra  First generation K10  1, Nissan Micra, Nissan Micra  Fourth generation K13  1, Fukuoka]"}, "478": {"gemma": "[Insect, Diaspidinae, Scale insect, Hemiptera, Fioriniina, Chrysolopus spectabilis, Curculionidae, Animal]"}, "479": {"gemma": "[Film director, Damian Chapa, New York City, Gryffin (DJ), Bipolar Sunshine]"}, "480": {"gemma": "[Paide, Estonia, Rakvere, Battle of Wesenberg (1268), Dmitry of Pereslavl]"}, "481": {"gemma": "[Fine Gael, Alan Shatter, Frances Fitzgerald (politician), Enda Kenny, John Gormley, Judaism, Gabriel Riesser]"}, "482": {"gemma": "[The Outsiders (Eric Church song), Country music, Big Ole Brew, Southern rock, Peace  Love  and Country Music, White Trash Millionaire]"}, "483": {"gemma": "[Eucalyptus virginea, Syzygium, Syzygium alternifolium, Rosid, Angiosperm, Eucalyptus annulata]"}, "484": {"gemma": "[Bring It On Home (Sonny Boy Williamson II song) Bring It On Home 1, Atlantic Records, Jimmy Page, Led Zeppelin II, Hard rock, Led Zeppelin Remasters]"}, "485": {"gemma": "[United States, Rice High School (Manhattan  New York), China, Guizhou, Gelao language, Kam language]"}, "486": {"gemma": "[1956 Bulgarian Cup Final, PFC Vidima-Rakovski Sevlievo, Hristo Gospodinov, FC Septemvri Sofia, PFC Slavia Sofia, Bulgaria]"}, "487": {"gemma": "[Polydor Records, Writing on the Wall (Bucks Fizz album), Celebration Castle, The Ponys, The Choir (garage rock), Garage rock]"}, "488": {"gemma": "[Ferdi Van Den Haute, Belgium, Brussels, Alternative rock, Dado Villa-Lobos, Belgium]"}, "489": {"gemma": "[Corrado Tommasi-Crudeli, Medicine, Rudolf Virchow, Kingdom of Prussia, Otto Hahn, Charles Scott Sherrington, Friedrich Daniel von Recklinghausen, Anthropology, Ana Mar\u00eda Groot]"}, "490": {"gemma": "[Slightly Not Stoned Enough to Eat Breakfast Yet Stoopid, Chronchitis, Reggae, Reggae fusion, Reel 2 Real, New York City, Punk rock, Generation Terrorists, The Biggest and the Best, Slightly Stoopid]"}, "491": {"gemma": "[Yaw Preko, Ghana, Accra Hearts of Oak SC, Sebastian Barnes (footballer), Owusu Afriyie, Starwin Products, Ghana]"}, "492": {"gemma": "[FC Shakhtyor Salihorsk, Oleksiy Tupchiy, FC Gomel, Uladzimir Bushma, FC Minsk, Minsk, Alyaksey Pankavets, Belarus]"}, "493": {"gemma": "[Insect, Sybra brevelineata, Yimnashana theae, Yimnashana, Arthropod, Ground beetle, Yimnashana lungtauensis, Animal, Megacyllene snowi, Yimnashana]"}, "494": {"gemma": "[Kevin Duckworth, Harvey  Illinois, Eric Gehrig, A. J. Wood, Columbus Crew]"}, "495": {"gemma": "[Battle of Peking (1900), China, Tianjin, Seymour Expedition, Francis Cromie, Bombardment of Yarmouth and Lowestoft]"}, "496": {"gemma": "[Insect, Syntrita nimalis, Animal, Arthropod, Eteobalea tririvella, Lepidoptera]"}, "497": {"gemma": "[Bevil Rudd, South Africa, Pretoria, University of Pretoria F.C.]"}, "498": {"gemma": "[Animal, Chordata, Rufous elephant shrew, Macroscelidea, Golden-rumped elephant shrew]"}, "499": {"gemma": "[George Fox University, Herbert Hoover, James William Good, Washington  D.C., Charles Curtis]"}}