{"0": {"llama": "[Byung-Cheol Shin, Hsiao-Hwa Chen]"}, "1": {"llama": "[George Karypis, Maria Halkidi, Michalis Vazirgiannis]"}, "2": {"llama": "[S. Ramathilagam]"}, "3": {"llama": "[Krzysztof Czarnecki]"}, "4": {"llama": "[Luc J. Van Gool, Josep Llad\u00f3s, David S. Doermann, Mar\u00e7al Rusi\u00f1ol, Jean-Marc Ogier, Muhammad Muzzamil Luqman, Kurt Konolige, Gary R. Bradski, David G. Lowe, Masakazu Iwamura, Koichi Kise, Guangyu Zhu, Huiping Li, Cao De Tran, Quoc Bao Dang]"}, "5": {"llama": "[Alvis Brazma, Anna Farne, Anjan Sharma, Helen Parkinson, Richard M. R. Coulson, Roby Mani, Trevor Hastie]"}, "6": {"llama": "[Faisal Shafait, Thomas M. Breuel]"}, "7": {"llama": "[Oren Salzman, Ariel Felner, Oktay Arslan, Yibiao Lu, Soheila Salmanpour]"}, "8": {"llama": "[Sergey Loyka]"}, "9": {"llama": "[Ajit Kumar Chaturvedi, Andrew Sendonaris, Annamalai Annamalai, Mohamed-Slim Alouini, Ranjan K. Mallik, Robert Schober, Ying Jun Zhang]"}, "10": {"llama": "[Zeljko Zilic, Nicola Nicolici, Katarzyna Radecka]"}, "11": {"llama": "[Sara Kiesler, Friederike Anne Eyssel, Susan R. Fussell]"}, "12": {"llama": "[Guohui Xiao, Michael Zakharyaschev, Juan F. Sequeda, Diego Calvanese, Domenico Lembo, Antonella Poggi, Riccardo Rosati, Ian Horrocks, Lucian Popa, Roman Kontchakov, Mariano Rodriguez-Muro, Marcelo Arenas, Evgeny Kharlamov, Oscar Corcho, Axel Polleres, Davide Lanti, Peter Haase, Ernesto Jim\u00e9nez-Ruiz, Christoph Pinkel, Martin G. Skj\u00e6veland, Ahmet Soylu]"}, "13": {"llama": "[Philip S. Yu, Robert Kleinberg, Mihaela van der Schaar, Nikhil R. Devanur]"}, "14": {"llama": "[Rosal\u00eda Laza, Reyes Pav\u00f3n, Florentino Fdez-Riverola, Fernando D\u00edaz]"}, "15": {"llama": "[Holger Hermanns, Joost-Pieter Katoen, Lijun Zhang, Mari\u00eblle Stoelinga, Wendelin Serwe, Hassan Hatefi, Dennis Guck, Hubert Garavel]"}, "16": {"llama": "[Ning Xi, Xianmin Zhang, Yifan Chen, Heping Chen]"}, "17": {"llama": "[Anastasios Tefas, Ioannis Pitas]"}, "18": {"llama": "[Tam\u00e1s Szir\u00e1nyi, Levente Kov\u00e1cs]"}, "19": {"llama": "[Anatole L\u00e9cuyer]"}, "20": {"llama": "[Stefania Bandini, Giuseppe Vizzari]"}, "21": {"llama": "[Elizabeth M. Middleton]"}, "22": {"llama": "[Karen Simonyan and Ross B. Girshick have the following common neighbors: Shuicheng Yan, Ming-Hsuan Yang, Piotr Doll\u00e1r, Xiaogang Wang, Feng Liu, Bernt Schiele, Xiangyu Zhang, Alexander G. Hauptmann]"}, "23": {"llama": "[Kathryn S. McKinley, Stephen W. Keckler, Doug Burger, Behnam Robatmili, Katherine E. Coons]"}, "24": {"llama": "[Luigi Carro, Cristiana Bolchini, Gustavo R. Alves, Marco D. Santambrogio, Maurizio Rebaudengo, Massimo Violante, Edward J. McCluskey, Luca Cassano, M. Bellato, D. Bortolato, M. Ceschia, P. Zambolin, Manuel G. Gericota, Hana Kubatova, Pavel Kubalik]"}, "25": {"llama": "[None]"}, "26": {"llama": "[Edmund M. Clarke, Jack H. Lutz, Jos\u00e9 Ignacio Requeno, Jos\u00e9 Manuel Colom]"}, "27": {"llama": "[Dariusz Rzo\u0144ca, Marcin Jamro]"}, "28": {"llama": "[None]"}, "29": {"llama": "[Taghi M. Khoshgoftaar, Amri Napolitano, Huanjing Wang, Randall Wald]"}, "30": {"llama": "[Katherine M. White, Viswanath Venkatesh]"}, "31": {"llama": "[Adam Wolisz, Andre Riker, Antonio Jorge Gomes Abel\u00e9m, Eduardo Cerqueira, Elisangela Aguiar, Jirka Klaue, Marcelo Yannuzzi, Roger Immich, Zhou Wang]"}, "32": {"llama": "[Yefeng Zheng, Tommaso Mansi, Bogdan Georgescu, Dorin Comaniciu, Nassir Navab, Ali Kamen, Christopher Aldo Rinaldi]"}, "33": {"llama": "[Philippe Salembier]"}, "34": {"llama": "[Kei-Hoi Cheung]"}, "35": {"llama": "[Zvi Drezner, Antonio M. Rodr\u00edguez-Ch\u00eda, Justo Puerto, Stefan Nickel, V\u00edctor Blanco]"}, "36": {"llama": "[Patrice Godefroid, S\u00e9bastien Bardin, Philippe Herrmann, David Brumley, Thanassis Avgerinos, Dawson R. Engler, David Molnar, George Candea, Koushik Sen, Vijay Ganesh, Cristian Cadar, Robin David, Josselin Feist]"}, "37": {"llama": "[Eric Goubault, St\u00e9phane Gaubert]"}, "38": {"llama": "[Takahiro Suzuki, Shuji Tasaka, Akifumi Hirashima, Yutaka Ishibashi, Erick Jimenez Rodriguez, Fernando Boronat, Mario Montagud, Hikaru Yoshimi, Jun Sako, Norihito Misaki]"}, "39": {"llama": "[Eibe Frank, Ian H. Witten, Bernhard Pfahringer, Anton Batliner, Elmar N\u00f6th, Shrikanth Narayanan, Martin W\u00f6llmer, Florian Eyben, Bj\u00f6rn W. Schuller, Fabien Ringeval, Stefan Steidl, Peter Reutemann, Mark A. Hall, Erik Marchi, Zixing Zhang, Yue Zhang 0014]"}, "40": {"llama": "[Mosharaf Chowdhury]"}, "41": {"llama": "[Nigel Shadbolt, Fabio Crestani, Bamshad Mobasher]"}, "42": {"llama": "[David R. Kaufman]"}, "43": {"llama": "[Francisco Herrera, Enrique Herrera-Viedma, Luis Mart\u00ednez, Yinfeng Xu, Francisco Chiclana, I. P\u00e9rez, Sergio Alonso, Francisco Javier Cabrerizo, Shui Yu, Hongyi Li, Guiqing Zhang, Chen Xj, Hengjie Zhang, Rosa M. Rodr\u00edguez, Yucheng Dong, Janusz Kacprzyk]"}, "44": {"llama": "[B.D. Van Veen]"}, "45": {"llama": "[Graciela Gonzalez]"}, "46": {"llama": "[Sven Apel, Alessandro Garcia, Lyrene Fernandes da Silva, Marco Tulio Valente, Nachiappan Nagappan, Lidia Fuentes, Jorge C. A. de Figueiredo, Jo\u00e3o Brunet]"}, "47": {"llama": "[Slinger Jansen]"}, "48": {"llama": "[Doron Lancet, Marilyn Safran, Vered Chalifa-Caspi, Orit Shmueli, Naomi Rosen, Michael Shmoish, Tsippi Iny Stein]"}, "49": {"llama": "[Nikos G. Tsagarakis, Bram Vanderborght, Antonio Bicchi, Thomas Wimbock, Gerd Hirzinger, Alin Albu-Sch\u00e4ffer, Oliver Eiberger, Markus Grebenstein, Gerhard Hirzinger, Florian Petit, Werner Friedl, Stefan J\u00f6rg, Hannes H\u00f6ppner]"}, "50": {"llama": "[Moutaz Khouja, P. K. Kannan, Ramnath K. Chellappa]"}, "51": {"llama": "[Marten van Sinderen, Luis Ferreira Pires]"}, "52": {"llama": "[Cynthia Breazeal, Kerstin Dautenhahn, Cory D. Kidd, Emrah Akin Sisbot]"}, "53": {"llama": "[Alan C. Bovik]"}, "54": {"llama": "[None]"}, "55": {"llama": "[Tatsuya Yamaguchi, Ning Li, Ahmed Musa, Akira Matsuzawa, Ryo Minami, Keigo Bunsen, Kota Matsushita, Makoto Noda]"}, "56": {"llama": "[Jarke J. van Wijk, Stephan Diehl, Fabian Beck, Daniel Weiskopf, Huamin Qu, Jean-Daniel Fekete, John T. Stasko, Michael Burch, Kwan-Liu Ma]"}, "57": {"llama": "[Andrew T. Campbell, Kate Ching-Ju Lin, Kristin J. Dana, Marco Gruteser, Xia Zhou]"}, "58": {"llama": "[Dusit Niyato, Ekram Hossain, Georgios B. Giannakis, Khaled Ben Letaief, Lajos Hanzo, Rui Zhang, Trung Q. Duong, Wei Chen]"}, "59": {"llama": "[Rolf Ernst, Christine Rochange, Pascal Sainrat, Peter P. Puschner, Eduardo Qui\u00f1ones, Francisco J. Cazorla, Mike Gerdes]"}, "60": {"llama": "[Victor Luchangco, Mark Moir, Maurice Herlihy, Philippas Tsigas, Nir Shavit, David L. Detlefs, Danny Hendler, David Dice, Adri\u00e1n Cristal]"}, "61": {"llama": "[Hiroyuki Okamura, Tadashi Dohi, Kishor S. Trivedi, Johannes Klinglmayr]"}, "62": {"llama": "[Julien Cohen-Adad, Lawrence L. Wald, Stamatios N. Sotiropoulos, Boris Keil]"}, "63": {"llama": "[Chia-Hoang Lee]"}, "64": {"llama": "[Huchuan Lu and Luc J. Van Gool have the following common neighbors: Shuicheng Yan, Ming-Hsuan Yang, Rob Fergus, Geoffrey E. Hinton, Cordelia Schmid, Andrew Zisserman, Si Liu, Baojie Fan, Xiang Ruan]"}, "65": {"llama": "[Felix Ulmer]"}, "66": {"llama": "[Mark A. Hanson, Adam T. Barth, John Lach]"}, "67": {"llama": "[Guillaume Lavou\u00e9, Benjamin Bustos, Leonidas J. Guibas, Afzal Godil, Patrick Min]"}, "68": {"llama": "[None]"}, "69": {"llama": "[Ralf Steinmetz, Dominik Stingl]"}, "70": {"llama": "[Philip S. Yu, Miroslav Voznak, Tzung-Pei Hong, Chun-Wei Lin, Vincent S. Tseng, Jian Pei, Hong Yao, Wen-Hsiang Lu, Shyue-Liang Wang, Jerry Chun-Wei Lin]"}, "71": {"llama": "[None]"}, "72": {"llama": "[Theodore W. Berger, Liam Paninski, Jonathan W. Pillow, Uri T. Eden, Robert E. Kass, Val\u00e9rie Ventura]"}, "73": {"llama": "[Dimitris Varoutas, Dimitris Katsianis, Thomas Sphicopoulos, Jarmo Harno, Theodoros Rokkas]"}, "74": {"llama": "[Robbert Jan Beun]"}, "75": {"llama": "[Hendrik P. A. Lensch, Hans-Peter Seidel, Szymon Rusinkiewicz, Gordon Wetzstein, Ivo Ihrke, Chris Tchou, Craig Donner, Tim Hawkins, Per Einarsson]"}, "76": {"llama": "[ Dimitrios S. Nikolopoulos, Guy E. Blelloch, Hans Vandierendonck, Mark D. Hill ]"}, "77": {"llama": "[Adam Disney, Catherine D. Schuman, John Reynolds]"}, "78": {"llama": "[Paolo Gamba, Jordi Inglada, Florent Chatelain]"}, "79": {"llama": "[Changqin Quan, Tat-Seng Chua, Kentaro Inui, Fabrizio Sebastiani, Dan Roth, Kazuyuki Matsumoto, Tomas Mikolov, Yuji Matsumoto, Degen Huang, Zheng Yang, Peter D. Turney]"}, "80": {"llama": "[Fiorella de Rosis, Nicole Novielli]"}, "81": {"llama": "[Dong Xu, Luc J. Van Gool, Hong Liu, Zhenjun Han]"}, "82": {"llama": "[Khalid Saeed]"}, "83": {"llama": "[Chao Yang, Esmond G. Ng, John Shalf, Pieter Maris, James P. Vary, Samuel Williams]"}, "84": {"llama": "[Mikko Vehkapera, Ralf R. Muller, Keigo Takeuchi, Thomas L. Marzetta, Caijun Zhong]"}, "85": {"llama": "[Ali A. Ghorbani, A. Nur Zincir-Heywood]"}, "86": {"llama": "[Xin Yao, Yong Wang]"}, "87": {"llama": "[Sook Jung, Dorrie Main]"}, "88": {"llama": "[Daniel N. Klein, Michael J. Collins, Percy Liang, Luke S. Zettlemoyer]"}, "89": {"llama": "[Charles M. Bachmann, Paul Scheunders]"}, "90": {"llama": "[Christian Ringhofer, Rosanna Manzo, Benedetto Piccoli, Michael Herty, Dieter Armbruster]"}, "91": {"llama": "[Maude Manouvrier, Yang Syu, Jong-Yih Kuo]"}, "92": {"llama": "[Christos Faloutsos]"}, "93": {"llama": "[Hermann Ney]"}, "94": {"llama": "[Kalyanmoy Deb, Sameer Agarwal, Fabr\u00edcio Olivetti de Fran\u00e7a, T. Meyarivan, Fernando J. Von Zuben]"}, "95": {"llama": "[Zolt\u00e1n Szab\u00f3, Fen Wu, Zsolt P\u00e9ter Bir\u00f3]"}, "96": {"llama": "[None]"}, "97": {"llama": "[Inkyu Lee, Sang Rim Lee, Haewook Park, Rui Zhang, Han Bae Kong]"}, "98": {"llama": "[Dirk Deschrijver, Dick den Hertog]"}, "99": {"llama": "[None]\n\nFarzad Safaei and Marco Di Renzo do not have any common neighbors in this network."}, "100": {"llama": "[Kenneth R. Koedinger, Antonija Mitrovic]"}, "101": {"llama": "[None]"}, "102": {"llama": "[Bo Shen, Huijun Gao, James Lam, Jinling Liang, Li Sheng, Ligang Wu, Peng Shi, Xiao He, Xiaohui Liu, Zidong Wang]"}, "103": {"llama": "[Minoru Nakayama, J. Simola]"}, "104": {"llama": "[Vladimir Lifschitz, Volkan Patoglu, Kadir Haspalamutgil, Can Palaz]"}, "105": {"llama": "[Lars Borin, Philipp Cimiano, Markus Forsberg, Pierre Nugues, Daniel Jurafsky, Richard Johansson]"}, "106": {"llama": "[Cl\u00e9ment Gosselin, Vincent Duchaine, Bruno Siciliano, Zexiang Li]"}, "107": {"llama": "[Dushyanth Narayanan, Evgenia Smirni, Alma Riska, Yuanyuan Zhou]"}, "108": {"llama": "[Pawel Garbacki, Keith W. Ross]"}, "109": {"llama": "[Mehdi Dehghan]"}, "110": {"llama": "[Weili Wu, Guoliang Xue]"}, "111": {"llama": "[Andrew Zisserman]"}, "112": {"llama": "[Kai Petersen, Lars Mathiassen, Mario Piattini, Rory V. O'Connor, Tore Dyb\u00e5]"}, "113": {"llama": "[George Karypis, Joost N. Kok, Jure Leskovec, Martine Collard, M. E. J. Newman, Michihiro Kuramochi, David Liben-Nowell, Yang Zhou, Jignesh M. Patel, Erick Stattner]"}, "114": {"llama": "[Keith D. Underwood]"}, "115": {"llama": "[Emma Norling, John Yen, Xiaocong Fan]"}, "116": {"llama": "[Bertrand M. Hochwald, Azzedine Zerguine, Muhammad Moinuddin]"}, "117": {"llama": "[Luc J. Van Gool, Dariu M. Gavrila, Jitendra Malik, Mubarak Shah, Pascal Fua, Saad M. Khan, F. Fleuret, G\u00e9rard G. Medioni, Kaiming He]"}, "118": {"llama": "[Jieping Ye, Christopher Leckie, Sutharshan Rajasegarar, Lawrence O. Hall, Yogesh Sankarasubramaniam, Weilian Su, Xuemin Shen, Anfeng Liu, Subhash Challa, Marimuthu Palaniswami]"}, "119": {"llama": "[Yun Peng, Tim Finin, Youyong Zou, Harry Chen, Ian Soboroff, Jaeyoung Choi, Filip Perich, Sovrin Tolia, Kyoungho Shin]"}, "120": {"llama": "[Jian Pei, Philip S. Yu, Lei Chen, Bolin Ding, Yongxin Tong, Caleb Chen Cao, Aditya G. Parameswaran, Zheng Liu, Jianzhong Li, Christos Faloutsos]"}, "121": {"llama": "[Byung-In Kim]"}, "122": {"llama": "[Li Zhang, Olivier Bodenreider, Anita Burgun, Yehoshua Perl, Michael Halper, Yan Chen, George Hripcsak, James Geller, Huanying Gu]"}, "123": {"llama": "[Lei Zhang, Xuelong Li, Eero P. Simoncelli, Yide Ma, Anush K. Moorthy]"}, "124": {"llama": "[Tarek F. Abdelzaher, David E. Culler, Deborah Estrin, Ramesh Govindan, Andrew T. Campbell, Vasos Vassiliou, Shane B. Eisenman, Ian F. Akyildiz, Charalambos Sergiou, Kyle Jamieson]"}, "125": {"llama": "[Frank Dellaert, Ryan M. Eustice, Wolfram Burgard, Stergios I. Roumeliotis, Michael Kaess, John J. Leonard, Nicholas Roy, Georgios Papadopoulos, Hanumant Singh]"}, "126": {"llama": "[Ching-Te Chuang, Ming-Hsien Tu, Kaushik Roy]"}, "127": {"llama": "[Fabio A. Gonz\u00e1lez, Jun Wang]"}, "128": {"llama": "[Serena Villata, Fabien Gandon]"}, "129": {"llama": "[Paulo Salvador, Shoji Kasahara]"}, "130": {"llama": "[Yaochu Jin, Albert Orriols-Puig, Dunwei Gong]"}, "131": {"llama": "[Meeta Sharma Gupta, Josep Torrellas, David Blaauw, Trevor N. Mudge, Dennis Sylvester, Todd M. Austin, David M. Brooks, Gu-Yeon Wei, Ronald G. Dreslinski, Scott A. Mahlke, Vijay Janapa Reddi]"}, "132": {"llama": "[Oliver Brdiczka, Patrick Reignier, James L. Crowley, Felix Sch\u00fcssel, Michel Riveill, Anind K. Dey]"}, "133": {"llama": "[Tanja Schultz, Alex Waibel, Andreas Stolcke, Sebastian St\u00fcker, Florian Kraft, Matthias W\u00f6lfel]"}, "134": {"llama": "[Stephen L. Smith, Andy M. Tyrrell, Luis A. Fuente, Michael A. Lones, Alexander P. Turner, Leo S. D. Caves, Mengjie Zhang, David M. Halliday, Stuart E. Lacy, Katherine L. Possin, Patrick Gaughan, Quan Ju, Nabil M. Aly, Jeremy R. Playfer, Jeremy Cosgrove, Susan Stepney]"}, "135": {"llama": "[Andrew Y. Ng, Gaowei Wu]"}, "136": {"llama": "[ Jasjit S. Suri, U. Rajendra Acharya, Peng Wen ]"}, "137": {"llama": "[Cyril Brom, Rudolf Kadlec]"}, "138": {"llama": "[Barbara Tversky, Mary Hegarty]"}, "139": {"llama": "[None]"}, "140": {"llama": "[Christoph Steinbeck, Timothy Jewison, Yannick Djoumbou]"}, "141": {"llama": "[Pieter Abbeel, Jeffrey Mahler, Ben Kehoe, Ken Goldberg]"}, "142": {"llama": "[None]"}, "143": {"llama": "[Qin Yu, Rui Zhang, Supeng Leng, Yan Zhang, Elza Erkip]"}, "144": {"llama": "[Shuzhong Zhang, Andrea J. Goldsmith, Alexander M. Haimovich, Hongbin Li, Luc Vandendorpe]"}, "145": {"llama": "[Matthew K. O. Lee, Christy M. K. Cheung, Huigang Liang, Yajiong Xue, Anol Bhattacherjee, Viswanath Venkatesh, Young-Gul Kim, Paul A. Pavlou]"}, "146": {"llama": "[Michael G. Hinchey]"}, "147": {"llama": "[Tim Kindberg]"}, "148": {"llama": "[Nicholas Ayache, Snehashis Roy, Christian Barillot, Tal Arbel, Bram van Ginneken, Mohsen Ghafoorian, Mads Nielsen]"}, "149": {"llama": "[Dan Feng, Ethan L. Miller, Hong Jiang, Cezary Dubnicki, Changsheng Xie]"}, "150": {"llama": "[Tomi Kinnunen, Ibon Saratxaga, Eng Siong Chng]"}, "151": {"llama": "[Volker Wulf, Eric Paulos, Leysia Palen]"}, "152": {"llama": "[Marcelo Schiavon Porto, Luciano Volcan Agostini, Wen Gao, Thomas Wiegand]"}, "153": {"llama": "[Xiaoxiong Xiong, Vincent V. Salomonson, Junqiang Sun, William L. Barnes, Aisheng Wu, Bruce Guenther, Rajendra Bhatt, Benjamin Scarino]"}, "154": {"llama": "[Klaus Bartl]"}, "155": {"llama": "[Christopher G. Brinton, Kenneth R. Koedinger, Mung Chiang]"}, "156": {"llama": "[Fernanda B. Vi\u00e9gas, Jeffrey Heer, Martin Wattenberg, Petra Isenberg, Tamara Munzner]"}, "157": {"llama": "[Ryo Kurazume, Yumi Iwashita]"}, "158": {"llama": "[Alexander Zelikovsky]"}, "159": {"llama": "[Yang Li, Mario Bkassiny, Sudharman K. Jayaweera, Lorenza Giupponi]"}, "160": {"llama": "[Lei Zhang, Josef Kittler, Yoshua Bengio, Xilin Chen, Roberto Cipolla, Marios Savvides, Ruiping Wang, Ajmal S. Mian, Hakan Cevikalp, Robyn A. Owens, Muhammad Uzair]"}, "161": {"llama": "[Ilya Sutskever, Kyunghyun Cho, Ruslan Salakhutdinov, Yoshua Bengio]"}, "162": {"llama": "[Christophe Moy, Jacques Palicot, Huseyin Arslan]"}, "163": {"llama": "[Sean Murphy]"}, "164": {"llama": "[Pedro L\u00f3pez-Garc\u00eda 0001, John P. Gallagher, Germ\u00e1n Puebla, Manuel V. Hermenegildo, Kerstin I Eder]"}, "165": {"llama": "[Andrea J. Goldsmith, Dongning Guo, Jiunn-Tsair Chen, Shlomo Shamai, Tao Jiang]"}, "166": {"llama": "[Teodor Sommestad, Paul Ralph, Daniel J. Ryan, Fabio Fioravanti, Matus Korman]"}, "167": {"llama": "[Elias N. Zois]"}, "168": {"llama": "[Daniel Cohen-Or, Hans-Peter Seidel, Jo\u00e3o Paulo Gois, Markus H. Gross, Yutaka Ohtake, Alexander G. Belyaev]"}, "169": {"llama": "[Tom M. Mitchell, Andrew McCallum]"}, "170": {"llama": "[None]"}, "171": {"llama": "[Laura Dabbish, James D. Herbsleb]"}, "172": {"llama": "[Abdollah Kavousi-Fard, Alireza Abbasi]"}, "173": {"llama": "[None]"}, "174": {"llama": "[None]"}, "175": {"llama": "[Yannis E. Ioannidis]"}, "176": {"llama": "[Greet Vanden Berghe, Hugo Terashima-Mar\u00edn, Jin-Kao Hao, Mart\u00edn J. Lillo Carpio, Michel Gendreau, Rhydian M R Lewis, Rong Qu, Sanja Petrovic, Santiago Enrique Conant-Pablos, Tom\u00e1\u0161 M\u00fcller, Barry McCollum, Ben Paechter, Ender \u00d6zcan, Gabriela Ochoa, Jorge Alberto Soria-Alcaraz, Matthew R. Hyde, Teodor Gabriel Crainic]"}, "177": {"llama": "[Kevin Warwick]"}, "178": {"llama": "[Boyana Norris, Jack Dongarra, Victor Eijkhout]"}, "179": {"llama": "[Markus H. Gross, Pascal Volino, Xiaogang Jin, Matthias M\u00fcller, R\u00fcdiger Westermann]"}, "180": {"llama": "[Jinghua Groppe, Sven Groppe, Stavros Christodoulakis, Nektarios Gioldasis, Chrisa Tsinaraki, Nikos Bikakis]"}, "181": {"llama": "[Thierry Floquet, Paulo Tabuada, Lorenza Magnani, Leonid Fridman, Mara Tanelli, Francesco Dinuzzo, Elio Usai, Arie Levant, Alessandro Pisano, Andrea Calanca, Luca Massimiliano Capisani]"}, "182": {"llama": "[Andrzej Ruszczynski, Darinka Dentcheva, Nilay Noyan]"}, "183": {"llama": "[None]"}, "184": {"llama": "[Joon-Hyuk Chang]"}, "185": {"llama": "[Jennifer Widom, Bernhard Seeger, Nesime Tatbul, Mitch Cherniack, Klaus Meyer-Wegener, Daniel J. Abadi]"}, "186": {"llama": "[Yuji Matsumoto]"}, "187": {"llama": "[John Mylopoulos, Wouter Joosen, Fabio Massacci, Nicola Zannone, Guttorm Sindre, Eric S. K. Yu, Torsten Lodderstedt, Federica Paci, Katsiaryna Labunets, Laurie Williams, Kim Wuyts]"}, "188": {"llama": "[G. Allan Johnson, Trygve B. Leergaard, Jan G. Bjaalie]"}, "189": {"llama": "[Harald Steck, Martin Ester, Yong Liu, Irwin King]"}, "190": {"llama": "[Zhou L, Yu-Bo Sheng]"}, "191": {"llama": "[Takafumi Aoki, Wangmeng Zuo, Anil K. Jain, Koichi Ito]"}, "192": {"llama": "[Matthias M\u00fcller, Marc Alexa]"}, "193": {"llama": "[Alan C. Bovik, Amit Pande, Prasant Mohapatra]"}, "194": {"llama": "[Arash Arami]"}, "195": {"llama": "[Jenq Kuen Lee]"}, "196": {"llama": "[Markus Rupp, Mehdi Bennis, Michal Simko]"}, "197": {"llama": "[Mark Harman]"}, "198": {"llama": "[Ian Dobson, B.A. Carreras, David E. Newman]"}, "199": {"llama": "[Uwe Aickelin]"}, "200": {"llama": "[Minseok Song]"}, "201": {"llama": "[Janusz Rajski, Hans-Joachim Wunderlich, Mohammad Tehranipoor, Sudhakar M. Reddy, Friedrich Hapke, Nur A. Touba]"}, "202": {"llama": "[Shrikanth Narayanan]"}, "203": {"llama": "[Daniel Erro, Tomoki Toda, Keiichi Tokuda, Junichi Yamagishi, Takashi Nose, Takashi Masuko]"}, "204": {"llama": "[Albert Cohen, Antoniu Pop, Dimitrios S. Nikolopoulos, Eduard Ayguad\u00e9]"}, "205": {"llama": "[Atulya K. Nagar, K. G. Subramanian, Petr Sos\u00edk, Agust\u00edn Riscos-N\u00fa\u00f1ez, Linqiang Pan]"}, "206": {"llama": "[None]"}, "207": {"llama": "[Ed Grochowski, Glenn Reinman, Lieven Eeckhout]"}, "208": {"llama": "[David Peleg, Christoph Lenzen, Fabian Kuhn, Jukka Suomela, Roger Wattenhofer]"}, "209": {"llama": "[Kazuhito Yokoi, Suguru Arimoto, Gerd Hirzinger, Alin Albu-Sch\u00e4ffer, Shuuji Kajita, Sang-Rok Oh, Ji-Hun Bae, Bum Jae You, Doik Kim, Joonhee Jo]"}, "210": {"llama": "[ Alexandru Iosup, Dick H. J. Epema, Mathieu Jan ]"}, "211": {"llama": "[Valmi Dufour-Lussier, Jean Lieber, Yannick Toussaint, Amedeo Napoli, Emmanuelle Gaillard, Emmanuel Nauer]"}, "212": {"llama": "[Wenzhong Zhu and Xiaobin Wang have the following common neighbors: Hai Li, Jisu Kim, Jung Pill Kim, Seong-Ook Jung, Taehui Na, Weisheng Zhao]"}, "213": {"llama": "[Fabien Clermidy, Giovanni De Micheli, Ian O'Connor, Kotb Jabeur, Nataliya Yakymets, Pierre-Emmanuel Gaillardon, S\u00e9bastien Le Beux]"}, "214": {"llama": "[Jeng-Shyang Pan, Chin-Chen Chang, Nasir D. Memon, Ruchira Naskar, Chwei-Shyong Tsai, Weiming Zhang, Heung-Kyu Lee, Xinpeng Zhang]"}, "215": {"llama": "[Shaoyong Lu, Jian Zhang, Qiancheng Shen]"}, "216": {"llama": "[Brad Calder, Ben Y. Zhao, Dhruba Borthakur, Hakim Weatherspoon, Jiwu Shu, John Kubiatowicz, Pengfei You, Ernst W. Biersack]"}, "217": {"llama": "[Carl-Fredrik Westin, Rachid Deriche, Yogesh Rathi, Maxime Descoteaux, Baba C. Vemuri, Peter J. Basser, Evren \u00d6zarslan, M. Okan Irfanoglu, Timothy M. Shepherd, Cheng Guan Koay, Michal E. Komlosh]"}, "218": {"llama": "[ Jung-Ryun Lee, Mohamed-Slim Alouini, Hari Balakrishnan, Krishna M. Sivalingam, Hesham Arafat ]"}, "219": {"llama": "[Dong Wang, Furao Shen, Jinxi Zhao, Xiaofei He]"}, "220": {"llama": "[Stefan Nickel, Juan A. Mesa, \u00c1ngel Mar\u00edn, Francisco A. Ortega, Justo Puerto]"}, "221": {"llama": "[Dong-Sheng Cao, Qing-Song Xu]"}, "222": {"llama": "[James B. Rawlings, Eduardo F. Camacho, David Angeli, Rishi Amrit]"}, "223": {"llama": "[Chen Ding, Yaoqing Gao, Jos\u00e9 Nelson Amaral]"}, "224": {"llama": "[E.S. de Almeida, Jorge Cl\u00e1udio Cordeiro Pires Mascena, Marcus A. Rothenberger, Michael Mattsson, Per Runeson, R.P. de Mattos Fortes, Renata Pontin de Mattos Fortes, Rick Rabiser, S.R. de Lemos Meira, Silvio Romero de Lemos Meira, Vinicius Cardoso Garcia, Daniel Lucr\u00e9dio]"}, "225": {"llama": "[George Bebis, Mohan M. Trivedi, Pietro Perona, Ronald Miller, Zehang Sun]"}, "226": {"llama": "[Szabolcs Rozsnyai, Mitch Cherniack, Stan Zdonik]"}, "227": {"llama": "[Iraj Mahdavi, M. Zandieh, Mitsuo Gen, Reza Tavakkoli-Moghaddam, Yunqiang Yin, Bahman Naderi]"}, "228": {"llama": "[Shuicheng Yan, Qiang Yang, Wei Wang, Sanguthevar Rajasekaran, Xiang Wan, Hong Xue, Bertil Schmidt, Lingtao Su, Weichuan Yu, Yue Wang, C. Yang]"}, "229": {"llama": "[Edward Walker]"}, "230": {"llama": "[\u00c1lvaro Rubio-Largo, Biswanath Mukherjee, Hyunseung Choo, Juan M. S\u00e1nchez-P\u00e9rez, Keyao Zhu, Kin-Hong Lee, Martin Tompa, Pavel A. Pevzner]"}, "231": {"llama": "[J\u00f6rn Hurtienne, Johann Habakuk Israel]"}, "232": {"llama": "[Seth Hutchinson, Alberto Traslosheros]"}, "233": {"llama": "[Evjola Spaho, Makoto Ikeda, Leonard Barolli, Fatos Xhafa, Keita Matsuo, Tetsuya Oda, Shinji Sakamoto, Takaaki Inaba, Elis Kulla]"}, "234": {"llama": "[Haibo Zeng, Samarjit Chakraborty, Zebo Peng]"}, "235": {"llama": "[Cristina Urdiales, F. Sandoval, Ulises Cort\u00e9s, Carlo Caltagirone]"}, "236": {"llama": "[An\u00edbal Ollero, Jes\u00fas Capit\u00e1n, Juan Andrade-Cetto, Andreu Corominas Murtra, Josep M. Mirats Tur, Richard Bowden]"}, "237": {"llama": "[Jinyun Zhang and Jianwei Huang have the following common neighbors: Yusheng Ji, Zhu Han, Behnaam Aazhang, Dong In Kim, Haobing Wang, Andrew Sendonaris, Yuguang Fang]"}, "238": {"llama": "[Fabio Neri]"}, "239": {"llama": "[Ingrid Moerman, L.A. DaSilva, Piet Demeester]"}, "240": {"llama": "[Tarek F. Abdelzaher, David E. Culler, Philip Levis, Deborah Estrin, Wei Ye, John A. Stankovic, Chenyang Lu, John S. Heidemann, Ian F. Akyildiz, Jason L. Hill, Robert Szewczyk, Mauri Kuorilehto, Marko H\u00e4nnik\u00e4inen, Timo D. H\u00e4m\u00e4l\u00e4inen, Jukka Suhonen, Ville Kaseva, Lui Sha, Jennifer C. Hou]"}, "241": {"llama": "[Michael R. Jantz, Devika Subramanian, David B. Whalley, Luiz G. A. Martins, Eduardo Marques, Gary S. Tyson]"}, "242": {"llama": "[Chenglin Zhao]"}, "243": {"llama": "[Qiang Yang, Wang-Chien Lee, Vincent S. Tseng, Jiawei Han, Yu Zheng, Hyoseok Yoon, Zhixian Yan, Wei-Ying Ma, Xing Xie, Josh Jia-Ching Ying, Ling-Yin Wei, Longhao Wang, Haiqin Yang, Jiajin Huang, Defu Lian, Lei Chen, Tat-Seng Chua, Ning Zhong, Mohamed F. Mokbel]"}, "244": {"llama": "[Seonho Kim, Mohamed Othman, Hamidah Ibrahim, Ian T. Foster, Robert Morris, Monir Abdullah, Shamala Subramaniam]"}, "245": {"llama": "[Paulo Morelato Fran\u00e7a, Claudio Fabiano Motta Toledo, Bernardo Almada-Lobo, Alistair R. Clark]"}, "246": {"llama": "[\u00d6zlem Uzuner, Wendy W. Chapman, Christopher D. Manning]"}, "247": {"llama": "[Tor Helleseth, Pascale Charpin]"}, "248": {"llama": "[Anil K. Jain, Arun Ross, Davide Maltoni, Dario Maio, Dimitrios Hatzinakos, Jie Tian, Nalini K. Ratha]"}, "249": {"llama": "[Tam\u00e1s Terlaky, Liqun Qi, V. Jeyakumar, C. Roos, Florian A. Potra]"}, "250": {"llama": "[Jie Chen, Christos Faloutsos, Cyril Goutte, Ling Qiu, Max Welling, Michael R. Lyu, Ting Chen]"}, "251": {"llama": "[David Gurney, Thomas Moscibroda, He Li]"}, "252": {"llama": "[Joel A. Tropp, Rick S. Blum, Alexander M. Haimovich]"}, "253": {"llama": "[Lionel M. Ni, Gennady L. Andrienko, Natalia V. Andrienko, Daqing Zhang, Wenchao Wu, Min Lu, Xiaoru Yuan, Zuchao Wang]"}, "254": {"llama": "[Tom Heath, Deborah L. McGuinness, Jens Lehmann, Aidan Hogan, Thomas Steiner, Siegfried Handschuh, Xin Wang, Manfred Hauswirth, Pascal Hitzler, Yannis Tzitzikas, Carlos Pedrinaci, Andriy Nikolov, Bernhard Haslhofer]"}, "255": {"llama": "[Yoshua Bengio, Geoffrey E. Hinton, Li Deng, Alex Krizhevsky, Ilya Sutskever, Ruslan Salakhutdinov, Jian Sun]"}, "256": {"llama": "[Filipe Araujo, Naghmeh Ivaki, Idit Keidar]"}, "257": {"llama": "[Jo\u00e3o Ricardo Sato, Andr\u00e9 Fujita]"}, "258": {"llama": "[Philip J. Edwards]"}, "259": {"llama": "[Lei Zhang]"}, "260": {"llama": "[Jacob Buur]"}, "261": {"llama": "[Stefano Buzzi, Gunther Auer]"}, "262": {"llama": "[Ming-Hsuan Yang, Dacheng Tao, Alexandros Iosifidis, Haibin Ling, Ming-Ming Cheng, Xuelong Li, Yi Ma, Dong Wang, Jianping Shi]"}, "263": {"llama": "[Ioannis Pitas, Zuzana Cernekova, Anastasios Tefas]"}, "264": {"llama": "[Bin Wu, Carlo Cecati, Jose I. Leon, Jose Rodriguez, Jorge Pontt, K. Gopakumar, Samir Kouro, Steffen Bernet, Wei Wang]"}, "265": {"llama": "[Christof Monz, Hermann Ney, Franz Josef Och, Marcello Federico, Philipp Koehn]"}, "266": {"llama": "[Angelika Peer, Abderrahmane Kheddar, Ayse Kucukyilmaz, Cagatay Basdogan, Tevfik Metin Sezgin]"}, "267": {"llama": "[Ronen I. Brafman, Lirong Xia, Craig Boutilier]"}, "268": {"llama": "[Terry Rout and Mark Staples have the following common neighbors: Rory V. O'Connor, Claude Y. Laporte]"}, "269": {"llama": "[Alistair R. R. Forrest, Hideya Kawaji]"}, "270": {"llama": "[Kwok-Wo Wong, Wei Zhang, Enrico Magli, Jiantao Zhou, Leo Yu Zhang]"}, "271": {"llama": "[Erchin Serpedin, Yonina C. Eldar, Philippe Loubaton, Antonio Napolitano]"}, "272": {"llama": "[Michal Pechoucek, Martin Rehak, Nicholas R. Jennings]"}, "273": {"llama": "[Ludo Waltman, Wolfgang Gl\u00e4nzel, Dangzhi Zhao, Yves Gingras, Howard D. White, Lutz Bornmann]"}, "274": {"llama": "[Lu\u00eds Carri\u00e7o, Ravin Balakrishnan, Robert C. Miller, Meredith Ringel Morris, Bj\u00f6rn Hartmann, Scott R. Klemmer, Jennifer Mankoff, Michael Haller, Katrina Panovich, Haoqi Zhang, Tara Matthews, Paramvir Bahl, Michael S. Bernstein, Orit Shaer, Ron Wakkary]"}, "275": {"llama": "[Wei Xue, Guangwen Yang, Xiaomeng Huang, Haohuan Fu, Chao Yang]"}, "276": {"llama": "[Hans-Peter Seidel, R\u00fcdiger Westermann, Carsten Dachsbacher, Ulf Assarsson, Fr\u00e9do Durand, Erik Sintorn]"}, "277": {"llama": "[Patric R. Spence, Sonja Utz]"}, "278": {"llama": "[Myriam Arrue]"}, "279": {"llama": "[None]"}, "280": {"llama": "[Paolo Braca, Peter Willett, Michele Vespe, Jochen Horstmann]"}, "281": {"llama": "[Pete Wyckoff, Jeffrey S. Vetter, Dhabaleswar K. Panda, Jiuxing Liu, Wei Huang, Matthew J. Koop]"}, "282": {"llama": "[G\u00fcnther R. Raidl]"}, "283": {"llama": "[Yaobin Wang, Hong An, Zhiqin Liu, Stephen W. Keckler]"}, "284": {"llama": "[Owe Axelsson, Jinde Cao]"}, "285": {"llama": "[Yuan Xie, Kaisheng Ma, David E. Culler, Qi Wei, Huazhong Yang]"}, "286": {"llama": "[Wei Liu, Qi Tian, Tat-Seng Chua, Chong-Wah Ngo, Xin Chen, Xian-Sheng Hua, Hong-Jiang Zhang, Shih-Fu Chang, Ilya Sutskever, Ritendra Datta, Mei-Ling Shyu, Marcel Worring]"}, "287": {"llama": "[Tiziana Margaria, Bernhard Steffen, Therese Berg]"}, "288": {"llama": "[L. Villafuerte, J. C. Cort\u00e9s, Lucas J\u00f3dar]"}, "289": {"llama": "[Dieter Kratsch, Ton Kloks, Michel Habib, Maw-Shang Chang, Van Bang Le, Petr A. Golovach, Christophe Paul]"}, "290": {"llama": "[Kim-Kwang Raymond Choo, Jiankun Hu, Rongxing Lu, Umer Naeem, Muhammad Adeel Zaffar, Ali Dehghantanha, Christian D'Orazio, Yuval Elovici, Phuong Nguyen]"}, "291": {"llama": "[Michael D. Bond, Ion Stoica, Vivek Sarkar]"}, "292": {"llama": "[F. Blais, Enrico Gobbetti, Fabio Marton, Guy Godin, J.-A. Beraldin, Roberto Scopigno]"}, "293": {"llama": "[Dan Roth, Martin Chodorow, Ryo Nagata, Joel R. Tetreault]"}, "294": {"llama": "[Andrea De Lucia, David Lo, Foutse Khomh, Gabriele Bavota, Gerardo Canfora, Huzefa H. Kagdi, Massimiliano Di Penta, Michele Lanza, Rocco Oliveto]"}, "295": {"llama": "[Wilhelm Hasselbring, Florian Fittkau]"}, "296": {"llama": "[Diego Calvanese, Steffen Staab]"}, "297": {"llama": "[Yiran Chen, Kaushik Roy, Cong Xu, Yuan Xie, Shih-Lien Lu, Mehdi Baradaran Tahoori, Xiangyu Dong, Vijaykrishnan Narayanan, Yaojun Zhang, Kevin Skadron]"}, "298": {"llama": "[Petar Popovski, Jeffrey G. Andrews, Shu Sun, Amitava Ghosh, Mathew K. Samimi]"}, "299": {"llama": "[Henri Casanova, Viktor K. Prasanna, Yang Yang, Chi Chung Ko, Maciej Drozdowski, Bharadwaj Veeravalli, Yves Robert, Thomas G. Robertazzi]"}, "300": {"llama": "[Hans Gellersen, Paul Lukowicz]"}, "301": {"llama": "[Jun Zhang, Luminita A. Vese, Stanley Osher, Xavier Bresson]"}, "302": {"llama": "[J J\u00e9r\u00f4me Rolink, Lesya Anishchenko, Lyudmila Korostovtseva, Mikhail N. Bochkarev, P Pedro Fonseca, R Reinder Haakma, Rm Ronald Aarts, Steffen Leonhardt, X Xi Long, Yurii Sviryaev]"}, "303": {"llama": "[Juanjuan Zhang, Steven H. Collins]"}, "304": {"llama": "[None]"}, "305": {"llama": "[Libero Nigro, Franco Cicirelli, Angelo Furfaro, Gul Agha]"}, "306": {"llama": "[Lihai Liu, Li Zhang, Qinghua Guo, Lajos Hanzo, Hiroshi Suzuki, Li Ping, Satoshi Suyama, Yuantao Gu, Kazuhiko Fukawa, Wai K. Leung, Jun Tong, Jos Akhtman, Michael T\u00fcchler]"}, "307": {"llama": "[Edgar Ch\u00e1vez, Gonzalo Navarro, Mauricio Marin, Ricardo A. Baeza-Yates]"}, "308": {"llama": "[Toshiaki Katayama, Atsuko Yamaguchi, Yasukazu Nakamura]"}, "309": {"llama": "[Tadahiro Kuroda, Noriyuki Miura, Hiroki Ishikuro]"}, "310": {"llama": "[Maurizio Lenzerini, Georg Gottlob, Michael Zakharyaschev, Marco Console]"}, "311": {"llama": "[Jiepu Jiang, Shaoping Ma, Ellen M. Voorhees, C. Lee Giles]"}, "312": {"llama": "[None]"}, "313": {"llama": "[Quan-Ke Pan, Reza Tavakkoli-Moghaddam, Rub\u00e9n Ruiz, M. Fatih Tasgetiren, Javad Behnamian, Ali Allahverdi, Bahman Naderi, Xinyu Li, M. Zandieh, Amir Azaron, Liang Gao]"}, "314": {"llama": "[Jon Crowcroft, Li Su, Yong Li, Depeng Jin, Lieguang Zeng, Yanmin Zhu, Athanasios V. Vasilakos, Pan Hui, Guohong Cao, Thrasyvoulos Spyropoulos]"}, "315": {"llama": "[Li Zhang, Qi Wang, Jintao Li, David Taubman, Alan C. Bovik, Aljoscha Smolic, Thomas Wiegand, Karsten Muller, Sheila S. Hemami, Yongkai Huo]"}, "316": {"llama": "[Daowen Qiu, Se-Young Oh, Wolfram Burgard, Dieter Fox, Giorgio Metta, Maja J. Matari\u0107, Stergios I. Roumeliotis, Patric Jensfelt, Sebastian Thrun, Silv\u00e8re Bonnabel, Giuseppe Oriolo, Mingsheng Ying, Andrew J. Davison, Gaurav S. Sukhatme, Tom Duckett, Timothy D. Barfoot, Magnus Egerstedt, Moritz Diehl, Agostino Martinelli, Paul Timothy Furgale, George A. Bekey, El-Neshawy Shafik, R. Stemmer]"}, "317": {"llama": "[None]"}, "318": {"llama": "[Demet Aksoy, Mason Sin-Fai Leung]"}, "319": {"llama": "[Kouhei Ohnishi, Seiichiro Katsura, Kiyoshi Ohishi]"}, "320": {"llama": "[Vladimir Cretu, Mihai V. Micea, Dacian Tudor]"}, "321": {"llama": "[Guiqiang Dong]"}, "322": {"llama": "[Alan C. Bovik]"}, "323": {"llama": "[Zidong Wang, Shengyuan Xu, Huijun Gao, Yurong Liu, Bing Chen]"}, "324": {"llama": "[Antoni Lig\u0119za]"}, "325": {"llama": "[Gerhard Krieger, Pau Prats-Iraola, Rolf Scheiber, Andreas Reigber, Josef Mittermayer, Marwan Younis, Alberto Moreira]"}, "326": {"llama": "[Paulo Drews, Mario Fernando Montenegro Campos, Jorge Dias]"}, "327": {"llama": "[None]"}, "328": {"llama": "[Weirong Jiang, Viktor K. Prasanna, David E. Taylor]"}, "329": {"llama": "[Enzo Pasquale Scilingo, Claudio Gentili, Abdellah Kacha, Agnes Gr\u00fcnerbl, Amir Muaremi]"}, "330": {"llama": "[Stacey D. Scott, Meredith Ringel Morris, Andri Ioannou, Christina Vasiliou, Panayiotis Zaphiris, Nicola Yuill, Paul Marshall, Terry Winograd, Rowanne Fleck, Amanda Harris, Victoria Bonnett, Sriram Subramanian, Yvonne Rogers]"}, "331": {"llama": "[Muhammad Ali Imran, Albrecht J. Fehske, Shugong Xu, Fred Richter, Bernard Cousin, Samer Lahoud, Kinda Khawam, Farah Moety, Hongseok Kim, Jens Zander, Andreas F. Molisch, Halim Yanikomeroglu, Muhammad Usman]"}, "332": {"llama": "[Anders L. Madsen, Cory J. Butz]"}, "333": {"llama": "[Inmaculada Garc\u00eda, Jos\u00e9-Jes\u00fas Fern\u00e1ndez, Jos\u00e9 Mar\u00eda Carazo, Abel W. Lin, Lu Dai, Tomas E. Molina, Steven T. Peltier, Mona Wong, Tibor Csendes, Frank Plastria, Pawel Jan Kalczynski, Juana L\u00f3pez Redondo, Pilar Mart\u00ednez Ortigosa, Blas Pelegr\u00edn, Eligius M. T. Hendrix, Tammy Drezner, Jos\u00e9 Monteagudo Fern\u00e1ndez, Zvi Drezner]"}, "334": {"llama": "[Qiang Yang, Philip S. Yu, Bing Liu, Yu Zheng, Xifeng Yan, Yizhou Sun, David Lo, Mingxuan Yuan, Michael D. Ernst, Xing Xie]"}, "335": {"llama": "[Rolf Stadler, Filip De Turck, Jordi Torres, Fetahi Wuhib, Brendan Jennings]"}, "336": {"llama": "[Jian Pei, George Karypis, Mar\u00eda N. Moreno, Saddys Segrera, Joel Pinho Lucas, Eyke H\u00fcllermeier, Hsinchun Chen, Badrul M. Sarwar, John Riedl, Joseph A. Konstan]"}, "337": {"llama": "[Baowen Xu, Zhihong Zhao]"}, "338": {"llama": "[M. E. J. Newman]"}, "339": {"llama": "[C\u00e9sar A. F. De Rose, Gaurang Mehta, Gideon Juve, Henri Casanova, Jes\u00fas Carretero, Jun Zhang, Liqiong Chen, Rajiv Ranjan, Scott Shenker, Wanchun Dou, Yongwei Wu]"}, "340": {"llama": "[Sergio F. Ochoa, Gustavo Zurita, Nelson Baloian]"}, "341": {"llama": "[Rene de Jesus Romero-Troncoso, Jose A. Antonino-Daviu, M. Pineda-Sanchez, Roque Alfredo Osornio-Rios, Arturo Garcia-Perez, Eduardo Cabal-Yepez, M. Riera-Guasp, J. Perez-Cruz]"}, "342": {"llama": "[Chung Keung Poon]"}, "343": {"llama": "[None]"}, "344": {"llama": "[Atsuko Yamaguchi, Kiyoko F. Aoki-Kinoshita, Minoru Kanehisa, Susumu Goto, Toshiaki Katayama]"}, "345": {"llama": "[YangQuan Chen]"}, "346": {"llama": "[Denis Rivi\u00e8re, Dinggang Shen, Guido Gerig, James C. Gee, Jean R\u00e9gis, Jean-Fran\u00e7ois Mangin, Karl J. Friston, Kenichi Oishi, Matthieu Perrot, Maxime Descoteaux, Michael I. Miller, Pamela Guevara, Carl-Fredrik Westin]"}, "347": {"llama": "[Jan Olaf Blech, Lasith Fernando]"}, "348": {"llama": "[Christopher R\u00e9, Divesh Srivastava, H. V. Jagadish, Nick Koudas, Panagiotis G. Ipeirotis, Rajeev Motwani, Bin Wang, Amr El Abbadi]"}, "349": {"llama": "[Yu Cheng and Ellen W. Zegura common neighbors: Brian Neil Levine, Jie Wu, Jon Crowcroft]"}, "350": {"llama": "[Ali H. Sayed, Sergios Theodoridis, Woo-Jin Song, Yuantao Gu]"}, "351": {"llama": "[J\u00fcrgen M\u00fcnch, Claes Wohlin, Robert Feldt, Markku Oivo, Tore Dyb\u00e5]"}, "352": {"llama": "[Alexander Verbraeck]"}, "353": {"llama": "[Jean-Jacques Quisquater, Thanh-Ha Le, Jessy Cl\u00e9di\u00e8re, Dong-Guk Han]"}, "354": {"llama": "[None]"}, "355": {"llama": "[Christopher S. Ruf, Adriano Camps, Joel T. Johnson, Jeffrey R. Piepmeier, Mustafa Aksoy, Damon Bradley, Eni G. Njoku, Niels Skou, Sidharth Misra, Priscilla N. Mohammed]"}, "356": {"llama": "[Pedro Jussieu de Rezende, Celso Tetsuo Nagase Suzuki]"}, "357": {"llama": "[None]"}, "358": {"llama": "[Yan Zhang, Mohamed-Slim Alouini, Iain B. Collings, Tharmalingam Ratnarajah, Kai-Kit Wong, Marco Chiani, George K. Karagiannidis, Alberto Zanella, Xiqi Gao, Sonia Aissa, Moe Z. Win, Matthew R. McKay, Amine Maaref, Haochuan Zhang]"}, "359": {"llama": "[Viktor Kuncak, Martin C. Rinard, Philippe Suter, Ivan Kuraj]"}, "360": {"llama": "[Enrico Gobbetti, Guy Godin, Paolo Cignoni, Fabio Marton, J.-A. Beraldin, F. Blais, Roberto Scopigno, Marc Levoy]"}, "361": {"llama": "[Elza Erkip, Luigi Paura, Giacinto Gelli, Gregory W. Wornell, Donatella Darsena, Inkyu Lee, Changick Song, Fulvio Melito, Martin Haardt, Sachin Katti]"}, "362": {"llama": "[Djoerd Hiemstra, Ingmar Weber, Leif Azzopardi, Tatiana Gossen, Andreas N\u00fcrnberger, Evan Golub, Tamara Polajnar, Andrew Large, Jamshid Beheshti]"}, "363": {"llama": "[Katsumi Tanaka]"}, "364": {"llama": "[Tony Clear]"}, "365": {"llama": "[James Aspnes, Rachid Guerraoui, Luca Becchetti, Dana Angluin, Laurent Rosaz, David Eisenstat]"}, "366": {"llama": "[Amit Sahai, Dan Boneh, Hovav Shacham, Matthew K. Franklin, Willy Susilo]"}, "367": {"llama": "[Jian-Yun Nie, Wei-Ying Ma, Ji-Rong Wen, Gui-Rong Xue, Susan T. Dumais, Andrei Z. Broder]"}, "368": {"llama": "[Fl\u00e1vio Rech Wagner, J\u00f6rg Henkel, Timo D. H\u00e4m\u00e4l\u00e4inen]"}, "369": {"llama": "[Hua Wang, Pulkit Grover, Chintan Thakkar, John R. Long]"}, "370": {"llama": "[Bo K\u00e5gstr\u00f6m, Daniel Kressner]"}, "371": {"llama": "[Bo\u017cena Ma\u0142ysiak-Mrozek, Dariusz Mrozek, Liisa Holm, Peter W. Rose, Sean R. Eddy, Spencer Bliven, Yuzhen Ye, Andreas Prli\u0107]"}, "372": {"llama": "[None]"}, "373": {"llama": "[Faliang Chang and Jan Salmen have the following common neighbors: Christian Igel, Marc Schlipsing, Nick Barnes, Ognjen Arandjelovic, Ueli Meier, Hilario G\u00f3mez-Moreno, Johannes Stallkamp]"}, "374": {"llama": "[Daniel Mozos, Frank Vahid, Javier Resano, J\u00fcrgen Teich, Yunhao Liu]"}, "375": {"llama": "[Jiawei Han and Hendrik Blockeel have the following common neighbors: Bernhard Pfahringer, Martin Ester, Tsau Young Lin]"}, "376": {"llama": "[Kostas J. Kyriakopoulos, Seth Hutchinson, George C. Karras]"}, "377": {"llama": "[Lidia Fuentes, Pablo S\u00e1nchez, Helmut Neukirchen, Paul Baker, Frank Weil]"}, "378": {"llama": "[Xavier Franch, John Mylopoulos, Paolo Giorgini, Bashar Nuseibeh, Amina Souag, Camille Salinesi, Haralambos Mouratidis]"}, "379": {"llama": "[Bhaskar D. Rao, Holger Rauhut, Saikat Chatterjee]"}, "380": {"llama": "[ChengXiang Zhai, Hugo Zaragoza, Ian Soboroff, John D. Lafferty, Victor Lavrenko, W. Bruce Croft, Wei Wang]"}, "381": {"llama": "[None]"}, "382": {"llama": "[Matthias Diener, Eduardo Henrique Molina da Cruz, Marco Antonio Zanata Alves, Anselm Busse, Philippe Olivier Alexandre Navaux]"}, "383": {"llama": "[Takafumi Hayashi, Wai Ho Mow, Shinya Matsufuji, Takao Maeda, Pingzhi Fan, Guixin Xuan, Hideyuki Torii, Lijia Ge]"}, "384": {"llama": "[Maurizio Patrignani, Fabrizio Frati, Patrizio Angelini]"}, "385": {"llama": "[Fei Tao]"}, "386": {"llama": "[S. A. Julia]"}, "387": {"llama": "[Zhoujun Li, Llu\u00eds Godo, Yee Leung, Fan Min, William Zhu, Daren Yu, Wei-Zhi Wu, Wen-Xiu Zhang, Tao Feng, Eric C. C. Tsang, Zhaowen Li, Bao Qing Hu, Chun Yong Wang, Zhaocong Wu, Zdzis\u0142aw Pawlak, Etienne E. Kerre, Roman S\u0142owi\u0144ski, Glad Deschrijver, Anna Maria Radzikowska, Fei-Yue Wang, Yanqing Yao]"}, "388": {"llama": "[Vitorino Ramos, Ajith Abraham]"}, "389": {"llama": "[Christof Fetzer, Ute Schiffel, Martin S\u00fc\u00dfkraut, Sarita V. Adve]"}, "390": {"llama": "[Elza Erkip, Behnaam Aazhang, Mohamed-Slim Alouini, Andrew Sendonaris, Lajos Hanzo, Leszek Szczecinski, Mustapha Benjillali]"}, "391": {"llama": "[Mitchel Resnick, Michael Eisenberg, Leah Buechley]"}, "392": {"llama": "[Kinji Mori, Khaled Ragab]"}, "393": {"llama": "[Matti Pietik\u00e4inen, Kevin W. Bowyer, Patrick J. Flynn, Anil K. Jain, Kevin J. Hoffman, Josef Kittler, W. Worek, Stan Z. Li]"}, "394": {"llama": "[Luc J. Van Gool, Andrew W. Fitzgibbon, Markus H. Gross, Hao Li, Matthias Nie\u00dfner, Szymon Rusinkiewicz, Christian Theobalt, Shahram Izadi, C.H. Wu, Michael Zollh\u00f6fer, Matthias Innmann, Sebastian Thrun, Hanspeter Pfister, Marc Stamminger]"}, "395": {"llama": "[Jaume Abella, Lieven Eeckhout, Margaret Martonosi, Mateo Valero, Miquel Moreto, Pradip Bose, Qixiao Liu, Roberto Gioiosa, Todd M. Austin, Victor Jimenez]"}, "396": {"llama": "[Ilkka Niemel\u00e4, Chitta Baral, Nicola Leone, Hans Tompits, Martin Gebser]"}, "397": {"llama": "[Isaac Skog, Yuan Zhuang, Chalermpol Saiprasert]"}, "398": {"llama": "[Helmut B\u00f6lcskei, Moe Z. Win, Georgios B. Giannakis]"}, "399": {"llama": "[Jan Camenisch]"}, "400": {"llama": "[Thorsten Hampel, Ion Stoica, Peter Druschel, David R. Karger, Robert Morris, M. Frans Kaashoek, John Kubiatowicz, Shervin Shirmohammadi]"}, "401": {"llama": "[Christophe Mouilleron]"}, "402": {"llama": "[Ahmad-Reza Sadeghi]"}, "403": {"llama": "[Andre C. Drummond, Nelson L. S. da Fonseca, Satyajeet Ahuja, Turgay Korkmaz, Xiaomin Chen]"}, "404": {"llama": "[Chin-Chen Chang, Shyong Jian Shyu, Tzung-Her Chen]"}, "405": {"llama": "[None]"}, "406": {"llama": "[Jean-Luc Moncet]"}, "407": {"llama": "[Jiliang Tang, Xindong Wu, Feiping Nie, Andrew McCallum, Michael I. Jordan, Chih-Jen Lin, John D. Lafferty, Chris H. Q. Ding, Xing-Quan Zhu, Emmanuel M\u00fcller, Anil K. Jain, Le Song, Yueting Zhuang]"}, "408": {"llama": "[Shaz Qadeer, Sarita V. Adve, Hans-Juergen Boehm, Madanlal Musuvathi, Cormac Flanagan, Aritra Sengupta, Josep Torrellas, Luis Ceze]"}, "409": {"llama": "[Tommaso Melodia, Jun-Hong Cui, Ian F. Akyildiz, Melike Erol-Kantarci, Sema Oktug, Hanjiang Luo, Zhongwen Guo]"}, "410": {"llama": "[Xiaodong Li, Xin Yao, Zhenyu Yang, Ke Tang, X.-G. Lu, Carlos A. Coello Coello, Janez Brest]"}, "411": {"llama": "[Seungdeog Choi, Bilal Akin]"}, "412": {"llama": "[Roberto Marcondes Cesar, Fabr\u00edcio Martins Lopes, David Correa Martins]"}, "413": {"llama": "[Andrea Matta, Nicla Frigerio]"}, "414": {"llama": "[Rui Zhang, Ya-Ping Hsieh]"}, "415": {"llama": "[Ali Sunyaev]"}, "416": {"llama": "[None]"}, "417": {"llama": "[Alberto L. Sangiovanni-Vincentelli, Luciano Lavagno]"}, "418": {"llama": "[Usman Roshan]"}, "419": {"llama": "[Yann LeCun, Yoshua Bengio]"}, "420": {"llama": "[Josep R. Casas, Ferran Marques, Philippe Salembier]"}, "421": {"llama": "[None]"}, "422": {"llama": "[Kwang-Kyo Oh, Hyo-Sung Ahn, Tyler H. Summers]"}, "423": {"llama": "[Wei Hu, Gene Cheung, Xin Li, Antonio Ortega, Thomas Juan, James J. Odell]"}, "424": {"llama": "[Franco Raimondi, Alessio Lomuscio, Sven Schewe, Thomas A. Henzinger, Hongyang Qu, Aniello Murano, Arnaud Da Costa, Luigi Sauro, Petr \u010cerm\u00e1k]"}, "425": {"llama": "[Toshimichi Saito]"}, "426": {"llama": "[Jens Edlund, Nelson Morgan, Andreas Stolcke, Elizabeth Shriberg, Shrikanth Narayanan]"}, "427": {"llama": "[Gordan Jezic, Mario Kusek, Iva Bojic]"}, "428": {"llama": "[Charles Steinfield, Cliff Lampe, Nicole B. Ellison, Jessica Vitak]"}, "429": {"llama": "[Chunsheng Liu, Jerzy Tyszer, Amit Sanghani, Janusz Rajski, Scott C. Smith]"}, "430": {"llama": "[Phil Trinder, Greg Michaelson, Kevin Hammond, Hans-Wolfgang Loidl, Jost Berthold, Rita Loogen, Robert F. Pointon, Philip W. Trinder]"}, "431": {"llama": "[None]"}, "432": {"llama": "[Gun-Woo Moon, Chol-Ho Kim, Hong-Sun Park, Joong-Hui Lee]"}, "433": {"llama": "[Sarit Kraus, Nicholas R. Jennings, Tomas Klos]"}, "434": {"llama": "[\u0141ukasz Radli\u0144ski, Norman Fenton, Martin Neil, Ayse Basar Bener, Ayse Tosun Misirli, Barbaros Yet]"}, "435": {"llama": "[Jiawei Han, Philip S. Yu, Xiaochun Yang, Wei Wang, H. V. Jagadish, Shuicheng Yan, Zheng Chen, Jian Pei, Francesco Bonchi]"}, "436": {"llama": "[Altamiro Amadeu Susin, Virginie Fresse, Umit Y. Ogras, G. De Micheli, L. Benini, Frederic Rousseau]"}, "437": {"llama": "[Petar Popovski, Khaled Ben Letaief, Geert Leus, Vijay K. Bhargava, H.V. Poor, Rahim Tafazolli, Paolo Banelli, Umberto Mengali, David W. Lin, Luca Rugini, Xiaodong Cai, Raymond W. Yeung, W Robert Heath, Dennis Goeckel, Nevio Benvenuto, Ivan Gaspar, Ahmad Bahai, Michele Morelli, Gunther Auer, Yufei Jiang, Jing Wang, Stefano Tomasin, Qinye Yin, Tzu-Hsien Sang, Hui-Ming Wang, Dongfeng Yuan, Tao Peng, Chintha Tellambura, Risto Wichman, Philip Schniter, Nicola Michailow, Yejian Chen, Hai-wei Wang, Zheng Li, Gregory W. Wornell]"}, "438": {"llama": "[None]"}, "439": {"llama": "[Detmar W. Straub, Ritu Agarwal, Damon E. Campbell, Hasan Cavusoglu]"}, "440": {"llama": "[James E. Smith, Xiaodong Zhang, P. Sadayappan, Jiang Lin, Aamer Jaleel, Qingda Lu, Yale N. Patt, Xiao Zhang, Xiaoning Ding, Moinuddin K. Qureshi, Onur Mutlu, Robert S. Cohn, C Simon Steely, Livio Soares, Thomas F. Wenisch]"}, "441": {"llama": "[Peter W. O'Hearn, Hongseok Yang, John C. Reynolds]"}, "442": {"llama": "[Marco Pistore, Manfred Reichert, Roman Vacul\u00edn, Richard Hull, Santhosh Kumaran, Frederick Y. Wu, Fabio Patrizi, Alin Deutsch, Fenno F. Terry Heath, Anil Nigam]"}, "443": {"llama": "[Raghavender R. Jillela, Hugo Proen\u00e7a, Arun Ross, B. V. K. Vijaya Kumar, Marios Savvides, Unsang Park, Vishnu Naresh Boddeti, Shrinivas J. Pundlik, Damon L. Woodard, Philip E. Miller, Chandrashekhar Padole, Josef Bigun]"}, "444": {"llama": "[Rui Dinis, V\u00edtor Manuel Mendes da Silva, David D. Falconer]"}, "445": {"llama": "[Eryk Ciepiela, Marek Kasztelnik, Tomasz Piontek, Jan Meizner, Katarzyna Rycerz, Derek Groen, Peter V. Coveney, Stefan J. Zasada, Eric Lorenz, Mariusz Mamonski, Ilya Saverchenko, Joris Borgdorff]"}, "446": {"llama": "[Carl K. Chang, Hiroshi Fujimoto, Stephen S. Yau]"}, "447": {"llama": "[Valerio Cozzani, Faisal Khan]"}, "448": {"llama": "[Shyi-Ming Chen, Enrique Herrera-Viedma, Ronald R. Yager, Meimei Xia, Zeshui Xu, Guiwu Wei]"}, "449": {"llama": "[Thomas Brox, Thomas Pock, Daniel Cremers, Joachim Weickert, Richard Szeliski, Michael J. Black, Stefan Roth, Jiaya Jia, Anita Sellent, Marcus A. Magnor]"}, "450": {"llama": "[Christophe Kolski, Mourad Abed, S\u00e9bastien Kubicki]"}, "451": {"llama": "[Nanning Zheng, Pengju Ren, Jose C. Principe, Weifeng Liu, Koray Kavukcuoglu, Xiaowei Ren, Pingping Zhu, Songlin Zhao]"}, "452": {"llama": "[Parthasarathy Ranganathan, Vijaykrishnan Narayanan, Yuan Xie, Doug Burger, Cong Xu, Nikil Dutt, John D. Davis, Sharad Malik, Chris Wilkerson, Dimin Niu, Norman P. Jouppi, Mingyu Chen, Alaa R. Alameldeen]"}, "453": {"llama": "[Leonardo Maccari, Daniele Tarchi]"}, "454": {"llama": "[Anna L. Ells, Opas Chutatape, Rangaraj M. Rangayyan]"}, "455": {"llama": "[Ligang Wu, Hak-Keung Lam, Peng Shi, Yabin Gao]"}, "456": {"llama": "[Andrzej Ruszczynski, Alexander Shapiro, Darinka Dentcheva]"}, "457": {"llama": "[Joaquim J. J\u00fadice]"}, "458": {"llama": "[Bo Zhang, Qiaozhu Mei, Wei-Ying Ma, Xing Xie, Yu Zheng]"}, "459": {"llama": "[None]"}, "460": {"llama": "[Damien Trentesaux, Kary Fr\u00e4mling, Andr\u00e9 Thomas, Yves Sallez]"}, "461": {"llama": "[Bo Wang, H. M\u00e4hne, Hanyu Wang, Miao Qi, Ronald Tetzlaff]"}, "462": {"llama": "[Chris Lattner, Ga\u00ebl Thomas, Gilles Muller, Ian Piumarta, Julia L. Lawall, Lieven Eeckhout]"}, "463": {"llama": "[Jingtao Yao, Hong Yu, Lin Shang, Tianrui Li, William Zhu, Dun Liu, Decui Liang, Huaxiong Li, Yiyu Yao, Jiye Liang, Yuhua Qian, Xianzhong Zhou, Bing Zhou, Bao Qing Hu]"}, "464": {"llama": "[Luca Benini, G. De Micheli, M. van der Schaar, Nicholas Mastronarde]"}, "465": {"llama": "[Egon Willighagen, Nina Jeliazkova]"}, "466": {"llama": "[I-Chen Wu]"}, "467": {"llama": "[Jan Struyf, Annegret Katrin Wagler]"}, "468": {"llama": "[Nadine Vigouroux, Alexander Mertens, Chieko Asakawa]"}, "469": {"llama": "[Mark Harman, Andrea Arcuri, Darko Marinov]"}, "470": {"llama": "[Florin Manea, James D. Currie, Shinnosuke Seki]"}, "471": {"llama": "[Arthur W. Toga, Daniel S. Marcus, David B. Keator, Vince D. Calhoun]"}, "472": {"llama": "[Marcus Liwicki, Julian Fierrez, Javier Ortega-Garcia, Anil K. Jain, Alisher Anatolyevich Kholmatov, Giuseppe Pirlo, Donato Impedovo]"}, "473": {"llama": "[Alan Fern, Arindam Banerjee, Emmanuel J. Cand\u00e8s, Fei Sha, Frank R. Kschischang, Michael I. Jordan]"}, "474": {"llama": "[Raja Jurdak, Philipp Sommer, Kurt Rothermel]"}, "475": {"llama": "[Larry Bull, Yaochu Jin]"}, "476": {"llama": "[Sebastian Link, Henning Koehler, Wenfei Fan, Qing Wang]"}, "477": {"llama": "[Karim Abdelhalim, Jose Luis Perez Velazquez, Pedram Mohseni, Maysam Ghovanloo, Roman Genov]"}, "478": {"llama": "[Milind Tambe, Katia P. Sycara, Makoto Yokoo, Pragnesh Jay Modi, Wei-Min Shen]"}, "479": {"llama": "[Manfred Glesner, Michael J. Wirthlin, J\u00fcrgen Teich, Leandro Soares Indrusiak, Fernando Gehm Moraes]"}, "480": {"llama": "[Lillian Lee, Christopher D. Manning, Rada Mihalcea, Theresa Wilson]"}, "481": {"llama": "[Gianluca Moro]"}, "482": {"llama": "[Leif Kobbelt, Heung-Yeung Shum, Marc Alexa, Steven M. Seitz, Luc J. Van Gool, Daniel Cohen-Or]"}, "483": {"llama": "[Maja Pantic, Ioannis Patras, Guoying Zhao, Qiang Ji, Jeffrey F. Cohn, Shangfei Wang, Stefanos Zafeiriou, Gwen Littlewort, Ron Rademaker, Thomas S. Huang]"}, "484": {"llama": "[Kenneth R. Koedinger, Cristina Conati, Ryan Shaun Joazeiro de Baker, Neil T. Heffernan, Sidney K. D'Mello, Vincent Aleven, Bradford W. Mott, Luc Paquette, Winslow Burleson, Jaclyn Ocumpaugh, Bruce M. McLaren, Angela Z. Wagner]"}, "485": {"llama": "[Nadia Magnenat-Thalmann, Nuria Pelechano, Demetri Terzopoulos, Jan M. Allbeck]"}, "486": {"llama": "[James A. Landay, Anind K. Dey, Paul Dourish, Deborah Estrin, Yunan Chen, Sasank Reddy]"}, "487": {"llama": "[Euripides G. M. Petrakis]"}, "488": {"llama": "[ Cathy H. Wu, Nicola Mulder, Rolf Apweiler, Alex Bateman, Robert D. Finn, Richard Durbin, Daniel H. Haft, Nicolas Hulo, Daniel Kahn, Rodrigo Lopez, Sandra Orchard, Christian J. A. Sigrist, Teresa K. Attwood, Ville Silventoinen, Paul D. Thomas, Anish Kejariwal ]"}, "489": {"llama": "[Wei Ren]"}, "490": {"llama": "[Armin W. Doerry]"}, "491": {"llama": "[None]"}, "492": {"llama": "[Jane Hillston, Andr\u00e9 Platzer, Luca Bortolussi, Axel Legay]"}, "493": {"llama": "[Sebastien Ourselin, David J. Hawkes]"}, "494": {"llama": "[Xuxian Jiang, Peng Liu, Reiner Sailer, Nasro Min-Allah, Bryan D. Payne, Yanjun Wu]"}, "495": {"llama": "[Catherine Pelachaud, Sylvie Gibet, Hernisa Kacorri, Michael Neff, Stacy C. Marsella, Hannes H\u00f6gni Vilhj\u00e1lmsson, Nicolas Courty, Jessica K. Hodgins, Irene Albrecht, Matt Huenerfauth, Quan D. Nguyen, Ari Shapiro]"}, "496": {"llama": "[Arthur W. Toga]"}, "497": {"llama": "[None]"}, "498": {"llama": "[Sylvain Lazard, Ioana Necula, J. Rafael Sendra, Elias P. Tsigaridas, Ioannis Z. Emiris, Michael Hemmer, Kurt Mehlhorn, Jin-San Cheng, \u00c9ric Schost, Fabrice Rouillier, Michael Kerber, Eric Berberich, Pavel Emeliyanenko, Alexander Kobel, Marc Pouget]"}, "499": {"llama": "[Richard Heusdens, Jacob Benesty]"}}