{"0": {"llama8b": "[Georgios B. Giannakis, Hsiao-Hwa Chen, Byung-Cheol Shin, Il Han, Yung-Chung Wang]"}, "1": {"llama8b": "The common neighbors of Jiawei Han and Hakim Hacid in this network are: [George Karypis, Michalis Vazirgiannis, Maria Halkidi, Ying Zhao]."}, "2": {"llama8b": "[Thomas Moriarty, Gerald Schaefer, S. Ramathilagam, L\u00e1szl\u00f3 Szil\u00e1gyi]"}, "3": {"llama8b": "[Birger M\u00f8ller-Pedersen, Alfonso Pierantonio, Paulo Borba, Krzysztof Czarnecki, Jean-Marc J\u00e9z\u00e9quel, Christian K\u00e4stner, Jordi Cabot, John Edward Hutchinson]"}, "4": {"llama8b": "[Masakazu Iwamura, Luc J. Van Gool, Guojun Lu, Shiguang Shan, Tomohiro Nakai, Vincent Rabaud, David S. Doermann, Kurt Konolige, Gary R. Bradski, M. Frans Kaashoek, Jian Liang, Josep Llad\u00f3s, Alex Graves, Huiping Li, David G. Lowe, Kazutaka Takeda, Jean-Marc Ogier, Viet Phuong Le, Cao De Tran, Mar\u00e7al Rusi\u00f1ol, Dimosthenis Karatzas, Muhammad Muzzamil Luqman, John Kubiatowicz, Jie Xu, Sabine Barrat, Ralph L. Hollis, Jean-Christophe Burie, Siyuan Chen, Ethan Rublee, Quoc Bao Dang]"}, "5": {"llama8b": "[Atul J. Butte, Samuel Kaski, Bruno Gas, Hasan Ogul, George Hripcsak, Jason H. Moore, Richard M. R. Coulson, Helen Parkinson, Alvis Brazma, Anna Farne, Roby Mani, Anjan Sharma, Natalya Fridman Noy, Michael Mbagwu, David P. Chen, Diego H. Milone, Lun Yang, Yuji Zhang, Mulin Jun Li, Vijay Krishnan, Rodrigo Lopez, Lucila Ohno-Machado, Marina Sirota, Patrick O. Brown, Stephen E. Wilhite, Pierre Ledoux, Trevor Hastie, H. Robert Frost, David Ruau, Jian-Rong Li, Purvesh Khatri, Rong Chen, Ron Edgar, Rinke Hoekstra, Henry J. Lowe, Yongqun He, Michele Monaci, Marco F. Ramoni, Tanya Barrett]"}, "6": {"llama8b": "[Faisal Shafait, Thomas M. Breuel]"}, "7": {"llama8b": "[Oktay Arslan, Ariel Felner, Panagiotis Tsiotras, Yibiao Lu, Soheila Salmanpour]"}, "8": {"llama8b": "To find the common neighbors of Mehmet Emin Tutay and Babak Hassibi, we need to identify the authors that are connected to both of them.\n\nFrom the given research collaborations, we can see that Mehmet Emin Tutay is connected to Sergey Loyka, and Babak Hassibi is connected to Sergey Loyka. Therefore, Sergey Loyka is a common neighbor of Mehmet Emin Tutay and Babak Hassibi.\n\nSo, the common neighbors of Mehmet Emin Tutay and Babak Hassibi are: [Sergey Loyka]."}, "9": {"llama8b": "[Alejandro Ribeiro, Robert Schober, Robert W. Heath, Ekram Hossain, Mohamed-Slim Alouini, Andrew Sendonaris, Norman C. Beaulieu, Ranjan K. Mallik, Moe Z. Win, George K. Karagiannidis]"}, "10": {"llama8b": "[Rolf Drechsler, Nicola Nicolici, Zeljko Zilic, Katarzyna Radecka]"}, "11": {"llama8b": "[Toyoaki Nishida, Britta Wrede, Takayuki Kanda, Sara Kiesler, Christoph Bartneck, Susan R. Fussell, Aaron Powers, Friederike Anne Eyssel, Gentiane Venture, Ritta Baddoura]"}, "12": {"llama8b": "[Guohui Xiao, Michael Zakharyaschev, Juan F. Sequeda, Diego Calvanese, Martin G. Skj\u00e6veland, Mariano Rodriguez-Muro, Marcelo Arenas, Martin Giese, Evgeny Kharlamov, Ian Horrocks, Domenico Lembo, Antonella Poggi, Riccardo Rosati, Oscar Corcho, Peter Haase, Ahmet Soylu, Andreas Schultz, J\u00f6rg Unbehauen, Claudio Gutierrez, Josiane Xavier Parreira, Axel Polleres, George H. L. Fletcher, Michael Schmidt]"}, "13": {"llama8b": "The common neighbors of Sham M. Kakade and Nikhil R. Devanur in this network are: [Sham M. Kakade, Nikhil R. Devanur, Jason D. Hartline, Robert Kleinberg, Mihaela van der Schaar, Kamal Jain, Rad Niazadeh]."}, "14": {"llama8b": "[Adam Finkelstein, Brian Wyvill, David S. Ebert, Oliver Deussen, Paulo Cortez, Thomas Strothotte, Tobias Isenberg]"}, "15": {"llama8b": "[Holger Hermanns, Joost-Pieter Katoen, Lijun Zhang, Radu Mateescu, Hassan Hatefi, Dennis Guck, Mari\u00eblle Stoelinga, Hubert Garavel, Ernst Moritz Hahn, Nicolas Coste]"}, "16": {"llama8b": "[Weihua Sheng, Chi Zhang, Ning Xi, Heping Chen]"}, "17": {"llama8b": "[Astasios Tefas, Ioannis Pitas, Anastasios Maronidis]"}, "18": {"llama8b": "[Tam\u00e1s Szir\u00e1nyi, Levente Kov\u00e1cs]"}, "19": {"llama8b": "The common neighbors of Kiyoshi Kiyokawa and Sabine Coquillart in this network are: [Anatole L\u00e9cuyer, Sabine Coquillart]."}, "20": {"llama8b": "The common neighbors of Franziska Kl\u00fcgl and Fazilah Haron in this network are: [Stefania Bandini, Giuseppe Vizzari]."}, "21": {"llama8b": "[Roberto Colombo, Michele Meroni, Lorenzo Busetto]"}, "22": {"llama8b": "[Karen Simonyan, Shuicheng Yan, Ming-Hsuan Yang, Piotr Doll\u00e1r, Xiaogang Wang, Feng Liu, Alexander G. Hauptmann, Hazim Kemal Ekenel, Xiangyu Zhang]"}, "23": {"llama8b": "[Bertrand A. Maher, Kathryn S. McKinley, Stephen W. Keckler, Doug Burger, Katherine E. Coons, Behnam Robatmili]"}, "24": {"llama8b": "Luca Sterpone and Matteo Sonza Reorda have the following common neighbors: [Luigi Carro, Cristiana Bolchini, Gustavo R. Alves, Luca Cassano, Maurizio Rebaudengo, Massimo Violante, Marco D. Santambrogio]."}, "25": {"llama8b": "[Gene Becker, A. Schmidt, Dominique Guinard, Friedemann Mattern]"}, "26": {"llama8b": "[Wolfgang Merkle and Marta Z. Kwiatkowska are both collaborators with: Frank Stephan, Elvira Mayordomo, Jack H. Lutz, John M. Hitchcock, David Doty]"}, "27": {"llama8b": "[Andrzej Kwiecie\u0144, Marcin Jamro, Dariusz Rzo\u0144ca, Bartosz Trybus]"}, "28": {"llama8b": "[Mingsong Chen, Xiaoke Qin]"}, "29": {"llama8b": "[M. Golawala, Taghi M. Khoshgoftaar, Amri Napolitano, Naeem Seliya, David J. Dittman, Huanjing Wang, Randall Wald]"}, "30": {"llama8b": "[Viswanath Venkatesh, Katherine M. White, Suzanna Juckes]"}, "31": {"llama8b": "[Marilia Curado, Adam Wolisz, Andre Riker, Jirka Klaue, Antonio Jorge Gomes Abel\u00e9m, Eduardo Cerqueira, Roger Immich, Azzedine Boukerche]"}, "32": {"llama8b": "The common neighbors of Ali Amr and Joachim Hornegger in this network are: [Ali Kamen, Tommaso Mansi, Bogdan Georgescu, Dorin Comaniciu, Nassir Navab, Yefeng Zheng, Christopher Aldo Rinaldi]."}, "33": {"llama8b": "[Guillaume Charpiat, Jocelyn Chanussot, Philippe Salembier, Gustavo Camps-Valls, Antonio Plaza]"}, "34": {"llama8b": "[Kei-Hoi Cheung, Luis N. Marenco, Perry L. Miller, Gordon M. Shepherd]"}, "35": {"llama8b": "[W\u0142odzimierz Ogryczak, Arie Tamir, Zvi Drezner, Antonio M. Rodr\u00edguez-Ch\u00eda, Justo Puerto, Stefan Nickel]"}, "36": {"llama8b": "[David Brumley, Thanassis Avgerinos, Dawson R. Engler, S\u00e9bastien Bardin, Philippe Herrmann, George Candea, Koushik Sen, Cristian Cadar, Robin David, Josselin Feist]"}, "37": {"llama8b": "[Axel Legay, Eric Goubault, St\u00e9phane Gaubert, Xavier Allamigeon]"}, "38": {"llama8b": "[Toshiro Nunome, Yoshihiro Ito, Akifumi Hirashima, Jun Sako, Norihito Misaki, Yutaka Ishibashi]"}, "39": {"llama8b": "[Eibe Frank, Ian H. Witten, Bernhard Pfahringer, Anton Batliner, Elmar N\u00f6th, Geoffrey Holmes, Fabien Ringeval, Stefan Steidl, Mark A. Hall, Martin W\u00f6llmer, Florian Eyben, Bj\u00f6rn W. Schuller, Peter Reutemann]"}, "40": {"llama8b": "[N. M. Mosharaf Kabir Chowdhury, Md. Wasi-ur-Rahman, Michael J. Franklin, Mosharaf Chowdhury]"}, "41": {"llama8b": "Pablo Castells and Hector Garcia-Molina have the following common neighbors: [Bamshad Mobasher, Fabio Crestani, Nigel Shadbolt]."}, "42": {"llama8b": "The common neighbors of Jakob E. Bardram and Judith L. Klavans in this network are: [David R. Kaufman, Jimmy J. Lin, Kathleen McKeown, Dina Demner-Fushman, Hong Yu, James J. Cimino, John W. Ely]."}, "43": {"llama8b": "[Francisco Herrera, Enrique Herrera-Viedma, Luis Mart\u00ednez, Yinfeng Xu, Francisco Chiclana, Janusz Kacprzyk, I. P\u00e9rez, Sergio Alonso, Francisco Javier Cabrerizo, Hengjie Zhang, Chen Xj, Yucheng Dong, Shui Yu, Hongyi Li, Guiqing Zhang, Ronald R. Yager, Rosa M. Rodr\u00edguez, Meimei Xia]"}, "44": {"llama8b": "[B.D. Van Veen]"}, "45": {"llama8b": "[Graciela Gonzalez, Casey S. Greene, Quaid Morris, Gary D. Bader, Yuanfang Guan, Curtis Huttenhower]"}, "46": {"llama8b": "[Andreas Zeller, Alessandro Garcia, Ahmed E. Hassan, David Notkin, Hoan Anh Nguyen, Massimiliano Di Penta, Michael D. Ernst, Mircea Lungu, Miryung Kim, Nicolas Anquetil, Oscar Nierstrasz, Sven Apel, Thomas Ball]"}, "47": {"llama8b": "[None]"}, "48": {"llama8b": "[Arye Harel, Doron Lancet, Marilyn Safran, Vered Chalifa-Caspi, Orit Shmueli, Naomi Rosen, Gil Stelzer]"}, "49": {"llama8b": "The common neighbors of Nikolaos G. Tsagarakis and Patrick van der Smagt are: [Bram Vanderborght, Darwin G. Caldwell, Antonio Bicchi, Thomas Wimbock]."}, "50": {"llama8b": "[Ramnath K. Chellappa, Moutaz Khouja, P. K. Kannan, G. Lawrence Sanders, Ram D. Gopal]"}, "51": {"llama8b": "[Jerry R. Hobbs, Minkoo Kim, Seungmin Rho, Eenjun Hwang, Marten van Sinderen, Luis Ferreira Pires, Eduardo Goncalves da Silva]"}, "52": {"llama8b": "[Dag Sverre Syrdal, Brian Scassellati, Cynthia Breazeal, Kerstin Dautenhahn, Andrea Lockerd Thomaz, Cory D. Kidd]"}, "53": {"llama8b": "[Alan C. Bovik, Wei Zhang, Hamid Jafarkhani, Aria Nosratinia, Andrew Sendonaris, Zhu Han, Chee Wei Tan, Mikael Skoglund, Ying-Chang Liang, Laurence B. Milstein, Tarek F. Abdelzaher, Dongning Guo, Babak Hossein Khalaj, Mischa Dohler]"}, "54": {"llama8b": "[None]"}, "55": {"llama8b": "[Takahiro Sato, Koji Takinami, Piet Wambacq, Hidekazu Shimodaira, Akira Matsuzawa, Ahmed Musa, Ryo Minami, Keigo Bunsen, Kota Matsushita, Makoto Noda, Tatsuya Yamaguchi, Ning Li, Wei Deng]"}, "56": {"llama8b": "To find the common neighbors of Heidrun Schumann and Danny Holten, we need to identify the authors who have collaborated with both Heidrun Schumann and Danny Holten.\n\nFrom the given research collaborations, we can see that Heidrun Schumann has collaborated with:\n\n* Kwan-Liu Ma\n* Jarke J. van Wijk\n* Jean-Daniel Fekete\n* John T. Stasko\n* Ben Shneiderman\n* Daniel Archambault\n* Stephan Diehl\n* Michael Gleicher\n* Juliana Freire\n* Ross Maciejewski\n* Huamin Qu\n* Fabian Beck\n* Daniel Weiskopf\n* Stef van den Elzen\n* van Jj Jarke = Jack Wijk\n\nDanny Holten has collaborated with:\n\n* Kwan-Liu Ma\n* Jarke J. van Wijk\n* Stephan Diehl\n* Michael Burch\n* Fabian Beck\n* Daniel Weiskopf\n* Huamin Qu\n* Jean-Daniel Fekete\n* John T. Stasko\n* George G. Robertson\n* Mathias Pohl\n* Danny Holten and Jorik Blaas\n* Danny Holten and Stef van den Elzen\n* Danny Holten and van Jj Jarke = Jack Wijk\n\nThe common neighbors of Heidrun Schumann and Danny Holten are:\n\n[Kwan-Liu Ma, Jarke J. van Wijk, Jean-Daniel Fekete, Stephan Diehl, Huamin Qu, Fabian Beck, Daniel Weiskopf, Stef van den Elzen]"}, "57": {"llama8b": "[Andrew T. Campbell, Narayan B. Mandayam, Kristin J. Dana, Xia Zhou, Dina Katabi, Ashwin Ashok, Samuel D. Perli, Tianxing Li, Chuankai An]"}, "58": {"llama8b": "[Dusit Niyato, Georgios B. Giannakis, Ekram Hossain, Khaled Ben Letaief, Lajos Hanzo, Wei Chen, Rui Zhang, Dina Katabi, Petre Stoica, Are Hjorungnes, Zhigang Cao, Trung Q. Duong, Mohamed-Slim Alouini, Ranjan K. Mallik]"}, "59": {"llama8b": "[Reinhold Heckmann, Ian Broster, Eduardo Qui\u00f1ones, Francisco J. Cazorla, Mike Gerdes]"}, "60": {"llama8b": "The common neighbors of Yossi Lev and Paul A. Martin in this network are:\n\n[Yossi Lev, Victor Luchangco, Maurice Herlihy, Philippas Tsigas, Nir Shavit, Timothy L. Harris, Adri\u00e1n Cristal, David Dice, Danny Hendler, Christos Kozyrakis, Mark Moir, Bjarne Stroustrup, Mateo Valero, Shao Jie Zhang, Damian Dechev, Simon Doherty, Rachid Guerraoui, Lindsay Groves, Marina Papatriantafilou, Anders Gidenstam, Robert Colvin, Adam Welc, David L. Detlefs, H\u00e5kan Sundell, Daniel Cederman]"}, "61": {"llama8b": "[Zhipeng Yi, Hiroyuki Okamura, Tadashi Dohi, Kishor S. Trivedi, Johannes Klinglmayr]"}, "62": {"llama8b": "The common neighbors of P. Dietz and Jonathan C W Brooks are [Habib Benali, Claudia A. M. Wheeler-Kingshott, Julien Cohen-Adad, Virginie Callot, Demian Wassermann, Brian B. Avants, James C. Gee, Hui Zhang, Miriam Waehnert, Essa Yacoub, Thomas Witzel, Stamatios N. Sotiropoulos, Tanguy Duval, Lawrence L. Wald, Daniel C. Alexander, Els Fieremans, Eric C. Klawiter, Armin Curt, Jennifer S. W. Campbell, Irene Tracey, Boris Keil]."}, "63": {"llama8b": "[Changshui Zhang, Chia-Hoang Lee, Bernhard Sch\u00f6lkopf, Michael I. Jordan]"}, "64": {"llama8b": "[Huchuan Lu, Shuicheng Yan, Ming-Hsuan Yang, Francis R. Bach, Cordelia Schmid, Andrew Zisserman, Xiaodi Hou, Rob Fergus, Baojie Fan, Lu Li, Si Liu, Tongchi Zhou]"}, "65": {"llama8b": "[Felix Ulmer, Delphine Boucher, Frank R. Kschischang, F. J. Lobillo, Gabriel Navarro]"}, "66": {"llama8b": "[Mark A. Hanson, Adam T. Barth, John Lach]"}, "67": {"llama8b": "[Guillaume Lavou\u00e9, Benjamin Bustos, Leonidas J. Guibas, Afzal Godil, Patrick Min]"}, "68": {"llama8b": "[Michael I. Jordan, Neal Patwari, Tian He, Heng Liu]"}, "69": {"llama8b": "[Ralf Steinmetz, David E. Culler, Klara Nahrstedt, Ion Stoica, Scott Shenker]"}, "70": {"llama8b": "[Philippe Fournier-Viger, Vincent S. Tseng, Jian Pei, Philippe Fournier-Viger, Howard J. Hamilton, Philippe Fournier-Viger, Chun-Wei Lin, Philippe Fournier-Viger, Wen-Hsiang Lu, Philippe Fournier-Viger, Shyue-Liang Wang, Philippe Fournier-Viger, Jerry Chun-Wei Lin, Philippe Fournier-Viger, Kuo-Tung Yang]"}, "71": {"llama8b": "[Bingfeng Mei, Bingfeng Mei, Bingfeng Mei, Bingfeng Mei, Bingfeng Mei, Bingfeng Mei, Bingfeng Mei, Bingfeng Mei, Bingfeng Mei, Bingfeng Mei, Bingfeng Mei, Bingfeng Mei, Bingfeng Mei, Bingfeng Mei, Bingfeng Mei, Bingfeng Mei, Bingfeng Mei, Bingfeng Mei, Bingfeng Mei, Bingfeng Mei, Bingfeng Mei, Bingfeng Mei, Bingfeng Mei, Bingfeng Mei, Bingfeng Mei, Bingfeng Mei, Bingfeng Mei, Bingfeng Mei, Bingfeng Mei, Bingfeng Mei, Bingfeng Mei, Bingfeng Mei, Bingfeng Mei, Bingfeng Mei, Bingfeng Mei, Bingfeng Mei, Bingfeng Mei, Bingfeng Mei, Bingfeng Mei, Bingfeng Mei, Bingfeng Mei, Bingfeng Mei, Bingfeng Mei, Bingfeng Mei, Bingfeng Mei, Bingfeng Mei, Bingfeng Mei, Bingfeng Mei, Bingfeng Mei, Bingfeng Mei, Bingfeng Mei, Bingfeng Mei, Bingfeng Mei, Bingfeng Mei, Bingfeng Mei, Bingfeng Mei, Bingfeng Mei, Bingfeng Mei, Bingfeng Mei, Bingfeng Mei, Bingfeng Mei, Bingfeng Mei, Bingfeng Mei, Bingfeng Mei, Bingfeng Mei, Bingfeng Mei, Bingfeng Mei, Bingfeng Mei, Bingfeng Mei, Bingfeng Mei, Bingfeng Mei, Bingfeng Mei, Bingfeng Mei, Bingfeng Mei, Bingfeng Mei, Bingfeng Mei, Bingfeng Mei, Bingfeng Mei, Bingfeng Mei, Bingfeng Mei, Bingfeng Mei, Bingfeng Mei, Bingfeng Mei, Bingfeng Mei, Bingfeng Mei, Bingfeng Mei, Bingfeng Mei, Bingfeng Mei, Bingfeng Mei, Bingfeng Mei, Bingfeng Mei, Bingfeng Mei, Bingfeng Mei, Bingfeng Mei, Bingfeng Mei, Bingfeng Mei, Bingfeng Mei, Bingfeng Mei, Bingfeng Mei, Bingfeng Mei, Bingfeng Mei, Bingfeng Mei, Bing"}, "72": {"llama8b": "[Dong Song, Theodore W. Berger, Liam Paninski, Jonathan W. Pillow, Robert E. Kass, Emery N. Brown, Uri T. Eden, Vasilis Z. Marmarelis, Robert E. Hampson, Sam A. Deadwyler, R. Barbieri, Val\u00e9rie Ventura]"}, "73": {"llama8b": "[Kjell Stordahl, Ilari Welling, Dimitris Varoutas, Dimitris Katsianis, Thomas Sphicopoulos, Jarmo Harno, Theodoros Rokkas]"}, "74": {"llama8b": "[Fiemke Griffioen-Both, Robbert Jan Beun, Sandor Spruit, Kevin Vlaanderen, Sjaak Brinkkemper]"}, "75": {"llama8b": "[Paul E. Debevec, Hendrik P. A. Lensch, Hans-Peter Seidel, Gordon Wetzstein, Ivo Ihrke, Wojciech Jarosz, Martin Fuchs]"}, "76": {"llama8b": "[Benjamin Moseley, Christopher D. Gill, Dimitrios S. Nikolopoulos, Hans Vandierendonck, Guy E. Blelloch, Yuan Tang, Milind Kulkarni, Margaret Martonosi, Jin Zhang, Mark D. Hill, Yuanyuan Zhou, Pablo Halpern]"}, "77": {"llama8b": "[Adam Disney, Catherine D. Schuman, John Reynolds]"}, "78": {"llama8b": "[Philippe Marthon, Florent Chatelain, Paolo Gamba]"}, "79": {"llama8b": "[Fuji Ren, Jun Xu, Changqin Quan, Tat-Seng Chua, Ion Stoica, Ilya Sutskever, Tomas Mikolov]"}, "80": {"llama8b": "[Fiorella de Rosis, Nicole Novielli, Catherine Pelachaud, Valeria Carofiglio, St\u00e9phanie Buisine, Irene Mazzotta, Laurence Devillers, Berardina De Carolis, Kostas Karpouzis, Maurizio Mancini]"}, "81": {"llama8b": "[Ross B. Girshick, Luc J. Van Gool, Bill Triggs, Hong Liu, Zhenjun Han]"}, "82": {"llama8b": "[Khalid Saeed, Kevin S. Killourhy, Roy A. Maxion]"}, "83": {"llama8b": "[Aydin Bulu\u00e7, John Shalf, Myoungsoo Jung, Chao Yang, Samuel Williams, Esmond G. Ng, Pieter Maris, James P. Vary]"}, "84": {"llama8b": "The common neighbors of Buon Kiong Lau and Oliver M. Collins are:\n\n[Keigo Takeuchi, Mikko Vehkapera, Ralf R. Muller]"}, "85": {"llama8b": "[Ali A. Ghorbani, A. Nur Zincir-Heywood, David Dagon, Vern Paxson, Roberto Perdisci]"}, "86": {"llama8b": "[Jiawei Han, Yong Wang, Xin Yao]"}, "87": {"llama8b": "[None]"}, "88": {"llama8b": "After analyzing the research collaborations between authors, I found that the common neighbors of Wei Lu and Steven Bethard are:\n\n[Mirella Lapata, Daniel N. Klein, Michael J. Collins, Philipp Koehn, Ming Zhou, Hoifung Poon, Richard Tzong-Han Tsai, James R. Curran, Junhui Li, Daniel Marcu, Stephen Clark, Yi Gao, Tom Kwiatkowski, Muhua Zhu, Fr\u00e9d\u00e9ric B\u00e9chet, Xiaoyong Du, Panupong Pasupat, Mirella Lapata, Michael I. Jordan, Guodong Zhou, Phil Blunsom, Benjamin Van Durme, Xuchen Yao, Yuk Wah Wong, Percy Liang, Jonathan Berant, Yoav Artzi, Raymond J. Mooney, Luke S. Zettlemoyer, Siva Reddy, Tom M. Mitchell, Caifu Hong, Benoit Favre, Mohit Bansal, Xihong Wu, Ming-Wei Chang, Nan Duan]\n\nNote that some authors may appear multiple times in the list, as they may be common neighbors of both Wei Lu and Steven Bethard through different research collaborations."}, "89": {"llama8b": "[Paul Scheunders, Charles M. Bachmann, Robert A. Fusina, Gustavo Camps-Valls, Marcos J. Montes, Gia Lamela]"}, "90": {"llama8b": "The common neighbors of Simone G\u00f6ttlich and Ciro D'Apice are: [Christian Ringhofer, Rosanna Manzo, Michael Herty, Dieter Armbruster]."}, "91": {"llama8b": "To find the common neighbors of Li Li and Hai Liu, we need to identify the authors who have collaborated with both Li Li and Hai Liu.\n\nFrom the given research collaborations, we can see that:\n\n* Li Li has collaborated with Hai Liu.\n* Li Li has collaborated with Boualem Benatallah, Marlon Dumas, Jayant R. Kalagnanam, Liangzhao Zeng, Maude Manouvrier, Mingjun Xiao, and Jong-Yih Kuo.\n* Hai Liu has collaborated with Boualem Benatallah, Marlon Dumas, Jayant R. Kalagnanam, Liangzhao Zeng, Maude Manouvrier, and Yudith Cardinale.\n\nThe common neighbors of Li Li and Hai Liu are:\n\n[Boualem Benatallah, Marlon Dumas, Jayant R. Kalagnanam, Liangzhao Zeng, Maude Manouvrier]"}, "92": {"llama8b": "Christos Faloutsos"}, "93": {"llama8b": "[Daniel Gildea, Hermann Ney, Philipp Koehn, Franz Josef Och, Daniel N. Klein, Daniel Marcu, Chris Quirk, Yuji Matsumoto, Colin Cherry, Alexander M. Fraser, Christopher D. Manning, Taro Watanabe, Eiichiro Sumita, Chris Callison-Burch, Michael J. Collins, Daniel M. Cer, Kuzman Ganchev, Kevin Duh, Philip Resnik, Oliver Bender, Francisco Guzm\u00e1n, Markus Saers, Yasuhiro Akiba, Alon Lavie, Hiromi Nakaiwa, Michael Paul, Ignacio Thayer, Toshiyuki Takezawa, Fumiaki Sugaya, Yee Whye Teh, Abby Levenberg, Miles Osborne, Evgeny Matusov, Richard M. Schwartz, Alexandre Allauzen, Koby Crammer, Shujie Liu, Ming Zhou, Anoop Sarkar, Hermann Ney, Alexander M. Fraser, Daniel N. Klein, Daniel Marcu, Chris Quirk, Colin Cherry, Christopher D. Manning, Chris Callison-Burch, Michael J. Collins, Daniel M. Cer, Kuzman Ganchev, Kevin Duh, Philip Resnik, Oliver Bender, Francisco Guzm\u00e1n, Markus Saers, Yasuhiro Akiba, Alon Lavie, Hiromi Nakaiwa, Michael Paul, Ignacio Thayer, Toshiyuki Takezawa, Fumiaki Sugaya, Yee Whye Teh, Abby Levenberg, Miles Osborne, Evgeny Matusov, Richard M. Schwartz, Alexandre Allauzen, Koby Crammer, Shujie Liu, Ming Zhou, Anoop Sarkar]"}, "94": {"llama8b": "[Junwan Liu, Gary G. Yen, Kalyanmoy Deb, Sameer Agarwal, Fernando J. Von Zuben, Fabr\u00edcio Olivetti de Fran\u00e7a, Jiong Yang, T. Meyarivan]"}, "95": {"llama8b": "[Carsten W. Scherer, P\u00e9ter G\u00e1sp\u00e1r, Zolt\u00e1n Szab\u00f3]"}, "96": {"llama8b": "[Yeyi Qin and Yutao Ma have the following common neighbors: Bing Li, Weifeng Pan, Yutao Ma and Yeyi Qin]"}, "97": {"llama8b": "The common neighbors of Merouane Debbah and Han-Bae Kong in this network are: [Liang Liu, Rui Zhang, Xiangyun Zhou, Erik G. Larsson, Bruno Clerckx, Inkyu Lee, Sang Rim Lee, Haewook Park]."}, "98": {"llama8b": "[Dirk den Hertog, Dick den Hertog, Maarten Keijzer, Mauro Castelli, William B. Langdon, Leonardo Vanneschi, Jeannie Fitzgerald, R. Muhammad Atif Azad]"}, "99": {"llama8b": "[Felix Gutierrez, Thomas L. Marzetta, Christos Masouros, Mohamed-Slim Alouini, Erik G. Larsson, H.V. Poor, Khaled Ben Letaief, Sonia Aissa, Xibin Xu, Ying-Chang Liang, Salam A. Zummo, Mansoor Shafi, Daesik Hong]"}, "100": {"llama8b": "The common neighbors of Peter Haddawy and Ivon Arroyo are: [Arthur C. Graesser, Kenneth R. Koedinger, Valerie J. Shute, Neil T. Heffernan, Ivon Arroyo]."}, "101": {"llama8b": "[Chunming Li, Deniz Erdogmus]"}, "102": {"llama8b": "[Hongli Dong, Jun Hu, Xiaohui Liu, Zidong Wang, Huijun Gao, Peng Shi, Steven X. Ding, Bo Shen, Li Sheng, Daniel W. C. Ho, James Lam, Ligang Wu, Hak-Keung Lam]"}, "103": {"llama8b": "[Junsong Yuan, Minoru Nakayama, Matthai Philipose, Kouichi Mutsuura, Hiroh Yamamoto]"}, "104": {"llama8b": "[Erdi Aker, Volkan Patoglu, Kadir Haspalamutgil, Can Palaz, Umut Oztok, Erion Plaku, Yelda Erdem, Ali Israr, Andr\u00e9 Neumann, Martin Gebser, Benjamin Kaufmann, Michael Gelfond, Chitta Baral, H. van der Kooij, Torsten Schaub, Roberto Horowitz, Francesco Ricca, Marcia K. O'Malley, David Rajaratnam, Vladimir Lifschitz]"}, "105": {"llama8b": "[Benjamin Lyngfelt, Lars Borin]"}, "106": {"llama8b": "[Cl\u00e9ment Gosselin, Martin Buss, Vincent Duchaine]"}, "107": {"llama8b": "[Ricardo Bianchini, Antony I. T. Rowstron, Yuanyuan Zhou, Dushyanth Narayanan, Evgenia Smirni, Alma Riska]"}, "108": {"llama8b": "[Keith W. Ross, Pawel Garbacki, Dick H. J. Epema]"}, "109": {"llama8b": "[Mehdi Dehghan]"}, "110": {"llama8b": "[Rogert Wattenhofer, Weili Wu, Guoliang Xue]"}, "111": {"llama8b": "[Andrew Zisserman, Michael I. Jordan, Dan Roth]"}, "112": {"llama8b": "[Kai Petersen, Francisco J. Pino, F\u00e9lix Garc\u00eda, Claes Wohlin, Lars Mathiassen, Tore Dyb\u00e5, D. Ross Jeffery, Nils Brede Moe, Mario Piattini]"}, "113": {"llama8b": "[George Karypis, Martine Collard, Jure Leskovec, David Liben-Nowell, Michihiro Kuramochi, Jignesh M. Patel, M. E. J. Newman, Erick Stattner]"}, "114": {"llama8b": "[Keith D. Underwood]"}, "115": {"llama8b": "[John Yen, Xiaocong Fan, Emma Norling, Catholijn M. Jonker, Lars Braubach, Maaike Harbers, John-Jules Ch. Meyer, Mehdi Dastani, Neil Yorke-Smith, Joost Broekens, Karel van den Bosch]"}, "116": {"llama8b": "[Muhammad Moinuddin, Bertrand M. Hochwald, Babak Hassibi, Yi Yu, Xiaodong Wang, Colin Cowan, Yongbin Wei, Ali H. Sayed, Naofal Al-Dhahir, Ben Lu, David Tse, Hlaing Minn, Upamanyu Madhow, Piyush Gupta, Wei-Ping Zhu]"}, "117": {"llama8b": "[Luc J. Van Gool, Horst Bischof, Dariu M. Gavrila, Mubarak Shah, Jitendra Malik, Pascal Fua, G\u00e9rard G. Medioni, Kaiming He, Saad M. Khan, F. Fleuret, Shaoqing Ren, Jerome Berclaz]"}, "118": {"llama8b": "[Jieping Ye, Vipin Kumar, Ahmed Al-Ani, Adel Al-Jumaily, Lawrence O. Hall, Sutharshan Rajasegarar]"}, "119": {"llama8b": "[Tim Finin, Anind K. Dey, Anupam Joshi, Ian Soboroff, Jaeyoung Choi, Yun Peng, Youyong Zou, Harry Chen, Filip Perich, Sovrin Tolia, Kyoungho Shin]"}, "120": {"llama8b": "[Jian Pei, Philip S. Yu, Beng Chin Ooi, Lei Chen, Karl Aberer, Dimitris Papadias, Yongxin Tong, Caleb Chen Cao, Xuan Liu, Christos Faloutsos, Jianzhong Li, M. Tamer \u00d6zsu]"}, "121": {"llama8b": "[Byung-In Kim]"}, "122": {"llama8b": "[Li Zhang, Yue Wang, Mark A. Musen, James J. Cimino, Olivier Bodenreider, Anita Burgun, Barry Smith, Kent A. Spackman, Ronald Cornet, Anand Kumar, James Geller, Hua Min, Christopher Ochs, Ankur Agrawal, Huanying Gu, Ling Zheng, Julia Xu, Zhe He, David K. Vawdrey, Suzanne Bakken, C. Paul Morrey, Natalya Fridman Noy, Yehoshua Perl, George Hripcsak, Michael Halper, Yan Chen, Freddy Y. Y. Choi, L. A. Pevzner, Lars Backstrom, Hsinchun Chen, Xiaodan Zhu, Regina Barzilay, Daniel Mark. Mcdonald, Luca Di Gaspero, Marti A. Hearst, Anastasios Tombros, Vasudeva Varma, Thomas St\u00fctzle, Andrew Tomkins, Yoshua Bengio]"}, "123": {"llama8b": "[Xuelong Li, Lei Zhang, Eero P. Simoncelli, Yide Ma, Anush K. Moorthy, M\u00e1rio A. T. Figueiredo, Shuicheng Yan, Ming-Hsuan Yang, Feiping Nie, Alexander J. Smola, Andrew Zisserman, Yi Ma, Ren\u00e9 Vidal, Pascal Fua, Michael I. Jordan, Simon Baker, Athinodoros S. Georghiades, Xiaodong Gu, Guisheng Liao, Changhua Hu, Yanan Guo, Keju Wang, Yongcai Guo, Steven W. McLaughlin, Paul Michael Godley, David Caims]"}, "124": {"llama8b": "The common neighbors of Badri Nath and Bret Hull in this network are: [Tarek F. Abdelzaher, David E. Culler, Ramesh Govindan, Andrew T. Campbell, Vasos Vassiliou, Shane B. Eisenman, Kyle Jamieson, Charalambos Sergiou]."}, "125": {"llama8b": "[Jeffrey M. Walls, Alex Cunningham, Wolfram Burgard, Stergios I. Roumeliotis, Hugh F. Durrant-Whyte, Michael Kaess, John J. Leonard, Frank Dellaert, Ryan M. Eustice, Nicholas Roy, Tim Bailey, Gaurav S. Sukhatme, Maurice F. Fallon, Georgios Papadopoulos, Hanumant Singh]"}, "126": {"llama8b": "After analyzing the research collaborations between the authors, I found the common neighbors of Sih-Yu Chen and Hao-I Yang to be:\n\n[Sih-Yu Chen, Hao-I Yang, Bashir M. Al-Hashimi, Vasileios Tenentes, Rahul M. Rao, Kaushik Roy, Ching-Te Chuang]\n\nThese authors have collaborated with both Sih-Yu Chen and Hao-I Yang in the given research network."}, "127": {"llama8b": "[Fabio A. Gonz\u00e1lez]"}, "128": {"llama8b": "The common neighbors of Flavio De Paoli and Guido Governatori in this network are: [Christian Bizer, Serena Villata, Fabien Gandon]."}, "129": {"llama8b": "[Shoji Kasahara]"}, "130": {"llama8b": "[Zaochu Jin, Albert Orriols-Puig, Dunwei Gong, Yaochu Jin]"}, "131": {"llama8b": "[Josep Torrellas, Margaret Martonosi, Meeta Sharma Gupta, David Blaauw, Trevor N. Mudge, Scott A. Mahlke, Todd M. Austin, David M. Brooks, Gu-Yeon Wei, Ronald G. Dreslinski, Norman P. Jouppi]"}, "132": {"llama8b": "The common neighbors of Jo\u00eblle Coutaz and Mark Barnard in this network are: [Oliver Brdiczka, Patrick Reignier, James L. Crowley]."}, "133": {"llama8b": "The common neighbors of Claude Barras and Kornel Laskowski are: [Tanja Schultz, Alex Waibel, Andreas Stolcke, Sebastian St\u00fcker, Florian Kraft, Matthias W\u00f6lfel]."}, "134": {"llama8b": "The common neighbors of Jane E. Alty and D. R. Stuart Jamieson are: [Susan Stepney, Stephen L. Smith, Andy M. Tyrrell, Luis A. Fuente, Michael A. Lones, Alexander P. Turner, Leo S. D. Caves, David M. Halliday, Jeremy Cosgrove, Mengjie Zhang, Patrick Gaughan, Quan Ju, Nabil M. Aly, Jeremy R. Playfer]."}, "135": {"llama8b": "[Jorge L\u00f3pez, Jos\u00e9 R. Dorronsoro, Gaowei Wu, Bernhard Sch\u00f6lkopf, Alexander J. Smola, Eric H. Huang, Xinjun Peng, Peter L. Bartlett]"}, "136": {"llama8b": "[Alan Jovic, U. Rajendra Acharya, Jasjit S. Suri]"}, "137": {"llama8b": "[Ji\u0159\u00ed Lukavsky and Edita Bromov\u00e1 have the following common neighbors: Cyril Brom, Michal B\u00edda, Rudolf Kadlec, Ond\u0159ej Burkert, Martin \u010cern\u00fd, Jan Havl\u00ed\u010dek, Stacy C. Marsella, Luk\u00e1\u0161 Zem\u010d\u00e1k, Juraj \u0160imlovi\u010d, Maiga Chang, Andrew M. Nuxoll, Hannes H\u00f6gni Vilhj\u00e1lmsson, Peter Brusilovsky, Mark O. Riedl, Wan Ching Ho, Bruce M. McLaren, Chrystopher L. Nehaniv, Mark H. Overmars, Ana Paiva, W. Lewis Johnson, Jakub Gemrot, Jakub Tomek, John E. Laird, Claudio Pedica, David Pizzi, Fred Charles, Marc Cavazza, Patrick Gebhard, Petr Ondr\u00e1\u010dek, Ioannis Karamouzas, Mubbasir Kapadia, Jo\u00e3o Dias, Joanna J. Bryson, Daniel Klement, Ji\u0159\u00ed Lukavsk\u00fd, Michal \u0160tolba, Tom\u00e1\u0161 Plch, Mei Yii Lim, Ruth Aylett]"}, "138": {"llama8b": "[Helen C. Purchase, Mary Hegarty, N. Hari Narayanan, Daesub Yoon]"}, "139": {"llama8b": "[Shih Yi Chien, Katia P. Sycara, Huadong Wang, Raja Parasuraman, Mary L. Cummings]"}, "140": {"llama8b": "[Christoph Steinbeck, Timothy Jewison, Yannick Djoumbou]"}, "141": {"llama8b": "[Ken Goldberg, Pieter Abbeel, Jeffrey Mahler, Ben Kehoe, Kaiyu Hang, Ludovic Righetti, Michael Beetz, Stefan Schaal, James J. Kuffner, Matei T. Ciocarlie, Ashutosh Saxena, Peter K. Allen, Nancy S. Pollard, Mark R. Cutkosky, Siddhartha S. Srinivasa]"}, "142": {"llama8b": "[Aditya Akella, Anantha P. Chandrakasan, David Wetherall, Guangjie Han, Hari Balakrishnan, Ion Stoica, Jun-Hong Cui, Kinji Mori, Malamati D. Louta, Mohammad S. Obaidat, P. Venkata Krishna, Sangtae Ha, Sudip Misra, Tommaso Melodia, Wen-Hwa Liao, Yuguang Fang, Yu-Chee Tseng]"}, "143": {"llama8b": "[Bo Fan, Yan Zhang, Supeng Leng, Qin Yu, Rui Zhang, Elza Erkip, Ankur Saxena, Chin Keong Ho, Osvaldo Simeone, Aylin Yener]"}, "144": {"llama8b": "[Andrea J. Goldsmith, Gregory W. Wornell, Shuzhong Zhang, Alexander M. Haimovich, Arye Nehorai, Philippe Forster, Hongbin Li, Xuemin Shen, Luc Vandendorpe, Jun Liu, Qian He, Yonina C. Eldar, Antonio De Maio, Junlin Li, Yongwei Huang, Ben A. Johnson, Braham Himed, E. Conte, Jean Philippe Ovarlez, Michael A. Saville, Sandeep Gogineni, Muralidhar Rangaswamy, Alfonso Farina, Hongwei Liu, Wei Yi, Nicholas K. Spencer, Bj\u00f6rn W. Schuller, Bo Li, Alexei Y. Gorokhov, Elias Aboutanios, Dmitry Chizhok]"}, "145": {"llama8b": "[Christy M. K. Cheung, Ofir Turel, Viswanath Venkatesh, Huaping Chen, Anol Bhattacherjee]"}, "146": {"llama8b": "[Michael G. Hinchey]"}, "147": {"llama8b": "Common neighbors between Sadek Jbara and Abigail Sellen: [Tsvi Kuflik, Tim Kindberg, Chei Sian Lee, Rui Jos\u00e9, Thomas Olsson, Giulio Jacucci, Carman Neustaedter, Allison Woodruff]"}, "148": {"llama8b": "[Bram Platel, Luc Florack, Bram van Ginneken, Nicholas Ayache, Christian Barillot, Tal Arbel, Brian B. Avants, Mads Nielsen, Krystian Mikolajczyk, M. Fatih Demirci, Stephen M. Smith]"}, "149": {"llama8b": "[Qi Zhang, Dan Feng, Ethan L. Miller, Hong Jiang]"}, "150": {"llama8b": "[Tomi Kinnunen, Ibon Saratxaga, Eng Siong Chng]"}, "151": {"llama8b": "After analyzing the research collaborations between authors, I found that the common neighbors of Sunny Consolvo and Leonardo Ramirez are:\n\n[Sunny Consolvo, Volker Wulf, Gunnar Stevens, Monika B\u00fcscher, Leysia Palen, Eric Paulos, W. Keith Edwards, Rebecca E. Grinter]\n\nThese authors are common neighbors of both Sunny Consolvo and Leonardo Ramirez in the academic network."}, "152": {"llama8b": "The common neighbors of Minhua Zhou and Joch A in this network are: [Wen Gao, Marcelo Schiavon Porto, Luciano Volcan Agostini, Thomas Wiegand, Gary J. Sullivan]."}, "153": {"llama8b": "The common neighbors of Gyanesh Chander and Tiejun Chang in this network are: [Xiaoxiong Xiong, Vincent V. Salomonson, Junqiang Sun, William L. Barnes, Bruce Guenther]."}, "154": {"llama8b": "[Gerhard Rigoll, Klaus Bartl]"}, "155": {"llama8b": "[Chris Piech, Kenneth R. Koedinger, Mung Chiang, Tiffany Barnes]"}, "156": {"llama8b": "[Helen C. Purchase, Jeffrey Heer, Fernanda B. Vi\u00e9gas, Martin Wattenberg, Petra Isenberg, Tamara Munzner]"}, "157": {"llama8b": "[Wei Liu, Ryo Kurazume, Yumi Iwashita]"}, "158": {"llama8b": "[Nicholas Eriksson, Alexander Zelikovsky, Volker Roth, Ion M\u0103ndoiu, Nicholas Mancuso]"}, "159": {"llama8b": "[Yang Li, Mario Bkassiny, Sudharman K. Jayaweera, Lorenza Giupponi]"}, "160": {"llama8b": "The common neighbors of Trevor Darrell and Bill Triggs in this network are: [Lei Zhang, Josef Kittler, Yoshua Bengio, Xilin Chen, Roberto Cipolla, Marios Savvides, Ruiping Wang, Ajmal S. Mian]."}, "161": {"llama8b": "[Nicolas Heess, Kyunghyun Cho, Yoshua Bengio, Ilya Sutskever, Ruslan Salakhutdinov, Jason Weston, Steve J. Young, Christopher D. Manning, Dzmitry Bahdanau, Greg Corrado, Wai Lam, Shiliang Sun, Ruifeng Xu, Yulia Tsvetkov, Oladimeji Farri, Razvan Pascanu, Tong Wang, Lei Wang, Hongyi Wu, Michael J. Kearns, Charles Soussen, Gabriele Fici, Tomas Mikolov, Hongyi Wu, Yong Shi, Yong Yu, Juli\u00e1n D. Arias-Londo\u00f1o, Achraf Ben-Hamadou]"}, "162": {"llama8b": "[Hadi Larijani and Fernando Casadevall have the following common neighbors: Jacques Palicot, Christophe Moy]"}, "163": {"llama8b": "[Sean Murphy, Nicolas T. Courtois, Sylvain Guilley, Ingrid Verbauwhede]"}, "164": {"llama8b": "[Pedro L\u00f3pez-Garc\u00eda 0001, John P. Gallagher, Manuel V. Hermenegildo, Kerstin I Eder, Francisco Bueno, Germ\u00e1n Puebla, Elvira Albert, Jos\u00e9 F. Morales, Xueliang Li]"}, "165": {"llama8b": "[Andrea J. Goldsmith, Shlomo Shamai, Dongning Guo, Jiunn-Tsair Chen]"}, "166": {"llama8b": "[Teodor Sommestad, Fabio Fioravanti, Stefano Bistarelli, Tamara Dinev, Allen C. Johnston, Daniel J. Ryan, Paul Ralph, Matus Korman]"}, "167": {"llama8b": "[Luiz S. Oliveira, Sheng He, Axel Brink, Monji Kherallah, Lambert Schomaker, Laurent Heutte, Matti Pietik\u00e4inen, Urs-Viktor Marti, Andreas Schlapbach, Panayiotis Rousopoulos, Dimitris Arabadjis]"}, "168": {"llama8b": "[Ga\u00ebl Guennebaud, Hans-Peter Seidel, Markus H. Gross, Yutaka Ohtake, Alexander G. Belyaev, Jo\u00e3o Paulo Gois, Daniel Cohen-Or, Greg Turk, Shachar Fleishman, Marc Alexa, Luiz Velho, R. K. Beatson, Jon B. Cherrie, T. J. Mitchell, T. R. Evans, W. R. Fright, Gustavo C. Buscaglia, David Chen, Bryan S. Morse]"}, "169": {"llama8b": "[George Karypis, Gerhard Weikum, Xiaogang Wang, Andrew McCallum, Christopher D. Manning]"}, "170": {"llama8b": "[Mark Johnson, Jason Weston, Bernhard Sch\u00f6lkopf, Ryan T. McDonald, Fernando Pereira]"}, "171": {"llama8b": "Alexander Serebrenik and Aniket Kittur have the following common neighbors: [Robert C. Miller, Laura Dabbish, James D. Herbsleb]."}, "172": {"llama8b": "[Abdollah Kavousi-Fard]"}, "173": {"llama8b": "[Takeo Kanade, Matti Pietik\u00e4inen, Jeffrey F. Cohn, Iain A. Matthews, Luc J. Van Gool]"}, "174": {"llama8b": "[Jitendra Padhye, Martin Szummer, Qiang Yang, Wei Wang, Dacheng Tao]"}, "175": {"llama8b": "[Maurizio Lenzerini, Yannis E. Ioannidis]"}, "176": {"llama8b": "[Hugo Terashima-Mar\u00edn, Ender \u00d6zcan, Sanja Petrovic, Ben Paechter, Greet Vanden Berghe, Rong Qu, Jin-Kao Hao, Gabriela Ochoa, Michel Gendreau, Matthew R. Hyde, Barry McCollum, Teodor Gabriel Crainic, Mart\u00edn J. Lillo Carpio, Jorge Alberto Soria-Alcaraz, Santiago Enrique Conant-Pablos]"}, "177": {"llama8b": "Kevin Warwick"}, "178": {"llama8b": "[Boyana Norris, Jack Dongarra, Victor Eijkhout, James Demmel, Julien Langou, Ernie Chan, George Bosilca, Franz Franchetti, Graham E. Fagg, Haihang You]"}, "179": {"llama8b": "After analyzing the research collaborations between authors, I found that the common neighbors of Arnulph Fuhrmann and Seungwoo Oh are:\n\n[Michael Keckeisen, Pascal Volino, Hyeong-Seok Ko, Eitan Grinspun]"}, "180": {"llama8b": "[Chee Yong Chan, Sven Groppe, Christoph Koch, Dan Suciu, Jinghua Groppe]"}, "181": {"llama8b": "[Gian Paolo Incremona, Antonella Ferrara, Lorenza Magnani, Leonid Fridman, Mara Tanelli, Francesco Dinuzzo, Elio Usai, Arie Levant, Alessandro Pisano, Luca Massimiliano Capisani]"}, "182": {"llama8b": "[Andrzej Ruszczynski, Darinka Dentcheva]"}, "183": {"llama8b": "[Matthias Geel, Johannes Gehrke, Cynthia Dwork]"}, "184": {"llama8b": "[Joon-Hyuk Chang, Gwanggil Jeon, Hilmi R. Dajani]"}, "185": {"llama8b": "[Gerhard Weikum, Joseph M. Hellerstein, Jennifer Widom, David Maier, Nesime Tatbul, Stanley B. Zdonik, Mitch Cherniack, Daniel J. Abadi, Bernhard Seeger, Michael Grossniklaus, Klaus Meyer-Wegener, Karl Aberer]"}, "186": {"llama8b": "[Yuji Matsumoto, Kentaro Inui, Andrew McCallum, Christopher D. Manning, Daisuke Kawahara]"}, "187": {"llama8b": "[Andreas L. Opdahl, Wouter Joosen, Fabio Massacci, John Mylopoulos, Nicola Zannone, Guttorm Sindre, Eric S. K. Yu, Torsten Lodderstedt, Laurie Williams, Kim Wuyts]"}, "188": {"llama8b": "The common neighbors of David C. Reutens and Lisa J. Kjonigsen are: [G. Allan Johnson]."}, "189": {"llama8b": "[Harald Steck, Yong Liu, Martin Ester, Michael R. Lyu, Gediminas Adomavicius, H. Ma, John Riedl, Chris Volinsky, Irwin King, Nathan Srebro, Rong Pan, Yang Guo, Paolo Massa, Noam Koenigstein, Guoshuai Zhao, Matti Pietik\u00e4inen, Michael I. Jordan, Alexandros Karatzoglou, Yifan Hu, Andrea Montanari, Sewoong Oh, Raghunandan H. Keshavan, Malcolm Slaney, Rajan Lukose, J. Stuart Aitken, O. Abdullah, R\u00f3n\u00e1n Daly, Andrew G. Dempster, Chuan Shi]"}, "190": {"llama8b": "[Fu-Guo Deng, Yu-Bo Sheng, Zhou L, Xiao-Ming Xiu, Ya-Jun Gao, X. X. Yi, Li Dong, Tao Li, Jun Pan, Lei Wang]"}, "191": {"llama8b": "[Wangmeng Zuo, Takafumi Aoki, Anil K. Jain, Koichi Ito]"}, "192": {"llama8b": "[Luiz Velho, Marc Alexa, Matthias M\u00fcller]"}, "193": {"llama8b": "[Eilwoo Baik, Zhou Wang, Weisi Lin, Michele A. Saad, Alan C. Bovik]"}, "194": {"llama8b": "[Arash Arami, Kamiar Aminian]"}, "195": {"llama8b": "[Cheng-Yen Lin, Jenq Kuen Lee]"}, "196": {"llama8b": "[B Markus Rupp, M Martin Wrulich]"}, "197": {"llama8b": "[Mark Harman, Christopher L. Simons]"}, "198": {"llama8b": "[Ian Dobson, B.A. Carreras, David E. Newman]"}, "199": {"llama8b": "[Uwe Aickelin, Peer-Olaf Siebers, Grazziela P. Figueredo]"}, "200": {"llama8b": "[M. Kim, Minseok Song]"}, "201": {"llama8b": "[Ronald D. Blanton, Hans-Joachim Wunderlich, Sudhakar M. Reddy, Janusz Rajski]"}, "202": {"llama8b": "[Kazuhiro Kobayashi, Shrikanth Narayanan, Jan P. H. van Santen, Roddy Cowie, Honglak Lee, Shaoqing Ren]"}, "203": {"llama8b": "[Daniel Erro, Takashi Masuko, Tomoki Toda, Keiichi Tokuda, Junichi Yamagishi]"}, "204": {"llama8b": "[Pierre-Andr\u00e9 Wacrenier, William Thies, Enrique S. Quintana-Ort\u00ed, Rosa M. Badia, Jes\u00fas Labarta, Albert Cohen, Eduard Ayguad\u00e9, Fran\u00e7ois Broquedis, Dimitrios S. Nikolopoulos, Xavier Martorell, Antoniu Pop]"}, "205": {"llama8b": "[Atulya K. Nagar, K. G. Subramanian]"}, "206": {"llama8b": "[Horacio Franco]"}, "207": {"llama8b": "[Ed Grochowski, Glenn Reinman, Onur Mutlu, Yale N. Patt, David M. Brooks, Gu-Yeon Wei]"}, "208": {"llama8b": "[David Peleg, Christoph Lenzen, Roger Wattenhofer, Fabian Kuhn, Jukka Suomela, Keren Censor-Hillel, Laurent Feuilloley, Juho Hirvonen, Petteri Kaski]"}, "209": {"llama8b": "[Doik Kim, Kazuhito Yokoi, Suguru Arimoto, Gerd Hirzinger, Alin Albu-Sch\u00e4ffer, Hirohisa Hirukawa, Bum-Jae You, Sang-Rok Oh, M. Sekimoto, Sung-Kyun Kim, Chien-Chern Cheah]"}, "210": {"llama8b": "The common neighbors of \u00cd\u00f1igo Goiri and O. Smirnova in this network are:\n\n[Achim Streit, Mathieu Jan, Dick H. J. Epema, Alexandru Iosup, Marko Niinim\u00e4ki, P\u00e9ter Kacsuk, Carl Kesselman, Dieter Kranzlm\u00fcller, Luming Zhang, Ian T. Foster, Tapio Niemi, Jyrki Nummenmaa, Peter Thanisch, Piotr Ba\u0142a, Alejandro A. Vaisman, Mar\u00eda Jos\u00e9 Aramburu, Aleksandr Konstantinov, M. Ellert, Andrew Rau-Chaplin, Thomas Sandholm, Torben Bach Pedersen, Zoltan Farkas, Steven Tuecke, Maciej Malawski, Luca dell'Agnello, Karan Vahi, F. Spataro, Balazs Konya, Michael Gr\u00f8nager]"}, "211": {"llama8b": "[Valmi Dufour-Lussier, Jean Lieber, Yannick Toussaint, Amedeo Napoli]"}, "212": {"llama8b": "[Wenzhong Zhu and Xiaobin Wang have the following common neighbors: Hai Li, Weisheng Zhao, Jisu Kim, Seong-Ook Jung]"}, "213": {"llama8b": "[S\u00e9bastien Le Beux, Ian O'Connor, Fabien Clermidy, Giovanni De Micheli, Kartik Mohanram]"}, "214": {"llama8b": "[Jeng-Shyang Pan, Chin-Chen Chang, Ching-Nung Yang, Min-Shiang Hwang, Nasir D. Memon, Eli Saber, Weiming Zhang, Heung-Kyu Lee]"}, "215": {"llama8b": "[Qi Wang, Linkai Mou, Zhongjie Chen, Jian Zhang, Shaoyong Lu, Wenkang Huang, Qiancheng Shen, Guanqiao Wang, Lv Geng]"}, "216": {"llama8b": "[Alexandros G. Dimakis, Brad Calder, Ben Y. Zhao, Ganesh Ananthanarayanan, John Kubiatowicz, Dhruba Borthakur, Jiwu Shu, Pengfei You, Ernst W. Biersack]"}, "217": {"llama8b": "The common neighbors of Demian Wassermann and Aurobrata Ghosh in this network are: [Carl-Fredrik Westin, Rachid Deriche, Yogesh Rathi, Maxime Descoteaux]."}, "218": {"llama8b": "The common neighbors of Hyun-Ho Choi and Dong-Ho Cho in this network are: [Jung-Ryun Lee, Mohamed-Slim Alouini, Hari Balakrishnan, Krishna M. Sivalingam, Genaro Hernandez-Valdez, Tamer Z. Emara]."}, "219": {"llama8b": "[Zhi-Hua Zhou, Dong Wang, Furao Shen, Jinxi Zhao, Xiaofei He, Chih-Chung Chang]"}, "220": {"llama8b": "Gilbert Laporte and Anita Sch\u00f6bel have the following common neighbors: [Stefan Nickel, Jean-Fran\u00e7ois Cordeau, Juan A. Mesa, Francisco A. Ortega, \u00c1ngel Mar\u00edn]"}, "221": {"llama8b": "[Min-Feng Zhu, Hong-Yu Miao, Dong-Sheng Cao, Qing-Song Xu]"}, "222": {"llama8b": "[David Angeli, Jo\u00e3o Pedro Hespanha, James B. Rawlings, Eduardo F. Camacho, Rishi Amrit, Lars Gr\u00fcne, Jinfeng Liu, Gang Feng, Qiugang Lu, Cuyler N. Bates]"}, "223": {"llama8b": "[Bin Bao, Chen Ding, Feng Mao, Hao Luo, Eddy Z. Zhang, Trishul M. Chilimbi, Jacob Brock, Yutao Zhong, Xiaoming Gu, Matthew Arnold, Yaoqing Gao, Yingwei Luo, Xiaolin Wang, Jos\u00e9 Nelson Amaral, Xipeng Shen, David A. Padua, Chris Lattner, Kai Tian, Yunlian Jiang]"}, "224": {"llama8b": "[Eduardo Santana de Almeida, Alexandre Alvaro, Eduardo Cruz Reis Santos, Liana Barachisio Lisboa, R.P. de Mattos Fortes, Daniel Lucr\u00e9dio, Marcus A. Rothenberger, Gail C. Murphy, Michael Mattsson, Per Runeson, Juha Taina, Kai Petersen, Silvio Romero de Lemos Meira, Renata Pontin de Mattos Fortes, Vinicius Cardoso Garcia]"}, "225": {"llama8b": "The common neighbors of Abdelaziz Bensrhair and Hongbin Zha in this network are: [Pietro Perona, George Bebis, Mohan M. Trivedi, Ronald Miller, Zehang Sun]."}, "226": {"llama8b": "[Marcin Pilipczuk, Themis Palpanas, Kirsten Hildrum, Karsten Schwan, Ling Liu, Matei Zaharia, Stan Zdonik, Mitch Cherniack, Johannes Gehrke, Wei Hong, Bugra Gedik, Ian E. Smith, Evan Welbourne, Shashi Shekhar, Dani\u00ebl Paulusma, Victor Vianu, Michele Ciavotta, Bo Li, Kristi Morton, Ricardo Jimenez-Peris, Sylvain Hall\u00e9, Stan Zdonik, Leonardo Aniello]"}, "227": {"llama8b": "[Fariborz Jolai, Iraj Mahdavi, Reza Tavakkoli-Moghaddam, Mitsuo Gen, Bahman Naderi]"}, "228": {"llama8b": "[Jiawei Han, Shuicheng Yan, Qiang Yang, Wei Wang, Sungyoung Lee, Yi Pan, Yue Wang, Xiang Wan, Hong Xue, C. Yang, Jason H. Moore, Bertil Schmidt, Lars Wienbrandt, Guixia Liu, Weichuan Yu, Xuan Guo, Lingtao Su, Kyubum Wee, Manfred Schimmler, Dhruv Batra, Kristen Grauman, Sanguthevar Rajasekaran]"}, "229": {"llama8b": "[Eduardo S. Ogasawara, Ian T. Foster, Laxmikant V. Kal\u00e9, Gideon Juve, Miron Livny, Gaurang Mehta, Daniel S. Katz, Justin M. Wozniak, Fernanda Araujo Bai\u00e3o, Edward Walker, Cl\u00e1udio T. Silva, Jonas Dias, Yong Zhao, Glenn Judd, Kary A. C. S. Oca\u00f1a]"}, "230": {"llama8b": "[Hyunseung Choo, Pavel A. Pevzner, Biswanath Mukherjee, Kin-Hong Lee, Keyao Zhu, Martin Tompa, Juan M. S\u00e1nchez-P\u00e9rez, \u00c1lvaro Rubio-Largo]"}, "231": {"llama8b": "[None]"}, "232": {"llama8b": "[Alberto Traslosheros, Seth Hutchinson, Daniele Fontanelli, Vicent Girb\u00e9s, Alexandre Krupa, Kazuhito Yokoi, Ning Xi, Gustavo Arechavaleta, Marie Babel, Shankar Sastry, Gaurav S. Sukhatme, Alina Eqtami, Baoquan Li, Christian Ott, Zhao Wang, Pascal Poupart, Onur Tekdas, Moslem Kazemi, Davide Scaramuzza]"}, "233": {"llama8b": "The common neighbors of Giuseppe De Marco and Miralda Cuka in this network are: [Leonard Barolli, Fatos Xhafa, Keita Matsuo, Evjola Spaho]."}, "234": {"llama8b": "[Zebo Peng, Haibo Zeng, Martin Lukasiewycz]"}, "235": {"llama8b": "[Cristina Urdiales, F. Sandoval]"}, "236": {"llama8b": "[An\u00edbal Ollero, Jes\u00fas Capit\u00e1n, Andreu Corominas Murtra, Josep M. Mirats Tur, Alberto Sanfeliu]"}, "237": {"llama8b": "[Jinyun Zhang and Jianwei Huang have the following common neighbors: Yusheng Ji, Behnaam Aazhang, Haobing Wang, Dong In Kim, Andrew Sendonaris, Zhu Han]"}, "238": {"llama8b": "[Fabio Neri]"}, "239": {"llama8b": "The common neighbors of Allen B. MacKenzie and Milos Rovcanin are: [Piet Demeester, Ingrid Moerman, L.A. DaSilva]."}, "240": {"llama8b": "[Alec Woo, David E. Culler, Philip Levis, Deborah Estrin, Wei Ye, Jason L. Hill, Robert Szewczyk, Jennifer C. Hou, John A. Stankovic, Marko H\u00e4nnik\u00e4inen, Timo D. H\u00e4m\u00e4l\u00e4inen, Chenyang Lu, Lui Sha, Ian F. Akyildiz, Mauri Kuorilehto, Jukka Suhonen, Ville Kaseva]"}, "241": {"llama8b": "[Michael F. P. O'Boyle, Gary S. Tyson, Eduardo Marques, David B. Whalley, Luiz G. A. Martins, Michael R. Jantz, Devika Subramanian]"}, "242": {"llama8b": "The common neighbors of Hai Huang and Wei Su in this network are: [Adrian Perrig, Norman C. Beaulieu, Octavia A. Dobre, Pedro Comesa\u00f1a, Fernando P\u00e9rez-Gonz\u00e1lez, Chenglin Zhao]."}, "243": {"llama8b": "[Qiang Yang, Wang-Chien Lee, Vincent S. Tseng, Jiawei Han, Yu Zheng, Wei-Ying Ma, Xing Xie, Lizhu Zhang, Haiqin Yang, Longhao Wang, Defu Lian, Ling-Yin Wei, Josh Jia-Ching Ying, Mohamed F. Mokbel, Tanusri Bhattacharya, Hyoseok Yoon, Zhixian Yan, Ning Zhong, Tat-Seng Chua, Lei Chen, Sunita Tiwari, S. C. Kaushik, Chao Chen, Xihui Chen, Jiajin Huang]"}, "244": {"llama8b": "[Rajkumar Buyya, Jon B. Weissman, Ian T. Foster, Robert Morris, Seonho Kim, Mohamed Othman, Hamidah Ibrahim]"}, "245": {"llama8b": "[Hartmut Stadtler, Carlos Cotta, Paulo Morelato Fran\u00e7a, Claudio Fabiano Motta Toledo, Alexandre Mendes, Vin\u00edcius Jacques Garcia, Udo Buscher, Reinaldo Morabito, Renato Resende Ribeiro de Oliveira, Bernardo Almada-Lobo, Leyuan Shi, Tao Wu]"}, "246": {"llama8b": "[\u00d6zlem Uzuner, Christopher D. Manning, Guergana Savova, Wendy W. Chapman, Brett R. South]"}, "247": {"llama8b": "[Tor Helleseth, Pascale Charpin, Denis S. Krotov, Josep Rif\u00e0, Joaquim Borges, Neil I. Gillespie, Cheryl E. Praeger, Michael Giudici]"}, "248": {"llama8b": "[Jiankun Hu and Patrick J. Flynn have the following common neighbors: Anil K. Jain, Arun Ross, Dario Maio, Davide Maltoni, Dimitrios Hatzinakos, Nalini K. Ratha]"}, "249": {"llama8b": "[Guoqiang Wang, Cornelis Roos, Tam\u00e1s Terlaky, Immanuel M. Bomze, C. Roos, M. El Ghami, H. Mansouri, Manuel V.C. Vieira, M. Zangiabadi]"}, "250": {"llama8b": "[Jiawei Han, Jian Yang, Cecilia Mascolo, Michael R. Lyu, Xian Li, Alberto E. Cerpa, Baogang Wei]"}, "251": {"llama8b": "[David Gurney]"}, "252": {"llama8b": "[Joel A. Tropp, Athina P. Petropulu, Gan Zheng, Rick S. Blum, Alexander M. Haimovich, David Tse]"}, "253": {"llama8b": "The common neighbors of Siyuan Liu and Francesco Calabrese in this network are:\n\n[Lionel M. Ni, Wei Chen, Gennady L. Andrienko, Natalia V. Andrienko, Daqing Zhang, Daniel A. Keim]"}, "254": {"llama8b": "[Tom Heath, Deborah L. McGuinness, Jens Lehmann, Thomas Steiner, Erik Mannens, Rik Van de Walle, Xin Wang, John Domingue, Leon Urbas, Silvio Peroni, Aidan Hogan, Manfred Hauswirth, Pascal Hitzler, Yannis Tzitzikas, Carlos Pedrinaci, Andriy Nikolov, Bernhard Haslhofer]"}, "255": {"llama8b": "After analyzing the research collaborations between the authors, I found the common neighbors of Ross B. Girshick and Abdel-rahman Mohamed to be:\n\n[Hermann Ney, Geoffrey E. Hinton, Alex Krizhevsky, Ilya Sutskever, Ruslan Salakhutdinov, Li Deng, Yoshua Bengio, J\u00fcrgen Schmidhuber, Andrew Zisserman, Jian Sun, Mohamed Cheriet, Gokhan Tur, Li-Rong Dai, Najiba Tagougui, Monji Kherallah, Rania Maalej, Santiago Fern\u00e1ndez, Gregor Sch\u00f6ner, Jeffrey G. Andrews, Nicolas Passat, Aymen Chaabouni, Ramzi Zouari, Nozha Boujemaa, Jorge Larrey-Ruiz, Chih-Jen Lin, Adel M. Alimi, Sargur N. Srihari, Umapada Pal, Horst Bunke, Mengjie Zhang, Alex Graves, Neila Mezghani, Slim Kanoun, Nitish Srivastava, Michael Lang, Ondrej Krejcar, Yoshua Bengio, Brian Lois]"}, "256": {"llama8b": "[Idit Keidar, Filipe Araujo, Naghmeh Ivaki]"}, "257": {"llama8b": "[Bartek Wilczy\u0144ski, Andr\u00e9 Fujita, Jo\u00e3o Ricardo Sato, Daniel Rueckert, Korbinian Strimmer, Duncan Fyfe Gillies, Mingzhou Ding, Alexandre G. Patriota, Humberto Miguel Garay-Malpartida, Mari Cleide Sogayar]"}, "258": {"llama8b": "The common neighbors of Andrzej S. Jusczyzck and Terry M. Peters in this network are: [Philip J. Edwards, John B. Moore, Gerard M. Guiraudon]."}, "259": {"llama8b": "[Lei Zhang, Meng Wang, Michael F. Cohen]"}, "260": {"llama8b": "[Astrid Soendergaard, Jacob Buur, Eva Hornecker, Hiroshi Ishii, Jennifer G. Sheridan, Margot Brereton, Paul Marshall]"}, "261": {"llama8b": "After analyzing the research collaborations between Chenyang Yang and Zygmunt J. Haas, I found that they do not have any common neighbors in the network."}, "262": {"llama8b": "After analyzing the research collaborations between authors, I found the common neighbors of Lihe Zhang and Trevor Darrell to be:\n\n[Ali Borji, Haibin Ling, Huchuan Lu, Ming-Ming Cheng, Xiang Ruan, Weisi Lin, Andrew Zisserman, Yi Ma, Dacheng Tao, Xuelong Li, Ming-Hsuan Yang]"}, "263": {"llama8b": "[Jian Yang, Ioannis Pitas, Zuzana Cernekova, Aris Gkoulalas-Divanis, Anastasios Tefas]"}, "264": {"llama8b": "[Marcelo A. Perez, Jose R. Espinoza, Marcelo A. Perez, Jose Rodriguez, Carlo Cecati, K. Gopakumar, Samir Kouro, Jorge Pontt, Steffen Bernet, Jose I. Leon]"}, "265": {"llama8b": "[Josef van Genabith, Philipp Koehn, Franz Josef Och, Marcello Federico, Hermann Ney, Christof Monz, Andy Way, Daniel Marcu, Chris Callison-Burch]"}, "266": {"llama8b": "The common neighbors of Mel Slater and Tracy Hammond in this network are: [Martin Buss, Tevfik Metin Sezgin, Leslie Gennari, Michele Risi, Randall Davis, Thomas F. Stahovich, Levent Burak Kara]."}, "267": {"llama8b": "[J\u00e9r\u00f4me Lang, Ronen I. Brafman, Craig Boutilier, Lirong Xia, Paolo Viappiani, Juntao Liu, David Poole, Nic Wilson]"}, "268": {"llama8b": "[Terry Rout, Mark Staples, Mario Piattini, Rory V. O'Connor, Claude Y. Laporte, Marco Kuhrmann]"}, "269": {"llama8b": "[Hideya Kawaji, Alistair R. R. Forrest]"}, "270": {"llama8b": "[Wei Zhang, Xinpeng Zhang, Min Wu, Kwok-Wo Wong]"}, "271": {"llama8b": "The common neighbors of Georgios B. Giannakis and William A. Gardner in this network are: [Antonio Napolitano, Erchin Serpedin, Philippe Loubaton]."}, "272": {"llama8b": "[Michal P\u011bchou\u010dek, Martin Rehak, Michal Pechoucek, Nicholas R. Jennings, Christophe Diot, Supratik Bhattacharyya, Anukool Lakhina]"}, "273": {"llama8b": "[Kayvan Kousha, Lutz Bornmann, Loet Leydesdorff, Ludo Waltman, Vincent Larivi\u00e8re, Yves Gingras, Dangzhi Zhao, Howard D. White, Nees Jan van Eck]"}, "274": {"llama8b": "The common neighbors of Gregory D. Abowd and A. Schmidt are: [Michael Haller, Ravin Balakrishnan, Jennifer Mankoff, Bj\u00f6rn Hartmann, Scott R. Klemmer, Roel Vertegaal, Michael S. Bernstein, Orit Shaer]."}, "275": {"llama8b": "[John M. Dennis, Xinliang Wang, Guangwen Yang, Haohuan Fu, Chao Yang, Wei Xue]"}, "276": {"llama8b": "The common neighbors of John D. Owens and Xavier D\u00e9coret in this network are: [Hans-Peter Seidel, R\u00fcdiger Westermann, Carsten Dachsbacher]."}, "277": {"llama8b": "[Joseph B. Walther, Sonja Utz, Patric R. Spence, Kenneth A. Lachlan, Xialing Lin, Nicole B. Ellison, Jennifer L. Gibbs, Jeffrey T. Hancock, Brandon Van Der Heide]"}, "278": {"llama8b": "[Myriam Arrue, Julio Abascal, Jean Vanderdonckt]"}, "279": {"llama8b": "[Fang Qi, Jelena Mirkovic, Anna Bouch, Allan Kuchinsky]"}, "280": {"llama8b": "[Jochen Horstmann, Paolo Braca, Peter Willett, Michele Vespe, Weimin Huang, Eric W. Gill, Susanne Lehner, Johannes Schulz-Stellenfleth, Karl Granstrom, Wolfgang Koch, Roland Romeiser, Frank M. Monaldo, Rasmus T. Tonboe, William Perrie, Thomas K\u00f6nig, Xiaofeng Li, Chao Wang, Biao Zhang]"}, "281": {"llama8b": "[Pavan Balaji, Jeffrey S. Vetter, Dhabaleswar K. Panda, Jiuxing Liu, Wei Huang, Pete Wyckoff, Matthew J. Koop, Hai Jin, Mingzhe Li]"}, "282": {"llama8b": "G\u00fcnther R. Raidl, Eric Soutif"}, "283": {"llama8b": "The common neighbors of Bobin Deng and Wenting Han are: [Hong An, Yaobin Wang, Zhiqin Liu]."}, "284": {"llama8b": "[Bashir Ahmad, Owe Axelsson, Johannes Kraus, Ivan Georgiev, Radim Blaheta, Svetozar Margenov, Tom\u00e1\u0161 Kozubek, Ondrej Jakl, J. Star\u00fd, Roman Kohut, Josef Synka, Petr Byczanski, Maya Neytcheva, Andrew J. Wathen, Gene H. Golub, Guo-Feng Zhang, Fang Chen, Valeria Simoncini, Martin Stoll, Heiko K. Weichelt, Ludmil Zikatanov, Chen Greif, Michele Benzi, Stefano Serra Capizzano, Zhi-Hao Cao, Jinde Cao, Yvan Notay, Bj\u00f6rn Lund, Alexandros Markopoulos, Yuqing Zheng, D. Noutsos, Carsten Keller, Zdenek Dost\u00e1l, J\u00e1nos Kar\u00e1tson, Changfeng Ma, Roland Romeiser, Martin Kronbichler, Ond\u0159ej Jakl, Ji\u0159\u00ed Star\u00fd]"}, "285": {"llama8b": "[Qi Wei, Huazhong Yang, David E. Culler, Muhammad Shoaib]"}, "286": {"llama8b": "[Jiawei Han, Wei Liu, Qi Tian, Tat-Seng Chua, Xian-Sheng Hua, Hong-Jiang Zhang, Xin Chen, Antonio Torralba]"}, "287": {"llama8b": "[Therese Berg, Bernhard Steffen, Tiziana Margaria]"}, "288": {"llama8b": "[Lucas J\u00f3dar, J. C. Cort\u00e9s, L. Villafuerte]"}, "289": {"llama8b": "[Dieter Kratsch, Peter Rossmanith and Martin Charles Golumbic, Peter Rossmanith and Ton Kloks, Peter Rossmanith and Maw-Shang Chang, Peter Rossmanith and Sang-il Oum, Peter Rossmanith and Michel Habib, Peter Rossmanith and Van Bang Le, Peter Rossmanith and Bruno Courcelle, Peter Rossmanith and Petr A. Golovach, Peter Rossmanith and Udi Rotics, Peter Rossmanith and Jiping Liu, Dieter Kratsch and Ton Kloks, Dieter Kratsch and Maw-Shang Chang, Dieter Kratsch and Ling-Ju Hung, Dieter Kratsch and Jiping Liu, Dieter Kratsch and Sheng-Lung Peng, Dieter Kratsch and David B. Chandler, Dieter Kratsch and Petr A. Golovach, Dieter Kratsch and Udi Rotics, Dieter Kratsch and Maw-Shang Chang, Dieter Kratsch and Jiping Liu, Dieter Kratsch and Sheng-Lung Peng, Dieter Kratsch and David B. Chandler, Dieter Kratsch and Petr A. Golovach, Dieter Kratsch and Udi Rotics, Dieter Kratsch and Maw-Shang Chang, Dieter Kratsch and Jiping Liu, Dieter Kratsch and Sheng-Lung Peng, Dieter Kratsch and David B. Chandler, Dieter Kratsch and Petr A. Golovach, Dieter Kratsch and Udi Rotics, Dieter Kratsch and Maw-Shang Chang, Dieter Kratsch and Jiping Liu, Dieter Kratsch and Sheng-Lung Peng, Dieter Kratsch and David B. Chandler, Dieter Kratsch and Petr A. Golovach, Dieter Kratsch and Udi Rotics, Dieter Kratsch and Maw-Shang Chang, Dieter Kratsch and Jiping Liu, Dieter Kratsch and Sheng-Lung Peng, Dieter Kratsch and David B. Chandler, Dieter Kratsch and Petr A. Golovach, Dieter Kratsch and Udi Rotics, Dieter Kratsch and Maw-Shang Chang, Dieter Kratsch and Jiping Liu, Dieter Kratsch and Sheng-Lung Peng, Dieter Kratsch"}, "290": {"llama8b": "[Quang Do, Jiankun Hu, Yuval Elovici, Ali Dehghantanha, Christian D'Orazio, Phuong Nguyen, Umer Naeem, Muhammad Adeel Zaffar, Laurence T. Yang, Zaiton Muda, Nurul Hidayah Ab Rahman, Abdullah Azfar, Kim-Kwang Raymond Choo]"}, "291": {"llama8b": "[Michael Hind, Walter Binder, Vivek Sarkar, Josep Torrellas, Kunle Olukotun, Michael D. Bond]"}, "292": {"llama8b": "The common neighbors of Alessandro Rizzi and Francois Blais in this network are: [Enrico Gobbetti, Roberto Scopigno, Guy Godin, Fabio Marton, J.-A. Beraldin, F. Blais]."}, "293": {"llama8b": "[Dan Roth, Mirella Lapata, Martin Chodorow, Joel R. Tetreault, Ryo Nagata, Atsuo Kawai]"}, "294": {"llama8b": "[Fabio Palomba, Andrea De Lucia, Gabriele Bavota, Rocco Oliveto, Christoph Treude, Gerardo Canfora, Michele Lanza, Foutse Khomh, David Lo]"}, "295": {"llama8b": "[Wilhelm Hasselbring, Florian Fittkau]"}, "296": {"llama8b": "[Torben Bach Pedersen, Steffen Staab, Diego Calvanese, Bijan Parsia, Boris Motik, Jeen Broekstra]"}, "297": {"llama8b": "To find the common neighbors of Sparsh Mittal and Fabian Oboril, we need to identify the authors who have collaborated with both Sparsh Mittal and Fabian Oboril.\n\nFrom the given research collaborations, we can see that Sparsh Mittal has collaborated with Fabian Oboril.\n\nCommon neighbors between Sparsh Mittal and Fabian Oboril: [Yuan Xie, Mehdi Baradaran Tahori, Kevin Skadron, Shih-Lien Lu, Xiangyu Dong, Yaojun Zhang, Wujie Wen]"}, "298": {"llama8b": "[Xuemin Sherman Shen, Jeffrey G. Andrews, Petar Popovski, Timothy A. Thomas, Shu Sun, Amitava Ghosh, Mathew K. Samimi, George R. MacCartney, Preben Mogensen, Elza Erkip, Hang Zhao, Sundeep Rangan, Ignacio Rodriguez, Istvan Zsolt Kovacs, Yaniv Azar, Byunghwan Lee, Sooyoung Hur, Zhouyue Pi, Farooq Khan, Shajahan Kutty, YoungSuk Kim, Mandar N. Kulkarni, Andrzej Partyka, Haralabos C. Papadopoulos, Reinaldo A. Valenzuela, Sibel Tombaz, Yongming Huang, Ioannis Krikidis, Emil Bj\u00f6rnson, Reinaldo A. Valenzuela, Sibel Tombaz, Yongming Huang, Ioannis Krikidis, Emil Bj\u00f6rnson, Andrea J. Goldsmith, Rui Zhang, Zhu Han, Giuseppe Caire, Thomas L. Marzetta, Shlomo Shamai, Bertrand M. Hochwald, Venkatesh Raman, Li Hongyan, Min Sheng, Giuseppe Caire, Thomas L. Marzetta, Shlomo Shamai, Bertrand M. Hochwald, Venkatesh Raman, Li Hongyan, Min Sheng]"}, "299": {"llama8b": "[Olivier Beaumont, Hyoung Joong Kim, Chi Chung Ko, Debasish Ghose, Maciej Drozdowski, Bharadwaj Veeravalli, Thomas G. Robertazzi, Henri Casanova, Yves Robert, Daniel Grosu]"}, "300": {"llama8b": "[Andreas Bulling, Hans Gellersen, Paul Lukowicz, Christian Decker, Michael Beigl, Albert Krohn, A. Schmidt]"}, "301": {"llama8b": "[Nir A. Sochen, Tony F. Chan, Jun Zhang, Stanley Osher, Xavier Bresson, Luminita A. Vese]"}, "302": {"llama8b": "[J Foussier, Alexander Tataraidze, Rm Ronald Aarts, X Xi Long, P Pedro Fonseca]"}, "303": {"llama8b": "[Juanjuan Zhang, Elena Katok, Tony Haitao Cui]"}, "304": {"llama8b": "[Jelena Mirkovic, Romano Fantacci, Robert Zablit, Ho-Seok Kang, Sung-Ryul Kim, Scott Shenker, Ali Pinar, Peter L. Reiher, Erik Kline, Sherif M. Khattab]"}, "305": {"llama8b": "[Libero Nigro, Franco Cicirelli, Angelo Furfaro]"}, "306": {"llama8b": "[Li Zhang, Qinghua Guo, Lajos Hanzo, Lihai Liu, Hiroshi Suzuki, Li Ping, Satoshi Suyama, Yuantao Gu, Kazuhiko Fukawa, Wai K. Leung, Michael T\u00fcchler, Jun Tong, Jos Akhtman]"}, "307": {"llama8b": "[Kostas Tsichlas, Mauricio Marin, Edgar Ch\u00e1vez, Ricardo A. Baeza-Yates, Gonzalo Navarro]"}, "308": {"llama8b": "The common neighbors of Hongyan Wu and Toshihisa Takagi in this network are: [Atsuko Yamaguchi, Yasukazu Nakamura, Toshiaki Katayama]."}, "309": {"llama8b": "[Takayasu Sakurai, Hiroki Ishikuro, Noriyuki Miura, Tadahiro Kuroda]"}, "310": {"llama8b": "[Maurizio Lenzerini, Michael Zakharyaschev, Georg Gottlob, Marco Console, Evgeny Kharlamov, Ian Horrocks, Enrico Franconi, Lucian Popa, Magdalena Ortiz, Marco Ruzzi, Steffen Staab, Rudolf Schlatte, Abraham Bernstein, Dan Olteanu]"}, "311": {"llama8b": "[Jie Tang, Ryen W. White, Shaoping Ma, Jiepu Jiang, Ellen M. Voorhees]"}, "312": {"llama8b": "[Juan M. Ordu\u00f1a, Pedro Morillo, Wentong Cai, Mark Billinghurst, Guillermo Vigueras]"}, "313": {"llama8b": "The common neighbors of Fariborz Jolai and S. M. T. Fatemi Ghomi are:\n\n[Fariborz Jolai, S. M. T. Fatemi Ghomi, Quan-Ke Pan, Reza Tavakkoli-Moghaddam, Amir Azaron, Ali Allahverdi, Bahman Naderi, T. Meyarivan, Javad Behnamian, M. Zandieh, Liang Gao, Xinyu Li, Weiming Shen, Kitae Park, M. Fatih Tasgetiren, Bo Liu, Yun-Chia Liang, Liudong Xing, Gregory Levitin, Chaoyong Zhang, Xinyu Shao, Poul M. Lange, YoungSu Yun, Mitsuo Gen, Ashutosh Tiwari, Ponnuthurai N. Suganthan, Wei-Min Shen, Ling Wang]"}, "314": {"llama8b": "[Pan Hui, Wei Gao, Guohong Cao, Thrasyvoulos Spyropoulos, Depeng Jin, Lieguang Zeng, Yanmin Zhu, Athanasios V. Vasilakos, Zhaocheng Wang, Jon Crowcroft, Eiko Yoneki, Yong Li, Li Su, Minglu Li, Robert Morris]"}, "315": {"llama8b": "[Li Zhang, Qi Wang, Jintao Li, David Taubman, Alan C. Bovik, Aljoscha Smolic, Thomas Wiegand, Karsten Muller, Sheila S. Hemami, Yongkai Huo]"}, "316": {"llama8b": "[Daowen Qiu, Se-Young Oh, Wolfram Burgard, Dieter Fox, Shaojie Shen, Giorgio Metta, Maja J. Matari\u0107, Stergios I. Roumeliotis, Patric Jensfelt, Sebastian Thrun, Silv\u00e8re Bonnabel, Giuseppe Oriolo, Mingsheng Ying, Andrew J. Davison, Gaurav S. Sukhatme, Tom Duckett, Timothy D. Barfoot, Magnus Egerstedt, Moritz Diehl, Agostino Martinelli, Paul Timothy Furgale, George A. Bekey, El-Neshawy Shafik, R. Stemmer]"}, "317": {"llama8b": "[Changyang Li, Jurij F\u00fcrst, Xiuying Wang, David Dagan Feng]"}, "318": {"llama8b": "The common neighbors of Kai Liu and Badri Nath in this network are: [Demet Aksoy, Badri Nath, Mason Sin-Fai Leung, Badri Nath, Tian He, Badri Nath, Dragos Niculescu]."}, "319": {"llama8b": "Kouhei Ohnishi, Seiichiro Katsura, Kiyoshi Ohishi"}, "320": {"llama8b": "[Giorgio C. Buttazzo, Vladimir Cretu, Giuseppe Lipari, Dacian Tudor, Wolfgang Schreiner]"}, "321": {"llama8b": "[Wenzhe Zhao, Tong Zhang, Guiqiang Dong, Onur Mutlu, John D. Davis, Jian Wang, Zili Shao, Hai Li, Qiao Li, Hamid Sarbazi-Azad, Masaaki Higashitani, Kin-Chu Ho, Congming Gao, Shu Li, Erich F. Haratsch, Narayana P. Santhanam, Jeongseok Ha, Daesung Kim, Kiyoung Choi, Tsung-Yi Chen]"}, "322": {"llama8b": "[Alan C. Bovik, Michael Elad, Jean Ponce, Bartomeu Coll, Weiyang Liu]"}, "323": {"llama8b": "[Fuad E. Alsaadi, Zidong Wang, Huijun Gao, Yurong Liu, Huaguang Zhang, Shengyuan Xu, Gang Feng, Bing Chen]"}, "324": {"llama8b": "[Johan van Benthem, Hans van Ditmarsch, Antoni Lig\u0119za, Krystian Jobczyk, Krzysztof Kluza, Mateusz Baran, Mateusz \u015ala\u017cy\u0144ski, Krzysztof Kutt]"}, "325": {"llama8b": "After analyzing the research collaborations between authors in the network, I found that the common neighbors of Robert Wang and Shiqiang Li are:\n\n[Gerhard Krieger, Rolf Scheiber, Alberto Moreira, Josef Mittermayer, Pau Prats-Iraola]\n\nThese authors have collaborated with both Robert Wang and Shiqiang Li in the network."}, "326": {"llama8b": "[Luc J. Van Gool, Joana Dias, Paulo Drews, Jorge Dias, Ant\u00f4nio Wilson Vieira, Mario Fernando Montenegro Campos, Pedro N\u00fa\u00f1ez, Erickson R. Nascimento, R. Vazquez-Martin, Xin Li, Jian Sun, Sebastian Thrun, Kaiming He, Wolfram Burgard, Achim J. Lilienthal, Henrik Andreasson, M\u00e1rcia Kanadani Campos, Ruben Rocha, Pablo N\u00fa\u00f1ez, Tom\u00e0s Pallej\u00e0, Jordi Palac\u00edn, Martin Magnusson, Jianjun Lei, Zicheng Liu, Rui Caseiro, Xiaoou Tang, Bryan Ford, Chris Lesniewski-Laas, Yongdae Kim, Haifeng Yu, Nikita Borisov, David R. Karger, Timothy Roscoe, Bryan Ford, Jacob Strauss, Jason Flinn, Phillip B. Gibbons, Michael Kaminsky, Hari Balakrishnan, Timothy Roscoe, Bryan Ford, David R. Karger, Nikita Borisov, Chris Lesniewski-Laas, Yongdae Kim, Haifeng Yu]"}, "327": {"llama8b": "[Rajkumar Buyya, Marijn Janssen, Mary Tate]"}, "328": {"llama8b": "[Viktor K. Prasanna, Weirong Jiang, Hoang Le, David E. Taylor]"}, "329": {"llama8b": "The common neighbors of Antonio Lanat\u00ed and Jean Schoentgen in this network are: [Amir Muaremi, Agnes Gr\u00fcnerbl, Enzo Pasquale Scilingo, Claudio Gentili]."}, "330": {"llama8b": "[Jochen Rick, Massimo Zancanaro, Stacey D. Scott, Meredith Ringel Morris, Yvonne Rogers, Terry Winograd, Andri Ioannou, Christina Vasiliou, Panayiotis Zaphiris]"}, "331": {"llama8b": "[Gerhard Fettweis, Muhammad Usman, Albrecht J. Fehske, Shugong Xu, Farah Moety, Samer Lahoud, Kinda Khawam, Andreas F. Molisch, Bernard Cousin, Halim Yanikomeroglu]"}, "332": {"llama8b": "The common neighbors of Pawan Lingras and Ana M. Mart\u00ednez are: [Anders L. Madsen, Seraf\u00edn Moral, Rafael Rum\u00ed, Antonio Salmer\u00f3n, Thomas Dyhre Nielsen]."}, "333": {"llama8b": "[Lu Dai, Steven T. Peltier, Mona Wong, Jos\u00e9 Mar\u00eda Carazo, Jos\u00e9 Jes\u00fas Fern\u00e1ndez, Inmaculada Garc\u00eda, Abel W. Lin, Eligius M. T. Hendrix, Tammy Drezner, Blas Pelegr\u00edn, Jos\u00e9 Monteagudo Fern\u00e1ndez, Pilar Mart\u00ednez Ortigosa, Frank Plastria, Tibor Csendes, Ar\u00e1nzazu Gila Arrondo, J. A. Mart\u00ednez, Ester M. Garz\u00f3n, Jiaquan Gao, Jos\u00e9-Jes\u00fas Fern\u00e1ndez, Zvi Drezner, Pierre Hansen, Sam Li, Pawel Jan Kalczynski, Zhiyong Liu, Eligius M. T. Hendrix, Abel W. Lin, Jos\u00e9 Mar\u00eda Carazo, Tomas E. Molina, Emilio Luque, Said Salhi, Yair Censor, Dan Gordon, Rachel Singer Gordon, Juana L\u00f3pez Redondo]"}, "334": {"llama8b": "[Jian Pei, Philip S. Yu, Bing Liu, Yu Zheng, Xifeng Yan, Yizhou Sun, David Lo, Michael D. Ernst, Xing Xie, Chen Luo]"}, "335": {"llama8b": "[Rajkumar Buyya, Filip De Turck, Jordi Torres, Rolf Stadler]"}, "336": {"llama8b": "[Jian Pei, George Karypis, Hsinchun Chen, John Riedl, Joseph A. Konstan, Badrul M. Sarwar, Eyke H\u00fcllermeier, Saddys Segrera, Joel Pinho Lucas]"}, "337": {"llama8b": "[Andrew Meneely, Zhenyu Chen, Baowen Xu, W. Eric Wong, Yvan Labiche, Mark Harman, Chen Zhang, Vidroha Debroy, Alice X. Zheng, Zhihong Zhao, Xin Xia, Gregg Rothermel, Mary Jean Harrold, Neelam Gupta, David Leon, James A. Jones, Alexey G. Malishevsky, W.E. Wong, Tsong Yueh Chen, Hyunsook Do, Kai-Yuan Cai, Ot\u00e1vio Augusto Lazzarini Lemos, Y. F. Wang, Valentin Dallmeier]"}, "338": {"llama8b": "[M. E. J. Newman]"}, "339": {"llama8b": "[Rajiv Ranjan, Gideon Juve, Wanchun Dou, C\u00e9sar A. F. De Rose, Guisheng Fan, Ann L. Chervenak]"}, "340": {"llama8b": "[Sergio F. Ochoa]"}, "341": {"llama8b": "[Rene de Jesus Romero-Troncoso, Jose A. Antonino-Daviu, M. Pineda-Sanchez, Roque Alfredo Osornio-Rios, Arturo Garcia-Perez, Eduardo Cabal-Yepez, M. Riera-Guasp, J. Perez-Cruz, Gerard-Andre Capolino]"}, "342": {"llama8b": "[Chung Keung Poon, Feifeng Zheng, Prudence W. H. Wong, Richard M. Karp, Stanley P. Y. Fung, Tak Wah Lam, Jae-Hoon Kim, Sungjin Im, Benjamin Moseley]"}, "343": {"llama8b": "[Charles C. Tappert, Sung-Hyuk Cha, Patrick Bours, Sungzoon Cho, Kiran S. Balagani, Romain Giot, John V. Monaco]"}, "344": {"llama8b": "[Tatsuya Akutsu, Atsuko Yamaguchi, Kiyoko F. Aoki-Kinoshita, Daiji Fukagawa, Minoru Kanehisa, Susumu Goto, Toshiaki Katayama]"}, "345": {"llama8b": "[YangQuan Chen]"}, "346": {"llama8b": "[Guido Gerig, Carl-Fredrik Westin, James C. Gee, Maxime Descoteaux, Jean-Fran\u00e7ois Mangin, Denis Rivi\u00e8re, Kenichi Oishi, Michael I. Miller, Matthieu Perrot, Jean R\u00e9gis, C\u00e9dric Clouchoux, John C. Mazziotta, Pamela Guevara, Frederik Maes, Dinggang Shen]"}, "347": {"llama8b": "[Jan Olaf Blech, Lasith Fernando, Ravi Sreenivasamurthy, Keith Foster, G. Abhilash]"}, "348": {"llama8b": "[Jiawei Han, Magdalena Balazinska, Nick Koudas, Divesh Srivastava, H. V. Jagadish, Christopher R\u00e9, Amr El Abbadi, Panagiotis G. Ipeirotis, Rajeev Motwani]"}, "349": {"llama8b": "[Jon Crowcroft, Jie Wu, Muriel Medard, David E. Culler, Mostafa H. Ammar, Brian Neil Levine, Kevin R. Fall, Rabin K. Patra, Narayanan Sadagopan, Sushant Jain, Wenrui Zhao, Ling Fu Xie, Xiaoyan Hong, Hongyi Wu, Peter Han Joo Chong, Dapeng Wu, Lu Lu, Ashutosh Sabharwal, Marios Kountouris, Fatos Xhafa, Geoffrey Ye Li, Ivan Wang Hei Ho, Ha Dang, Shengli Zhang, Zhiguo Ding]"}, "350": {"llama8b": "The common neighbors of Chen B and Georgios B. Giannakis in this network are:\n\n[Ali H. Sayed, Georgios B. Giannakis, Michael Elad, Geert Leus, Yuantao Gu, Sergios Theodoridis, Paulo S. R. Diniz, Wallace Alves Martins, Are Hjorungnes, Yannis Kopsinis, See-May Phoong, Yuan-Pei Lin, Jacob Benesty, Stefan Werner, Xiaoli Ma, Zhengdao Wang, Diego B. Haddad, Marcello L. R. de Campos, Masahiro Yukawa, Tadeu N. Ferreira, Francisco C. Ribeiro, Eddie Batista de Lima Filho, Waldir S. S. Junior, Steven L. Gay, Sergio L. Netto, Yih-Fang Huang]"}, "351": {"llama8b": "[Xiaofeng Wang, Robert Feldt, Claes Wohlin, Brian Fitzgerald, J\u00fcrgen M\u00fcnch, Barry W. Boehm, Tore Dyb\u00e5, Markku Oivo]"}, "352": {"llama8b": "Alexander Verbraeck"}, "353": {"llama8b": "The common neighbors of Christophe Clavier and Ezzat A. Dabbish in this network are: [Jean-Jacques Quisquater, Thanh-Ha Le, Jessy Cl\u00e9di\u00e8re, Dong-Guk Han]."}, "354": {"llama8b": "[Quan-Ke Pan, Pei-Chann Chang, Chen-Hao Liu]"}, "355": {"llama8b": "[R.D. De Roo, Christopher S. Ruf, Adriano Camps, Joel T. Johnson, Eni G. Njoku, Jeffrey R. Piepmeier, Niels Skou, Damon Bradley, Sidharth Misra, Priscilla N. Mohammed]"}, "356": {"llama8b": "[Christiane Schmidt, Alexander Kr\u00f6ller, Pedro Jussieu de Rezende, Marcelo C. Couto, Davi C. Tozoni]"}, "357": {"llama8b": "[Mariusz A. Fecko, Thomas Dreibholz, Erwin P. Rathgeb, Xing Zhou]"}, "358": {"llama8b": "The common neighbors of Jae Hong Lee and Hyundong Shin are:\n\n[Jae Hong Lee, Yan Zhang, Mohamed-Slim Alouini, Iain B. Collings, Tharmalingam Ratnarajah, Kai-Kit Wong, Marco Chiani, George K. Karagiannidis, Alberto Zanella, Caijun Zhong, Matthew R. McKay, Amine Maaref, Haochuan Zhang]"}, "359": {"llama8b": "The common neighbors of Vilas Jagannath and Rupak Majumdar are:\n\n[Viktor Kuncak, Philippe Suter, Martin C. Rinard, Andrew Reynolds, Martin T. Vechev, Eran Yahav, Roderick Bloem, Rastislav Bodik, Ivan Kuraj, Rishabh Singh, Armando Solar-Lezama, Vijay Ganesh, Kenneth L. McMillan, Vivek Sarkar, Lars Birkedal, K. Rustan M. Leino, Mooly Sagiv, Sanjit A. Seshia, Saurabh Srivastava, Yang Liu, Edmund M. Clarke, Radu Iosif, Barbara Jobstmann, Manuvir Das, Swarat Chaudhuri, Sumit Gulwani, Ruzica Piskac, Etienne Kneuss, Mika\u00ebl Mayer, Rohit Singh, Kuat Yessenov, Sarita V. Adve, Don S. Batory, Laurie Williams, Anne Broadbent, Ruzica Piskac, Liviu Tancau, Ranjit Jhala, Adam J. Lee, Jason I. Hong, Madhu Prabaker, Quentin Jones]"}, "360": {"llama8b": "[Alessandro Rizzi, Enrico Gobbetti, Guy Godin, Paolo Cignoni, Fabio Marton, J.-A. Beraldin, F. Blais]"}, "361": {"llama8b": "[Luigi Paura, Elza Erkip, Martin Haardt, Giacinto Gelli, Gregory W. Wornell, Dongning Guo, Inkyu Lee, Peter J. Schreier, Giuseppe Caire, Donatella Darsena, Fulvio Melito, C.R. Johnson]"}, "362": {"llama8b": "[Dania Bilal, Hilary Browne Hutchinson, Ingmar Weber, Tatiana Gossen, Andreas N\u00fcrnberger, Djoerd Hiemstra, Leif Azzopardi, Andrew Large, Evan Golub]"}, "363": {"llama8b": "The common neighbors of Nicholas Fang and Adam Jatowt in this network are: [Katsumi Tanaka, Elizabeth Sillence, Gerhard Weikum, W. Bruce Croft, Fuchun Peng, Luis Gravano, Yohsuke Kondoh, Ramanathan V. Guha, Jasmine Novak, Andrew McCallum, Lise Getoor]."}, "364": {"llama8b": "The common neighbors of Peter Marshall and Iris Vessey in this network are: [Tony Clear, Judy Sheard, Barbara Kitchenham, Ari Korhonen, Simon, Stephen G. MacDonell, Lauri Malmi]."}, "365": {"llama8b": "[Anne-Marie Kermarrec, Eric Ruppert, Luca Becchetti, Rachid Guerraoui, Dana Angluin, David Eisenstat, Andrea Vitaletti, Laurent Rosaz]"}, "366": {"llama8b": "[Dan Boneh, Amit Sahai, Hovav Shacham, Matthew K. Franklin, Ben Lynn]"}, "367": {"llama8b": "[Hsin-Hsi Chen, Jian-Yun Nie, Wei-Ying Ma, Ji-Rong Wen, Ming Zhou]"}, "368": {"llama8b": "The common neighbors of Luciano Ost and Marco A. Wehrmeister in this network are: [Fl\u00e1vio Rech Wagner, Leandro Buss Becker, Al\u00e9cio Pedro Delazari Binotto, Luigi Carro, Elias Teodoro Silva, J\u00falio C. B. de Mattos, Ricardo Pezzuol Jacobi, Marcio F. da S. Oliveira, Timo D. H\u00e4m\u00e4l\u00e4inen, J\u00f6rg Henkel]."}, "369": {"llama8b": "[Elad Alon, Hua Wang, Pulkit Grover, John R. Long, Chintan Thakkar, Merouane Debbah, Mark Horowitz, Dejan Markovic, Tsu-Jae King Liu, Hanh-Phuc Le, John F. Bulzacchelli, Soogine Chong, David M. Brooks, Nicolas Butzen]"}, "370": {"llama8b": "[Daniel Kressner, Enrique S. Quintana-Ort\u00ed, Gregorio Quintana-Ort\u00ed, Bo K\u00e5gstr\u00f6m, Jack Dongarra]"}, "371": {"llama8b": "[Adam Godzik, Philip E. Bourne, Yuzhen Ye, Liisa Holm, Peter W. Rose, Spencer Bliven]"}, "372": {"llama8b": "[Laura Turkki, Perttu H\u00e4m\u00e4l\u00e4inen, Diana Yifan Xu, Johanna H\u00f6ysniemi]"}, "373": {"llama8b": "[Faliang Chang, Christian Igel, Jan Salmen, Ueli Meier, Marc Schlipsing, Johannes Stallkamp]"}, "374": {"llama8b": "The common neighbors of Li Shang and Niraj K. Jha are:\n\n[J\u00fcrgen Teich, Daniel Mozos, Javier Resano, Scott Hauck, Elaheh Bozorgzadeh, Juan Antonio Clemente, Frank Vahid, Yang Qu, Marco Platzner, Juha-Pekka Soininen, Lars Bauer, Diederik Verkest, Rudy Lauwereins, Katherine Compton, Esam El-Araby, Chein-I Chang, Pablo Mart\u00ednez, Zhiyuan Li, Wenyin Fu, Juanjo Noguera, Ming-Hau Lee, Andrei Bartic, Tarek A. El-Ghazawi, Geert Deconinck, Lieven Eeckhout, Fernando Gehm Moraes, Ivan Beretta, Antonio Plaza, Javier Plaza]"}, "375": {"llama8b": "[Jiawei Han, Bernhard Pfahringer, Martin Ester, Robert M. Bell, Tsau Young Lin, Baogang Wei, Stan Sclaroff]"}, "376": {"llama8b": "[George C. Karras, Kostas J. Kyriakopoulos, Seth Hutchinson, Warren E. Dixon, Alison A. Proctor, Domenico Prattichizzo, Shankar Sastry, Charalampos P. Bechlioulis, Marc Carreras, Youcef Mezouar, Dimos V. Dimarogonas, Savvas G. Loizou, Hicham Hadj-Abdelkader]"}, "377": {"llama8b": "[Paul Baker, Lidia Fuentes, Pablo S\u00e1nchez, Helmut Neukirchen]"}, "378": {"llama8b": "[Mario Piattini, Xavier Franch, John Mylopoulos, Paolo Giorgini, Eduardo Fern\u00e1ndez-Medina, Haralambos Mouratidis, Nicola Zannone, Camille Salinesi, Amina Souag, Isabelle Comyn-Wattiau]"}, "379": {"llama8b": "[Bhaskar D. Rao, Saikat Chatterjee]"}, "380": {"llama8b": "[Iadh Ounis and Jiwoon Jeon have the following common neighbors: ChengXiang Zhai, W. Bruce Croft, Hugo Zaragoza, Victor Lavrenko, John D. Lafferty]"}, "381": {"llama8b": "[Yong Wu]"}, "382": {"llama8b": "[Frank Mueller, Philippe Olivier Alexandre Navaux, Matthias Diener, Eduardo Henrique Molina da Cruz, Marco Antonio Zanata Alves, Anselm Busse, Brice Goglin, Pierre-Andr\u00e9 Wacrenier]"}, "383": {"llama8b": "[Hideyuki Torii, R\u00e9mi Gribonval, Mike E. Davies, Wai Ho Mow, Longye Wang, Xiaoli Zeng, Lijia Ge, Zhenyu Zhang, Xiaohu Tang, Takafumi Hayashi, Naoki Suehiro, Takao Maeda, Pingzhi Fan, Guixin Xuan, Wei Dai, Makoto Nakamura]"}, "384": {"llama8b": "After analyzing the network, I found that the common neighbors of Csaba D. T\u00f3th and Soroush Alamdari are:\n\n[Cecilia Mascolo, Maurizio Patrignani, Ignaz Rutter]\n\nThese three authors are common neighbors of both Csaba D. T\u00f3th and Soroush Alamdari in the given network."}, "385": {"llama8b": "The common neighbors of Rajkumar Buyya and Yiming Li in this network are: [Fei Tao]."}, "386": {"llama8b": "[S. A. Julia, Nicolas Riviere, Robert Valette]"}, "387": {"llama8b": "To find the common neighbors of Ju-Sheng Mi and Qinghua Hu, we need to identify the authors who have collaborated with both Ju-Sheng Mi and Qinghua Hu.\n\nFrom the given research collaborations, we can see that Ju-Sheng Mi has collaborated with:\n\n* Ju-Sheng Mi and Zhoujun Li\n* Ju-Sheng Mi and Llu\u00eds Godo\n* Ju-Sheng Mi and Yee Leung\n* Ju-Sheng Mi and Fan Min\n* Ju-Sheng Mi and William Zhu\n* Ju-Sheng Mi and Qinghua Hu\n* Ju-Sheng Mi and Daren Yu\n* Ju-Sheng Mi and Wei-Zhi Wu\n* Ju-Sheng Mi and Wen-Xiu Zhang\n* Ju-Sheng Mi and Tao Feng\n* Ju-Sheng Mi and Eric C. C. Tsang\n* Ju-Sheng Mi and Zhaowen Li\n* Ju-Sheng Mi and Bao Qing Hu\n* Ju-Sheng Mi and Chun Yong Wang\n* Ju-Sheng Mi and Zhaocong Wu\n* Ju-Sheng Mi and Etienne E. Kerre\n* Ju-Sheng Mi and Roman S\u0142owi\u0144ski\n* Ju-Sheng Mi and Glad Deschrijver\n* Ju-Sheng Mi and Anna Maria Radzikowska\n* Ju-Sheng Mi and Fei-Yue Wang\n* Ju-Sheng Mi and Yanqing Yao\n\nQinghua Hu has collaborated with:\n\n* Qinghua Hu and Zhoujun Li\n* Qinghua Hu and Llu\u00eds Godo\n* Qinghua Hu and Yee Leung\n* Qinghua Hu and Fan Min\n* Qinghua Hu and William Zhu\n* Qinghua Hu and Zdzis\u0142aw Pawlak\n* Qinghua Hu and Daren Yu\n* Qinghua Hu and Etienne E. Kerre\n* Qinghua Hu and Wei-Zhi Wu\n* Qinghua Hu and Wen-Xiu Zhang\n* Qinghua Hu and Roman S\u0142owi\u0144ski\n* Qinghua Hu and Eric C. C. Tsang\n* Qinghua Hu and Anna Maria Radzikowska\n* Qinghua Hu and Fei-Yue Wang\n* Qinghua Hu and Tao Feng\n* Qinghua Hu and Zhaowen Li\n* Qinghua Hu and Bao Qing Hu\n* Qinghua Hu and Zhaocong Wu\n* Qinghua Hu and Yanqing Yao\n\nThe common neighbors of Ju-Sheng Mi and Qinghua Hu are:\n\n[Qinghua Hu, Zhoujun Li"}, "388": {"llama8b": "The common neighbors of Pedro Pina and Penousal Machado in this network are: [Vitorino Ramos, Gary R. Greenfield, Agostinho C. Rosa, Carlos M. Fernandes]."}, "389": {"llama8b": "[Christof Fetzer, Ute Schiffel, Martin S\u00fc\u00dfkraut]"}, "390": {"llama8b": "After analyzing the research collaborations between authors, I found the common neighbors of Alfonso Cano and Georgios B. Giannakis to be:\n\n[Elza Erkip, Behnaam Aazhang, Mohamed-Slim Alouini, Andrew Sendonaris, Lajos Hanzo, Hyundong Shin, Georgios B. Giannakis, Lars Kildeh\u00f6j Rasmussen, Leszek Szczecinski, Mustapha Benjillali, G.B. Giannakis, Alex B. Gershman, Shengli Zhou, Erik G. Larsson, Zhi Ding, John S. Thompson, Himal A. Suraweera, Sonia Aissa, Moe Z. Win, Dongweon Yoon, Kyongkuk Cho, Qingwen Liu, Jun Wang, Jibo Wei, Michael T\u00fcchler, Peter Larsson, Fabrice Labeau, Mael Le Treust, Etienne Pierre-Doray, Steve McLaughlin, Ying Yu Tai, David Gesbert, Aggelos Bletsas, Young Chai Ko, Tumula V. K. Chaitanya, Harvind Samra, Rodolfo Feick, George K. Karagiannidis, Kishor S. Trivedi, Katerina Goseva-Popstojanova, Alex B. Gershman, Shu Lin, Michael B. Wakin, Andrew Sendonaris, Elza Erkip, Behnaam Aazhang, Mohamed-Slim Alouini, Andrew Sendonaris, Lajos Hanzo, Hyundong Shin, Georgios B. Giannakis, Lars Kildeh\u00f6j Rasmussen, Leszek Szczecinski, Mustapha Benjillali, G.B. Giannakis, Alex B. Gershman, Shengli Zhou, Erik G. Larsson, Zhi Ding, John S. Thompson, Himal A. Suraweera, Sonia Aissa, Moe Z. Win, Dongweon Yoon, Kyongkuk Cho, Qingwen Liu, Jun Wang, Jibo Wei, Michael T\u00fcchler, Peter Larsson, Fabrice Labeau, Mael Le Treust, Etienne Pierre-Doray, Steve McLaughlin, Ying Yu Tai, David Gesbert, Aggelos Bletsas, Young Chai Ko, Tumula V. K. Chaitanya, Harvind Sam"}, "391": {"llama8b": "The common neighbors of Yasmin B. Kafai and Cristina Sylla in this network are: [Mitchel Resnick, Leah Buechley, Michael Eisenberg]."}, "392": {"llama8b": "[Koichi Moriyama, Khaled Ragab, Kinji Mori]"}, "393": {"llama8b": "[Tieniu Tan, Matti Pietik\u00e4inen, Stan Z. Li, Kevin J. Hoffman, Josef Kittler]"}, "394": {"llama8b": "The common neighbors of Richard A. Newcombe and Michael Wand are: [Luc J. Van Gool, Richard A. Newcombe, Michael Wand, Andrew W. Fitzgibbon, Markus H. Gross, Hao Li, Szymon Rusinkiewicz, Matthias Innmann, Hans-Peter Seidel, Brian Curless, Christian Theobalt, Matthias Nie\u00dfner, David Kim, Shahram Izadi, C.H. Wu]."}, "395": {"llama8b": "[Alex Ramirez, Lieven Eeckhout, Mateo Valero, David H. Albonesi, Pradip Bose, Roberto Gioiosa, Lizy Kurian John, Margaret Martonosi, Francisco J. Cazorla, Todd M. Austin, Miquel Moreto, David M. Brooks, Alper Buyuktosunoglu, Ramon Bertran, Erez Perelman, Victor Jimenez, Qixiao Liu, Jaume Abella, William Lloyd Bircher, Abhinav Pathak, Yi-Min Wang, Ming Zhang, Y. Charlie Hu, Sandhya Dwarkadas, Adri\u00e1n Cristal, Luiz Andr\u00e9 Barroso]"}, "396": {"llama8b": "[Ilkka Niemel\u00e4, Chitta Baral, Nicola Leone, Michael Fink, Hans Tompits]"}, "397": {"llama8b": "[You Li, Isaac Skog, Yuan Zhuang, Haiyu Lan, Brandon Gozick]"}, "398": {"llama8b": "[Helmut B\u00f6lcskei, Moe Z. Win, Georgios B. Giannakis, Luc Vandendorpe, Babak Hassibi, Giuseppe Caire, Zixiang Xiong, Mikael Skoglund, Elza Erkip, Pramod Viswanath, Erik G. Larsson, Gerhard Kramer, Rahim Tafazolli, Zhiguo Ding]"}, "399": {"llama8b": "[Yi Mu, Jan Camenisch, Dan Boneh, Mihir Bellare]"}, "400": {"llama8b": "[Thorsten Hampel, Peter Druschel, David R. Karger, Robert Morris, M. Frans Kaashoek, John Kubiatowicz, Shervin Shirmohammadi]"}, "401": {"llama8b": "[Christophe Mouilleron, \u00c9ric Schost, Alin Bostan, Paul Zimmermann, Richard P. Brent]"}, "402": {"llama8b": "[None]"}, "403": {"llama8b": "[Admela Jukan, Charles U. Martel, Turgay Korkmaz, Xiaomin Chen, Andr\u00e9 C. Drummond]"}, "404": {"llama8b": "[Feng Liu, Chuan Kun Wu, Chin-Chen Chang, Tzung-Her Chen, Shyong Jian Shyu]"}, "405": {"llama8b": "[Mateu Sbert, Min Chen, Jue Wang, Wei Chen]"}, "406": {"llama8b": "[Jean-Luc Moncet]"}, "407": {"llama8b": "[Jiawei Han, Xing-Quan Zhu, Chris H. Q. Ding, Xindong Wu, Andrew McCallum, Michael I. Jordan, Chih-Jen Lin, Le Song, John D. Lafferty, Yueting Zhuang]"}, "408": {"llama8b": "[Shaz Qadeer, Sarita V. Adve, Hans-Juergen Boehm]"}, "409": {"llama8b": "[Tamoghna Ojha, Yiyang Zhao, Melike Erol-Kantarci, Sema Oktug, Jun-Hong Cui, Ian F. Akyildiz, Tommaso Melodia, Zhongwen Guo]"}, "410": {"llama8b": "[Xiaodong Li, Xin Yao, Ke Tang, Carlos A. Coello Coello, Zhenyu Yang]"}, "411": {"llama8b": "[Hamid A. Toliyat, Bilal Akin, Seungdeog Choi, Mina M. Rahimian, F. Filippetti, Gerard-Andre Capolino]"}, "412": {"llama8b": "After analyzing the research collaborations between the authors, I found that Yidong Chen and F\u00e1bio Fernandes da Rocha Vicente do not have any common neighbors in the network."}, "413": {"llama8b": "[Andrea Matta, Nicla Frigerio]"}, "414": {"llama8b": "[Geoffrey E. Hinton, Yoshua Bengio, Ruslan Salakhutdinov, Rui Zhang, David E. Carlson, Lawrence Carin, Nando de Freitas, Volkan Cevher, Diederik P. Kingma, Ya-Ping Hsieh]"}, "415": {"llama8b": "[Fangjian Gao, Ali Sunyaev, Stephan Schneider]"}, "416": {"llama8b": "[\u00d6zlem Uzuner, Yukun Chen, Joshua C. Denny, Guergana Savova, Todd Lingren, Megan Kaiser, Katalin Molnar, Philip V. Ogren, Laura Stoutenborough, Michal Kouril, James J. Masanz, Karin Kipper-Schuler, Wendy W. Chapman, Gregory F. Cooper, Qi Li, Shuying Shen, Sunghwan Sohn, Haijun Zhai, Bradley Malin, Nataline Lingren, Bruce G. Buchanan, Huaxiu Tang, Yizhao Ni]"}, "417": {"llama8b": "[Matt Welsh, Alberto L. Sangiovanni-Vincentelli, Luciano Lavagno]"}, "418": {"llama8b": "The common neighbors of Serita M. Nelesen and Yanni Sun in this network are: [Usman Roshan, Amos Marc Bairoch, Sean R. Eddy, Dennis R. Livesay]."}, "419": {"llama8b": "[Andrew Y. Ng, Yann LeCun, Yoshua Bengio]"}, "420": {"llama8b": "[Josep R. Casas, Philippe Salembier, Ferran Marques, Luis Garrido, Radoslaw Mazur, Huy Phan, Haomin Zhang, Xavier Gir\u00f3, Climent Nadeu, Andrey Temko, Mark D. Plumbley, Taras Butko, Manolis Wallace, Bj\u00f6rn W. Schuller, Steven L. Grant, Ulisses Braga-Neto, Bin Liu, Mark D. Plumbley]"}, "421": {"llama8b": "[Franz Josef Och, Peng Xu, Hanqing Lu]"}, "422": {"llama8b": "After analyzing the research collaborations between Y. Yang and Blazej Cichy, I found that they do not have any common neighbors."}, "423": {"llama8b": "[Kevin Chan, Wei Hu, Gene Cheung, Antonio Ortega, Leon Sterling, Michael Winikoff, Thomas Juan, Oscar Chi Lim Au, James J. Odell]"}, "424": {"llama8b": "[Fabio Mogavero, Thomas A. Henzinger, Sven Schewe, Alessio Lomuscio, Hongyang Qu]"}, "425": {"llama8b": "[Toshimichi Saito]"}, "426": {"llama8b": "[Michael Johnston, Amanda Stent, George Ferguson, David Schlangen, Jens Edlund]"}, "427": {"llama8b": "[Kristian Nymoen, Gordan Jezic, Iva Bojic, Mario Kusek]"}, "428": {"llama8b": "[Marc A. Smith, Mor Naaman, Quentin Jones, Andrew T. Fiore, Charles Steinfield, Cliff Lampe, Nicole B. Ellison, Michael S. Bernstein]"}, "429": {"llama8b": "The common neighbors of Bonita Bhaskaran and Cristiano Lazzari in this network are: [Chunsheng Liu, Janusz Rajski]."}, "430": {"llama8b": "[Simon L. Peyton Jones, Phil Trinder, Greg Michaelson, Kevin Hammond, Hans-Wolfgang Loidl, Jost Berthold, Rita Loogen]"}, "431": {"llama8b": "[None]"}, "432": {"llama8b": "[Masatoshi Uno, Gun-Woo Moon, Chol-Ho Kim, Hong-Sun Park, Joong-Hui Lee]"}, "433": {"llama8b": "The common neighbors of Yichuan Jiang and Edmund H. Durfee in this network are: [Sarit Kraus, Nicholas R. Jennings, Tomas Klos, Cees Witteveen, James C. Boerkoel, Michael Wooldridge, K. Suzanne Barber, Onn Shehory, Jordi Sabater, Laurent Vercouter]."}, "434": {"llama8b": "[Manesh Tailor, Peter Stewart Hearty, J\u00fcrgen M\u00fcnch, Emilia Mendes, Norman Fenton, Martin Neil, David Marquez, Ayse Basar Bener, Ayse Tosun Misirli, Barbaros Yet]"}, "435": {"llama8b": "[Jian Pei, Philip S. Yu, Xiaochun Yang, Wei Wang, H. V. Jagadish, Hongyuan Zha, Tao Xie, Christoph Meinel, Zheng Chen, Francesco Bonchi, Shuicheng Yan]"}, "436": {"llama8b": "[Altamiro Amadeu Susin, Virginie Fresse, Umit Y. Ogras, G. De Micheli, L. Benini, Frederic Rousseau]"}, "437": {"llama8b": "The common neighbors of Georgios B. Giannakis and Gerhard Fettweis are:\n\n[Raymond W. Yeung, Khaled Ben Letaief, Petar Popovski, Geert Leus, Paolo Banelli, W Robert Heath, Davide Dardari, Nicola Michailow, Risto Wichman, Michele Morelli, H.V. Poor, Gunther Auer, Ahmad Bahai, Luca Rugini, Xiaodong Cai, Chintha Tellambura, Yufei Jiang, Dennis Goeckel, Vijay K. Bhargava]"}, "438": {"llama8b": "[Fabien Lagriffoul, Daniel Sj\u00f6lie, Lars-Erik Janlert, Helena Lindgren, Lars Karlsson]"}, "439": {"llama8b": "The common neighbors of David Gefen and Viswanath Venkatesh in this network are: [David Gefen, Viswanath Venkatesh, Detmar W. Straub, Damon E. Campbell]."}, "440": {"llama8b": "[Keyi Wang, Xiao Zhang, Xiaodong Zhang, P. Sadayappan, Michael Stumm, Livio Soares]"}, "441": {"llama8b": "The common neighbors of Ioannis T. Kassios and Bernhard M\u00f6ller in this network are: [Peter W. O'Hearn, Hongseok Yang, John C. Reynolds, Ian Wehrman, C. A. R. Hoare]."}, "442": {"llama8b": "The common neighbors of Giuseppe De Giacomo and Raja Das in this network are: [Roman Vacul\u00edn, Richard Hull]."}, "443": {"llama8b": "[Raghavender R. Jillela, Hugo Proen\u00e7a, Arun Ross, Anil K. Jain, Unsang Park, Vishnu Naresh Boddeti, Shrinivas J. Pundlik, Damon L. Woodard, Philip E. Miller, B. V. K. Vijaya Kumar, Marios Savvides, Josef Bigun, Paul A. Viola, Gerry V. Dozier, Jonathon M. Smereka, Chandrashekhar Padole, Davide Maltoni, Ajmal S. Mian]"}, "444": {"llama8b": "[Stefano Tomasin, Rui Dinis, Marco Gomes, V\u00edtor Manuel Mendes da Silva, David D. Falconer, Lajos Hanzo, Norbert Wehn, R\u00fcdiger L. Urbanke, Gabriel Falcao, Joseph R. Cavallaro, Andreas Burg, Christophe Jego, Guohui Wang, Jo\u00e3o Sousa Andrade, Bruce F. Cockburn, Nuno Rodrigues, Eduardo A. B. da Silva, Valentin Savin, Xiao-Yu Hu, Honey Durga Tiwari, Timothy J. Purcell, Georgios Karakonstantis, Jinghu Chen, Maged Elkashlan, Ant\u00f4nio Simoes, Jos\u00e9 M. P. Nascimento, Rui Dinis, Pedro Bento, E.A.B. da Silva, M.B. de Carvalho]"}, "445": {"llama8b": "[Bartosz Bosak, Eryk Ciepiela, Marek Kasztelnik, Tomasz Piontek, Bastien Chopard, Jan Meizner, Katarzyna Rycerz, Derek Groen, Peter V. Coveney, Eric Lorenz, Mariusz Mamonski, Ilya Saverchenko, Joris Borgdorff]"}, "446": {"llama8b": "[Katsunori Oyama, Carl K. Chang, Hsin-yi Jiang]"}, "447": {"llama8b": "[Nima Khakzad, Genserik Reniers, Faisal Khan, Xianguo Wu, Valerio Cozzani, Luigi Portinale]"}, "448": {"llama8b": "The common neighbors of Ligang Zhou and Huchang Liao in this network are: [Enrique Herrera-Viedma, Meimei Xia, Zeshui Xu, Zhiming Zhang, Shyi-Ming Chen, Guiwu Wei]."}, "449": {"llama8b": "[Thomas Brox, Daniel Cremers, Daniel Scharstein, Joachim Weickert, Richard Szeliski, Michael J. Black, Stefan Roth, Thomas Pock, Anita Sellent, Simon Baker, Jean Ponce, Jiaya Jia, Marcus A. Magnor, Luis Alvarez, Javier S\u00e1nchez, Fr\u00e9do Durand, Shree K. Nayar, C. Lawrence Zitnick, Rob Fergus, J\u00e9r\u00f4me Bolte, Stephen Lin]"}, "450": {"llama8b": "[Christophe Kolski, Mourad Abed]"}, "451": {"llama8b": "The common neighbors of Chen B and Radu Marculescu are [Nanning Zheng, Weifeng Liu, Pengju Ren, Koray Kavukcuoglu, Pingping Zhu, Songlin Zhao, Xiaowei Ren]."}, "452": {"llama8b": "The common neighbors of Jun Yang and Gabriel H. Loh are: [Jun Yang and Gabriel H. Loh, Jun Yang and Parthasarathy Ranganathan, Jun Yang and J\u00f6rg Henkel, Jun Yang and Vijaykrishnan Narayanan, Jun Yang and Yuan Xie, Jun Yang and Xiaoxia Wu, Jun Yang and Doug Burger, Jun Yang and Milo M. K. Martin, Jun Yang and Alaa R. Alameldeen, Jun Yang and Chris Wilkerson, Jun Yang and Dimin Niu, Jun Yang and Norman P. Jouppi, Jun Yang and Mingyu Chen, Jun Yang and Vivek Chaturvedi, Gabriel H. Loh and Parthasarathy Ranganathan, Gabriel H. Loh and J\u00f6rg Henkel, Gabriel H. Loh and Vijaykrishnan Narayanan, Gabriel H. Loh and Yuan Xie, Gabriel H. Loh and Doug Burger, Gabriel H. Loh and Sung Kyu Lim, Gabriel H. Loh and Milo M. K. Martin, Gabriel H. Loh and Alaa R. Alameldeen, Gabriel H. Loh and Chris Wilkerson, Gabriel H. Loh and Norman P. Jouppi, Gabriel H. Loh and Dean L. Lewis, Gabriel H. Loh and Cong Xu, Gabriel H. Loh and Krishnendu Chakrabarty, Gabriel H. Loh and Xiaoxia Wu, Gabriel H. Loh and Igor Loi, Gabriel H. Loh and Giulia Beanato, Gabriel H. Loh and Dimin Niu]."}, "453": {"llama8b": "The common neighbors of Romano Fantacci and Renato Lo Cigno in this network are: [Daniele Tarchi, Leonardo Maccari, Marco Mellia, Luca Muscariello, Emilio Leonardi, Felix Freitag, Leandro Navarro]."}, "454": {"llama8b": "[Anna L. Ells, Rangaraj M. Rangayyan, Opas Chutatape]"}, "455": {"llama8b": "[Lakmal D. Seneviratne, Yabin Gao, Hamid Reza Karimi, Peng Shi, Shen Yin, Hak-Keung Lam, Huijun Gao, Ligang Wu]"}, "456": {"llama8b": "The common neighbors of Huifu Xu and W\u0142odzimierz Ogryczak in this network are: [Andrzej Ruszczynski, Darinka Dentcheva, Alexander Shapiro]."}, "457": {"llama8b": "[Tao Pham Dinh, Joaquim J. J\u00fadice, Hanif D. Sherali, Ernesto G. Birgin]"}, "458": {"llama8b": "[Bo Zhang, Wei-Ying Ma, Xing Xie, Qiaozhu Mei, Andrew Tomkins, Beng Chin Ooi, David R. Karger, M. Frans Kaashoek, Yu Zheng, Mohamed F. Mokbel, Lionel Man Shuan Ni, Yunhao Liu, Xuemin Lin, Jing Yuan, Yi-Hong Gong, Josep Silva]"}, "459": {"llama8b": "[Paul D. Gader, Liang Wang, Jerry M. Mendel, Timothy C. Havens, James M. Keller, Christian Wagner, Derek T. Anderson]"}, "460": {"llama8b": "[Jan Holmstr\u00f6m, Kary Fr\u00e4mling, Andr\u00e9 Thomas, Gerben G. Meyer]"}, "461": {"llama8b": "[Stefan Slesazeck, H. M\u00e4hne, Hanyu Wang, Thomas Mikolajick, Tingwen Huang, Christian Niederh\u00f6fer, Leon O. Chua, Ioannis Vourkas, Miao Qi, Yuriy V. Pershin, M. Di Ventra, Maheshwar Pd. Sah, Rui Caseiro, Ahmed M. Soliman, Paolo Maffezzoni, Michele Bonnin, Ahmed S. Elwakil, Fernando Corinto, Fabrizio Bonani, Ahmed G. Radwan, Henry Wong, Vanessa Senger, Ronald Tetzlaff, Valentina Lanza, Bo Wang, Viera Biolkova, Mauro Forti, Salvatore Levantino, Jinde Cao, Hyongsuk Kim, Marco Gilli, Zhigang Zeng]"}, "462": {"llama8b": "[Nicolas Geoffray, Vikram S. Adve, Ian Piumarta, Ga\u00ebl Thomas, Bertil Folliot, Stephen M. Blackburn, Frederic Ogel, Chris Lattner, Gilles Muller, Julia L. Lawall, Koutheir Attouchi, Andr\u00e9 Bottaro]"}, "463": {"llama8b": "[Xiuyi Jia, Jingtao Yao, Hong Yu, Lin Shang, Tianrui Li, William Zhu, Dun Liu, Decui Liang, Huaxiong Li, Yiyu Yao, Jiye Liang, Yuhua Qian, Joseph P. Herbert, Bingzhen Sun, Xianzhong Zhou, Bing Zhou, Bao Qing Hu, Weimin Ma, Jeff Z. Pan, Pei Hu, Haiyan Zhao, Da Ruan, Lin Shang]"}, "464": {"llama8b": "To find the common neighbors of Sandeep K. Shukla and Radu Marculescu, we need to identify the authors who have collaborated with both Sandeep K. Shukla and Radu Marculescu.\n\nFrom the given research collaborations, we can see that Sandeep K. Shukla has collaborated with Radu Marculescu, Luca Benini, and G. De Micheli.\n\nRadu Marculescu has collaborated with Luca Benini, G. De Micheli, and Davide Bertozzi.\n\nThe common neighbors of Sandeep K. Shukla and Radu Marculescu are:\n\n[Lua Benini, G. De Micheli]"}, "465": {"llama8b": "[Egon Willighagen, Nina Jeliazkova]"}, "466": {"llama8b": "[None]"}, "467": {"llama8b": "[Jan Struyf]"}, "468": {"llama8b": "[Nadine Vigouroux, Chieko Asakawa, Christopher M. Schlick, Alexander Mertens]"}, "469": {"llama8b": "Common neighbors between Suresh Thummalapenta and Tingting Yu: [Gordon Fraser, Mark Harman, Darko Marinov, Andrea Arcuri]"}, "470": {"llama8b": "[Florin Manea, Dirk Nowotka, James D. Currie, Bastian Bischoff, Aleksi Saarela, Juhani Karhum\u00e4ki, Jeffrey Shallit, Golnaz Badkobeh]"}, "471": {"llama8b": "The common neighbors of Jeffrey S. Grethe and T\u00fclay Adali in this network are: [Vince D. Calhoun, Arthur W. Toga, Daniel S. Marcus, David B. Keator]."}, "472": {"llama8b": "[Aythami Morales, Marcus Liwicki, Julian Fierrez, Javier Ortega-Garcia, Anil K. Jain, Donato Impedovo, Giuseppe Pirlo, Alisher Anatolyevich Kholmatov, Muhammad Imran Malik]"}, "473": {"llama8b": "[Alan Fern, Michael I. Jordan, Fei Sha, Frank R. Kschischang, Emmanuel J. Cand\u00e8s]"}, "474": {"llama8b": "The common neighbors of Matt Welsh and Gerhard Tr\u00f6ster in this network are: [Kurt Rothermel, Raja Jurdak, Philipp Sommer]."}, "475": {"llama8b": "[Jorge Casillas, Larry Bull, Derrick Higgins, Peter D\u00fcrr]"}, "476": {"llama8b": "[Hui Ma, Dirk Van Gucht, Sebastian Link, Henning Koehler, Wenfei Fan, Dan Suciu, Marc Gyssens, Jennifer Widom]"}, "477": {"llama8b": "[Roman Genov, Karim Abdelhalim, Pedram Mohseni, Maysam Ghovanloo, Jose Luis Perez Velazquez]"}, "478": {"llama8b": "[Milind Tambe, Wei-Min Shen, Katia P. Sycara, Pradeep Varakantham, Makoto Yokoo, Lars Wittenburg, Enrico Pontelli, Amnon Meisels, Pragnesh Jay Modi]"}, "479": {"llama8b": "The common neighbors of Luciano Ost and Matteo Sonza Reorda are: [Luca Sterpone, Brad L. Hutchings, Michael J. Wirthlin, Joshua S. Monson]."}, "480": {"llama8b": "[Lillian Lee, Graeme Hirst, Christopher D. Manning, Theresa Wilson, Cornelia Caragea, Hiroya Takamura, Rada Mihalcea]"}, "481": {"llama8b": "[Paul Francis, Gianluca Moro, Ion Stoica, Peter Druschel, Robert Morris]"}, "482": {"llama8b": "[Baining Guo, Leif Kobbelt, Heung-Yeung Shum, Hujun Bao, Markus H. Gross, Steven M. Seitz, Mario Botsch, Marc Alexa, Olga Sorkine, Daniel Cohen-Or, Kun Zhou, Xinguo Liu, Qi-Xing Huang, Yutaka Ohtake, Hiroshi Masuda, Yaron Lipman, Leandro A. Villas, Jin Huang, Luc J. Van Gool, Ayellet Tal]"}, "483": {"llama8b": "The common neighbors of Mohammad H. Mahoor and Michel Fran\u00e7ois Valstar in this network are: [Qiang Ji, Jeffrey F. Cohn, Maja Pantic, Shangfei Wang, Guoying Zhao, Ioannis Patras, Thomas S. Huang, Stefanos Zafeiriou, Marian Stewart Bartlett, Javier R. Movellan, Gwen Littlewort, Ron Rademaker, Abhinav Dhall, Hatice Gunes, Stavros Petridis, Mihalis A. Nicolaou, Marc Schr\u00f6der, Lori Malatesta, Isabelle Hupont, Eva Cerezo, Sandra Baldassarri, Rosalind W. Picard]."}, "484": {"llama8b": "[Kasia Muldner, Neil T. Heffernan, Sidney K. D'Mello, Vincent Aleven, Luc Paquette, Bradford W. Mott, Winslow Burleson, Jaclyn Ocumpaugh, Bruce M. McLaren, Angela Z. Wagner, Cristina Conati, Ryan Shaun Joazeiro de Baker, Minghui Tai, Beverly Park Woolf]"}, "485": {"llama8b": "[U\u011fur G\u00fcd\u00fckbay, Glenn Reinman, Norman I. Badler, Petros Faloutsos, Dinesh Manocha, Jan M. Allbeck, Ming C. Lin, Nuria Pelechano, Julien Pettr\u00e9, Zoran Popovi\u0107, Glenn Berseth, St\u00e9phane Donikian, Sachin Patil, Mubbasir Kapadia, Demetri Terzopoulos, Stephen J. Guy, Ioannis Karamouzas, Nadia Magnenat-Thalmann]"}, "486": {"llama8b": "Common neighbors between Sunny Consolvo and David W. McDonald: [Alexander Meschtscherjakov, Anind K. Dey, James A. Landay, Paul Dourish, Deborah Estrin, Marco Kalz, Yunan Chen]"}, "487": {"llama8b": "[Euripides G. M. Petrakis]"}, "488": {"llama8b": "The common neighbors of Marco Pagni and Julian Gough in this network are:\n\n[Marcio Pagni, Cathy H. Wu, Nicola Mulder, Rolf Apweiler, Alex Bateman, Robert D. Finn, Marco Pagni, Julian Gough, Richard Durbin, Huaiyu Mi, Daniel H. Haft, Nicolas Hulo, Daniel Kahn, Rodrigo Lopez, Sandra Orchard, Christian J. A. Sigrist, Corin Yeats, Paul D. Thomas, Anish Kejariwal]"}, "489": {"llama8b": "[Wei Ren, Yanping Gao]"}, "490": {"llama8b": "[Majeed M. Hayat, Armin W. Doerry]"}, "491": {"llama8b": "[Jiawei Han, Haixun Wang, Peer Kr\u00f6ger]"}, "492": {"llama8b": "[Gethin Norman, Jane Hillston, Axel Legay, Luca Cardelli, Andr\u00e9 Platzer, Fran\u00e7ois Fages, Diego Latella, Verena Wolf, Giovanni Pardini, Paolo Milazzo, Luca Bortolussi]"}, "493": {"llama8b": "[Sebastien Ourselin, David J. Hawkes, John H. Hipwell, Zeike A. Taylor, Mario Cheng, Josh Passenger]"}, "494": {"llama8b": "[Wenke Lee, Xuxian Jiang, Peng Liu, Bryan D. Payne, Reiner Sailer, Nasro Min-Allah, David G. Andersen, Keqin Li, Yanjun Wu]"}, "495": {"llama8b": "[Alexis Heloir, Catherine Pelachaud, Sylvie Gibet, Nicolas Courty, Hannes H\u00f6gni Vilhj\u00e1lmsson, Matt Huenerfauth, Quan D. Nguyen, Jessica K. Hodgins, Irene Albrecht, Sarah Ebling, Ari Shapiro]"}, "496": {"llama8b": "[Arthur W. Toga, Martin Styner, Josien P. W. Pluim, Wiro J. Niessen, Stefan Klein]"}, "497": {"llama8b": "[Min Chen, Chin-Laung Lei, Maja Matijasevic, Mirko Suznjevic]"}, "498": {"llama8b": "[\u00c9ric Schost, Kurt Mehlhorn, Bernard Mourrain, Michael Sagraloff]"}, "499": {"llama8b": "[Fabio Antonacci, Mads Gr\u00e6sb\u00f8ll Christensen, S\u00f8ren Holdt Jensen, Jacob Benesty, Thomas Lotter, Hirokazu Kameoka, Elior Hadad]"}}