{"0": {"llama": "[Lund, Sweden, Uppsala, Eric Hermelin, Persian literature, Mehrdad Avesta]"}, "1": {"llama": "[Bob Chiarelli, Ottawa, Canada, United States]"}, "2": {"llama": "[Central European Time, Lochem, Municipal council (Netherlands), Bergen  North Holland, Party for the Animals]"}, "3": {"llama": "[Jocelyn Roux, Servette FC, Christopher Routis, Ross County F.C., Mart\u00edn Prest]"}, "4": {"llama": "[Myophiomys, Mammal, Insular cave rat]"}, "5": {"llama": "[C\u00e9sar  Duke of Vend\u00f4me, Henry IV of France, Siege of Rouen (1591)]"}, "6": {"llama": "[Arthropod, Lepidoptera]"}, "7": {"llama": "[Fourplay, Nathan East, Yamaha Corporation, Rogers Drums, United States]"}, "8": {"llama": "[Keepers of the Funk, Here Come the Lords, Flow On]"}, "9": {"llama": "[Saxophone, Jazz, Joe Zawinul]"}, "10": {"llama": "[1961 Belgian Grand Prix, Scuderia Ferrari, 1965 Mexican Grand Prix]"}, "11": {"llama": "[Paraguar\u00ed, Apolinor Jim\u00e9nez, Striker (association football)]"}, "12": {"llama": "[Polyphaga, Arthropod]"}, "13": {"llama": "[Noctuidae, Polia nebulosa, Lepidoptera, Hexapoda]"}, "14": {"llama": "[Aristotle, Immanuel Kant]"}, "15": {"llama": "[The Holy Thief, Brother Cadfael's Penance, Headline Publishing Group]"}, "16": {"llama": "[Kim Possible: A Sitch in Time, John DiMaggio, Space Chimps 2: Zartog Strikes Back]"}, "17": {"llama": "[Space Vampires vs Zombie Dinosaurs in 3D, Comedy rock, Neil Innes]"}, "18": {"llama": "[Davina McCall, London, University College London, Christian Jessen, Uppingham School]"}, "19": {"llama": "[Fk Njego\u0161 Lov\u0107enac, Simo Kruni\u0107, Ofk Beograd, Serbia national under-21 football team]"}, "20": {"llama": "[Hard rock, Blues rock]"}, "21": {"llama": "[Porcellio scaber, Porcellio, Arthropod, Beetle]"}, "22": {"llama": "[Florence Cathedral, Florence, Cosimo de' Medici]"}, "23": {"llama": "[Scrophulariaceae, Eudicots, Lacistemataceae]"}, "24": {"llama": "[480i, Amas de Casa Desesperadas (Argentine TV series), Sus\u00fa Pecoraro, Buenos Aires]"}, "25": {"llama": "[FC Volendam, Volendam, Oss, Central European Summer Time]"}, "26": {"llama": "[Gelechioidea, Cosmopterigidae, Pyralidae, Insect, Lamiinae, Mordellinae]"}, "27": {"llama": "[Danny Brocklehurst, Linda Green, Drama (genre)]"}, "28": {"llama": "[Nord-Pas-de-Calais, France, Mont Chaberton]"}, "29": {"llama": "[Joost Hoffscholte, Aalsmeer, List of municipalities of the Netherlands]"}, "30": {"llama": "[Spiritual (music), Odetta, The Tin Angel, Original Jazz Classics]"}, "31": {"llama": "[Can the Can, Suzi Quatro, If You Knew Suzi..., Mike Chapman]"}, "32": {"llama": "[Ezio Pinza, Italy, Rome, Boris Christoff, Bulgaria, Bogomil Dyakov]"}, "33": {"llama": "[Luciano Albertini, Lugo  Emilia-Romagna, Giancarlo Ferretti]"}, "34": {"llama": "[Central District (Iranshahr County), Iranshahr County, Iran, Iran Standard Time]"}, "35": {"llama": "[Philadelphia Eagles, Norm Snead, San Francisco 49ers]"}, "36": {"llama": "[Drops of Jupiter (Tell Me), Something More (Train song), Rock (music)]"}, "37": {"llama": "[Zairil Khir Johari, Penang, Bayan Baru]"}, "38": {"llama": "[Lyubomir Kantonistov, FC Dynamo Saint Petersburg, Andrei Bovtalo, FC Dynamo Moscow]"}, "39": {"llama": "[Jubilee Hills, Hyderabad  Telangana, Azampura]"}, "40": {"llama": "[Puerto Rico, Epifanio \u201cFano\u201d Irizarry, National Academy Museum and School]"}, "41": {"llama": "[Iran, Amlash County, Central District (Amlash County)]"}, "42": {"llama": "[Pop music, Treasure (Bruno Mars song), Music download]"}, "43": {"llama": "[Lviv, 2015\u201316 FC Karpaty Lviv season, 2015\u201316 Ukrainian Premier League]"}, "44": {"llama": "[RoboCop (character), Joel Kinnaman, Suicide Squad (film), Ike Barinholtz]"}, "45": {"llama": "[Mazraeh-ye Mirza Taqi, Aran va Bidgol County, Hoseynabad  Aran o Bidgol]"}, "46": {"llama": "[2011 Cupa Rom\u00e2niei Final, Bra\u0219ov, CFR Cluj, Cornel Ene]"}, "47": {"llama": "[Actress, Renata Sorrah, Rio de Janeiro, S\u00e3o Paulo, S\u00e3o Paulo (state)]"}, "48": {"llama": "[Cathal Brugha, Dublin, Paul Harrington (musician), Charlie McGettigan]"}, "49": {"llama": "[Dunajec, Vistula, Krak\u00f3w]"}, "50": {"llama": "[Concord Music Group, Telarc International Corporation, United States]"}, "51": {"llama": "[Kal Masli, Hormozgan Province, Iran, Murmuri Rural District]"}, "52": {"llama": "[Verdal, Lysthaugen Verdal, Norway]"}, "53": {"llama": "[Fabaceae, Eudicots, Angiosperms, Plantae, Juncus mertensianus, August Gustav Heinrich von Bongard]"}, "54": {"llama": "[West Germany, Bonn, Germany, RAF Geilenkirchen]"}, "55": {"llama": "[Ectatosia, Insect, Lumaria rhythmologa]"}, "56": {"llama": "[United States Air Force, Operation Enduring Freedom, United States Army, James C. Marshall, William H. Hay, Distinguished Service Medal (U.S. Army)]"}, "57": {"llama": "[Johns Hopkins University, Pavel B\u00e9m, Civic Democratic Party (Czech Republic), Bohuslav Svoboda, Czech Republic]"}, "58": {"llama": "[BBC Tees, North Yorkshire, Borough of Harrogate, Harrogate (borough)]"}, "59": {"llama": "[Eudicots, Grevillea]"}, "60": {"llama": "[Audio cassette, That's the Way Love Goes (Janet Jackson song), Pop music, Synthpop]"}, "61": {"llama": "[Stuart Webster, Richmond SC, Heidelberg United]"}, "62": {"llama": "[Zhuang Jiajie, Zhao Xiaotian, Forward (association football)]"}, "63": {"llama": "[Eastern Time Zone, Charleston  South Carolina, Columbia  South Carolina, William Haselden Ellerbe]"}, "64": {"llama": "[U.K., Mark Ryan (actor), Robin of Sherwood, Jason Connery, Wishmaster 3: Beyond the Gates of Hell]"}, "65": {"llama": "[Today (Australian TV program), 1080i, Hoy (TV series)]"}, "66": {"llama": "[Politician, Arthur I. Boreman, Parkersburg  West Virginia, West Virginia, United States, Massachusetts]"}, "67": {"llama": "[Flumenthal, Riedholz, G\u00fcnsberg]"}, "68": {"llama": "[Salelologa, Samoa, Apia]"}, "69": {"llama": "[FC Spartak Trnava, Anton Sloboda, Podbeskidzie Bielsko-Bia\u0142a]"}, "70": {"llama": "[Austria-Hungary, Galicia (Eastern Europe), Battle of Limanowa]"}, "71": {"llama": "[Heliaster microbrachius, Heliaster, Heliaster solaris]"}, "72": {"llama": "[Rural Districts of Iran, Siyavashan Rural District, Siyavashan, Markazi Province, Ardabil Province]"}, "73": {"llama": "[Gramophone record, Ask the Angels, Rock music, Blues rock]"}, "74": {"llama": "[Luis Manzano, Actor, Joseph Bitangcol, SCQ Reload, Tagalog language]"}, "75": {"llama": "[The Last Horror Film, David Winters (choreographer), Raquel! (TV program), Bob Hope]"}, "76": {"llama": "[Friedrich Freiherr Kress von Kressenstein, Iron Cross, Josef Swientek, Sudetenland Medal]"}, "77": {"llama": "[Metr\u00f4 (band), Olhar, Beat Acelerado, Maman a tort]"}, "78": {"llama": "[Hollywood Pictures, The Walt Disney Studios (division)]"}, "79": {"llama": "[Rock (music), Rock music, Roger Daltrey, Atlantic Records]"}, "80": {"llama": "[TFF Third League, Beylerbeyi S.K., Ahmet \u015eahbaz]"}, "81": {"llama": "[Bury F.C., Nigel Hart, Paul Hart, Nottingham Forest F.C.]"}, "82": {"llama": "[Selseleh County, Iran Standard Time, Rusatai-ye Anqolab]"}, "83": {"llama": "[Erching, Moselle (department), Waldhouse]"}, "84": {"llama": "[Culicomorpha, Arthropod]"}, "85": {"llama": "[Georgia (U.S. state), Hazlehurst  Georgia]"}, "86": {"llama": "[Bird, Animal]"}, "87": {"llama": "[Synthpop, Electro house, Moombahton]"}, "88": {"llama": "[List of ethnic groups of Africa, Soleil Island, Geography of Seychelles]"}, "89": {"llama": "[Insect, Arthropod]"}, "90": {"llama": "[Elizabeth Fraser, Cocteau Twins, Lullabies (EP), Peppermint Pig]"}, "91": {"llama": "[Nicrophorus confusus, Insect]"}, "92": {"llama": "[Virgil M\u0103rd\u0103rescu, FC Petrolul Ploie\u0219ti, Andrei Peteleu, FC Delta Tulcea, Daniel Munteanu]"}, "93": {"llama": "[Witch (band), Los Angeles]"}, "94": {"llama": "[Tire, Kenda Rubber Industrial Company, Taiwan]"}, "95": {"llama": "[Microsoft, Microsoft Windows, Proprietary software]"}, "96": {"llama": "[Garakan Rural District, Garakan, Iran, Markazi Province]"}, "97": {"llama": "[Razavi Khorasan Province, Quchan County, Iran, Parsabad County, Savalan Rural District]"}, "98": {"llama": "[Parastathes apicalis, Insect, Lepidoptera]"}, "99": {"llama": "[Political activist, Ian Paisley, Ian Paisley, Yevhen Neronovych, Yuriy Kotsiubynsky]"}, "100": {"llama": "[F\u00e1bio Emanuel Moreira Silva, C.F. Estrela da Amadora]"}, "101": {"llama": "[Shooting guard, Vladimir Mihailovi\u0107, Beno Udrih, National Basketball Association, Raymond Felton, North Carolina Tar Heels men's basketball, Fayetteville  North Carolina]"}, "102": {"llama": "[Merle Haggard, A Better Love Next Time]"}, "103": {"llama": "[Valdenir da Silva Vitalino, Madureira Esporte Clube]"}, "104": {"llama": "[Jaipur, Jodha Akbar (TV series)]"}, "105": {"llama": "[Vokesimurex, Mollusca, Animal, Eupithecia bohatschi, Geometridae]"}, "106": {"llama": "[Ninnescah River, Kansas, United States, English language]"}, "107": {"llama": "[Malmir Rural District, Markazi Province, Iran Standard Time]"}, "108": {"llama": "[Journalist, Mishal Husain, Today (BBC Radio 4), Nick Robinson, BBC, BBC Two]"}, "109": {"llama": "[Arthropod, Crustacean, Euryxanthops orientalis]"}, "110": {"llama": "[John Milton Niles, Samuel A. Foot, New Haven Connecticut, Grove Street Cemetery]"}, "111": {"llama": "[Zosterops, Biak white-eye, Chordata]"}, "112": {"llama": "[Roman Catholic Diocese of Engativ\u00e1, Colombia, Medell\u00edn, Independiente Medell\u00edn]"}, "113": {"llama": "[Lounge music, Les Baxter, Pajama Party (film)]"}, "114": {"llama": "[Zulfikar Ali Bhutto, Sindh, Pakistan, University of Peshawar, Public university, Michigan Technological University]"}, "115": {"llama": "[Angiosperms, Banksia lemanniana, Banksia caleyi]"}, "116": {"llama": "[Jim Collins (ice hockey), Central Hockey League (1963\u201384)]"}, "117": {"llama": "[England, George-\u00c9tienne Cartier, Saint-Antoine-sur-Richelieu  Quebec, Canada, Montreal]"}, "118": {"llama": "[Nintendo DS, Bratz: Girlz Really Rock (video game), Adventure game, Action-adventure game, Prey (2017 video game), Microsoft Windows]"}, "119": {"llama": "[Fontainebleau, Ludovic Gamboa]"}, "120": {"llama": "[Elizabeth Mitchell, United States, California, Thrown into Exile, Thrash metal, Relentless Retribution]"}, "121": {"llama": "[Fardabad, Alborz Province, Palangabad District, Palangabad Rural District]"}, "122": {"llama": "[Toho, Takashi Miike, Yao Osaka]"}, "123": {"llama": "[Paul Corkett, Special K (song), Black Market Music (album)]"}, "124": {"llama": "[My Strongest Weakness, Wynonna, Nashville Star, Nancy O'Dell]"}, "125": {"llama": "[United States, Charlottesville  Virginia, Offenbach am Main, Germany, Das Mirakel (1912 film)]"}, "126": {"llama": "[His Majesty's Lieutenant, Georg Alexander, When Love Sets the Fashion, Jealousy (1925 film)]"}, "127": {"llama": "[E. A. Hewett, Percy Hobson Holyoak, Albert Ehrhardt, Everard im Thurn]"}, "128": {"llama": "[Rock music, Soul music, The Rocturnals, United States, City]"}, "129": {"llama": "[Tel\u0161iai, Liudas Rumbutis, Midfielder, Darvydas \u0160ernas, FC \u017dalgiris, Bahrudin Ataji\u0107]"}, "130": {"llama": "[Persema Malang, Indonesia, Eko Purjianto, Defender (association football), Ricky Ohorella, Midfielder]"}, "131": {"llama": "[Joseph Mendes, SAS \u00c9pinal, Fabien Tissot, Nancy  France]"}, "132": {"llama": "[Cathexis longimana, Cerambycidae]"}, "133": {"llama": "[Dairy, Pearl Dairy Farms Limited, Mbarara, Winnie Byanyima]"}, "134": {"llama": "[MOUNT DE SALES ACADEMY (GEORGIA), Macon Georgia]"}, "135": {"llama": "[Turdus, Brown-headed thrush, Passeriformes]"}, "136": {"llama": "[Paul von Hindenburg, Friedrich Ebert, German Empire, Germany]"}, "137": {"llama": "[Shanastaq-e Olya, Qazvin Province, Iran, Geoffrey Harrison]"}, "138": {"llama": "[Razavi Khorasan Province, Iran, Kerman Province, Bardsir County]"}, "139": {"llama": "[United States, Canadians, Canada, Toronto, CHBM-FM]"}, "140": {"llama": "[E. J. Babille, Janice Meredith, Joseph Kilgour, Ayr  Ontario]"}, "141": {"llama": "[Businessman, John Cameron (Queensland politician), Edward Barton (politician), Electrical engineer, Eugen W\u00fcster, Irish Australian]"}, "142": {"llama": "[Taylor Momsen, Kill Me (song), Emo]"}, "143": {"llama": "[Moscow Oblast, Konstantin Kozeyev]"}, "144": {"llama": "[Domvast, Somme (department), Fontaine-sur-Maye, Abbeville, Le Titre]"}, "145": {"llama": "[Ab Garm-e Bala, Baqerabad Rural District, Iran Daylight Time]"}, "146": {"llama": "[Mario Bonotti, Italy, Teresa Venerd\u00ec]"}, "147": {"llama": "[Marsupialia, Leadbeater's possum, Frederick McCoy, Museum]"}, "148": {"llama": "[Zaruhi Kalemkaryan, Armenian Americans, Armenian language, Armenian Australians, Russian language]"}, "149": {"llama": "[Cargo, FedEx, Mail]"}, "150": {"llama": "[East Caribbean dollar, Saint Lucia, Constitutional monarchy]"}, "151": {"llama": "[Germany, Clemens Fandrich, List of Switzerland football transfers summer 2016, Kasim Nuhu, RCD Mallorca]"}, "152": {"llama": "[Neocomites, Animal, Mollusc, Pagodulinae]"}, "153": {"llama": "[Iran, Isfahan Province, Iran Standard Time]"}, "154": {"llama": "[Front-engine  four-wheel-drive layout, Alfa Romeo 159, Station wagon, Holden Commodore (VP)]"}, "155": {"llama": "[Nargesi-ye Alimordan, Tolbozan Rural District, Masjed Soleyman County]"}, "156": {"llama": "[G.R.I.N.D (Get Ready It's a New Day), Universal Motown, Baffled and Beat]"}, "157": {"llama": "[Mathematics, Hao Wang (academic), Harvard University]"}, "158": {"llama": "[The First Chronicles of Druss the Legend, Waylander II: In the Realm of the Wolf, Hardback]"}, "159": {"llama": "[Antwerp, Belgium, French language, France]"}, "160": {"llama": "[Etta James Rocks the House, Argo Records]"}, "161": {"llama": "[Marlous Pie\u00ebte, FC Twente (women), Shanice van de Sanden]"}, "162": {"llama": "[Jinan, Shandong, Zhejiang, Lishui]"}, "163": {"llama": "[ CNN en Espa\u00f1ol, WLMV ]"}, "164": {"llama": "[Hamburg, Germany, Baden-W\u00fcrttemberg]"}, "165": {"llama": "[Arthropod, Beetle, Polyphaga, Trivellona galea, Triviidae]"}, "166": {"llama": "[Canadian Bureau for International Education, Canada, Public university, India]"}, "167": {"llama": "[Animal, Cyclopoida, Cyclops bicuspidatus, Carl Friedrich Wilhelm Claus, Vienna, Austria]"}, "168": {"llama": "[Cibola County  New Mexico, North Acomita Village  New Mexico]"}, "169": {"llama": "[Mykolaiv Oblast, Bereznehuvate, Urban-type settlement, Kalynivka Brovary Raion Kiev Oblast, Kiev Oblast, Kiev]"}, "170": {"llama": "[Florida, Miami, Norman Cantor, Essayist, Wallace Thurman]"}, "171": {"llama": "[Cecil Payne, Bebop, Jazz, Album]"}, "172": {"llama": "[French Royal Army (1652\u20131830), Kingdom of France, Rosny-sur-Seine]"}, "173": {"llama": "[Dream pop, Dappled Cities, Sydney  Australia]"}, "174": {"llama": "[Russia, Ivanovo, Aleksandr Yuryevich Gushchin, Yevgeni Shamrin]"}, "175": {"llama": "[Actinopterygii, Tetraodontiformes, Animalia, Mollusca, Gastropoda, Muricoidea]"}, "176": {"llama": "[Ivan \u0160uba\u0161i\u0107, Zagreb]"}, "177": {"llama": "[Roy Barraclough, England, Handley Page, Handley Page H.P.54 Harrow]"}, "178": {"llama": "[Canada, Bridgetown  Nova Scotia, Unincorporated area, Smithdale  Mississippi, United States]"}, "179": {"llama": "[Buddhism, Indo-Caribbean, British Indian, Belfast]"}, "180": {"llama": "[Last Embrace, Tak Fujimoto, United States, Universal Studios, Cop Land]"}, "181": {"llama": "[Serbia, Battle of Dubravnica, Ottoman wars in Europe, List of campaigns of Suleiman the Magnificent, Near East]"}, "182": {"llama": "[Hu\u1ebf, T\u00f4n Th\u1ea5t Thi\u1ec7n]"}, "183": {"llama": "[Vancouver, CIVT-DT, CFTK-TV]"}, "184": {"llama": "[Rio de Janeiro, Brazil, Arthur Friedenreich, Clube de Regatas do Flamengo]"}, "185": {"llama": "[Novella, Ion Luca Caragiale, Paul Georgescu, Bucharest, 2001 Supercupa Rom\u00e2niei]"}, "186": {"llama": "[Shoegazing, Shoegaze]"}, "187": {"llama": "[2nd Virginia Cavalry, Confederate States of America]"}, "188": {"llama": "[Manujan County, Iran, Quchan County]"}, "189": {"llama": "[Arthropod, Animal, Chordate]"}, "190": {"llama": "[The King of Fighters: Maximum Impact, The King of Fighters, The King of Fighters 2003]"}, "191": {"llama": "[Liard River, British Columbia, Canada, Nellie Cournoyea]"}, "192": {"llama": "[Volvo S80  First generation  1, Volvo S80, Full-size car, Full-size]"}, "193": {"llama": "[Calgary, Alberta, Tom Wood (ice hockey), Lethbridge Maple Leafs, Stan Obodiac]"}, "194": {"llama": "[Power pop, The Cars, Shake It Up (The Cars song)]"}, "195": {"llama": "[Contemporary R&B, Jimmy Napes, AlunaGeorge]"}, "196": {"llama": "[Dizjan  Golpayegan, Golpayegan County]"}, "197": {"llama": "[Jacksonville  Florida, Republican Party (United States), William N. Doak]"}, "198": {"llama": "[Joe Leaphorn, The Dark Wind, Harper & Row, The Five Red Herrings]"}, "199": {"llama": "[Stojan Novakovi\u0107, Kingdom of Serbia, Milan I of Serbia]"}, "200": {"llama": "[The Swedish Nightingale (film), Aribert W\u00e4scher]"}, "201": {"llama": "[Molendoa ogalalensis, Dicranidae, Bryopsida, Tayloria lingulata, Tayloria (plant), Tayloria acuminata]"}, "202": {"llama": "[Soviet Union, Moscow, Russia]"}, "203": {"llama": "[Pacific Daylight Time, Arcata California, Jerry Joseph, Sanctuary Records, Dieselhed, Ralph Carney]"}, "204": {"llama": "[Actinopterygii, Perciformes, Chordata, Heteromyidae, Rodent]"}, "205": {"llama": "[Metiabruz, India, Bengali language]"}, "206": {"llama": "[Joan Hutt, England, Jimmy Wray, Scotland]"}, "207": {"llama": "[Animal, Acraga goes]"}, "208": {"llama": "[Punk rock, Pop punk, It's All About the Girls, Roadrunner Records]"}, "209": {"llama": "[Thesaban, Lopburi, Peeratat Phoruendee, Defender (association football)]"}, "210": {"llama": "[Rubus, Rosaceae, Prunus]"}, "211": {"llama": "[It Happens Every Thursday, English language]"}, "212": {"llama": "[Karin Knapp, Bruneck, South Tyrol]"}, "213": {"llama": "[Warrick Sony, Port Elizabeth, Allan Hendrickse]"}, "214": {"llama": "[Life (Dope album), Dope (band)]"}, "215": {"llama": "[Cohoni, Pedro Domingo Murillo Province, La Paz]"}, "216": {"llama": "[San Ram\u00f3n  Costa Rica, Costa Rica]"}, "217": {"llama": "[Pedro Largo Carazo, Defender (association football), Andrew Mwesigwa, List of Chinese football transfers summer 2010, Wang Erzhuo, People's Republic of China]"}, "218": {"llama": "[Kuntsevo District, Russia, Saratov Reservoir]"}, "219": {"llama": "[Gentianales, Secamone volubilis]"}, "220": {"llama": "[L\u00fcdenscheider Nachrichten, L\u00fcdenscheid, Markus Dworrak, FC Energie Cottbus]"}, "221": {"llama": "[Mohammed Omar, Taliban, Marjah]"}, "222": {"llama": "[English language, ABC News Radio, United States, Maury Chaykin, Ontario, David Hemblen, Yin Yang Yo!]"}, "223": {"llama": "[Okahandja, Omatako Dam, Namibia, Wilko Risser, FC Schalke 04 II]"}, "224": {"llama": "[Matteo Colombi, S.S. Maceratese 1922, Giuseppe Aquino (footballer born 1983)]"}, "225": {"llama": "[English language, Europe, Channel 9 (Bangladesh)]"}, "226": {"llama": "[2007 Sagan Tosu season, Yasuyuki Kishino, Kataller Toyama]"}, "227": {"llama": "[Brian Richard, United States, Tania (artist)]"}, "228": {"llama": "[For a Moment  Freedom, Veit Heiduschka, Austria, Michael Katz (producer), Amour (2012 film), Margaret M\u00e9n\u00e9goz, Time of the Wolf, Michael Haneke, Gett: The Trial of Viviane Amsalem, Sasson Gabai]"}, "229": {"llama": "[All the Way to Reno (You're Gonna Be a Star), Warner Bros. Records, Sex Cymbal]"}, "230": {"llama": "[Spinefarm Records, Santa Cruz (band), Finland]"}, "231": {"llama": "[Cangas de On\u00eds, Fruela I of Asturias, Mauregatus of Asturias]"}, "232": {"llama": "[Sardinia, Italy, Jakobsspitze]"}, "233": {"llama": "[Stevan Mokranjac, Negotin, Serbia, Central European Time, Spain]"}, "234": {"llama": "[Boletales, Agaricales, Psilocybe, Psilocybe thaiaerugineomaculans]"}, "235": {"llama": "[Beweg dein Arsch, LaFee, Virus (LaFee song)]"}, "236": {"llama": "[G\u00e9rard Mestrallet, Engie, La D\u00e9fense, Paris]"}, "237": {"llama": "[Yeovil Town F.C., Matt Hayfield, Bristol]"}, "238": {"llama": "[California, Steve Johnson (tennis), Redondo Beach  California, United States, Wisconsin, Milwaukee, U.S. Bank Center (Milwaukee)]"}, "239": {"llama": "[Trophonopsis, Animal, Arthropod]"}, "240": {"llama": "[Brian Fargo, Fallout (video game), Fallout (series), Fallout 3]"}, "241": {"llama": "[Longhorn beetle, Beetle, Insect]"}, "242": {"llama": "[Common greenshank, Bird, Black-naped tern, Sternidae]"}, "243": {"llama": "[Wii U, Wii, PlayStation 3]"}, "244": {"llama": "[Slovakia, Tom\u00e1\u0161 Medve\u010f, Czechoslovakia]"}, "245": {"llama": "[Sphaerosepalaceae, Rhopalocarpus louvelii, Rhopalocarpus mollis]"}, "246": {"llama": "[Olympic Stadium (Berlin), 2011 DFB-Pokal Final]"}, "247": {"llama": "[Odenwaldkreis, Germany, Rostock (district), Germany, Wladimir K\u00f6ppen, Saint Petersburg, Alexander Friedmann]"}, "248": {"llama": "[Anthracoceratidae, Ammonoidea, Albanites, Cephalopod, Abraliopsis morisii]"}, "249": {"llama": "[Philinoidea, Gastropoda, Patera clarki]"}, "250": {"llama": "[Mystiko, Peggy Zina, Trekse]"}, "251": {"llama": "[Aix-en-Provence, France, Geoffrey Demont]"}, "252": {"llama": "[Blondeliini, Tachinidae, Animal]"}, "253": {"llama": "[Penthouse and Pavement, Heaven 17, Come Live with Me (Heaven 17 song)]"}, "254": {"llama": "[Founder's Mutation, Ryan Robbins, Caroline Dhavernas]"}, "255": {"llama": "[5 O'Clock Charlie, Radar's Report, Sheldon Keller, The New Bob Cummings Show]"}, "256": {"llama": "[New Jersey, Burlington County  New Jersey]"}, "257": {"llama": "[Avellaneda, Leonardo Ricatti, Moya Dodd]"}, "258": {"llama": "[Spain, \u00c9cija Balompi\u00e9, Caye Quintana]"}, "259": {"llama": "[MikroTik, Riga, Vit\u0101lijs Me\u013c\u0146i\u010denko, List of Latvian football transfers winter 2013\u201314]"}, "260": {"llama": "[The House of Rothschild, Barbara McLean, The Egyptian (film)]"}, "261": {"llama": "[Newspaper, Radikal, Ba\u011fc\u0131lar, Chaoyang District  Beijing, CCTV-Golf & Tennis, Chinese language]"}, "262": {"llama": "[Insect, Asura (moth), Asura strigipennis]"}, "263": {"llama": "[Germany, Baden-W\u00fcrttemberg, Weilheim an der Teck]"}, "264": {"llama": "[Bucculatrix agilis, Bucculatrix, Bucculatrix bechsteinella]"}, "265": {"llama": "[The Last Castle, Rod Lurie, Scenes of the Crime]"}, "266": {"llama": "[Kristen Connolly, United States, Ted Curson]"}, "267": {"llama": "[England national under-19 football team, Wayne Rooney, Coleen Rooney, Roman Catholic]"}, "268": {"llama": "[Hydrotaea diabolus, Muscidae]"}, "269": {"llama": "[Louis Beethoven Prout, Eois nigricosta, Lepidoptera, Agdistis bouyeri]"}, "270": {"llama": "[Eupholidoptera chabrieri, Insect, Damselfly]"}, "271": {"llama": "[Mullaitivu District, Northern Province  Sri Lanka, Jaffna District]"}, "272": {"llama": "[London, Gary Daniels, Morocco, Victor Drai, Vienna  Austria]"}, "273": {"llama": "[Colette Carr, Interscope Records, Pop music, Island Records, Jamaica]"}, "274": {"llama": "[Rosaceae, Eudicots, Ranunculus flammula]"}, "275": {"llama": "[Norway, Central European Time, Spain]"}, "276": {"llama": "[Polyphaga, Insect, Arthropod]"}, "277": {"llama": "[O'Higgins F.C., Chile, Los Andes  Chile, Renault 21]"}, "278": {"llama": "[Passenger (Powderfinger song), Powderfinger, Bernard Fanning]"}, "279": {"llama": "[Outsourcing, Mphasis, Business consulting]"}, "280": {"llama": "[My Man Is a Loser, Sean Young]"}, "281": {"llama": "[The Mystery of the Hooded Horsemen, Grand National Pictures, Something to Sing About (1937 film)]"}, "282": {"llama": "[Nashville  Tennessee, Con Brio Records, Reprise Records]"}, "283": {"llama": "[\u00c6thelheard of Wessex, England, Wheeler Dryden, Spencer Dryden, Jefferson Airplane]"}, "284": {"llama": "[Eudicots, Gratiola officinalis, Lamiales]"}, "285": {"llama": "[Steve Scrivens, Ewell, United Kingdom]"}, "286": {"llama": "[Justin Bieber, My World (EP), Love Me (Justin Bieber song)]"}, "287": {"llama": "[Norrbotten, Pajala Municipality, Central European Summer Time, Vall\u00e9s  Valencia]"}, "288": {"llama": "[Republican Party (United States), William C. Adamson]"}, "289": {"llama": "[Oklahoma City, Jack C. Walton, United States Democratic Party]"}, "290": {"llama": "[Alexander Abraham (boxer), Armenians]"}, "291": {"llama": "[Municipalities of Switzerland, Wynigen, Anita Weyermann]"}, "292": {"llama": "[Chordata, Perciformes, Actinopterygii, Animalia, Arthropod, Beetle]"}, "293": {"llama": "[Georgios Papandreou (historian), Greece, Battle of Gravia Inn]"}, "294": {"llama": "[Dangepia, Mazandaran Province, Iran, South Khorasan Province]"}, "295": {"llama": "[Richard P. Stanley, Gian-Carlo Rota, Qaiser Mushtaq, Group theory]"}, "296": {"llama": "[Sunderland Nissan F.C., Gary Pearson (footballer), Seaham, United Kingdom]"}, "297": {"llama": "[University of South Carolina, Columbia  South Carolina, South Carolina Senate, Lee Harris (politician)]"}, "298": {"llama": "[Kenya, North Eastern Province (Kenya)]"}, "299": {"llama": "[Somme (department), France, Haute-Sa\u00f4ne]"}, "300": {"llama": "[London, Drummonds Bank]"}, "301": {"llama": "[Richard Thompson (footballer born 1969), England, John Smeulders]"}, "302": {"llama": "[Midfielder, Noam Shoham, Alon Weisberg, Hapoel Katamon Jerusalem F.C.]"}, "303": {"llama": "[North Sydney Nova Scotia, Nova Scotia]"}, "304": {"llama": "[Essex  Connecticut, United States]"}, "305": {"llama": "[Les Reed (songwriter), Here It Comes Again (The Fortunes song), Pop music, Rock music, Alan Lorber]"}, "306": {"llama": "[Morrens, Gros-de-Vaud District]"}, "307": {"llama": "[In My Dream (With Shiver), Eden (Luna Sea album), Mother (Luna Sea album)]"}, "308": {"llama": "[Kerman Province, Iran, Langarud County, Kafsh Kal Mahalleh]"}, "309": {"llama": "[United States, Tennessee]"}, "310": {"llama": "[Angiosperm, Aeranthes ramosa, Robert Allen Rolfe]"}, "311": {"llama": "[Ramblin' Gamblin' Man (song), Ramblin' Gamblin' Man, Capitol Records, Beautiful Loser]"}, "312": {"llama": "[Solaris (operating system), Java Development Kit, Unreal Engine, PlayStation 4]"}, "313": {"llama": "[Crabronidae, Crabroninae]"}, "314": {"llama": "[Shabeh Rural District, Rashtkhvar County, Central District (Rashtkhvar County), Ab Niyeh-ye Sofla]"}, "315": {"llama": "[Nawa Region, Gu\u00e9yo Department, Bas-Sassandra District, Lacs District]"}, "316": {"llama": "[Ingo Steuer, East Germany, Heinz Thiel]"}, "317": {"llama": "[English language, California, United States, Ray Harris, Moran of the Marines, Wallace Ford]"}, "318": {"llama": "[Iran, Reza Haghighi, Mohammad Hossein Mehrazma, Midfielder]"}, "319": {"llama": "[Uruguay national under-20 football team, Enzo Scorza, Uruguay, Chery Tiggo]"}, "320": {"llama": "[Montpellier HSC, Anthony Scribe, Croix-de-Savoie, Thomas Kokkinis]"}, "321": {"llama": "[Cavalry, Canadian Cavalry Brigade, J. E. B. Seely  1st Baron Mottistone]"}, "322": {"llama": "[Alfredo Ortiz, United States, Rhymesayers Entertainment]"}, "323": {"llama": "[Cornwall, Matthew Paul Moyle, Geology, Jeffrey C. Wynn]"}, "324": {"llama": "[Translator, Liu Banjiu, Beijing]"}, "325": {"llama": "[Wac\u0142aw Olszak, Karvin\u00e1, Radek \u0160t\u011bp\u00e1nek]"}, "326": {"llama": "[Arroio Grande  district of Santa Maria, Santa Maria  Rio Grande do Sul, Santa Flora  district of Santa Maria]"}, "327": {"llama": "[Quercus patelliformis, Rosids, Eudicots]"}, "328": {"llama": "[Denis Istomin, Uzbekistan, Tashkent, Lola Karimova-Tillyaeva]"}, "329": {"llama": "[Angiosperms, Plantae, Bromeliaceae]"}, "330": {"llama": "[Freeware, MiniTool Partition Wizard, Utility software]"}, "331": {"llama": "[Davide Faraon, Vittorio Veneto, Carlo Osti]"}, "332": {"llama": "[Insect, Beetle]"}, "333": {"llama": "[George W. Bush, Republican Party (United States), Richard Nixon, Manhattan]"}, "334": {"llama": "[Hardcover, Prince Lestat, Anne Rice, Louisiana, United States, Texas]"}, "335": {"llama": "[Kentucky, Steve Beshear, John Young Brown III]"}, "336": {"llama": "[Wilhelm Albert (Wehrmacht officer), German Army (Wehrmacht), G\u00fcnter Amelung, Knight's Cross of the Iron Cross]"}, "337": {"llama": "[Olesno County, Poland, Central European Time, Link\u00f6ping]"}, "338": {"llama": "[Work It Out (Def Leppard song), Def Leppard, Pour Some Sugar on Me, Music download]"}, "339": {"llama": "[Eleanor Roosevelt (Hato Rey), San Juan  Puerto Rico, WZNA-LD]"}, "340": {"llama": "[Reggae fusion, Slightly Not Stoned Enough to Eat Breakfast Yet Stoopid, Redondo Beach California, MEGG]"}, "341": {"llama": "[Raphael (archangel), Islam, Xhafer Deva]"}, "342": {"llama": "[Forward (association football), Anthony Lozano, Valencia CF Mestalla, Valencia CF]"}, "343": {"llama": "[Midfielder, Emily van Egmond, Chicago Red Stars]"}, "344": {"llama": "[Carolina Panthers, Josh Vaughan]"}, "345": {"llama": "[Palangin, Kermanshah Province, Iran, Urmia County]"}, "346": {"llama": "[Timeform, Chief Singer, St. James's Palace Stakes, England, Cheveley Park Stakes, Mrs Penny, Prix Vermeille, United States, American Handicap]"}, "347": {"llama": "[Spain, Cheli (footballer), CD San Roque de Lepe, \u00d3scar Garc\u00eda Guerrero]"}, "348": {"llama": "[Jean-B\u00e9del Bokassa, Elisabeth Domitien, Ange-F\u00e9lix Patass\u00e9, Jean-Paul Ngoupand\u00e9]"}, "349": {"llama": "[Lomonosov Gold Medal, Hans Bethe, Roman Jackiw, United States, Ohio Valley Wrestling]"}, "350": {"llama": "[Thomas Mayr-Harting, Austria]"}, "351": {"llama": "[Nigar Jamal, Baku, Azerbaijan]"}, "352": {"llama": "[Biarritz Olympique, Parc des Sports Aguil\u00e9ra, France, Wales, Jamie Robinson (rugby player)]"}, "353": {"llama": "[Live and Improvised, Blood  Sweat & Tears, Brand New Day (Blood  Sweat & Tears album)]"}, "354": {"llama": "[Eugenia, Myrtaceae, Eucalyptus mckieana]"}, "355": {"llama": "[Hybodus, Animal]"}, "356": {"llama": "[Clepsis uncisecta, Clepsis, Clepsis rasilis]"}, "357": {"llama": "[South Korea national football team, Kim Do-hoon, Jeonbuk Hyundai Motors]"}, "358": {"llama": "[Keyboard instrument, Hard rock, Glam metal, United States, Ohio]"}, "359": {"llama": "[Anne Christine of Sulzbach  Princess of Piedmont, Theodore Eustace  Count Palatine of Sulzbach]"}, "360": {"llama": "[Colorado Avalanche, Vitali Kolesnik, Soviet Union, Moscow]"}, "361": {"llama": "[Hoyv\u00edk, T\u00f3rshavn Municipality, Faroe Islands]"}, "362": {"llama": "[Lorenzo D'Anna, Italy, Lombardy, Oggiono]"}, "363": {"llama": "[My Own Love Song, Path\u00e9, Touching the Void (film)]"}, "364": {"llama": "[FC United of Manchester, Jason Gilchrist, Droylsden F.C.]"}, "365": {"llama": "[Tamil Nadu, Thekkathi Ponnu]"}, "366": {"llama": "[University of Minnesota, Eric Sevareid, Washington D.C., James Blair (South Carolina)]"}, "367": {"llama": "[Mute Records, Alternative rock]"}, "368": {"llama": "[Godfrey Morgan, Jules Verne]"}, "369": {"llama": "[Asparagales, Orchidaceae, Plant, Plantae, Campanulaceae, Asterales]"}, "370": {"llama": "[Central European Summer Time, Oldenzaal, Central European Time]"}, "371": {"llama": "[M. Rajesh, Kadavul Irukaan Kumaru, All in All Azhagu Raja]"}, "372": {"llama": "[Wolfenschiessen, Nidwalden, Reissend Nollen, Canton of Bern]"}, "373": {"llama": "[Loire (department), France, Rh\u00f4ne-Alpes, Les Houches]"}, "374": {"llama": "[Languedoc-Roussillon, France, Bas-Rhin]"}, "375": {"llama": "[Co-educational, Peninsula School (Australia), Mount Eliza  Victoria, Emilie de Ravin, True History of the Kelly Gang, Paperback]"}, "376": {"llama": "[Gnathophyllidae, Arthropod, Stizocera]"}, "377": {"llama": "[Speed metal, Unveiling the Wicked]"}, "378": {"llama": "[Blac Elvis, Better (album), Pop & Oak, Hip hop music]"}, "379": {"llama": "[Marin Ani\u010di\u0107, Mostar, Central European Summer Time]"}, "380": {"llama": "[Phalonidia, Phalonidia phlebotoma]"}, "381": {"llama": "[Wizards of the Coast, Manual of the Planes, Hardback]"}, "382": {"llama": "[J\u00f3zsef Eisenhoffer, New York Hakoah, Midfielder]"}, "383": {"llama": "[Eugene O'Neill, Jason Robards, Act One (film), Moss Hart]"}, "384": {"llama": "[Base A\u00e9rea Teniente Benjam\u00edn Matienzo, Argentina, Enzo Kalinski]"}, "385": {"llama": "[Indie rock, Alternative rock, Offline (album)]"}, "386": {"llama": "[Iran, Sorkheh County]"}, "387": {"llama": "[California, United States, Minnesota]"}, "388": {"llama": "[Botch (band), Hydra Head Records, Planets of Old, Metalcore, Kurt Ballou, Indie rock, Fang Island, Sargent House]"}, "389": {"llama": "[Sam Mitchinson, Walsall, River Tame  West Midlands]"}, "390": {"llama": "[Atlantic Records, ABBA, Money  Money  Money]"}, "391": {"llama": "[Littoraria pallescens, Animal, Animalia]"}, "392": {"llama": "[Nothing to Declare (album), Justin Time Records, Speaking in Tongues (David Murray album)]"}, "393": {"llama": "[Glory (1956 film), Peter Milne (screenwriter), God Is My Co-Pilot (film)]"}, "394": {"llama": "[FR layout, Holden EK, Holden, Holden Commodore (VN)]"}, "395": {"llama": "[Songwriter, Andy Sturmer, Vocals, Singing]"}, "396": {"llama": "[Thanks to the Saint, The Crime Club, The Saint and the People Importers]"}, "397": {"llama": "[Kahn-e Seyyed Mohammad Bakhti, Mehrestan County, Iran, Kerman Province]"}, "398": {"llama": "[Beerware, Allegro (software), MacOS, Linux]"}, "399": {"llama": "[Society, Law enforcement agency]"}, "400": {"llama": "[Poland, Sceptic (band), Death metal, Black metal]"}, "401": {"llama": "[Nepal, Vyas Municipality]"}, "402": {"llama": "[Pop music, Jangle pop, Folk rock]"}, "403": {"llama": "[Admir\u00e1vel Mundo Novo, Indie rock, Emo pop]"}, "404": {"llama": "[Newport Beach  California, California, United States, Asian Man Records]"}, "405": {"llama": "[Essex, Braintree  Essex, Garry Nelson]"}, "406": {"llama": "[Pittsfield  Massachusetts, Massachusetts]"}, "407": {"llama": "[Chrysler Valiant (AP5), Chrysler Australia, Chrysler Valiant (VH)]"}, "408": {"llama": "[United States Army, Adolph von Steinwehr, Battle of Gettysburg]"}, "409": {"llama": "[Tehran, Rouhollah Seifollahi, S.C. Damash, Siamak Sarlak, Midfielder]"}, "410": {"llama": "[Above & Beyond (band), Trance music, Synthesizer]"}, "411": {"llama": "[Bang Sue District, Bangkok, Siam Cement]"}, "412": {"llama": "[Rock music, Waltari, Helsinki]"}, "413": {"llama": "[New York City, Union Theological Seminary (New York City), Frederick James Woodbridge]"}, "414": {"llama": "[Sam Caligiuri, Connecticut]"}, "415": {"llama": "[India, United States, American Broadcasting Company]"}, "416": {"llama": "[Adoniram J. Warner, United States, Oak Harbor  Ohio]"}, "417": {"llama": "[Brian Mast, Republican Party of the United States, John Price (diplomat)]"}, "418": {"llama": "[Caelifera, Austroicetes vulgaris]"}, "419": {"llama": "[The Go, United States, Empire of Ivory, Victory of Eagles, Empire of Ivory, Adnan Ad\u0131var, Turkey]"}, "420": {"llama": "[Voldem\u0101rs Veiss, Waffen-SS, World War II, United States Army]"}, "421": {"llama": "[UK, Marcia Warren, Housewife 49, Drama]"}, "422": {"llama": "[Amphiura callida, Ophiurida, Ophiocomidae]"}, "423": {"llama": "[Suburban Noize Records, Casey Royer]"}, "424": {"llama": "[Aleksandar Dyulgerov, PFC Marek Dupnitsa, Rumen Shankulov]"}, "425": {"llama": "[Liberal Democrats, London, Emma Nicholson  Baroness Nicholson of Winterbourne]"}, "426": {"llama": "[Godumbare, Maharashtra  India, India, Punjab  India, Ludhiana district]"}, "427": {"llama": "[Jason Brooks (actor), Blood Lake (2014 film), Fred Stoller]"}, "428": {"llama": "[Hamburg, Germany, Schleswig-Flensburg]"}, "429": {"llama": "[Simplicivalva philobia, Cossidae]"}, "430": {"llama": "[Tehran Province, Iran, Rudsar County]"}, "431": {"llama": "[Warner Music Group, Hunger (song), Molly Pettersson Hammar, Ira Losco]"}, "432": {"llama": "[Slovakia, Andrej Danko, Czechoslovakia]"}, "433": {"llama": "[Angiosperms, Rosaceae, Rosales]"}, "434": {"llama": "[Walter J. Harvey, A Stranger Came Home, To Have and to Hold (1951 film)]"}, "435": {"llama": "[Scellus crinipes, Insect, Arthropod, Enantia]"}, "436": {"llama": "[Munich, Germany, Calv\u00f6rde, Velsdorf]"}, "437": {"llama": "[Ren\u00e9 Groth, East Germany, Luckau, Battle of Luckau]"}, "438": {"llama": "[Utricularia subg. Bivalvaria, Plantae]"}, "439": {"llama": "[Polyphaga, Animal, Acastellina]"}, "440": {"llama": "[Luzon Strait, Diogo Island, Philippines, Tagalog language]"}, "441": {"llama": "[Fabio Sabatini, Pescia, Italy, Lombardy]"}, "442": {"llama": "[Ice Age: Continental Drift, Steve Martino, Monty Python & the Quest for the Holy Grail, 7th Level]"}, "443": {"llama": "[The Night of Queen Isabeau, Elsa Wagner, West Germany]"}, "444": {"llama": "[Tortricidae, Arthropod, Curculionidae]"}, "445": {"llama": "[Saltenia, Animal]"}, "446": {"llama": "[Tokyo, Japan, Gid\u014d Sh\u016bshin]"}, "447": {"llama": "[Beetle, Insect, Cyana obscura]"}, "448": {"llama": "[Democratic Party (United States), Boston, Quincy  Massachusetts]"}, "449": {"llama": "[Julia Dent Cantacuz\u00e8ne Spiransky-Grant, Washington  D.C., Marian Shields Robinson, White House]"}, "450": {"llama": "[Slamannan, Falkirk (council area), Larbert]"}, "451": {"llama": "[Cluj County, Eastern European Time, Romania, Ileanda, National Liberal Party (Romania), Social Democratic Party (Romania)]"}, "452": {"llama": "[INTI International University, Malaysia, Sarah Achieng Opendi]"}, "453": {"llama": "[H\u00e9rault, France, Somme (department)]"}, "454": {"llama": "[Hard rock, Rock music, Power pop, 867-5309/Jenny, Columbia Records, Capitol Records]"}, "455": {"llama": "[Poporanism, Gala Galaction, S\u0103m\u0103n\u0103torul, Ion Ag\u00e2rbiceanu, Essay]"}, "456": {"llama": "[David Butler (director), The Bard (The Twilight Zone), The Twilight Zone (1959 TV series)]"}, "457": {"llama": "[Ferencv\u00e1rosi TC, J\u00f3zsef Zilisy, A.C. Pistoiese]"}, "458": {"llama": "[Burkard Hillebrands, Solid-state physics]"}, "459": {"llama": "[List of twin towns, Graz, Austria, Traudl Hecher]"}, "460": {"llama": "[The Small One, Olan Soule, The Man in the Bottle, Robert Cummings]"}, "461": {"llama": "[PlayStation 2, PlayStation 3, Xbox One, Tom Clancy's Rainbow Six Siege, First-person shooter, Kingpin: Life of Crime]"}, "462": {"llama": "[Dickwella, Southern Province  Sri Lanka, Sri Lanka, Nuwara Eliya]"}, "463": {"llama": "[Boban Jan\u010devski, FK Teteks, Martin Hristov (footballer born 1997), FK Donji Srem, Mladen \u017divkovi\u0107]"}, "464": {"llama": "[England national under-19 football team, Alex Oxlade-Chamberlain, England national under-21 football team]"}, "465": {"llama": "[Path of Fire, Metal Blade Records, Aeon (band), \u00d6stersund, Sweden, Paganizer]"}, "466": {"llama": "[Rock music, Embryo (band), Ney]"}, "467": {"llama": "[Schleswig-Holstein, Germany, Dietenhofen]"}, "468": {"llama": "[Tim Brennan, Tin whistle, Piano, Folk rock]"}, "469": {"llama": "[Rock music, Hard rock, Black Betty  Black Betty  1]"}, "470": {"llama": "[The Sixth Extinction: An Unnatural History, Biology, Paul-Louis Simond, Valence  Dr\u00f4me]"}, "471": {"llama": "[French language, Yoruba people, Nigeria, Ibadan]"}, "472": {"llama": "[Stokmarknes Airport  Skagen, Avinor]"}, "473": {"llama": "[Lancashire, Blackpool, Swallow Sidecar Company, SS Cars Ltd, SS Jaguar 100, Sports car]"}, "474": {"llama": "[England, Tooting, Darren Bent, Tottenham Hotspur F.C.]"}, "475": {"llama": "[Louis I Duke of Orl\u00e9ans, John Count of Angoul\u00eame, Cognac France, Charente, Central European Time]"}, "476": {"llama": "[London, England, Isle of Wight, William Hacket Pain]"}, "477": {"llama": "[Orthoptera, Acrididae, Schistocerca]"}, "478": {"llama": "[Turkish Cypriot, \u00d6zker Ya\u015f\u0131n, Nicosia, Nicosia District]"}, "479": {"llama": "[Louisiana, United States, Washington  D.C.]"}, "480": {"llama": "[Winger (sports), Zoran Samard\u017eija, Aris Limassol F.C.]"}, "481": {"llama": "[Horrie Knight, Adelaide, Vaiben Louis Solomon, Judaism]"}, "482": {"llama": "[Locarno (district), Locarno, Dario Simion, HC Davos]"}, "483": {"llama": "[Mazandaran Province, Iran, Iran Standard Time, Hamadan Province, Iran, Qohestan Rural District]"}, "484": {"llama": "[Stuart Price, Better Off as Two, Complete Me, Frankmusik, Cherrytree Records, Electropop, Electronica]"}, "485": {"llama": "[Siege of Kehl (1796\u201397), Kehl, Rafael Simancas, Germany, Franz Joseph Gall, Alexandre Lacassagne]"}, "486": {"llama": "[Santiago  Chile, Jaime Ravinet]"}, "487": {"llama": "[Eastern European Summer Time, Lunca Bihor, Eastern European Time]"}, "488": {"llama": "[Alternative rock, Nu metal, Heavy metal music, Power metal]"}, "489": {"llama": "[Fiona Stewart (author), Melbourne, Australia, Auckland, New Zealand]"}, "490": {"llama": "[7\" vinyl, Love's Great Adventure, Retro (EP)]"}, "491": {"llama": "[False Alarms (1936 film), Stanley Blystone, Sundown Trail, Ted D. McCord]"}, "492": {"llama": "[Italian Republican Party, Rome, University of Florence, European University Association]"}, "493": {"llama": "[Radio City (album), Ardent Records, Need (album)]"}, "494": {"llama": "[Ricardo Montalb\u00e1n, Escape from the Planet of the Apes]"}, "495": {"llama": "[United States, Pennsylvania, University of Pittsburgh]"}, "496": {"llama": "[List of cities in Argentina, Paso de los Libres, Maip\u00fa  Mendoza, Pedro Manfredini, AS Roma]"}, "497": {"llama": "[Beryciformes, Chordate, Animal, Lepturges anceps]"}, "498": {"llama": "[Central District (Maneh and Samalqan County), Behkadeh-ye Razavi]"}, "499": {"llama": "[Alternative metal, Singing, Symphonic metal, Power metal, My God-Given Right, Nuclear Blast, Chapter V: Unbent  Unbowed  Unbroken, Denmark, Central Denmark Region]"}}