{"0": {"mixtral": " [Wen Gao, Hsiao-Hwa Chen, James S. Lehnert, Dong-Ho Cho, Byung-Cheol Shin, Il Han, Yung-Chung Wang]"}, "1": {"mixtral": " [George Karypis, Michalis Vazirgiannis, Ying Zhao, Maria Halkidi]"}, "2": {"mixtral": " The common neighbors of Thomas Moriarty and Abdel-Ouahab Boudraa in this network are [). This is because there are no reported research collaborations between Thomas Moriarty and Abdel-Ouahab Boudraa, nor do they have any common neighbors in the provided academic network."}, "3": {"mixtral": " [Krzysztof Czarnecki, Jean-Marc J\u00e9z\u00e9quel, Christian K\u00e4stner, Jordi Cabot, Paulo Borba, John Edward Hutchinson]"}, "4": {"mixtral": " [Luc J. Van Gool, Josep Llad\u00f3s, David S. Doermann, Mar\u00e7al Rusi\u00f1ol, Dimosthenis Karatzas, Jian Liang, Kurt Konolige, Gary R. Bradski]"}, "5": {"mixtral": " [Trevor Hastie, Helen Parkinson, Alvis Brazma, Richard M. R. Coulson, Anna Farne, Roby Mani, Anjan Sharma, Hasan Ogul]"}, "6": {"mixtral": " [Faisal Shafait, Thomas M. Breuel]"}, "7": {"mixtral": " [Ariel Felner, Oren Salzman, Oktay Arslan, Soheila Salmanpour, Yibiao Lu, Tak-John Koo, Efstathios Bakolas, Raghvendra V. Cowlagi, Mario Micheli]"}, "8": {"mixtral": " [Sergiy A. Vorobyov, Sriram Vishwanath, Bj\u00f6rn E. Ottersten, Merouane Debbah, Ruoheng Liu, Shlomo Shamai, Syed Ali Jafar, Steven Weber, Mats Bengtsson, Xiangyun Zhou, Chintha Tellambura, Marius Pesavento, Shengli Zhou, John M. Cioffi, Bertrand M. Hochwald, Andreas F. Molisch, Sergey Loyka, David Tse]"}, "9": {"mixtral": " [Alejandro Ribeiro, Lajos Hanzo, Mohamed-Slim Alouini, Annamalai Annamalai, Ranjan K. Mallik, Chintha Tellambura, George K. Karagiannidis, Norman C. Beaulieu, Rohit U. Nabar, Moe Z. Win, Diomidis S. Michalopoulos, Thomas L. Marzetta, Andrew Sendonaris, Ying Jun Zhang]"}, "10": {"mixtral": " [Rolf Drechsler, Nicola Nicolici, Zeljko Zilic, Katarzyna Radecka]"}, "11": {"mixtral": " [Sara Kiesler, Dieta Kuchenbrandt, Susan R. Fussell, Toyoaki Nishida, Britta Wrede, Takayuki Kanda, Friederike Anne Eyssel, Christoph Bartneck]"}, "12": {"mixtral": " [Guohui Xiao, Michael Zakharyaschev, Juan F. Sequeda, Diego Calvanese, Domenico Lembo, Antonella Poggi, Riccardo Rosati, Ian Horrocks, Lucian Popa, Roman Kontchakov, Mariano Rodriguez-Muro, Martin G. Skj\u00e6veland, Ahmet Soylu, Erik Mannens, Peter Haase, Marcelo Arenas, Claudio Gutierrez, Ernesto Jim\u00e9nez-Ruiz, Christoph Pinkel, Jorge P\u00e9rez]"}, "13": {"mixtral": " [Philip S. Yu, Robert Kleinberg, Mihaela van der Schaar, Kamal Jain, Rad Niazadeh]"}, "14": {"mixtral": " [Rosal\u00eda Laza, Reyes Pav\u00f3n, Florentino Fdez-Riverola, Fernando D\u00edaz, Mario Costa Sousa, Seungyong Lee, Tobias Isenberg, Thomas Strothotte, Oliver Deussen, David S. Ebert, Brian Wyvill]"}, "15": {"mixtral": " The common neighbors of Hao Wu and David N. Jansen are: [Holger Hermanns, Joost-Pieter Katoen, Lijun Zhang, Wendelin Serwe, Hassan Hatefi, Dennis Guck, Mari\u00eblle Stoelinga, Hubert Garavel, Kim Guldstrand Larsen, Christel Baier, Radu Mateescu, Ernst Moritz Hahn, Andrea Turrini, Nicolas Coste]."}, "16": {"mixtral": " [Weihua Sheng, Chi Zhang, Ning Xi, Heping Chen, Yifan Chen]"}, "17": {"mixtral": " [Anastasios Tefas, Ioannis Pitas]"}, "18": {"mixtral": " [Tam\u00e1s Szir\u00e1nyi, Levente Kov\u00e1cs]"}, "19": {"mixtral": " [Anatole L\u00e9cuyer, Jean-Marie Burkhardt, Ming C. Lin, Jing Xiao, Stephane Redon, Francesco Cosco, Ferran Argelaguet, David Antonio G\u00f3mez J\u00e1uregui]"}, "20": {"mixtral": " [Stefania Bandini, Giuseppe Vizzari, Kenichiro Shimura, Siamak Sarmady]"}, "21": {"mixtral": " [Elizabeth M. Middleton, Roberto Colombo]"}, "22": {"mixtral": " [Shuicheng Yan, Ming-Hsuan Yang, Piotr Doll\u00e1r, Xiaogang Wang, Feng Liu, Bernt Schiele, Alexander G. Hauptmann, Hazim Kemal Ekenel, Xiangyu Zhang, C.-C. Jay Kuo, Weihao Gan]"}, "23": {"mixtral": " [Kathryn S. McKinley, Stephen W. Keckler, Doug Burger, Katherine E. Coons, Behnam Robatmili, Ramadass Nagarajan]"}, "24": {"mixtral": " [Luigi Carro, Cristiana Bolchini, Gustavo R. Alves, Maurizio Rebaudengo, Subhasish Mitra, Massimo Violante, Edward J. McCluskey, Manuel G. Gericota, Hana Kubatova, Pavel Kubalik, M. Ceschia]"}, "25": {"mixtral": " [A. Schmidt]"}, "26": {"mixtral": " [Elvira Mayordomo, Frank Stephan, Jack H. Lutz, John M. Hitchcock, Laurent Bienvenu, David Doty]"}, "27": {"mixtral": " [Marcin Jamro, Dariusz Rzo\u0144ca, Andrzej Kwiecie\u0144]"}, "28": {"mixtral": " The common neighbors of Mukul R. Prasad and Mung Chiang are [Chao Wang]."}, "29": {"mixtral": " The common neighbors of M. Golawala and Bo Pang are [Taghi M. Khoshgoftaar, Huan Liu, Yang Liu, Shivakumar Vaithyanathan, Xiaohui Yu, Joseph D. Prusa, David J. Dittman, Michael Crawford, Brian Heredia]."}, "30": {"mixtral": " [Katherine M. White]"}, "31": {"mixtral": " [Zhou Wang, Adam Wolisz, Marcelo Yannuzzi, Jirka Klaue, Antonio Jorge Gomes Abel\u00e9m]"}, "32": {"mixtral": " [Kang Li, Rui Liao, Ali Kamen, Nassir Navab, Yefeng Zheng, Christopher Aldo Rinaldi, Jian Sun, Wiro J. Niessen, Klaus Kurzidim, Norbert Strobel, Tommaso Mansi, Bogdan Georgescu, Dorin Comaniciu, Antonio Criminisi, Ingmar Voigt, Karim Lekadir, Alois N\u00f6ttling, Jan Boese]"}, "33": {"mixtral": " [Philippe Salembier, Jocelyn Chanussot, Silvia Valero]"}, "34": {"mixtral": " [Kei-Hoi Cheung, Robert Stevens, Vladimir Mironov]"}, "35": {"mixtral": " [Zvi Drezner, Antonio M. Rodr\u00edguez-Ch\u00eda, Justo Puerto, Stefan Nickel, Arie Tamir]"}, "36": {"mixtral": " [S\u00e9bastien Bardin, Philippe Herrmann, David Molnar, George Candea, Dawson R. Engler, Thanassis Avgerinos, Koushik Sen, Vijay Ganesh, Cristian Cadar, Robin David, Josselin Feist]"}, "37": {"mixtral": " [Eric Goubault, St\u00e9phane Gaubert, Antoine Min\u00e9, Laurent Th\u00e9ry, Benjamin Werner, Victor Magron, David Monniaux, Mike Develin, Marianne Akian]"}, "38": {"mixtral": " [Shuji Tasaka, Yutaka Ishibashi, Akifumi Hirashima, Takahiro Suzuki, Hikaru Yoshimi, Norihito Misaki, Fernando Boronat, Mario Montagud]"}, "39": {"mixtral": " The common neighbors of Eibe Frank and Felix Weninger are [Anton Batliner, Elmar N\u00f6th, Shrikanth Narayanan, Martin W\u00f6llmer, Florian Eyben, Bj\u00f6rn W. Schuller, Fabien Ringeval, Stefan Steidl, Ian H. Witten, Bernhard Pfahringer, Geoffrey Holmes, Erik Marchi, Zixing Zhang, Yue Zhang 0014]."}, "40": {"mixtral": " The common neighbors of N. M. Mosharaf Kabir Chowdhury and Md. Wasi-ur-Rahman are [Michael J. Franklin, Mosharaf Chowdhury]."}, "41": {"mixtral": " The common neighbors of Pablo Castells and Hector Garcia-Molina are [Nigel Shadbolt, Bamshad Mobasher, Fabio Crestani, Yuefeng Li, Clement T. Yu]."}, "42": {"mixtral": " [David R. Kaufman]"}, "43": {"mixtral": " [Enrique Herrera-Viedma, Francisco Javier Cabrerizo, Luis Mart\u00ednez, Yinfeng Xu, Francisco Chiclana, Hengjie Zhang, I. P\u00e9rez, Sergio Alonso, Yucheng Dong, Shui Yu, Rosa M. Rodr\u00edguez, Guiqing Zhang, Chen Xj, Hongyi Li]"}, "44": {"mixtral": " The common neighbors of Yifan Chen and Babak Daneshrad in this network are: [B.D. Van Veen, Pengkai Zhao]."}, "45": {"mixtral": " [Quaid Morris, Gary D. Bader, Yuanfang Guan, Curtis Huttenhower, Aaron K. Wong]"}, "46": {"mixtral": " [Sven Apel, Andreas Zeller, Marco Tulio Valente, Miryung Kim, Michael D. Ernst, Nachiappan Nagappan, Hoan Anh Nguyen, Massimiliano Di Penta, Lu Zhang, Nicolas Anquetil, Dawson R. Engler, Ahmed E. Hassan]"}, "47": {"mixtral": " [Slinger Jansen]"}, "48": {"mixtral": " [Doron Lancet, Marilyn Safran, Vered Chalifa-Caspi, Orit Shmueli, Naomi Rosen, Michael Shmoish, Irina Dalah, Michal Lapidot, Avital Adato, Frida Belinky, Iris Bahir, Noam Nativ, Tsippi Iny Stein]"}, "49": {"mixtral": " [Gerd Hirzinger, Bram Vanderborght, Darwin G. Caldwell, Antonio Bicchi, Thomas Wimbock, Alin Albu-Sch\u00e4ffer, Oliver Eiberger, Markus Grebenstein, Etienne Burdet, Ronald Van Ham, Raffaella Carloni, Gerhard Hirzinger, Giorgio Grioli, Florian Petit, Ludo C. Visser, Hannes H\u00f6ppner, Nikos G. Tsagarakis]"}, "50": {"mixtral": " [Karl Reiner Lang, Robert J. Kauffman, Moutaz Khouja, Bong-Keun Jeong, Manish Agrawal, Sudip Bhattacharjee, Ramnath K. Chellappa, G. Lawrence Sanders]"}, "51": {"mixtral": " The common neighbors of Seheon Song and Jerry R. Hobbs in this network are [Marten van Sinderen, Luis Ferreira Pires, Massimo Paolucci, Barbara Pernici, Schahram Dustdar]."}, "52": {"mixtral": " [Dag Sverre Syrdal, Brian Scassellati, Cynthia Breazeal, Kerstin Dautenhahn, Emrah Akin Sisbot, Andrea Lockerd Thomaz, Manuela M. Veloso, Thomas G. Dietterich]"}, "53": {"mixtral": " [Alan C. Bovik, Wei Zhang, Zhu Han, Mikael Skoglund, Aria Nosratinia, Andrew Sendonaris, Babak Hossein Khalaj, Mischa Dohler]"}, "54": {"mixtral": " The common neighbors of Chita R. Das and Liang Hua-guo are [Krishnendu Chakrabarty]."}, "55": {"mixtral": " The common neighbors of Takahiro Sato and Koji Takinami in this network are: [Tatsuya Yamaguchi, Ning Li, Ahmed Musa, Akira Matsuzawa, Ryo Minami, Keigo Bunsen, Kota Matsushita, Makoto Noda, Koji Takinami]. Note that Koji Takinami is also a collaborator of himself in this undirected network."}, "56": {"mixtral": " [Heidrun Schumann, Danny Holten, Kwan-Liu Ma, Jarke J. van Wijk, Jean-Daniel Fekete, John T. Stasko, Ben Shneiderman, Daniel Archambault, Stephan Diehl, Natalia V. Andrienko, Daniel Weiskopf, Huamin Qu, Michael Burch, Fabian Beck, Jorik Blaas, Stef van den Elzen]"}, "57": {"mixtral": " [Andrew T. Campbell, Kristin J. Dana, Xia Zhou, Narayan B. Mandayam, Dina Katabi, Ashwin Ashok, Tianxing Li, Chuankai An]"}, "58": {"mixtral": " [Wei Chen, Rui Zhang, Georgios B. Giannakis, Ekram Hossain, Khaled Ben Letaief, Lajos Hanzo, Mohamed-Slim Alouini]"}, "59": {"mixtral": " [Rolf Ernst, Christine Rochange, Pascal Sainrat, Peter P. Puschner, Reinhold Heckmann, Mike Gerdes]"}, "60": {"mixtral": " [Victor Luchangco, Mark Moir, Maurice Herlihy, Philippas Tsigas, Mateo Valero, Christos Kozyrakis, Rachid Guerraoui, Timothy L. Harris, Adri\u00e1n Cristal, Danny Hendler, Nir Shavit, Paul A. Martin]\n\nHere's the reasoning:\n\n1. Yossi Lev has collaborations with the following authors: Victor Luchangco, Mark Moir, Maurice Herlihy, Philippas Tsigas, Mateo Valero, Christos Kozyrakis, Rachid Guerraoui, Timothy L. Harris, Adri\u00e1n Cristal, Danny Hendler, Nir Shavit, and Paul A. Martin.\n2. Paul A. Martin has collaborations with the following authors: Yossi Lev, Victor Luchangco, Mark Moir, Maurice Herlihy, Philippas Tsigas, Nir Shavit, Timothy L. Harris, Lindsay Groves, Marina Papatriantafilou, Danny Hendler, Damian Dechev, Bjarne Stroustrup, H\u00e5kan Sundell, Anders Gidenstam, and Robert Colvin.\n3. The common neighbors between Yossi Lev and Paul A. Martin are the authors that appear in both lists: Victor Luchangco, Mark Moir, Maurice Herlihy, Philippas Tsigas, Mateo Valero, Christos Kozyrakis, Rachid Guerraoui, Timothy L. Harris, Adri\u00e1n Cristal, Danny Hendler, and Nir Shavit."}, "61": {"mixtral": " [Hiroyuki Okamura, Tadashi Dohi, Kishor S. Trivedi, Johannes Klinglmayr, Roberto Pietrantuono, Algirdas Avizienis, Kalyanaraman Vaidyanathan, Steven W. Hunter]"}, "62": {"mixtral": " [Habib Benali, Claudia A. M. Wheeler-Kingshott, Julien Cohen-Adad, Lawrence L. Wald]"}, "63": {"mixtral": " [Chia-Hoang Lee, Bernhard Sch\u00f6lkopf]"}, "64": {"mixtral": " [Shuicheng Yan, Ming-Hsuan Yang, Francis R. Bach, Geoffrey E. Hinton, Rob Fergus, Cordelia Schmid, Andrew Zisserman, Xiang Ruan, Xiaodi Hou, Baojie Fan, Lu Li, Si Liu, Jingjuan Guo, Christian Bauckhage, Tongchi Zhou, Yi Liu, Ion Stoica]"}, "65": {"mixtral": " [Felix Ulmer]"}, "66": {"mixtral": " [Mark A. Hanson, Adam T. Barth, John Lach]"}, "67": {"mixtral": " [Szymon Rusinkiewicz, Guillaume Lavou\u00e9, Benjamin Bustos, Leonidas J. Guibas, Takahiko Furuya, Afzal Godil, Patrick Min, Henry Johan]"}, "68": {"mixtral": " [Michael I. Jordan, Tian He, Mark Coates, Heng Liu]"}, "69": {"mixtral": " The common neighbors of Rhaban Hark and Samuel Madden are: [Ralf Steinmetz, Dominik Stingl, David Hausheer, Christian Gross]."}, "70": {"mixtral": " [Vincent S. Tseng, Jian Pei, Hong Yao, Wen-Hsiang Lu, Shyue-Liang Wang, Jerry Chun-Wei Lin, Kuo-Tung Yang, Tzung-Pei Hong]"}, "71": {"mixtral": " [Rudy Lauwereins]"}, "72": {"mixtral": " [Theodore W. Berger, Roman A. Sandler, Liam Paninski, Jonathan W. Pillow, Uri T. Eden, Vasilis Z. Marmarelis, Robert E. Hampson, Sam A. Deadwyler, R. Barbieri, Val\u00e9rie Ventura, Ray C. C. Cheung, Yao Xin, Eric Y. Hu]"}, "73": {"mixtral": " [Jarmo Harno, Theodoros Rokkas, Thomas Sphicopoulos, Dimitris Varoutas, Dimitris Katsianis]"}, "74": {"mixtral": " [Robbert Jan Beun]"}, "75": {"mixtral": " [Hans-Peter Seidel, Szymon Rusinkiewicz, Hendrik P. A. Lensch, Gordon Wetzstein, Leonard McMillan, Ivo Ihrke, Christian Theobalt, Wojciech Jarosz, Yung-Yu Chuang, Naveed Ahmed, Todd E. Zickler, Qionghai Dai, Yasuyuki Matsushita, Fr\u00e9do Durand, Jinxiang Chai, Bruce Lamond, Tim Hawkins, Craig Donner, Abhijeet Ghosh, Emilio R. Ant\u00fanez, Paul E. Debevec]\n\nPaul E. Debevec and Martin Fuchs have 21 common neighbors in the network. These authors are listed in the answer above."}, "76": {"mixtral": " [Dimitrios S. Nikolopoulos, Hans Vandierendonck, Guy E. Blelloch, Margaret Martonosi, David I. August, Mark D. Hill, Yuanyuan Zhou, Pablo Halpern]"}, "77": {"mixtral": " [Catherine D. Schuman, Adam Disney, John Reynolds]"}, "78": {"mixtral": " [Jordi Inglada, Florent Chatelain, Paolo Gamba]"}, "79": {"mixtral": " [Changqin Quan, Tat-Seng Chua, Yuji Matsumoto, Kentaro Inui, Degen Huang, Fabrizio Sebastiani, Dan Roth, Zheng Yang, Tomas Mikolov, Peter D. Turney, Kazuyuki Matsumoto, Minoru Yoshida, Athanasios V. Vasilakos]"}, "80": {"mixtral": " The common neighbors of Isabella Poggi and Carlo Strapparava in this network are [Fiorella de Rosis, Nicole Novielli]."}, "81": {"mixtral": " The common neighbors of Ross B. Girshick and Bill Triggs are [Luc J. Van Gool, Dong Xu, Hong Liu, Zhenjun Han, Antoni B. Chan]."}, "82": {"mixtral": " [Khalid Saeed]"}, "83": {"mixtral": " [Myoungsoo Jung, John Shalf, Chao Yang, Samuel Williams, Esmond G. Ng, Pieter Maris, James P. Vary]"}, "84": {"mixtral": " The common neighbors of Buon Kiong Lau and Oliver M. Collins in this network are [Keigo Takeuchi, Mikko Vehkapera, Toshiyuki Tanaka, Ralf R. Muller]."}, "85": {"mixtral": " [Ali A. Ghorbani, A. Nur Zincir-Heywood]"}, "86": {"mixtral": " [Yong Wang]"}, "87": {"mixtral": " [Sook Jung, Dorrie Main]"}, "88": {"mixtral": " The common neighbors of Wei Lu and Steven Bethard in this network are [Mirella Lapata, Daniel N. Klein, Philipp Koehn, Michael J. Collins, Xuchen Yao]."}, "89": {"mixtral": " [Charles M. Bachmann, Robert A. Fusina]"}, "90": {"mixtral": " [Christian Ringhofer, Rosanna Manzo, Dieter Armbruster, Peter I. Kogut]"}, "91": {"mixtral": " [Boualem Benatallah, Liusheng Huang, Maude Manouvrier, Yudith Cardinale]"}, "92": {"mixtral": " [Christos Faloutsos]"}, "93": {"mixtral": " [Hermann Ney, Franz Josef Och]"}, "94": {"mixtral": " [Kalyanmoy Deb, Fernando J. Von Zuben, Fabr\u00edcio Olivetti de Fran\u00e7a, T. Meyarivan, Sameer Agarwal, Arlindo L. Oliveira, Jiong Yang]"}, "95": {"mixtral": " [Zolt\u00e1n Szab\u00f3]"}, "96": {"mixtral": " The common neighbors of Yeyi Qin and Yutao Ma in this network are [Bing Li, Weifeng Pan, Jing Liu, Jinhu Lu]."}, "97": {"mixtral": " [Han Bae Kong, Inkyu Lee, Sang Rim Lee, Haewook Park]"}, "98": {"mixtral": " Common neighbors between Ivo Couckuyt and Michael O'Neill: [Dick den Hertog]"}, "99": {"mixtral": " [Hiroshi Ishiguro, Takeo Igarashi, Henrik Sch\u00e4rfe, Ying-Chang Liang, Khaled Ben Letaief, Mohamed-Slim Alouini, H.V. Poor, Sonia Aissa, Mansoor Shafi, Erik G. Larsson, Xibin Xu, Thomas L. Marzetta, Chirag S. Patel, Salam A. Zummo, Viranjay M. Srivastava, K. S. Yadav]"}, "100": {"mixtral": " [Antonija Mitrovic, Kenneth R. Koedinger, Arthur C. Graesser, Valerie J. Shute, Lars Schmidt-Thieme, Ryan Shaun Joazeiro de Baker, Neil T. Heffernan, James C. Lester, Sidney K. D'Mello, Ma. Mercedes T. Rodrigo]"}, "101": {"mixtral": " [Chunming Li]"}, "102": {"mixtral": " [Jun Hu, Xiaohui Liu, Zidong Wang, Huijun Gao, Bo Shen, Xiao He, Li Sheng, James Lam, Ligang Wu, Peng Shi, Daniel W. C. Ho, Steven X. Ding, Bing Chen]"}, "103": {"mixtral": " [Minoru Nakayama]"}, "104": {"mixtral": " [Erdi Aker and Esra Erdem have the following common neighbors: Vladimir Lifschitz, Volkan Patoglu, Torsten Schaub, Martin Gebser, Benjamin Kaufmann, David Rajaratnam, and Andr\u00e9 Neumann]."}, "105": {"mixtral": " [Lars Borin]"}, "106": {"mixtral": " [Cl\u00e9ment Gosselin, Vincent Duchaine, Toru Tsumugiwa, Yanan Li, Angelika Peer, Aude Billard, Kei Hara, Martin Buss, Ryuichi Yokogawa]\n\nHere's the reasoning:\n\n1. Luigi Villani has collaborated with Cl\u00e9ment Gosselin, Vincent Duchaine, Gerd Hirzinger, Bruno Siciliano, Zexiang Li, and Ryuichi Yokogawa.\n2. Ryuichi Yokogawa has collaborated with Cl\u00e9ment Gosselin, Martin Buss, Shuzhi Sam Ge, Yanan Li, Angelika Peer, Aude Billard, Vincent Duchaine, Toru Tsumugiwa, Kei Hara, and Luigi Villani.\n3. Common neighbors between Luigi Villani and Ryuichi Yokogawa are Cl\u00e9ment Gosselin, Vincent Duchaine, Toru Tsumugiwa, Yanan Li, Angelika Peer, Aude Billard, Kei Hara, and Martin Buss.\n4. Note that Ryuichi Yokogawa and Gerd Hirzinger have collaborated indirectly through Luigi Villani, but they have not collaborated directly. Therefore, Gerd Hirzinger is not a common neighbor.\n5. The answer is presented as [Cl\u00e9ment Gosselin, Vincent Duchaine, Toru Tsumugiwa, Yanan Li, Angelika Peer, Aude Billard, Kei Hara, Martin Buss, Ryuichi Yokogawa], where Ryuichi Yokogawa is included to show that he is also a common neighbor, but not in the sense of a direct collaboration."}, "107": {"mixtral": " [Hui Zhang, Dushyanth Narayanan, Zhikui Wang, Qingbo Zhu, Evgenia Smirni, Alma Riska, Yuanyuan Zhou, Ningfang Mi, Lei Tian]"}, "108": {"mixtral": " The common neighbors of Anirban Mahanti and Raymond Lei Xia in this network are: [].\n\nThis is because Anirban Mahanti and Raymond Lei Xia do not have any direct collaborations or common collaborators based on the given research collaborations."}, "109": {"mixtral": " [Mehdi Dehghan]"}, "110": {"mixtral": " [Weili Wu, Hongwei Du, Ding Zhu Du, Guoliang Xue, Xianyue Li, Wonjun Lee, Feng Zou, Donghui Chen]"}, "111": {"mixtral": " Common neighbors between Claude Barras and Alexei A. Efros: [Andrew Zisserman]"}, "112": {"mixtral": " [Mario Piattini, Lars Mathiassen, Tore Dyb\u00e5, D. Ross Jeffery, Nils Brede Moe, Rory V. O'Connor]"}, "113": {"mixtral": " [Martine Collard, George Karypis, Jure Leskovec, Joost N. Kok, Michihiro Kuramochi, M. E. J. Newman, Yang Zhou, Erick Stattner]"}, "114": {"mixtral": " [Keith D. Underwood]"}, "115": {"mixtral": " [Lars Braubach, Catholijn M. Jonker, Maaike Harbers, John-Jules Ch. Meyer, Mehdi Dastani, Emma Norling, Neil Yorke-Smith]"}, "116": {"mixtral": " [Bertrand M. Hochwald]"}, "117": {"mixtral": " [Dariu M. Gavrila, Mubarak Shah, Jitendra Malik, Pascal Fua, Kaiming He, Saad M. Khan, F. Fleuret, Shaoqing Ren, G\u00e9rard G. Medioni, Le Lu, Guoliang Fan]"}, "118": {"mixtral": " The common neighbors of Jiawei Han and Erdal Cayirci are [Christopher Leckie, Marimuthu Palaniswami, Yang Xiao, Jaime Lloret, Brian D. O. Anderson, Ian F. Akyildiz, Xuemin Shen, Yogesh Sankarasubramaniam, Weilian Su, Sutharshan Rajasegarar, Subhash Challa, Maen Takruri]."}, "119": {"mixtral": " [Tim Finin, Youyong Zou, Harry Chen, David Martin, John Keeney, Kevin Feeney]"}, "120": {"mixtral": " [Karl Aberer, Philip S. Yu, Lei Chen, Jian Pei, Bolin Ding, Dimitris Papadias, Jianzhong Li, Christos Faloutsos, M. Tamer \u00d6zsu, Zheng Liu, Caleb Chen Cao, Aditya G. Parameswaran, Leihao Xia, Jiaxu Liu]"}, "121": {"mixtral": " [Byung-In Kim]"}, "122": {"mixtral": " [Yue Wang, Mark A. Musen, Li Zhang, James J. Cimino, Olivier Bodenreider, Anita Burgun, Barry Smith, and Junchuan Xu]"}, "123": {"mixtral": " [Lei Zhang, Xuelong Li, Yide Ma, Zheng-Jun Zha, Shuicheng Yan, Ming-Hsuan Yang, Feiping Nie, Alexander J. Smola, Michael I. Jordan, Ren\u00e9 Vidal, Pascal Fua, Athinodoros S. Georghiades, Andreas Uhl, Anush K. Moorthy]"}, "124": {"mixtral": " [Tarek F. Abdelzaher, David E. Culler, Deborah Estrin, Ramesh Govindan, Andrew T. Campbell, John S. Heidemann, Ian F. Akyildiz, Ozgur B. Akan, Vasos Vassiliou, Charalambos Sergiou, Shane B. Eisenman, Bret Hull]\n\nHere's the reasoning:\n\n1. Badri Nath and Bret Hull have collaborated with the following authors:\n   - Badri Nath: Tarek F. Abdelzaher, David E. Culler, Deborah Estrin, Ramesh Govindan, Andrew T. Campbell, John S. Heidemann, Ian F. Akyildiz, Ozgur B. Akan, Vasos Vassiliou, Kyle Jamieson, Charalambos Sergiou\n   - Bret Hull: Tarek F. Abdelzaher, David E. Culler, Deborah Estrin, Ramesh Govindan, Andrew T. Campbell, Bo Li, Vasos Vassiliou, Shane B. Eisenman\n2. The common neighbors between Badri Nath and Bret Hull are the authors that appear in both lists:\n   - Tarek F. Abdelzaher, David E. Culler, Deborah Estrin, Ramesh Govindan, Andrew T. Campbell, Vasos Vassiliou, Charalambos Sergiou, Shane B. Eisenman\n3. However, we must also consider the collaboration between Bret Hull and Bo Li, which is only indirectly linked to Badri Nath through Andrew T. Campbell. Since Badri Nath and Bret Hull have a connection to a common author (Andrew T. Campbell) who has a collaboration with Bo Li, we can include Bo Li as a common neighbor.\n4. Therefore, the complete list of common neighbors between Badri Nath and Bret Hull is: [Tarek F. Abdelzaher, David E. Culler, Deborah Estrin, Ramesh Govindan, Andrew T. Campbell, John S. Heidemann, Ian F. Akyildiz, Ozgur"}, "125": {"mixtral": " The common neighbors of Jeffrey M. Walls and Alex Cunningham are [Frank Dellaert, Ryan M. Eustice, Wolfram Burgard, Stergios I. Roumeliotis, Hugh F. Durrant-Whyte, Michael Kaess, John J. Leonard, Nicholas Roy, Gaurav S. Sukhatme]."}, "126": {"mixtral": " The common neighbors of Sih-Yu Chen and Hao-I Yang are: [Ming-Hsien Tu, Ching-Te Chuang, Bashir M. Al-Hashimi, Kaushik Roy]."}, "127": {"mixtral": " [Fabio A. Gonz\u00e1lez]"}, "128": {"mixtral": " [Dov M. Gabbay]"}, "129": {"mixtral": " [Paulo Salvador]"}, "130": {"mixtral": " [Yaochu Jin, Albert Orriols-Puig, Dunwei Gong, David E. Goldberg, Eugene Semenkin, Kiyoshi Tanaka]"}, "131": {"mixtral": " [Josep Torrellas, Meeta Sharma Gupta, David Blaauw, Trevor N. Mudge, Dennis Sylvester, Todd M. Austin, David M. Brooks, Wonyoung Kim, Gu-Yeon Wei, Ronald G. Dreslinski, Radu Teodorescu, Vijay Janapa Reddi, Norman P. Jouppi]"}, "132": {"mixtral": " [Michel Riveill, Felix Sch\u00fcssel, Oliver Brdiczka, Patrick Reignier, James L. Crowley, Simon Dobson, Anind K. Dey, Daniel Gatica-Perez, J\u00e9r\u00f4me Maisonnasse, Diane J. Cook, Mohan M. Trivedi]"}, "133": {"mixtral": " [Tanja Schultz, Alex Waibel, Andreas Stolcke, Sebastian St\u00fcker, Christian F\u00fcgen, Florian Kraft, Matthias W\u00f6lfel, John W. McDonough]"}, "134": {"mixtral": " [Susan Stepney, Stephen L. Smith, Andy M. Tyrrell, Luis A. Fuente, Michael A. Lones, Alexander P. Turner, Leo S. D. Caves, David M. Halliday]"}, "135": {"mixtral": " The common neighbors of Jorge L\u00f3pez and Richard Socher in this network are: [Gaowei Wu, Xueqi Cheng, Andrew Y. Ng, Yoshua Bengio]."}, "136": {"mixtral": " [U. Rajendra Acharya, Jasjit S. Suri]"}, "137": {"mixtral": " [Cyril Brom]"}, "138": {"mixtral": " [Jon Whittle, Mary Hegarty, Daesub Yoon]"}, "139": {"mixtral": " [Katia P. Sycara, Mary L. Cummings, Huadong Wang, Raja Parasuraman]"}, "140": {"mixtral": " [Christoph Steinbeck, Peter Murray-Rust, Robert M. Hanson]"}, "141": {"mixtral": " The common neighbors of Sanjay Krishnan and Kaijen Hsiao in this network are: [Mark R. Cutkosky, Robert W. Lindeman, Peter K. Allen, Ashutosh Saxena, Ken Goldberg, Pieter Abbeel, Dmitry Berenson, Nancy S. Pollard, Matei T. Ciocarlie, Stefan Schaal, Ludovic Righetti, James J. Kuffner]."}, "142": {"mixtral": " [Jun-Hong Cui, Hari Balakrishnan, Mohammad S. Obaidat, Anantha P. Chandrakasan, Yuguang Fang, Tommaso Melodia]"}, "143": {"mixtral": " The common neighbors of Bo Fan and Kun Yang are [Yan Zhang, Qin Yu, Rui Zhang, Elza Erkip, Kaibin Huang, Supeng Leng, Sennur Ulukus, Osvaldo Simeone]."}, "144": {"mixtral": " [Shuzhong Zhang]"}, "145": {"mixtral": " [Huaping Chen, Matthew K. O. Lee, Christy M. K. Cheung, Young-Gul Kim, Dimple R. Thadani, Anol Bhattacherjee]"}, "146": {"mixtral": " [Michael G. Hinchey]"}, "147": {"mixtral": " [Tsvi Kuflik, Tim Kindberg]"}, "148": {"mixtral": " [Joachim Weickert, Luc Florack, Nicholas Ayache, Snehashis Roy, Mads Nielsen, Bram van Ginneken, Stephen M. Smith, Frans Kanters, Yakov Keselman, B.M. ter Haar Romeny, Frank-Erik de Leeuw, Krystian Mikolajczyk, M. Fatih Demirci]"}, "149": {"mixtral": " [Hong Jiang, David G. Andersen, Dan Feng, Ethan L. Miller, Garth R. Goodson, Nong Xiao, Xubin He, Changsheng Xie, Darrell D. E. Long, Fred Douglis, Bo Mao, Qi Zhang, Cezary Dubnicki, Jianxi Chen, Mark W. Storer, Yun Yang]"}, "150": {"mixtral": " [Tomi Kinnunen, Ibon Saratxaga, Eng Siong Chng]"}, "151": {"mixtral": " [Gunnar Stevens, Volker Wulf, Volkmar Pipek, Alexander Boden]"}, "152": {"mixtral": " [Wen Gao, Marcelo Schiavon Porto, Luciano Volcan Agostini, Thomas Wiegand, Gary J. Sullivan, Yu-Wen Huang]"}, "153": {"mixtral": " [Xiaoxiong Xiong, Vincent V. Salomonson, Junqiang Sun, William L. Barnes, Bruce Guenther]"}, "154": {"mixtral": " The common neighbors of Thomas Dera and Erich Schneider in this network are [Klaus Bartl]."}, "155": {"mixtral": " The common neighbors of Richard G. Baraniuk and Chris Piech in this network are [Kenneth R. Koedinger, Mung Chiang, Christopher G. Brinton]."}, "156": {"mixtral": " [Jeffrey Heer, Fernanda B. Vi\u00e9gas, Martin Wattenberg, Petra Isenberg, Tamara Munzner]"}, "157": {"mixtral": " The common neighbors of Shingo Nagakura and James Davis in this network are [Ryo Kurazume, Yumi Iwashita]."}, "158": {"mixtral": " [Alexander Zelikovsky, Volker Roth, Ion I. Mandoiu, Niko Beerenwinkel]"}, "159": {"mixtral": " [Bhaskar Krishnamachari, Yang Li, Wenjing Lou, Venugopal V. Veeravalli, Mario Bkassiny, Sudharman K. Jayaweera, Qing Zhao, Chittabrata Ghosh, Adnan Gavili]"}, "160": {"mixtral": " [Lei Zhang, Josef Kittler, Yoshua Bengio, Xilin Chen, Roberto Cipolla, Hakan Cevikalp, Marios Savvides, Ruiping Wang, Ajmal S. Mian, Muhammad Uzair]"}, "161": {"mixtral": " [Kyunghyun Cho, Yoshua Bengio, Ilya Sutskever, Ruslan Salakhutdinov, Christopher D. Manning, Steve J. Young, Tomas Mikolov, Dzmitry Bahdanau, Greg Corrado, Wai Lam, Shiliang Sun, Lei Wang, Tong Wang, Razvan Pascanu, Oladimeji Farri]"}, "162": {"mixtral": " [Jacques Palicot, Christophe Moy]"}, "163": {"mixtral": " The common neighbors of Yuansong Qiao and Matthew J. B. Robshaw are [Lars R. Knudsen, Sean Murphy, Nicolas T. Courtois, Sylvain Guilley, Ingrid Verbauwhede, Philip Perry, Gabriel-Miro Muntean]."}, "164": {"mixtral": " [Pedro L\u00f3pez-Garc\u00eda 0001, John P. Gallagher, Manuel V. Hermenegildo]"}, "165": {"mixtral": " The common neighbors of Georgios B. Giannakis and Frank R. Kschischang in this network are: [Tao Jiang, Shlomo Shamai, Dongning Guo, Jiunn-Tsair Chen]."}, "166": {"mixtral": " [Stephan Aier, Teodor Sommestad, Robert Winter, Tamara Dinev, Sjouke Mauw, Kai Fischbach, Pontus Johnson, Johan Ullberg, Ulrik Franke, Khurram Shahzad, Florian Matthes, Sabine Buckl, S. Roth, Christian M. Schweda, Detlef Schoder, Alan MacCormack, Xinming Ou, Allen C. Johnston, Matus Korman, Daniel J. Ryan, Paul Ralph]"}, "167": {"mixtral": " [Elias N. Zois, Constantin Papaodysseus, Andreas Schlapbach, Panayiotis Rousopoulos]"}, "168": {"mixtral": " [Hans-Peter Seidel, Markus H. Gross, Yutaka Ohtake, Alexander G. Belyaev, Jo\u00e3o Paulo Gois, Daniel Cohen-Or, Greg Turk]"}, "169": {"mixtral": " [Gerhard Weikum, George Karypis, Andrew McCallum, Christopher D. Manning, Tom M. Mitchell, Anil K. Jain, Xiaogang Wang]"}, "170": {"mixtral": " [Sivaji Bandyopadhyay, Fernando Pereira, Mark Johnson, Ryan T. McDonald, Volkan Cirik]"}, "171": {"mixtral": " [Vladimir Filkov, Laura Dabbish, James D. Herbsleb, Arie van Deursen]"}, "172": {"mixtral": " [Abdollah Kavousi-Fard]"}, "173": {"mixtral": " [Takeo Kanade]"}, "174": {"mixtral": " [Wei Wang]"}, "175": {"mixtral": " [Giuseppe De Giacomo, Maurizio Lenzerini, Yannis E. Ioannidis]"}, "176": {"mixtral": " [Sanja Petrovic, Ben Paechter, Greet Vanden Berghe, Rong Qu, Jin-Kao Hao, Gabriela Ochoa, Michel Gendreau, Tom\u00e1\u0161 M\u00fcller, Matthew R. Hyde, Barry McCollum, Teodor Gabriel Crainic, Jorge Alberto Soria-Alcaraz, Santiago Enrique Conant-Pablos, Mart\u00edn J. Lillo Carpio]"}, "177": {"mixtral": " [Kevin Warwick]"}, "178": {"mixtral": " [Boyana Norris, Jack Dongarra, Victor Eijkhout, George Bosilca, Sathish S. Vadhiyar, Piotr Luszczek, Julien Langou, Graham E. Fagg, Zizhong Chen, Yuepeng Deng, Osman Yasar, Antoine Petitet, D. Saltz]"}, "179": {"mixtral": " [R\u00fcdiger Westermann, Pascal Volino, Hyeong-Seok Ko]"}, "180": {"mixtral": " [Sven Groppe, Jinghua Groppe, Dan Suciu, Minos N. Garofalakis, Christoph Koch, Haixun Wang, Hui Wang, Nektarios Gioldasis, Nikos Bikakis, Sven Groppe, Georg Gottlob, Carlo Zaniolo, Jinghua Groppe]\n\nHere's the reasoning:\n\n1. Dirk Kukulenz collaborates with the following authors: Sven Groppe, Stavros Christodoulakis, Nektarios Gioldasis, Chrisa Tsinaraki, Nikos Bikakis.\n2. Chee Yong Chan collaborates with the following authors: Minos N. Garofalakis, Stefan B\u00f6ttcher, Sven Groppe, Christoph Koch, Haixun Wang, Jinghua Groppe, Dan Suciu.\n3. The common neighbors between Dirk Kukulenz and Chee Yong Chan are the authors that appear in both lists:\n   - Sven Groppe\n   - Haixun Wang\n   - Jinghua Groppe\n   - Dan Suciu\n   - Minos N. Garofalakis\n   - Christoph Koch\n   - Nektarios Gioldasis\n   - Nikos Bikakis\n   - Georg Gottlob\n   - Carlo Zaniolo\n4. Note that Georg Gottlob and Carlo Zaniolo are repeated in the original lists, but they are only counted once in the final answer.\n5. The answer is presented as a list of author names: [Sven Groppe, Jinghua Groppe, Dan Suciu, Minos N. Garofalakis, Christoph Koch, Haixun Wang, Hui Wang, Nektarios Gioldasis, Nikos Bikakis, Georg Gottlob, Carlo Zaniolo]."}, "181": {"mixtral": " [Antonella Ferrara, Gian Paolo Incremona, Thierry Floquet, Paulo Tabuada, Lorenza Magnani, Leonid Fridman, Mara Tanelli, Francesco Dinuzzo, Elio Usai, Arie Levant, Alessandro Pisano, Luca Massimiliano Capisani, Antonella Ferrara, Christopher Edwards, Franck Plestan, Junmin Wang, Silvia Siri, Simona Sacone, Alessandro Martinelli, Claudio Vecchio]\n\nHere's the reasoning:\n\n1. Gian Paolo Incremona and Antonella Ferrara have direct collaborations with each other.\n2. They also have direct collaborations with the following authors: Thierry Floquet, Paulo Tabuada, Lorenza Magnani, Leonid Fridman, Mara Tanelli, Francesco Dinuzzo, Elio Usai, Arie Levant, Alessandro Pisano, Luca Massimiliano Capisani, Christopher Edwards, Franck Plestan, Junmin Wang, Silvia Siri, Simona Sacone, Alessandro Martinelli, and Claudio Vecchio.\n3. Therefore, the common neighbors of Gian Paolo Incremona and Antonella Ferrara are the authors listed above."}, "182": {"mixtral": " [Andrzej Ruszczynski]"}, "183": {"mixtral": " [Cynthia Dwork, Johannes Gehrke, Wenliang Du]"}, "184": {"mixtral": " [Hiroshi Saruwatari, Joon-Hyuk Chang, Nam Soo Kim]"}, "185": {"mixtral": " The common neighbors of Samuel Madden and Michael Daum are [Gerhard Weikum, Bernhard Seeger, Nesime Tatbul, Mitch Cherniack, Klaus Meyer-Wegener, Daniel J. Abadi]."}, "186": {"mixtral": " The common neighbors of Yotaro Watanabe and Marco Saerens are [Yuji Matsumoto, Kentaro Inui]."}, "187": {"mixtral": " [Wouter Joosen, Fabio Massacci, Nicola Zannone, Guttorm Sindre, Eric S. K. Yu, Riccardo Scandariato, Andreas L. Opdahl]"}, "188": {"mixtral": " [G. Allan Johnson]"}, "189": {"mixtral": " [Harald Steck, Juha Siev\u00e4nen, O. Abdullah]"}, "190": {"mixtral": " The common neighbors of Fu-Guo Deng and L. Zhou are [Zhou L, Yu-Bo Sheng]."}, "191": {"mixtral": " The common neighbors of Patrick J. Flynn and Peter M. Roth are [Wangmeng Zuo, Takafumi Aoki, Anil K. Jain, Koichi Ito, Koji Kobayashi]."}, "192": {"mixtral": " The common neighbors of Geovan Tavares and Michael Wand in this network are: [H\u00e9lio Lopes, Matthias M\u00fcller, Marc Alexa]."}, "193": {"mixtral": " [Weisi Lin, Michele A. Saad, Alan C. Bovik, Zhou Wang, Christophe Charrier, Anish Mittal, Litong Feng, Hamid Rahim Sheikh, Marco Carli, Patrick Ndjiki-Nya, Rajiv Soundararajan, Barry Evan, Michel Barlaud]"}, "194": {"mixtral": " [Arash Arami, Kamiar Aminian]"}, "195": {"mixtral": " The common neighbors of Cheng-Yen Lin and Shau-Yin Tseng in this network are [Jenq Kuen Lee]."}, "196": {"mixtral": " [Markus Rupp]"}, "197": {"mixtral": " [Mark Harman]"}, "198": {"mixtral": " [Ian Dobson, B.A. Carreras, David E. Newman]"}, "199": {"mixtral": " [Uwe Aickelin, Peer-Olaf Siebers, Grazziela P. Figueredo]"}, "200": {"mixtral": " [Minseok Song]"}, "201": {"mixtral": " [Sudhakar M. Reddy, Mohammad Tehranipoor, Janusz Rajski, Daniele Rossi, Xiaoqing Wen, Jerzy Tyszer, Grzegorz Mrugalski, Benoit Nadeau-Dostie, Martin Omana, Friedrich Hapke, Hideo Fujiwara, Harald P. E. Vranken, Carl Barnhart, Chandrasekharan (Chandra) Tirumurti, Nilanjan Mukherjee]"}, "202": {"mixtral": " [Shrikanth Narayanan, Honglak Lee]"}, "203": {"mixtral": " The common neighbors of Keiichiro Oura and Antti Suni are [Takashi Masuko, Daniel Erro, Tomoki Toda, Keiichi Tokuda, Takashi Nose, Junichi Yamagishi]."}, "204": {"mixtral": " [David Gregg]"}, "205": {"mixtral": " [Atulya K. Nagar, Petr Sos\u00edk, K. G. Subramanian]"}, "206": {"mixtral": " [Horacio Franco]"}, "207": {"mixtral": " [Ed Grochowski, Glenn Reinman, Onur Mutlu, Rakesh Kumar, Yale N. Patt]"}, "208": {"mixtral": " [Roger Wattenhofer, David Peleg, Christoph Lenzen, Fabian Kuhn]"}, "209": {"mixtral": " [Chien-Chern Cheah]"}, "210": {"mixtral": " The common neighbors of \u00cd\u00f1igo Goiri and O. Smirnova in this network are: [Achim Streit, Mathieu Jan, Marko Niinim\u00e4ki, A. Waananen, Dieter Kranzlm\u00fcller, Luming Zhang, P\u00e9ter Kacsuk, Dick H. J. Epema, Erik Elmroth, Alexandru Iosup, Thomas Sandholm, Laurence Field]."}, "211": {"mixtral": " [Valmi Dufour-Lussier, Jean Lieber]"}, "212": {"mixtral": " [Hai Li, Weisheng Zhao, Jisu Kim, Seong-Ook Jung, Byungkyu Song, Taehui Na]"}, "213": {"mixtral": " [S\u00e9bastien Le Beux, Kotb Jabeur, Giovanni De Micheli, Fabien Clermidy]"}, "214": {"mixtral": " [Jeng-Shyang Pan, Chin-Chen Chang, Chwei-Shyong Tsai, Heung-Kyu Lee]"}, "215": {"mixtral": " [Jian Zhang, Shaoyong Lu, Qiancheng Shen, Wenkang Huang, Guo-Qiang Chen, Linkai Mou, Zhongjie Chen, Xinyi Liu, Lv Geng]"}, "216": {"mixtral": " [John Kubiatowicz, Brad Calder, Dhruba Borthakur, Jiwu Shu, Pengfei You]"}, "217": {"mixtral": " [Baba C. Vemuri, Carl-Fredrik Westin, Rachid Deriche, Yogesh Rathi, Maxime Descoteaux, Evren \u00d6zarslan, M. Okan Irfanoglu, Timothy M. Shepherd, Cheng Guan Koay, Peter J. Basser]"}, "218": {"mixtral": " [Mohamed-Slim Alouini, Jung-Ryun Lee, Hesham Arafat, Hari Balakrishnan, Krishna M. Sivalingam, Yakim Y. Mihov, Genaro Hernandez-Valdez, Kiril Kassev, Adriana Kalaydzhieva, Boris Tsankov]"}, "219": {"mixtral": " [Dong Wang, Xiaofei He, Furao Shen, Jinxi Zhao]"}, "220": {"mixtral": " [Stefan Nickel, Juan A. Mesa, Jean-Fran\u00e7ois Cordeau, Francisco A. Ortega, \u00c1ngel Mar\u00edn, Ricardo Garc\u00eda-R\u00f3denas, Alicia De-Los-Santos, David Canca]"}, "221": {"mixtral": " The common neighbors of Min-Feng Zhu and Hong\u2011Yu Miao are: [Dong-Sheng Cao, Qing-Song Xu]."}, "222": {"mixtral": " [David Angeli, James B. Rawlings, Eduardo F. Camacho, Rishi Amrit]"}, "223": {"mixtral": " [Chen Ding, Feng Mao, Hao Luo, Jacob Brock, Xipeng Shen, David A. Padua, Trishul M. Chilimbi, Kai Tian, Yunlian Jiang, Eddy Z. Zhang, Yutao Zhong, Yaoqing Gao, Xiaoya Xiang]"}, "224": {"mixtral": " [Eduardo Santana de Almeida, Alexandre Alvaro, Silvio Romero de Lemos Meira, Renata Pontin de Mattos Fortes, Vinicius Cardoso Garcia, Daniel Lucr\u00e9dio, Marcus A. Rothenberger, E.S. de Almeida, Jorge Cl\u00e1udio Cordeiro Pires Mascena, Kevin J. Dooley]"}, "225": {"mixtral": " [Pietro Perona, George Bebis, Mohan M. Trivedi, Ronald Miller, Zehang Sun, Shuicheng Yan]"}, "226": {"mixtral": " The common neighbors of Szabolcs Rozsnyai and Magdalena Balazinska in this network are: [Stan Zdonik, Mitch Cherniack, Wei Hong, Kristi Morton]."}, "227": {"mixtral": " [Fariborz Jolai, S. A. Torabi, M. Zandieh, Bahman Naderi, Mohammad Mahdi Paydar, Nima Safaei, Armaghan Heidarzade, Babak Javadi, Behrang Bootaki, Maghsud Solimanpur, Nikbakhsh Javadian, Iraj Mahdavi]"}, "228": {"mixtral": " [Shuicheng Yan, Wei Wang, Qiang Yang, Sungyoung Lee, Yi Pan, Yue Wang, Xiang Wan, Hong Xue, Bertil Schmidt, Lars Wienbrandt, Guixia Liu, Weichuan Yu, C. Yang, Sanguthevar Rajasekaran, Lingtao Su]"}, "229": {"mixtral": " [Laxmikant V. Kal\u00e9, Yong Zhao, Eduardo S. Ogasawara, Marta Mattoso, Ian T. Foster, Jia Yu, Abhinav Bhatele, Fernanda Araujo Bai\u00e3o, Daniel S. Katz, Kary A. C. S. Oca\u00f1a, Jonas Dias, Justin M. Wozniak, Gaurang Mehta, Edward Walker, Miron Livny]"}, "230": {"mixtral": " [Juan M. S\u00e1nchez-P\u00e9rez, Hyunseung Choo, Keyao Zhu, Kin-Hong Lee, \u00c1lvaro Rubio-Largo, Biswanath Mukherjee, Pavel A. Pevzner, Martin Tompa]"}, "231": {"mixtral": " The common neighbors of Alissa Nicole Antle and Alethea L. Blackler in this network are [J\u00f6rn Hurtienne, Johann Habakuk Israel]."}, "232": {"mixtral": " The common neighbors of Jos\u00e9 M. Sebasti\u00e1n and Fran\u00e7ois Chaumette are: [Alberto Traslosheros, Daniele Fontanelli, Kazuhito Yokoi, Ning Xi, Seth Hutchinson, Vicent Girb\u00e9s, Zhao Wang, Gustavo Arechavaleta, Alberto Traslosheros, Marie Babel, Moslem Kazemi, Shankar Sastry, Gaurav S. Sukhatme, Baoquan Li]."}, "233": {"mixtral": " [Makoto Ikeda, Leonard Barolli, Fatos Xhafa, Keita Matsuo, Tetsuya Oda, Shinji Sakamoto]"}, "234": {"mixtral": " [Martin Lukasiewycz]"}, "235": {"mixtral": " [Cristina Urdiales, F. Sandoval]"}, "236": {"mixtral": " [Wolfram Burgard, An\u00edbal Ollero, Matthijs T. J. Spaan, Alexandre Bernardino, Maja J. Matari\u0107, Sebastian Thrun, Hugh F. Durrant-Whyte, Richard Bowden, Juan Andrade-Cetto]"}, "237": {"mixtral": " [Zhu Han, Yusheng Ji, Behnaam Aazhang, Dong In Kim, Yuguang Fang, Hiroshi Harada, Hannes Hartenstein, Alexander M. Haimovich, Andrew Sendonaris, Haobing Wang]"}, "238": {"mixtral": " [Fabio Neri]"}, "239": {"mixtral": " [Petri Mahonen, Piet Demeester, Ingrid Moerman, Nancy Alonistioti, Luiz A. DaSilva, Panagiotis Demestichas, George Mastorakis, Athina Bourdena, Evangelos Pallis, Jordi P\u00e9rez-Romero, Ram\u00f3n Agust\u00ed, Oriol Sallent, Qian Zhang, Yi Shi, Madhav V. Marathe, Tracy Camp, L.A. DaSilva, Milos Rovcanin]"}, "240": {"mixtral": " [John S. Heidemann, Deborah Estrin, Philip Levis, Jason L. Hill, Robert Szewczyk, Wei Ye, Jennifer C. Hou, Chenyang Lu, Tarek F. Abdelzaher, Marko H\u00e4nnik\u00e4inen, Timo D. H\u00e4m\u00e4l\u00e4inen, Jukka Suhonen, Ville Kaseva]"}, "241": {"mixtral": " [Peter M. W. Knijnenburg, David B. Whalley, Devika Subramanian, Michael R. Jantz]"}, "242": {"mixtral": " [Chenglin Zhao]"}, "243": {"mixtral": " [Vincent S. Tseng, Qiang Yang, Wang-Chien Lee, Ning Zhong, Zhiang Wu, Jiawei Han, Yu Zheng, Wei-Ying Ma, Xing Xie, Mohamed F. Mokbel, Jiajin Huang, Defu Lian, Tanusri Bhattacharya, Haiqin Yang, Ling-Yin Wei]"}, "244": {"mixtral": " [Srikumar Venugopal, Kotagiri Ramamohanarao, Ian T. Foster, Robert Morris, Seonho Kim, Mohamed Othman, Hamidah Ibrahim, Xiaolin Li, Shamala Subramaniam, Monir Abdullah]"}, "245": {"mixtral": " [Lisbeth Buschk\u00fchl, Bernardo Almada-Lobo, Leyuan Shi, Paulo Morelato Fran\u00e7a, Claudio Fabiano Motta Toledo]"}, "246": {"mixtral": " [Wendy W. Chapman, Christopher D. Manning, \u00d6zlem Uzuner]"}, "247": {"mixtral": " [Tor Helleseth, Pascale Charpin]"}, "248": {"mixtral": " [Anil K. Jain, Andreas Uhl, Nalini K. Ratha, Karthik Nandakumar, Arun Ross, Dimitrios Hatzinakos, Davide Maltoni, Dario Maio]"}, "249": {"mixtral": " [Guoqiang Wang, Liqun Qi, Tam\u00e1s Terlaky, V. Jeyakumar, Jein Shan Chen, Immanuel M. Bomze, C. Roos, Mirjam D\u00fcr, Hongwei Liu, Changhe Liu, M. El Ghami, Manuel V.C. Vieira, M. Zangiabadi]"}, "250": {"mixtral": " [Jiawei Han, Ting Chen, Christos Faloutsos, Max Welling, Cecilia Mascolo, Michael R. Lyu, Jian Yang, Alberto E. Cerpa, Jos\u00e9 Ant\u00f4nio Fernandes de Mac\u00eado, Baogang Wei, Bradley Malin]"}, "251": {"mixtral": " [Thomas Moscibroda, David Gurney]"}, "252": {"mixtral": " [Rick S. Blum, Alexander M. Haimovich, Joel A. Tropp, Ning Zhang, Dong In Kim, Andrea Conti, Kai-Kit Wong, Gan Zheng, David Tse]"}, "253": {"mixtral": " [Siyuan Liu, Francesco Calabrese] have no direct collaborations, but they have common neighbors. The common neighbors of Siyuan Liu and Francesco Calabrese are: [Wei Chen, Lionel M. Ni, Gennady L. Andrienko, Natalia V. Andrienko, Daqing Zhang, Daniel A. Keim, Wenchao Wu, Min Lu, Xiaoru Yuan, Zuchao Wang]."}, "254": {"mixtral": " [Deborah L. McGuinness, Jens Lehmann, Thomas Steiner, Siegfried Handschuh, Xin Wang, Bernhard Haslhofer, Aidan Hogan]"}, "255": {"mixtral": " The common neighbors of Ross B. Girshick and Abdel-rahman Mohamed in this network are [Hui Zhang, Geoffrey E. Hinton, Li Deng, Yoshua Bengio, Alex Krizhevsky, J\u00fcrgen Schmidhuber, Ilya Sutskever, Ruslan Salakhutdinov, Minh N. Do, Andrew Zisserman]. \n\nSo, the answer is: [Hui Zhang, Geoffrey E. Hinton, Li Deng, Yoshua Bengio, Alex Krizhevsky, J\u00fcrgen Schmidhuber, Ilya Sutskever, Ruslan Salakhutdinov, Minh N. Do, Andrew Zisserman]."}, "256": {"mixtral": " [Filipe Araujo, Naghmeh Ivaki]"}, "257": {"mixtral": " The common neighbors of Bartek Wilczy\u0144ski and Andr\u00e9 Fujita are: [Satoru Miyano, K. M. Kojima, Carlos Eduardo Thomaz, Jo\u00e3o Ricardo Sato, Daniel Rueckert, Korbinian Strimmer, Mingzhou Ding, Alexandre G. Patriota, Humberto Miguel Garay-Malpartida, Mari Cleide Sogayar]."}, "258": {"mixtral": " The common neighbors of Andrzej S. Jusczyzck and Terry M. Peters in this network are [Philip J. Edwards, John B. Moore]."}, "259": {"mixtral": " [Lei Zhang, Michael F. Cohen]"}, "260": {"mixtral": " [Jacob Buur, Margot Brereton]"}, "261": {"mixtral": " The common neighbors of Chenyang Yang and Zygmunt J. Haas in this network are: [Stefano Buzzi, Gunther Auer]."}, "262": {"mixtral": " The common neighbors of Lihe Zhang and Trevor Darrell in this network are: [Dacheng Tao, Ming-Hsuan Yang, Shuicheng Yan, Xuelong Li, Haibin Ling, Heng Huang, Jun Zhang, Weisi Lin, Yi Ma, Andrew Zisserman, Tao Xiang, Jianping Shi, Alexandros Iosifidis, Piotr Doll\u00e1r, Wen Wu, Xiang Ruan]."}, "263": {"mixtral": " [Zuzana Cernekova, Jian Yang, Xindong Wu, Jeng-Shyang Pan, Aris Gkoulalas-Divanis, Anastasios Tefas, Ioannis Pitas, Shyue-Liang Wang]"}, "264": {"mixtral": " [Carlo Cecati, Bin Wu, K. Gopakumar, Jorge Pontt, Jose Rodriguez, Steffen Bernet, Leon M. Tolbert, Samir Kouro, Jose I. Leon]"}, "265": {"mixtral": " [Christof Monz, Hermann Ney, Marcello Federico, Franz Josef Och, Philipp Koehn, Christopher D. Manning, Srinivas Bangalore, Andy Way, Daniel Marcu, Sandipan Dandapat, Richard M. Schwartz, Pavel Pecina, Joern Wuebker, Yanjun Ma, Stephan Vogel, Omar F. Zaidan, Stephan Peitz]"}, "266": {"mixtral": " [Randall Davis, Lisa Anthony, Tevfik Metin Sezgin, Thomas F. Stahovich, Levent Burak Kara]"}, "267": {"mixtral": " [Ronen I. Brafman]"}, "268": {"mixtral": " [Francisco J. Pino, Rory V. O'Connor, Claude Y. Laporte, Mario Piattini]"}, "269": {"mixtral": " [Hideya Kawaji, Alistair R. R. Forrest]"}, "270": {"mixtral": " [Wei Zhang, Xinpeng Zhang, Min Wu, Kwok-Wo Wong, Enrico Magli, Jiantao Zhou, Leo Yu Zhang, Yicong Zhou, Terence Tao]"}, "271": {"mixtral": " The common neighbors of Georgios B. Giannakis and William A. Gardner in this network are: [Merouane Debbah, Nihar Jindal, Philippe Loubaton, Yonina C. Eldar, Antonio Napolitano, Erchin Serpedin, David Gesbert, Giacinto Gelli, Kai-Kit Wong, Sergio Verdu, Zhi Ding, Xiqi Gao, Symeon Chatzinotas, Syed Ali Jafar, Michael L. Honig, Matthew R. McKay]."}, "272": {"mixtral": " [Martin Rehak, Michal Pechoucek, Nicholas R. Jennings, Eug\u00e9nio C. Oliveira, Michal P\u011bchou\u010dek]\n\nHere's the reasoning:\n\nJan To\u017ei\u010dka has collaborated with Michal P\u011bchou\u010dek, Martin Rehak, and Nicholas R. Jennings. Michal P\u011bchou\u010dek has collaborated with all the authors he shares connections with, including Jan To\u017ei\u010dka, Martin Rehak, and Nicholas R. Jennings. Additionally, Michal P\u011bchou\u010dek has collaborated with Eug\u00e9nio C. Oliveira, who has collaborated with Sarvapali D. Ramchurn, but none of the other authors form a collaboration with Sarvapali D. Ramchurn, so we can exclude him. Therefore, the common neighbors of Jan To\u017ei\u010dka and Michal P\u011bchou\u010dek are Martin Rehak, Nicholas R. Jennings, Eug\u00e9nio C. Oliveira, and Michal P\u011bchou\u010dek himself."}, "273": {"mixtral": " The common neighbors of Kayvan Kousha and Per Ahlgren are: [Ludo Waltman, Dangzhi Zhao, Andreas Strotmann, Nees Jan van Eck]."}, "274": {"mixtral": " [Lu\u00eds Carri\u00e7o, Ravin Balakrishnan, Bruce H. Thomas, Jennifer Mankoff, Bj\u00f6rn Hartmann, Scott R. Klemmer, Haoqi Zhang, Michael S. Bernstein]"}, "275": {"mixtral": " [Guangwen Yang, Xiaomeng Huang, Haohuan Fu, Chao Yang, Wei Xue]"}, "276": {"mixtral": " [Hans-Peter Seidel, R\u00fcdiger Westermann, Carsten Dachsbacher, Ulf Assarsson, Fr\u00e9do Durand, Erik Sintorn]"}, "277": {"mixtral": " [Sonja Utz, Patric R. Spence, Kenneth A. Lachlan, Xialing Lin, Brandon Van Der Heide]"}, "278": {"mixtral": " [Julio Abascal, Jean Vanderdonckt, Myriam Arrue]"}, "279": {"mixtral": " [Dan Boneh, Guojun Wang, Nina Bhatti, Xiaodong Lin, Anna Bouch, Allan Kuchinsky]"}, "280": {"mixtral": " [Paolo Braca, Peter Willett, Wolfgang Koch, Roland Romeiser, Xiaofeng Li, Karl Granstrom, Michele Vespe, Weimin Huang, Eric W. Gill, Susanne Lehner, Hans C. Graber, Frank M. Monaldo, Rasmus T. Tonboe, Maurizio Migliaccio, William G. Pichel, Helmut Schiller, Thomas K\u00f6nig, Biao Zhang]"}, "281": {"mixtral": " [Jeffrey S. Vetter, Dhabaleswar K. Panda, Pete Wyckoff, Wei Huang, Jiuxing Liu, Matthew J. Koop, Hai Jin, Mingzhe Li, Mohammad Arjomand, Tomohiro Kudoh, Xiaoyi Lu, David Ml Brown]"}, "282": {"mixtral": " [Bin Hu, G\u00fcnther R. Raidl, Petrina Papazek]"}, "283": {"mixtral": " [Hong An, Yaobin Wang, Zhiqin Liu]"}, "284": {"mixtral": " The common neighbors of Bashir Ahmad and Radim Blaheta in this network are: [Owe Axelsson, Jinde Cao, Ondrej Jakl, Roman Kohut, Ji\u0159\u00ed Star\u00fd, Zhi-Hao Cao, Petr Byczanski, Johannes Kraus, Josef Synka, Tom\u00e1\u0161 Kozubek, Svetozar Margenov]."}, "285": {"mixtral": " [David E. Culler, Kaisheng Ma, Yuan Xie, Muhammad Shoaib, Cong Xu, Deborah Estrin, Huazhong Yang]"}, "286": {"mixtral": " [Wei Liu, Qi Tian, John R. Smith, Tat-Seng Chua, Chong-Wah Ngo, Xin Chen, Mohan S. Kankanhalli, Yu-Gang Jiang, Xian-Sheng Hua, Hong-Jiang Zhang, Marcel Worring, Alan F. Smeaton, Ricardo da Silva Torres, Zhigang Ma]"}, "287": {"mixtral": " [Bernhard Steffen, Tiziana Margaria]"}, "288": {"mixtral": " [J. C. Cort\u00e9s, L. Villafuerte, Lucas J\u00f3dar, M.-D. Rosell\u00f3, Benito M. Chen-Charpentier]"}, "289": {"mixtral": " [Dieter Kratsch, Ton Kloks, Martin Charles Golumbic, Maw-Shang Chang, Sang-il Oum, Michel Habib, Van Bang Le, Petr A. Golovach, Udi Rotics, Christophe Paul]"}, "290": {"mixtral": " The common neighbors of Quang Do and Ben Martini in this network are: [Jiankun Hu, Rongxing Lu, Kim-Kwang Raymond Choo, Yuval Elovici, Christian D'Orazio, Phuong Nguyen, Umer Naeem, Muhammad Adeel Zaffar]."}, "291": {"mixtral": " [Vivek Sarkar, Ion Stoica, Michael D. Bond, Josep Torrellas]"}, "292": {"mixtral": " [Enrico Gobbetti, Roberto Scopigno, Fabio Marton, J.-A. Beraldin, F. Blais]"}, "293": {"mixtral": " [Kiyotaka Uchimoto, Martin Chodorow, Joel R. Tetreault, Ryo Nagata]"}, "294": {"mixtral": " [Gerardo Canfora, Andrea De Lucia, Rocco Oliveto, David Lo, Christoph Treude, Yann-Ga\u00ebl Gu\u00e9h\u00e9neuc, Massimiliano Di Penta, Gabriele Bavota, Lionel C. Briand, Foutse Khomh, Michele Lanza]"}, "295": {"mixtral": " [Wilhelm Hasselbring, Florian Fittkau]"}, "296": {"mixtral": " [Steffen Staab, Diego Calvanese, Chin-Wan Chung, Oscar Romero, Ladjel Bellatreche, Boris Motik, Gregory Karvounarakis, Jeen Broekstra, Yamine Ait-Ameur, St\u00e9phane Jean]"}, "297": {"mixtral": " [Tong Zhang, Cong Xu, Kaushik Roy, Yiran Chen, Hai Li, Vijaykrishnan Narayanan, Onur Mutlu, Mehdi Baradaran Tahoori, Kevin Skadron, Shih-Lien Lu, Xiangyu Dong, Yaojun Zhang, Wujie Wen]"}, "298": {"mixtral": " [Petar Popovski, Jeffrey G. Andrews, Theodore S. Rappaport, Preben Mogensen, Shu Sun, Amitava Ghosh, Mathew K. Samimi, Hang Zhao, Farooq Khan, Yaniv Azar]"}, "299": {"mixtral": " [Yang Yang, Chi Chung Ko, Maciej Drozdowski, Bharadwaj Veeravalli, Thomas G. Robertazzi, Henri Casanova, Yves Robert, Hyoung Joong Kim, Guang-Bin Huang, Xiang-Yang Wang, Daniel Grosu, Jingxi Jia]"}, "300": {"mixtral": " [Hans Gellersen, Paul Lukowicz, Christian Decker, Michael Beigl, A. Schmidt]"}, "301": {"mixtral": " [Chunhong Pan, Dacheng Tao, Jun Zhang, Luminita A. Vese, Stanley Osher, Xavier Bresson]"}, "302": {"mixtral": " [Lesya Anishchenko, Lyudmila Korostovtseva, Mikhail N. Bochkarev, Yurii Sviryaev, Niels Jacobsen, J J\u00e9r\u00f4me Rolink, Steffen Leonhardt, R Reinder Haakma, Aboul Ella Hassanien, Shitanshu Kusmakar, X Xi Long, P Pedro Fonseca, Lieven Lagae, Stephen J. Redmond, Xi Long, Conor Heneghan]"}, "303": {"mixtral": " Common neighbors between Chien Chern Cheah and Hojung Cha: [Juanjuan Zhang]"}, "304": {"mixtral": " [Luca Becchetti, Sung-Ryul Kim, Ali Pinar, Robert Zablit]"}, "305": {"mixtral": " [Libero Nigro, Franco Cicirelli, Angelo Furfaro, Gul Agha]"}, "306": {"mixtral": " [Li Zhang, Qinghua Guo, Lajos Hanzo, Hiroshi Suzuki, Li Ping, Satoshi Suyama, Yuantao Gu, Kazuhiko Fukawa, Wai K. Leung, Michael T\u00fcchler, Jun Tong]"}, "307": {"mixtral": " [Costas S. Iliopoulos, Mauricio Marin, Edgar Ch\u00e1vez, Gonzalo Navarro, Ricardo A. Baeza-Yates]"}, "308": {"mixtral": " The common neighbors of Hongyan Wu and Toshihisa Takagi are: [Atsuko Yamaguchi, Yasukazu Nakamura, Toshiaki Katayama, Philippe Rocca-Serra, Susumu Goto, Pjotr Prins, Mitsuteru Nakao, Jan Aerts, Raoul J. P. Bonnal, Martin Shumway]."}, "309": {"mixtral": " [Kimiyoshi Usami, Mitaro Namiki]"}, "310": {"mixtral": " [Georg Gottlob, Magdalena Ortiz, Marco Ruzzi, Ian Horrocks, Evgeny Kharlamov, Lucian Popa, Maurizio Lenzerini]"}, "311": {"mixtral": " The common neighbors of Jie Tang and Ryen W. White are [Shaoping Ma, Jiepu Jiang, Ellen M. Voorhees, Andrew Turpin]."}, "312": {"mixtral": " The common neighbors of Jos\u00e9 Duato and Robin Wolff are [Juan M. Ordu\u00f1a, Pedro Morillo, Mark Billinghurst]."}, "313": {"mixtral": " [Quan-Ke Pan, M. Fatih Tasgetiren, J. Y. H. Fuh, Reza Tavakkoli-Moghaddam, Rub\u00e9n Ruiz, Ali Allahverdi, Bahman Naderi, Yun-Chia Liang, M. Zandieh, Javad Behnamian, Xinyu Li, Ling Wang]"}, "314": {"mixtral": " [Jon Crowcroft, Li Su, Yong Li, Minglu Li, Depeng Jin, Lieguang Zeng, Athanasios V. Vasilakos, Zhaocheng Wang, Guohong Cao, Thrasyvoulos Spyropoulos, Yanmin Zhu, Pan Hui]"}, "315": {"mixtral": " [Li Zhang, Qi Wang, Jintao Li, David Taubman, Alan C. Bovik, Aljoscha Smolic, Yongkai Huo, Sebastian Egger, Karsten Muller, Thomas Wiegand]"}, "316": {"mixtral": " [Daowen Qiu, Se-Young Oh, Wolfram Burgard, Dieter Fox, Shaojie Shen, Giorgio Metta, Maja J. Matari\u0107, Stergios I. Roumeliotis, Patric Jensfelt, Sebastian Thrun, Silv\u00e8re Bonnabel, Giuseppe Oriolo, George A. Bekey, El-Neshawy Shafik, R. Stemmer, Paul Timothy Furgale]"}, "317": {"mixtral": " [Yoshinobu Sato, Bram van Ginneken, Jurij F\u00fcrst]"}, "318": {"mixtral": " [Sajal K. Das, Adrian Perrig, David E. Culler, Deborah Estrin, Ramesh Govindan, John A. Stankovic, Tian He, Dragos Niculescu]"}, "319": {"mixtral": " [Kouhei Ohnishi, Seiichiro Katsura, Kiyoshi Ohishi, Toshiaki Tsuji]"}, "320": {"mixtral": " The common neighbors of Vladimir-Ioan Cretu and Georgiana Macariu are [Wolfgang Schreiner, Vladimir Cretu, Giuseppe Lipari, Dacian Tudor]."}, "321": {"mixtral": " [Guiqiang Dong, John D. Davis, Shu Li, Hai Li, Zili Shao, Erich F. Haratsch, Kin-Chu Ho, Narayana P. Santhanam, Tsung-Yi Chen, Daesung Kim, Congming Gao, Meng-Yen Chuang]"}, "322": {"mixtral": " [Alan C. Bovik, Michael Elad, Jean Ponce, Bartomeu Coll, Weiyang Liu]"}, "323": {"mixtral": " [Zidong Wang, Huijun Gao, Lihua Xie, Shengyuan Xu]"}, "324": {"mixtral": " [Hans van Ditmarsch, Antoni Lig\u0119za, Krystian Jobczyk]"}, "325": {"mixtral": " The common neighbors of Robert Wang and Shiqiang Li are [Gerhard Krieger, Rolf Scheiber, Alberto Moreira, Josef Mittermayer, Pau Prats, Zhen Dong, Marwan Younis, Michael Eineder, Manfred Zink, Andreas Reigber, Dirk Schrank, Birgit Sch\u00e4ttler, Christian Minet]."}, "326": {"mixtral": " [Walter G. Kropatsch, Xin Li, Wolfram Burgard, Xiaoou Tang, Jian Sun, Sebastian Thrun, Kaiming He, Zicheng Liu, Fernando Pereira, Mario Fernando Montenegro Campos, Jorge Dias, Ant\u00f4nio Wilson Vieira, Henrik Andreasson, Achim J. Lilienthal, R. Vazquez-Martin, Erickson R. Nascimento, Pedro N\u00fa\u00f1ez, Pablo N\u00fa\u00f1ez, Tom\u00e0s Pallej\u00e0, Jordi Palac\u00edn, Rui Caseiro, Gonglin Yuan, Martin Magnusson, M\u00e1rcia Kanadani Campos]"}, "327": {"mixtral": " [Marijn Janssen, Mary Tate]"}, "328": {"mixtral": " The common neighbors of David Hay and Aydin Carus in this network are [Bin Liu, Viktor K. Prasanna, Weirong Jiang, David E. Taylor, Hoang Le]."}, "329": {"mixtral": " [Enzo Pasquale Scilingo, Claudio Gentili, Abdellah Kacha]"}, "330": {"mixtral": " [Nicola Yuill, Amanda Harris, Stacey D. Scott, Meredith Ringel Morris, Yvonne Rogers, Terry Winograd, Andri Ioannou, Christina Vasiliou, Panayiotis Zaphiris]"}, "331": {"mixtral": " [Gerhard Fettweis, Yan Chen, Muhammad Usman, Albrecht J. Fehske, Muhammad Ali Imran, Fred Richter, Jens Zander, Bernard Cousin, Halim Yanikomeroglu, Samer Lahoud, Kinda Khawam]"}, "332": {"mixtral": " [Anders L. Madsen]"}, "333": {"mixtral": " [Jos\u00e9-Jes\u00fas Fern\u00e1ndez, Inmaculada Garc\u00eda, Jos\u00e9 Monteagudo Fern\u00e1ndez, Blas Pelegr\u00edn, Juana L\u00f3pez Redondo, Pilar Mart\u00ednez Ortigosa, Frank Plastria, Tibor Csendes, Pierre Hansen, Ar\u00e1nzazu Gila Arrondo]"}, "334": {"mixtral": " [Jiawei Han, Jian Pei, Qiang Yang, Philip S. Yu, Bing Liu, Yu Zheng, Xifeng Yan, Yizhou Sun, Mingxuan Yuan, Christopher D. Manning, David Lo, Jia Zeng, Ping Li, Chuan Shi, Chen Luo, Xing Xie, Michael D. Ernst, Qiang Fu, Tomas Mikolov, Falk Howar, Mauro Pezz\u00e8, Neil Walkinshaw, Ivan Beschastnikh, Carlo Ghezzi, Martin Wattenberg, Leonardo Mariani, Bernhard Steffen, Anshumali Shrivastava]"}, "335": {"mixtral": " The common neighbors of Rajkumar Buyya and Mike Spreitzer in this network are [Filip De Turck, Jordi Torres, Rolf Stadler, Brendan Jennings, Fetahi Wuhib]."}, "336": {"mixtral": " [Hsinchun Chen, George Karypis, Vivian F. L\u00f3pez, Jian Pei, Mar\u00eda N. Moreno, Ioannis P. Vlahavas, Badrul M. Sarwar, Joel Pinho Lucas, John Riedl, Joseph A. Konstan, Saddys Segrera, Daniel Dajun Zeng]"}, "337": {"mixtral": " [Baowen Xu, Zhenyu Chen, W. Eric Wong]"}, "338": {"mixtral": " [M. E. J. Newman]"}, "339": {"mixtral": " [Jes\u00fas Carretero, Rajiv Ranjan, Gideon Juve, Wanchun Dou, Guisheng Fan, Liqiong Chen]"}, "340": {"mixtral": " [Sergio F. Ochoa]"}, "341": {"mixtral": " [M. Pineda-Sanchez, Roque Alfredo Osornio-Rios, Arturo Garcia-Perez, Eduardo Cabal-Yepez, M. Riera-Guasp, J. Perez-Cruz]"}, "342": {"mixtral": " [Chung Keung Poon, Prudence W. H. Wong, Yinfeng Xu, Richard M. Karp, Stanley P. Y. Fung, Tak Wah Lam]"}, "343": {"mixtral": " [Charles C. Tappert, Sung-Hyuk Cha, Kiran S. Balagani, John V. Monaco]"}, "344": {"mixtral": " The common neighbors of Tatsuya Akutsu and Kai Lenz in this network are [Atsuko Yamaguchi]."}, "345": {"mixtral": " [YangQuan Chen]"}, "346": {"mixtral": " [Dinggang Shen, Guido Gerig, Carl-Fredrik Westin, James C. Gee, Maxime Descoteaux, Jean-Fran\u00e7ois Mangin, Denis Rivi\u00e8re, C\u00e9dric Clouchoux, Kenichi Oishi]"}, "347": {"mixtral": " [Jan Olaf Blech, Bernhard Sch\u00e4tz, Alois Zoitl, Lasith Fernando, Ravi Sreenivasamurthy, Keith Foster, G. Abhilash]"}, "348": {"mixtral": " [H. V. Jagadish, Christopher R\u00e9]"}, "349": {"mixtral": " [Jon Crowcroft, Jie Wu, Peter Han Joo Chong, David E. Culler, Mostafa H. Ammar, Brian Neil Levine, Samantha Lo, Rabin K. Patra, Narayanan Sadagopan, Sushant Jain, Wenrui Zhao, Dapeng Wu, Ling Fu Xie, Xiaoyan Hong]"}, "350": {"mixtral": " [Pierre Duhamel, Xiaoli Ma, Sergios Theodoridis, Michael Elad, Geert Leus, Ali H. Sayed, Yuantao Gu, Paulo S. R. Diniz, Wallace Alves Martins, Are Hjorungnes, Yannis Kopsinis, Marcello L. R. de Campos, Jacob Benesty, Tadeu N. Ferreira, Francisco C. Ribeiro]"}, "351": {"mixtral": " The common neighbors of Xiaofeng Wang and Daniel M\u00e9ndez Fern\u00e1ndez in this network are: [Robert Feldt, Claes Wohlin, Tore Dyb\u00e5, Markku Oivo]."}, "352": {"mixtral": " [Alexander Verbraeck, Stijn-Pieter A. van Houten]"}, "353": {"mixtral": " The common neighbors of Christophe Clavier and Ezzat A. Dabbish are [Jean-Jacques Quisquater, Thanh-Ha Le, Jessy Cl\u00e9di\u00e8re, Dong-Guk Han]."}, "354": {"mixtral": " The common neighbors of Changle Zhou and Shih-Wei Lin are [Pei-Chann Chang, Quan-Ke Pan]."}, "355": {"mixtral": " [Christopher S. Ruf, Adriano Camps, Joel T. Johnson, Eni G. Njoku, Leung Tsang, Niels Skou, Jeffrey R. Piepmeier, Damon Bradley, Mustafa Aksoy, Simon H. Yueh, Sidharth Misra, Priscilla N. Mohammed]"}, "356": {"mixtral": " [Pedro Jussieu de Rezende, Celso Tetsuo Nagase Suzuki, Christiane Schmidt, Cid C. de Souza, Alexander Kr\u00f6ller]"}, "357": {"mixtral": " The common neighbors of Sunil Samtani and Luis Ceze are [Xing Zhou, Mariusz A. Fecko, Thomas Dreibholz, Erwin P. Rathgeb]."}, "358": {"mixtral": " [Yan Zhang, Mohamed-Slim Alouini, Iain B. Collings, Tharmalingam Ratnarajah, Kai-Kit Wong, Marco Chiani, George K. Karagiannidis, Alberto Zanella, Caijun Zhong, Javier Rodr\u00edguez Fonollosa, Xiqi Gao, Sonia Aissa, Moe Z. Win, Helmut B\u00f6lcskei, Arogyaswami Paulraj, David Gesbert, Dhananjay Gore]"}, "359": {"mixtral": " The common neighbors of Vilas Jagannath and Rupak Majumdar are: [Viktor Kuncak, Martin C. Rinard, Philippe Suter, Ruzica Piskac, Swarat Chaudhuri, Eran Yahav, Mooly Sagiv, Sanjit A. Seshia, Vijay A. Saraswat, Armando Solar-Lezama, Rastislav Bodik]."}, "360": {"mixtral": " [Enrico Gobbetti, Paolo Cignoni, Roberto Scopigno, Fabio Marton, Guy Godin, J.-Angelo Beraldin, F. Blais]"}, "361": {"mixtral": " [Luigi Paura, Martin Haardt, Giacinto Gelli, Gregory W. Wornell, Dongning Guo, Sampath Rangarajan, Inkyu Lee, Peter J. Schreier, Donatella Darsena, Fulvio Melito]"}, "362": {"mixtral": " [Ingmar Weber, Tatiana Gossen, Andreas N\u00fcrnberger, Djoerd Hiemstra, Leif Azzopardi, Benjamin B. Bederson, Evan Golub]"}, "363": {"mixtral": " [Katsumi Tanaka, Yong Yu, Gerhard Weikum, Fuchun Peng, Luis Gravano, Makoto Nakatani, Jasmine Novak, W. Bruce Croft]"}, "364": {"mixtral": " [Tony Clear]"}, "365": {"mixtral": " [James Aspnes]"}, "366": {"mixtral": " [David Wagner, Amit Sahai, Dan Boneh, Ben Soh, Willy Susilo]"}, "367": {"mixtral": " [Jian-Yun Nie, Wei-Ying Ma, Ji-Rong Wen]"}, "368": {"mixtral": " The common neighbors of Luciano Ost and Marco A. Wehrmeister are [Fl\u00e1vio Rech Wagner, J\u00falio C. B. de Mattos, Ricardo Pezzuol Jacobi, Leandro Buss Becker, Antonio Carlos Schneider Beck, Carlos Eduardo Pereira, Luigi Carro, Marcio F. da S. Oliveira, Edison Pignaton de Freitas, Al\u00e9cio Pedro Delazari Binotto, Daniel Barcelos]."}, "369": {"mixtral": " [Hua Wang, Pulkit Grover, Chen Chen, Vladimir Stojanovic, Kwang-Mo Jung, Patrick P. Mercier, Hanh-Phuc Le, John R. Long, Merouane Debbah, Mark Horowitz, Dejan Markovic, Tsu-Jae King Liu, John F. Bulzacchelli, Chintan Thakkar, Pingqiang Zhou, Soogine Chong, Brian Zimmer]"}, "370": {"mixtral": " [Daniel Kressner, Bo K\u00e5gstr\u00f6m, Bj\u00f6rn Adlerborn, David S. Watkins, Greg Henry, Karen S. Braman, Roy Mathias]"}, "371": {"mixtral": " The common neighbors of Philip E. Bourne and Adam Godzik in this network are: [Yuzhen Ye, Bo\u017cena Ma\u0142ysiak-Mrozek, Dariusz Mrozek, Andreas Prli\u0107, Liisa Holm, Peter W. Rose, Spencer Bliven]."}, "372": {"mixtral": " [P\u00e4ivi Rauhamaa, Perttu H\u00e4m\u00e4l\u00e4inen, Tuukka M. Takala]\n\nExplanation:\nLaura Turkki has collaborated with the following authors: Janet C. Read, Perttu H\u00e4m\u00e4l\u00e4inen, Diana Yifan Xu, Johanna H\u00f6ysniemi\nTuukka M. Takala has collaborated with the following authors: P\u00e4ivi Rauhamaa, Tuukka M. Takala, Tapio Takala, Jari Takatalo, Joseph J. LaViola, Perttu H\u00e4m\u00e4l\u00e4inen\n\nCommon neighbors between Laura Turkki and Tuukka M. Takala are: P\u00e4ivi Rauhamaa, Perttu H\u00e4m\u00e4l\u00e4inen, Tuukka M. Takala. Note that we include Tuukka M. Takala himself because this is an undirected graph and an author can collaborate with themselves through different projects."}, "373": {"mixtral": " [Ueli Meier, Marc Schlipsing, Christian Igel, Nick Barnes, Jan Salmen]\n\nHere's the reasoning:\n\n1. Faliang Chang and Jan Salmen both collaborate with Christian Igel.\n2. Faliang Chang and Jan Salmen both collaborate with Marc Schlipsing.\n3. Faliang Chang and Jan Salmen both collaborate with Nick Barnes (indirectly through Christian Igel).\n4. Faliang Chang and Jan Salmen both collaborate with Ueli Meier (indirectly through Marc Schlipsing).\n5. Faliang Chang and Jan Salmen both have a mutual connection through me, but I am not an author in this network.\n\nTherefore, the common neighbors of Faliang Chang and Jan Salmen are [Ueli Meier, Marc Schlipsing, Christian Igel, Nick Barnes, Jan Salmen] (note that Jan Salmen is included because he directly collaborates with himself)."}, "374": {"mixtral": " [J\u00fcrgen Teich, Daniel Mozos, Javier Resano, Diederik Verkest, Rudy Lauwereins, Frank Vahid]"}, "375": {"mixtral": " [Bernhard Pfahringer, Maurice Bruynooghe, Broes De Cat, Sebasti\u00e1n A. R\u00edos, Juan D. Vel\u00e1squez, Hiroshi Yasuda, I-Jen Chiang]"}, "376": {"mixtral": " The common neighbors of Colin Bradley and Fran\u00e7ois Chaumette are [Kostas J. Kyriakopoulos, George C. Karras, Seth Hutchinson, Domenico Prattichizzo, Youcef Mezouar, Shankar Sastry, Hicham Hadj-Abdelkader, Warren E. Dixon, Alison A. Proctor]."}, "377": {"mixtral": " The common neighbors of Abid Mehmood and Shiou Loh are: [Lidia Fuentes, Pablo S\u00e1nchez, Helmut Neukirchen, Paul Baker]"}, "378": {"mixtral": " [Xavier Franch, John Mylopoulos, Paolo Giorgini, Haralambos Mouratidis, Bashar Nuseibeh, Amina Souag, Camille Salinesi, Raul Mazo]"}, "379": {"mixtral": " [Bhaskar D. Rao, Saikat Chatterjee]"}, "380": {"mixtral": " [Wei Wang, ChengXiang Zhai, W. Bruce Croft, Hugo Zaragoza, Victor Lavrenko, Jong-Hyeok Lee, Ian Soboroff, Fabio Crestani]"}, "381": {"mixtral": " [Yong Wu]"}, "382": {"mixtral": " [Matthias Diener, Philippe Olivier Alexandre Navaux, Eduardo Henrique Molina da Cruz, Marco Antonio Zanata Alves, Anselm Busse]"}, "383": {"mixtral": " The common neighbors of Sangnam Nam and Fanxin Zeng in this network are: [Takafumi Hayashi, Hideyuki Torii, Makoto Nakamura, Pingzhi Fan, Wai Ho Mow, Shinya Matsufuji, Zhenyu Zhang, Xiaohu Tang, Longye Wang, Xiaoli Zeng, Lijia Ge]."}, "384": {"mixtral": " [Maurizio Patrignani, Ignaz Rutter, Fabrizio Frati, Patrizio Angelini]"}, "385": {"mixtral": " [Fei Tao]"}, "386": {"mixtral": " The common neighbors of Brigitte Pradin-Chezalviel and Ligia Maria Soares Passos in this network are: [S. A. Julia, Nicolas Riviere, Robert Valette] ."}, "387": {"mixtral": " [Daren Yu, Wei-Zhi Wu, Wen-Xiu Zhang, Etienne E. Kerre, Zdzis\u0142aw Pawlak, Yanqing Yao, Bao Qing Hu, Chun Yong Wang, Eric C. C. Tsang, Fei-Yue Wang, Roman S\u0142owi\u0144ski, Anna Maria Radzikowska, Glad Deschrijver, Zhaowen Li, Daniel Stutzbach]"}, "388": {"mixtral": " [Gary R. Greenfield, Agostinho C. Rosa, Vitorino Ramos, Carlos M. Fernandes]"}, "389": {"mixtral": " The common neighbors of Vikram S. Adve and Thomas Knauth in this network are: [Christof Fetzer, Ute Schiffel, Martin S\u00fc\u00dfkraut]."}, "390": {"mixtral": " [Yao Ma, Jun Wang, Jibo Wei, Pierre Duhamel, Mikael Skoglund, Elza Erkip, Qingwen Liu, Mohamed-Slim Alouini, Erik G. Larsson, George K. Karagiannidis, Behnaam Aazhang, Zhi Ding, John S. Thompson, Moe Z. Win, David Gesbert, Aggelos Bletsas, Shengli Zhou, Andrew Sendonaris, Mustapha Benjillali]"}, "391": {"mixtral": " [Mitchel Resnick, Leah Buechley]"}, "392": {"mixtral": " [Kinji Mori]"}, "393": {"mixtral": " [Matti Pietik\u00e4inen, Stan Z. Li, Kevin W. Bowyer, Patrick J. Flynn, Samy Bengio, Anil K. Jain, Julian Fierrez, Javier Ortega-Garcia, Andrea Vedaldi, Avi Rosenfeld, Natalia A. Schmid, Paul A. Viola, Michael J. Jones, W. Worek, Christophe Rosenberger, Bojan Cukic, David S. Bolme, Baochang Zhang, Thirimachos Bourlai]"}, "394": {"mixtral": " [Luc J. Van Gool, Szymon Rusinkiewicz, Andrew W. Fitzgibbon, Markus H. Gross, Hao Li, Jian Sun, Sebastian Thrun, Hanspeter Pfister, Marc Stamminger, Christian Theobalt, Matthias Nie\u00dfner, David Kim, Shahram Izadi, C.H. Wu, Michael Zollh\u00f6fer]"}, "395": {"mixtral": " [Mateo Valero, Pradip Bose, Margaret Martonosi, Francisco J. Cazorla, Todd M. Austin, Miquel Moreto, David H. Albonesi, Roberto Gioiosa, Alper Buyuktosunoglu, Qixiao Liu, Victor Jimenez]"}, "396": {"mixtral": " [Ilkka Niemel\u00e4, Chitta Baral, Nicola Leone, Michael Fink, Hans Tompits, Martin Gebser, Maurice Bruynooghe, David Pearce, Axel Polleres, Joost Vennekens]"}, "397": {"mixtral": " The common neighbors of Peter H\u00e4ndel and You Li are: [Chalermpol Saiprasert, Isaac Skog, Yuan Zhuang, Haiyu Lan, Brandon Gozick]."}, "398": {"mixtral": " [Helmut B\u00f6lcskei, Mikael Skoglund, Moe Z. Win, Rahim Tafazolli, Zhiguo Ding]"}, "399": {"mixtral": " The common neighbors of Yi Mu and Stefan Brands in this network are: [Jan Camenisch]."}, "400": {"mixtral": " [Thorsten Hampel, Ion Stoica, Peter Druschel, David R. Karger, Robert Morris, M. Frans Kaashoek, John Kubiatowicz, Shervin Shirmohammadi]"}, "401": {"mixtral": " [Christophe Mouilleron, Jean-Guillaume Dumas, \u00c9ric Schost, Alin Bostan, Paul Zimmermann, Takeshi Ogita, Richard P. Brent]"}, "402": {"mixtral": " The common neighbors of Vijay Varadharajan and Amy L. Herzog in this network are: [Ahmad-Reza Sadeghi] as they have collaborated with Ahmad-Reza Sadeghi in the past."}, "403": {"mixtral": " [Nelson L. S. da Fonseca, Turgay Korkmaz, Xiaomin Chen, Andr\u00e9 C. Drummond, Andr\u00e9 C. Drummond]\n\nExplanation:\nThe common neighbors of Admela Jukan and Charles U. Martel are the authors who have collaborated with both of them. From the given research collaborations, we can see that Admela Jukan and Charles U. Martel have collaborated together, and they have also collaborated with the following authors:\n\n1. Nelson L. S. da Fonseca\n2. Turgay Korkmaz\n3. Xiaomin Chen\n4. Andr\u00e9 C. Drummond\n\nHowever, there is one more common neighbor, which is Andr\u00e9 C. Drummond, who appears twice in the list because of different forms of his name (Andre C. Drummond and Andr\u00e9 C. Drummond). So, the final answer is:\n\n[Nelson L. S. da Fonseca, Turgay Korkmaz, Xiaomin Chen, Andr\u00e9 C. Drummond, Andr\u00e9 C. Drummond]"}, "404": {"mixtral": " [Chin-Chen Chang]"}, "405": {"mixtral": " [Eero P. Simoncelli, Min Chen]"}, "406": {"mixtral": " [Jean-Luc Moncet]"}, "407": {"mixtral": " [Xing-Quan Zhu, Chris H. Q. Ding, Christos Faloutsos, Xindong Wu, Andrew McCallum, Feiping Nie, Ulrike von Luxburg, Christopher D. Manning, Michael I. Jordan, Hari Balakrishnan, Chih-Jen Lin, Jiliang Tang, Le Song, John D. Lafferty, Anil K. Jain]"}, "408": {"mixtral": " [Marc de Kruijf, Sarita V. Adve, Shaz Qadeer, Hans-Juergen Boehm]"}, "409": {"mixtral": " [Zhongwen Guo, Melike Erol-Kantarci, Jun-Hong Cui, Ian F. Akyildiz]"}, "410": {"mixtral": " [Xiaodong Li, Xin Yao, Zhenyu Yang, Janez Brest, X.-G. Lu]"}, "411": {"mixtral": " [F. Filippetti, E. Levi, Jose Rodriguez, Umut Orguner, Patrick Wheeler, Gerard-Andre Capolino, Bilal Akin, Seungdeog Choi]"}, "412": {"mixtral": " [Fabr\u00edcio Martins Lopes, Roberto Marcondes Cesar]"}, "413": {"mixtral": " [Andrea Matta, Nicla Frigerio]"}, "414": {"mixtral": " The common neighbors of Chia-Han Lee and Geoffrey E. Hinton in this network are: [Yoshua Bengio, Ruslan Salakhutdinov, Rui Zhang, David E. Carlson, Lawrence Carin, Nando de Freitas, Ya-Ping Hsieh, Volkan Cevher, Diederik P. Kingma]."}, "415": {"mixtral": " [Ali Sunyaev]"}, "416": {"mixtral": " The common neighbors of Iftikhar J. Kullo and Yukun Chen in this network are [Guergana Savova, Joshua C. Denny]."}, "417": {"mixtral": " [Alberto L. Sangiovanni-Vincentelli, Luciano Lavagno, Anantha P. Chandrakasan, David E. Culler, Wei Hong, Alvise Bonivento]"}, "418": {"mixtral": " The common neighbors of Serita M. Nelesen and Yanni Sun are [Usman Roshan, Katherine St. John]."}, "419": {"mixtral": " The common neighbors of Richard Socher and Salima Hassairi are [Yann LeCun, Yoshua Bengio]. This means that both Richard Socher and Salima Hassairi have collaborated with Yann LeCun and Yoshua Bengio in the past."}, "420": {"mixtral": " [Josep R. Casas, Andrey Temko, Climent Nadeu, Mark D. Plumbley, Taras Butko, Radoslaw Mazur, Huy Phan, Haomin Zhang]"}, "421": {"mixtral": " [Peng Xu]"}, "422": {"mixtral": " The common neighbors of Y. Yang and Blazej Cichy are [Eric Rogers, Hyo-Sung Ahn, YangQuan Chen, Kevin L. Moore, Krzysztof Galkowski]."}, "423": {"mixtral": " [Wei Hu, Gene Cheung, Antonio Ortega, Xin Li, James J. Odell]"}, "424": {"mixtral": " [Thomas A. Henzinger, Sven Schewe, Hongyang Qu, Alessio Lomuscio]"}, "425": {"mixtral": " The common neighbors of Kenya Jin'no and Guanrong Chen in this network are: [Toshimichi Saito]."}, "426": {"mixtral": " [Nelson Morgan, Andreas Stolcke, Elizabeth Shriberg, Jens Edlund]"}, "427": {"mixtral": " [Gordan Jezic, Mario Kusek, Iva Bojic]"}, "428": {"mixtral": " [Quentin Jones, Andrew T. Fiore, Charles Steinfield, Cliff Lampe, Nicole B. Ellison]"}, "429": {"mixtral": " The common neighbors of Bonita Bhaskaran and Cristiano Lazzari are [Chunsheng Liu]."}, "430": {"mixtral": " [Phil Trinder, Greg Michaelson, Hans-Wolfgang Loidl, Philip W. Trinder, Jost Berthold, Rita Loogen, Karl Crary, Robert F. Pointon, Murray Cole]"}, "431": {"mixtral": " The common neighbors of Philip Shilane and Jiaoying Shi in this network are [Kun Zhou]."}, "432": {"mixtral": " The common neighbors of Masatoshi Uno and Liang Zhang are [Gun-Woo Moon, Chol-Ho Kim, Hong-Sun Park, Joong-Hui Lee]."}, "433": {"mixtral": " [Sarit Kraus, Nicholas R. Jennings, Tomas Klos]"}, "434": {"mixtral": " [William Marsh, Silja Renooij, Patrick Cates, Barbaros Yet, Peter J. F. Lucas, Norman Fenton, Martin Neil, Emilia Mendes, J\u00fcrgen M\u00fcnch, Ayse Basar Bener, Lukasz Radlinski, Ayse Tosun Misirli, Thomas Gorges, David Marquez, Tim Menzies]"}, "435": {"mixtral": " Common neighbors between Jiawei Han and Xuemin Lin: [Philip S. Yu, Xiaochun Yang, Wei Wang, H. V. Jagadish, Jian Pei, Shuicheng Yan, Zheng Chen, Francesco Bonchi]"}, "436": {"mixtral": " [Altamiro Amadeu Susin, Virginie Fresse, Umit Y. Ogras, G. De Micheli, L. Benini, Frederic Rousseau]"}, "437": {"mixtral": " [Jing Wang, Dongfeng Yuan, Hui-Ming Wang, Raymond W. Yeung, Gregory W. Wornell, W Robert Heath, Khaled Ben Letaief, Petar Popovski, Geert Leus, Vijay K. Bhargava, H.V. Poor, Ahmad Bahai, Michele Morelli, Xiaodong Cai, Luca Rugini, Davide Dardari, Yanyan Zhang, Nevio Benvenuto, Risto Wichman, Tzu-Hsien Sang, Hsin-De Lin, David W. Lin, Stefano Tomasin, Qinye Yin, Yindi Jing, Abbas Mohammadi, Yufei Jiang, Gunther Auer]"}, "438": {"mixtral": " [Daniel Sj\u00f6lie, Lars-Erik Janlert, Dipak Surie, Thomas Pederson, Lars Karlsson, Helena Lindgren]\n\nExplanation:\n\n- Mel Slater has collaborated with Daniel Sj\u00f6lie, Lars-Erik Janlert, and Lars Karlsson.\n- Helena Lindgren has collaborated with Daniel Sj\u00f6lie, Lars-Erik Janlert, Dipak Surie, Thomas Pederson, and Lars Karlsson.\n- The common collaborators (neighbors) between Mel Slater and Helena Lindgren are Daniel Sj\u00f6lie, Lars-Erik Janlert, Lars Karlsson, Dipak Surie, and Thomas Pederson."}, "439": {"mixtral": " [Ritu Agarwal, Detmar W. Straub, Hasan Cavusoglu, Damon E. Campbell]"}, "440": {"mixtral": " [Xiaodong Zhang, P. Sadayappan, Michael Stumm, Zhao Zhang, Keyi Wang]"}, "441": {"mixtral": " [Peter H\u00f6fner, Hongseok Yang, Jules Desharnais, Ridha Khedri, Bernhard M\u00f6ller, John C. Reynolds, Ian Wehrman, C. A. R. Hoare]"}, "442": {"mixtral": " [Manfred Reichert, Roman Vacul\u00edn, Richard Hull, Santhosh Kumaran, Fenno F. Terry Heath, Frederick Y. Wu, Anil Nigam]"}, "443": {"mixtral": " [Hugo Proen\u00e7a]"}, "444": {"mixtral": " [Rui Dinis, Marco Gomes, V\u00edtor Manuel Mendes da Silva, David D. Falconer, Jinghu Chen, Xiao-Yu Hu, Valentin Savin, Georgios Karakonstantis, Norbert Wehn, Andreas Burg]"}, "445": {"mixtral": " [Eryk Ciepiela, Marek Kasztelnik, Tomasz Piontek, Bastien Chopard, Jan Meizner, Katarzyna Rycerz, Derek Groen, Peter V. Coveney, Stefan J. Zasada, Eric Lorenz, Mariusz Mamonski, Ilya Saverchenko]"}, "446": {"mixtral": " [Carl K. Chang, Hiroshi Fujimoto, Jun Shen, Mark J. Christensen]"}, "447": {"mixtral": " [Paolo Romano, Florian Heimgaertner, Michael Hoefling, Mario Paolone, Carlo Alberto Nucci, Amos Necci, Valerio Cozzani]"}, "448": {"mixtral": " [Enrique Herrera-Viedma, Meimei Xia, Zeshui Xu, Zhiming Zhang, Guiwu Wei, Hong-yu Zhang, Shyi-Ming Chen, Janusz Kacprzyk, Ronald R. Yager]"}, "449": {"mixtral": " [Thomas Brox, Daniel Cremers, Horst Bischof, Joachim Weickert, Richard Szeliski, Michael J. Black]"}, "450": {"mixtral": " The common neighbors of Jo\u00eblle Coutaz and Hela Ltifi are [Christophe Kolski, Mourad Abed]."}, "451": {"mixtral": " [Nanning Zheng, Diana Marculescu, Umit Y. Ogras, David Blaauw, Li-Shiuan Peh, Pengju Ren, Michel A. Kinsy]"}, "452": {"mixtral": " [Parthasarathy Ranganathan, J\u00f6rg Henkel, Vijaykrishnan Narayanan, Yuan Xie, Doug Burger, Milo M. K. Martin, Alaa R. Alameldeen, Chris Wilkerson, Dimin Niu, Norman P. Jouppi, Ming-Jinn Tsai]"}, "453": {"mixtral": " [Felix Freitag, Leandro Navarro, Marco Mellia, Emilio Leonardi, Luca Muscariello, Saverio Niccolini, Diego Perino, Lloren\u00e7 Cerd\u00e0-Alabern]"}, "454": {"mixtral": " [Rangaraj M. Rangayyan, Anna L. Ells, Arianna Mencattini, Marcello Salmeri, B. van Ginneken]"}, "455": {"mixtral": " [Hak-Keung Lam, Ligang Wu, Peng Shi]"}, "456": {"mixtral": " [Tomasz \u015aliwi\u0144ski, M. Grazia Speranza, Andrzej Ruszczynski, R\u00fcdiger Schultz, Darinka Dentcheva, Alexander Shapiro, Miguel A. Lejeune]"}, "457": {"mixtral": " [Joaquim J. J\u00fadice, Ernesto G. Birgin]"}, "458": {"mixtral": " [Beng Chin Ooi, Wei-Ying Ma, Qiaozhu Mei, Xing Xie, Bo Zhang, Jiawei Han, Yu Zheng]"}, "459": {"mixtral": " [James M. Keller]"}, "460": {"mixtral": " The common neighbors of Jan Holmstr\u00f6m and Mark Harrison are: [Kary Fr\u00e4mling, T. Berger, Damien Trentesaux, Andr\u00e9 Thomas, Gerben G. Meyer]."}, "461": {"mixtral": " [Bo Wang, Hanyu Wang, Miao Qi, Ronald Tetzlaff, Thomas Mikolajick, H. M\u00e4hne]"}, "462": {"mixtral": " [Vikram S. Adve, Nicolas Geoffray] have the following common neighbors: [Lieven Eeckhout, Galen C. Hunt, Chris Lattner, Andrew S. Tanenbaum]"}, "463": {"mixtral": " [Da Ruan, Jiye Liang, Yiyu Yao, Bingzhen Sun, Bao Qing Hu]"}, "464": {"mixtral": " [Nalini Venkatasubramanian, Luca Benini, G. De Micheli, Nicholas Mastronarde, M. van der Schaar]"}, "465": {"mixtral": " [Egon Willighagen, Nina Jeliazkova]"}, "466": {"mixtral": " [H. Jaap van den Herik]"}, "467": {"mixtral": " [Jan Struyf]"}, "468": {"mixtral": " The common neighbors of Philippe Gorce and Alan F. Blackwell are [Nadine Vigouroux, Jacob O. Wobbrock, Alexander Mertens, Shumin Zhai, I. Scott MacKenzie, Per Ola Kristensson]."}, "469": {"mixtral": " [Mark Harman, Andrea Arcuri, Gordon Fraser, Darko Marinov, Hao Zhong, Lionel C. Briand]"}, "470": {"mixtral": " [Florin Manea, Shinnosuke Seki, Dirk Nowotka, James D. Currie]"}, "471": {"mixtral": " [Arthur W. Toga, Daniel S. Marcus, Vince D. Calhoun, David B. Keator, Derin J. Cobia, Stephen M. Smith, Dimitri Van De Ville, Mark W. Woolrich]"}, "472": {"mixtral": " [Marcus Liwicki]"}, "473": {"mixtral": " [Michael I. Jordan, Arindam Banerjee, Frank R. Kschischang, Emmanuel J. Cand\u00e8s, Do Young Eun, Vidyashankar Sivakumar]"}, "474": {"mixtral": " [Kaj Gr\u00f8nb\u00e6k, Kurt Rothermel, Raja Jurdak, Andrew T. Campbell, Mikkel Baun Kj\u00e6rgaard, Philipp Sommer, Henrik Blunck, Jeffrey Hightower, Gaetano Borriello, Beverly L. Harrison]"}, "475": {"mixtral": " [Larry Bull, Peter D\u00fcrr]"}, "476": {"mixtral": " [Klaus-Dieter Schewe, Bernhard Thalheim, Sven Hartmann, Sebastian Link, Qing Wang, Henning Koehler, Yuri Gurevich, Wenfei Fan, Jane Zhao, Dan Suciu, Marc Gyssens, Mathias Niepert, Wang Chiew Tan, Henri Prade, Henning K\u00f6hler, Diego Calvanese]"}, "477": {"mixtral": " [Roman Genov, Mohamad Sawan, Maysam Ghovanloo, Karim Abdelhalim, Jose Luis Perez Velazquez]"}, "478": {"mixtral": " [Ferdinando Fioretto, Luc J. Van Gool, Pradeep Varakantham, Makoto Yokoo, Milind Tambe, Wei-Min Shen, Adrian Petcu, Nicholas R. Jennings, Amnon Meisels, Katia P. Sycara, Pragnesh Jay Modi, Lars Wittenburg, Ferdinando Fioretto]\n\nHere's the reasoning:\n\n1. Marius-Calin Silaghi and Adrian Petcu have collaborated directly with the following authors: Adrian Petcu, Marius-Calin Silaghi, Milind Tambe, Wei-Min Shen, Katia P. Sycara, Pragnesh Jay Modi, Ferdinando Fioretto, Nicholas R. Jennings, Amnon Meisels, Lars Wittenburg.\n2. Among these authors, Marius-Calin Silaghi and Adrian Petcu have the following common neighbors: Ferdinando Fioretto, Luc J. Van Gool, Pradeep Varakantham, Makoto Yokoo, Milind Tambe, Wei-Min Shen, Nicholas R. Jennings, Amnon Meisels, Katia P. Sycara, Pragnesh Jay Modi, Lars Wittenburg.\n3. Therefore, the common neighbors of Marius-Calin Silaghi and Adrian Petcu are: [Ferdinando Fioretto, Luc J. Van Gool, Pradeep Varakantham, Makoto Yokoo, Milind Tambe, Wei-Min Shen, Nicholas R. Jennings, Amnon Meisels, Katia P. Sycara, Pragnesh Jay Modi, Lars Wittenburg]."}, "479": {"mixtral": " [Luca Sterpone, Massimo Violante, Paolo Bernardi, Hamid R. Zarandi, Seyed Ghassem Miremadi, Gabriel L. Nazar, Brad L. Hutchings, Michael J. Wirthlin, Joshua S. Monson]"}, "480": {"mixtral": " [Christopher D. Manning]"}, "481": {"mixtral": " [Gianluca Moro]"}, "482": {"mixtral": " [Leif Kobbelt, Heung-Yeung Shum, Luc J. Van Gool, Dacheng Tao, Marc Alexa, Steven M. Seitz, Olga Sorkine, Hujun Bao, Markus H. Gross, Yutaka Ohtake, Jin Huang, Mario Botsch, Kun Zhou, Xinguo Liu, Qi-Xing Huang]"}, "483": {"mixtral": " [Maja Pantic, Ioannis Patras, Qiang Ji, Guoying Zhao, Thomas S. Huang, Stefanos Zafeiriou, Marc Schr\u00f6der, Jeffrey F. Cohn, Marian Stewart Bartlett, Javier R. Movellan, Shangfei Wang, Abhinav Dhall, Rosalind W. Picard, Hatice Gunes, Gwen Littlewort, Ron Rademaker]"}, "484": {"mixtral": " [Kenneth R. Koedinger, Cristina Conati, Ryan Shaun Joazeiro de Baker, Neil T. Heffernan, Sidney K. D'Mello, Bradford W. Mott, Vincent Aleven, Luc Paquette, Minghui Tai, Bruce M. McLaren]"}, "485": {"mixtral": " [Jan M. Allbeck, Norman I. Badler, Demetri Terzopoulos, Nuria Pelechano, Julien Pettr\u00e9, Ming C. Lin, Glen Berseth, Sahil Narang]"}, "486": {"mixtral": " [James A. Landay, Anind K. Dey, Deborah Estrin, Yunan Chen]"}, "487": {"mixtral": " [Euripides G. M. Petrakis]"}, "488": {"mixtral": " [Cathy H. Wu, Nicola Mulder, Rolf Apweiler, Alex Bateman, Robert D. Finn, Richard Durbin, Daniel H. Haft, Nicolas Hulo, Daniel Kahn, Rodrigo Lopez, Sandra Orchard, Christian J. A. Sigrist, Ioannis Xenarios, Teresa K. Attwood]"}, "489": {"mixtral": " Common neighbors between Zhisheng Duan and Zi-Jiang Yang are [Wei Ren, Yanping Gao]."}, "490": {"mixtral": " The common neighbors of Majeed M. Hayat and Walter H. Gerstle in this network are [Armin W. Doerry]."}, "491": {"mixtral": " [Philip S. Yu, Haixun Wang, Beng Chin Ooi]"}, "492": {"mixtral": " [Jane Hillston, Luca Bortolussi, Andr\u00e9 Platzer, Axel Legay, Diego Latella, Verena Wolf, Giovanni Pardini, Paolo Milazzo]"}, "493": {"mixtral": " [Sebastien Ourselin, David J. Hawkes, John H. Hipwell, Zeike A. Taylor, Mario Cheng, Thomy Mertzanidou, J\u00fcrgen Dammers, Dinggang Shen, Marc Modat, Julia A. Schnabel, Max A. Viergever, Nicholas Ayache, Daniel Rueckert, Daniel C. Alexander]"}, "494": {"mixtral": " [Peng Liu, Xuxian Jiang, Fatos Xhafa, Keqin Li, Johnatan E. Pecero, Reiner Sailer, Yanjun Wu, Bryan D. Payne]"}, "495": {"mixtral": " [Catherine Pelachaud, Sylvie Gibet, Hernisa Kacorri, Michael Neff, Stacy C. Marsella, Nicolas Courty, Hannes H\u00f6gni Vilhj\u00e1lmsson, Matt Huenerfauth, Quan D. Nguyen, Jessica K. Hodgins, Irene Albrecht, Ari Shapiro]"}, "496": {"mixtral": " The common neighbors of Simon K. Warfield and Olaf Sporns in this network are [Arthur W. Toga]."}, "497": {"mixtral": " The common neighbors of G\u00e1bor Malicsk\u00f3 and Krishnendu Chakrabarty are [Fabio Ricciato, Mirko Suznjevic, Chin-Laung Lei, Wolfgang Karner, Markus Rupp, Peter Romirer-Maierhofer]."}, "498": {"mixtral": " [Sylvain Lazard, Kurt Mehlhorn, Jin-San Cheng, Elias P. Tsigaridas, Michael Kerber, Fabrice Rouillier, Marc Pouget]"}, "499": {"mixtral": " [Richard Heusdens, Jesper Jensen, Mads Gr\u00e6sb\u00f8ll Christensen, S\u00f8ren Holdt Jensen, Jacob Benesty]"}}