{"0": {"mixtral": " [Lund, Sweden, Uppsala, Eric Hermelin, Mehrdad Avesta]"}, "1": {"mixtral": " [Bob Chiarelli, Ottawa, Canada, United States]"}, "2": {"mixtral": " [Central European Time, Amsterdam, GreenLeft, Party for the Animals]"}, "3": {"mixtral": " [Jocelyn Roux, Servette FC, Switzerland, Mart\u00edn Prest]"}, "4": {"mixtral": " [Myophiomys, Hystricomorpha, Rodent, Caviomorpha, Cephalomyidae, Insular cave rat]"}, "5": {"mixtral": " [C\u00e9sar  Duke of Vend\u00f4me, Maximilien de B\u00e9thune  Duke of Sully, French Wars of Religion, Siege of Rouen (1591)]"}, "6": {"mixtral": " [Arthropod, Insect, Lepidoptera]"}, "7": {"mixtral": " [Fourplay, Nathan East, Yamaha Corporation, Public company, Bplats, Cloud computing, United States]"}, "8": {"mixtral": " [Keepers of the Funk, Marley Marl, Lords of the Underground, Flow On]"}, "9": {"mixtral": " [Saxophone, Jazz, Joe Zawinul]"}, "10": {"mixtral": " [1961 Belgian Grand Prix, Scuderia Ferrari, 1963 Italian Grand Prix, 1963 Monaco Grand Prix, 1967 Monaco Grand Prix, Richie Ginther, 1965 Mexican Grand Prix]"}, "11": {"mixtral": " [Paraguar\u00ed, Paraguay, Striker (association football)]"}, "12": {"mixtral": " [Polyphaga, Insect, Arthropod] or [Polyphaga, Beetle, Arthropod]\n\nThese two paths are the shortest paths between Polyphaga and Arthropod, with a length of 2 edges. The first path goes through Insect, while the second path goes through Beetle."}, "13": {"mixtral": " [Noctuidae, Lepidoptera, Insect, Hexapoda]"}, "14": {"mixtral": " [Aristotle, Western philosophy, Immanuel Kant] or [Aristotle, Metaphysics, Bertrand Russell, 20th-century philosophy, Immanuel Kant] or [Aristotle, Metaphysics, Meher Baba, 20th-century philosophy, Immanuel Kant] or [Aristotle, Martha Nussbaum, 20th-century philosophy, Immanuel Kant] or [Aristotle, Political philosophy, Martha Nussbaum, 20th-century philosophy, Immanuel Kant] or [Aristotle, Political philosophy, John Rawls, 20th-century philosophy, Immanuel Kant] or [Aristotle, Aristotle, Immanuel Kant]\n\nThese are the shortest paths between Aristotle and Immanuel Kant in the given network. The relationships between the entities are not considered in this answer, only the connections between them."}, "15": {"mixtral": " [The Holy Thief, Ellis Peters, Headline Publishing Group]"}, "16": {"mixtral": " [Kim Possible: A Sitch in Time, Kim Possible, Adam Berry, American Dragon: Jake Long, 1080i, Space Chimps 2: Zartog Strikes Back]"}, "17": {"mixtral": " [Space Vampires vs Zombie Dinosaurs in 3D, Comedy rock, Neil Innes]"}, "18": {"mixtral": " [Davina McCall, London, England, United Kingdom, Uppingham School]"}, "19": {"mixtral": " [FK Njego\u0161 Lov\u0107enac, Simo Kruni\u0107, Serbia national under-21 football team]"}, "20": {"mixtral": " [Hard rock, Rock music, Blues rock] or [Hard rock, Blues rock]\n\nExplanation:\n- Hard rock and Rock music are connected via the relationship musicSubgenre.\n- Rock music and Blues rock are connected via the relationship stylisticOrigin.\n- Alternatively, Hard rock and Blues rock are directly connected via the relationship stylisticOrigin."}, "21": {"mixtral": " [Porcellio scaber, Isopoda, Arthropod, Animal, Insect, Polyphaga, Beetle]"}, "22": {"mixtral": " [Florence Cathedral, Florence, Cosimo de' Medici]\n\nExplanation:\n\n1. Florence Cathedral is directly connected to Florence.\n2. Florence is directly connected to Cosimo de' Medici.\n3. Therefore, the shortest path between Florence Cathedral and Cosimo de' Medici is [Florence Cathedral, Florence, Cosimo de' Medici]."}, "23": {"mixtral": " [Scrophulariaceae, Lamiales, Eudicots, Rosids, Lacistemataceae]"}, "24": {"mixtral": " [480i, Amas de Casa Desesperadas (Argentine TV series), Argentina, Buenos Aires]"}, "25": {"mixtral": " [FC Volendam, Volendam, Netherlands, Central European Summer Time]"}, "26": {"mixtral": " [Gelechioidea, Lepidoptera, Insect, Arthropod, Mordellinae]"}, "27": {"mixtral": " [Danny Brocklehurst, Linda Green, Drama (genre)]"}, "28": {"mixtral": " [Nord-Pas-de-Calais, France, Mont Chaberton]"}, "29": {"mixtral": " [Joost Hoffscholte, Aalsmeer, North Holland, List of municipalities of the Netherlands]"}, "30": {"mixtral": " [Spiritual (music), Blues, Jazz, Original Jazz Classics]"}, "31": {"mixtral": " [Can the Can, Rak Records, Mike Chapman]"}, "32": {"mixtral": " [Ezio Pinza, Rome, Italy, Italian Communist Party, Bulgaria, Bogomil Dyakov]"}, "33": {"mixtral": " [Luciano Albertini, Lugo Emilia-Romagna, Giancarlo Ferretti]"}, "34": {"mixtral": " [Central District (Iranshahr County), Iranshahr County, Iran, Iran Standard Time]"}, "35": {"mixtral": " [Philadelphia Eagles, Norm Snead, San Francisco 49ers]"}, "36": {"mixtral": " [Drops of Jupiter (Tell Me), Drops of Jupiter, Train (band), Rock music]"}, "37": {"mixtral": " [Zairil Khir Johari, Democratic Action Party, Bukit Gelugor, Penang Island City Council, Southwest Penang Island, Bayan Baru]"}, "38": {"mixtral": " [Lyubomir Kantonistov, Russian SFSR, FC Dynamo Saint Petersburg, FC Dynamo Moscow]"}, "39": {"mixtral": " [Jubilee Hills, Hyderabad Telangana, Azampura]"}, "40": {"mixtral": " [Puerto Rico, Epifanio \u201cFano\u201d Irizarry, National Academy Museum and School]"}, "41": {"mixtral": " [Iran, Amlash County, Amlash-e Jonubi Rural District, Central District (Amlash County)]"}, "42": {"mixtral": " [Pop music, Treasure (Bruno Mars song), Music download] or [Pop music, Unorthodox Jukebox, Gorilla (Bruno Mars song), Music download] or [Pop music, Unorthodox Jukebox, When I Was Your Man, Music download] or [Pop music, The Smeezingtons, Treasure (Bruno Mars song), Music download] or [Pop music, The Smeezingtons, When I Was Your Man, Music download] or [Pop music, The Smeezingtons, Gorilla (Bruno Mars song), Music download] or [Pop music, Max Martin, Contemporary R&B, The Smeezingtons, Treasure (Bruno Mars song), Music download] or [Pop music, Max Martin, Contemporary R&B, The Smeezingtons, When I Was Your Man, Music download] or [Pop music, Max Martin, Contemporary R&B, The Smeezingtons, Gorilla (Bruno Mars song), Music download] or [Pop music, Atlantic Records, Runaway Baby, Music download] or [Pop music, Atlantic Records, Treasure (Bruno Mars song), Music download] or [Pop music, Atlantic Records, When I Was Your Man, Music download] or [Pop music, Atlantic Records, Gorilla (Bruno Mars song), Music download] or [Pop music, Warner Bros., Runaway Baby, Music download] or [Pop music, Warner Bros., Treasure (Bruno Mars song), Music download] or [Pop music, Warner Bros., When I Was Your Man, Music download] or [Pop music, Warner Bros., Gorilla (Bruno Mars song), Music download]"}, "43": {"mixtral": " [Lviv, Arena Lviv, FC Karpaty Lviv, 2015-16 FC Karpaty Lviv season, 2015-16 Ukrainian Premier League]"}, "44": {"mixtral": " [RoboCop (character), Joel Kinnaman, Suicide Squad (film), Ike Barinholtz]"}, "45": {"mixtral": " [Mazraeh-ye Mirza Taqi, Aran va Bidgol County, Hoseynabad  Aran o Bidgol]"}, "46": {"mixtral": " [2011 Cupa Rom\u00e2niei Final, Bra\u0219ov, Romania, Cornel Ene]"}, "47": {"mixtral": " [Actress, Eva Todor, Budapest, Hungary, S\u00e3o Paulo (state)]"}, "48": {"mixtral": " [Cathal Brugha, Dublin, Republic of Ireland, Charlie McGettigan]"}, "49": {"mixtral": " [Dunajec, Vistula, Krak\u00f3w]"}, "50": {"mixtral": " [Concord Music Group, United States]"}, "51": {"mixtral": " [Kal Masli, Bastak County, Hormozgan Province, Iran, Murmuri Rural District]"}, "52": {"mixtral": " [Verdal, Lysthaugen Verdal, Tr\u00f8ndelag, Norway]"}, "53": {"mixtral": " [Fabaceae, Rosids, Plantae, August Gustav Heinrich von Bongard]"}, "54": {"mixtral": " [West Germany, Bonn, Germany, North Rhine-Westphalia, RAF Geilenkirchen]"}, "55": {"mixtral": " [Ectatosia, Arthropod, Insect, Lepidoptera, Lumaria rhythmologa]"}, "56": {"mixtral": " [United States Air Force, Operation Enduring Freedom, United States Army, World War II, James C. Marshall, Legion of Merit, Distinguished Service Medal (U.S. Army)]"}, "57": {"mixtral": " [Johns Hopkins University, Pavel B\u00e9m, Prague, Czech Republic]"}, "58": {"mixtral": " [BBC Tees, BBC Yorkshire, North Yorkshire, Borough of Harrogate, Harrogate (borough)]"}, "59": {"mixtral": " [Eudicots, Plantae, Grevillea]"}, "60": {"mixtral": " [Audio cassette, If (Janet Jackson song), Synthpop]"}, "61": {"mixtral": " [Stuart Webster, Rangers F.C., Griffin McMaster, Oakleigh Cannons, Heidelberg United]"}, "62": {"mixtral": " [Zhuang Jiajie, Hangzhou Greentown F.C., Wang Jiayu, Midfielder, Forward (association football)]"}, "63": {"mixtral": " [Eastern Time Zone, Baltimore, Chevrolet El Camino  Third generation  1, Canada, William Haselden Ellerbe]"}, "64": {"mixtral": " [U.K., Jason Connery, The Philly Kid, Wishmaster 3: Beyond the Gates of Hell]"}, "65": {"mixtral": " [Today (Australian TV program), 576i, Good Morning Delhi, Hoy (TV series)]"}, "66": {"mixtral": " [Politician, Arthur I. Boreman, Parkersburg  West Virginia, West Virginia, United States, Massachusetts]"}, "67": {"mixtral": " [Flumenthal, Lebern (district), G\u00fcnsberg]"}, "68": {"mixtral": " [Salelologa, Samoa, Apia]"}, "69": {"mixtral": " [FC Spartak Trnava, Anton Sloboda, Podbeskidzie Bielsko-Bia\u0142a]"}, "70": {"mixtral": " [Austria-Hungary, Galicia (Eastern Europe), Battle of Limanowa]"}, "71": {"mixtral": " [Heliaster microbrachius, Heliasteridae, Eleutherozoa, Animal, Heliaster solaris]"}, "72": {"mixtral": " [Rural Districts of Iran, Iran, Ardabil Province]"}, "73": {"mixtral": " [Gramophone record, Ask the Angels, Hard rock, Rock music, Blues rock]"}, "74": {"mixtral": " [Actor, Luis Manzano, Filipino people, Tagalog language]"}, "75": {"mixtral": " [The Last Horror Film, David Winters (choreographer), Raquel! (TV program), Bob Hope]"}, "76": {"mixtral": " [Friedrich Freiherr Kress von Kressenstein, World War I, Hermann von Hanneken (soldier), Iron Cross, Josef Swientek, German Cross, Sudetenland Medal]"}, "77": {"mixtral": " [Metr\u00f4 (band), A M\u00e3o de Mao, Olhar, Maman a tort]"}, "78": {"mixtral": " [Hollywood Pictures, The Walt Disney Studios (division)]"}, "79": {"mixtral": " [Rock (music), Rock music, Atlantic Records]"}, "80": {"mixtral": " [TFF Third League, Beylerbeyi S.K., Ahmet \u015eahbaz]"}, "81": {"mixtral": " [Bury F.C., Nigel Hart, Leicester City F.C., Nottingham Forest F.C.]"}, "82": {"mixtral": " [Selseleh County, Iran Standard Time, Kalaleh County, Kongor Rural District, Rusatai-ye Anqolab]"}, "83": {"mixtral": " [Erching, Communaut\u00e9 de communes du Pays de Bitche, Waldhouse]"}, "84": {"mixtral": " [Culicomorpha, Insect, Arthropod]"}, "85": {"mixtral": " [United States, Georgia (U.S. state), Hazlehurst  Georgia]"}, "86": {"mixtral": " [Bird, Chordate, Animal]"}, "87": {"mixtral": " [Synthpop, Electronic music, Electro house, Moombahton]"}, "88": {"mixtral": " [List of ethnic groups of Africa, Soleil Island, Geography of Seychelles]"}, "89": {"mixtral": " [Insect, Animal, Arthropod]"}, "90": {"mixtral": " [Elizabeth Fraser, Cocteau Twins, Peppermint Pig]"}, "91": {"mixtral": " [Insect, Polyphaga, Arthropod, Beetle, Nicrophorus confusus]"}, "92": {"mixtral": " [Virgil M\u0103rd\u0103rescu, FC Farul Constan\u021ba, Daniel Constantin Florea, FC Delta Tulcea, Daniel Munteanu]"}, "93": {"mixtral": " [Los Angeles, Vermont, Witch (band)]"}, "94": {"mixtral": " [Tire, Tigar Tyres, Michelin, Apollo Vredestein B.V., Netherlands, Kenda Rubber Industrial Company, Taiwan]"}, "95": {"mixtral": " [Microsoft, Microsoft BackOffice Server, Proprietary software] or [Microsoft, Proprietary software]"}, "96": {"mixtral": " [Garakan Rural District, Markazi Province]"}, "97": {"mixtral": " [Razavi Khorasan Province, Mahvelat County, Savalan Rural District]"}, "98": {"mixtral": " [Insect, Beetle, Parastathes apicalis, Cerambycidae, Lepidoptera]"}, "99": {"mixtral": " [Political activist, Yuriy Kotsiubynsky]"}, "100": {"mixtral": " [C.F. Estrela da Amadora, Laurindo Ant\u00f3nio Leal Tavares, F\u00e1bio Emanuel Moreira Silva]"}, "101": {"mixtral": " [Shooting guard, Beno Udrih, Miami Heat, Raymond Felton, North Carolina Tar Heels men's basketball, Fayetteville  North Carolina]"}, "102": {"mixtral": " [Merle Haggard, Country music, A Better Love Next Time]"}, "103": {"mixtral": " [Valdenir da Silva Vitalino, Madureira Esporte Clube]"}, "104": {"mixtral": " [Jaipur, Jodha Akbar (TV series)]"}, "105": {"mixtral": " [Vokesimurex, Mollusca, Animal, Arthropoda, Insect, Lepidoptera, Geometridae]"}, "106": {"mixtral": " [Ninnescah River, Kansas, United States, English language]"}, "107": {"mixtral": " [Malmir Rural District, Shazand County, Deh-e Zaman, Iran Daylight Time, Iran Standard Time]"}, "108": {"mixtral": " [Journalist, Mishal Husain, BBC, BBC Two]"}, "109": {"mixtral": " [Arthropod, Insect, Polyphaga, Beetle, Cerambycidae, Euryxanthops orientalis]"}, "110": {"mixtral": " [John Milton Niles, Democratic Party (United States), Washington D.C., Grove Street Cemetery]"}, "111": {"mixtral": " [Zosterops, Zosteropidae, Aves, Chordata]\n\nExplanation:\n- Zosterops is connected to Zosteropidae via the relationship family.\n- Zosteropidae is connected to Aves via the relationship class.\n- Aves is connected to Chordata via the relationship phylum."}, "112": {"mixtral": " [Roman Catholic Diocese of Engativ\u00e1, Bogot\u00e1, Colombia, Medell\u00edn, Independiente Medell\u00edn]"}, "113": {"mixtral": " [Lounge music, Les Baxter, Pajama Party (film)]"}, "114": {"mixtral": " [Zulfikar Ali Bhutto, Pakistan, Michigan Technological University]"}, "115": {"mixtral": " [Angiosperms, Eudicots, Banksia subg. Banksia, Banksia, Banksia caleyi]"}, "116": {"mixtral": " [Jim Collins (ice hockey), Central Hockey League (1963-84))]"}, "117": {"mixtral": " [England, George-\u00c9tienne Cartier, Los Angeles, Damien Marchesseault, Canada]"}, "118": {"mixtral": " [Nintendo DS, Nicktoons: Attack of the Toybots, Blue Tongue Entertainment, Microsoft Windows]"}, "119": {"mixtral": " [Ludovic Gamboa, Fontainebleau]"}, "120": {"mixtral": " [Elizabeth Mitchell, United States, California, Restless Records, Enigma Records, Death Angel, Relentless Retribution]"}, "121": {"mixtral": " [Fardabad, Alborz Province, Palangabad District, Palangabad Rural District]"}, "122": {"mixtral": " [Toho, Japan, Yao Osaka]\n\nExplanation:\n\n1. Toho is connected to Japan via the relationship locationCountry.\n2. Japan is connected to Yao Osaka via the relationship birthPlace.\n\nTherefore, the shortest path between Toho and Yao Osaka is [Toho, Japan, Yao Osaka]."}, "123": {"mixtral": " [Paul Corkett, Special K (song), Black Market Music (album)]"}, "124": {"mixtral": " [My Strongest Weakness, Wynonna (album), Wynonna Judd, Nancy O'Dell]"}, "125": {"mixtral": " [United States, Charlottesville Virginia, Karl Freund, Germany, Das Mirakel (1912 film)]"}, "126": {"mixtral": " [His Majesty's Lieutenant, Georg Alexander, Jealousy (1925 film)]"}, "127": {"mixtral": " [E. A. Hewett, Albert Ehrhardt, Edward VII, George V, Everard im Thurn]"}, "128": {"mixtral": " [Rock music, Soul music, Rhythm and blues, Hip hop music, City]"}, "129": {"mixtral": " [Tel\u0161iai, Liudas Rumbutis, Midfielder, Vytautas Luk\u0161a, FK Ekranas, Saulius Mikoli\u016bnas, FC \u017dalgiris, Bahrudin Ataji\u0107]"}, "130": {"mixtral": " [Persema Malang, Eko Purjianto, Defender (association football), Midfielder]"}, "131": {"mixtral": " [Joseph Mendes, Le Havre AC, Fabien Tissot, Nancy France]"}, "132": {"mixtral": " [Cathexis longimana, Insect, Apatophaga, Beetle, Apatophysis, Cerambycidae]"}, "133": {"mixtral": " [Dairy, Lakeside Dairy Limited, Uganda, Winnie Byanyima]"}, "134": {"mixtral": " [Mount de Sales Academy (Georgia), Macon  Georgia]"}, "135": {"mixtral": " [Turdus, Aves, Passeriformes]"}, "136": {"mixtral": " [Paul von Hindenburg, North German Confederation, German Empire, Germany]"}, "137": {"mixtral": " [Shanastaq-e Olya, Qazvin Province, Geoffrey Harrison]"}, "138": {"mixtral": " [Razavi Khorasan Province, Iran, Kerman Province, Bardsir County]"}, "139": {"mixtral": " [United States, Canadians, Ontario, CHBM-FM]"}, "140": {"mixtral": " [E. J. Babille, Janice Meredith, Joseph Kilgour, Ayr Ontario]"}, "141": {"mixtral": " [Businessman, John Cameron (Queensland politician), Irish Australian]"}, "142": {"mixtral": " [Taylor Momsen, Very Emergency]"}, "143": {"mixtral": " [Moscow Oblast, Konstantin Kozeyev]"}, "144": {"mixtral": " [Domvast, Abbeville, Le Titre]"}, "145": {"mixtral": " [Ab Garm-e Bala, Baqerabad Rural District, Mahallat County, Markazi Province, Iran, Iran Daylight Time]"}, "146": {"mixtral": " [Mario Bonotti, Italy, Teresa Venerd\u00ec]"}, "147": {"mixtral": " [Marsupialia, Mammal, Petauridae, Animal, Museum]"}, "148": {"mixtral": " [Zaruhi Kalemkaryan, Armenian Americans, Armenian Australians, Russian language]"}, "149": {"mixtral": " [Cargo, FedEx, Mail]"}, "150": {"mixtral": " [East Caribbean dollar, Grenada, Constitutional monarchy] or [East Caribbean dollar, Saint Lucia, Constitutional monarchy]"}, "151": {"mixtral": " [Germany, Clemens Fandrich, Midfielder, RCD Mallorca]"}, "152": {"mixtral": " [Neocomites, Mollusca, Gastropoda, Pagodulinae]"}, "153": {"mixtral": " [Isfahan Province, Iran, Iran Standard Time]"}, "154": {"mixtral": " [Front-engine  four-wheel-drive layout, Alfa Romeo 159, GM/Fiat Premium platform, Opel Insignia, Opel, Holden Commodore (VP)]"}, "155": {"mixtral": " [Nargesi-ye Alimordan, Golgir District, Masjed Soleyman County]"}, "156": {"mixtral": " [G.R.I.N.D (Get Ready It's a New Day), Universal Motown, SRC Records, Baffled and Beat]"}, "157": {"mixtral": " [Mathematics, Toniann Pitassi, Computer Science, Stephen Cook, Harvard University]"}, "158": {"mixtral": " [The First Chronicles of Druss the Legend, David Gemmell, Waylander II: In the Realm of the Wolf, Hardback]"}, "159": {"mixtral": " [Antwerp, Belgium, French language, France]"}, "160": {"mixtral": " [Etta James Rocks the House, Ralph Bass, Jazz, Argo Records]"}, "161": {"mixtral": " [Marlous Pie\u00ebte, AFC Ajax (women), FC Twente (women), Shanice van de Sanden]"}, "162": {"mixtral": " [Jinan, Shandong, China, Lishui]"}, "163": {"mixtral": " [CNN en Espa\u00f1ol, United States, Wisconsin, Madison Wisconsin, WLMV]"}, "164": {"mixtral": " [Hamburg, Germany, Baden-W\u00fcrttemberg]"}, "165": {"mixtral": " [Arthropod, Animal, Triviidae]"}, "166": {"mixtral": " [Canadian Bureau for International Education, Canada, India]"}, "167": {"mixtral": " [Animal, Maxillopoda, Cyclops bicuspidatus, Animal, Cyclopidae, Copepod, Animal, Cyclopoida, Animal, Austria]\n\nExplanation:\n\n- The shortest path between Animal and Austria involves going from Animal to Maxillopoda (which is a subclass of Animal) and then through several subclasses and families of Maxillopoda until reaching Cyclops bicuspidatus.\n- From Cyclops bicuspidatus, the path goes to its binomialAuthority, Carl Friedrich Wilhelm Claus, and then to his birthPlace, Kassel, which is in Germany.\n- After that, it goes to Germany and then to Austria, which is connected to Germany via the relationship ethnicGroup."}, "168": {"mixtral": " [Cibola County  New Mexico, North Acomita Village  New Mexico]"}, "169": {"mixtral": " [Mykolaiv Oblast, Bereznehuvate, Urban-type settlement, Kalyta, Brovary Raion, Ukraine, Kiev]"}, "170": {"mixtral": " [Florida, United States, Canadians, Norman Cantor, Historian, Wallace Thurman]"}, "171": {"mixtral": " [Cecil Payne, Randy Weston, Get Happy with the Randy Weston Trio, Jazz, Album]"}, "172": {"mixtral": " [French Royal Army (1652\u20131830), Kingdom of France, Maximilien de B\u00e9thune  Duke of Sully, Rosny-sur-Seine]"}, "173": {"mixtral": " [Dream pop, Dappled Cities, Indie pop, Alternative rock, Rock music, Pop music, Gerling, Sydney]"}, "174": {"mixtral": " [Russia, Ivanovo, Aleksandr Yuryevich Gushchin, Defender (football), Yevgeni Shamrin]"}, "175": {"mixtral": " [Actinopterygii, Tetraodontiformes, Animalia, Mollusca, Gastropoda, Muricoidea]"}, "176": {"mixtral": " [Ivan \u0160uba\u0161i\u0107, Zagreb]"}, "177": {"mixtral": " [Roy Barraclough, England, Hertfordshire, Handley Page H.P.54 Harrow]"}, "178": {"mixtral": " [Canada, Bridgetown  Nova Scotia, United States]"}, "179": {"mixtral": " [Buddhism, British Indian, Belfast]"}, "180": {"mixtral": " [Last Embrace, David Shaber, New York City, Cop Land]"}, "181": {"mixtral": " [Serbia, Ottoman wars in Europe, List of campaigns of Suleiman the Magnificent, Near East]"}, "182": {"mixtral": " [Hu\u1ebf, T\u00f4n Th\u1ea5t Thi\u1ec7n]"}, "183": {"mixtral": " [Vancouver, CIVT-DT, CFTK-TV] or [Vancouver, Bell Media, CFTK-TV] are two shortest paths between Vancouver and CFTK-TV in this network."}, "184": {"mixtral": " [Rio de Janeiro, Brazil, Arthur Friedenreich, Brazil national football team, Clube de Regatas do Flamengo]"}, "185": {"mixtral": " [Novella, Ion Luca Caragiale, George C\u0103linescu, Paul Georgescu, Romania, Bucharest, 2001 Supercupa Rom\u00e2niei]"}, "186": {"mixtral": " [Shoegazing, Indie rock, Hush (Asobi Seksu album), Acoustic at Olympic Studios, Dream pop, Ethereal wave, Shoegaze]"}, "187": {"mixtral": " [2nd Virginia Cavalry, Thomas T. Munford, Confederate States of America]"}, "188": {"mixtral": " [Manujan County, Iran Daylight Time, Quchan County]"}, "189": {"mixtral": " [Arthropod, Animal, Insect, Polyphaga, Beetle, Animalia, Chordata, Chordate]"}, "190": {"mixtral": " [The King of Fighters: Maximum Impact, Xbox (console), The King of Fighters 2003] or [The King of Fighters: Maximum Impact, SNK Playmore, The King of Fighters 2003] or [The King of Fighters: Maximum Impact, PlayStation 2, The King of Fighters 2003]\n\nExplanation:\nThe King of Fighters: Maximum Impact is connected to Xbox (console) and Xbox (console) is connected to The King of Fighters 2003, forming a path of length 2.\nThe King of Fighters: Maximum Impact is connected to SNK Playmore and SNK Playmore is connected to The King of Fighters 2003, forming a path of length 2.\nThe King of Fighters: Maximum Impact is connected to PlayStation 2 and PlayStation 2 is connected to The King of Fighters 2003, forming a path of length 2.\n\nTherefore, the shortest path between The King of Fighters: Maximum Impact and The King of Fighters 2003 is of length 2, and there are three such shortest paths."}, "191": {"mixtral": " [Liard River, British Columbia, Conservative Party of Canada, Brian Mulroney, Canadians, Nellie Cournoyea]"}, "192": {"mixtral": " [Volvo S80  First generation  1, Volvo S80, Full-size]"}, "193": {"mixtral": " [Calgary, Alberta, Canada, Stan Obodiac]"}, "194": {"mixtral": " [Power pop, The Cars, Shake It Up (The Cars song)]"}, "195": {"mixtral": " [Contemporary R&B, Soul music, Voices (Disclosure song), AlunaGeorge]"}, "196": {"mixtral": " [Dizjan  Golpayegan, Isfahan Province, Golpayegan County]"}, "197": {"mixtral": " [Jacksonville  Florida, Republican Party (United States), William N. Doak]"}, "198": {"mixtral": " [Joe Leaphorn, The Dark Wind, Harper & Row, The Five Red Herrings]"}, "199": {"mixtral": " [Stojan Novakovi\u0107, Principality of Serbia, Milan I of Serbia]"}, "200": {"mixtral": " [The Swedish Nightingale (film), Per Schwenzen, I Often Think of Piroschka, German language, We Make Music, Aribert W\u00e4scher]"}, "201": {"mixtral": " [Molendoa ogalalensis, Molendoa, Bryopsida, Dicranales, Moss, Tayloria acuminata]"}, "202": {"mixtral": " [Soviet Union, Moscow, Russia]"}, "203": {"mixtral": " [Pacific Daylight Time, Humboldt County California, Arcata California, Ralph Carney]"}, "204": {"mixtral": " [Actinopterygii, Perciformes, Chordata, Animalia, Chordata, Heteromyidae, Rodent]"}, "205": {"mixtral": " [Metiabruz, West Bengal, Bengali language]"}, "206": {"mixtral": " [Joan Hutt, British people, English language, United Kingdom, Scotland]"}, "207": {"mixtral": " [Animal, Insect, Lepidoptera, Acraga goes]"}, "208": {"mixtral": " [Punk rock, Metalcore, Heavy metal music, Roadrunner Records]"}, "209": {"mixtral": " [Thesaban, Buriram, UTC+07:00, Lopburi, Peeratat Phoruendee, Defender (association football)]"}, "210": {"mixtral": " [Rubus, Rosaceae, Prunus]"}, "211": {"mixtral": " [It Happens Every Thursday, English language]"}, "212": {"mixtral": " [Karin Knapp, Bruneck, South Tyrol]"}, "213": {"mixtral": " [Warrick Sony, Port Elizabeth, Allan Hendrickse]"}, "214": {"mixtral": " [Life (Dope album), Dope (band)]"}, "215": {"mixtral": " [Cohoni, Pedro Domingo Murillo Province, La Paz Department (Bolivia), La Paz]"}, "216": {"mixtral": " [San Ram\u00f3n  Costa Rica, Costa Rica]"}, "217": {"mixtral": " [Pedro Largo Carazo, Defender (association football), Andrew Mwesigwa, Sheffield United F.C., Beijing Guoan, Yang Chen (footballer born 1974), People's Republic of China]"}, "218": {"mixtral": " [Kuntsevo District, Russia, Saratov Reservoir]"}, "219": {"mixtral": " [Gentianales, Asterids, Apocynaceae, Asclepiadoideae, Secamone volubilis]"}, "220": {"mixtral": " [L\u00fcdenscheider Nachrichten, L\u00fcdenscheid, Markus Dworrak, FC Energie Cottbus]"}, "221": {"mixtral": " [Mohammed Omar, Afghanistan, Marjah]\n\nExplanation:\n\n1. Mohammed Omar is connected to Afghanistan via the relationship citizenship.\n2. Afghanistan is connected to Marjah via the relationship country."}, "222": {"mixtral": " [English language, United States, ABC News Radio, Maury Chaykin, Canada, David Hemblen, Yin Yang Yo!]"}, "223": {"mixtral": " [Omatako Dam, Okahandja, Namibia, Windhoek, Wilko Risser, FC Schalke 04 II]"}, "224": {"mixtral": " [Matteo Colombi, S.S. Maceratese 1922, Giuseppe Aquino (footballer born 1983)]"}, "225": {"mixtral": " [English language, North America, Telepace, Channel 9 (Bangladesh)]"}, "226": {"mixtral": " [2007 Sagan Tosu season, Sagan Tosu, Kataller Toyama]"}, "227": {"mixtral": " [Brian Richard, United States, South Carolina, Tania (artist)]"}, "228": {"mixtral": " [For a Moment Freedom, Austria, Michael Katz (producer), Sasson Gabai]"}, "229": {"mixtral": " [All the Way to Reno (You're Gonna Be a Star), Sony, Pop music, Contemporary R&B, Sex Cymbal]"}, "230": {"mixtral": " [Spinefarm Records, Universal Music Group, EMI, Jag kommer, Finland]"}, "231": {"mixtral": " [Cangas de On\u00eds, Fruela I of Asturias, Aurelius of Asturias, Mauregatus of Asturias]"}, "232": {"mixtral": " [Sardinia, Italy, Sarntal Alps, Jakobsspitze]"}, "233": {"mixtral": " [Stevan Mokranjac, Negotin, Serbia, Bor District, Spain]"}, "234": {"mixtral": " [Boletales, Basidiomycota, Agaricomycetes, Agaricales, Psilocybe, Psilocybe thaiaerugineomaculans]"}, "235": {"mixtral": " [Beweg dein Arsch, LaFee, Virus (LaFee song)]"}, "236": {"mixtral": " [G\u00e9rard Mestrallet, Suez (company), Paris]"}, "237": {"mixtral": " [Yeovil Town F.C., Matt Hayfield, Bristol]"}, "238": {"mixtral": " [California, Redondo Beach California, Steve Johnson (tennis), United States, Milwaukee, U.S. Bank Center (Milwaukee)]"}, "239": {"mixtral": " [Trophonopsis, Mollusca, Arthropod]"}, "240": {"mixtral": " [Brian Fargo, Fallout (video game), Fallout 3]"}, "241": {"mixtral": " [Longhorn beetle, Beetle, Insect]"}, "242": {"mixtral": " [Common greenshank, Charadriiformes, Sternidae]"}, "243": {"mixtral": " [Wii U, Wii, PlayStation 3]"}, "244": {"mixtral": " [Slovakia, Bratislava, Martin \u010eurica, Czechoslovakia]"}, "245": {"mixtral": " [Sphaerosepalaceae, Rhopalocarpus louvelii, Eudicots, Rosids, Rhopalocarpus mollis]"}, "246": {"mixtral": " Here is the shortest path between the Olympic Stadium (Berlin) and the 2011 DFB-Pokal Final:\n\n[Olympic Stadium (Berlin), 2012 DFB-Pokal Final, 2011 DFB-Pokal Final]\n\nExplanation:\n\n- Olympic Stadium (Berlin) is connected to 2012 DFB-Pokal Final via the relationship location.\n- 2012 DFB-Pokal Final is connected to 2011 DFB-Pokal Final via the relationship previousEvent."}, "247": {"mixtral": " [Odenwaldkreis, Germany, Russia, Saint Petersburg, Saint Petersburg State University, Alexander Friedmann]"}, "248": {"mixtral": " [Anthracoceratidae, Ammonoidea, Cephalopod, Coleoidea, Mollusca, Animal, Abraliopsis morisii]"}, "249": {"mixtral": " [Philinoidea, Gastropoda, Mollusca, Animal, Helicoidea, Polygyridae, Patera clarki]"}, "250": {"mixtral": " [Mystiko, Peggy Zina, Ena Hadi, Album, Trekse]"}, "251": {"mixtral": " [Aix-en-Provence, Villeurbanne, Geoffrey Demont]"}, "252": {"mixtral": " [Blondeliini, Tachinidae, Fly, Animal]"}, "253": {"mixtral": " [Penthouse and Pavement, Heaven 17, Come Live with Me (Heaven 17 song)]"}, "254": {"mixtral": " [Founder's Mutation, Ryan Robbins, Wrecked (film), Caroline Dhavernas]"}, "255": {"mixtral": " [5 O'Clock Charlie, M*A*S*H (TV series), Radar's Report, Sheldon Keller, The New Bob Cummings Show]"}, "256": {"mixtral": " [New Jersey, Burlington County  New Jersey]"}, "257": {"mixtral": " [Avellaneda, Argentina, Moya Dodd]\n\nExplanation:\n\n- Avellaneda is connected to Argentina via the relationship birthPlace.\n- Argentina is connected to Moya Dodd via the relationship almaMater (indirectly through University of Adelaide, but this path is longer)."}, "258": {"mixtral": " [Spain, Central European Time, Catalonia, Gimn\u00e0stic de Tarragona, Diego Torres Rodr\u00edguez, Recreativo de Huelva, Caye Quintana]"}, "259": {"mixtral": " [MikroTik, Riga, Aleksejs Vi\u0161\u0146akovs, List of Latvian football transfers winter 2013-14]"}, "260": {"mixtral": " [The House of Rothschild, Barbara McLean, The Egyptian (film)]"}, "261": {"mixtral": " [Newspaper, Radikal, Ba\u011fc\u0131lar, Chinese language]"}, "262": {"mixtral": " [Insecta, Insect, Lepidoptera, Asura (moth), Asura strigipennis]"}, "263": {"mixtral": " [Germany, Baden-W\u00fcrttemberg, Weilheim an der Teck]"}, "264": {"mixtral": " [Bucculatrix facilis, Bucculatrix, Bucculatricidae, Bucculatrix bechsteinella]"}, "265": {"mixtral": " [The Last Castle, DreamWorks, The Contender (2000 film), Larry Group\u00e9, Scenes of the Crime]"}, "266": {"mixtral": " [Kristen Connolly, United States, Ted Curson]"}, "267": {"mixtral": " [England national under-19 football team, Wayne Rooney, Coleen Rooney, Roman Catholic]"}, "268": {"mixtral": " [Hydrotaea diabolus, Fly, Muscidae]"}, "269": {"mixtral": " [Louis Beethoven Prout, Eois nigricosta, Eois operbula, Lepidoptera, Agdistis bouyeri]"}, "270": {"mixtral": " [Eupholidoptera chabrieri, Insect, Damselfly]"}, "271": {"mixtral": " [Mullaitivu District, Northern Province  Sri Lanka, Jaffna District]"}, "272": {"mixtral": " [London, Entertainment Film Distributors, Peter Wolf (producer), Vienna  Austria]"}, "273": {"mixtral": " [Colette Carr, Interscope Records, Jamaica]"}, "274": {"mixtral": " [Rosaceae, Eudicots, Ranunculales, Ranunculaceae, Ranunculus, Ranunculus flammula]"}, "275": {"mixtral": " [Norway, Central European Time, Spain]"}, "276": {"mixtral": " [Polyphaga, Insect, Arthropod]"}, "277": {"mixtral": " [O'Higgins F.C., Chile, Renault 21]\n\nExplanation:\n\n1. O'Higgins F.C. is connected to Chile via the relationship ground.\n2. Chile is connected to Renault 21 via the relationship assembly.\n3. Therefore, the shortest path between O'Higgins F.C. and Renault 21 is [O'Higgins F.C., Chile, Renault 21]."}, "278": {"mixtral": " [Passenger (Powderfinger song), Powderfinger, Bernard Fanning]"}, "279": {"mixtral": " [Outsourcing, IT service management, Mphasis, Business consulting]"}, "280": {"mixtral": " [My Man Is a Loser, Sean Young]"}, "281": {"mixtral": " [The Mystery of the Hooded Horsemen, Grand National Pictures, Something to Sing About (1937 film)]"}, "282": {"mixtral": " [Nashville Tennessee, Con Brio Records, Reprise Records]"}, "283": {"mixtral": " [\u00c6thelheard of Wessex, England, United Kingdom, Jefferson Airplane]"}, "284": {"mixtral": " [Eudicots, Gratiola peruviana, Gratiola, Gratiola officinalis, Lamiales]"}, "285": {"mixtral": " [Steve Scrivens, Brentford F.C., Maurice Edelston, England national football team, United Kingdom]"}, "286": {"mixtral": " [Justin Bieber, Recovery (Justin Bieber song), Island Records, Love Me (Justin Bieber song)]"}, "287": {"mixtral": " [Norrbotten, Norrbotten County, Sweden, Municipalities of Sweden, Pajala Municipality, Korpilombolo, Central European Summer Time, Vall\u00e9s Valencia]"}, "288": {"mixtral": " [Republican Party (United States), Frederick W. Dallinger, United States federal judge, William C. Adamson]"}, "289": {"mixtral": " [Oklahoma City, United States, United States Democratic Party]"}, "290": {"mixtral": " [Alexander Abraham (boxer), Armenians]"}, "291": {"mixtral": " [Municipalities of Switzerland, Wynigen, Anita Weyermann]"}, "292": {"mixtral": " The shortest path between Chordata and Beetle is: [Chordata, Animal, Arthropod, Beetle]"}, "293": {"mixtral": " [Georgios Papandreou (historian), Greece, Peloponnese, Battle of Gravia Inn]"}, "294": {"mixtral": " [Dangepia, Iran Standard Time, Zanjan Province, South Khorasan Province]"}, "295": {"mixtral": " [Richard P. Stanley, Gian-Carlo Rota, Jacob T. Schwartz, Leroy P. Steele Prize, Applied mathematics, Group theory]"}, "296": {"mixtral": " [Sunderland Nissan F.C., Gary Pearson (footballer), Seaham, United Kingdom]"}, "297": {"mixtral": " [University of South Carolina, Columbia South Carolina, South Carolina, Lee Harris (politician)]"}, "298": {"mixtral": " [Kenya, Nairobi, Central Province (Kenya), North Eastern Province (Kenya)]"}, "299": {"mixtral": " [Somme (department), France, Haute-Sa\u00f4ne]"}, "300": {"mixtral": " [London, Drummonds Bank]"}, "301": {"mixtral": " [Richard Thompson (footballer born 1969), Newport County A.F.C., Trowbridge Town F.C., John Smeulders]"}, "302": {"mixtral": " [Midfielder, Noam Shoham, Maccabi Netanya, Danny Etzioni, Hapoel Katamon Jerusalem F.C.]"}, "303": {"mixtral": " [North Sydney Nova Scotia, Nova Scotia]"}, "304": {"mixtral": " [Essex  Connecticut, C. Douglas Dillon, United States]"}, "305": {"mixtral": " [Les Reed (songwriter), Here It Comes Again (The Fortunes song), The Fortunes, Pop music, Rock music, Alan Lorber]"}, "306": {"mixtral": " [Morrens, Gros-de-Vaud District]"}, "307": {"mixtral": " [In My Dream (With Shiver), Luna Sea, Mother (Luna Sea album)]"}, "308": {"mixtral": " [Kerman Province, Iran, Kafsh Kal Mahalleh]\n\nExplanation:\n\n1. Kerman Province is connected to Iran via the relationship country.\n2. Iran is connected to Kafsh Kal Mahalleh via the relationship country.\n\nThis is the shortest path between Kerman Province and Kafsh Kal Mahalleh, as it only requires two hops."}, "309": {"mixtral": " [United States, Tennessee]"}, "310": {"mixtral": " [Angiosperm, Angiosperms, Orchidaceae, Aeranthes ramosa, Robert Allen Rolfe]"}, "311": {"mixtral": " [Ramblin' Gamblin' Man (song), Album, The Fire Inside, Like a Rock, Beautiful Loser]"}, "312": {"mixtral": " [Solaris (operating system), IBM WebSphere Application Server, PowerPC, PulseAudio, Linux, Unreal Engine, PlayStation 4]"}, "313": {"mixtral": " [Crabronidae, Crabroninae]"}, "314": {"mixtral": " [Shabeh Rural District, Razavi Khorasan Province, Rashtkhvar County, Ab Niyeh-ye Sofla]"}, "315": {"mixtral": " [Nawa Region, Bas-Sassandra District, Lacs District]"}, "316": {"mixtral": " [Ingo Steuer, East Germany, Heinz Thiel]"}, "317": {"mixtral": " [English language, United States, Ralph Rainger, California, Palm Springs  California, Ralph Rainger, Wallace Ford]"}, "318": {"mixtral": " The shortest path between Iran and Midfielder is: [Iran, Midfielder]"}, "319": {"mixtral": " [Uruguay national under-20 football team, Enzo Scorza, Uruguay, Chery Tiggo]"}, "320": {"mixtral": " [Montpellier HSC, Anthony Scribe, Croix-de-Savoie, Thomas Kokkinis]"}, "321": {"mixtral": " [Cavalry, Canadian Cavalry Brigade, Canadian Expeditionary Force, Trinity College Cambridge, J. E. B. Seely 1st Baron Mottistone]"}, "322": {"mixtral": " [Alfredo Ortiz, Tucson Arizona, United States, Rhymesayers Entertainment]"}, "323": {"mixtral": " [Cornwall, Matthew Paul Moyle, University of California  Berkeley, Jeffrey C. Wynn]"}, "324": {"mixtral": " [Translator, Liu Banjiu, Beijing]"}, "325": {"mixtral": " [Wac\u0142aw Olszak, Karvin\u00e1, Radek \u0160t\u011bp\u00e1nek]"}, "326": {"mixtral": " [Arroio Grande district of Santa Maria, Rio Grande do Sul, Santa Flora district of Santa Maria]"}, "327": {"mixtral": " [Quercus patelliformis, Rosids, Plantae, Eudicots]"}, "328": {"mixtral": " [Denis Istomin, Uzbekistan, Lola Karimova-Tillyaeva]"}, "329": {"mixtral": " [Angiosperms, Eudicots, Asteroideae, Asterales, Plantae, Bromeliaceae]"}, "330": {"mixtral": " [Freeware, Microsoft Virtual Server, Utility software]"}, "331": {"mixtral": " [Davide Faraon, Vittorio Veneto, Carlo Osti]"}, "332": {"mixtral": " [Insect, Arthropod, Beetle]"}, "333": {"mixtral": " [George W. Bush, Republican Party (United States), Richard Nixon, Manhattan]"}, "334": {"mixtral": " [Hardcover, Prince Lestat, United States, Texas]"}, "335": {"mixtral": " [United States, Kentucky, John Young Brown III]"}, "336": {"mixtral": " [Wilhelm Albert (Wehrmacht officer), German Army (Wehrmacht), Knight's Cross of the Iron Cross]"}, "337": {"mixtral": " [Olesno County, Poland, Central European Time, Link\u00f6ping]"}, "338": {"mixtral": " [Work It Out (Def Leppard song), Def Leppard, Mercury Records, Pour Some Sugar on Me, Heavy metal music, Music download]"}, "339": {"mixtral": " [Eleanor Roosevelt (Hato Rey), Puerto Rico, San Juan  Puerto Rico, WZNA-LD]"}, "340": {"mixtral": " [Reggae fusion, Slightly Not Stoned Enough to Eat Breakfast Yet Stoopid, Chronchitis, California, MEGG]"}, "341": {"mixtral": " [Raphael (archangel), Islam, Albanians, Xhafer Deva]"}, "342": {"mixtral": " [Forward (association football), Anthony Lozano, Valencia CF Mestalla, Valencia, Valencia CF]"}, "343": {"mixtral": " [Midfielder, Ver\u00f3nica P\u00e9rez, Seattle Reign FC, Emily van Egmond, Chicago Red Stars]"}, "344": {"mixtral": " [Carolina Panthers, Josh Vaughan]"}, "345": {"mixtral": " [Palangin, Iran Daylight Time, West Azerbaijan Province, Urmia County]"}, "346": {"mixtral": " [Timeform, Chief Singer, St. James's Palace Stakes, American Handicap]"}, "347": {"mixtral": " [Spain, Cheli (footballer), Recreativo de Huelva, \u00d3scar Garc\u00eda Guerrero]"}, "348": {"mixtral": " [Jean-B\u00e9del Bokassa, Ubangi-Shari, Jean-Paul Ngoupand\u00e9]"}, "349": {"mixtral": " [Lomonosov Gold Medal, Hans Bethe, Peter A. Carruthers, Leonard Susskind, Ohio Valley Wrestling]"}, "350": {"mixtral": " [Thomas Mayr-Harting, Austria]"}, "351": {"mixtral": " [Nigar Jamal, Azerbaijani SSR, Azerbaijan]"}, "352": {"mixtral": " [Biarritz Olympique, Parc des Sports Aguil\u00e9ra, France, Tom Riley (rugby union), Jamie Robinson (rugby player)]"}, "353": {"mixtral": " [Live and Improvised, Columbia Records, Blood  Sweat & Tears, Brand New Day (Blood  Sweat & Tears album)]"}, "354": {"mixtral": " [Eudicot, Eudicots, Eugenia] is the shortest path between Eugenia and Eucalyptus mckieana in this network."}, "355": {"mixtral": " [Hybodus, Chordata, Animal]"}, "356": {"mixtral": " [Clepsis uncisecta, Lepidoptera, Insect, Clepsis rasilis]"}, "357": {"mixtral": " [South Korea national football team, Kim Do-hoon, Jeonbuk Hyundai Motors]"}, "358": {"mixtral": " [Keyboard instrument, Rock music, Glam metal, Hard rock, L.A. Guns, United States, Ohio]"}, "359": {"mixtral": " [Anne Christine of Sulzbach Princess of Piedmont, Basilica of Superga, Theodore Eustace Count Palatine of Sulzbach]"}, "360": {"mixtral": " [Colorado Avalanche, Vitali Kolesnik, Soviet Union, Moscow]"}, "361": {"mixtral": " [Hoyv\u00edk, T\u00f3rshavn Municipality, Faroe Islands]"}, "362": {"mixtral": " [Lorenzo D'Anna, Italy, Oggiono]"}, "363": {"mixtral": " [My Own Love Song, Path\u00e9, Touching the Void (film)]"}, "364": {"mixtral": " [FC United of Manchester, Jason Gilchrist, Droylsden F.C.]"}, "365": {"mixtral": " [Tamil Nadu, Yuvan Shankar Raja, Theeradha Vilaiyattu Pillai, Paiyaa (soundtrack), Film soundtrack, Tamil language, Thekkathi Ponnu]"}, "366": {"mixtral": " [University of Minnesota, Eric Sevareid, Washington  D.C., James Blair (South Carolina)]"}, "367": {"mixtral": " [Mute Records, Alternative rock]"}, "368": {"mixtral": " [Jules Verne, Godfrey Morgan]"}, "369": {"mixtral": " [Asparagales, Orchidaceae, Plant, Plantae, Asterales]"}, "370": {"mixtral": " [Central European Summer Time, Catalonia, Central European Time]"}, "371": {"mixtral": " [M. Rajesh, Kadavul Irukaan Kumaru, All in All Azhagu Raja]"}, "372": {"mixtral": " [Wolfenschiessen, Nidwalden, N\u00fcnalphorn, Rotsandnollen, Canton of Bern]"}, "373": {"mixtral": " [Loire (department), France, Rh\u00f4ne-Alpes, Les Houches]"}, "374": {"mixtral": " [Languedoc-Roussillon, France, Bas-Rhin]"}, "375": {"mixtral": " [Co-educational, Independent school, Peninsula School (Australia), Australia, Victoria (Australia), Paperback]"}, "376": {"mixtral": " [Gnathophyllidae, Arthropod, Animal, Cerambycidae, Stizocera]"}, "377": {"mixtral": " [Speed metal, Heavy metal music, Music for Nations, Unveiling the Wicked]"}, "378": {"mixtral": " [Blac Elvis, Record producer, Tommy Brown (record producer), Hip hop music]"}, "379": {"mixtral": " [Marin Ani\u010di\u0107, Socialist Federal Republic of Yugoslavia, Mostar, Central European Summer Time]"}, "380": {"mixtral": " [Phalonidia, Lepidoptera, Phalonidia phlebotoma]"}, "381": {"mixtral": " [Wizards of the Coast, Manual of the Planes, Hardback]"}, "382": {"mixtral": " [J\u00f3zsef Eisenhoffer, Midfielder]"}, "383": {"mixtral": " [Eugene O'Neill, Jason Robards, All the President's Men (film), Warner Bros., Act One (film), Moss Hart]"}, "384": {"mixtral": " [Base A\u00e9rea Teniente Benjam\u00edn Matienzo, Argentina, Enzo Kalinski]"}, "385": {"mixtral": " [Indie rock, Alternative rock, Nu metal, Break the Line, Supersonic Records, Offline (album)]"}, "386": {"mixtral": " [Iran, Semnan Province, Sorkheh County]"}, "387": {"mixtral": " [California, United States, Minnesota]"}, "388": {"mixtral": " [Botch (band), Hydra Head Records, Sargent House]"}, "389": {"mixtral": " [Sam Mitchinson, Staffordshire, United Kingdom, River Tame West Midlands]"}, "390": {"mixtral": " [Atlantic Records, ABBA, Money  Money  Money]"}, "391": {"mixtral": " [Littoraria pallescens, Littorinidae, Littorinoidea, Mollusca, Animalia]"}, "392": {"mixtral": " [Nothing to Declare (album), Justin Time Records, Speaking in Tongues (David Murray album)]"}, "393": {"mixtral": " [Glory (1956 film), Peter Milne (screenwriter), God Is My Co-Pilot (film)]"}, "394": {"mixtral": " [FR layout, Holden FE, Holden, Holden Commodore (VN)]"}, "395": {"mixtral": " [Songwriter, Andy Sturmer, Guitar, Omar Hakim, Pop music, Singing]"}, "396": {"mixtral": " [Thanks to the Saint, Mystery fiction, The Saint and the Fiction Makers, Leslie Charteris, The Saint and the People Importers]"}, "397": {"mixtral": " [Kahn-e Seyyed Mohammad Bakhti, Birk Rural District, Mehrestan County, Sistan and Baluchestan Province, Iran, Kerman Province]"}, "398": {"mixtral": " [Beerware, Opentracker, C, Wayland (display server protocol), Linux]"}, "399": {"mixtral": " [Society, Technological and industrial history of the United States, Law enforcement agency]"}, "400": {"mixtral": " [Poland, Sceptic (band), Technical death metal, Death metal, Black metal]"}, "401": {"mixtral": " [Nepal, Gandaki Zone, Vyas Municipality]"}, "402": {"mixtral": " [Pop music, Pop rock, Rock music, Folk rock]"}, "403": {"mixtral": " [Admir\u00e1vel Mundo Novo, Indie rock, Indie pop, Emo pop]"}, "404": {"mixtral": " [Newport Beach California, United States, California, Asian Man Records]"}, "405": {"mixtral": " [Essex, Braintree  Essex, Garry Nelson]\n\nExplanation:\nGarry Nelson is connected to Braintree  Essex via the relationship birthPlace. Essex is also connected to Braintree  Essex via the relationship isPartOf. Therefore, the shortest path between Essex and Garry Nelson is [Essex, Braintree  Essex, Garry Nelson]."}, "406": {"mixtral": " [Pittsfield Massachusetts, Massachusetts]"}, "407": {"mixtral": " [Chrysler Valiant (AP5), Tonsley Park, Chrysler Valiant (VH)]"}, "408": {"mixtral": " [United States Army, American Civil War, Battle of Gettysburg]"}, "409": {"mixtral": " Here is the shortest path between Tehran and Midfielder (football) in the given network:\n\n[Tehran, Iran, Mehdi Kiani (footballer born 1978), Midfielder (football)]"}, "410": {"mixtral": " [Above & Beyond (band), Trance music, Synthesizer]"}, "411": {"mixtral": " [Bang Sue District, Siam Cement]"}, "412": {"mixtral": " [Rock music, Metalcore, Torcha!, Waltari, Helsinki]"}, "413": {"mixtral": " [New York City, Union Theological Seminary (New York City), Frederick James Woodbridge]"}, "414": {"mixtral": " [Sam Caligiuri, Waterbury Connecticut, Connecticut]"}, "415": {"mixtral": " [India, Vinayak Lohani, IIT Kharagpur, Sundar Pichai, United States, American Broadcasting Company]"}, "416": {"mixtral": " [Adoniram J. Warner, New York (state), United States, Ohio, Highland County  Ohio, Mowrystown  Ohio, Village (United States), Oak Harbor  Ohio]"}, "417": {"mixtral": " [Brian Mast, Republican Party of the United States, John Price (diplomat)]"}, "418": {"mixtral": " [Caelifera, Orthoptera, Acridoidea, Acrididae, Austroicetes vulgaris]"}, "419": {"mixtral": " [The Go, United States, Turkey]"}, "420": {"mixtral": " [Voldem\u0101rs Veiss, German Army (Wehrmacht), United States Army] or [Voldem\u0101rs Veiss, Waffen-SS, Nazi Germany, German Army (Wehrmacht), United States Army]"}, "421": {"mixtral": " [UTV (TV channel), ITV (TV network), Drama]"}, "422": {"mixtral": " [Amphiura callida, Ophiuroidea, Ophiocomidae]"}, "423": {"mixtral": " [Suburban Noize Records, Punk rock, Casey Royer]"}, "424": {"mixtral": " [List of Bulgarian football transfers summer 2"}, "425": {"mixtral": " [Liberal Democrats, John Cleese, Liberal Democrats, Emma Nicholson  Baroness Nicholson of Winterbourne]"}, "426": {"mixtral": " [Godumbare, Maharashtra, India, Ludhiana district]"}, "427": {"mixtral": " [Jason Brooks (actor), United States, Fred Stoller]"}, "428": {"mixtral": " [Hamburg, Germany, Schleswig-Holstein, Schleswig-Flensburg]"}, "429": {"mixtral": " [Simplicivalva philobia, Cossidae]"}, "430": {"mixtral": " [Tehran Province, Freeway 5 (Iran), Rudsar County]"}, "431": {"mixtral": " [Warner Music Group, Asylum Records, United States, Pop music, Ira Losco]"}, "432": {"mixtral": " [Slovakia, Bratislava, Rev\u00faca, Czechoslovakia]"}, "433": {"mixtral": " [Angiosperms, Eudicots, Rosids, Rosaceae, Rubus florulentus, Wilhelm Olbers Focke, Rubus liebmannii, Rosales]"}, "434": {"mixtral": " [Walter J. Harvey, Mantrap (1953 film), Terence Fisher, To Have and to Hold (1951 film)]"}, "435": {"mixtral": " [Scellus crinipes, Insect, Arthropod, Dismorphiinae, Enantia]"}, "436": {"mixtral": " [Munich, Germany, Velsdorf]"}, "437": {"mixtral": " [Ren\u00e9 Groth, FSV Zwickau, Luckau, Battle of Luckau]"}, "438": {"mixtral": " [Utricularia subg. Bivalvaria, Lamiales, Plantae]"}, "439": {"mixtral": " [Polyphaga, Arthropod, Animal, Acastellina]"}, "440": {"mixtral": " [Luzon Strait, Babuyan Islands, Philippines, Tagalog language]\n\nExplanation:\n\n1. Luzon Strait is directly related to Babuyan Islands through the location relationship.\n2. Babuyan Islands is directly related to Philippines through the country relationship.\n3. Philippines is directly related to Tagalog language through the spokenIn relationship.\n4. Therefore, the shortest path between Luzon Strait and Tagalog language is [Luzon Strait, Babuyan Islands, Philippines, Tagalog language]."}, "441": {"mixtral": " [Fabio Sabatini, Pescia, Italy, Lombardy]"}, "442": {"mixtral": " [Ice Age: Continental Drift, Steve Martino, Ohio State University, 7th Level]"}, "443": {"mixtral": " [The Night of Queen Isabeau, German language, France, French language, University of Li\u00e8ge]"}, "444": {"mixtral": " [Tortricidae, Lepidoptera, Insect, Curculionidae]"}, "445": {"mixtral": " [Saltenia, Animal] is the shortest path between Saltenia and Animal. This is because Saltenia is already directly connected to Animal via the relationship kingdom."}, "446": {"mixtral": " [Tokyo, Akemi Okamura, Gid\u014d Sh\u016bshin]"}, "447": {"mixtral": " [Beetle, Insect, Polyphaga, Arthropod, Animal, Cyana obscura]"}, "448": {"mixtral": " [Democratic Party (United States), Boston, Quincy Massachusetts]\n\nExplanation:\n\nThe shortest path between \"Democratic Party (United States)\" and \"Quincy Massachusetts\" is:\n1. Democratic Party (United States) is connected to Boston via the relationship leaderName.\n2. Boston is connected to Quincy Massachusetts via the relationship http://www.w3.org/2000/01/rdf-schema#seeAlso."}, "449": {"mixtral": " [Julia Dent Cantacuz\u00e8ne Spiransky-Grant, Washington D.C., White House]"}, "450": {"mixtral": " [Slamannan, Falkirk (council area), Larbert]"}, "451": {"mixtral": " [Cluj County, Transylvania, Social Democratic Party (Romania)]"}, "452": {"mixtral": " [INTI International University, Selangor, Malaysia, Sarah Achieng Opendi, Makerere University]"}, "453": {"mixtral": " [H\u00e9rault, France, Somme (department)]"}, "454": {"mixtral": " [Hard rock, Rock music, Capitol Records]"}, "455": {"mixtral": " [Poporanism, S\u0103m\u0103n\u0103torul, Ion Ag\u00e2rbiceanu, Haralamb Lecca, Essay]"}, "456": {"mixtral": " [David Butler (director), The Bard (The Twilight Zone), The Twilight Zone (1959 TV series)]"}, "457": {"mixtral": " [Ferencv\u00e1rosi TC, Budapest, Austria-Hungary, J\u00f3zsef Zilisy, A.C. Pistoiese]"}, "458": {"mixtral": " [Burkard Hillebrands, Solid-state physics]"}, "459": {"mixtral": " [List of twin towns, Graz, Traudl Hecher]"}, "460": {"mixtral": " [The Small One, Olan Soule, Robert Cummings]"}, "461": {"mixtral": " [PlayStation 2, PlayStation 3, Kingpin: Life of Crime]"}, "462": {"mixtral": " [Dickwella, Southern Province  Sri Lanka, Sri Lanka, Nuwara Eliya]"}, "463": {"mixtral": " [Boban Jan\u010devski, FK Makedonija Gjor\u010de Petrov, Martin Hristov (footballer born 1997), List of Serbian football transfers winter 2014-15, Mladen \u017divkovi\u0107]"}, "464": {"mixtral": " [England national under-19 football team, Alex Oxlade-Chamberlain, England national under-21 football team]"}, "465": {"mixtral": " [Path of Fire, Aeon (band), \u00d6stersund, Sweden, V\u00e4sterbotten County, Central European Time, \u00d6stersund, Paganizer]"}, "466": {"mixtral": " [Rock music, Progressive rock, Embryo (band), Ney]"}, "467": {"mixtral": " [Schleswig-Holstein, Pl\u00f6n, Germany, Dietenhofen]"}, "468": {"mixtral": " [Tim Brennan, Celtic punk, Folk rock]"}, "469": {"mixtral": " [Rock music, Hard rock, Black Betty  Black Betty  1]"}, "470": {"mixtral": " [The Sixth Extinction: An Unnatural History, Biology, Michael R. Gold, Wildlife]\n\nThe shortest path between The Sixth Extinction: An Unnatural History and Valence  Dr\u00f4me is:\n[The Sixth Extinction: An Unnatural History, Biology, Michael R. Gold, Wildlife, Rh\u00f4ne-Alpes, Valence  Dr\u00f4me]"}, "471": {"mixtral": " [French language, Benin, Ibadan]"}, "472": {"mixtral": " [Stokmarknes Airport  Skagen, Avinor]"}, "473": {"mixtral": " [Lancashire, Blackpool, Swallow Sidecar Company, SS 90, Sports car]"}, "474": {"mixtral": " [England, Darren Bent, Tottenham Hotspur F.C.]"}, "475": {"mixtral": " [Louis I  Duke of Orl\u00e9ans, John  Count of Angoul\u00eame, Charles  Count of Angoul\u00eame, Francis I of France, Cognac  France, Charente, Central European Time]"}, "476": {"mixtral": " Here is the shortest path between London and William Hacket Pain in the given network: [London, Isle of Wight, William Hacket Pain]"}, "477": {"mixtral": " [Orthoptera, Acrididae, Schistocerca]"}, "478": {"mixtral": " [Turkish Cypriot, \u00d6zker Ya\u015f\u0131n, North Nicosia, Nicosia District]"}, "479": {"mixtral": " [Louisiana, United States, Washington D.C.]"}, "480": {"mixtral": " [Winger (sports), Zoran Samard\u017eija, FK \u017deljezni\u010dar Sarajevo, Aris Limassol F.C.]"}, "481": {"mixtral": " [Horrie Knight, Australia, Pulteney Grammar School, Adelaide  South Australia, Vaiben Louis Solomon, Judaism]"}, "482": {"mixtral": " [Locarno (district), Locarno, Dario Simion, HC Davos]"}, "483": {"mixtral": " [Mazandaran Province, Rudsar County, Qohestan Rural District]"}, "484": {"mixtral": " [Stuart Price, Complete Me, Fraser T Smith, Electronica]"}, "485": {"mixtral": " [Siege of Kehl (1796\u201397), French Revolutionary Wars, Jean Victor Marie Moreau, Rhine Campaign of 1796, Alexandre Lacassagne]"}, "486": {"mixtral": " [Santiago Chile, Jaime Ravinet]"}, "487": {"mixtral": " [Eastern European Summer Time, Lunca Bihor, Eastern European Time]"}, "488": {"mixtral": " [Alternative rock, Nu metal, Groove metal, Power metal]"}, "489": {"mixtral": " [Fiona Stewart (author), Melbourne, Australia, Auckland, New Zealand]"}, "490": {"mixtral": " [7%22 vinyl, Single (music), Retro (EP)]"}, "491": {"mixtral": " [False Alarms (1936 film), Columbia Pictures, Ted D. McCord]"}, "492": {"mixtral": " [Italian Republican Party, Rome, Italy, European University Association]"}, "493": {"mixtral": " [Radio City (album), Ardent Records, Need (album)]"}, "494": {"mixtral": " [Ricardo Montalb\u00e1n, Escape from the Planet of the Apes]"}, "495": {"mixtral": " [United States, Pennsylvania, University of Pittsburgh]"}, "496": {"mixtral": " [List of cities in Argentina, Argentina, Pedro Manfredini, AS Roma]"}, "497": {"mixtral": " [Beryciformes, Animal, Lepturges anceps]"}, "498": {"mixtral": " [Central District (Maneh and Samalqan County), Behkadeh-ye Razavi]"}, "499": {"mixtral": " [Alternative metal, Heavy metal music, Denmark, Central Denmark Region]"}}