{"0": {"qwen": "[Mohamed Hossam Ahmed, Byung-Cheol Shin, Hsiao-Hwa Chen]"}, "1": {"qwen": "[Jiawei Han, Maria Halkidi, Michalis Vazirgiannis, Ying Zhao]"}, "2": {"qwen": "[Abdel-Ouahab Boudraa, S. Ramathilagam]"}, "3": {"qwen": "The common neighbors between Bruno Gonz\u00e1lez-Baixauli and Jon Whittle in the given network are [Krzysztof Czarnecki]."}, "4": {"qwen": "[Micka\u00ebl Coustaty, Jean-Marc Ogier, Muhammad Muzzamil Luqman, Luc J. Van Gool, Josep Llad\u00f3s, David S. Doermann, Mar\u00e7al Rusi\u00f1ol, Dimosthenis Karatzas, Jian Liang, Kurt Konolige, Gary R. Bradski, David G. Lowe, Masakazu Iwamura, Koichi Kise, Cao De Tran, Siyuan Chen, Quoc Bao Dang]"}, "5": {"qwen": "The common neighbors between Samuel Kaski and Atul J. Butte are:\n[Helen Parkinson, Alvis Brazma, Richard M. R. Coulson, Anna Farne, Roby Mani, Anjan Sharma]"}, "6": {"qwen": "The common neighbors between Christos Papadopoulos and Jihad El-Sana in this network are: [Faisal Shafait, Thomas M. Breuel]"}, "7": {"qwen": "[Oren Salzman, Ariel Felner, Oktay Arslan, Soheila Salmanpour, Yibiao Lu]"}, "8": {"qwen": "[Mehmet Emin Tutay, Babak Hassibi]"}, "9": {"qwen": "[Alejandro Ribeiro, Lajos Hanzo, Annamalai Annamalai, Mohamed-Slim Alouini, Ranjan K. Mallik]"}, "10": {"qwen": "[Nicola Nicolici, Zeljko Zilic, Katarzyna Radecka]"}, "11": {"qwen": "The common neighbors between Adam D. I. Kramer and Hiroshi Ishiguro are:\n[Sara Kiesler, Friederike Anne Eyssel, Dieta Kuchenbrandt, Susan R. Fussell, Aaron Powers]"}, "12": {"qwen": "[Guohui Xiao, Michael Zakharyaschev, Juan F. Sequeda, Diego Calvanese, Riccardo Rosati, Ian Horrocks, Domenico Lembo, Antonella Poggi, Oscar Corcho, Peter Haase, Roman Kontchakov, Mariano Rodriguez-Muro, Marcelo Arenas, Mauricio A. Hern\u00e1ndez, Evgeny Kharlamov, Ahmet Soylu, Martin Giese]"}, "13": {"qwen": "The common neighbors between Sham M. Kakade and Nikhil R. Devanur in this network are:\n\n[Robert Kleinberg, Mihaela van der Schaar]"}, "14": {"qwen": "The common neighbors between Juan Francisco de Paz and M. Victoria Luz\u00f3n are: [Rosal\u00eda Laza, Reyes Pav\u00f3n, Fernando D\u00edaz, Florentino Fdez-Riverola]"}, "15": {"qwen": "[Holger Hermanns, Joost-Pieter Katoen, Lijun Zhang, Radu Mateescu, Hassan Hatefi, Dennis Guck, Mari\u00eblle Stoelinga]"}, "16": {"qwen": "The common neighbors of Quan Shi and Yisheng Guan in this network are: [Ning Xi, Chi Zhang, Heping Chen]"}, "17": {"qwen": "The common neighbors between Alexia Giannoula and Arik Azran are: [Anastasios Tefas, Ioannis Pitas, Anastasios Maronidis]"}, "18": {"qwen": "The common neighbors between Zolt\u00e1n T\u00f3th and L\u00e1szl\u00f3 Cz\u00fani are:\n[Tam\u00e1s Szir\u00e1nyi, Levente Kov\u00e1cs]"}, "19": {"qwen": "The common neighbors between Kiyoshi Kiyokawa and Sabine Coquillart in the given network are: [Anatole L\u00e9cuyer, Sabine Coquillart, Yuru Zhang, Ming C. Lin, Jing Xiao]"}, "20": {"qwen": "The common neighbors between Franziska Kl\u00fcgl and Fazilah Haron are:\n[Giuseppe Vizzari, Stefania Bandini]"}, "21": {"qwen": "The common neighbors between Amit Angal and Sergio Cogliati are Elizabeth M. Middleton and Roberto Colombo. So the answer is:\n\n[Elizabeth M. Middleton, Roberto Colombo]"}, "22": {"qwen": "[Karen Simonyan, Ming-Hsuan Yang, Piotr Doll\u00e1r, Xiaogang Wang, Feng Liu, Ross B. Girshick]"}, "23": {"qwen": "[Behnam Robatmili, Kathryn S. McKinley, Stephen W. Keckler, Katherine E. Coons]"}, "24": {"qwen": "The common neighbors of Luca Sterpone and Matteo Sonza Reorda in the given network are:\n[Luigi Carro, Cristiana Bolchini, Gustavo R. Alves, Maurizio Rebaudengo, Massimo Violante, Edward J. McCluskey, Hana Kubatova, Pavel Kubalik]"}, "25": {"qwen": "[Vangelis Gazis, Dominique Guinard]"}, "26": {"qwen": "[Marta Z. Kwiatkowska, Wolfgang Merkle, Jack H. Lutz, James I. Lathrop, Elvira Mayordomo]"}, "27": {"qwen": "[Andrzej Kwiecie\u0144, Dariusz Rzo\u0144ca, Marcin Jamro]"}, "28": {"qwen": "[Mung Chiang, Chao Wang, Armin Biere, Rolf Drechsler, Aarti Gupta]"}, "29": {"qwen": "[M. Golawala, Bo Pang, Taghi M. Khoshgoftaar, Huan Liu, Shivakumar Vaithyanathan, Xiaohui Yu]"}, "30": {"qwen": "The common neighbors between James G. Phillips and Adarsh Kumar Kakar are:\n\n[Viswanath Venkatesh, Katherine M. White]"}, "31": {"qwen": "[Marcelo Yannuzzi, Eduardo Cerqueira, Jirka Klaue, Andre Riker, Antonio Jorge Gomes Abel\u00e9m, Asiya Khan]"}, "32": {"qwen": "[Ali Kamen, Nassir Navab, Tommaso Mansi, Bogdan Georgescu, Dorin Comaniciu, Yefeng Zheng, Christopher Aldo Rinaldi, David G. Lowe]"}, "33": {"qwen": "The common neighbors of Thomas L. Ainsworth and Guillaume Tochon in this network are: [Philippe Salembier]"}, "34": {"qwen": "The common neighbors of Paul Pavlidis and Andrea Splendiani are: [Kei-Hoi Cheung, Luis N. Marenco, Perry L. Miller, Robert Stevens]"}, "35": {"qwen": "[W\u0142odzimierz Ogryczak, Arie Tamir, Zvi Drezner, Antonio M. Rodr\u00edguez-Ch\u00eda, Justo Puerto, Stefan Nickel]"}, "36": {"qwen": "[David Brumley, Thanassis Avgerinos, Dawson R. Engler, Philippe Herrmann, S\u00e9bastien Bardin, Koushik Sen, Cristian Cadar, Robin David, Josselin Feist]"}, "37": {"qwen": "The common neighbors between Axel Legay and Xavier Allamigeon in the given network are:\n\n[Antoine Min\u00e9, Eric Goubault, St\u00e9phane Gaubert, Victor Magron]"}, "38": {"qwen": "The common neighbors between Toshiro Nunome and Yoshihiro Ito are: [Yutaka Ishibashi, Akifumi Hirashima, Erick Jimenez Rodriguez]"}, "39": {"qwen": "[Eibe Frank, Felix Weninger, Anton Batliner, Elmar N\u00f6th, Shrikanth Narayanan, Martin W\u00f6llmer, Florian Eyben, Bj\u00f6rn W. Schuller, Fabien Ringeval, Stefan Steidl, Ian H. Witten, Bernhard Pfahringer, Geoffrey Holmes, Peter Reutemann, Mark A. Hall, Erik Marchi, Zixing Zhang, Yue Zhang 0014, S. Dandapat, Chih-Lung Lin, Marilyn A. Walker, Bernhard Pfahringer, Geoffrey Holmes, Erik Marchi, Fabien Ringeval, Stefan Steidl, Martin W\u00f6llmer, Ian H. Witten, Florian Eyben, Bj\u00f6rn W. Schuller, Laurence Devillers, Peter Reutemann, Mark A. Hall, Erik Marchi, Florian Gross]"}, "40": {"qwen": "The common neighbors of N. M. Mosharaf Kabir Chowdhury and Md. Wasi-ur-Rahman in the given network are:\n[Mosharaf Chowdhury, Michael J. Franklin]"}, "41": {"qwen": "The common neighbors between Pablo Castells and Hector Garcia-Molina in the given network are: [Nigel Shadbolt, Bamshad Mobasher, Fabio Crestani, Yuefeng Li, Clement T. Yu]"}, "42": {"qwen": "Jakob E. Bardram and Judith L. Klavans have the following common neighbors in the network: [David R. Kaufman, Kathleen McKeown, James J. Cimino, Jimmy J. Lin, John W. Ely]"}, "43": {"qwen": "[Francisco Herrera, Enrique Herrera-Viedma, Luis Mart\u00ednez, Yucheng Dong, Francisco Chiclana, I. P\u00e9rez, Sergio Alonso, Francisco Javier Cabrerizo, Yinfeng Xu, Shui Yu, Rosa M. Rodr\u00edguez, Hongyi Li, Guiqing Zhang, Chen Xj]"}, "44": {"qwen": "The common neighbors between Yifan Chen and Babak Daneshrad are:\n[B.D. Van Veen]"}, "45": {"qwen": "The common neighbors of Matthew Scotch and Olga G. Troyanskaya in this network are:\n\n[Casey S. Greene, Aaron K. Wong, Gary D. Bader]"}, "46": {"qwen": "[Roberta Coelho, Danny Dig, Sven Apel, Marco Tulio Valente, Nachiappan Nagappan, Michele Lanza]"}, "47": {"qwen": "The common neighbors between Anthony Finkelstein and Daniel Schall in the given network are:\n\n[Slinger Jansen, Patricia Lago]"}, "48": {"qwen": "[Arye Harel, Gil Stelzer, Doron Lancet, Marilyn Safran, Vered Chalifa-Caspi, Orit Shmueli, Naomi Rosen, Michal Lapidot, Avital Adato, Frida Belinky, Shahar Zimmerman, Noam Nativ, Tsippi Iny Stein, Tsviya Olender]"}, "49": {"qwen": "[Nikos G. Tsagarakis, Bram Vanderborght, Alin Albu-Sch\u00e4ffer, Oliver Eiberger, Markus Grebenstein, Gerhard Hirzinger, Giorgio Grioli, Etienne Burdet, Raffaella Carloni, Thomas Wimbock, Gianluca Palli, Florian Petit, Ludo C. Visser, Werner Friedl, Stefan J\u00f6rg, Mathias Nickl, Hannes H\u00f6ppner]"}, "50": {"qwen": "The common neighbors between Shivendu Shivendu and Ram D. Gopal are:\n[Moutaz Khouja, P. K. Kannan, Robert J. Kauffman]"}, "51": {"qwen": "The common neighbors of Seheon Song and Jerry R. Hobbs in the given network are:\n[Marten van Sinderen, Luis Ferreira Pires]"}, "52": {"qwen": "[Dag Sverre Syrdal, Emrah Akin Sisbot, Cynthia Breazeal, Kerstin Dautenhahn, Cory D. Kidd, Andrea Lockerd Thomaz, Sonia Chernova]"}, "53": {"qwen": "[Xingming Sun, Alan C. Bovik, Zhu Han, Wei Zhang]"}, "54": {"qwen": "The common neighbors between Chita R. Das and Liang Hua-guo are authors who have collaborated with both of them. After examining the given collaborations, we find that they both collaborate with Krishnendu Chakrabarty. Therefore, the common neighbors are:\n\n[ Krishnendu Chakrabarty ]"}, "55": {"qwen": "The common neighbors of Takahiro Sato and Koji Takinami in the given network are:\n[Tatsuya Yamaguchi, Ning Li, Ahmed Musa, Akira Matsuzawa, Ryo Minami, Keigo Bunsen, Kota Matsushita, Makoto Noda]"}, "56": {"qwen": "[Wei Chen, Jarke J. van Wijk, Daniel Weiskopf, Jean-Daniel Fekete, John T. Stasko, Michael Burch, Fabian Beck, Daniel A. Keim, Huamin Qu, Natalia V. Andrienko, Kwan-Liu Ma]"}, "57": {"qwen": "[Andrew T. Campbell, Marco Gruteser, Kristin J. Dana, Xia Zhou, Narayan B. Mandayam, Tianxing Li, Samuel D. Perli, Chuankai An]"}, "58": {"qwen": "[Dina Katabi, Ekram Hossain, Lajos Hanzo, Rui Zhang, Trung Q. Duong]"}, "59": {"qwen": "[Ian Broster, Rolf Ernst, Christine Rochange, Florian Kluge, Eduardo Qui\u00f1ones, Francisco J. Cazorla, Peter P. Puschner, Reinhold Heckmann]"}, "60": {"qwen": "The common neighbors between Yossi Lev and Paul A. Martin in the given network are:\n[Victor Luchangco, Mark Moir, Maurice Herlihy, Philippas Tsigas, Nir Shavit, David L. Detlefs, Lindsay Groves, Marina Papatriantafilou, Danny Hendler]"}, "61": {"qwen": "The common neighbors between Zhipeng Yi and Domenico Cotroneo are: [Hiroyuki Okamura, Tadashi Dohi, Kishor S. Trivedi]"}, "62": {"qwen": "The common neighbors between P. Dietz and Jonathan C W Brooks are:\n[Lawrence L. Wald, Julien Cohen-Adad]"}, "63": {"qwen": "The common neighbors between Fei Wang and Tao-Hsing Chang are:\n\n[Chia-Hoang Lee, Bernhard Sch\u00f6lkopf, Michael I. Jordan]"}, "64": {"qwen": "[Shuicheng Yan, Ming-Hsuan Yang, Francis R. Bach, Cordelia Schmid, Andrew Zisserman, Si Liu, Luc J. Van Gool]"}, "65": {"qwen": "[Felix Ulmer, Delphine Boucher, Willi Geiselmann]"}, "66": {"qwen": "[Mark A. Hanson, Adam T. Barth, John Lach, C Harry Powell]"}, "67": {"qwen": "The common neighbors between Valeria Garro and Changqing Zou in the given network are:\n\n[Leonidas J. Guibas, Guillaume Lavou\u00e9, Benjamin Bustos, Afzal Godil, Patrick Min]"}, "68": {"qwen": "The common neighbors of Zygmunt J. Haas and Xi Chen in this network are:\n\n[Mark Coates, Tian He]"}, "69": {"qwen": "[Ralf Steinmetz, Dominik Stingl, Christian Gross, David Hausheer]"}, "70": {"qwen": "[Philip S. Yu, Tzung-Pei Hong, Chun-Wei Lin, Vincent S. Tseng, Jian Pei, Hong Yao, Wen-Hsiang Lu, Shyue-Liang Wang, Jerry Chun-Wei Lin]"}, "71": {"qwen": "The common neighbors between Bingfeng Mei and Luc J. Van Gool are: [Rudy Lauwereins, Francky Catthoor]"}, "72": {"qwen": "[Dong Song, Eero P. Simoncelli, Theodore W. Berger, Liam Paninski, Jonathan W. Pillow]"}, "73": {"qwen": "The common neighbors between Kjell Stordahl and Ilari Welling are: [Dimitris Varoutas, Dimitris Katsianis, Thomas Sphicopoulos, Jarmo Harno, Theodoros Rokkas]"}, "74": {"qwen": "The common neighbors of Timothy W. Bickmore and Fiemke Griffioen-Both are:\n[Robbert Jan Beun]"}, "75": {"qwen": "[Edwin R. Hancock, Hendrik P. A. Lensch, Hans-Peter Seidel, Szymon Rusinkiewicz, Qionghai Dai, Marcus A. Magnor, Naveed Ahmed, Yasuyuki Matsushita, Gordon Wetzstein, Ivo Ihrke, Christian Theobalt, Wojciech Matusik, Martin Fuchs]"}, "76": {"qwen": "The common neighbors between Charles E. Leiserson and Onur Mutlu in the given network are: [Dimitrios S. Nikolopoulos, Hans Vandierendonck, Guy E. Blelloch, Mark D. Hill]"}, "77": {"qwen": "[Patrick P. C. Lee, Catherine D. Schuman, John Reynolds, Adam Disney]"}, "78": {"qwen": "The common neighbors between Jean-Yves Tourneret and Licheng Jiao are: [Jordi Inglada, Florent Chatelain, Paolo Gamba, Esra Erten]"}, "79": {"qwen": "[Changqin Quan, Tat-Seng Chua, Ming Zhou, Yuji Matsumoto, Tomas Mikolov, Peter D. Turney]"}, "80": {"qwen": "[Carlo Strapparava, Fiorella de Rosis, Nicole Novielli, Valeria Carofiglio, Catherine Pelachaud]"}, "81": {"qwen": "The common neighbors between Ross B. Girshick and Bill Triggs are: [Dong Xu, Luc J. Van Gool, Hong Liu, Zhenjun Han]"}, "82": {"qwen": "The common neighbors between Marcin Adamski and Piotr Panasiuk are authors who have collaborated with both of them. From the given collaborations:\n\nMarcin Adamski collaborates with:\n- Khalid Saeed\n\nPiotr Panasiuk collaborates with:\n- Khalid Saeed\n- Kevin S. Killourhy\n- Roy A. Maxion\n\nThe common neighbor between Marcin Adamski and Piotr Panasiuk is:\n[Khalid Saeed]"}, "83": {"qwen": "[Aydin Bulu\u00e7, Hasan Metin Aktulga, Chao Yang, Samuel Williams, Esmond G. Ng, John Shalf, Pieter Maris, James P. Vary]"}, "84": {"qwen": "[Keigo Takeuchi, Mikko Vehkapera, Ralf R. Muller]"}, "85": {"qwen": "The common neighbors of John McHugh and Augustin Soule in this network are:\n[Ali A. Ghorbani, A. Nur Zincir-Heywood]"}, "86": {"qwen": "[Lei Chen, Yong Wang, Xin Yao]"}, "87": {"qwen": "The common neighbors of Randall Svancara and Jing Yu in this network are:\n\n[Sook Jung, Dorrie Main]"}, "88": {"qwen": "The common neighbors of Wei Lu and Steven Bethard in the network are:\n[Philipp Koehn, Michael J. Collins, Daniel N. Klein]"}, "89": {"qwen": "[Charles M. Bachmann, Robert A. Fusina]"}, "90": {"qwen": "The common neighbors of Simone G\u00f6ttlich and Ciro D'Apice are: [Christian Ringhofer, Rosanna Manzo, Benedetto Piccoli, Michael Herty, Dieter Armbruster, Peter I. Kogut]"}, "91": {"qwen": "The common neighbors between Li Li and Hai Liu are: [Boualem Benatallah, Qing Li, Liusheng Huang, Maude Manouvrier, Marta Rukoz]"}, "92": {"qwen": "The common neighbors between Jeffrey Xu Yu and Rajkumar Buyya are:\n[Christos Faloutsos, John Wilkes]"}, "93": {"qwen": "[Vadim V. Lozin, Dmitriy S. Malyshev]"}, "94": {"qwen": "[Junwan Liu, Fernando J. Von Zuben, Fabr\u00edcio Olivetti de Fran\u00e7a, T. Meyarivan]"}, "95": {"qwen": "[Carsten W. Scherer, P\u00e9ter G\u00e1sp\u00e1r, Zolt\u00e1n Szab\u00f3, Zsolt P\u00e9ter Bir\u00f3]"}, "96": {"qwen": "The common neighbors of Yeyi Qin and Yutao Ma in this network are: [Jinhu Lu, Weifeng Pan, Bing Li]"}, "97": {"qwen": "[Inkyu Lee, Liang Liu, Rui Zhang, Sang Rim Lee, Han Bae Kong]"}, "98": {"qwen": "[Ivo Couckuyt, Michael O'Neill, Dick den Hertog, Edwin R. Van Dam]"}, "99": {"qwen": "The common neighbors of Farzad Safaei and Marco Di Renzo in the given network are:\n[Mohamed-Slim Alouini, H.V. Poor]"}, "100": {"qwen": "[Antonija Mitrovic, Arthur C. Graesser, Kenneth R. Koedinger, Lars Schmidt-Thieme, Neil T. Heffernan, Ryan Shaun Joazeiro de Baker, Sidney K. D'Mello, Vincent Aleven]"}, "101": {"qwen": "The common neighbors of Tony F. Chan and Michael F. Chiang in the given network are:\n[Chunming Li, Deniz Erdogmus]"}, "102": {"qwen": "The common neighbors between Hongli Dong and Fuad E. Alsaadi are:\n[Huijun Gao, Peng Shi, Xiaohui Liu, Zidong Wang, Daniel W. C. Ho, James Lam, Ligang Wu, Ming Gao, Steven X. Ding, Bo Shen]"}, "103": {"qwen": "The common neighbors between Samuel Kaski and Chih-Chung Chang are: [Minoru Nakayama]"}, "104": {"qwen": "[Erdi Aker, Volkan Patoglu, Kadir Haspalamutgil, Can Palaz, Vladimir Lifschitz]"}, "105": {"qwen": "The common neighbors between Gerhard Weikum and Benjamin Lyngfelt are:\n[Lars Borin]"}, "106": {"qwen": "The common neighbors between Luigi Villani and Ryuichi Yokogawa are: [Bruno Siciliano, Cl\u00e9ment Gosselin, Vincent Duchaine, Gerd Hirzinger]"}, "107": {"qwen": "[Ricardo Bianchini, Antony I. T. Rowstron, Evgenia Smirni, Dushyanth Narayanan, Yuanyuan Zhou, Alma Riska]"}, "108": {"qwen": "The common neighbors of Anirban Mahanti and Raymond Lei Xia in the given network are:\n[Pawel Garbacki, Dick H. J. Epema]"}, "109": {"qwen": "[Mehdi Dehghan]"}, "110": {"qwen": "[Rogert Wattenhofer, Weili Wu, Guoliang Xue]"}, "111": {"qwen": "The common neighbors between Claude Barras and Alexei A. Efros are: [Andrew Zisserman, Michael I. Jordan]"}, "112": {"qwen": "The common neighbors between Karlheinz Kautz and Marco Kuhrmann are: [Mario Piattini, Lars Mathiassen, Tore Dyb\u00e5, D. Ross Jeffery, Rory V. O'Connor]"}, "113": {"qwen": "[Jeffrey Xu Yu, Martine Collard, Joost N. Kok, Jure Leskovec, Yang Zhou, Michihiro Kuramochi, Jignesh M. Patel, M. E. J. Newman, Erick Stattner]"}, "114": {"qwen": "[Keith D. Underwood]"}, "115": {"qwen": "The common neighbors between Michael D. McNeese and Alexander Pokahr are:\n[Catholijn M. Jonker, Emma Norling, Mehdi Dastani, Neil Yorke-Smith]"}, "116": {"qwen": "The common neighbors between James V. Krogmeier and Lajos Hanzo are: [Bertrand M. Hochwald, Ali H. Sayed]"}, "117": {"qwen": "[Luc J. Van Gool, Horst Bischof, Dariu M. Gavrila, Mubarak Shah, Jitendra Malik, Pascal Fua, Kaiming He, Saad M. Khan, F. Fleuret, Shaoqing Ren, Jerome Berclaz, G\u00e9rard G. Medioni]"}, "118": {"qwen": "[Jieping Ye, Vipin Kumar, Sutharshan Rajasegarar, Marimuthu Palaniswami, Xuemin Shen, Lawrence O. Hall, Adel Al-Jumaily, Anfeng Liu, Yogesh Sankarasubramaniam, Weilian Su, Christopher Leckie]"}, "119": {"qwen": "The common neighbors of Yongyun Cho and Declan O'Sullivan in the given network are:\n\n[Tim Finin, Anupam Joshi, Yun Peng, Youyong Zou, Harry Chen]"}, "120": {"qwen": "The common neighbors of Jiawei Han and Zhaonian Zou are: [Philip S. Yu, Jianzhong Li, Lei Chen, Christos Faloutsos, Bolin Ding, Rong-Hua Li, Yongxin Tong, Caleb Chen Cao]"}, "121": {"qwen": "The common neighbors between Kenneth S\u00f6rensen and David Naso in this network are [Byung-In Kim]."}, "122": {"qwen": "[Anita Burgun, Barry Smith, Li Zhang, Mark A. Musen, Olivier Bodenreider, Yehoshua Perl]"}, "123": {"qwen": "The common neighbors between Xuanqin Mou and Zhang Yi in this network are: [Lei Zhang, Yide Ma, Anush K. Moorthy, Eero P. Simoncelli]"}, "124": {"qwen": "The common neighbors between Badri Nath and Bret Hull in this network are: [Tarek F. Abdelzaher, David E. Culler, Vasos Vassiliou, Shane B. Eisenman, Deborah Estrin, Charalambos Sergiou]"}, "125": {"qwen": "[Ryan M. Eustice, Wolfram Burgard, Stergios I. Roumeliotis, Hugh F. Durrant-Whyte, Michael Kaess, John J. Leonard, Nicholas Roy, Tim Bailey, Gaurav S. Sukhatme, Maurice F. Fallon, Georgios Papadopoulos, Alex Cunningham]"}, "126": {"qwen": "[Sih-Yu Chen, Ming-Hsien Tu, Ching-Te Chuang, Shyh-Jye Jou]"}, "127": {"qwen": "The common neighbors between Trevor Darrell and Jaafar BenAbdallah are:\n[Fabio A. Gonz\u00e1lez]"}, "128": {"qwen": "The common neighbors between Flavio De Paoli and Guido Governatori are: [Serena Villata, Fabien Gandon]"}, "129": {"qwen": "[Shoji Kasahara, Paulo Salvador]"}, "130": {"qwen": "The common neighbors between Zhi-Hua Zhou and Yusuke Nojima are: [Yaochu Jin, Albert Orriols-Puig, Dunwei Gong]"}, "131": {"qwen": "Error!"}, "132": {"qwen": "The common neighbors between Jo\u00eblle Coutaz and Mark Barnard are: [Oliver Brdiczka, Patrick Reignier, James L. Crowley, Simon Dobson]"}, "133": {"qwen": "The common neighbors between Claude Barras and Kornel Laskowski are:\n\n[Tanja Schultz, Alex Waibel, Andreas Stolcke, Sebastian St\u00fcker, Christian F\u00fcgen, Florian Kraft, Matthias W\u00f6lfel, John W. McDonough, Shajith Ikbal]"}, "134": {"qwen": "The common neighbors between Jane E. Alty and D. R. Stuart Jamieson are:\n\n[Susan Stepney, Stephen L. Smith, Andy M. Tyrrell, Luis A. Fuente, Michael A. Lones, Alexander P. Turner, Leo S. D. Caves, Katherine L. Possin, Patrick Gaughan, Quan Ju, Nabil M. Aly, Jeremy R. Playfer, Jeremy Cosgrove]"}, "135": {"qwen": "[Jue Wang, Gaowei Wu, Bernhard Sch\u00f6lkopf, Alexander J. Smola, Jos\u00e9 R. Dorronsoro]"}, "136": {"qwen": "The common neighbors of Salih G\u00fcne\u015f and Alan Jovic in the network are: [U. Rajendra Acharya, Jasjit S. Suri]"}, "137": {"qwen": "[Ji\u0159\u00ed Lukavsk\u00fd, Cyril Brom, Rudolf Kadlec]"}, "138": {"qwen": "The common neighbors of Helen C. Purchase and N. Hari Narayanan are: [Mary Hegarty]"}, "139": {"qwen": "The common neighbors between Luca F. Bertuccelli and Shih Yi Chien are Mary L. Cummings. So the answer is:\n\n[Mary L. Cummings]"}, "140": {"qwen": "[Henning Hermjakob, Christoph Steinbeck]"}, "141": {"qwen": "[Ken Goldberg, Pieter Abbeel, Jeffrey Mahler, Ben Kehoe]"}, "142": {"qwen": "The common neighbors of Yi Zhu and Guangjie Han in this network are: [Sudip Misra, Jian Sun, Mohammad S. Obaidat, Yuguang Fang, Anantha P. Chandrakasan]"}, "143": {"qwen": "The common neighbors of Bo Fan and Kun Yang in the given network are: [Qin Yu, Yan Zhang, Supeng Leng, Rui Zhang, Elza Erkip]"}, "144": {"qwen": "[Jun Liu, Yonina C. Eldar, Andrea J. Goldsmith, Alfonso Farina, Alexander M. Haimovich]"}, "145": {"qwen": "[Ofir Turel, Christy M. K. Cheung, Matthew K. O. Lee, Anol Bhattacherjee, Viswanath Venkatesh]"}, "146": {"qwen": "[Michael G. Hinchey]"}, "147": {"qwen": "The common neighbors between Sadek Jbara and Abigail Sellen in the given network are: [Tim Kindberg, Chei Sian Lee]"}, "148": {"qwen": "[Bram van Ginneken, Nicholas Ayache, Christian Barillot, Stephen M. Smith]"}, "149": {"qwen": "The common neighbors between Sean Rhea and Jun Yang in the network are: [Ethan L. Miller, Hong Jiang, Dan Feng]"}, "150": {"qwen": "[Tomi Kinnunen, Ibon Saratxaga, Eng Siong Chng, Haizhou Li]"}, "151": {"qwen": "The common neighbors between Sunny Consolvo and Leonardo Ramirez in the given network are: [Volker Wulf, Alireza Sahami Shirazi, Jennifer Mankoff, Peter C. Wright, Leysia Palen, Eric Paulos, Rebecca E. Grinter]"}, "152": {"qwen": "The common neighbors between Minhua Zhou and Joch A in this network are:\n[Thomas Wiegand, Wen Gao, Marcelo Schiavon Porto, Luciano Volcan Agostini]"}, "153": {"qwen": "The common neighbors of Gyanesh Chander and Tiejun Chang in this network are: [Xiaoxiong Xiong, Vincent V. Salomonson, Rajendra Bhatt, Aisheng Wu, Benjamin Scarino, Bruce Guenther]"}, "154": {"qwen": "[Peter Robinson, Klaus Bartl, Frank Wallhoff]"}, "155": {"qwen": "[Michael W. Mahoney, Mung Chiang, Kenneth R. Koedinger, Christopher G. Brinton]"}, "156": {"qwen": "[Helen C. Purchase, Min Chen, Jeffrey Heer, Fernanda B. Vi\u00e9gas, Martin Wattenberg, Tamara Munzner, Petra Isenberg]"}, "157": {"qwen": "The common neighbors between Shingo Nagakura and James Davis are [Ryo Kurazume, Yumi Iwashita]."}, "158": {"qwen": "The common neighbors of Nicholas Eriksson and Paz Carmi in the given network are: [Alexander Zelikovsky, Ion I. Mandoiu]"}, "159": {"qwen": "The common neighbors of Ana Galindo-Serrano and Keith Avery in the network are:\n[Mario Bkassiny, Sudharman K. Jayaweera, Lorenza Giupponi]"}, "160": {"qwen": "[Trevor Darrell, Lei Zhang, Josef Kittler, Yoshua Bengio, Xilin Chen, Roberto Cipolla, Marios Savvides, Ruiping Wang, Ajmal S. Mian, Robyn A. Owens, Muhammad Uzair]"}, "161": {"qwen": "The common neighbors between Nicolas Heess and Jason Weston in this network are: [Kyunghyun Cho, Yoshua Bengio, Ilya Sutskever, Ruslan Salakhutdinov]"}, "162": {"qwen": "The common neighbors of Hadi Larijani and Fernando Casadevall in the given network are:\n\n[Hadi Larijani, Fernando Casadevall, Jacques Palicot, Christophe Moy]"}, "163": {"qwen": "The common neighbors of Yuansong Qiao and Matthew J. B. Robshaw in the given network are:\n[Sean Murphy, Philip Perry, Sylvain Guilley, Lars R. Knudsen]"}, "164": {"qwen": "The common neighbors of Jos\u00e9 F. Morales and Xueliang Li in the given network are:\n[Pedro L\u00f3pez-Garc\u00eda 0001, John P. Gallagher, Germ\u00e1n Puebla, Manuel V. Hermenegildo, Steve Kerrison]"}, "165": {"qwen": "The common neighbors between Georgios B. Giannakis and Frank R. Kschischang are:\n[Tao Jiang, Andrea J. Goldsmith, Jiunn-Tsair Chen, Shlomo Shamai, Dongning Guo]"}, "166": {"qwen": "The common neighbors between Mathias Ekstedt and Julie J. C. H. Ryan are:\n[Teodor Sommestad, Pontus Johnson, Per N\u00e4rman]"}, "167": {"qwen": "[Rajesh Kumar, Elias N. Zois, Constantin Papaodysseus, Andreas Schlapbach, Panayiotis Rousopoulos]"}, "168": {"qwen": "The common neighbors of Ga\u00ebl Guennebaud and Joe Carr in this network are:\n[Hans-Peter Seidel, Markus H. Gross, Yutaka Ohtake, Alexander G. Belyaev, Jo\u00e3o Paulo Gois, Daniel Cohen-Or]"}, "169": {"qwen": "The common neighbors between Douglas H. Wedell and Jiawei Han are: [Tom M. Mitchell, Svetlana V. Shinkareva]"}, "170": {"qwen": "[Deniz Yuret, Fernando Pereira, Mark Johnson]"}, "171": {"qwen": "The common neighbors of Alexander Serebrenik and Aniket Kittur in the given network are:\n[Alexey Zagalsky, Laura Dabbish, James D. Herbsleb]"}, "172": {"qwen": "The common neighbors between Reza Sedaghati and Reza Khorramnia are: [Abdollah Kavousi-Fard]"}, "173": {"qwen": "The common neighbors between Gang Qian and Jos\u00e9 Miguel Buenaposada are:\n[Takeo Kanade, Yingli Tian, Jeffrey F. Cohn, Matti Pietik\u00e4inen]"}, "174": {"qwen": "The common neighbors of Jitendra Padhye and Nicole Immorlica in the network are: [Wei Wang, Michele Zorzi, Dacheng Tao]"}, "175": {"qwen": "The common neighbors between Giuseppe De Giacomo and Maurizio Lenzerini are:\n\n[Yannis E. Ioannidis]"}, "176": {"qwen": "The common neighbors of Graham Kendall and Edmund K. Burke in this network are:\n[Hugo Terashima-Mar\u00edn, Ender \u00d6zcan, Sanja Petrovic, Ben Paechter, Greet Vanden Berghe, Rong Qu, Jin-Kao Hao, Michel Gendreau, Mart\u00edn J. Lillo Carpio, Rhydian M R Lewis, Santiago Enrique Conant-Pablos, Jorge Alberto Soria-Alcaraz]"}, "177": {"qwen": "The common neighbors between Mark N. Gasson and Saul Traiger are:\n[Kevin Warwick]"}, "178": {"qwen": "[Jack Dongarra, Victor Eijkhout, Boyana Norris, Piotr Luszczek, Sathish S. Vadhiyar, Graham E. Fagg, D. Saltz]"}, "179": {"qwen": "[Steven M. Seitz, Miguel A. Otaduy, Ronald Fedkiw, Xiaogang Jin, Pascal Volino, Eitan Grinspun]"}, "180": {"qwen": "The common neighbors between Dirk Kukulenz and Chee Yong Chan are:\n[Sven Groppe, Jinghua Groppe, Minos N. Garofalakis, Christoph Koch]"}, "181": {"qwen": "[Gian Paolo Incremona, Antonella Ferrara, Thierry Floquet, Paulo Tabuada, Leonid Fridman, Mara Tanelli, Francesco Dinuzzo, Elio Usai, Arie Levant, Alessandro Pisano, Luca Massimiliano Capisani]"}, "182": {"qwen": "The common neighbors of G. Rudolf and W\u0142odzimierz Ogryczak in the network are:\n[Andrzej Ruszczynski, Darinka Dentcheva]"}, "183": {"qwen": "The common neighbors between Jeremiah Blocki and Anne-Marie Kermarrec are:\n\n[Ariel D. Procaccia, Cynthia Dwork]"}, "184": {"qwen": "[Miodrag Bolic, Joon-Hyuk Chang]"}, "185": {"qwen": "[Jennifer Widom, Nesime Tatbul, Mitch Cherniack, Daniel J. Abadi, Klaus Meyer-Wegener]"}, "186": {"qwen": "The common neighbors of Yotaro Watanabe and Marco Saerens in the network are:\n[Christopher D. Manning, Yuji Matsumoto]"}, "187": {"qwen": "The common neighbors of Andreas L. Opdahl and Riccardo Scandariato are:\n[Wouter Joosen, Fabio Massacci, Nicola Zannone, Eric S. K. Yu, Guttorm Sindre, Laurie Williams, Torsten Lodderstedt]"}, "188": {"qwen": "The common neighbors of David C. Reutens and Lisa J. Kjonigsen are: [G. Allan Johnson, Trygve B. Leergaard, Jan G. Bjaalie]"}, "189": {"qwen": "[Harald Steck, Irwin King, Martin Ester, Michael R. Lyu]"}, "190": {"qwen": "The common neighbors between Fu-Guo Deng and L. Zhou are: [Yu-Bo Sheng, Zhou L]"}, "191": {"qwen": "The common neighbors between Patrick J. Flynn and Peter M. Roth are: [Anil K. Jain, Wangmeng Zuo, Takafumi Aoki, Koichi Ito]"}, "192": {"qwen": "The common neighbors between Geovan Tavares and Michael Wand are: [Matthias M\u00fcller, Marc Alexa]"}, "193": {"qwen": "[Vadim V. Lozin, Dmitriy S. Malyshev]"}, "194": {"qwen": "[Arash Arami, Kamiar Aminian]"}, "195": {"qwen": "[Chi-Bang Kuan, Narayanan Vijaykrishnan, Mary Jane Irwin]"}, "196": {"qwen": "[Babak Hassibi, B Jose Mairton da Silva, Markus Rupp]"}, "197": {"qwen": "[Alessio Petrozziello, Mark Harman, Christopher L. Simons]"}, "198": {"qwen": "The common neighbors between Ali Eslami and Pooya Rezaei are:\n[Ian Dobson, B.A. Carreras, David E. Newman]"}, "199": {"qwen": "[Muddassar Farooq, Hazhir Rahmandad]"}, "200": {"qwen": "[Minseok Song, Wil M. P. van der Aalst, Mathias Weske]"}, "201": {"qwen": "[ Mohammad Tehranipoor, Hans-Joachim Wunderlich, Sudhakar M. Reddy, Janusz Rajski, Friedrich Hapke ]"}, "202": {"qwen": "The common neighbors between Graham Neubig and Trevor Darrell in the network are:\n\n[Shrikanth Narayanan]"}, "203": {"qwen": "The common neighbors between Keiichiro Oura and Antti Suni are: [Daniel Erro, Tomoki Toda, Keiichi Tokuda, Takashi Masuko, Junichi Yamagishi]"}, "204": {"qwen": "[Enrique S. Quintana-Ort\u00ed, Eduard Ayguad\u00e9, Dimitrios S. Nikolopoulos, Xavier Martorell, Albert Cohen]"}, "205": {"qwen": "The common neighbors of Alfonso Rodr\u00edguez-Pat\u00f3n and Radu Gramatovici in this network are: [Atulya K. Nagar, Petr Sos\u00edk, Carlos Mart\u00edn-Vide, Agust\u00edn Riscos-N\u00fa\u00f1ez]"}, "206": {"qwen": "The common neighbors of Lee Ngee Tan and Yue Ming in the network are: [Horacio Franco]"}, "207": {"qwen": "The common neighbors between Manuel Prieto-Mat\u00edas and Mohammad Ali Ghodrat are:\n[Ed Grochowski, Lieven Eeckhout, Alexandra Fedorova, Onur Mutlu, Margaret Martonosi, Rakesh Kumar, David M. Brooks, Yale N. Patt]"}, "208": {"qwen": "The common neighbors between Stephan Holzer and Mika G\u00f6\u00f6s in this network are:\n[Roger Wattenhofer, David Peleg, Christoph Lenzen, Fabian Kuhn, Jukka Suomela]"}, "209": {"qwen": "The common neighbors between Yonghwan Oh and Chien Chern Cheah in this network are:\n[Antonio Bicchi, Gerd Hirzinger, Alin Albu-Sch\u00e4ffer, Suguru Arimoto]"}, "210": {"qwen": "[Marko Niinim\u00e4ki, Dick H. J. Epema, Alexandru Iosup, Mathieu Jan]"}, "211": {"qwen": "[Alain Mille, Valmi Dufour-Lussier, Jean Lieber, Yannick Toussaint, Amedeo Napoli, Emmanuelle Gaillard, Emmanuel Nauer]"}, "212": {"qwen": "[Wenzhong Zhu, Xiaobin Wang, Hai Li, Weisheng Zhao, Jisu Kim, Seong-Ook Jung, Taehui Na, Jung Pill Kim, Seung-Hyuk Kang]"}, "213": {"qwen": "[S\u00e9bastien Le Beux, Ian O'Connor, Kotb Jabeur, Fabien Clermidy, Giovanni De Micheli, Kartik Mohanram]"}, "214": {"qwen": "The common neighbors between Gaurav Sharma and J.-Y. Lin are: [Chin-Chen Chang, Jeng-Shyang Pan, Ruchira Naskar, Min-Shiang Hwang, J. Zarepour Ahmadabadi]"}, "215": {"qwen": "The common neighbors between Yu Luo and Zhimin Huang are: [Jian Zhang, Shaoyong Lu, Qiancheng Shen, Xinyi Liu]"}, "216": {"qwen": "[Ben Y. Zhao, Kannan Ramchandran, Ion Stoica, Dhruba Borthakur]"}, "217": {"qwen": "[Claudio Pierpaoli, Baba C. Vemuri, Carl-Fredrik Westin, Rachid Deriche, Yogesh Rathi, Maxime Descoteaux, Peter J. Basser, Timothy M. Shepherd]"}, "218": {"qwen": "The common neighbors of Hyun-Ho Choi and Dong-Ho Cho in this network are:\n\n[Jung-Ryun Lee, Mohamed-Slim Alouini, Antonio Jose Estepa, Rafael Estepa, Juan M. Vozmediano]"}, "219": {"qwen": "The common neighbors between Zhi-Hua Zhou and Chih-Chung Chang are: [Dong Wang, Xiaofei He, Furao Shen, Jinxi Zhao]"}, "220": {"qwen": "The common neighbors between Gilbert Laporte and Anita Sch\u00f6bel are: [Stefan Nickel, Juan A. Mesa, \u00c1ngel Mar\u00edn, Francisco A. Ortega, Ricardo Garc\u00eda-R\u00f3denas]"}, "221": {"qwen": "The common neighbors between Min-Feng Zhu and Hong-Yu Miao are: [Dong-Sheng Cao, Qing-Song Xu]"}, "222": {"qwen": "The common neighbors of Peter Hield and David Q. Mayne in the given network are: [David Angeli, James B. Rawlings, Eduardo F. Camacho, Rishi Amrit]"}, "223": {"qwen": "[Vikram S. Adve, Bin Bao, Chen Ding, Jos\u00e9 Nelson Amaral, Xipeng Shen, David A. Padua, Trishul M. Chilimbi, Kai Tian, Yunlian Jiang]"}, "224": {"qwen": "The common neighbors of Eduardo Santana de Almeida and Alexandre Alvaro in the network are:\n[Marcus A. Rothenberger, Silvio Romero de Lemos Meira, Renata Pontin de Mattos Fortes, Vinicius Cardoso Garcia, Daniel Lucr\u00e9dio]"}, "225": {"qwen": "The common neighbors of Abdelaziz Bensrhair and Hongbin Zha in the network are: [Zehang Sun, Mohan M. Trivedi, Ronald Miller, Pietro Perona, George Bebis]"}, "226": {"qwen": "[Szabolcs Rozsnyai, Magdalena Balazinska, Stan Zdonik, Mitch Cherniack]"}, "227": {"qwen": "[Reza Tavakkoli-Moghaddam, Iraj Mahdavi, M. Zandieh]"}, "228": {"qwen": "[Jiawei Han, Qiang Yang, Wei Wang, Sungyoung Lee, Sanguthevar Rajasekaran]"}, "229": {"qwen": "[Miron Livny, Edward Walker, Loretta Mastroeni]"}, "230": {"qwen": "[Miguel A. Vega-Rodr\u00edguez, Juan M. S\u00e1nchez-P\u00e9rez, \u00c1lvaro Rubio-Largo, Biswanath Mukherjee, Keyao Zhu, Martin Tompa]"}, "231": {"qwen": "[Alissa Nicole Antle, Alethea L. Blackler, J\u00f6rn Hurtienne, Johann Habakuk Israel]"}, "232": {"qwen": "The common neighbors between Jos\u00e9 M. Sebasti\u00e1n and Fran\u00e7ois Chaumette are:\n[Seth Hutchinson, Alberto Traslosheros]"}, "233": {"qwen": "[Makoto Ikeda, Leonard Barolli, Fatos Xhafa, Keita Matsuo, Tetsuya Oda, Shinji Sakamoto, Evjola Spaho]"}, "234": {"qwen": "[Wei Zheng, Huafeng Yu, Martin Lukasiewycz, Zebo Peng, Samarjit Chakraborty]"}, "235": {"qwen": "[Alberto Prieto, Cristina Urdiales, F. Sandoval]"}, "236": {"qwen": "The common neighbors between Andrew Gilbert and Alberto Sanfeliu are: [An\u00edbal Ollero, Richard Bowden, Jes\u00fas Capit\u00e1n, Juan Andrade-Cetto, Andreu Corominas Murtra, Josep M. Mirats Tur]"}, "237": {"qwen": "[Jianwei Huang, Zhu Han, Yusheng Ji, Behnaam Aazhang, Dong In Kim, Yuguang Fang, Hiroshi Harada, Hannes Hartenstein, Alexander M. Haimovich, Andrew Sendonaris, Haobing Wang]"}, "238": {"qwen": "The common neighbors between Josep Sol\u00e9-Pareta and Lei Shi are: [Fabio Neri]"}, "239": {"qwen": "[Petri Mahonen, Piet Demeester, Ingrid Moerman, L.A. DaSilva]"}, "240": {"qwen": "[Alec Woo, Mani B. Srivastava, Tarek F. Abdelzaher, David E. Culler, Philip Levis, Deborah Estrin, Wei Ye, John A. Stankovic, Chenyang Lu, Marko H\u00e4nnik\u00e4inen, Timo D. H\u00e4m\u00e4l\u00e4inen, Lui Sha, Mauri Kuorilehto, Jukka Suhonen, Ville Kaseva]"}, "241": {"qwen": "[Devika Subramanian, David B. Whalley, Michael R. Jantz, Gary S. Tyson, Eduardo Marques]"}, "242": {"qwen": "[Hai Huang, Chenglin Zhao, Ali N. Akansu]"}, "243": {"qwen": "The common neighbors of Yukun Chen and Lizhu Zhang in the given network are:\n[Vincent S. Tseng, Qiang Yang, Yu Zheng, Wang-Chien Lee, Lei Chen, Jiawei Han, Ning Zhong, Wei-Ying Ma, Mohamed F. Mokbel, Longhao Wang, Ling-Yin Wei]"}, "244": {"qwen": "The common neighbors between Rajkumar Buyya and Jon B. Weissman in this network are:\n[Ian T. Foster, Robert Morris, Seonho Kim, Mohamed Othman, Hamidah Ibrahim, Shamala Subramaniam, Monir Abdullah]"}, "245": {"qwen": "[Hartmut Stadtler, Paulo Morelato Fran\u00e7a, Claudio Fabiano Motta Toledo, Alistair R. Clark]"}, "246": {"qwen": "The common neighbors of Dan Roth and Tu Minh Phuong are: [Wendy W. Chapman, \u00d6zlem Uzuner, Christopher D. Manning, Son Doan]"}, "247": {"qwen": "[Sergey V. Avgustinovich, Denis S. Krotov, Josep Rif\u00e0, Joaquim Borges, Cristina Fernandez]"}, "248": {"qwen": "The common neighbors between Jiankun Hu and Patrick J. Flynn are:\n\n[Anil K. Jain, Arun Ross, Dario Maio, Davide Maltoni, Nalini K. Ratha]"}, "249": {"qwen": "The common neighbors of Guoyin Li and Cornelis Roos in the given network are:\n\n[Tam\u00e1s Terlaky, C. Roos, V. Jeyakumar, Liqun Qi, Hongwei Liu]"}, "250": {"qwen": "[Jie Chen, Ting Chen, Christos Faloutsos, Max Welling, Cecilia Mascolo, Michael R. Lyu]"}, "251": {"qwen": "The common neighbors of Bo Gao and Yanzhi Dou are: [He Li, David Gurney]"}, "252": {"qwen": "[Joel A. Tropp, Alexander M. Haimovich, Rick S. Blum]"}, "253": {"qwen": "The common neighbors between Siyuan Liu and Francesco Calabrese in the network are: [Lionel M. Ni, Gennady L. Andrienko, Natalia V. Andrienko, Daqing Zhang, Daniel A. Keim]"}, "254": {"qwen": "[Deborah L. McGuinness, Thomas Steiner, Siegfried Handschuh, Xin Wang, John Domingue, Erik Mannens, Rik Van de Walle, Leon Urbas, Silvio Peroni, Aidan Hogan, Manfred Hauswirth, Pascal Hitzler, Yannis Tzitzikas, Carlos Pedrinaci, Andriy Nikolov, Bernhard Haslhofer]"}, "255": {"qwen": "[Geoffrey E. Hinton, Alex Krizhevsky, Li Deng, Yoshua Bengio, Ilya Sutskever, Ruslan Salakhutdinov]"}, "256": {"qwen": "The common neighbors between Andr\u00e9 Schiper and Victor C. Zandy are [Filipe Araujo, Naghmeh Ivaki]."}, "257": {"qwen": "The common neighbors between Bartek Wilczy\u0144ski and Andr\u00e9 Fujita are: [Jo\u00e3o Ricardo Sato, Korbinian Strimmer, Mingzhou Ding, Alexandre G. Patriota, Humberto Miguel Garay-Malpartida, Mari Cleide Sogayar]"}, "258": {"qwen": "The common neighbors between Andrzej S. Jusczyzck and Terry M. Peters are Philip J. Edwards and John B. Moore. Therefore, the answer is:\n\n[Philip J. Edwards, John B. Moore]"}, "259": {"qwen": "The common neighbors of Kevin W. Bowyer and Xin Li are: [Lei Zhang, Meng Wang]"}, "260": {"qwen": "[Astrid Soendergaard, Jacob Buur, Margot Brereton]"}, "261": {"qwen": "[Merouane Debbah, Stefano Buzzi, Gunther Auer]"}, "262": {"qwen": "The common neighbors between Lihe Zhang and Trevor Darrell in this network are: [Ali Borji, Ming-Ming Cheng, Dacheng Tao, Huchuan Lu, Xuelong Li, Ming-Hsuan Yang]"}, "263": {"qwen": "The common neighbors between Qing Xu and Jiawei Han are: [Anastasios Tefas, Ioannis Pitas, Zuzana Cernekova]"}, "264": {"qwen": "[Carlo Cecati, Bin Wu, Jose Rodriguez, K. Gopakumar, Leon M. Tolbert, Samir Kouro, Steffen Bernet, Jose I. Leon]"}, "265": {"qwen": "[Christopher D. Manning, Hermann Ney, Franz Josef Och, Marcello Federico]"}, "266": {"qwen": "The common neighbors between Mel Slater and Tracy Hammond in the given network are:\n[Tevfik Metin Sezgin, Levent Burak Kara, Martin Buss, Angelika Peer, Abderrahmane Kheddar]"}, "267": {"qwen": "The common neighbors between J\u00e9r\u00f4me Lang and Moshe Tennenholtz are: [Ronen I. Brafman, Craig Boutilier, Lirong Xia]"}, "268": {"qwen": "[Terry Rout, Mark Staples, Rory V. O'Connor, Claude Y. Laporte]"}, "269": {"qwen": "The common neighbors between Margherita Francescatto and John A. C. Archer are:\n[Hideya Kawaji, Alistair R. R. Forrest]"}, "270": {"qwen": "The common neighbors between Ying-Qian Zhang and Kannan Ramchandran are: [Kwok-Wo Wong, Jiantao Zhou, Enrico Magli]"}, "271": {"qwen": "[Erchin Serpedin, Yonina C. Eldar, Antonio Napolitano, Philippe Loubaton, Giacinto Gelli]"}, "272": {"qwen": "The common neighbors between Jan To\u017ei\u010dka and Michal P\u011bchou\u010dek are:\n[Martin Rehak, Michal Pechoucek, Nicholas R. Jennings]"}, "273": {"qwen": "The common neighbors between Kayvan Kousha and Per Ahlgren are:\n[Lutz Bornmann, Mike Thelwall, Judit Bar-Ilan, Wolfgang Gl\u00e4nzel, Ludo Waltman, Dangzhi Zhao, Nees Jan van Eck]"}, "274": {"qwen": "The common neighbors between Gregory D. Abowd and A. Schmidt are: [Michael Haller, George W. Fitzmaurice, Ravin Balakrishnan, Robert C. Miller, Bj\u00f6rn Hartmann, Jennifer Mankoff, Scott R. Klemmer, Meredith Ringel Morris, Michael S. Bernstein, Orit Shaer]"}, "275": {"qwen": "[Guangwen Yang, Haohuan Fu, Chao Yang, Wei Xue]"}, "276": {"qwen": "The common neighbors of John D. Owens and Xavier D\u00e9coret are: [Hans-Peter Seidel, R\u00fcdiger Westermann, Carsten Dachsbacher, Ulf Assarsson, Fr\u00e9do Durand, Erik Sintorn]"}, "277": {"qwen": "[Patric R. Spence, Kenneth A. Lachlan]"}, "278": {"qwen": "[P. Blenkhorn, Lucio Davide Spano, Myriam Arrue]"}, "279": {"qwen": "[Jelena Mirkovic, Fang Qi, Anna Bouch, Allan Kuchinsky]"}, "280": {"qwen": "[Raffaele Grasso, Paolo Braca, Peter Willett, Jochen Horstmann, Michele Vespe]"}, "281": {"qwen": "The common neighbors between Pavan Balaji and Bulent Abali are: [Wei Huang, Jeffrey S. Vetter, Dhabaleswar K. Panda, Pete Wyckoff, Jiuxing Liu, Matthew J. Koop]"}, "282": {"qwen": "The common neighbors of Bryant A. Julstrom and Roberto Wolfler Calvo in the network are:\n\n[G\u00fcnther R. Raidl, Eric Soutif]"}, "283": {"qwen": "The common neighbors between Bobin Deng and Wenting Han are:\n[Hong An, Yaobin Wang, Zhiqin Liu, Qi Li, Christos Kozyrakis, Antonia Zhai, Stephen W. Keckler, Mark D. Hill, Kevin E. Moore, David A. Wood]"}, "284": {"qwen": "[Bashir Ahmad, Radim Blaheta, Owe Axelsson, Jinde Cao, Roman Kohut]"}, "285": {"qwen": "The common neighbors between Yongpan Liu and Geoff V. Merrett in this network are: [David E. Culler, Kaisheng Ma, Yuan Xie, Joseph Polastre, Huazhong Yang]"}, "286": {"qwen": "[Wei Liu, Qi Tian, Xin Chen, Hong-Jiang Zhang, Tat-Seng Chua, Chong-Wah Ngo, Mohan S. Kankanhalli, Yu-Gang Jiang, Xian-Sheng Hua, Shih-Fu Chang, Mei-Ling Shyu, Ilya Sutskever]"}, "287": {"qwen": "The common neighbors between Stephan Windm\u00fcller and Sicco Verwer are: [Tiziana Margaria, Bernhard Steffen, Therese Berg]"}, "288": {"qwen": "The common neighbors of Laura Villafuerte and Gema Calbo in the given network are: [Lucas J\u00f3dar, L. Villafuerte, J. C. Cort\u00e9s, M.-D. Rosell\u00f3]"}, "289": {"qwen": "[Dieter Kratsch, Martin Charles Golumbic, Ton Kloks, Maw-Shang Chang, Petr A. Golovach, Udi Rotics, Jiping Liu, Sheng-Lung Peng]"}, "290": {"qwen": "The common neighbors between Quang Do and Ben Martini in the given network are: [Jiankun Hu, Yuval Elovici, Kim-Kwang Raymond Choo, Ali Dehghantanha, Christian D'Orazio, Umer Naeem, Muhammad Adeel Zaffar]"}, "291": {"qwen": "The common neighbors of Michael Hind and Walter Binder in the given network are:\n[Vivek Sarkar, Ion Stoica, Mark D. Hill, Michael D. Bond]"}, "292": {"qwen": "The common neighbors between Alessandro Rizzi and Francois Blais in the given network are:\n\n[Enrico Gobbetti, Roberto Scopigno, Guy Godin, Fabio Marton, J.-A. Beraldin, F. Blais]"}, "293": {"qwen": "The common neighbors of Na-Rae Han and Hitoshi Isahara are: [Dan Roth, Mirella Lapata, Martin Chodorow, Joel R. Tetreault, Ryo Nagata]"}, "294": {"qwen": "[Andrea De Lucia, Gerardo Canfora, Rocco Oliveto, David Lo, Massimiliano Di Penta, Foutse Khomh, Michele Lanza]"}, "295": {"qwen": "The common neighbors between Alfredo Ra\u00fal Teyseyre and Alexander Krause in this network are:\n\n[Wilhelm Hasselbring, Florian Fittkau]"}, "296": {"qwen": "The common neighbors between Ian Horrocks and Torben Bach Pedersen are: [Diego Calvanese, Bijan Parsia, Ladjel Bellatreche]"}, "297": {"qwen": "The common neighbors between Sparsh Mittal and Fabian Oboril are: [Yuan Xie, Cong Xu, Kaushik Roy, Yiran Chen, Hai Li, Vijaykrishnan Narayanan, Onur Mutlu, Kevin Skadron, Shih-Lien Lu, Xiangyu Dong, Yaojun Zhang, Wujie Wen]"}, "298": {"qwen": "[Xuemin Sherman Shen, Jeffrey G. Andrews, Theodore S. Rappaport, Preben Mogensen, Shu Sun, Amitava Ghosh, Mathew K. Samimi]"}, "299": {"qwen": "The common neighbors of Olivier Beaumont and Hyoung Joong Kim are: [Henri Casanova, Yves Robert, Chi Chung Ko, Maciej Drozdowski, Bharadwaj Veeravalli, Thomas G. Robertazzi]"}, "300": {"qwen": "The common neighbors between Andreas Bulling and A. Schmidt are:\n[Hans Gellersen, Paul Lukowicz, Christian Decker, Albert Krohn]"}, "301": {"qwen": "The common neighbors of Nir A. Sochen and Tony F. Chan in the given network are:\n\n[Luminita A. Vese, Jun Zhang, Stanley Osher, Xavier Bresson]"}, "302": {"qwen": "The common neighbors between J Foussier and Alexander Tataraidze are: [Rm Ronald Aarts, R Reinder Haakma, X Xi Long, P Pedro Fonseca]"}, "303": {"qwen": "The common neighbors of Chien Chern Cheah and Hojung Cha in this network are:\n\n[Juanjuan Zhang]"}, "304": {"qwen": "The common neighbors between Jelena Mirkovic and C. Seshadhri are:\n\n[Sung-Ryul Kim, Ali Pinar]"}, "305": {"qwen": "The common neighbors of Myeong-Wuk Jang and Alexandre David are:\n[Libero Nigro, Franco Cicirelli, Angelo Furfaro]"}, "306": {"qwen": "[Li Zhang, Qinghua Guo, Lajos Hanzo, Hiroshi Suzuki, Li Ping, Satoshi Suyama, Yuantao Gu, Kazuhiko Fukawa, Wai K. Leung, Michael T\u00fcchler, Jun Tong, Jos Akhtman, Lihai Liu]"}, "307": {"qwen": "[Edgar Ch\u00e1vez, Ricardo A. Baeza-Yates, Gonzalo Navarro]"}, "308": {"qwen": "The common neighbors of Hongyan Wu and Toshihisa Takagi in the given network are:\n[Toshiaki Katayama, Atsuko Yamaguchi, Yasukazu Nakamura]"}, "309": {"qwen": "[Tadahiro Kuroda, Noriyuki Miura]"}, "310": {"qwen": "[Maurizio Lenzerini, Michael Zakharyaschev, Georg Gottlob, Ian Horrocks, Enrico Franconi, Marco Console, Lucian Popa, Marco Ruzzi]"}, "311": {"qwen": "[Jiepu Jiang, Shaoping Ma, Ellen M. Voorhees, Nick Craswell]"}, "312": {"qwen": "[Juan M. Ordu\u00f1a, Pedro Morillo, Wentong Cai, Rynson W. H. Lau, Silvia Rueda]"}, "313": {"qwen": "[Quan-Ke Pan, Reza Tavakkoli-Moghaddam, Rub\u00e9n Ruiz, Ali Allahverdi, M. Zandieh, Javad Behnamian]"}, "314": {"qwen": "[Li Su, Jon Crowcroft, Yong Li, Depeng Jin, Minglu Li, Guohong Cao, Athanasios V. Vasilakos, Eiko Yoneki, Zhaocheng Wang, Thrasyvoulos Spyropoulos]"}, "315": {"qwen": "[Li Zhang, Qi Wang, Alan C. Bovik, Aljoscha Smolic, Thomas Wiegand, Karsten Muller, Sheila S. Hemami, Yongkai Huo]"}, "316": {"qwen": "[Daowen Qiu, Se-Young Oh, Wolfram Burgard, Dieter Fox, Shaojie Shen, Giorgio Metta, Maja J. Matari\u0107, Stergios I. Roumeliotis, Patric Jensfelt, Sebastian Thrun, Silv\u00e8re Bonnabel, Giuseppe Oriolo, Mingsheng Ying, Andrew J. Davison, Gaurav S. Sukhatme, Tom Duckett, Magnus Egerstedt, Moritz Diehl, Agostino Martinelli, Paul Timothy Furgale, George A. Bekey, Raymond G. Gosine, El-Neshawy Shafik, R. Stemmer]"}, "317": {"qwen": "The common neighbors between Kensaku Mori and Yong Yin are:\n[Cristian Lorenz, Jurij F\u00fcrst, Bram van Ginneken]"}, "318": {"qwen": "The common neighbors between Kai Liu and Badri Nath are: [Victor C. S. Lee, Demet Aksoy, Mason Sin-Fai Leung]"}, "319": {"qwen": "[Toshiaki Tsuji, Kiyoshi Ohishi, Seiichiro Katsura]"}, "320": {"qwen": "[Vladimir Cretu, Mihai V. Micea, Giuseppe Lipari, Dacian Tudor]"}, "321": {"qwen": "[Wenzhe Zhao, Guiqiang Dong]"}, "322": {"qwen": "The common neighbors between Gary J. Sullivan and Thomas S. Huang in this network are: [Michael Elad, Alan C. Bovik, Jean Ponce, Bartomeu Coll]"}, "323": {"qwen": "[Zhengrong Xiang, Zidong Wang, Shengyuan Xu, Huijun Gao, Yurong Liu, Bing Chen, Lihua Xie]"}, "324": {"qwen": "The common neighbors of Johan van Benthem and Krzysztof Kaczor in this network are:\n[Janosz Kaczor, Antoni Lig\u0119za, Krystian Jobczyk]"}, "325": {"qwen": "[Gerhard Krieger, Rolf Scheiber, Mengdao Xing, Pau Prats-Iraola, Alberto Moreira, Josef Mittermayer]"}, "326": {"qwen": "[Pedro N\u00fa\u00f1ez, Mario Fernando Montenegro Campos, Jorge Dias, Ant\u00f4nio Wilson Vieira]"}, "327": {"qwen": "[Viswanath Venkatesh, Mary Tate]"}, "328": {"qwen": "The common neighbors between David Hay and Aydin Carus are: [Viktor K. Prasanna, Weirong Jiang, Hoang Le, David E. Taylor]"}, "329": {"qwen": "The common neighbors of Antonio Lanat\u00ed and Jean Schoentgen in this network are:\n[Enzo Pasquale Scilingo, Claudio Gentili, Abdellah Kacha]"}, "330": {"qwen": "[Jochen Rick, Stacey D. Scott, Meredith Ringel Morris, Fabio Pianesi, Yvonne Rogers, Terry Winograd, Andri Ioannou, Christina Vasiliou, Panayiotis Zaphiris]"}, "331": {"qwen": "[Muhammad Ali Imran, Albrecht J. Fehske, Bernard Cousin, Halim Yanikomeroglu, Samer Lahoud, Kinda Khawam, Farah Moety]"}, "332": {"qwen": "The common neighbors of Pawan Lingras and Ana M. Mart\u00ednez are: [Anders L. Madsen, Cory J. Butz, Shan Hua]"}, "333": {"qwen": "The common neighbors between Mark H. Ellisman and Bogl\u00e1rka G.-T\u00f3th are:\n[Inmaculada Garc\u00eda, Jos\u00e9-Jes\u00fas Fern\u00e1ndez, Abel W. Lin, Zvi Drezner]"}, "334": {"qwen": "[Jian Pei, Philip S. Yu, Qiang Yang, Bing Liu, Yu Zheng, Xifeng Yan, Yizhou Sun, Mingxuan Yuan, David Lo, Michael D. Ernst, Xing Xie]"}, "335": {"qwen": "The common neighbors between Rajkumar Buyya and Mike Spreitzer are: [Filip De Turck, Jordi Torres, Rolf Stadler, Brendan Jennings, Fetahi Wuhib]"}, "336": {"qwen": "[Maria N. Moreno, Vivian F. Lopez, Saddys Segrera, Joel Pinho Lucas]"}, "337": {"qwen": "[Mark Harman, Baowen Xu, Zhenyu Chen]"}, "338": {"qwen": "The common neighbors between Nik Bessis and Christian Darabos are authors who have collaborated with both Nik Bessis and Christian Darabos. From the given collaborations:\n\nNik Bessis collaborates with:\n- M. E. J. Newman\n\nChristian Darabos collaborates with:\n- M. E. J. Newman\n\nThere is only one common neighbor, which is M. E. J. Newman.\n\nSo the answer is:\n[M. E. J. Newman]"}, "339": {"qwen": "The common neighbors of Rajkumar Buyya and Anton Beloglazov in this network are:\n[Jes\u00fas Carretero, Rajiv Ranjan, Gideon Juve, C\u00e9sar A. F. De Rose, Wanchun Dou, Liqiong Chen]"}, "340": {"qwen": "The common neighbors between Alan M. MacEachren and Andrew T. Campbell are: [Sergio F. Ochoa]"}, "341": {"qwen": "[Rene de Jesus Romero-Troncoso, Jose A. Antonino-Daviu, M. Pineda-Sanchez, Roque Alfredo Osornio-Rios, Arturo Garcia-Perez, Eduardo Cabal-Yepez, M. Riera-Guasp, J. Perez-Cruz, Gerard-Andre Capolino]"}, "342": {"qwen": "The common neighbors between Fu Lee Wang and Feifeng Zheng are: [Chung Keung Poon]"}, "343": {"qwen": "[None]"}, "344": {"qwen": "[Tatsuya Akutsu, Atsuko Yamaguchi, Kiyoko F. Aoki-Kinoshita, Daiji Fukagawa, Minoru Kanehisa, Susumu Goto, Toshiaki Katayama]"}, "345": {"qwen": "The common neighbors of Xiaolei Liu and Mac McKee are authors who have collaborated with both Xiaolei Liu and Mac McKee. From the given collaborations:\n\n- Xiaolei Liu collaborates with YangQuan Chen.\n- Mac McKee collaborates with YangQuan Chen.\n\nThere are no other collaborations involving both Xiaolei Liu and Mac McKee. Therefore, their common neighbor is:\n\n[YangQuan Chen]"}, "346": {"qwen": "The common neighbors of Bertrand Thirion and Cyril Poupon in this network are:\n[Dinggang Shen, Guido Gerig, Carl-Fredrik Westin, James C. Gee, Maxime Descoteaux, Jean-Fran\u00e7ois Mangin, Matthieu Perrot, Jean R\u00e9gis, Michael I. Miller, John C. Mazziotta, Pamela Guevara, Denis Rivi\u00e8re, Cyril Poupon]"}, "347": {"qwen": "[Jan Olaf Blech, Lasith Fernando]"}, "348": {"qwen": "[JChristopher R\u00e9, Divesh Srivastava, H. V. Jagadish, Rajeev Motwani, Victor Vianu]"}, "349": {"qwen": "The common neighbors between Yu Cheng and Ellen W. Zegura in this network are: [Jie Wu, Jon Crowcroft, Muriel Medard, Brian Neil Levine, Peter Han Joo Chong, David E. Culler, Mostafa H. Ammar, Kevin R. Fall, Rabin K. Patra, Sushant Jain, Wenrui Zhao, Ling Fu Xie]"}, "350": {"qwen": "[Ali H. Sayed, Yuantao Gu, Sergios Theodoridis, Xiaoli Ma, G.B. Giannakis]"}, "351": {"qwen": "The common neighbors of Xiaofeng Wang and Daniel M\u00e9ndez Fern\u00e1ndez in the given network are:\n\n[J\u00fcrgen M\u00fcnch, Robert Feldt, Claes Wohlin, Tore Dyb\u00e5, Markku Oivo]"}, "352": {"qwen": "The common neighbors between Sharad Mehrotra and Rick van Krevelen are: [Alexander Verbraeck]"}, "353": {"qwen": "[Jean-Jacques Quisquater, Thanh-Ha Le, Jessy Cl\u00e9di\u00e8re, Dong-Guk Han]"}, "354": {"qwen": "The common neighbors between Changle Zhou and Shih-Wei Lin are:\n\n[Pei-Chann Chang, Chen-Hao Liu]"}, "355": {"qwen": "The common neighbors between R.D. De Roo and Li Li are: [Christopher S. Ruf, Leung Tsang, Adriano Camps, Joel T. Johnson, Eni G. Njoku, Sidharth Misra, Priscilla N. Mohammed]"}, "356": {"qwen": "The common neighbors of Edward Y. Chang and C.C. de Souza in this network are: [Pedro Jussieu de Rezende, Celso Tetsuo Nagase Suzuki, Cid C. de Souza, Alexander Kr\u00f6ller]"}, "357": {"qwen": "The common neighbors of Sunil Samtani and Luis Ceze in this network are: [Xing Zhou]"}, "358": {"qwen": "[Jae Hong Lee, Yan Zhang, Mohamed-Slim Alouini, Iain B. Collings, Tharmalingam Ratnarajah, Kai-Kit Wong, Marco Chiani, George K. Karagiannidis, Alberto Zanella, Sonia Aissa, Moe Z. Win, Haochuan Zhang]"}, "359": {"qwen": "[Viktor Kuncak, Philippe Suter, Martin C. Rinard]"}, "360": {"qwen": "[Alessandro Rizzi, Francois Blais, Paolo Cignoni, Roberto Scopigno, Guy Godin, Enrico Gobbetti, F. Blais, J.-A. Beraldin]"}, "361": {"qwen": "The common neighbors of Francesco Verde and Anna Scaglione in the given network are:\n\n[Elza Erkip, Gregory W. Wornell, Giacinto Gelli, Donatella Darsena, Andrew Sendonaris, Inkyu Lee, Changick Song, Fulvio Melito, C.R. Johnson]"}, "362": {"qwen": "[Djoerd Hiemstra, Tatiana Gossen, Andreas N\u00fcrnberger, Leif Azzopardi]"}, "363": {"qwen": "The common neighbors between Nicholas Fang and Adam Jatowt are:\n\n[Elizabeth Sillence, Katsumi Tanaka]"}, "364": {"qwen": "The common neighbors between Peter Marshall and Iris Vessey are: [Tony Clear, Stephen G. MacDonell, Simon]"}, "365": {"qwen": "[James Aspnes, Rachid Guerraoui, Dana Angluin, David Eisenstat, Andrea Vitaletti, Laurent Rosaz, Stavros Nikolaou, Lorenzo Bergamini]"}, "366": {"qwen": "The common neighbors of Man Ho Au and Ronald L. Rivest in the given network are:\n[Hovav Shacham, Matthew K. Franklin, Amit Sahai, Dan Boneh, Willy Susilo]"}, "367": {"qwen": "The common neighbors of Hsin-Hsi Chen and Ming Zhou in the given network are: [Jian-Yun Nie, Wei-Ying Ma, Ji-Rong Wen, Susan T. Dumais, Andrei Z. Broder, Gui-Rong Xue]"}, "368": {"qwen": "[Carlos Eduardo Pereira, Fl\u00e1vio Rech Wagner, J\u00falio C. B. de Mattos, Luigi Carro]"}, "369": {"qwen": "The common neighbors between Ali M. Niknejad and Elad Alon are: [Hua Wang, Pulkit Grover, Chintan Thakkar, John R. Long]"}, "370": {"qwen": "[Tobias Breiten, Daniel Kressner, Bo K\u00e5gstr\u00f6m]"}, "371": {"qwen": "The common neighbors of Philip E. Bourne and Adam Godzik in the network are:\n[Bo\u017cena Ma\u0142ysiak-Mrozek, Dariusz Mrozek, Yuzhen Ye, Andreas Prli\u0107, Sean R. Eddy, Liisa Holm, Peter W. Rose, Spencer Bliven]"}, "372": {"qwen": "The common neighbors between Laura Turkki and Tuukka M. Takala are: [Perttu H\u00e4m\u00e4l\u00e4inen, Johanna H\u00f6ysniemi]"}, "373": {"qwen": "The common neighbors between Faliang Chang and Jan Salmen are:\n[Christian Igel, Zhenxue Chen, Marc Schlipsing, Johannes Stallkamp]"}, "374": {"qwen": "The common neighbors of Li Shang and Niraj K. Jha in this network are: [Javier Resano, Daniel Mozos, Diederik Verkest, J\u00fcrgen Teich, Frank Vahid, Yunhao Liu, Juan Antonio Clemente]"}, "375": {"qwen": "The common neighbors between Jiawei Han and Hendrik Blockeel in this network are: [Bernhard Pfahringer, Maurice Bruynooghe, Stan Sclaroff, Esteban Zim\u00e1nyi]"}, "376": {"qwen": "[Colin Bradley, Fran\u00e7ois Chaumette, Seth Hutchinson, Kostas J. Kyriakopoulos, George C. Karras]"}, "377": {"qwen": "[Paul Baker, Lidia Fuentes, Pablo S\u00e1nchez]"}, "378": {"qwen": "[Mario Piattini, Xavier Franch, John Mylopoulos, Paolo Giorgini, Bashar Nuseibeh, Haralambos Mouratidis, Camille Salinesi, Amina Souag]"}, "379": {"qwen": "The common neighbors of Waheed U. Bajwa and K.G. Deepa in this network are [Bhaskar D. Rao, Holger Rauhut, Saikat Chatterjee]."}, "380": {"qwen": "[Iadh Ounis, ChengXiang Zhai, W. Bruce Croft, Hugo Zaragoza, Victor Lavrenko, John D. Lafferty]"}, "381": {"qwen": "The common neighbors between Gilbert Laporte and Hugues Hoppe are: [Yong Wu]"}, "382": {"qwen": "The common neighbors of Frank Mueller and Raymond Namyst in the given network are: [Matthias Diener, Philippe Olivier Alexandre Navaux, Eduardo Henrique Molina da Cruz, Marco Antonio Zanata Alves, Anselm Busse]"}, "383": {"qwen": "[Sangnam Nam, R\u00e9mi Gribonval, Takafumi Hayashi, Wenwu Wang, Mike E. Davies]"}, "384": {"qwen": "The common neighbors of Csaba D. T\u00f3th and Soroush Alamdari in this network are:\n[Maurizio Patrignani, Patrizio Angelini, Fabrizio Frati]"}, "385": {"qwen": "The common neighbors between Rajkumar Buyya and Yiming Li in the given network are: [Qing Li, Fei Tao]"}, "386": {"qwen": "[Patrick van der Smagt, S. A. Julia]"}, "387": {"qwen": "The common neighbors of Ju-Sheng Mi and Qinghua Hu in this network are: [Zhoujun Li, Llu\u00eds Godo, Yee Leung, Fan Min, William Zhu, Daren Yu, Wei-Zhi Wu, Wen-Xiu Zhang, Roman S\u0142owi\u0144ski, Eric C. C. Tsang, Anna Maria Radzikowska, Fei-Yue Wang, Bao Qing Hu]"}, "388": {"qwen": "The common neighbors between Pedro Pina and Penousal Machado in the given network are:\n[Vitorino Ramos]"}, "389": {"qwen": "[Vikram S. Adve, Christof Fetzer, Ute Schiffel, Martin S\u00fc\u00dfkraut]"}, "390": {"qwen": "[Elza Erkip, Mohamed-Slim Alouini, Behnaam Aazhang, Andrew Sendonaris, Lajos Hanzo]"}, "391": {"qwen": "The common neighbors between Yasmin B. Kafai and Cristina Sylla in the given network are:\n\n[Leah Buechley, Mitchel Resnick, Michael Eisenberg]"}, "392": {"qwen": "[Xiaodong Lu, Khaled Ragab, Kinji Mori]"}, "393": {"qwen": "[Tieniu Tan, Matti Pietik\u00e4inen, Kevin W. Bowyer, Patrick J. Flynn, Anil K. Jain, Josef Kittler, Stan Z. Li, Kevin J. Hoffman, David S. Bolme, Baochang Zhang, Thirimachos Bourlai]"}, "394": {"qwen": "[Markus H. Gross, Hao Li, Szymon Rusinkiewicz, Christian Theobalt, Shahram Izadi, C.H. Wu, Andrew W. Fitzgibbon, Michael Zollh\u00f6fer, Luc J. Van Gool]"}, "395": {"qwen": "[David H. Albonesi, Francisco J. Cazorla, Lieven Eeckhout, Margaret Martonosi, Miquel Moreto, Pradip Bose]"}, "396": {"qwen": "The common neighbors between Dirk Vermeir and Eugenia Ternovska are:\n[Ilkka Niemel\u00e4, Chitta Baral, Nicola Leone, Martin Gebser, Hans Tompits, Michael Fink, Vladimir Lifschitz]"}, "397": {"qwen": "[Chalermpol Saiprasert, Isaac Skog, Mohan M. Trivedi, Yuan Zhuang]"}, "398": {"qwen": "[Helmut B\u00f6lcskei, Moe Z. Win]"}, "399": {"qwen": "The common neighbors between Yi Mu and Stefan Brands are authors who have collaborated with both Yi Mu and Stefan Brands. After examining the given collaborations:\n\n- Collaborations involving Yi Mu: Yi Mu and Javier Lopez, Yi Mu and Xiaofeng Chen, Yi Mu and Sean W. Smith, Yi Mu and Vinod Vaikuntanathan, Yi Mu and Jan Camenisch, Yi Mu and Dan Boneh, Yi Mu and Kent E. Seamons, Yi Mu and Mihir Bellare, Yi Mu and Man Ho Allen Au.\n- Collaboration involving Stefan Brands: Stefan Brands and Jan Camenisch.\n\nThe common neighbor between Yi Mu and Stefan Brands is [Jan Camenisch]."}, "400": {"qwen": "[Thorsten Hampel, Ion Stoica, Peter Druschel, David R. Karger, Robert Morris, M. Frans Kaashoek, John Kubiatowicz, Shervin Shirmohammadi]"}, "401": {"qwen": "The common neighbors between Guillaume Revy and Claude-Pierre Jeannerod in the given network are:\n\n[Christophe Mouilleron]"}, "402": {"qwen": "[Vijay Varadharajan, Peng Ning, Ahmad-Reza Sadeghi]"}, "403": {"qwen": "[Adrian Bondy, Andr\u00e9 C. Drummond, Xiaomin Chen, Turgay Korkmaz]"}, "404": {"qwen": "[Chin-Chen Chang, Shyong Jian Shyu, Tzung-Her Chen]"}, "405": {"qwen": "The common neighbors between Mateu Sbert and Yue Wang are: [Min Chen, Eero P. Simoncelli]"}, "406": {"qwen": "[Jean-Luc Moncet]"}, "407": {"qwen": "[Anil K. Jain, Xing-Quan Zhu, Chris H. Q. Ding, Christopher D. Manning, Michael I. Jordan, Chih-Jen Lin, John D. Lafferty, Yueting Zhuang]"}, "408": {"qwen": "The common neighbors of Brandon Lucia and Alberto Ros in the given network are: [Shaz Qadeer, Sarita V. Adve, Hans-Juergen Boehm]"}, "409": {"qwen": "[Tamoghna Ojha, Yiyang Zhao, Sudip Misra, Mario Gerla, Jun-Hong Cui, Ian F. Akyildiz, Tommaso Melodia, Melike Erol-Kantarci, Sema Oktug]"}, "410": {"qwen": "[Arthur C. Sanderson, Swagatam Das, Xiaodong Li, Xin Yao, Ke Tang, Carlos A. Coello Coello, Zhenyu Yang, Janez Brest, X.-G. Lu]"}, "411": {"qwen": "[Patrick Wheeler, E. Levi, F. Filippetti, Jose Rodriguez, Umut Orguner, Gerard-Andre Capolino]"}, "412": {"qwen": "The common neighbors between Yidong Chen and F\u00e1bio Fernandes da Rocha Vicente are:\n[Fabr\u00edcio Martins Lopes, Roberto Marcondes Cesar]"}, "413": {"qwen": "[Liang Zhang, Armann Ingolfsson, Andrea Matta, Nicla Frigerio]"}, "414": {"qwen": "[Chia-Han Lee, Rui Zhang, Ian F. Akyildiz, Ya-Ping Hsieh, H. Birkan Yilmaz]"}, "415": {"qwen": "[Fangjian Gao, Ali Sunyaev, Stephan Schneider]"}, "416": {"qwen": "[Iftikhar J. Kullo, Guergana Savova, Joshua C. Denny, Sunghwan Sohn]"}, "417": {"qwen": "[Alberto L. Sangiovanni-Vincentelli, Luciano Lavagno]"}, "418": {"qwen": "The common neighbors between Serita M. Nelesen and Yanni Sun are: [Usman Roshan, Tiffani L. Williams, Katherine St. John, Dennis R. Livesay]"}, "419": {"qwen": "The common neighbors between Richard Socher and Salima Hassairi in this network are:\n\n[Yann LeCun, Yoshua Bengio]"}, "420": {"qwen": "[Jos\u00e9 R. Casas, Philippe Salembier, Ferran Marques, Luis Garrido]"}, "421": {"qwen": "The common neighbors of Franz Josef Och and Hanqing Lu in this network are: [Dacheng Tao, Cordelia Schmid, Yun Fu]"}, "422": {"qwen": "The common neighbors of Y. Yang and Blazej Cichy are: [Eric Rogers, Hyo-Sung Ahn, YangQuan Chen, Kevin L. Moore]"}, "423": {"qwen": "[Wei Hu, Gene Cheung, Antonio Ortega, Oscar Chi Lim Au]"}, "424": {"qwen": "The common neighbors between Fabio Mogavero and Joost-Pieter Katoen are:\n\n[Thomas A. Henzinger, Sven Schewe, Alessio Lomuscio, Hongyang Qu, Fran\u00e7ois Laroussinie]"}, "425": {"qwen": "The common neighbors of Kenya Jin'no and Guanrong Chen in this network are [Toshimichi Saito, Arata Miyauchi, Takuya Shindo]."}, "426": {"qwen": "The common neighbors between Daniel P. W. Ellis and James F. Allen are:\n[Elizabeth Shriberg, Jens Edlund, Andreas Stolcke, Nelson Morgan]"}, "427": {"qwen": "[Christian Bettstetter, Gordan Jezic, Iva Bojic, Mario Kusek]"}, "428": {"qwen": "The common neighbors of Michael J. Muller and Sukeshini A. Grandhi are:\n[Quentin Jones, Andrew T. Fiore, Charles Steinfield, Cliff Lampe, Nicole B. Ellison]"}, "429": {"qwen": "The common neighbors between Bonita Bhaskaran and Cristiano Lazzari are:\n[Chunsheng Liu, Erik Jan Marinissen, Janusz Rajski]"}, "430": {"qwen": "The common neighbors between Simon Marlow and Simon L. Peyton Jones are:\n[Phil Trinder, Greg Michaelson, Kevin Hammond, Hans-Wolfgang Loidl, Philip W. Trinder, Jost Berthold, Rita Loogen]"}, "431": {"qwen": "[Robert Wille, Rolf Drechsler, Igor L. Markov, D. Michael Miller, Mehdi Saeedi]"}, "432": {"qwen": "The common neighbors between Masatoshi Uno and Liang Zhang are: [Gun-Woo Moon, Chol-Ho Kim, Hong-Sun Park, Joong-Hui Lee]"}, "433": {"qwen": "The common neighbors of Yichuan Jiang and Edmund H. Durfee in this network are: [Sarit Kraus, Onn Shehory, Nicholas R. Jennings, Tomas Klos]"}, "434": {"qwen": "[William Marsh, Ayse Basar Bener, Ayse Tosun Misirli, Norman Fenton, Martin Neil]"}, "435": {"qwen": "[Philip S. Yu, Xiaochun Yang, Wei Wang, H. V. Jagadish, Jian Pei, Francesco Bonchi]"}, "436": {"qwen": "[L. Benini, Virginie Fresse, Altamiro Amadeu Susin, Frederic Rousseau, G. De Micheli]"}, "437": {"qwen": "[Raymond W. Yeung, Gregory W. Wornell, Khaled Ben Letaief, Petar Popovski, Gerhard Fettweis, H.V. Poor, Paolo Banelli, W Robert Heath, Georgios B. Giannakis]"}, "438": {"qwen": "The common neighbors between Mel Slater and Helena Lindgren in this network are: [Daniel Sj\u00f6lie, Dipak Surie]"}, "439": {"qwen": "The common neighbors of David Gefen and Viswanath Venkatesh in this network are:\n[Hasan Cavusoglu, Damon E. Campbell, Ritu Agarwal, Detmar W. Straub]"}, "440": {"qwen": "The common neighbors between Keyi Wang and Zhao Zhang are: [Xiaodong Zhang, Xiao Zhang, P. Sadayappan, Xiaoning Ding, Onur Mutlu, Moinuddin K. Qureshi, Qingda Lu, Yale N. Patt, Jiang Lin, Aamer Jaleel, C Simon Steely]"}, "441": {"qwen": "[Peter W. O'Hearn, Hongseok Yang, John C. Reynolds, Georg Struth, Ridha Khedri, Tony Hoare, Han-Hing Dang, Ian Wehrman, C. A. R. Hoare]"}, "442": {"qwen": "The common neighbors of Giuseppe De Giacomo and Raja Das are: [Roman Vacul\u00edn, Richard Hull, Santhosh Kumaran, Frederick Y. Wu, Anil Nigam]"}, "443": {"qwen": "[Raghavender R. Jillela, Patrick J. Flynn, Hugo Proen\u00e7a, Arun Ross, Anil K. Jain, B. V. K. Vijaya Kumar, Marios Savvides, Unsang Park, Vishnu Naresh Boddeti, Shrinivas J. Pundlik, Damon L. Woodard, Philip E. Miller, Josef Bigun, Jonathon M. Smereka]"}, "444": {"qwen": "The common neighbors of Stefano Tomasin and Lajos Hanzo in the given network are:\n[Rui Dinis, V\u00edtor Manuel Mendes da Silva, Lajos Hanzo, David D. Falconer]"}, "445": {"qwen": "[Bastien Chopard, Eryk Ciepiela, Jan Meizner, Katarzyna Rycerz, Marek Kasztelnik, Peter V. Coveney, Tomasz Piontek]"}, "446": {"qwen": "The common neighbors between Katsunori Oyama and Hsin-yi Jiang are:\n[Carl K. Chang, Hiroshi Fujimoto]"}, "447": {"qwen": "The common neighbors between Nima Khakzad and Alberto Borghetti are: [Valerio Cozzani, Amos Necci]"}, "448": {"qwen": "[Ligang Zhou, Huchang Liao, Enrique Herrera-Viedma, Meimei Xia, Zeshui Xu, Zhiming Zhang, Ronald R. Yager, Guiwu Wei]"}, "449": {"qwen": "[Thomas Brox, Daniel Cremers, Joachim Weickert, Richard Szeliski, Jiaya Jia, Marcus A. Magnor, Michael J. Black, Stefan Roth, Daniel Scharstein, Anita Sellent]"}, "450": {"qwen": "The common neighbors between Jo\u00eblle Coutaz and Hela Ltifi in the given network are:\n[Christophe Kolski, Mourad Abed, S\u00e9bastien Kubicki]"}, "451": {"qwen": "The common neighbors between Chen B and Radu Marculescu are: [Nanning Zheng, Pengju Ren, Michel A. Kinsy, Anant Agarwal, Li-Shiuan Peh]"}, "452": {"qwen": "[Parthasarathy Ranganathan, J\u00f6rg Henkel, Vijaykrishnan Narayanan, Yuan Xie, Doug Burger, Milo M. K. Martin, Alaa R. Alameldeen, Chris Wilkerson, Dimin Niu, Norman P. Jouppi]"}, "453": {"qwen": "The common neighbors between Romano Fantacci and Renato Lo Cigno are:\n\n[Daniele Tarchi, Leonardo Maccari]"}, "454": {"qwen": "[Anna L. Ells, Rangaraj M. Rangayyan, B. van Ginneken, Opas Chutatape]"}, "455": {"qwen": "The common neighbors of Lakmal D. Seneviratne and Yabin Gao in the network are: [Ligang Wu, Peng Shi, Hak-Keung Lam, Shen Yin]"}, "456": {"qwen": "The common neighbors between Huifu Xu and W\u0142odzimierz Ogryczak in the given network are:\n\n[Andrzej Ruszczynski, Darinka Dentcheva, Alexander Shapiro]"}, "457": {"qwen": "The common neighbors between Tao Pham Dinh and Hanif D. Sherali are:\n\n[Tao Pham Dinh, Joaquim J. J\u00fadice]"}, "458": {"qwen": "The common neighbors of Edward Y. Chang and Jiawei Han in this network are: [Wei-Ying Ma, Qiaozhu Mei, Xing Xie, Yu Zheng, Bo Zhang]"}, "459": {"qwen": "The common neighbors between Melissa F. Anderson and Qilian Liang are: [James M. Keller, Christian Wagner, Derek T. Anderson, Paul D. Gader]"}, "460": {"qwen": "[Theodor Borangiu, Yves Sallez, Damien Trentesaux, Andr\u00e9 Thomas]"}, "461": {"qwen": "[Bo Wang, Miao Qi, Ronald Tetzlaff, Hanyu Wang]"}, "462": {"qwen": "The common neighbors of Nicolas Geoffray and Vikram S. Adve in the given network are: [Lieven Eeckhout, Chris Lattner]"}, "463": {"qwen": "[William Zhu, Dun Liu, Decui Liang, Jingtao Yao, Lin Shang, Duoqian Miao, Yiyu Yao, Da Ruan, Jiye Liang, Xianzhong Zhou, Bing Zhou, Bao Qing Hu]"}, "464": {"qwen": "[Luca Benini, Nicholas Mastronarde, M. van der Schaar]"}, "465": {"qwen": "[Haralambos Sarimveis, Sylvia Escher, Egon Willighagen, Nina Jeliazkova]"}, "466": {"qwen": "The common neighbors between Simon M. Lucas and Chingping Chen are: [I-Chen Wu]"}, "467": {"qwen": "The common neighbors between Rui Camacho and Ashwin Srinivasan are:\n\n[Jan Struyf]"}, "468": {"qwen": "[Christopher M. Schlick, Nadine Vigouroux]"}, "469": {"qwen": "The common neighbors between Suresh Thummalapenta and Tingting Yu in the given network are:\n[Mark Harman, Andrea Arcuri, Darko Marinov]"}, "470": {"qwen": "[Florin Manea, Shinnosuke Seki, Dirk Nowotka, James D. Currie]"}, "471": {"qwen": "The common neighbors between Jeffrey S. Grethe and T\u00fclay Adali are: [Vince D. Calhoun, Daniel S. Marcus, David B. Keator]"}, "472": {"qwen": "The common neighbors between Aythami Morales and Daigo Muramatsu are: [Marcus Liwicki, Juan Carlos G\u00f3mez, Donato Impedovo, Giuseppe Pirlo, Julian Fierrez, Javier Ortega-Garcia, Anil K. Jain, Alisher Anatolyevich Kholmatov, Marianela Parodi]"}, "473": {"qwen": "[Fei Sha, Frank R. Kschischang, Arindam Banerjee, Michael I. Jordan, Emmanuel J. Cand\u00e8s]"}, "474": {"qwen": "[Philipp Sommer, Raja Jurdak]"}, "475": {"qwen": "The common neighbors between Ben de Lacy Costello and Jorge Casillas are: [Larry Bull, Peter D\u00fcrr]"}, "476": {"qwen": "The common neighbors of Hui Ma and Dirk Van Gucht in the given network are:\n[Henning Koehler, Sebastian Link]"}, "477": {"qwen": "The common neighbors of Arezu Bagheri and M. Tariqus Salam are: [Roman Genov, Mohamad Sawan, Maysam Ghovanloo, Karim Abdelhalim, Jose Luis Perez Velazquez]"}, "478": {"qwen": "[Marius-Calin Silaghi, Adrian Petcu, Milind Tambe, Wei-Min Shen, Katia P. Sycara, Makoto Yokoo, Pragnesh Jay Modi]"}, "479": {"qwen": "The common neighbors between Luciano Ost and Matteo Sonza Reorda in the given network are: [Michael J. Wirthlin, J\u00fcrgen Teich, Massimo Violante, Gabriel L. Nazar]"}, "480": {"qwen": "The common neighbors between Lillian Lee and Graeme Hirst are: [Christopher D. Manning, Theresa Wilson, Rada Mihalcea, Peter D. Turney]"}, "481": {"qwen": "The common neighbors between Antony I. T. Rowstron and Krishnamoorthy Sivakumar are: [Gianluca Moro, Chris Giannella]"}, "482": {"qwen": "The common neighbors of Baining Guo and Tinne Tuytelaars in this network are: [Leif Kobbelt, Heung-Yeung Shum, Steven M. Seitz, Daniel Cohen-Or, Marc Alexa]"}, "483": {"qwen": "[Mihalis A. Nicolaou, Ioannis Patras, Maja Pantic, Jeffrey F. Cohn, Rosalind W. Picard, Shangfei Wang, Guoying Zhao, Thomas S. Huang, Stefanos Zafeiriou, Marian Stewart Bartlett, Javier R. Movellan, Ron Rademaker, Gwen Littlewort]"}, "484": {"qwen": "The common neighbors of Kasia Muldner and Beverly Park Woolf are:\n[Kenneth R. Koedinger, Cristina Conati, Ryan Shaun Joazeiro de Baker, Neil T. Heffernan, Sidney K. D'Mello, Vincent Aleven, Bruce M. McLaren, Angela Z. Wagner, Winslow Burleson, Jaclyn Ocumpaugh, Bradford W. Mott, Luc Paquette]"}, "485": {"qwen": "[U\u011fur G\u00fcd\u00fckbay, Glenn Reinman, Nadia Magnenat-Thalmann, Demetri Terzopoulos, Nuria Pelechano]"}, "486": {"qwen": "The common neighbors between Sunny Consolvo and David W. McDonald are: [James A. Landay, Anind K. Dey, Paul Dourish, Deborah Estrin, Yunan Chen, Sasank Reddy]"}, "487": {"qwen": "The common neighbors between O. S. Tatarintseva and Stelios Sotiriadis are:\n[Euripides G. M. Petrakis]"}, "488": {"qwen": "The common neighbors between Marco Pagni and Julian Gough in the given network are:\n\n[Cathy H. Wu, Nicola Mulder, Rolf Apweiler, Alex Bateman, Robert D. Finn, Richard Durbin, Daniel H. Haft, Nicolas Hulo, Daniel Kahn, Rodrigo Lopez, Sandra Orchard, Christian J. A. Sigrist, Ioannis Xenarios, Teresa K. Attwood, Ville Silventoinen, Paul D. Thomas, Anish Kejariwal]"}, "489": {"qwen": "The common neighbors between Zhisheng Duan and Zi-Jiang Yang are Wei Ren and Yanping Gao. So the answer is:\n\n[Wei Ren, Yanping Gao]"}, "490": {"qwen": "[Majeed M. Hayat, Walter H. Gerstle]"}, "491": {"qwen": "The common neighbors of Jiawei Han and Alessandro Margara in the given network are: [Haixun Wang, Philip S. Yu, Mehul A. Shah]"}, "492": {"qwen": "The common neighbors between Gethin Norman and Michel A. Reniers are:\n[Jane Hillston, Andr\u00e9 Platzer, Luca Bortolussi, Axel Legay, Fran\u00e7ois Fages]"}, "493": {"qwen": "[Vladimir Fonov, Daniel Rueckert, Sebastien Ourselin, David J. Hawkes, Nicholas Ayache]"}, "494": {"qwen": "[Wenke Lee, Peng Liu, Samee Ullah Khan, Yanjun Wu, Nasro Min-Allah]"}, "495": {"qwen": "[Michael Neff, Catherine Pelachaud, Sylvie Gibet, Hernisa Kacorri, Stacy C. Marsella, Hannes H\u00f6gni Vilhj\u00e1lmsson, Matt Huenerfauth, Quan D. Nguyen, Jessica K. Hodgins, Irene Albrecht, Sarah Ebling, Annelies Braffort, Ari Shapiro]"}, "496": {"qwen": "The common neighbors between Simon K. Warfield and Olaf Sporns are: [Arthur W. Toga, Timothy F. Cootes, Nassir Navab]"}, "497": {"qwen": "The common neighbors of G\u00e1bor Malicsk\u00f3 and Krishnendu Chakrabarty in the given network are:\n\n[Min Chen, Fabio Ricciato]"}, "498": {"qwen": "[\u00c9ric Schost, Michael Hemmer, Kurt Mehlhorn, Sylvain Lazard, Pavel Emeliyanenko, Alexander Kobel, Marc Pouget]"}, "499": {"qwen": "The common neighbors of Simon Doclo and Fabio Antonacci in the given network are:\n\n[Jesper Jensen, Jacob Benesty]"}}