{"0": {"qwen": "[Lund, Sweden, Uppsala, Islamic studies, Tehran, Iran Standard Time, Borujerd, Mehrdad Avesta]"}, "1": {"qwen": "[Bob Chiarelli, Ottawa, Canada, United States]"}, "2": {"qwen": "[Central European Time, Netherlands, Bergen  North Holland, GreenLeft, Party for the Animals]"}, "3": {"qwen": "[Jocelyn Roux, Servette FC, Christopher Routis, Ross County F.C., Mart\u00edn Prest]"}, "4": {"qwen": "[Myophiomys, Hystricomorpha, Echimyidae, Insular cave rat]"}, "5": {"qwen": "[C\u00e9sar  Duke of Vend\u00f4me, Henry IV of France, French Wars of Religion, Siege of Rouen (1591)]"}, "6": {"qwen": "[Arthropod, Insect, Caprinia versicolor, Lepidoptera]"}, "7": {"qwen": "[Fourplay, Nathan East, Yamaha Corporation, Rogers Drums, United States]"}, "8": {"qwen": "[Keepers of the Funk, Lords of the Underground, Flow On]"}, "9": {"qwen": "[Jazz, Saxophone, Chick Corea, Funk Overload, Vince Lateano, Don Ellis, Joe Zawinul]"}, "10": {"qwen": "[1961 Belgian Grand Prix, Scuderia Ferrari, 1963 Italian Grand Prix, Team Lotus, 1965 Mexican Grand Prix]"}, "11": {"qwen": "[Paraguar\u00ed, Federico Ch\u00e1vez, Colorado Party (Paraguay), Asunci\u00f3n, Club Olimpia, Cayetano R\u00e9, Striker (association football)]"}, "12": {"qwen": "The shortest path between Polyphaga and Arthropod in this network is: [Polyphaga, Arthropod]"}, "13": {"qwen": "[Noctuidae, Lepidoptera, Insect, Hexapoda]"}, "14": {"qwen": "[Aristotle, Logic, Bertrand Russell, Analytic philosophy, John Rawls, Immanuel Kant]"}, "15": {"qwen": "[The Holy Thief, Ellis Peters, The Heretic's Apprentice, Headline Publishing Group]"}, "16": {"qwen": "[Kim Possible: A Sitch in Time, Kim Possible, John DiMaggio, Space Chimps 2: Zartog Strikes Back]"}, "17": {"qwen": "[Space Vampires vs Zombie Dinosaurs in 3D, Comedy rock, I'm the Urban Spaceman, Neil Innes]"}, "18": {"qwen": "[Davina McCall, England, United Kingdom, Rutland, Uppingham School]"}, "19": {"qwen": "[FK Njego\u0161 Lov\u0107enac, Simo Kruni\u0107, Serbia national under-21 football team]"}, "20": {"qwen": "[Hard rock, Rock music, Blues rock]"}, "21": {"qwen": "[Porcellio scaber, Porcellionidae, Isopoda, Malacostraca, Arthropod, Beetle]"}, "22": {"qwen": "[Florence Cathedral, Florence, Cosimo de' Medici]"}, "23": {"qwen": "[Scrophulariaceae, Lamiales, Asterids, Lacistemataceae]"}, "24": {"qwen": "[480i, Amas de Casa Desesperadas (Argentine TV series), Argentina, Buenos Aires]"}, "25": {"qwen": "[FC Volendam, Volendam, Oss, Central European Summer Time]"}, "26": {"qwen": "[Gelechioidea, Cosmopterigidae, Lepidoptera, Insect, Beetle, Lamiinae, Mordellinae]"}, "27": {"qwen": "[Danny Brocklehurst, Linda Green, BBC One, BBC, Drama (genre)]"}, "28": {"qwen": "[Nord-Pas-de-Calais, France, Franche-Comt\u00e9, Soye, Mont Chaberton]"}, "29": {"qwen": "[Joost Hoffscholte, Aalsmeer, Amsterdam, List of municipalities of the Netherlands]"}, "30": {"qwen": "[ Spiritual (music), Odetta, The Tin Angel, Original Jazz Classics ]"}, "31": {"qwen": "[Can the Can, Suzi Quatro, Stumblin' In, Mike Chapman]"}, "32": {"qwen": "[Ezio Pinza, Italy, Bulgaria, PFC Slavia Sofia, Bogomil Dyakov]"}, "33": {"qwen": "[Luciano Albertini, Lugo  Emilia-Romagna, Giancarlo Ferretti]"}, "34": {"qwen": "[Central District (Iranshahr County), Iranshahr County, Iran, Iran Standard Time]"}, "35": {"qwen": "[Philadelphia Eagles, Norm Snead, Minnesota Vikings, San Francisco 49ers]"}, "36": {"qwen": "[Drops of Jupiter (Tell Me), Drops of Jupiter, Train (band), Rock music]"}, "37": {"qwen": "[Zairil Khir Johari, Democratic Action Party, Bukit Gelugor, Penang Island City Council, Bayan Baru]"}, "38": {"qwen": "[Lyubomir Kantonistov, Russia national football team, FC Dynamo Saint Petersburg, FC Dynamo Moscow]"}, "39": {"qwen": "[Jubilee Hills, GHMC, Azampura]"}, "40": {"qwen": "[Puerto Rico, Municipalities of Puerto Rico, Ponce  Puerto Rico, Epifanio \u201cFano\u201d Irizarry, Art Students League of New York, National Academy Museum and School]"}, "41": {"qwen": "[Iran, Amlash County, Central District (Amlash County)]"}, "42": {"qwen": "[Pop music, Contemporary R&B, The Smeezingtons, Treasure (Bruno Mars song), Music download]"}, "43": {"qwen": "[Lviv, Ukraina Stadium, 2015\u201316 FC Karpaty Lviv season, 2015\u201316 Ukrainian Premier League]"}, "44": {"qwen": "[RoboCop (character), Joel Kinnaman, Suicide Squad (film), Ike Barinholtz]"}, "45": {"qwen": "[Mazraeh-ye Mirza Taqi, Sefiddasht Rural District, Central District (Aran va Bidgol County), Hoseynabad  Aran o Bidgol]"}, "46": {"qwen": "[2011 Cupa Rom\u00e2niei Final, Bra\u0219ov, CFR Cluj, Cornel Ene]"}, "47": {"qwen": "[Actress, Renata Sorrah, P\u00e1ginas da Vida, S\u00e3o Paulo]"}, "48": {"qwen": "[Cathal Brugha, Dublin, Republic of Ireland, Charlie McGettigan]"}, "49": {"qwen": "[Dunajec, Vistula, Krak\u00f3w]"}, "50": {"qwen": "[Concord Music Group, Telarc International Corporation, Jazz, Hip hop music, Rock music, Country music, United States]"}, "51": {"qwen": "[Central District (Bastak County), Morwa  Hormozgan, Iran, Murmuri Rural District]"}, "52": {"qwen": "[Verdal, Tr\u00f8ndelag, Norway]"}, "53": {"qwen": "[Fabaceae, Rosids, Eudicots, Plant, Angiosperms, Juncaceae, Juncus mertensianus, August Gustav Heinrich von Bongard]"}, "54": {"qwen": "[West Germany, Bonn, RAF Geilenkirchen]"}, "55": {"qwen": "[Ectatosia, Arthropod, Insect, Lepidoptera, Lumaria rhythmologa]"}, "56": {"qwen": "[United States Air Force, Operation Enduring Freedom, United States Army, James C. Marshall, Distinguished Service Medal (U.S. Army)]"}, "57": {"qwen": "[Johns Hopkins University, United States, Italy, Central European Time, Prague, Czech Republic]"}, "58": {"qwen": "[BBC Tees, North Yorkshire, Borough of Harrogate, Harrogate (borough)]"}, "59": {"qwen": "[Eudicots, Banksia, Banksia nana, Grevillea]"}, "60": {"qwen": "[Audio cassette, That's the Way Love Goes (Janet Jackson song), Janet Jackson, Jimmy Jam and Terry Lewis, Synthpop]"}, "61": {"qwen": "[Stuart Webster, Oakleigh Cannons, John Anastasiadis, Heidelberg United]"}, "62": {"qwen": "[Zhuang Jiajie, Forward (association football)]"}, "63": {"qwen": "[Eastern Time Zone, Columbia  South Carolina, John Calhoun Sheppard, William Haselden Ellerbe]"}, "64": {"qwen": "[U.K., England, London, Jason Connery, Wishmaster 3: Beyond the Gates of Hell]"}, "65": {"qwen": "[Today (Australian TV program), Breakfast television, Hoy (TV series)]"}, "66": {"qwen": "[Politician, Arthur I. Boreman, West Virginia, Wheeling  West Virginia, Edwin Maxwell (attorney general), Republican Party (United States), Massachusetts]"}, "67": {"qwen": "[Flumenthal, Hubersdorf, Balm bei G\u00fcnsberg, G\u00fcnsberg]"}, "68": {"qwen": "[Salelologa, Samoa, Apia]"}, "69": {"qwen": "[FC Spartak Trnava, Anton Sloboda, Podbeskidzie Bielsko-Bia\u0142a]"}, "70": {"qwen": "[Austria-Hungary, Galicia (Eastern Europe), Battle of Limanowa]"}, "71": {"qwen": "[Heliaster microbrachius, Heliasteridae, Heliaster, Heliaster solaris]"}, "72": {"qwen": "[Rural Districts of Iran, Mazraeh Now Rural District, Mohammadabad  Ashtian, Ashtian County, Iran, Ardabil Province]"}, "73": {"qwen": "[Gramophone record, Ask the Angels, Jack Douglas (record producer), Patti Smith, Punk rock, Blues rock]"}, "74": {"qwen": "[Luis Manzano, Actor, Tagalog language]"}, "75": {"qwen": "The shortest path between The Last Horror Film and Bob Hope is: [The Last Horror Film, David Winters (choreographer), Raquel! (TV program), Bob Hope]"}, "76": {"qwen": "[Friedrich Freiherr Kress von Kressenstein, Iron Cross, German Army (Wehrmacht), Alfred Fischer (SS officer), 5 SS, Walter Seebach, Waffen SS, Konrad Heubeck, Sudetenland Medal]"}, "77": {"qwen": "[Metro (band), A M\u00e3o de Mao, Epic Records, Olhar, New wave music, Maman a tort]"}, "78": {"qwen": "[Hollywood Pictures, The Walt Disney Studios (division)]"}, "79": {"qwen": "[Rock (music), Rock music, Pop music, Atlantic Records]"}, "80": {"qwen": "[TFF Third League, Beylerbeyi S.K., Ahmet \u015eahbaz]"}, "81": {"qwen": "[Bury F.C., Nigel Hart, York City F.C., Paul Hart, Nottingham Forest F.C.]"}, "82": {"qwen": "[Selseleh County, Iran, Golestan Province, Kalaleh County, Central District (Kalaleh County), Tagak-e Emam Abdollah, Rusatai-ye Anqolab]"}, "83": {"qwen": "[Erching, Moselle (department), Bitche, Communaut\u00e9 de communes du Pays de Bitche, Waldhouse]"}, "84": {"qwen": "[Culicomorpha, Arthropod]"}, "85": {"qwen": "[Georgia (U.S. state), Athens  Georgia, U.S. Route 441 in Georgia, Dublin  Georgia, Hazlehurst  Georgia]"}, "86": {"qwen": "[Bird, Chordate, Animal]"}, "87": {"qwen": "[Synthpop, Electronic music, Electro house, Moombahton]"}, "88": {"qwen": "[List of ethnic groups of Africa, Seychelles, Geography of Seychelles]"}, "89": {"qwen": "[Insect, Lepidoptera, Sphingidae, Sphinginae, Arthropod]"}, "90": {"qwen": "[Elizabeth Fraser, Cocteau Twins, Lullabies (EP), Peppermint Pig]"}, "91": {"qwen": "[Nicrophorus confusus, Nicrophorus, Nicrophorinae, Nicrophorini, Insect]"}, "92": {"qwen": "[Virgil M\u0103rd\u0103rescu, FC Petrolul Ploie\u0219ti, Daniel Constantin Florea, FC Delta Tulcea, Daniel Munteanu]"}, "93": {"qwen": "[Los Angeles, United States, Vermont, Witch (band)]"}, "94": {"qwen": "[Tire, Hutchinson SA, Paris, LGV Atlantique, France, Taiwan]"}, "95": {"qwen": "[Microsoft, Microsoft Windows, Windows 7, Proprietary software]"}, "96": {"qwen": "[Garakan Rural District, Garakan, Iran, Markazi Province]"}, "97": {"qwen": "[Razavi Khorasan Province, Mahvelat County, Iran Standard Time, Parsabad County, Aslan Duz District, Aslan Duz Rural District, Savalan Rural District]"}, "98": {"qwen": "[Parastathes apicalis, Arthropod, Insect, Lepidoptera]"}, "99": {"qwen": "[Political activist, Alan Gottlieb, United States, Ukrainians, Ukraine, Kiev, Yuriy Kotsiubynsky]"}, "100": {"qwen": "[C.F. Estrela da Amadora, Laurindo Ant\u00f3nio Leal Tavares, Lisbon, F\u00e1bio Emanuel Moreira Silva]"}, "101": {"qwen": "[Shooting guard, Vladimir Mihailovi\u0107, Basketball League of Serbia, National Basketball Association, Miami Heat, Fayetteville  North Carolina]"}, "102": {"qwen": "[Merle Haggard, Capitol Records, A Better Love Next Time]"}, "103": {"qwen": "[Valdenir da Silva Vitalino, Madureira Esporte Clube]"}, "104": {"qwen": "[Jaipur, Jodha Akbar (TV series)]"}, "105": {"qwen": "[Vokesimurex, Mollusca, Animal, Arthropod, Insect, Lepidoptera, Geometridae]"}, "106": {"qwen": "[Ninnescah River, Kansas, United States, English language]"}, "107": {"qwen": "[Malmir Rural District, Shazand County, Iran]"}, "108": {"qwen": "[Journalist, John Humphrys, Today (BBC Radio 4), BBC, BBC Two]"}, "109": {"qwen": "[Arthropod, Crustacean, Malacostraca, Decapoda, Euryxanthops orientalis]"}, "110": {"qwen": "[John Milton Niles, Samuel A. Foot, Andrew Hull Foote, Grove Street Cemetery]"}, "111": {"qwen": "[Zosterops, Zosteropidae, Aves, Chordata]"}, "112": {"qwen": "[Roman Catholic Diocese of Engativ\u00e1, Colombia, Bogot\u00e1, Jaime Garz\u00f3n, Independiente Medell\u00edn]"}, "113": {"qwen": "[Lounge music, Les Baxter, Pajama Party (film)]"}, "114": {"qwen": "[University of Peshawar, Higher Education Commission of Pakistan, Capital University of Science & Technology, Shaheed Zulfikar Ali Bhutto Institute of Science and Technology, United Arab Emirates, Dubai, Michigan Technological University]"}, "115": {"qwen": "[Angiosperms, Eudicots, Banksia, Banksia caleyi]"}, "116": {"qwen": "[Jim Collins (ice hockey), Toledo Hornets, Lorne Rombough, American Hockey League, Central Hockey League (1963\u201384)]"}, "117": {"qwen": "[England, London, George-\u00c9tienne Cartier, Saint-Antoine-sur-Richelieu  Quebec, Montreal]"}, "118": {"qwen": "The shortest path between Nintendo DS and Microsoft Windows is: [Nintendo DS, Bratz: Girlz Really Rock (video game), Barking Lizards Technologies, Sandy Petersen, Prey (2017 video game), Microsoft Windows]"}, "119": {"qwen": "[Ludovic Gamboa, Fontainebleau]"}, "120": {"qwen": "[Elizabeth Mitchell, United States, California, Santa Rosa California, The Ultra-Violence, Death Angel, Relentless Retribution]"}, "121": {"qwen": "[Fardabad, Jaru Rural District, Palangabad District, Palangabad Rural District]"}, "122": {"qwen": "[Toho, Japanese language, Lunch no Jo\u014d, Shinichi Tsutsumi, Japan, Takashi Miike, Yao  Osaka]"}, "123": {"qwen": "[Paul Corkett, Black Market Music (album)]"}, "124": {"qwen": "[My Strongest Weakness, Wynonna Judd, Nashville Star, Nancy O'Dell]"}, "125": {"qwen": "[United States, Karl Freund, The Plague of Florence, Erich Pommer, The Last Laugh, Karl Freund, Das Mirakel (1912 film)]"}, "126": {"qwen": "[His Majesty's Lieutenant, Georg Alexander, When Love Sets the Fashion, Philipp Lothar Mayring, A Mad Idea, Universum Film AG, Jealousy (1925 film)]"}, "127": {"qwen": "[E. A. Hewett, England, United Kingdom, Edward VII, George V, Francis Henry May, Everard im Thurn]"}, "128": {"qwen": "[Rock music, Rhythm and blues, Gospel music, The Rance Allen Group, Monroe  Michigan, City]"}, "129": {"qwen": "[Tel\u0161iai, Liudas Rumbutis, Midfielder, FC \u017dalgiris, Bahrudin Ataji\u0107]"}, "130": {"qwen": "[Persema Malang, Indonesia, Ricky Ohorella, Midfielder]"}, "131": {"qwen": "[Joseph Mendes, SAS \u00c9pinal, Fabien Tissot, Nancy  France]"}, "132": {"qwen": "[Cathexis longimana, Lepidoptera, Insect, Apatophysis sieversi, Cerambycidae]"}, "133": {"qwen": "[Dairy, Lakeside Dairy Limited, Uganda, Winnie Byanyima]"}, "134": {"qwen": "[Mount de Sales Academy (Georgia), Georgia (U.S. state), Macon  Georgia]"}, "135": {"qwen": "[Turdus, Animalia, Chordata, Passeriformes]"}, "136": {"qwen": "[Paul von Hindenburg, German Empire, Germany]"}, "137": {"qwen": "[Shanastaq-e Olya, Iran, Geoffrey Harrison]"}, "138": {"qwen": "[Razavi Khorasan Province, Iran, Kerman Province, Bardsir County]"}, "139": {"qwen": "[United States, Canadians, Ontario, Toronto, CHBM-FM]"}, "140": {"qwen": "[E. J. Babille, Janice Meredith, Silent film, Lombardi  Ltd., Ayr  Ontario]"}, "141": {"qwen": "[Businessman, John Cameron (Queensland politician), Edward Barrow Forrest, Queensland, Ireland, Irish Australian]"}, "142": {"qwen": "[Taylor Momsen, The Pretty Reckless, Kill Me (song), Alternative rock, Emo]"}, "143": {"qwen": "[Moscow Oblast, Russia, Soviet Union, Konstantin Kozeyev]"}, "144": {"qwen": "[Domvast, Abbeville, Le Titre]"}, "145": {"qwen": "[Ab Garm-e Bala, Baqerabad Rural District, Baqerabad  Mahallat, Mahallat, Iran Daylight Time]"}, "146": {"qwen": "[Mario Bonotti, Italy, Ferrara, Adriana Benetti, Teresa Venerd\u00ec]"}, "147": {"qwen": "[Marsupialia, Animal, Frederick McCoy, Museum]"}, "148": {"qwen": "[Armenian Americans, Armenian Australians, Russian language]"}, "149": {"qwen": "[Cargo, FedEx, Mail]"}, "150": {"qwen": "[East Caribbean dollar, Antigua and Barbuda, Elizabeth II, Constitutional monarchy]"}, "151": {"qwen": "[Germany, Clemens Fandrich, List of Switzerland football transfers summer 2016, Kasim Nuhu, RCD Mallorca]"}, "152": {"qwen": "[Neocomites, Mollusca, Gastropoda, Trophoninae, Pagodulinae]"}, "153": {"qwen": "[Isfahan Province, Iran Standard Time]"}, "154": {"qwen": "[Front-engine  four-wheel-drive layout, Opel Insignia, Holden Commodore (VP)]"}, "155": {"qwen": "[Nargesi-ye Alimordan, Golgir District, Masjed Soleyman County]"}, "156": {"qwen": "[G.R.I.N.D (Get Ready It's a New Day), Universal Motown, Baffled and Beat]"}, "157": {"qwen": "[Mathematics, Toniann Pitassi, Stephen Cook, Harvard University]"}, "158": {"qwen": "[The First Chronicles of Druss the Legend, David Gemmell, Legend (Gemmell novel), Paperback, Hardcover]"}, "159": {"qwen": "[Antwerp, Belgium, French language, France]"}, "160": {"qwen": "[Etta James Rocks the House, Argo Records]"}, "161": {"qwen": "[Marlous Pie\u00ebte, FC Twente (women), Shanice van de Sanden]"}, "162": {"qwen": "[Jinan, China Huadian Corporation, GreenGen, Huaneng Power International, People's Republic of China, Zhejiang, Lishui]"}, "163": {"qwen": "[CNN en Espa\u00f1ol, WLMV]"}, "164": {"qwen": "[Hamburg, Germany, Baden-W\u00fcrttemberg]"}, "165": {"qwen": "[Arthropod, Beetle, Animal, Mollusca, Gastropoda, Triviidae]"}, "166": {"qwen": "[Canadian Bureau for International Education, Douglas College, Coquitlam, Canada, India]"}, "167": {"qwen": "[Animal, Kingdom, Maxillopoda, Class, Copepod, Order, Cyclopoida, Family, Cyclopidae, Species, Cyclops bicuspidatus, BinomialAuthority, Carl Friedrich Wilhelm Claus, AlmaMater, University of Marburg, Country, Germany, DeathPlace, Vienna, Capital, Austria]"}, "168": {"qwen": "[Cibola County  New Mexico, New Mexico, North Acomita Village  New Mexico]"}, "169": {"qwen": "[Mykolaiv Oblast, Bereznehuvate, Ukraine, Kiev Oblast, Velyka Dymerka, Brovary Raion, Kiev]"}, "170": {"qwen": "[Florida, United States, Norman Cantor, Wallace Thurman]"}, "171": {"qwen": "[Cecil Payne, Randy Weston, Get Happy with the Randy Weston Trio, Album]"}, "172": {"qwen": "[French Royal Army (1652\u20131830), Kingdom of France, Henry IV of France, Maximilien de B\u00e9thune  Duke of Sully, Rosny-sur-Seine]"}, "173": {"qwen": "[Dream pop, Dappled Cities, Zounds (album), Sydney  NSW, Sydney  Australia]"}, "174": {"qwen": "[Russia, Ivanovo, Defender (football), Aleksandr Yuryevich Gushchin, FC Spartak-Telekom Shuya, Yevgeni Shamrin]"}, "175": {"qwen": "[Actinopterygii, Tetraodontiformes, Animalia, Mollusca, Gastropoda, Muricoidea]"}, "176": {"qwen": "[Ivan \u0160uba\u0161i\u0107, Socialist Republic of Croatia, Zagreb]"}, "177": {"qwen": "[Roy Barraclough, England, Hertfordshire, Radlett, Handley Page, Handley Page H.P.54 Harrow]"}, "178": {"qwen": "[Canada, Bridgetown  Nova Scotia, United States]"}, "179": {"qwen": "[Buddhism, British Indian, Hinduism, England, Belfast]"}, "180": {"qwen": "[Last Embrace, David Shaber, Nighthawks (film), Sylvester Stallone, Cop Land]"}, "181": {"qwen": "[Serbia, Siege of Belgrade (1456), Ottoman wars in Europe, Siege of G\u00fcns, Kingdom of Hungary, Near East]"}, "182": {"qwen": "[Th\u00edch Nh\u1ea5t H\u1ea1nh, Hu\u1ebf, T\u00f4n Th\u1ea5t Thi\u1ec7n]"}, "183": {"qwen": "[Vancouver, CIVT-DT, CFTK-TV]"}, "184": {"qwen": "[Rio de Janeiro, Brazil, S\u00e3o Paulo, Arthur Friedenreich, Clube de Regatas do Flamengo]"}, "185": {"qwen": "[Novella, Ion Luca Caragiale, Urmuz, George C\u0103linescu, Bucharest, 2001 Supercupa Rom\u00e2niei]"}, "186": {"qwen": "[Shoegazing, Yuki Chikudate, Asobi Seksu, Hush (Asobi Seksu album), Shoegaze]"}, "187": {"qwen": "[2nd Virginia Cavalry, Confederate States of America]"}, "188": {"qwen": "[Manujan County, Iran Daylight Time, Quchan County]"}, "189": {"qwen": "[Arthropod, Beetle, Polyphaga, Animal, Chordate]"}, "190": {"qwen": "The shortest path between The King of Fighters: Maximum Impact and The King of Fighters 2003 is: [The King of Fighters: Maximum Impact, Xbox (console), The King of Fighters 2003]"}, "191": {"qwen": "[Liard River, Northwest Territories, Inuvik Region, Aklavik, Nellie Cournoyea]"}, "192": {"qwen": "[Volvo S80  First generation  1, Volvo S80, Mercury Sable  Fifth generation D333  1, Ford Five Hundred, Full-size car]"}, "193": {"qwen": "[Calgary, Alberta, Lethbridge, Walter Rimstad, Saskatchewan, Stan Obodiac]"}, "194": {"qwen": "[Power pop, Rock music, The Cars, Shake It Up (The Cars song)]"}, "195": {"qwen": "[Contemporary R&B, Disclosure (band), AlunaGeorge]"}, "196": {"qwen": "[Dizjan  Golpayegan, Isfahan Province, Golpayegan County]"}, "197": {"qwen": "[Jacksonville  Florida, United States, Frances Perkins, William N. Doak]"}, "198": {"qwen": "[Joe Leaphorn, The Dark Wind, Harper & Row, The Five Red Herrings]"}, "199": {"qwen": "[Stojan Novakovi\u0107, Serbia, Kingdom of Serbia, Milan I of Serbia]"}, "200": {"qwen": "[The Swedish Nightingale (film), Terra Film, The False Step, Karl Ludwig Diehl, Aribert W\u00e4scher]"}, "201": {"qwen": "[Molendoa ogalalensis, Molendoa, Bryopsida, Tayloria (plant), Tayloria acuminata]"}, "202": {"qwen": "[Soviet Union, Moscow, Russia]"}, "203": {"qwen": "[Pacific Daylight Time, Los Angeles, California, Arcata  California, Dieselhed, Ralph Carney]"}, "204": {"qwen": "[Actinopterygii, Chordata, Animalia, Rodent]"}, "205": {"qwen": "[Metiabruz, Ward No. 139  Kolkata Municipal Corporation, Kolkata Dakshin (Lok Sabha constituency), Kolkata, West Bengal, India, Bengali language]"}, "206": {"qwen": "[Joan Hutt, England, United Kingdom, Scotland]"}, "207": {"qwen": "[Animal, Arthropod, Insect, Lepidoptera, Crambidae, Acraga goes]"}, "208": {"qwen": "[Punk rock, Hardcore punk, Melodic hardcore, Inside Out (XXI album), Christian metal, Christian rock, Roadrunner Records]"}, "209": {"qwen": "[Thesaban, Buriram, Thailand, Weera Koedpudsa, Thailand national under-23 football team, Defender (association football)]"}, "210": {"qwen": "[ Rubus, Rosales, Amygdaloideae, Prunus ]"}, "211": {"qwen": "[It Happens Every Thursday, English language]"}, "212": {"qwen": "[Karin Knapp, Luttach, Ahrntal, South Tyrol]"}, "213": {"qwen": "[Warrick Sony, Port Elizabeth, Allan Hendrickse]"}, "214": {"qwen": "[Life (Dope album), Epic Records, Dope (band)]"}, "215": {"qwen": "[Cohoni, Pedro Domingo Murillo Province, La Paz]"}, "216": {"qwen": "[San Ram\u00f3n  Costa Rica, Costa Rica]"}, "217": {"qwen": "[Pedro Largo Carazo, Defender (association football), Andrew Mwesigwa, List of Chinese football transfers winter 2010, Wang Erzhuo, Xi'an, China]"}, "218": {"qwen": "The shortest path between Kuntsevo District and Saratov Reservoir is: [Kuntsevo District, Russia, Saratov Reservoir]"}, "219": {"qwen": "[Secamone volubilis, Gentianales]"}, "220": {"qwen": "[L\u00fcdenscheider Nachrichten, L\u00fcdenscheid, M\u00e4rkischer Kreis, Herscheid, Wilhelm Ackermann, Germany, FC Energie Cottbus]"}, "221": {"qwen": "[Mohammed Omar, Taliban, Marjah]"}, "222": {"qwen": "[English language, United States, ABC News Radio, Canada, Maury Chaykin, Ontario, Tom McCamus, Norman's Awesome Experience, Vic Sarin, Hell on Wheels (episode), Maura O'Connell, Folk music, Yin Yang Yo!]"}, "223": {"qwen": "[Okahandja, Namibia, Wilko Risser, Aldershot Town F.C., FC Schalke 04 II]"}, "224": {"qwen": "[Matteo Colombi, S.S. Maceratese 1922, Giuseppe Aquino (footballer born 1983)]"}, "225": {"qwen": "[English language, North America, Telepace, Italy, Province of Lecco, Palvico, Chiese (river), Europe, Channel 9 (Bangladesh)]"}, "226": {"qwen": "[2007 Sagan Tosu season, Sagan Tosu, Yasuyuki Kishino, Defender (association football), Goalkeeper (association football), Koji Fujikawa, Kyoto Sanga F.C., Katsuhiro Suzuki, Midfielder (association football), Kataller Toyama]"}, "227": {"qwen": "[Brian Richard, United States, Pennsylvania, University of the Arts (Philadelphia), Tatyana Fazlalizadeh]"}, "228": {"qwen": "[For a Moment  Freedom, Austria, Veit Heiduschka, Amour (2012 film), Gett: The Trial of Viviane Amsalem, Sasson Gabai]"}, "229": {"qwen": "[All the Way to Reno (You're Gonna Be a Star), Warner Bros. Records, Sex Cymbal]"}, "230": {"qwen": "[Spinefarm Records, Universal Music Group, EMI, Finland]"}, "231": {"qwen": "[Cangas de On\u00eds, Parres, Asturias, San Mart\u00edn del Rey Aurelio, Aurelius of Asturias]"}, "232": {"qwen": "[Sardinia, Italy, South Tyrol, Sarntal Alps, Jakobsspitze]"}, "233": {"qwen": "[Stevan Mokranjac, Negotin, Grabovica  Kladovo, Serbia, Central European Time, Spain]"}, "234": {"qwen": "[Boletales, Basidiomycota, Agaricomycetes, Agaricales, Psilocybe, Psilocybe thaiaerugineomaculans]"}, "235": {"qwen": "[Beweg dein Arsch, LaFee, Virus (LaFee song)]"}, "236": {"qwen": "[G\u00e9rard Mestrallet, Engie, Suez (company), Paris]"}, "237": {"qwen": "The shortest path between Yeovil Town F.C. and Bristol in this network is: [Yeovil Town F.C., Matt Hayfield, Bristol]"}, "238": {"qwen": "[California, United States, Wisconsin, Milwaukee, U.S. Bank Center (Milwaukee)]"}, "239": {"qwen": "[Trophonopsis, Muricidae, Coralliophilinae, Animal, Arthropod]"}, "240": {"qwen": "[Brian Fargo, Fallout (video game), Interplay Entertainment, Fallout 3]"}, "241": {"qwen": "[Longhorn beetle, Beetle, Insect]"}, "242": {"qwen": "[Common greenshank, Scolopacidae, Charadriiformes, Sternidae]"}, "243": {"qwen": "[Wii U, Wii, Mad Dog McCree, PlayStation Network, PlayStation 3]"}, "244": {"qwen": "[Tom\u00e1\u0161 Medve\u010f, Czechoslovakia]"}, "245": {"qwen": "The shortest path between Sphaerosepalaceae and Rhopalocarpus mollis is: [Sphaerosepalaceae, Rhopalocarpus, Rhopalocarpus mollis]"}, "246": {"qwen": "[Olympic Stadium (Berlin), 2012 DFB-Pokal Final, 2011 DFB-Pokal Final]"}, "247": {"qwen": "[Odenwaldkreis, Germany, Graz, Peugeot RCZ, Saint Petersburg, Alexander Friedmann]"}, "248": {"qwen": "[Anthracoceratidae, Ammonoidea, Cephalopoda, Abraliopsis morisii]"}, "249": {"qwen": "[Philinoidea, Animal, Gastropoda, Helicoidea, Polygyridae, Stenotrema, Stenotrema hirsutum, Patera clarki]"}, "250": {"qwen": "[Mystiko, EMI, Minos EMI, Trekse]"}, "251": {"qwen": "[Aix-en-Provence, Sister cities, Villeurbanne, Geoffrey Demont]"}, "252": {"qwen": "[Blondeliini, Tachinidae, Animal]"}, "253": {"qwen": "[Penthouse and Pavement, Heaven 17, Come Live with Me (Heaven 17 song)]"}, "254": {"qwen": "[Founder's Mutation, Ryan Robbins, Wrecked (film), Caroline Dhavernas]"}, "255": {"qwen": "[5 O'Clock Charlie, Radar's Report, Sheldon Keller, The New Bob Cummings Show]"}, "256": {"qwen": "[New Jersey, Burlington County  New Jersey]"}, "257": {"qwen": "[Avellaneda, Argentina, Julio Grondona, FIFA, Moya Dodd]"}, "258": {"qwen": "[Spain, Catalonia, Barcelona, CE L'Hospitalet, Sergio (footballer  born 1976), RCD Espanyol B, Julio Alberto Rico Pardillo, \u00c9cija Balompi\u00e9, Caye Quintana]"}, "259": {"qwen": "[MikroTik, Riga, Skonto FC, P\u0101vels Mihadjuks, List of Latvian football transfers winter 2013\u201314]"}, "260": {"qwen": "[The House of Rothschild, 20th Century Fox, The Robe (film), Barbara McLean, The Egyptian (film)]"}, "261": {"qwen": "[Newspaper, Radikal, Ba\u011fc\u0131lar, China, Chinese language]"}, "262": {"qwen": "[Insecta, Lepidoptera, Asura (moth), Asura strigipennis]"}, "263": {"qwen": "[Germany, Baden-W\u00fcrttemberg, Weilheim an der Teck]"}, "264": {"qwen": "[Bucculatrix agilis, Edward Meyrick, Bucculatrix facilis, Bucculatrix, Bucculatrix bechsteinella]"}, "265": {"qwen": "[The Last Castle, Rod Lurie, Scenes of the Crime]"}, "266": {"qwen": "[United States, Kristen Connolly, Montclair  New Jersey, Ted Curson]"}, "267": {"qwen": "[England national under-19 football team, Wayne Rooney, Everton F.C., Liverpool, St John Bosco Arts College, Roman Catholic]"}, "268": {"qwen": "[Hydrotaea diabolus, Fly, Muscomorpha, Muscidae]"}, "269": {"qwen": "[Louis Beethoven Prout, Eois nigricosta, Lepidoptera, Tortricidae, Agdistis bouyeri]"}, "270": {"qwen": "[Eupholidoptera chabrieri, Animal, Insect, Damselfly]"}, "271": {"qwen": "[Mullaitivu District, Northern Province  Sri Lanka, Jaffna District]"}, "272": {"qwen": "[London, Entertainment Film Distributors, Colombiana, TriStar Pictures, Dracula 2000 (soundtrack), Vienna  Austria]"}, "273": {"qwen": "[Colette Carr, Interscope Records, Island Records, Jamaica]"}, "274": {"qwen": "[Rosaceae, Eudicots, Ranunculaceae, Ranunculus peltatus, Ranunculus, Ranunculus flammula]"}, "275": {"qwen": "[Norway, Central European Time, Central European Summer Time, Villanueva de Sigena, Spain]"}, "276": {"qwen": "[Polyphaga, Insect, Arthropod]"}, "277": {"qwen": "[O'Higgins F.C., Chile, Los Andes  Chile, Renault 21]"}, "278": {"qwen": "[Passenger (Powderfinger song), Powderfinger, Bernard Fanning]"}, "279": {"qwen": "[Outsourcing, BioPharm (US company), Information technology consulting, Business consulting]"}, "280": {"qwen": "[My Man Is a Loser, Sean Young]"}, "281": {"qwen": "The shortest path between The Mystery of the Hooded Horsemen and Something to Sing About (1937 film) is: [The Mystery of the Hooded Horsemen, Grand National Pictures, Something to Sing About (1937 film)]"}, "282": {"qwen": "[Nashville  Tennessee, Con Brio Records, Reprise Records]"}, "283": {"qwen": "[\u00c6thelheard of Wessex, England, United Kingdom, Hip Hop music, Benjamin Wynn, Spencer Dryden, Jefferson Airplane]"}, "284": {"qwen": "[Eudicots, Gratiola peruviana, Lamiales]"}, "285": {"qwen": "[Steve Scrivens, Ewell, United Kingdom]"}, "286": {"qwen": "[Justin Bieber, My World (EP), Love Me (Justin Bieber song)]"}, "287": {"qwen": "[Norrbotten, Pajala Municipality, Pajala, Sweden, Stockholm, Vall\u00e9s  Valencia]"}, "288": {"qwen": "[Republican Party (United States), Israel F. Fischer, Frederick W. Dallinger, Massachusetts, George Stewart Brown, University of Maryland School of Law, George M. Young, William C. Adamson]"}, "289": {"qwen": "[Oklahoma City, United States, United States Democratic Party]"}, "290": {"qwen": "[Alexander Abraham (boxer), Armenians]"}, "291": {"qwen": "[Municipalities of Switzerland, Wynigen, Anita Weyermann]"}, "292": {"qwen": "[Chordata, Animalia, Arthropod, Beetle]"}, "293": {"qwen": "[Georgios Papandreou (historian), Achaea, Greece, Battle of Gravia Inn]"}, "294": {"qwen": "[Dangepia, Dabuy-ye Jonubi Rural District, Amol County, Mazandaran Province, Iran, South Khorasan Province]"}, "295": {"qwen": "[Richard P. Stanley, Gian-Carlo Rota, Mathematics, Group theory]"}, "296": {"qwen": "[Sunderland Nissan F.C., Gary Pearson (footballer), Seaham, United Kingdom]"}, "297": {"qwen": "[University of South Carolina, Columbia  South Carolina, Democratic Party (United States), Lee Harris (politician)]"}, "298": {"qwen": "[Kenya, Central Province (Kenya), Philip Waruinge, Shifta War, North Eastern Province (Kenya)]"}, "299": {"qwen": "[Somme (department), France, Haute-Sa\u00f4ne]"}, "300": {"qwen": "[London, United Kingdom of Great Britain and Ireland, Ulster Bank, The Royal Bank of Scotland Group, Drummonds Bank]"}, "301": {"qwen": "[Richard Thompson (footballer  born 1969), Trowbridge Town F.C., Steve Abbley, A.F.C. Bournemouth, Peter Aitken, Bristol City F.C., Danny Bartley, Newport County A.F.C., John Smeulders]"}, "302": {"qwen": "[Midfielder, Danny Etzioni, Hapoel Herzliya, Alon Weisberg, Hapoel Katamon Jerusalem F.C.]"}, "303": {"qwen": "[North Sydney Nova Scotia, Nova Scotia]"}, "304": {"qwen": "[Essex  Connecticut, Chester Bowles, United States]"}, "305": {"qwen": "[Les Reed (songwriter), Here It Comes Again (The Fortunes song), The Fortunes, Pop music, Rock music, Alan Lorber]"}, "306": {"qwen": "[Morrens, \u00c9tagni\u00e8res, Boussens  Switzerland, Gros-de-Vaud District]"}, "307": {"qwen": "[In My Dream (With Shiver), Luna Sea, Mother (Luna Sea album)]"}, "308": {"qwen": "The shortest path between Kerman Province and Kafsh Kal Mahalleh is: [Kerman Province, Iran, Gilan Province, Langarud County, Kafsh Kal Mahalleh]"}, "309": {"qwen": "[United States, Tennessee]"}, "310": {"qwen": "[Angiosperm, Plantae, Aeranthes adenopoda, Aeranthes ramosa, Robert Allen Rolfe]"}, "311": {"qwen": "[Ramblin' Gamblin' Man (song), Bob Seger, Beautiful Loser]"}, "312": {"qwen": "[Solaris (operating system), Java Development Kit, Unreal Engine, PlayStation 4]"}, "313": {"qwen": "[Crabronidae, Crabro, Apocrita, Crabroninae]"}, "314": {"qwen": "[Shabeh Rural District, Rashtkhvar County, Ab Niyeh-ye Sofla]"}, "315": {"qwen": "[Nawa Region, Bas-Sassandra District, Tabou Department, Tabou  Ivory Coast, Ivory Coast, Lacs District]"}, "316": {"qwen": "[Ingo Steuer, East Germany, Heinz Thiel]"}, "317": {"qwen": "[English language, United States, California, Palm Springs California, Ralph Rainger, Easy Living (1937 film), Paramount Pictures, Moran of the Marines, Ray Harris, Wallace Ford]"}, "318": {"qwen": "[Iran, Mohammad Hossein Mehrazma, Moghavemat Tehran F.C., Reza Jabbari, Tractor Sazi F.C., Ali Alizadeh, Esteghlal F.C., Akbar Sadeghi, List of Iranian football transfers summer 2016, Midfielder]"}, "319": {"qwen": "[Uruguay national under-20 football team, Enzo Scorza, Midfielder, Forward (association football), Enzo Scorza, F.B. Brindisi 1912, Uruguay, Chery Tiggo]"}, "320": {"qwen": "[Montpellier HSC, Anthony Scribe, Croix-de-Savoie, Thomas Kokkinis]"}, "321": {"qwen": "[Cavalry, 2nd Indian Cavalry Division, Canadian Cavalry Brigade, J. E. B. Seely 1st Baron Mottistone]"}, "322": {"qwen": "[Alfredo Ortiz, United States, Rhymesayers Entertainment]"}, "323": {"qwen": "[ Cornwall, Matthew Paul Moyle, Geology, Walter Curran Mendenhall, United States, University of California  Berkeley, Jeffrey C. Wynn ]"}, "324": {"qwen": "[Translator, Liu Banjiu, Fudan University, Wang Huo, China, Beijing]"}, "325": {"qwen": "[Wac\u0142aw Olszak, Karvin\u00e1, Radek \u0160t\u011bp\u00e1nek]"}, "326": {"qwen": "[Arroio Grande  district of Santa Maria, Santa Maria  Rio Grande do Sul, Santa Flora  district of Santa Maria]"}, "327": {"qwen": "[Quercus patelliformis, Angiosperms, Eudicots]"}, "328": {"qwen": "[Denis Istomin, Soviet Union, Uzbekistan, Tashkent, Lola Karimova-Tillyaeva]"}, "329": {"qwen": "[Angiosperms, Eudicots, Asterids, Asterales, Astereae, Collinsia grandiflora, Plantaginaceae, Bromeliaceae]"}, "330": {"qwen": "[Freeware, MyDefrag, Utility software]"}, "331": {"qwen": "[Davide Faraon, Vittorio Veneto, Carlo Osti]"}, "332": {"qwen": "[Insect, Beetle]"}, "333": {"qwen": "[George W. Bush, Republican Party (United States), Richard Nixon, Manhattan]"}, "334": {"qwen": "[Hardcover, Prince Lestat, Anne Rice, Louisiana, United States, Texas]"}, "335": {"qwen": "[Kentucky, Brereton Jones, Bob Babbage, John Young Brown III]"}, "336": {"qwen": "[Wilhelm Albert (Wehrmacht officer), German Army (Wehrmacht), Oskar Bremermann, Knight's Cross of the Iron Cross]"}, "337": {"qwen": "[Olesno County, Poland, Central European Time, Link\u00f6ping]"}, "338": {"qwen": "[Work It Out (Def Leppard song), Def Leppard, Retro Active, Miss You in a Heartbeat, Music download]"}, "339": {"qwen": "[Eleanor Roosevelt (Hato Rey), San Juan  Puerto Rico, Guaynabo  Puerto Rico, WZNA-LD]"}, "340": {"qwen": "[Reggae fusion, Slightly Not Stoned Enough to Eat Breakfast Yet Stoopid, Redondo Beach California, MEGG]"}, "341": {"qwen": "The shortest path between Raphael (archangel) and Xhafer Deva in this network is: [Raphael (archangel), Islam, Albanians, Kosovo Vilayet, Xhafer Deva]"}, "342": {"qwen": "[Forward (association football), Anthony Lozano, Valencia CF Mestalla, Valencia CF]"}, "343": {"qwen": "[Midfielder, Ver\u00f3nica P\u00e9rez, Washington Spirit, Lisa De Vanna, Australia women's national soccer team, Emily van Egmond, Chicago Red Stars]"}, "344": {"qwen": "[Carolina Panthers, Josh Vaughan]"}, "345": {"qwen": "[Palangin, Kermanshah Province, Iran, West Azerbaijan Province, Urmia County]"}, "346": {"qwen": "[Timeform, Chief Singer, Ireland, Dauphin Fabuleux, Viceregal (horse), Northern Dancer, Manila (horse), American Handicap]"}, "347": {"qwen": "[Spain, CD San Roque de Lepe, Cheli (footballer), Recreativo de Huelva, \u00d3scar Garc\u00eda Guerrero]"}, "348": {"qwen": "[Jean-B\u00e9del Bokassa, Central African Republic, Ange-F\u00e9lix Patass\u00e9, Jean-Paul Ngoupand\u00e9]"}, "349": {"qwen": "[Lomonosov Gold Medal, Hans Bethe, Peter A. Carruthers, Arizona, Ohio Valley Wrestling]"}, "350": {"qwen": "[Thomas Mayr-Harting, Austria]"}, "351": {"qwen": "[Nigar Jamal, Azerbaijan]"}, "352": {"qwen": "[Biarritz Olympique, Parc des Sports Aguil\u00e9ra, France, Wales, Cardiff RFC, Jamie Robinson (rugby player)]"}, "353": {"qwen": "[Live and Improvised, Blood  Sweat & Tears, Brand New Day (Blood  Sweat & Tears album)]"}, "354": {"qwen": "[Eugenia, Eudicots, Rosids, Myrtaceae, Eucalyptus, Eucalyptus mckieana]"}, "355": {"qwen": "[Hybodus, Chordata, Animal]"}, "356": {"qwen": "[Clepsis uncisecta, Lepidoptera, Tortricidae, Clepsis rasilis]"}, "357": {"qwen": "[South Korea national football team, Kim Do-hoon, Jeonbuk Hyundai Motors]"}, "358": {"qwen": "[Keyboard instrument, Glam metal, Hard rock, United States, Ohio]"}, "359": {"qwen": "[Anne Christine of Sulzbach  Princess of Piedmont, Theodore Eustace  Count Palatine of Sulzbach]"}, "360": {"qwen": "[Colorado Avalanche, Vitali Kolesnik, Lokomotiv Yaroslavl, Russia, Moscow]"}, "361": {"qwen": "[Hoyv\u00edk, T\u00f3rshavn Municipality, T\u00f3rshavn, Faroe Islands]"}, "362": {"qwen": "[Lorenzo D'Anna, Italy, Lombardy, Province of Lecco, Oggiono]"}, "363": {"qwen": "[My Own Love Song, Path\u00e9, Touching the Void (film)]"}, "364": {"qwen": "[FC United of Manchester, Jason Gilchrist, Chester F.C., Gareth Roberts (footballer), Tranmere Rovers F.C., Adam Docker (footballer), Bangor City F.C., Droylsden F.C.]"}, "365": {"qwen": "[Tamil Nadu, Mannan Magal (TV series), Tamil language, Thekkathi Ponnu]"}, "366": {"qwen": "[University of Minnesota, Eric Sevareid, North Dakota, James Blair (South Carolina)]"}, "367": {"qwen": "[Mute Records, Liars (band), Alternative rock]"}, "368": {"qwen": "[Godfrey Morgan, L\u00e9on Benett, Jules Verne]"}, "369": {"qwen": "[Asparagales, Plantae, Eudicots, Asterids, Asterales]"}, "370": {"qwen": "[Central European Summer Time, Catalonia, Central European Time]"}, "371": {"qwen": "[M. Rajesh, All in All Azhagu Raja]"}, "372": {"qwen": "[Wolfenschiessen, Tr\u00fcbsee, Nidwalden, N\u00fcnalphorn, Rotsandnollen, Canton of Bern]"}, "373": {"qwen": "[Loire (department), France, Rh\u00f4ne-Alpes, Les Houches]"}, "374": {"qwen": "[Languedoc-Roussillon, France, Rh\u00f4ne-Alpes, Bas-Rhin]"}, "375": {"qwen": "[Co-educational, Peninsula School (Australia), Mount Eliza  Victoria, Emilie de Ravin, True History of the Kelly Gang, Paperback]"}, "376": {"qwen": "[Gnathophyllidae, Malacostraca, Arthropod, Beetle, Apomecynini, Stizocera]"}, "377": {"qwen": "[Speed metal, Heavy metal music, Music for Nations, Unveiling the Wicked]"}, "378": {"qwen": "[Blac Elvis, Record producer, Pop & Oak, Soul music, Contemporary R&B, Hip hop music]"}, "379": {"qwen": "[Marin Ani\u010di\u0107, Mostar, Central European Summer Time]"}, "380": {"qwen": "[Phalonidia, Lepidoptera, Phalonidia phlebotoma]"}, "381": {"qwen": "[Wizards of the Coast, Manual of the Planes, Hardback]"}, "382": {"qwen": "[J\u00f3zsef Eisenhoffer, New York Hakoah, Ben Zinn, Defender (football), Eddy Wauters, Midfielder]"}, "383": {"qwen": "[Eugene O'Neill, Jason Robards, Act One (film), Moss Hart]"}, "384": {"qwen": "[Base A\u00e9rea Teniente Benjam\u00edn Matienzo, Tierra del Fuego  Antarctica  and South Atlantic Islands Province, Argentina, Santiago del Estero, Enzo Kalinski]"}, "385": {"qwen": "[Indie rock, Alternative rock, Guano Apes, Offline (album)]"}, "386": {"qwen": "[Iran, Sorkheh County]"}, "387": {"qwen": "[California, United States, Minnesota]"}, "388": {"qwen": "[Botch (band), Hydra Head Records, Post-metal, Russian Circles, Sargent House]"}, "389": {"qwen": "[Sam Mitchinson, England, Staffordshire, River Tame  West Midlands]"}, "390": {"qwen": "[Atlantic Records, ABBA, Money  Money  Money]"}, "391": {"qwen": "[Littoraria pallescens, Littorinidae, Animalia]"}, "392": {"qwen": "[Nothing to Declare (album), Justin Time Records, David Murray (jazz musician), Speaking in Tongues (David Murray album)]"}, "393": {"qwen": "[Glory (1956 film), Peter Milne (screenwriter), God Is My Co-Pilot (film)]"}, "394": {"qwen": "[FR layout, Holden FE, Holden, Holden Commodore (VX), Holden Commodore (VN)]"}, "395": {"qwen": "[Songwriter, Andy Sturmer, Vocals, Singing]"}, "396": {"qwen": "[Thanks to the Saint, Mystery fiction, The Saint and the Fiction Makers, The Saint in Pursuit, The Crime Club, The Saint and the People Importers]"}, "397": {"qwen": "[Qasr-e Qand County, Sistan and Baluchestan Province, Iran, Kerman Province]"}, "398": {"qwen": "[Beerware, Opentracker, C, Wayland (display server protocol), Linux]"}, "399": {"qwen": "[Society, Technological and industrial history of the United States, United States, Law enforcement agency]"}, "400": {"qwen": "[Poland, Death metal, Black metal]"}, "401": {"qwen": "The shortest path between Nepal and Vyas Municipality is: [Nepal, Gandaki Zone, Tanahun District, Vyas Municipality]"}, "402": {"qwen": "[Pop music, Rock music, Folk rock]"}, "403": {"qwen": "[Admir\u00e1vel Mundo Novo, Indie rock, Pop punk, Emo pop]"}, "404": {"qwen": "[Newport Beach  California, California, United States, Asian Man Records]"}, "405": {"qwen": "[Essex, Braintree  Essex, Garry Nelson]"}, "406": {"qwen": "[Pittsfield  Massachusetts, Massachusetts]"}, "407": {"qwen": "[Chrysler Valiant (AP5), Chrysler Australia, Chrysler Valiant (VG), Chrysler Valiant (VH)]"}, "408": {"qwen": "[United States Army, American Civil War, Valley Campaign, Elijah V. White, 35th Battalion Virginia Cavalry, Battle of Gettysburg]"}, "409": {"qwen": "[Tehran, Iran, Mehdi Kiani (footballer  born 1978), Midfielder (football)]"}, "410": {"qwen": "[Above & Beyond (band), Trance music, Synthesizer]"}, "411": {"qwen": "[Bang Sue District, Bangkok, Siam Cement]"}, "412": {"qwen": "[Rock music, Alternative rock, Alternative metal, Waltari, Helsinki]"}, "413": {"qwen": "[New York City, New York (state), Union Theological Seminary (New York City), George Forell, Germany, Frederick James Woodbridge]"}, "414": {"qwen": "[Sam Caligiuri, Waterbury  Connecticut, Connecticut]"}, "415": {"qwen": "[India, United States, American Broadcasting Company]"}, "416": {"qwen": "[Adoniram J. Warner, Ohio, Highland County  Ohio, Ross County  Ohio, Greenfield  Ohio, Oak Harbor  Ohio]"}, "417": {"qwen": "[Brian Mast, Republican Party of the United States, John Price (diplomat)]"}, "418": {"qwen": "[Caelifera, Orthoptera, Acridoidea, Austroicetes vulgaris]"}, "419": {"qwen": "[The Go, King Tuff, Medicine, Eugene Lindsay Opie, Tuberculosis, Fran\u00e7ois P\u00e9ron, Empire of Ivory, English language, Turkey]"}, "420": {"qwen": "[Voldem\u0101rs Veiss, German Army (Wehrmacht), World War II, United States Army]"}, "421": {"qwen": "[UK, Drama]"}, "422": {"qwen": "[Amphiura callida, Ophiuroidea, Ophiurida, Ophiocomidae]"}, "423": {"qwen": "[Suburban Noize Records, Punk rock, D.I. (band), Casey Royer]"}, "424": {"qwen": "[List of Bulgarian football transfers summer 2011, Aleksandar Dyulgerov, PFC Pirin Blagoevgrad, Viktor Georgiev, PFC Nesebar, Rumen Shankulov]"}, "425": {"qwen": "[Liberal Democrats, Labour Party (UK), Roger Williams (British politician), Emma Nicholson  Baroness Nicholson of Winterbourne]"}, "426": {"qwen": "[Godumbare, Maharashtra, India, Ludhiana district]"}, "427": {"qwen": "[Jason Brooks (actor), Colorado Springs  Colorado, United States, Fred Stoller]"}, "428": {"qwen": "[Hamburg, Germany, Schleswig-Flensburg]"}, "429": {"qwen": "The shortest path between Simplicivalva philobia and Cossidae is: [Simplicivalva philobia, Cossidae]"}, "430": {"qwen": "[Tehran Province, Iran, Rudsar County]"}, "431": {"qwen": "[Warner Music Group, Hunger (song), Molly Pettersson Hammar, Ira Losco]"}, "432": {"qwen": "[Slovakia, Bratislava, National Council (Slovakia), Andrej Danko, Czechoslovakia]"}, "433": {"qwen": "[Angiosperms, Eudicots, Rosaceae, Rosales]"}, "434": {"qwen": "[Walter J. Harvey, A Stranger Came Home, Michael Carreras, To Have and to Hold (1951 film)]"}, "435": {"qwen": "[Scellus crinipes, Animal, Arthropod, Lepidoptera, Dismorphiinae, Enantia]"}, "436": {"qwen": "[Munich, List of twin towns, Berlin, Berlin Outer Freight Ring, Germany, Saxony-Anhalt, B\u00f6rde (district), Velsdorf]"}, "437": {"qwen": "[Ren\u00e9 Groth, FSV Zwickau, Peter Keller (footballer), East Germany, Battle of Luckau]"}, "438": {"qwen": "[Utricularia subg. Bivalvaria, Lamiales, Asterids, Eudicots, Flowering plant, Plant]"}, "439": {"qwen": "The shortest path between Polyphaga and Acastellina is: [Polyphaga, Animal, Arthropod, Phacopida, Acastellina]"}, "440": {"qwen": "[Luzon Strait, Babuyan Islands, Camiguin de Babuyanes, Calayan  Cagayan, Philippines, Tagalog language]"}, "441": {"qwen": "[Fabio Sabatini, Italy, Lombardy]"}, "442": {"qwen": "[Ice Age: Continental Drift, 20th Century Fox, Horton Hears a Who! (film), Steve Martino, Monty Python & the Quest for the Holy Grail, 7th Level]"}, "443": {"qwen": "[The Night of Queen Isabeau, Elsa Wagner, Luther (1928 film), Germany, West Germany]"}, "444": {"qwen": "[Tortricidae, Arthropod, Insect, Beetle, Curculionidae]"}, "445": {"qwen": "The shortest path between Saltenia and Animal in this network is: [Saltenia, Amphibia, M\u00fcller's platanna, Animalia, Animal]"}, "446": {"qwen": "[Japan, Tokyo, Akemi Okamura, Hello Kitty, Gid\u014d Sh\u016bshin]"}, "447": {"qwen": "[Beetle, Insect, Lepidoptera, Cyana, Cyana obscura]"}, "448": {"qwen": "[Democratic Party (United States), Barack Obama, Bob Perciasepe, Gina McCarthy, Massachusetts, Quincy  Massachusetts]"}, "449": {"qwen": "[Julia Dent Cantacuz\u00e8ne Spiransky-Grant, Washington  D.C., White House]"}, "450": {"qwen": "[Slamannan, Falkirk (council area), Larbert]"}, "451": {"qwen": "[Cluj County, Romania, Transylvania, Some\u0219-Odorhei, Social Democratic Party (Romania)]"}, "452": {"qwen": "[INTI International University, Subang Jaya, Selangor, Malaysia, Association of Chartered Certified Accountants, Sarah Achieng Opendi]"}, "453": {"qwen": "[H\u00e9rault, France, Somme (department)]"}, "454": {"qwen": "[Hard rock, Rock music, Power pop, 867-5309/Jenny, Columbia Records, Capitol Records]"}, "455": {"qwen": "[Poporanism, Ion Ag\u00e2rbiceanu, Essay]"}, "456": {"qwen": "[David Butler (director), The Bard (The Twilight Zone), The Twilight Zone (1959 TV series)]"}, "457": {"qwen": "[Ferencv\u00e1rosi TC, J\u00f3zsef Zilisy, A.C. Pistoiese]"}, "458": {"qwen": "[ Burkard Hillebrands, Solid-state physics, knownFor ]"}, "459": {"qwen": "[List of twin towns, Graz, Austria, Tyrol (state), Stubai Alps, Liezen, Traudl Hecher]"}, "460": {"qwen": "[The Small One, Olan Soule, The Man in the Bottle, Robert Cummings]"}, "461": {"qwen": "[PlayStation 2, PlayStation 3, Microsoft Windows, Kingpin: Life of Crime]"}, "462": {"qwen": "The shortest path between Dickwella and Nuwara Eliya is: [Dickwella, Southern Province  Sri Lanka, Sri Lanka, Northern Province  Sri Lanka, Mullaitivu, Time zone, Nuwara Eliya]"}, "463": {"qwen": "[Boban Jan\u010devski, FK Makedonija Gjor\u010de Petrov, Martin Hristov (footballer  born 1997), FK Donji Srem, Mladen \u017divkovi\u0107]"}, "464": {"qwen": "[England national under-19 football team, Alex Oxlade-Chamberlain, England national under-21 football team]"}, "465": {"qwen": "[Path of Fire, Aeon (band), Death metal, Paganizer]"}, "466": {"qwen": "The shortest path between Rock music and Ney in this network is: [Rock music, Embryo (band), Ney]"}, "467": {"qwen": "The shortest path between Schleswig-Holstein and Dietenhofen is: [Schleswig-Holstein, Germany, Dietenhofen]"}, "468": {"qwen": "[Tim Brennan, Tin whistle, Folk music, Folk rock]"}, "469": {"qwen": "[Rock music, Alternative rock, Black Betty  Black Betty  1]"}, "470": {"qwen": "[The Sixth Extinction: An Unnatural History, Wildlife, Biology, Paul-Louis Simond, Valence  Dr\u00f4me]"}, "471": {"qwen": "[France, French language, Yoruba people, Nigeria, Ibadan]"}, "472": {"qwen": "[Stokmarknes Airport  Skagen, Avinor]"}, "473": {"qwen": "[Lancashire, Blackpool, William Lyons, SS Cars Ltd, SS 90, Sports car]"}, "474": {"qwen": "[England, Tooting, Darren Bent, Tottenham Hotspur F.C.]"}, "475": {"qwen": "[Louis I  Duke of Orl\u00e9ans, John  Count of Angoul\u00eame, Cognac  France, Central European Time]"}, "476": {"qwen": "[London, England, Isle of Wight, William Hacket Pain]"}, "477": {"qwen": "[Orthoptera, Acrididae, Schistocerca]"}, "478": {"qwen": "[\u571f\u8033\u5176\u8bed, \u5317\u585e\u6d66\u8def\u65af, \u5317\u5c3c\u79d1\u897f\u4e9a, \u5c3c\u79d1\u897f\u4e9a\u533a]"}, "479": {"qwen": "[Louisiana, United States, Washington  D.C.]"}, "480": {"qwen": "[Winger (sports), Zoran Samard\u017eija, FK \u017deljezni\u010dar Sarajevo, Aris Limassol F.C.]"}, "481": {"qwen": "[Horrie Knight, North Adelaide, Paddy Glynn, Vaiben Louis Solomon, Judaism]"}, "482": {"qwen": "[Locarno (district), Ticino, Switzerland, National League A, HC Davos]"}, "483": {"qwen": "[Mazandaran Province, Iran, Bardsir County, Qohestan Rural District]"}, "484": {"qwen": "[Stuart Price, Complete Me, Dance-pop, Electronica]"}, "485": {"qwen": "[Siege of Kehl (1796\u201397), Margraviate of Baden, Caroline of Baden, France, French Revolutionary Wars, Battle of Kehl (1796), Kehl, Germany, Franz Joseph Gall, Alexandre Lacassagne]"}, "486": {"qwen": "[Santiago  Chile, Chile, Ricardo Lagos, NotableStudent, Jaime Eyzaguirre, BirthPlace, Jaime Ravinet]"}, "487": {"qwen": "[Eastern European Summer Time, Romania, Bihor County, Lunca  Bihor, Eastern European Time]"}, "488": {"qwen": "[Alternative rock, Nu metal, Groove metal, Heavy metal music, Power metal]"}, "489": {"qwen": "[Fiona Stewart (author), Philip Nitschke, Australia, New Zealand]"}, "490": {"qwen": "[7%22 vinyl, Love's Great Adventure, Ultravox, Retro (EP)]"}, "491": {"qwen": "[False Alarms (1936 film), Columbia Pictures, Pals and Gals, Stanley Blystone, Restless Knights, Hooper Atchley, Gun Justice, Ted D. McCord]"}, "492": {"qwen": "[Italian Republican Party, Rome, Italy, University of Florence, European University Association]"}, "493": {"qwen": "[Radio City (album), Ardent Records, Need (album)]"}, "494": {"qwen": "[ Ricardo Montalb\u00e1n, Heaven Help Us (TV series), Orson Welles, Malpertuis (film), Escape from the Planet of the Apes ]"}, "495": {"qwen": "[United States, Pennsylvania, Pittsburgh  Pennsylvania, University of Pittsburgh]"}, "496": {"qwen": "The shortest path between List of cities in Argentina and AS Roma is: [List of cities in Argentina, Argentina, Julio Asad, Racing Club de Avellaneda, Pedro Manfredini, AS Roma]"}, "497": {"qwen": "[Beryciformes, Chordate, Animal, Arthropod, Beetle, Longhorn beetle, Lepturges anceps]"}, "498": {"qwen": "[Central District (Maneh and Samalqan County), Behkadeh-ye Razavi]"}, "499": {"qwen": "[Alternative metal, Heavy metal music, Power metal, HammerFall, Nuclear Blast, Denmark, Central Denmark Region]"}}