{"0": {"deepseek": "[Stephen Hess, Kyle Meadows, Adam Nichols]"}, "1": {"deepseek": "[Mitchell Ramsey, Jacob Barnes, Angela Andrade]"}, "2": {"deepseek": "To solve the Minimum Vertex Cover problem for the given social network, we need to find the smallest set of users such that every friendship connection involves at least one user from this set.\n\n**Analysis of the Friendship Connections:**\n- Tiffany Rowland is connected to almost everyone.\n- Sandra Miller, Patricia Miller, Kelsey Mcgee, Jennifer Morris, Brendan Trevino, and John West are all connected to each other and to Tiffany Rowland.\n- Bryan Stewart, Jasmine Drake, Andrea Villegas, and Brittany White are also connected to several others, including Tiffany Rowland.\n- Alan Robinson is connected to Bryan Stewart, Jasmine Drake, and John West.\n\n**Strategy for Minimum Vertex Cover:**\n1. Identify users who are connected to many others (hubs).\n2. Select users strategically to cover as many edges as possible.\n\n**Selection:**\n- Tiffany Rowland is a hub and covers many connections.\n- John West is connected to several users, including Tiffany Rowland and others.\n- Bryan Stewart is connected to multiple users, including Tiffany Rowland and others.\n- Jennifer Morris is connected to several users, including Tiffany Rowland and others.\n\n**Minimum Vertex Cover:**\n[Tiffany Rowland, John West, Bryan Stewart, Jennifer Morris]\n\nThis selection ensures that every friendship connection in the network involves at least one of these users, and it is the smallest possible set to achieve this."}, "3": {"deepseek": "[Alisha Bennett, Monica Willis, Keith Hale]"}, "4": {"deepseek": "[Chelsey Mcmahon, Amy Roberson, Jeffrey Martin, Edward Mendoza]"}, "5": {"deepseek": "[Jamie Oliver, Charles Sloan, Audrey Sharp]"}, "6": {"deepseek": "[Emily Brock, Sabrina Olsen, Elizabeth Gibson, Mr. Thomas Ayala]"}, "7": {"deepseek": "[Mrs. Mariah Murillo DDS, Alexandra Martinez, Lauren Lawson, Kristine Oconnell]"}, "8": {"deepseek": "[Jared Murray, Paul Summers]"}, "9": {"deepseek": "[Mark Campbell, David Taylor, Derek English, Jonathan Ingram]"}, "10": {"deepseek": "[Janet Cordova, Brett Reyes, Kayla Johnson]"}, "11": {"deepseek": "[Autumn Shields, Maurice Martin, Krystal Turner]"}, "12": {"deepseek": "[Aaron Pena, Victoria Williamson, Dr. Brian Barnett]"}, "13": {"deepseek": "[Michelle Green, Angela King, Aaron Stephens]"}, "14": {"deepseek": "[Sara Gregory, Stephanie Lawrence, John Kirk]"}, "15": {"deepseek": "[Richard Solis, Kyle Best, Christine Fuentes, Cody Shaw]"}, "16": {"deepseek": "[Michael Mendez, Susan Chen, Sarah Finley, Deborah Burke]."}, "17": {"deepseek": "[Kathleen Mcdonald DDS, Chelsea Nguyen, Christopher Scott, Amy Marshall]"}, "18": {"deepseek": "[Antonio Singleton, Kimberly Johnson]"}, "19": {"deepseek": "[James Ware, Mitchell Campbell, Julian Hall]"}, "20": {"deepseek": "[Jessica Brewer, Evelyn Franklin, Alexander Jensen]"}, "21": {"deepseek": "[Janet Collins, Kayla Mcgrath, Sara Richards, Ryan Bryant, Samuel Schneider]"}, "22": {"deepseek": "[Lee Espinoza, Margaret Murphy, Sean Hunter]"}, "23": {"deepseek": "[Tyler Hansen DDS, Candice Vincent, Shelley Ferguson, Tamara Henderson]"}, "24": {"deepseek": "[Rebecca Jones, Clayton Miller, Taylor Mccormick]"}, "25": {"deepseek": "[Joseph Mcguire, Alyssa Rodriguez DVM, Robert Morgan]"}, "26": {"deepseek": "[George Phelps, Marcus Willis, Michael Brown]"}, "27": {"deepseek": "[Lindsey Sanders, Zachary Campos, Patricia Wolf, Christopher Moore, Amy Smith, Richard Santana, Cody Stevens, Sarah Kelley, David Robbins]"}, "28": {"deepseek": "[Eric Henderson, Terry Shelton, Jason Wilson, Isabella Coleman]"}, "29": {"deepseek": "[Robin Bryant, Eric Estes, Veronica Garcia]"}, "30": {"deepseek": "[Kyle Green, Thomas Gilbert, Timothy Baldwin]"}, "31": {"deepseek": "[Austin Mendoza, Joseph Hebert, Rodney Hahn, Gary Ward, Lisa Riley, Maria Wang, Jesse Johnson, Lori Jackson, Lindsey Quinn]."}, "32": {"deepseek": "[Kenneth Thomas, James Velazquez, Karen Joyce, Lisa Newton]."}, "33": {"deepseek": "[Jessica Williamson, Michelle Torres, Brenda Herrera, Walter Rose]"}, "34": {"deepseek": "[Destiny Simpson, Preston Mccormick, Melissa Martin]"}, "35": {"deepseek": "[Raymond Carter, Joseph Schwartz, Paul Bryant]"}, "36": {"deepseek": "[Michael Herman, John Potts, Sean Chandler, Joshua Garcia, Melinda Robertson]"}, "37": {"deepseek": "[Joshua Simmons, Carrie Hartman, David Taylor, Tyler Patrick, Teresa Bradley, Michael Trujillo, Brandon Maldonado]"}, "38": {"deepseek": "[Mark Garcia, Brittany Wilson, Edward Marquez, Anthony Moss, Aimee Cannon]."}, "39": {"deepseek": "[Xavier Owen, Vanessa Petersen, Victor Edwards, Donald Brady]"}, "40": {"deepseek": "[Sherri Bruce, Denise Clark, Theresa Horn DVM]"}, "41": {"deepseek": "[James Thomas, Amber Raymond, Carrie Casey]"}, "42": {"deepseek": "[Antonio Gutierrez, Stephanie Livingston]"}, "43": {"deepseek": "[Dr. Jamie Edwards, Calvin Banks, Christina Morgan, Paula Ward]"}, "44": {"deepseek": "[Gail Brown, Julia Smith, Travis Green]"}, "45": {"deepseek": "[Anthony Carlson, Gabrielle Barr, Andrew Ramos]"}, "46": {"deepseek": "[Alison Beck, Jorge Reyes, John Maldonado]"}, "47": {"deepseek": "[Kimberly Davila, Jonathan Reese, Cheryl Vega, Juan Bowman, Christian Anderson]"}, "48": {"deepseek": "[Karen Allen, Jacob Lee, Vincent Ruiz, Mr. Carl Bautista]"}, "49": {"deepseek": "[Jeffrey Perez, Michaela Pierce, Thomas Singh, William Miller, Paul Smith]"}, "50": {"deepseek": "[Brandi Williams, Debbie Marshall, Candace Blackburn, Mary Garner]."}, "51": {"deepseek": "[Timothy Riley, Brittany Wolf, Penny Gomez, Thomas Morgan]."}, "52": {"deepseek": "[Erin Nguyen, Roberta Jacobson, Sarah Callahan]"}, "53": {"deepseek": "[Kimberly Hill, Lisa Wood, Yolanda Becker]"}, "54": {"deepseek": "[Travis Williams, Christopher Olsen, Brandon Russell, Adam Johnson, Cory Jones, Matthew Goodman]"}, "55": {"deepseek": "[Christopher Joseph, Janice Davidson, Mr. Jacob Wright DDS, Paula Brown]"}, "56": {"deepseek": "[Thomas Kidd, Brett Smith, Aaron Thomas, Jennifer Ramos, Debra Obrien, Sean Brown, Kelly Harris, Scott Chen]"}, "57": {"deepseek": "[Heather Green, Samantha Dickson, Ashley Perry]"}, "58": {"deepseek": "[Gavin Johnson, Keith Ross, Sandra West, Margaret Young]"}, "59": {"deepseek": "[Robert Villanueva, Jose Hoffman, Mary Reeves, Pamela White]"}, "60": {"deepseek": "[Darren Powers, Brian Martin, Mr. Thomas Villarreal]"}, "61": {"deepseek": "[Lori Terry, Stephanie Lee]"}, "62": {"deepseek": "[John Robinson, Antonio Sims, John Johnson, Daniel Wells]"}, "63": {"deepseek": "[Ashley Martin, Henry Willis, Tiffany Martin]"}, "64": {"deepseek": "[John Stewart, Cassandra Taylor, Shawn Soto]"}, "65": {"deepseek": "[Justin Kelly, Jason Davis, Paula Cooper, Angela Newman MD, Mary Cherry, James Miller, Christina Griffin]"}, "66": {"deepseek": "To solve the Minimum Vertex Cover problem for the given social network, we need to find the smallest set of users such that every friendship connection involves at least one user from this set. Here are the friendship connections and the analysis to find the minimum vertex cover:\n\n- Brooke Mcclure and Crystal Flowers\n- Brooke Mcclure and Latoya Cook\n- Brooke Mcclure and Kendra Weaver\n- Kendra Weaver and Crystal Flowers\n- Kendra Weaver and Douglas Smith\n- Kendra Weaver and Latoya Cook\n- Kendra Weaver and Brian Smith\n- Kendra Weaver and Leah Cooper\n- Kendra Weaver and Johnny Olsen\n- Kendra Weaver and Lisa Palmer\n- Lisa Palmer and Crystal Flowers\n- Lisa Palmer and Latoya Cook\n- Leah Cooper and Latoya Cook\n- Leah Cooper and Brian Smith\n- Crystal Flowers and Latoya Cook\n- Crystal Flowers and Brian Smith\n- Crystal Flowers and Douglas Smith\n- Brian Smith and Douglas Smith\n- Brian Smith and Latoya Cook\n- Johnny Olsen and Douglas Smith\n- Johnny Olsen and Latoya Cook\n- Douglas Smith and Latoya Cook\n\nFrom the connections, we can observe that:\n- Kendra Weaver is connected to almost everyone.\n- Latoya Cook is connected to almost everyone.\n- Crystal Flowers, Brian Smith, and Douglas Smith are also well-connected.\n\nTo cover all edges with the minimum number of vertices, we can choose:\n- Kendra Weaver (covers connections with Brooke Mcclure, Crystal Flowers, Douglas Smith, Latoya Cook, Brian Smith, Leah Cooper, Johnny Olsen, Lisa Palmer)\n- Latoya Cook (covers connections with Brooke Mcclure, Kendra Weaver, Lisa Palmer, Leah Cooper, Crystal Flowers, Brian Smith, Johnny Olsen, Douglas Smith)\n- Crystal Flowers (covers connections with Brooke Mcclure, Kendra Weaver, Lisa Palmer, Latoya Cook, Brian Smith, Douglas Smith)\n- Brian Smith (covers connections with Kendra Weaver, Leah Cooper, Latoya Cook, Crystal Flowers, Douglas Smith)\n\nThus, the Minimum Vertex Cover for this network is:\n[Kendra Weaver, Latoya Cook, Crystal Flowers, Brian Smith]"}, "67": {"deepseek": "[Clayton Moreno, Chad Deleon, Joshua Stark, Dr. Laura Hernandez PhD]"}, "68": {"deepseek": "[Jonathan Hernandez, Melissa Ferguson, Ann Velasquez]"}, "69": {"deepseek": "[Donna Wheeler, Kimberly Brennan, Lisa Rojas]"}, "70": {"deepseek": "[Kimberly Lewis, Angela Smith, Jason Perry]"}, "71": {"deepseek": "[Catherine Baker, Anthony Butler, Tabitha Nelson]"}, "72": {"deepseek": "[Kevin Myers, Christopher Chambers, Morgan Gonzalez, Christopher Knight]."}, "73": {"deepseek": "[Joseph Crawford, Wanda Smith, William Reed, Jay Wells, Zachary Guzman, Lisa Norris, Jade Williams, Sherri Wheeler, Megan Neal]."}, "74": {"deepseek": "[Crystal Boyer, Shannon Ware, Alexander Jones]"}, "75": {"deepseek": "To solve the Minimum Vertex Cover problem for the given social network, we need to find the smallest set of users such that every friendship connection involves at least one user from this set.\n\n**Analysis of the Network:**\n- Steven Perry is connected to Thomas Woods, Aaron Brown, and Donald Miller.\n- Thomas Woods has numerous connections, including all those mentioned for Steven Perry plus additional connections.\n- Shelia Merritt is connected to Thomas Woods and Richard Perkins.\n- Donald Miller is connected to several users, including Steven Perry, Thomas Woods, Loretta Butler, David Webster, Richard Pena, and Aaron Brown.\n- Troy Hall is connected to Aaron Brown.\n- Richard Pena is connected to several users, including Thomas Woods, Danielle Coleman, Loretta Butler, David Webster, and Donald Miller.\n- Matthew Ward is connected to Thomas Woods.\n- Danielle Richard is connected to Thomas Woods and Aaron Brown.\n- Richard Perkins is connected to Thomas Woods and Shelia Merritt.\n- Aaron Brown is connected to multiple users, including Steven Perry, Thomas Woods, Troy Hall, Danielle Richard, Donald Miller, and Loretta Butler.\n- Emily Pearson is connected to Thomas Woods.\n- Danielle Coleman is connected to Thomas Woods, Richard Pena, and David Webster.\n- David Webster is connected to multiple users, including Thomas Woods, Donald Miller, Richard Pena, and Danielle Coleman.\n- Loretta Butler is connected to multiple users, including Thomas Woods, Donald Miller, Richard Pena, and Aaron Brown.\n\n**Strategy for Minimum Vertex Cover:**\n- Users like Thomas Woods, Aaron Brown, Donald Miller, and Richard Pena have many connections, making them critical for the cover.\n- Including these users would cover a significant portion of the edges.\n\n**Minimum Vertex Cover:**\n[Thomas Woods, Aaron Brown, Donald Miller, Loretta Butler]\n\nThis set of users ensures that every friendship connection in the network has at least one user from this subset, and it is the smallest such subset based on the analysis of the connections."}, "76": {"deepseek": "[Eric Rodriguez, Corey Davis, Paul Blackburn]"}, "77": {"deepseek": "[Jeremy Russell, Adam Brown, Kyle Rangel, Laura Hall, Logan Bryant, Craig Sandoval]"}, "78": {"deepseek": "To solve the Minimum Vertex Cover problem for the given social network, we need to find the smallest set of users such that every friendship connection involves at least one user from this set.\n\n**Analysis of Friendship Connections:**\n1. Shelley Cole is connected to Jonathan Parsons and Diana Bartlett.\n2. Morgan Oconnor is connected to Allen Nash.\n3. Elizabeth Morgan is connected to Allen Nash.\n4. Diana Bartlett is connected to Jerry Sanders, Jonathan Parsons, Crystal Simpson, Amber Tanner, Jeanne Harris, and Allen Nash.\n5. Jonathan Parsons is connected to Shelley Cole, Diana Bartlett, and Allen Nash.\n6. Eric Gilmore is connected to Allen Nash.\n7. Other connections involve Allen Nash.\n\n**Strategy for Minimum Vertex Cover:**\n- Since Allen Nash is connected to multiple users (Morgan Oconnor, Elizabeth Morgan, Jonathan Parsons, and Eric Gilmore), including Allen Nash in the cover ensures that all these connections are covered.\n- Including Diana Bartlett covers her connections to Jerry Sanders, Jonathan Parsons, Crystal Simpson, Amber Tanner, Jeanne Harris, and Allen Nash.\n- Including Jonathan Parsons covers his connections to Shelley Cole, Diana Bartlett, and Allen Nash.\n\n**Minimum Vertex Cover:**\n[Allen Nash, Diana Bartlett, Jonathan Parsons]\n\nThis set of users ensures that every friendship connection in the network is covered by at least one user from the set."}, "79": {"deepseek": "[Linda Kirk, Christina Moore, Alexander Hughes, Joshua Lambert]"}, "80": {"deepseek": "[Bradley Wilson, Donna Brown, Rachel Davila]"}, "81": {"deepseek": "[Bruce Watson, Luis Aguirre, Denise Allen, Margaret Fisher, Wayne Harris]."}, "82": {"deepseek": "[Christina Moreno, Samuel Macias, Tammy Davis, Anthony Lee, Phillip Stanley]."}, "83": {"deepseek": "[Gina Robertson, Matthew Peterson, Brandi Higgins, Kimberly Johnston, Christian Ashley, David Lucero Jr.]"}, "84": {"deepseek": "[Robert Salinas, John Morales, Gregory Mendoza]"}, "85": {"deepseek": "[Dustin Schultz, Kristina Gibbs, Joe Johnson]"}, "86": {"deepseek": "[Jillian Bass, Debra Brown, Mercedes Powell, James Riley, Cindy Montoya]."}, "87": {"deepseek": "[Kyle Curry, Kristi Jenkins, Sandra Watts, Molly Ramos]"}, "88": {"deepseek": "[Alexis Horton, Ronald Rodriguez, Tony Ross]"}, "89": {"deepseek": "[Maria Wade, Dr. Joshua Day DDS, Brian Crawford, Jacqueline Ross]"}, "90": {"deepseek": "[Ashley James, Brenda Hart, Kenneth Newman]"}, "91": {"deepseek": "[Devon Hall, Ann Smith, Tom Fuller, Alexandra Nelson]"}, "92": {"deepseek": "[Kimberly Wright, Robert David, Christina Kelley]"}, "93": {"deepseek": "[Edwin Walters, Carolyn Barrett, Kathryn Jones]"}, "94": {"deepseek": "[Nicole Hickman, Joseph Knight, Karen Thompson]"}, "95": {"deepseek": "[Carrie Solis, Jeffrey Novak]"}, "96": {"deepseek": "[Cindy Dillon, Morgan Hicks, Stephen Frederick, Dr. Laurie Miller DVM, Peter Young, Ricky Hansen, Zachary Young, Mark Hernandez]."}, "97": {"deepseek": "[Sarah Smith, Ronald Lewis, Michael Powers]"}, "98": {"deepseek": "[Hannah Valentine, Eric Jenkins, Lori Long]"}, "99": {"deepseek": "[Brian Bowen, Amy Diaz, Matthew Fischer]"}, "100": {"deepseek": "[Bridget Reid, Keith Horne, Michele Valdez]"}, "101": {"deepseek": "[Sandra Dominguez, David White, Kathleen Smith, Michael Davis]"}, "102": {"deepseek": "To solve the Minimum Vertex Cover problem for the given social network, we need to find the smallest set of users such that every friendship connection involves at least one user from this set.\n\n**Analysis of Friendship Connections:**\n1. Christopher Johnson is connected to Aimee Hall, Kelly Martinez, Erik Dorsey, and Anthony Spencer.\n2. Madison Willis is connected to Amanda Williams.\n3. Kelly Martinez is connected to Aimee Hall, Amanda Williams, and Christopher Johnson.\n4. Erik Dorsey is connected to Aimee Hall and Christopher Johnson.\n5. Amanda Williams is connected to Madison Willis, Kelly Martinez, Mrs. Sharon Shaw, Brendan Houston, John Kirby, Michael Bolton, and Ruth Conrad.\n6. Barbara Leon is connected to Mrs. Sharon Shaw.\n\n**Strategy for Minimum Vertex Cover:**\n- Select users who are connected to multiple other users.\n- Ensure that by selecting these users, we cover as many edges as possible.\n\n**Selection:**\n1. Amanda Williams is connected to 7 other users, making her a critical node.\n2. Christopher Johnson is connected to 4 other users, also a critical node.\n3. Kelly Martinez is connected to 3 other users, including Amanda Williams and Christopher Johnson, which helps cover multiple edges.\n\nBy selecting these three users, we cover all the edges:\n- Amanda Williams covers connections to Madison Willis, Kelly Martinez, Mrs. Sharon Shaw, Brendan Houston, John Kirby, Michael Bolton, and Ruth Conrad.\n- Christopher Johnson covers connections to Aimee Hall, Kelly Martinez, Erik Dorsey, and Anthony Spencer.\n- Kelly Martinez covers connections to Aimee Hall, Amanda Williams, and Christopher Johnson.\n\n**Minimum Vertex Cover:**\n[Amanda Williams, Christopher Johnson, Kelly Martinez]\n\nThis selection ensures that every friendship connection in the network is covered by at least one of these users."}, "103": {"deepseek": "[Jose Burnett, Katherine Lucas, Alicia Miller, William Patterson, Nathan Jones, Kaitlin Mendoza, Kimberly Ramirez, Laura Lloyd, Allison Sanders, Laurie Burns, Valerie Smith, Michael Welch Jr., Troy Wilson]"}, "104": {"deepseek": "[Marcus Riggs, Roy Gonzales, Katherine Martinez, Christopher Thompson]"}, "105": {"deepseek": "[David Williams, Peter Hayes, Denise Garcia, Casey Fernandez, Juan Hawkins]"}, "106": {"deepseek": "[Mitchell Peterson, Cassandra Anderson, Christopher Ferguson, Dr. James Singleton, Trevor Carpenter, Dorothy Lopez MD, Carol Bennett, Amanda Hansen]"}, "107": {"deepseek": "[Jessica King MD, Deanna Gonzalez, Rachel Villa, Darrell Carter]"}, "108": {"deepseek": "[William Walker, Nicholas Dunn, James Haas, Kimberly Kim, William Livingston, Jonathan Ibarra, Lauren Griffith]."}, "109": {"deepseek": "[Mark Gordon, Diana Walker, Daniel Morgan, Krista Jones]"}, "110": {"deepseek": "[Nicole Wilson, Frank Greer, Laura Hawkins]"}, "111": {"deepseek": "[Eric Miller, David Dunn, Stacey Browning, Marissa Tanner]"}, "112": {"deepseek": "[Jasmine Farmer, Robert King, Joshua Booker]"}, "113": {"deepseek": "[Tracy Moss, John Martinez, Adrian Johns, Robert Brown]"}, "114": {"deepseek": "[Robert Avila, Kyle Bryant, Lori Anderson]"}, "115": {"deepseek": "[Daniel Williams, Mallory Andrade, David Diaz]"}, "116": {"deepseek": "[Rachel Griffin, Kayla Washington, Gabrielle Little, Ricky Cochran]"}, "117": {"deepseek": "[Caleb Garcia, Christina Carter, Kimberly Jones, Benjamin Williams]"}, "118": {"deepseek": "[Taylor Spencer, Amy Evans]"}, "119": {"deepseek": "[Kevin Harris, Colleen Lang, Amanda Gomez]"}, "120": {"deepseek": "[Katherine Erickson, Cassie Barrett, Keith Cox]"}, "121": {"deepseek": "[Shelly Garcia, Alexander Roberson, Michelle Martinez, Donna Kelly]"}, "122": {"deepseek": "[William Newman, Amy Joseph, Melissa Jordan, David Phillips]"}, "123": {"deepseek": "[Mark Allen, Taylor Baker, Ruth Landry, William Colon]"}, "124": {"deepseek": "[Christopher Durham, Catherine Guerra, Todd Ruiz, Joseph Hensley, Gabriel Peterson]"}, "125": {"deepseek": "[Robert Mendoza, Susan David, Megan Ball]"}, "126": {"deepseek": "[Carlos Garcia, Michael Gordon, Tiffany Good]"}, "127": {"deepseek": "[Kyle Green, Mike Owen, Charles Zhang]"}, "128": {"deepseek": "[Gary Henderson, Dr. John Bonilla]"}, "129": {"deepseek": "[Morgan Garcia, Mr. Robert Williams II, Sara Hall]"}, "130": {"deepseek": "[Justin Miller, Tammy Duran, Edward Riley]"}, "131": {"deepseek": "[Angela Valdez, Amy Hernandez, Patrick Mercer]"}, "132": {"deepseek": "[Christian Trevino, Ann Johnson, Kristin Mitchell, Sandra Chapman]"}, "133": {"deepseek": "[Daniel Young, Larry Wheeler, Kenneth Martin]"}, "134": {"deepseek": "[Beth Perry, Daniel Hammond]"}, "135": {"deepseek": "[Nancy Calhoun PhD, Ashley Hood, Nathan Lopez, Kayla Brown]"}, "136": {"deepseek": "[Andrew Gray, Toni Anderson DDS, Anne Davis, Sarah Hayes, Morgan Reid, Deanna Gomez, Donald Simon, Vincent Whitaker]."}, "137": {"deepseek": "[Vanessa Black, Allen Henderson, Whitney Douglas]"}, "138": {"deepseek": "[Jeffrey Ingram, Mark Herrera, Morgan Riley, Laura Noble]"}, "139": {"deepseek": "[Terry Joseph, Caitlin Haynes, Destiny Solis]"}, "140": {"deepseek": "[Robert Kelly, Monica Phillips, John Rowland]"}, "141": {"deepseek": "[Madison Choi, Janet Shelton, Jessica Friedman]."}, "142": {"deepseek": "[Stephanie Martin, Kimberly Lopez, Connie Yoder]"}, "143": {"deepseek": "[Jamie Lane, Cheryl Snow, Jennifer Moore]"}, "144": {"deepseek": "[Andrew Snyder, Lisa Maldonado, Nathan Baker]."}, "145": {"deepseek": "[Teresa Harrison, Leslie Wilson, Ryan Phillips]"}, "146": {"deepseek": "[Jillian Rodriguez, David Padilla, Laura Jimenez MD]"}, "147": {"deepseek": "[Bryan Ho, Mark Fry, Jonathan Patterson]"}, "148": {"deepseek": "[Eric White, Maria Greene, Dawn Craig, Lisa Garcia]"}, "149": {"deepseek": "[Jerry Friedman, Martin Nunez, Victoria Mitchell]"}, "150": {"deepseek": "[Evelyn Taylor, Morgan Smith, Erin Matthews]"}, "151": {"deepseek": "[Angel Foster, Ashley Petty, Kevin Clark]"}, "152": {"deepseek": "[Robert Hayes, Jasmine Brown]"}, "153": {"deepseek": "To solve the Minimum Vertex Cover problem for the given social network, we need to find the smallest set of users such that every friendship connection involves at least one user from this set. Here are the friendship connections and the users involved:\n\n- David Mendoza and Michael Nelson\n- Angela Sanders and Jeremy Scott\n- Angela Sanders and Michael Vincent\n- Angela Sanders and Michael Nelson\n- Angela Sanders and Miss Jennifer Rosario\n- Angela Sanders and Justin Ellis\n- Angela Sanders and James Mcgee Jr.\n- Michael Vincent and Jeremy Scott\n- Michael Vincent and Michael Nelson\n- Michael Vincent and Justin Ellis\n- Michael Nelson and Jeremy Scott\n- Michael Nelson and Miss Jennifer Rosario\n- Michael Nelson and Michael Compton\n- Michael Nelson and Justin Ellis\n- Michael Nelson and Edward Graham\n- Michael Nelson and Susan Green\n- Michael Nelson and James Mcgee Jr.\n- Jeremy Scott and Justin Ellis\n- Jeremy Scott and James Mcgee Jr.\n- James Mcgee Jr. and Justin Ellis\n\nFrom these connections, we can observe that Michael Nelson is connected to many other users. Including him in the vertex cover ensures that many edges are covered. Additionally, Angela Sanders and Jeremy Scott are also connected to multiple users. Including these three users in the vertex cover would cover all the edges.\n\nTherefore, the Minimum Vertex Cover for this network is:\n[Michael Nelson, Angela Sanders, Jeremy Scott]."}, "154": {"deepseek": "[Ashley Williams, Timothy Aguilar, David Greer, Justin Green, Matthew Hernandez]"}, "155": {"deepseek": "[Craig Padilla, Jessica Ramsey, Diana Cooper, Anthony Mcdonald, Gregory Benitez]."}, "156": {"deepseek": "[Fernando Turner, John Thomas, Jennifer Fuentes, Carlos Fuller, Nicholas Johnson]"}, "157": {"deepseek": "[Jordan Baker, Jaime Johnston, Mrs. Alexis Harrison, Michael Dalton, Wendy Wallace, Kathryn Mendoza]"}, "158": {"deepseek": "[Misty Torres, Karen Walters, Zoe Black, Jenna White, Luis Sanchez]"}, "159": {"deepseek": "[Keith Leonard, Matthew Ingram, Susan Reynolds, Ronald Thompson]"}, "160": {"deepseek": "[Justin Sparks, Christopher Mcmahon, Charles Thomas]"}, "161": {"deepseek": "[Yvonne Garcia, Emily Burns, Nicole Hanson, Carl Rivers]."}, "162": {"deepseek": "[Jasmine Evans, Ivan Williams, Kathleen Eaton]"}, "163": {"deepseek": "[Amy Perez, Gregory Frost, Emily Lewis]"}, "164": {"deepseek": "[Michael Malone, Natalie Goodman, Regina Mathews]"}, "165": {"deepseek": "[Vanessa Duffy, Zachary Blankenship, Patricia Ruiz, Nicole Cordova, Luke Cooper]"}, "166": {"deepseek": "[Kelsey Davis, Holly Smith, Julie Mcneil]"}, "167": {"deepseek": "[Bruce Mosley, David Hawkins, Natalie Rhodes, Christopher Watts]"}, "168": {"deepseek": "[Brittany Sosa, Maureen Winters, Zachary Leonard DVM, Chelsea Roberts, Robert Ward, Lisa Nelson]"}, "169": {"deepseek": "[Charles Ward, Nicholas Wolf DVM, Angela Rodriguez, Nancy Quinn]"}, "170": {"deepseek": "[Jennifer Brown, Karina Mendez, Kimberly Garcia]"}, "171": {"deepseek": "[Crystal Sanders, Edward Case, Julie Hall, Robert Grant]"}, "172": {"deepseek": "[Shawn Kerr, Wyatt Ferguson, Peter Richmond]"}, "173": {"deepseek": "[Travis Johnson, Stephen Yang, Paul Underwood, Dr. Tyler Johnson, Samuel Thomas]."}, "174": {"deepseek": "[Holly Reyes, Linda Sullivan, Joseph Reynolds, James Suarez]"}, "175": {"deepseek": "[Joy Ward, Jacqueline Kane, Alejandra Price, Dr. Elizabeth Burke, Rebecca Lam]"}, "176": {"deepseek": "[Kerry Miller, Michelle Bolton]"}, "177": {"deepseek": "[Angel Sanchez, Ana Douglas, Steven Adams, Mary Ali]"}, "178": {"deepseek": "[Justin Jones, Stephen Miller, Vanessa Evans]"}, "179": {"deepseek": "[Mr. Joshua Farmer, William Wilson, Karen Nash, Brian Johnson]"}, "180": {"deepseek": "[Brenda Drake, Justin Hubbard, Amy Rhodes]"}, "181": {"deepseek": "[Christina Diaz, Alyssa Mitchell, Dakota King, William Mann, Jeffery Garcia, Daniel Brown]"}, "182": {"deepseek": "[Christopher Sexton, Andrea Campos, Andrea Warren]"}, "183": {"deepseek": "[Tiffany Gray, Mr. Gary Mcdonald MD, Jesse Stark, Bryan David]"}, "184": {"deepseek": "[Kathy Galvan, Peter Lucas, Eric Pace, Kristine Taylor]"}, "185": {"deepseek": "[Benjamin Henderson, Christopher Hernandez, Victoria Davis]"}, "186": {"deepseek": "[Troy Mullins, Bonnie Greer, Angela Mcneil]"}, "187": {"deepseek": "[Ana Mays, Gary Martin, Andrea Norman, Laura Cook]"}, "188": {"deepseek": "[Melissa Hayes, Terry Howell, Austin Davis]"}, "189": {"deepseek": "[Dr. Rhonda Parker DDS, Julie Diaz, Alicia Kelley, Brittany Martinez, Michael Moore, Edward Gonzalez, Kirk May]"}, "190": {"deepseek": "[Gregory Garcia, Jeanette Young, Spencer Johnson, Amanda Carpenter]"}, "191": {"deepseek": "[Natalie Dennis, Justin James, Kaitlyn Martinez, Christopher Wilson, Jodi Bernard, Mr. Nicholas Mills, Christopher Martin, Nicholas Smith]"}, "192": {"deepseek": "[Margaret Vaughn, Courtney Reese, Sara Lopez]"}, "193": {"deepseek": "[Elizabeth Gardner, Michael Martinez, Kevin Quinn]"}, "194": {"deepseek": "[Robert Davis, Marco Rodriguez, Gail Johnson, Karl Johnson]"}, "195": {"deepseek": "[Evan Griffin, Matthew Brown, Manuel Monroe, Barbara Fletcher, Jonathan Bailey, Roberta Gay, Kristi Patel]"}, "196": {"deepseek": "[Nicole Jones, Kenneth Lewis, Nicole Barnes, Katie Coleman, Sarah Willis, Mary Davenport]."}, "197": {"deepseek": "[William Swanson, Carlos Kelly, Melanie Hayes]"}, "198": {"deepseek": "[Matthew Johnson, Andrew Sanchez, Juan Paul]"}, "199": {"deepseek": "[Joshua Poole, Kristin Gilmore, Brian Haley, Timothy Stout]"}, "200": {"deepseek": "[Ronald Conner, Andrew Walker, Gerald Callahan]"}, "201": {"deepseek": "[Jennifer Duran, Tiffany Wiggins, Terry Davis, Rodney Holland, Robert Lowery]."}, "202": {"deepseek": "[Carolyn Lloyd, Alejandro Allen, Cynthia Baker]"}, "203": {"deepseek": "[Andre Smith, Joseph White, Jennifer Ochoa, Margaret Sanders, Stephen Rich]"}, "204": {"deepseek": "[Sarah James, Laura Anderson, Billy Floyd DDS, Kelly Cross, Andrea Edwards, Ricky Parker, Victoria Simmons, Kelly Bartlett]"}, "205": {"deepseek": "[Melissa Williams, Gary Contreras, Bethany Klein]"}, "206": {"deepseek": "[Amanda Anderson, Cindy Russell, Christine Saunders]"}, "207": {"deepseek": "[Brandon Lewis, Teresa Lucas, Molly Blackwell]"}, "208": {"deepseek": "[Gabriel Hall, David Owens, Jennifer Hampton, Robert Fox]"}, "209": {"deepseek": "[Michelle Watkins, Tonya Haas, Ryan Reynolds, Jeremy Schwartz]."}, "210": {"deepseek": "[John Rowe, Amanda Davis, Erin Spears]"}, "211": {"deepseek": "[Heather Hernandez, Jill Villegas, Brenda Duran]"}, "212": {"deepseek": "[Shannon Adams, Penny Mcmahon, Robert Miller, Samantha Crosby, Michael Adams, Diana Gibson]"}, "213": {"deepseek": "[Katherine Woods, Jordan Rocha, Kelly Wood]"}, "214": {"deepseek": "[Stacy Beard, Kelly Hernandez, Amy Scott, Lisa Graham, Patricia Moore, James Edwards]"}, "215": {"deepseek": "[Travis Ferguson, Brian Schroeder, Aaron Ingram, Mark Russell, James Ortiz]."}, "216": {"deepseek": "[Dr. Justin Newton, Elizabeth Sullivan, Cody Miller]"}, "217": {"deepseek": "[Taylor Cox, Jennifer Juarez, Amy Young, Elizabeth Williams]"}, "218": {"deepseek": "[David Smith, Ryan Solis, Nancy Johnson, Regina Parker]."}, "219": {"deepseek": "To solve the Minimum Vertex Cover problem for the given social network, we need to find the smallest set of users such that every friendship connection involves at least one user from this set. Analyzing the connections, we can identify key users who are connected to multiple others, which can help minimize the vertex cover.\n\nHere are the key connections:\n- Jeffrey Kelley is connected to Andrea White, Christine Li, Ethan Brown Jr., Richard Hardy, Kari Brown, and Ronnie Mccormick.\n- Mrs. Stephanie Walsh is connected to Christine Li and Kari Brown.\n- Douglas Mckinney is connected to Andrea White, Christine Li, Kari Brown, and Katherine Cooper.\n- Peter Hudson is connected to Andrea White and Christine Li.\n- Melissa Perez is connected to Ethan Brown Jr., Andrea White, Christine Li, Richard Hardy, and Ronnie Mccormick.\n- Richard Hardy is connected to Ethan Brown Jr., Christine Li, Kari Brown, and Ronnie Mccormick.\n- Christine Li is connected to Jeffrey Kelley, Mrs. Stephanie Walsh, Douglas Mckinney, Peter Hudson, Melissa Perez, Richard Hardy, Ethan Brown Jr., Andrea White, Daniel Townsend, Katherine Cooper, and Kari Brown.\n- Andrea White is connected to Jeffrey Kelley, Douglas Mckinney, Peter Hudson, Melissa Perez, Christine Li, Ethan Brown Jr., and Daniel Townsend.\n- Kari Brown is connected to Jeffrey Kelley, Mrs. Stephanie Walsh, Douglas Mckinney, Melissa Perez, Richard Hardy, Christine Li, and Daniel Townsend.\n- Ethan Brown Jr. is connected to Jeffrey Kelley, Melissa Perez, Richard Hardy, Christine Li, and Andrea White.\n- Katherine Cooper is connected to Douglas Mckinney, Christine Li, and Daniel Townsend.\n- Ronnie Mccormick is connected to Jeffrey Kelley, Melissa Perez, Richard Hardy, Christine Li, and Ethan Brown Jr.\n- Daniel Townsend is connected to Christine Li, Andrea White, Kari Brown, and Katherine Cooper.\n\nFrom these connections, we can see that Christine Li, Andrea White, and Kari Brown are central to many connections. Including these three users in the vertex cover ensures that many edges are covered. Additionally, including Jeffrey Kelley and Ethan Brown Jr. covers the remaining edges involving these users.\n\nThus, the Minimum Vertex Cover for this network is:\n[Christine Li, Andrea White, Kari Brown, Jeffrey Kelley, Ethan Brown Jr.]"}, "220": {"deepseek": "[Brittany Sullivan, Christopher Garcia, Victor Thomas, Matthew Perez]"}, "221": {"deepseek": "[Kim Martinez, Robert Cooper, Jennifer Roman]"}, "222": {"deepseek": "[Tracy Anderson, Jamie Smith, Martin Brooks, Nicole English, Kristina Turner]"}, "223": {"deepseek": "[Emily Garcia, Sheri Herrera, Jennifer Fletcher]"}, "224": {"deepseek": "[Mark Brown, Sarah Richard, Eric Henry]"}, "225": {"deepseek": "[Anita Hernandez, Christina Moore, Alexander Snow, Jeffrey Castro]"}, "226": {"deepseek": "[Sheila Cantu, Christine Hart, Douglas Jones]"}, "227": {"deepseek": "[Anthony Alvarez, Krista Robinson, Hector Hughes, Jordan Chung, Frank Nichols]"}, "228": {"deepseek": "To solve the Minimum Vertex Cover problem for the given social network, we need to find the smallest set of users such that every friendship connection involves at least one user from this set.\n\n**Analysis of Friendship Connections:**\n1. Emma Scott and Paul Jenkins\n2. Don Garcia and Matthew Garrett\n3. Don Garcia and Paul Jenkins\n4. Michael Castro and Adam Norris\n5. Michael Castro and Paul Jenkins\n6. Monica Alvarez and Paul Jenkins\n7. Paul Jenkins and Danny Adams\n8. Paul Jenkins and Paul Miller\n9. Matthew Garrett and Adam Norris\n\n**Identifying Key Users:**\n- Paul Jenkins is involved in connections 1, 3, 5, 6, 7, and 8.\n- Matthew Garrett is involved in connections 2 and 9.\n- Adam Norris is involved in connections 4 and 9.\n\n**Solution:**\nTo cover all connections, we need to include Paul Jenkins, Matthew Garrett, and Adam Norris. These three users cover all the listed connections.\n\n**Minimum Vertex Cover:**\n[Paul Jenkins, Matthew Garrett, Adam Norris]"}, "229": {"deepseek": "[Deanna Duran, Sarah Moses, Taylor White]"}, "230": {"deepseek": "[Kari Noble, Katherine Jensen, Lisa Hill]"}, "231": {"deepseek": "[Marie Schultz, Reginald Gomez, Michael Mitchell]"}, "232": {"deepseek": "[Tiffany Lindsey, Mrs. Jamie Wilcox, Jessica Blake]"}, "233": {"deepseek": "[Jenna Stevens, Robert Johnson, Joel Bowers]"}, "234": {"deepseek": "To solve the Minimum Vertex Cover problem in the given social network, we need to find the smallest set of users such that every friendship connection involves at least one user from this set. Here are the friendship connections and the analysis to find the minimum vertex cover:\n\n- Donald Thompson and Breanna Shaw\n- Ian Miller and Samuel George\n- Ian Miller and Adam Walker\n- Ian Miller and Hailey Andrade\n- Ian Miller and Dr. Kathryn Mccarty\n- Ian Miller and Connie Bryan\n- Lisa Reid and Breanna Shaw\n- Breanna Shaw and Adam Walker\n- Breanna Shaw and Zachary Long\n- Breanna Shaw and Tammy Martin\n- Breanna Shaw and Faith Carter\n- Breanna Shaw and Connie Bryan\n- Crystal Watts and Dr. Kathryn Mccarty\n- Hailey Andrade and Samuel George\n- Connie Bryan and Dr. Kathryn Mccarty\n- Samuel George and Dr. Kathryn Mccarty\n- Faith Carter and Adam Walker\n\nFrom these connections, we can observe that:\n- Ian Miller is connected to Samuel George, Adam Walker, Hailey Andrade, Dr. Kathryn Mccarty, and Connie Bryan.\n- Breanna Shaw is connected to Donald Thompson, Lisa Reid, Adam Walker, Zachary Long, Tammy Martin, Faith Carter, and Connie Bryan.\n- Dr. Kathryn Mccarty is connected to Ian Miller, Crystal Watts, Connie Bryan, and Samuel George.\n- Adam Walker is connected to Ian Miller, Breanna Shaw, and Faith Carter.\n\nTo cover all edges, we can select:\n- Ian Miller to cover his connections with Samuel George, Adam Walker, Hailey Andrade, Dr. Kathryn Mccarty, and Connie Bryan.\n- Breanna Shaw to cover her connections with Donald Thompson, Lisa Reid, Adam Walker, Zachary Long, Tammy Martin, Faith Carter, and Connie Bryan.\n- Dr. Kathryn Mccarty to cover her connections with Ian Miller, Crystal Watts, Connie Bryan, and Samuel George.\n\nThus, the Minimum Vertex Cover is:\n[Ian Miller, Breanna Shaw, Dr. Kathryn Mccarty]"}, "235": {"deepseek": "[Cynthia Abbott, Derrick Garcia, Erika Garcia, Melinda Garcia]"}, "236": {"deepseek": "[Kristen Scott, Richard Gonzales, Cameron Reid, Nicole Gill, Michael Wu, Monica Medina]"}, "237": {"deepseek": "To solve the Minimum Vertex Cover problem for the given social network, we need to find the smallest set of users such that every friendship connection involves at least one user from this set. Here are the friendship connections and the users involved:\n\n- Christopher Sexton and Rebecca Forbes\n- Christopher Sexton and Sabrina Cruz\n- Sabrina Cruz and Jennifer Sutton\n- Sabrina Cruz and Benjamin Lambert\n- Benjamin Lambert and Isabel Hunter\n- Benjamin Lambert and Aaron Johnson\n- Benjamin Lambert and Tina Green\n- Benjamin Lambert and Adrian Pena\n- Benjamin Lambert and Cory Hawkins\n- Benjamin Lambert and Rebecca Forbes\n- Benjamin Lambert and Jennifer Sutton\n- Benjamin Lambert and Brenda Boyd\n- Rebecca Forbes and Aaron Johnson\n- Rebecca Forbes and Cory Hawkins\n- Rebecca Forbes and Jennifer Sutton\n- Rebecca Forbes and Brenda Boyd\n- Aaron Johnson and Alexander Nelson\n- Aaron Johnson and Isabel Hunter\n- Aaron Johnson and Jennifer Sutton\n- Aaron Johnson and Brenda Boyd\n- Cory Hawkins and Isabel Hunter\n- Cory Hawkins and Tina Green\n- Cory Hawkins and Adrian Pena\n- Cory Hawkins and Jennifer Sutton\n- Tina Green and Isabel Hunter\n- Tina Green and Adrian Pena\n- Jennifer Sutton and Isabel Hunter\n- Jennifer Sutton and Brenda Boyd\n- Adrian Pena and Isabel Hunter\n\nFrom the connections, we can observe that Benjamin Lambert is connected to almost everyone, and Jennifer Sutton is also connected to many users. By selecting these two users, we can cover a significant number of edges. Additionally, selecting Christopher Sexton and Rebecca Forbes covers the remaining edges not covered by Benjamin Lambert and Jennifer Sutton.\n\nThus, the Minimum Vertex Cover for this network is:\n[Benjamin Lambert, Jennifer Sutton, Christopher Sexton, Rebecca Forbes]."}, "238": {"deepseek": "[Jesse Alexander, Carlos Werner, Jesus West, Stephanie Vasquez, Sharon Johnson, Christopher Robbins, Steven Chavez]."}, "239": {"deepseek": "[Damon Ochoa, Jessica Acosta, Robert Reeves]"}, "240": {"deepseek": "[Susan Dunn, Scott Arnold, Christopher Patrick, Eduardo Garcia, Cheryl Jones]"}, "241": {"deepseek": "[Evan Johnson, Mr. Ryan Warren, Bryan Williams]."}, "242": {"deepseek": "[Steven Roy, Eduardo Johnston, Maria Hanson]"}, "243": {"deepseek": "[Jennifer Meyer, Mrs. Susan Boyd, Donald Hughes, Heather Hernandez, Sheena Colon, Heather Evans, William Russell, Amanda Hall]"}, "244": {"deepseek": "To find the Minimum Vertex Cover for the given social network, we need to select a subset of users such that every friendship connection is covered by at least one user from this subset. Here are the friendship connections and the analysis to find the minimum vertex cover:\n\n- Darryl Wilcox and Jonathan Murillo\n- Jonathan Murillo and Linda Clark\n- Jonathan Murillo and Alexis Shaffer\n- Jonathan Murillo and Patricia Jones\n- Jonathan Murillo and Lauren Harris\n- Jonathan Murillo and Robert Morris\n- Jonathan Murillo and Renee Wiley\n- Jonathan Murillo and Morgan Sullivan\n- Jonathan Murillo and Christopher Montoya\n- Alexis Shaffer and Linda Clark\n- Alexis Shaffer and Patricia Jones\n- Alexis Shaffer and Lauren Harris\n- Alexis Shaffer and Robert Morris\n- Alexis Shaffer and Renee Wiley\n- Robert Morris and Linda Clark\n- Robert Morris and Lauren Harris\n- Renee Wiley and Linda Clark\n- Linda Clark and Lauren Harris\n\nFrom the connections, we can observe that Jonathan Murillo is connected to almost every other user. Therefore, selecting Jonathan Murillo would cover many edges. Additionally, selecting users who are connected to multiple others not connected by Jonathan Murillo would complete the cover.\n\nThe Minimum Vertex Cover for this network is:\n[Jonathan Murillo, Alexis Shaffer, Robert Morris, Linda Clark, Lauren Harris]"}, "245": {"deepseek": "[Sarah Horn, Shannon Garner, Michael Newton, Barbara Joseph]"}, "246": {"deepseek": "[Sharon Montgomery, Alex Phillips, William Lewis, Kristin Atkinson]"}, "247": {"deepseek": "[Dr. Robert Sosa, Angel Bell, Vanessa Clay, Christopher Macias]"}, "248": {"deepseek": "[Darius Owen, Joshua Walker, Valerie Roberts, Dawn Kim]"}, "249": {"deepseek": "[Jennifer Anderson MD, Thomas Cochran, Susan Briggs]"}, "250": {"deepseek": "To find the Minimum Vertex Cover for the given social network, we need to select a subset of users such that every friendship connection is covered by at least one user from this subset. Here are the steps to identify the Minimum Vertex Cover:\n\n1. **Identify key nodes with high connectivity**: Nodes that are connected to many other nodes are likely to be part of the minimum vertex cover.\n2. **Select nodes strategically**: Choose nodes that cover the maximum number of edges.\n\nFrom the given friendship connections, we can observe the following:\n- **Thomas Taylor** is connected to 12 other users.\n- **Kim Bishop** is connected to 7 other users.\n- **Joshua Walker** is connected to 7 other users.\n- **Michael Deleon** is connected to 6 other users.\n- **Jacqueline Edwards** is connected to 6 other users.\n- **Jennifer Strong** is connected to 6 other users.\n- **Kathleen Garcia** is connected to 7 other users.\n- **Aaron Macdonald** is connected to 7 other users.\n- **Joseph Allen III** is connected to 6 other users.\n\n**Strategic Selection**:\n- **Thomas Taylor** covers many edges and is essential.\n- **Kim Bishop** and **Kathleen Garcia** together cover many edges involving other users.\n- **Aaron Macdonald** and **Joseph Allen III** are also well-connected and should be included.\n\n**Minimum Vertex Cover**:\n- [Thomas Taylor, Kim Bishop, Kathleen Garcia, Aaron Macdonald, Joseph Allen III]\n\nThis selection ensures that every friendship connection in the network is covered by at least one user from the chosen subset."}, "251": {"deepseek": "[Mary Collins, Gary Norton, Tina Reyes, Sarah Cox, Benjamin Vargas]"}, "252": {"deepseek": "[Caleb Vasquez, Keith Davis, Ryan Norman]"}, "253": {"deepseek": "[Teresa Blair, Paul Stewart, Mrs. Casey Adams]"}, "254": {"deepseek": "[Carol Jones, Amy Mcclain, Jeffrey Garcia]"}, "255": {"deepseek": "[Shirley Gibbs, Gary Simon, Tiffany Hamilton]"}, "256": {"deepseek": "[Susan Wagner, Mrs. Kelly Steele]"}, "257": {"deepseek": "[Kristy Williams, Mr. Nicholas Palmer, Michael Young, Travis Harper, Johnny Munoz, Jessica Adams, Earl Perez, Mr. Eric Hudson, Jennifer Richmond, Joseph Johnson]."}, "258": {"deepseek": "[Jason Chen, Christina Kennedy, Francisco Peterson]"}, "259": {"deepseek": "[James Miller, Denise Griffin, Jeffery Campbell, Willie Crane]"}, "260": {"deepseek": "[Adam Carlson, Dr. Elizabeth Grant MD, David Lowe]"}, "261": {"deepseek": "[Monica Bush, Christine Moore, Wesley Dunn, Reginald Mueller, Michael Henry, Tiffany Martinez, Susan Wright, Matthew Hughes, Megan Huber]."}, "262": {"deepseek": "[Christine Pennington, John Davis, Brandon Gibson, Kevin King]."}, "263": {"deepseek": "[Melinda Thompson, Sydney Gonzalez, James Barron]"}, "264": {"deepseek": "[Sophia Kerr, Brandy Garcia, John Garcia]"}, "265": {"deepseek": "[Sarah Rivera, Jennifer Lopez, Robert Webster]"}, "266": {"deepseek": "To find the Minimum Vertex Cover for the given social network, we need to select the smallest set of users such that every friendship connection involves at least one of these users. Analyzing the friendship connections provided:\n\n- Vanessa Moore is connected to Jason Sullivan, Kerri Fritz, Clarence Carpenter, and Tonya Thompson.\n- Dawn Stevens is connected to Jason Sullivan, Tonya Thompson, and Emily Charles.\n- Clarence Carpenter is connected to Vanessa Moore, Jason Sullivan, Kerri Fritz, and Tonya Thompson.\n- Emily Charles is connected to Dawn Stevens, Jason Sullivan, Kerri Fritz, and Tonya Thompson.\n- Tonya Thompson is connected to Vanessa Moore, Dawn Stevens, Clarence Carpenter, Emily Charles, Matthew Brown, Nancy Olsen, Kimberly Delgado, and Jason Sullivan.\n- Jason Sullivan is connected to Vanessa Moore, Dawn Stevens, Clarence Carpenter, Emily Charles, Tonya Thompson, and Kimberly Delgado.\n- Kerri Fritz is connected to Vanessa Moore, Clarence Carpenter, Emily Charles, and Jason Sullivan.\n\nFrom these connections, we can see that Tonya Thompson and Jason Sullivan are involved in the most connections. By selecting these two, we cover a significant portion of the network. Additionally, selecting Clarence Carpenter covers his connections to Vanessa Moore, Jason Sullivan, Kerri Fritz, and Tonya Thompson. This leaves only the connections involving Dawn Stevens and Emily Charles, which can be covered by selecting either Dawn Stevens or Emily Charles.\n\nThus, the Minimum Vertex Cover for this network is:\n[Tonya Thompson, Jason Sullivan, Clarence Carpenter, Dawn Stevens]."}, "267": {"deepseek": "[Julie Mcgee, Mr. Christopher Miller, Lindsey Turner MD]"}, "268": {"deepseek": "[Matthew Cross, Robyn Clark, William Simmons, Charles Obrien]"}, "269": {"deepseek": "[Gary Gonzalez, Robert Miller, Stephen Cook]"}, "270": {"deepseek": "[John Evans, Lisa Romero DVM, James Morris]"}, "271": {"deepseek": "[Joshua Powell, Carla Howard, Alyssa Austin]"}, "272": {"deepseek": "[Adam Bryant, Gregory Lewis, Traci Petersen, Cody Peterson, Tamara Atkinson]."}, "273": {"deepseek": "[Joseph Hamilton, Jeffery Mitchell, Joe Lewis, Nicholas Green]"}, "274": {"deepseek": "[Daniel Ramirez, Heather Scott, Teresa Lester, Kimberly Baker, Nicole Mcgee, Ryan Martinez]"}, "275": {"deepseek": "[Ray Martin, Stephanie Murphy, Kelly Pearson, Amanda Barrett]"}, "276": {"deepseek": "[Chad Brown, Joseph Mills, Amy Garcia]"}, "277": {"deepseek": "[Joshua Peterson, Susan Sanchez]"}, "278": {"deepseek": "[Eric Jackson, Lisa Moore, Benjamin Bass, Andrea Wheeler]."}, "279": {"deepseek": "[Cody Silva, Dennis Meyer, Katherine Lee, Matthew Sullivan]"}, "280": {"deepseek": "[Haley May, Lisa Ingram, Stephen Wade, Julie Lee]"}, "281": {"deepseek": "[Kenneth Harrison, Joan Howard, Andrea Brewer, Tara Wells, Gabriella Rodriguez, Dr. James Ford, Trevor Clark, Patrick Meyer]."}, "282": {"deepseek": "[Gary Andrade, Brooke Hampton, Cassandra Deleon, Thomas Mathews, Gabriel Rice, Mary Phillips, Peter Hill, Matthew Silva]"}, "283": {"deepseek": "[Karen Ruiz, Stacey Bell, Autumn Reed]"}, "284": {"deepseek": "[Erika Rose, Pam Schroeder, Alison Barrett, Ryan Hayes]"}, "285": {"deepseek": "[Julia Holmes, Ruth Williams, Jeffrey White, Linda Robertson, Melissa Green]"}, "286": {"deepseek": "[Jennifer Camacho, Sandra Davis, Gary Gomez]"}, "287": {"deepseek": "[William Morse, James Johnson, Victoria Johnson MD]."}, "288": {"deepseek": "[Jeffrey Mccarthy, Kurt Ramos, Wayne Gonzalez]"}, "289": {"deepseek": "[Christine Scott, Jeffrey Bowers, Janice Haynes]"}, "290": {"deepseek": "[Robert Thomas, Cynthia Christensen, Heather Pitts]"}, "291": {"deepseek": "[Christine Pena, John Ford, Michael Cook]"}, "292": {"deepseek": "[Michelle Kennedy, Joshua Martinez, Patricia Weber, Heather Gonzalez]"}, "293": {"deepseek": "[Dr. Zachary Williams, Jennifer Anderson MD, Gregory Salinas, Susan Briggs]"}, "294": {"deepseek": "[Eric Brown, Felicia Johnson, Christopher Baldwin]"}, "295": {"deepseek": "[Anthony Hill, Pamela Ware, Gary King, Kendra Bowman]"}, "296": {"deepseek": "[Matthew Wilson, Christopher Garcia, Andrea Freeman, Charles Barnett]."}, "297": {"deepseek": "[Greg Chan, Kayla Brewer, Sheila Cox, Mason Wilson]"}, "298": {"deepseek": "[Jerry Pace, Zachary Bowers, Lindsey Robbins]"}, "299": {"deepseek": "[Dr. Joshua Grant, Michelle Moore, Megan Meyer, Pamela Jensen]."}, "300": {"deepseek": "[Shawn Mejia, Tommy Gutierrez, Sandra Lopez]"}, "301": {"deepseek": "[Crystal Christian, Beth Gordon, Carla Garner]"}, "302": {"deepseek": "To solve the Minimum Vertex Cover problem for the given social network, we need to find the smallest set of users such that every friendship connection involves at least one user from this set.\n\n**Analysis of Friendship Connections:**\n1. Tracey Villa is connected to Tiffany Warren, Amber Davis, and Christina Burns.\n2. Erin Salinas is connected to Betty Adams DVM and Christina Burns.\n3. Brian Reeves is connected to Sarah Cisneros, Stephanie Rivera, Betty Adams DVM, and Christina Burns.\n4. Sarah Cisneros is connected to Betty Adams DVM.\n5. Christina Burns is connected to Tracey Villa, Erin Salinas, Brian Reeves, Danielle Taylor, Darius Allen, David Jacobson, and Betty Adams DVM.\n6. Betty Adams DVM is connected to Erin Salinas, Brian Reeves, Sarah Cisneros, and Stephanie Rivera.\n7. Darius Allen is connected to Christina Burns and Amber Davis.\n8. Danielle Taylor is connected to Christina Burns, Stephanie Rivera, and Amber Davis.\n9. David Jacobson is connected to Christina Burns.\n10. Stephanie Rivera is connected to Brian Reeves, Betty Adams DVM, and Danielle Taylor.\n11. Amber Davis is connected to Tracey Villa, Darius Allen, and Danielle Taylor.\n\n**Strategy for Minimum Vertex Cover:**\n- Users like Christina Burns and Betty Adams DVM are central to many connections. Including them in the cover would cover many edges.\n- Users like Brian Reeves and Stephanie Rivera also connect to multiple users.\n\n**Minimum Vertex Cover:**\n- [Christina Burns, Betty Adams DVM, Brian Reeves, Amber Davis]\n\nThis set ensures that every friendship connection is covered by at least one user from the set. For example, Christina Burns covers connections with Tracey Villa, Erin Salinas, Brian Reeves, Danielle Taylor, Darius Allen, David Jacobson, and Betty Adams DVM. Betty Adams DVM covers connections with Erin Salinas, Brian Reeves, Sarah Cisneros, and Stephanie Rivera. Brian Reeves covers connections with Sarah Cisneros, Stephanie Rivera, and Christina Burns. Amber Davis covers connections with Tracey Villa, Darius Allen, and Danielle Taylor."}, "303": {"deepseek": "[Todd Hernandez, Dennis Houston, Preston Atkins]"}, "304": {"deepseek": "[Carrie Griffith DDS, Michael Pena, Frances Johnson]"}, "305": {"deepseek": "[Tina Hawkins, Jesus Castro, Scott Sharp]"}, "306": {"deepseek": "[Patricia Russell, Wesley Oliver, Robert Shaw, Sheila Brown]"}, "307": {"deepseek": "[Christopher Miller, Ashley Ferrell, Carrie Nelson]"}, "308": {"deepseek": "[Kimberly Sanchez, Tyler Clark MD, Jaclyn Johnson]"}, "309": {"deepseek": "[William Fuller, Laurie Perry, Amber Jensen, Justin Collins, Samuel Garrett, Alexandria Forbes, William Arnold, Melinda Morgan, Tiffany Powers]."}, "310": {"deepseek": "[Daniel Potts, Nicole Robinson, Kelsey Wilcox, Michael Carter, Vanessa Berg, Scott Mccormick, Christopher Price, Christine White]."}, "311": {"deepseek": "[Jessica Donaldson, Laura Davis, Gary West, Melissa Young]"}, "312": {"deepseek": "[Edwin Larson, Gavin Parks, Elizabeth Beck, Jose Nelson]"}, "313": {"deepseek": "[Chelsea Nunez, Justin Peterson, Bryan White, Pamela Wilcox]"}, "314": {"deepseek": "[Meghan Daugherty, Danielle Day, Lisa Glover]"}, "315": {"deepseek": "To solve the Minimum Vertex Cover problem for the given social network, we need to find the smallest set of users such that every friendship connection involves at least one user from this set.\n\n**Analysis of Friendship Connections:**\n1. Brandon Thomas and James Newton\n2. Charles Stanton and Dylan Carpenter\n3. Charles Stanton and James Newton\n4. James Newton and Sherri Mora\n5. James Newton and Kristin Harrington\n6. James Newton and Barbara Rodriguez\n7. James Newton and Dylan Carpenter\n8. James Newton and Caleb Brown\n9. Dylan Carpenter and Caleb Brown\n10. Barbara Rodriguez and Caleb Brown\n\n**Strategy:**\n- James Newton is connected to 7 other users, making him a critical node.\n- Dylan Carpenter is connected to 3 other users, including James Newton and Caleb Brown.\n- Caleb Brown is connected to 3 other users, including James Newton and Dylan Carpenter.\n\n**Solution:**\nBy selecting James Newton, we cover 7 connections. Adding Dylan Carpenter covers the connection between Dylan and Charles Stanton, and adding Caleb Brown covers the remaining connections involving Dylan Carpenter and Barbara Rodriguez.\n\n**Minimum Vertex Cover:**\n[James Newton, Dylan Carpenter, Caleb Brown]"}, "316": {"deepseek": "[Thomas Navarro, Kimberly Lloyd, Dawn Carter, Christopher Ponce]"}, "317": {"deepseek": "[Scott Oconnor, Eric Simmons DVM, Jennifer Perez]"}, "318": {"deepseek": "[Suzanne James, John Wilson, Lawrence Woods]"}, "319": {"deepseek": "[William Little, Barbara Jones, Terri Summers, Larry Wall]"}, "320": {"deepseek": "[Brian Warren, Mrs. Mary Elliott, Joseph Parker]"}, "321": {"deepseek": "[Holly Nelson]"}, "322": {"deepseek": "[Cathy Joseph PhD, Benjamin Mcintyre, Lauren Baker]"}, "323": {"deepseek": "[Jennifer Gonzalez, Carl Davidson, Rebecca Diaz, Christian Todd]"}, "324": {"deepseek": "[Jack Love, Rachel Lewis, Ashley Taylor]"}, "325": {"deepseek": "[Scott Cortez, Eric Smith, Annette Nolan]"}, "326": {"deepseek": "[Allison Kelly, Hannah Rodgers, Sara Moore]"}, "327": {"deepseek": "[Tracey Morgan, Stacy Rogers, Jamie Rodriguez]"}, "328": {"deepseek": "[Kara Morrow, Timothy Reynolds, Linda Davila]"}, "329": {"deepseek": "[Gary Charles, Amber Miller, Melissa Randall, Victoria Macdonald]"}, "330": {"deepseek": "[Paul Calhoun, Diana Jones, Andrea Strickland]"}, "331": {"deepseek": "[Caroline Johnson, Loretta Baker]"}, "332": {"deepseek": "[Diane Stokes, Mr. Michael Thompson, Christina Jackson, Gabrielle Rogers]"}, "333": {"deepseek": "[Jack Miranda, Eric Coleman, Brandy Harris]"}, "334": {"deepseek": "To solve the Minimum Vertex Cover problem for the given social network, we need to find the smallest set of users such that every friendship connection involves at least one user from this set.\n\n**Analysis of the Network:**\n- Users: Donna Savage, Phillip Ellis, Sabrina Greer, Christopher Brown, Suzanne Stafford, Jenna Montgomery, Vernon Neal.\n- Friendship connections:\n  - Donna Savage: Vernon Neal, Jenna Montgomery\n  - Phillip Ellis: Vernon Neal\n  - Sabrina Greer: Vernon Neal, Christopher Brown, Suzanne Stafford, Jenna Montgomery\n  - Christopher Brown: Vernon Neal, Suzanne Stafford, Jenna Montgomery\n  - Suzanne Stafford: Vernon Neal, Christopher Brown\n  - Jenna Montgomery: Donna Savage, Vernon Neal, Sabrina Greer, Christopher Brown\n  - Vernon Neal: Donna Savage, Phillip Ellis, Sabrina Greer, Christopher Brown, Suzanne Stafford, Jenna Montgomery\n\n**Strategy for Finding the Minimum Vertex Cover:**\n1. Identify users with the most connections.\n2. Select users such that their removal minimizes the number of remaining edges.\n\n**Solution:**\n- Vernon Neal is connected to all other users except Phillip Ellis.\n- Jenna Montgomery is connected to all users except Phillip Ellis and Sabrina Greer.\n- Sabrina Greer and Christopher Brown are both connected to Vernon Neal, Jenna Montgomery, and Suzanne Stafford.\n\nBy selecting Vernon Neal and Jenna Montgomery, we cover all the edges except those between Sabrina Greer and Christopher Brown, and between Sabrina Greer and Suzanne Stafford. Adding either Sabrina Greer or Christopher Brown (or both if necessary) will cover these remaining edges.\n\n**Minimum Vertex Cover:**\n[Vernon Neal, Jenna Montgomery, Sabrina Greer]\n\nThis selection ensures that every friendship connection in the network involves at least one user from the set [Vernon Neal, Jenna Montgomery, Sabrina Greer]."}, "335": {"deepseek": "[Kenneth Huerta, Mary Garcia, Raymond Hoffman]"}, "336": {"deepseek": "[Tracy Morales, Taylor Pitts, Matthew Mcclure, Brittany Lopez, Jeremy Aguirre, Stephen Hale, Lauren Peterson, Ricky Kirby]."}, "337": {"deepseek": "[Cody Thompson, Greg Davis, Christopher Mcdowell]"}, "338": {"deepseek": "[Christine Gibson, Regina Wood, Angela Perry, Paul Rogers, Tina Bryan DVM]."}, "339": {"deepseek": "To find the Minimum Vertex Cover for the given social network, we need to identify a smallest set of users such that every friendship connection involves at least one user from this set.\n\n**Analysis of Friendship Connections:**\n1. Christine Grant is connected to George Blankenship, Eric Martinez, and Raymond Stout.\n2. Jessica Mercado is connected to Alex Gonzalez, Eric Martinez, and Raymond Stout.\n3. Dr. Heather Miller is connected to Lisa Perkins DDS, George Blankenship, Eric Martinez, and Raymond Stout.\n4. Eric Martinez is connected to Jerry Butler, Lisa Perkins DDS, George Blankenship, Alex Gonzalez, and Raymond Stout.\n5. Other connections include Alex Gonzalez to George Blankenship, Lisa Perkins DDS to Raymond Stout, and George Blankenship to Raymond Stout.\n\n**Strategy for Minimum Vertex Cover:**\n- Eric Martinez is involved in the most connections (7), making him a critical node.\n- Christine Grant, Jessica Mercado, and Dr. Heather Miller all have connections that overlap with Eric Martinez's connections.\n- George Blankenship and Raymond Stout are also involved in multiple connections.\n\n**Solution:**\n- Include Eric Martinez, as he covers multiple connections.\n- Include George Blankenship, as he is connected to multiple users not directly connected to Eric Martinez.\n- Include Raymond Stout, as he is also connected to multiple users not directly connected to Eric Martinez.\n\n**Minimum Vertex Cover:**\n[Eric Martinez, George Blankenship, Raymond Stout]\n\nThis set ensures that every friendship connection in the network is covered by at least one user from the set."}, "340": {"deepseek": "[John Abbott, Alexandra Moore, Natasha Hensley]"}, "341": {"deepseek": "[Anna Bowman, Bianca Weaver, Kara Stone MD]"}, "342": {"deepseek": "[Samuel Hester]"}, "343": {"deepseek": "To solve the Minimum Vertex Cover problem for the given social network, we need to find the smallest set of users such that every friendship connection involves at least one user from this set.\n\n**Analysis of Friendship Connections:**\n1. Joshua Marks is connected to Tracey Howell and Jade Lewis.\n2. Claudia Blake is connected to Tracey Howell.\n3. Richard Barrett DVM is connected to Guy Melton DDS, Dustin Browning, Daniel Jones, Sarah Reyes, and Tracey Howell.\n4. Cathy Steele is connected to Jose Torres, Sharon Trujillo, and Tracey Howell.\n5. Daniel Jones is connected to Jose Torres, Guy Melton DDS, Dustin Browning, and Tracey Howell.\n6. Tracey Howell is connected to Joshua Marks, Claudia Blake, Richard Barrett DVM, Cathy Steele, Daniel Jones, Guy Melton DDS, Dustin Browning, and Sarah Reyes.\n7. Sarah Reyes is connected to Richard Barrett DVM and Tracey Howell.\n8. Jose Torres is connected to Cathy Steele and Daniel Jones.\n9. Guy Melton DDS is connected to Richard Barrett DVM, Daniel Jones, Tracey Howell, and Dustin Browning.\n10. Dustin Browning is connected to Richard Barrett DVM, Daniel Jones, Tracey Howell, and Guy Melton DDS.\n\n**Strategy for Minimum Vertex Cover:**\n- Tracey Howell appears in the most connections, making her a critical node.\n- Richard Barrett DVM and Daniel Jones are also central, connecting to multiple other users.\n- Including these three users (Tracey Howell, Richard Barrett DVM, and Daniel Jones) covers a significant portion of the edges.\n\n**Final Selection:**\n- [Tracey Howell, Richard Barrett DVM, Daniel Jones] covers all the connections involving these three users.\n- Additional checks confirm that no smaller set can cover all edges.\n\n**Minimum Vertex Cover:**\n[Tracey Howell, Richard Barrett DVM, Daniel Jones]"}, "344": {"deepseek": "[Taylor Swanson, Daniel Perry, Sandra Mejia]"}, "345": {"deepseek": "[Amanda Larson, Mr. William Morales, Latoya Diaz, Barbara King]"}, "346": {"deepseek": "[Nicholas Lynch, Nicholas Love, Alan Harris, Nicholas Diaz]"}, "347": {"deepseek": "[Erika White, Christopher Adams, Manuel Frederick, Jennifer Collins]"}, "348": {"deepseek": "[Claire Sullivan, Sheryl Lambert, Scott Rasmussen]"}, "349": {"deepseek": "[David Gentry, Leah Liu, Edward Thomas]"}, "350": {"deepseek": "[Terri Alexander, Juan Doyle, Shawn Chen, Kimberly Elliott, Cody Brown]."}, "351": {"deepseek": "To solve the Minimum Vertex Cover problem for the given social network, we need to find the smallest set of users such that every friendship connection involves at least one user from this set. Here are the friendship connections and the analysis to find the minimum vertex cover:\n\n- Brian Vaughn and Brian Anderson\n- Brian Vaughn and Heather Lee\n- Elizabeth Johnson and Alexander Arnold\n- Elizabeth Johnson and Brian Anderson\n- Elizabeth Johnson and Crystal Williams\n- Heather Lee and Brian Anderson\n- Alexandria Velasquez and Brian Anderson\n- Sonya Blake and Brian Anderson\n- Sonya Blake and Lee Mendoza DDS\n- Sonya Blake and Brenda Hardy\n- Lee Mendoza DDS and Brian Anderson\n- Lee Mendoza DDS and Brenda Hardy\n- Brian Anderson and Alexander Arnold\n- Brian Anderson and Randy Dixon\n- Brian Anderson and Crystal Williams\n- Brian Anderson and Brenda Hardy\n- Brenda Hardy and Crystal Williams\n\nFrom the connections, it's clear that Brian Anderson is connected to many other users. Including Brian Anderson in the vertex cover ensures that many edges are covered. Other critical nodes include Brenda Hardy and Crystal Williams, as they are connected to multiple users.\n\nThe Minimum Vertex Cover for this network is:\n[Brian Anderson, Brenda Hardy, Crystal Williams, Elizabeth Johnson, Heather Lee]."}, "352": {"deepseek": "[Thomas Singh, Samantha Dickson, Edwin Greene]"}, "353": {"deepseek": "[Christian Lindsey, Michelle Johnson, Eric Weaver]"}, "354": {"deepseek": "[Dana Watson, Nicole Perry, Joseph Wright, Brianna White, Michael Powers, Jacqueline Freeman, Shane Alvarez, Louis Smith]."}, "355": {"deepseek": "[Christina Smith, Andrew Davis, Kelli Coleman, Julia Young, William Mckinney]"}, "356": {"deepseek": "[Angela Davis, Stephanie Smith, Maria Collins]"}, "357": {"deepseek": "[Dennis Brown, Brent Brock, Todd Faulkner, Jason Martinez]"}, "358": {"deepseek": "[Eric Brown, Tiffany Young, Sarah Wilson]"}, "359": {"deepseek": "[Christopher Vincent, Travis Richardson, John Fields]"}, "360": {"deepseek": "[Jessica Newton, Andrea Glover, Jaime Booth, Amanda Jordan]"}, "361": {"deepseek": "[Deanna Jones, Nicholas Rodriguez, Diane Coffey MD, Timothy Hardy, Katherine Ellis]."}, "362": {"deepseek": "To solve the Minimum Vertex Cover problem for the given social network, we need to find the smallest set of users such that every friendship connection involves at least one user from this set. Analyzing the friendship connections provided:\n\n- Brian Tate is connected to Eric Anderson and Charles Davis.\n- William Williams is connected to Eric Anderson.\n- Richard Williams is connected to Eric Anderson.\n- Charles Davis is connected to Craig Nichols, Eric Anderson, Renee Orozco, Albert Scott, and Joshua Jackson.\n- Brandon Bailey is connected to Eric Anderson, Albert Scott, and Richard Washington.\n- Steven Rivera is connected to Eric Anderson.\n- Joshua Jackson is connected to Craig Nichols, Eric Anderson, and Albert Scott.\n- Craig Nichols is connected to Charles Davis, Eric Anderson, and Albert Scott.\n- Renee Orozco is connected to Charles Davis, Albert Scott, and Allen Williams.\n- Eric Anderson is connected to Albert Scott, Allen Williams, and Sara Delgado.\n- Sara Delgado is connected to Eric Anderson.\n- Albert Scott is connected to Allen Williams.\n- Richard Washington and Allen Williams are connected to Brandon Bailey and Renee Orozco, respectively.\n\nFrom these connections, we can observe that Eric Anderson and Albert Scott are central to many connections. Charles Davis also has multiple connections. By selecting these three users, we can cover a significant portion of the edges:\n\n- Eric Anderson covers connections with Brian Tate, William Williams, Richard Williams, Charles Davis, Brandon Bailey, Steven Rivera, Joshua Jackson, Craig Nichols, Albert Scott, Allen Williams, and Sara Delgado.\n- Albert Scott covers connections with Charles Davis, Brandon Bailey, Joshua Jackson, Craig Nichols, Renee Orozco, Eric Anderson, and Allen Williams.\n- Charles Davis covers connections with Brian Tate, Craig Nichols, Eric Anderson, Renee Orozco, Albert Scott, and Joshua Jackson.\n\nAdding Renee Orozco to the set ensures that all edges are covered, as she connects to Charles Davis, Albert Scott, and Allen Williams.\n\nThus, the Minimum Vertex Cover for this network is: [Eric Anderson, Albert Scott, Charles Davis, Renee Orozco]."}, "363": {"deepseek": "[Lisa Clark, Christopher Griffin, Glenda Gutierrez, Valerie Young MD]."}, "364": {"deepseek": "[Tracy Rodriguez MD, Jeffrey Park, Tabitha Wilson, Vanessa Davenport, William White, Robert Brown, Ann Copeland]"}, "365": {"deepseek": "[Brenda Dougherty, Tiffany Ball, Christina Evans]"}, "366": {"deepseek": "To solve the Minimum Vertex Cover problem for the given social network, we need to find the smallest set of users such that every friendship connection involves at least one user from this set. Here are the friendship connections and the analysis to find the minimum vertex cover:\n\n- Dawn Espinoza and Mark Hansen\n- Dawn Espinoza and Melissa Farley\n- Dawn Espinoza and Anthony Daniel\n- Melvin Norton and Christopher Jacobs\n- Melvin Norton and Mark Hansen\n- Melvin Norton and Melissa Farley\n- Melvin Norton and Anthony Daniel\n- Melvin Norton and Wanda Jenkins\n- Melvin Norton and Brooke Davis\n- Melvin Norton and Sarah Jackson\n- Sarah Jackson and Mark Hansen\n- Anthony Daniel and Melissa Farley\n- Joshua Kane and Melissa Farley\n- Michael Shelton and Christopher Jacobs\n- Michael Shelton and Melissa Farley\n- Tracy Hawkins and Christopher Jacobs\n- Tracy Hawkins and Mark Hansen\n- Mark Hansen and Melissa Farley\n\nFrom the connections, we can observe that:\n- Mark Hansen and Melissa Farley are connected to multiple users.\n- Melvin Norton is connected to multiple users.\n- Anthony Daniel is connected to multiple users.\n\nA possible Minimum Vertex Cover could be:\n- Mark Hansen (connected to Dawn Espinoza, Melvin Norton, Sarah Jackson, Tracy Hawkins, and Melissa Farley)\n- Melissa Farley (connected to Dawn Espinoza, Melvin Norton, Anthony Daniel, Joshua Kane, and Michael Shelton)\n- Melvin Norton (connected to Dawn Espinoza, Christopher Jacobs, Mark Hansen, Melissa Farley, Anthony Daniel, Wanda Jenkins, Brooke Davis, and Sarah Jackson)\n- Anthony Daniel (connected to Dawn Espinoza, Melvin Norton, and Melissa Farley)\n\nThis set covers all the edges in the network with the smallest possible number of vertices.\n\nMinimum Vertex Cover: [Mark Hansen, Melissa Farley, Melvin Norton, Anthony Daniel]"}, "367": {"deepseek": "[Steven Blackwell, Megan Anderson, Renee Preston]"}, "368": {"deepseek": "[Julie Murphy, David Harris, Marcus Holder, Mark Baker, Scott Smith, Nancy Flores, John Smith, Elizabeth Pope, Samantha Peterson, Destiny Mcdaniel]"}, "369": {"deepseek": "[Wanda Fischer, Olivia Robinson, David Hardin, Daniel Barker]"}, "370": {"deepseek": "[Nicholas Williams, Jeremy Johnson, Kelly Ross]"}, "371": {"deepseek": "[Veronica Stevens, Ronald Mccoy, Ellen Williams, Jessica Frye, Michael Jackson, Joseph Lane, Caitlin Miller]."}, "372": {"deepseek": "To solve the Minimum Vertex Cover problem for the given social network, we need to find the smallest set of users such that every friendship connection involves at least one user from this set. Here are the friendship connections and the users involved:\n\n- Vanessa Joseph connects with Amanda Smith, Christina Pearson, Christopher Decker, John Perez, and Jared Davis.\n- John White connects with Christina Pearson, Dr. Brittany Velasquez, and Jason Byrd.\n- Mitchell Jackson connects with Jason Byrd.\n- Amanda Smith connects with Christopher Decker, John Perez, Jason Byrd, and Jared Davis.\n- Brian Sheppard connects with Jason Byrd.\n- Christina Pearson connects with Christopher Decker, John Perez, and Jason Byrd.\n- John Perez connects with Christopher Decker, Dr. Brittany Velasquez, Jason Byrd, and Jared Davis.\n- Christopher Decker connects with Dr. Brittany Velasquez and Jared Davis.\n\nFrom these connections, we can observe that some users are more central to the network, connecting with many others. To minimize the vertex cover, we should select users who are involved in multiple connections. Here is a possible minimum vertex cover:\n\n[Vanessa Joseph, John Perez, Christopher Decker, Jason Byrd]\n\nThis set of users covers all the friendship connections in the network:\n- Vanessa Joseph covers her connections with Amanda Smith, Christina Pearson, Christopher Decker, John Perez, and Jared Davis.\n- John Perez covers his connections with Amanda Smith, Christina Pearson, Christopher Decker, Dr. Brittany Velasquez, Jason Byrd, and Jared Davis.\n- Christopher Decker covers his connections with Amanda Smith, Christina Pearson, John Perez, Dr. Brittany Velasquez, and Jared Davis.\n- Jason Byrd covers his connections with John White, Mitchell Jackson, Amanda Smith, Brian Sheppard, Christina Pearson, John Perez, and Christopher Decker.\n\nThis set ensures that every friendship connection in the network is covered by at least one user from the set, and it is the smallest possible set that achieves this."}, "373": {"deepseek": "[Victoria Morales, Daniel Carson, Paul Jenkins, Sylvia Hamilton]"}, "374": {"deepseek": "[Cynthia Monroe, Dawn Espinoza, Erik Baldwin, Amanda Lucero, Kathleen Hall, Marc Miller, Jose Mitchell, Jillian Sims, Scott Bolton, Debra Hoover]"}, "375": {"deepseek": "[John Scott, Catherine Rich, Joseph Matthews, Aaron Cohen]"}, "376": {"deepseek": "To solve the Minimum Vertex Cover problem for the given social network, we need to find the smallest set of users such that every friendship connection involves at least one user from this set. Here are the friendship connections and the users involved:\n\n- Valerie Williams and Gary Walters\n- Valerie Williams and Matthew Bush\n- Valerie Williams and Dr. Jeremy Williams Jr.\n- Jessica Rodriguez and Gary Walters\n- Terri Lambert and Tamara Huff\n- Terri Lambert and Dr. Jeremy Williams Jr.\n- Dr. Jeremy Williams Jr. and Tamara Huff\n- Dr. Jeremy Williams Jr. and Nicole Caldwell\n- Dr. Jeremy Williams Jr. and Miguel Price\n- Dr. Jeremy Williams Jr. and Bradley Donaldson\n- Jason Baker and Gary Walters\n- Tamara Huff and Nicole Caldwell\n- Tamara Huff and Miguel Price\n- Tamara Huff and Bradley Donaldson\n- Bradley Donaldson and Miguel Price\n- Nicole Caldwell and Miguel Price\n\nTo cover all these edges with the minimum number of vertices, we can select users who are involved in multiple connections. Here is a possible Minimum Vertex Cover:\n\n[Valerie Williams, Dr. Jeremy Williams Jr., Tamara Huff, Miguel Price]\n\nThis set of users ensures that every friendship connection is covered by at least one user from the set."}, "377": {"deepseek": "[Zachary Wilson, Larry Castro, Jacob Williams]"}, "378": {"deepseek": "[Mary Bailey, Natalie Stewart, Leah Arnold, Nicole Williams]"}, "379": {"deepseek": "[Jacqueline White, David Jones, Joseph Robinson, Carlos Anderson]"}, "380": {"deepseek": "[John Beck, Brian Bailey, Tracie Reese, Caleb Levy]"}, "381": {"deepseek": "[Terry Hines, Jessica Reid, Jason Jones, Angela Edwards, Roy Manning, Victoria Moss]"}, "382": {"deepseek": "[Daniel Vargas, Victoria Miller, Brenda Day, Robert Johnson]"}, "383": {"deepseek": "[Janice Petty, Angel Bell DDS]"}, "384": {"deepseek": "[James Hardy, Bernard Martinez, Robert Smith]"}, "385": {"deepseek": "[Alejandra Sanford, Kristin Rivera, Jordan Green]"}, "386": {"deepseek": "[James Young, Michele Rivers, Pamela Ramirez]"}, "387": {"deepseek": "[Michael Christian, James Meyer, David Strickland, Kathy Navarro, Karen Orozco, Donald Branch]."}, "388": {"deepseek": "[Melissa Richard, Stephanie Cole, Victoria Morrow, Kevin Phillips, Anthony Mitchell]"}, "389": {"deepseek": "[Keith Barnes, Jessica Hughes, Charles Miles]"}, "390": {"deepseek": "[James Walter, Stephen Carpenter, Shelly Lee, Andrew Holden]"}, "391": {"deepseek": "[Melissa Guzman, William Lane MD, Jordan Carlson, Karl Ruiz]"}, "392": {"deepseek": "[Karen Miller, Carol Hall, Thomas Crawford]"}, "393": {"deepseek": "[Sheena Cummings, Shane Fitzgerald, Hannah Rivera, Kelly Manning]"}, "394": {"deepseek": "[Alex Savage, Steven Soto, Michael Owens, Ryan Adams]"}, "395": {"deepseek": "[Gerald Wilson, Ashley Foster, Jeffrey Ramirez, Madeline Velez]"}, "396": {"deepseek": "[Virginia Williams, Jeffrey White, Taylor Deleon, Jonathan Flores, Cheryl Ferrell, Deborah Vasquez, Justin Stewart, Kristin Lewis, Laura Parker DVM]."}, "397": {"deepseek": "[Brittany Howard, Ebony Cruz, Jessica Underwood]"}, "398": {"deepseek": "To solve the Minimum Vertex Cover problem for the given social network, we need to find the smallest set of users such that every friendship connection involves at least one user from this set.\n\n**Analysis of Friendship Connections:**\n1. Thomas Sanders is connected to Adrian Le and Jeffrey Ryan.\n2. Connor Santiago is connected to Jeffrey Ryan.\n3. Andrew Baxter is connected to Jeffrey Ryan, Jeremy Perry, and Jacob Hamilton.\n4. Adrian Le is connected to Thomas Sanders, Samantha Chandler, Lisa Clark, and Jeffrey Ryan.\n5. Jeremy Perry is connected to Andrew Baxter.\n6. Jacob Hamilton is connected to Andrew Baxter.\n7. Samantha Chandler is connected to Adrian Le and Jeffrey Ryan.\n8. Michael Gill is connected to Mr. Jacob Martin.\n9. Jeffrey Ryan is connected to Thomas Sanders, Connor Santiago, Andrew Baxter, Adrian Le, Samantha Chandler, Lisa Clark, and Mr. Jacob Martin.\n10. Mr. Jacob Martin is connected to Michael Gill and Jeffrey Ryan.\n11. Lisa Clark is connected to Adrian Le and Jeffrey Ryan.\n\n**Strategy for Minimum Vertex Cover:**\n- Jeffrey Ryan is involved in the most connections (8), making him a critical node.\n- Adrian Le and Samantha Chandler are also important as they connect to multiple other nodes.\n- Andrew Baxter connects to Jeremy Perry and Jacob Hamilton, which are not connected through other nodes.\n\n**Minimum Vertex Cover:**\n- [Jeffrey Ryan, Andrew Baxter, Adrian Le, Mr. Jacob Martin]\n\nThis set ensures that every friendship connection has at least one user from this subset, and it is the smallest possible subset to achieve this."}, "399": {"deepseek": "[Devon Hall, Lucas Tanner, Lucas Harris, Michelle Chambers]"}, "400": {"deepseek": "[Allison Wang, Cynthia Kemp, Richard Johnson, Maria Martinez, Jeremy Torres, Stephanie Farrell, James Stokes, Brenda Thomas, Kristina Mosley]"}, "401": {"deepseek": "[Kyle Hubbard, Sandra Arnold, Julie Collins, Rachel Warren, Nancy Evans, Brian Stein, Peter Perkins]"}, "402": {"deepseek": "[Courtney Anderson, Nicholas Rodriguez, Samantha Greer]"}, "403": {"deepseek": "[Samantha Berger, Curtis Davis, Walter Zuniga, Jonathan Smith]"}, "404": {"deepseek": "[Charles Jones, Jacqueline Chase, Jennifer Williams, Katie Blevins]"}, "405": {"deepseek": "[Rebecca Estrada, Mary Harris, William Perkins, John Mejia]"}, "406": {"deepseek": "[Alexis Parrish, Kevin Hernandez, Hunter Tucker, David Stewart, Nathaniel Walsh, Maurice Thompson, Ronald Andrade, Laurie Allison, Richard Hahn MD]"}, "407": {"deepseek": "[Juan Brown, Steve Bullock, Jerry Morris]"}, "408": {"deepseek": "To solve the Minimum Vertex Cover problem for the given social network, we need to find the smallest set of users such that every friendship connection involves at least one user from this set.\n\n**Analysis of Friendship Connections:**\n- Melanie Lewis is connected to Alexander Bush, Kimberly Hall, Paul Thomas, and Brandon Livingston.\n- Christian Williams is connected to Alexander Bush and Brandon Livingston.\n- Matthew Jensen is connected to Alexander Bush, Lisa Walker, and Brandon Livingston.\n- Jose Cummings is connected to April Murillo, Lisa Walker, Wayne Johnston, Christopher Medina, and Brandon Livingston.\n- Paul Thomas is connected to Melanie Lewis, Alexander Bush, and Brandon Livingston.\n- Brandon Livingston is connected to almost everyone, including Alexander Bush, Kimberly Hall, April Murillo, Lisa Walker, Rickey Daniels, Wayne Johnston, and Christopher Medina.\n- Alexander Bush is connected to Melanie Lewis, Christian Williams, Matthew Jensen, Paul Thomas, and Brandon Livingston.\n\n**Strategy for Minimum Vertex Cover:**\n- Brandon Livingston is connected to the most users, making him a critical node.\n- Alexander Bush is also connected to multiple users, including key nodes like Melanie Lewis, Christian Williams, Matthew Jensen, Paul Thomas, and Brandon Livingston.\n- Melanie Lewis and Paul Thomas are connected to several users, including key nodes.\n\n**Minimum Vertex Cover:**\n- Including Brandon Livingston covers many edges.\n- Including Alexander Bush covers connections from multiple other users.\n- Including Melanie Lewis or Paul Thomas covers additional connections.\n\n**Solution:**\n[Brandon Livingston, Alexander Bush, Melanie Lewis]"}, "409": {"deepseek": "[Ms. Christine Daniels, Sophia King, Margaret Gregory, Donald Lee]"}, "410": {"deepseek": "[Danielle Smith, Benjamin Ortiz, Diane Castaneda]"}, "411": {"deepseek": "[Jack Keith, Kimberly Davis, Benjamin Jackson, Tracy Wolf, Kathryn Cruz, Michael Ryan]"}, "412": {"deepseek": "[Alexandra Vaughn, Cynthia Barrett, Seth Miller]"}, "413": {"deepseek": "[Dr. Michelle Anderson DVM, Ethan Frazier, David Gomez]"}, "414": {"deepseek": "[Jeremy Brewer, Gina Martinez, Dr. Christopher Montoya]"}, "415": {"deepseek": "[Brandon Douglas, Reginald Norris, Terri Le, Jonathan Woodward]"}, "416": {"deepseek": "[Amanda Pitts, Steven Morrow, Brent Kim, Susan George, Mark Harris, Gina Atkinson]"}, "417": {"deepseek": "[Christy Ortiz MD, Laura Marshall PhD, Tyler Long, Morgan Brown]."}, "418": {"deepseek": "[Ashley Figueroa, Mary Wong, Jessica Johnson, Dawn Melton]"}, "419": {"deepseek": "[Ryan Ballard, Hannah Greene, Jerry Brown, Suzanne Chavez]"}, "420": {"deepseek": "[Gregory Porter, David Hughes DVM, Juan Huang]"}, "421": {"deepseek": "[Jeffrey Gonzalez, Dennis Hill, Jennifer White, Kelly Mckee]"}, "422": {"deepseek": "[Ashley Robinson, Nicholas Rodriguez, Erin Terry, Christine Christensen]"}, "423": {"deepseek": "[Mary Nichols, Robert Jackson, Deborah Thompson]"}, "424": {"deepseek": "[Christina Rogers, Charles Brown, Michele Barnes]"}, "425": {"deepseek": "[Lisa Campbell, Christopher Schmidt, Deborah Singh, Katherine Cox]."}, "426": {"deepseek": "[Michael Bowen, Patricia Mitchell, Ashley Harris]"}, "427": {"deepseek": "[Brandi Jones, Billy Lawrence, Elizabeth Rodriguez, Jeffrey Johnson]"}, "428": {"deepseek": "To solve the Minimum Vertex Cover problem for the given social network, we need to find the smallest set of users such that every friendship connection involves at least one user from this set.\n\n**Analysis of Friendship Connections:**\n1. Andrew Lewis and Antonio Barnes\n2. Andrew Lewis and Stephen Long\n3. Antonio Barnes and Latasha Crawford\n4. Antonio Barnes and Stephen Long\n5. Antonio Barnes and Walter Webster\n6. Antonio Barnes and Aimee Lopez\n7. Antonio Barnes and Jeremiah Cox\n8. Antonio Barnes and Timothy Wiggins\n9. Michael Hall and Becky Townsend\n10. Michael Hall and Megan Torres\n11. Aimee Lopez and Megan Torres\n12. Megan Torres and Becky Townsend\n\n**Strategy:**\n- Antonio Barnes is connected to many users (Andrew Lewis, Latasha Crawford, Stephen Long, Walter Webster, Aimee Lopez, Jeremiah Cox, Timothy Wiggins). Including Antonio Barnes in the vertex cover will cover multiple edges.\n- Similarly, Megan Torres is connected to Michael Hall, Aimee Lopez, and Becky Townsend. Including Megan Torres will also cover multiple edges.\n- Stephen Long is connected to Andrew Lewis and Antonio Barnes. Including Stephen Long will cover these two edges.\n\n**Minimum Vertex Cover:**\n- [Antonio Barnes, Megan Torres, Stephen Long]\n\nThis set of users ensures that every friendship connection in the network is covered by at least one user from the set."}, "429": {"deepseek": "[Thomas Brown, Jeremy Mitchell, Jessica Johnson, Lindsey Pope]"}, "430": {"deepseek": "[Emma Chambers, Kimberly Hernandez, Joseph Rivera, Cheryl Barker]"}, "431": {"deepseek": "[Andrea Cruz, Theresa Bishop, Noah Mcdonald]"}, "432": {"deepseek": "[Melinda Davis, Thomas Jordan, Jeffery Hester]"}, "433": {"deepseek": "[Sarah Williams, Andrew Harris, Frederick Sullivan]"}, "434": {"deepseek": "[Cassie Compton, Michelle Peterson, Tamara Baker]."}, "435": {"deepseek": "[Jay Davis, Jennifer Martinez, Allison King]"}, "436": {"deepseek": "[Benjamin Lam, Jenna Lynch, Kelly Miller, Anna Shaw]"}, "437": {"deepseek": "[Mary Hale, Jessica Joseph, Jason Barnes]"}, "438": {"deepseek": "[James Woodard, Wyatt Smith, Mackenzie Cole DDS, David Le, Shelley Rodriguez, Katie Figueroa]."}, "439": {"deepseek": "[Kristin Parker, Tracy Wheeler, William Fischer, Matthew Smith]"}, "440": {"deepseek": "[David Phelps, Jessica Fritz, Dr. Jessica Perkins]"}, "441": {"deepseek": "[Michael Larsen, Daniel Bonilla, Lindsey Stephens]"}, "442": {"deepseek": "[Patrick Vasquez, Jodi Lopez, George Taylor, Travis Evans]"}, "443": {"deepseek": "[Paul Phelps, Adam Wright, Teresa Young, Glenn Glass, Evelyn Jackson, Joy Herrera]"}, "444": {"deepseek": "[Rebecca Turner, Jenna Mcgee, Brett Wyatt, Pamela Brown, Sydney Avery]"}, "445": {"deepseek": "[Anthony Smith, Jennifer Casey, Justin Fields]"}, "446": {"deepseek": "[Kenneth Hernandez, Heather Carter, Denise Moore]"}, "447": {"deepseek": "[Allen Foster, Sue Smith, Andrea Miller MD]"}, "448": {"deepseek": "[Omar Maldonado, Heather Thompson, Jonathan Benitez, Jesus Scott, Sarah Kim, Joel Dalton]"}, "449": {"deepseek": "[Stephanie Flores, Joshua Roberts, Richard Hoover, Vernon Kemp]"}, "450": {"deepseek": "[Stephanie Sanchez, Roberta Dixon, Tara Harrington, Kristina Mills]."}, "451": {"deepseek": "[Nicole Mitchell, Steven Hall, Rebecca Marks, George Johnson, Sarah Lee]"}, "452": {"deepseek": "[James Perez, Hannah Medina, Samantha Norman, Matthew Taylor]"}, "453": {"deepseek": "[Scott Lindsey, Rebecca Flores, Anthony Aguilar]"}, "454": {"deepseek": "[John Smith, Alice Miller, Stephanie Livingston, Derrick Garza]."}, "455": {"deepseek": "[James Clayton, Alejandro Bishop, Sean Diaz, Scott Harris, Lisa Johnson, Christopher Boyer]"}, "456": {"deepseek": "[Cynthia Barton, Mrs. Phyllis Acosta, Keith Morales, Thomas Warner, Ashley Cross]"}, "457": {"deepseek": "[Claire Henson, Kristen Norris, Belinda Knight, April Price, Jason Davis]"}, "458": {"deepseek": "[Brittney Delgado, Anthony Martin, Mallory Mcclure, Amber Walsh]"}, "459": {"deepseek": "To solve the Minimum Vertex Cover problem for the given social network, we need to find the smallest set of users such that every friendship connection involves at least one user from this set. Here are the friendship connections and the analysis to find the minimum vertex cover:\n\n- Catherine West connects with Mr. Joseph Osborn, Sarah Burch, Karen Williams, and Daniel Simmons.\n- Margaret Turner connects with Ruth Robinson, Peter Avila, and Sarah Burch.\n- Lauren Frazier connects with Sarah Burch and Peter Avila.\n- Karen Williams connects with Catherine West, Peter Avila, and Sarah Burch.\n- Sarah Burch connects with Catherine West, Margaret Turner, Lauren Frazier, Karen Williams, Kevin Cooper, Peter Avila, Julie Mcdonald, Daniel Simmons, and Annette Hernandez.\n- Julie Mcdonald connects with Sarah Burch.\n- Mr. Joseph Osborn connects with Catherine West.\n- Kevin Cooper connects with Sarah Burch and Ruth Robinson.\n- Daniel Simmons connects with Catherine West, Sarah Burch, and Peter Avila.\n- Annette Hernandez connects with Sarah Burch and Peter Avila.\n- Peter Avila connects with Margaret Turner, Lauren Frazier, Karen Williams, Sarah Burch, Daniel Simmons, and Annette Hernandez.\n- Ruth Robinson connects with Margaret Turner and Kevin Cooper.\n\nFrom the connections, we can see that Sarah Burch is connected to many users. Including Sarah Burch in the vertex cover ensures that many edges are covered. Other key users to include are Peter Avila and Karen Williams, as they are also connected to multiple users.\n\n**Minimum Vertex Cover:** [Sarah Burch, Peter Avila, Karen Williams]."}, "460": {"deepseek": "[Lauren Sullivan, Andrew Ray, Timothy Edwards]"}, "461": {"deepseek": "[Rebecca Wagner, Courtney Kemp, Tracy Nichols, John Skinner]"}, "462": {"deepseek": "To solve the Minimum Vertex Cover problem for the given social network, we need to find the smallest set of users such that every friendship connection involves at least one user from this set.\n\n**Given Social Network:**\n- Users: Jerry Fitzgerald, David Hamilton, Julie Boyd, Christopher Walters, Tammy Cole, Philip Mcpherson, Mark Lloyd, James Perez, Jacqueline Farmer.\n- Friendship connections:\n  - Jerry Fitzgerald and James Perez\n  - Jerry Fitzgerald and Christopher Walters\n  - Jerry Fitzgerald and Philip Mcpherson\n  - Jerry Fitzgerald and Tammy Cole\n  - Jerry Fitzgerald and Mark Lloyd\n  - Jerry Fitzgerald and David Hamilton\n  - Jerry Fitzgerald and Jacqueline Farmer\n  - Jerry Fitzgerald and Julie Boyd\n  - Julie Boyd and Christopher Walters\n  - Christopher Walters and Mark Lloyd\n  - Philip Mcpherson and Mark Lloyd\n\n**Analysis:**\n- Jerry Fitzgerald is connected to every other user except for David Hamilton and Julie Boyd.\n- Julie Boyd is connected to Christopher Walters.\n- Christopher Walters is connected to Julie Boyd and Mark Lloyd.\n- Philip Mcpherson is connected to Jerry Fitzgerald and Mark Lloyd.\n- Mark Lloyd is connected to Jerry Fitzgerald, Christopher Walters, and Philip Mcpherson.\n- James Perez, Tammy Cole, David Hamilton, and Jacqueline Farmer are only connected to Jerry Fitzgerald.\n\n**Solution:**\nTo cover all edges, we need to include users who are central to the connections or who connect multiple users. Here, Jerry Fitzgerald connects to almost everyone, and Mark Lloyd is connected to multiple users as well. Including these two will cover most of the edges. Additionally, including Christopher Walters covers the edge between Julie Boyd and Christopher Walters.\n\n**Minimum Vertex Cover:**\n[Jerry Fitzgerald, Mark Lloyd, Christopher Walters]\n\nThis set ensures that every friendship connection in the network is covered by at least one user from the set."}, "463": {"deepseek": "[Catherine Kirby, Pamela Ellis, Brent Harris]"}, "464": {"deepseek": "[Christopher Brown, Ronald Carey, Shelby Long, Theodore Lee]"}, "465": {"deepseek": "[Frank Brown, Jonathan Torres, Kristen Stone]"}, "466": {"deepseek": "[Sean Henderson, John Mitchell, Tracy Shelton]."}, "467": {"deepseek": "[Victoria Knox, Evan Hartman, Brian Clark]"}, "468": {"deepseek": "[Ralph Hernandez, James Velasquez, Jennifer Woods, Charles Williams, Henry Williams, Cody Terry]"}, "469": {"deepseek": "[Joseph Estrada, Tammy Bonilla, Ashley Kirby, Angela Benson]"}, "470": {"deepseek": "[Danielle Webb, Thomas Rivas, Dean Cisneros, John Davis]"}, "471": {"deepseek": "[Megan Gamble, Katie Morris, Brian Rosales]"}, "472": {"deepseek": "[Scott Baxter, Kimberly Rubio, Angela Klein, Nicholas Ortiz, Virginia Olson, Elizabeth Raymond, Michael Wilson]"}, "473": {"deepseek": "To solve the Minimum Vertex Cover problem in the given social network, we need to find the smallest set of users such that every friendship connection involves at least one user from this set.\n\n**Analysis of Friendship Connections:**\n- John Parker is connected to Sean Lester and Eric Richards.\n- Eric Richards is connected to Sean Lester, David Martinez, Megan Perez, Jessica Knapp, and Sandra Perez.\n- David Martinez is connected to Sean Lester, Megan Perez, and Jessica Knapp.\n- Hannah Sanders is connected to Sean Lester.\n- Sean Lester is connected to John Estes, Megan Perez, Jessica Knapp, Sandra Perez, Melissa Turner, David Allen, Roberta Garcia, and Mr. Seth Waller.\n- Other connections involving Sean Lester are also covered by the connections of Eric Richards and David Martinez.\n\n**Strategy for Minimum Vertex Cover:**\n1. Include Sean Lester as he is connected to the most users.\n2. Include Eric Richards as he covers connections to Sean Lester, David Martinez, Megan Perez, Jessica Knapp, and Sandra Perez.\n3. Include David Martinez as he covers connections to Sean Lester, Megan Perez, and Jessica Knapp.\n\n**Minimum Vertex Cover:**\n[Sean Lester, Eric Richards, David Martinez]\n\nThis set ensures that every friendship connection in the network is covered by at least one user from the set."}, "474": {"deepseek": "[Gregory Tucker, Heather Frye, Steven Hernandez, Vernon Hall]"}, "475": {"deepseek": "[Aaron Walker, Kimberly Brown, Kimberly Cruz, Barbara Orr, Kelly Davis, Tricia Morgan, Raymond Hall, Kathleen Smith, Stephen Valentine, Brett Clark, Zachary Klein, Courtney Roberson]"}, "476": {"deepseek": "[Jennifer Stephens, Michelle Maldonado]"}, "477": {"deepseek": "[Todd Ford, David Mason, James Williams]"}, "478": {"deepseek": "[Christopher Williams, Anthony Young, Sarah Parker]"}, "479": {"deepseek": "[Cynthia Golden, Dawn Espinoza, Daniel Mccormick, Whitney Young, Joshua Kane, Michael Pitts, Sara Randall, Candice Frost, Mark Hansen, Melissa Farley]"}, "480": {"deepseek": "[Leah Hawkins, Devon Allen, Haley Blair]"}, "481": {"deepseek": "[Austin Jones, Emily Brock, Jennifer Le, Gregory Morgan, Dennis Hill, Patricia Schmidt, Sarah Wolf]"}, "482": {"deepseek": "[Morgan Martinez, Andre Gonzalez, Cameron Ford, Christopher Martinez]"}, "483": {"deepseek": "[Kelly Thompson, Jill Baker, Michael Odonnell]"}, "484": {"deepseek": "[Jessica Rowe, Edward Williams, Jeremiah Jenkins, Matthew Smith]"}, "485": {"deepseek": "[Tammy Ibarra, Caitlin Webster, John Barton, Manuel Anthony]"}, "486": {"deepseek": "[Isabel Delgado, Derrick Oconnor, Fernando Webster]."}, "487": {"deepseek": "To solve the Minimum Vertex Cover problem for the given social network, we need to find the smallest set of users such that every friendship connection involves at least one user from this set.\n\n**Analysis of Friendship Connections:**\n1. Lisa Henderson and Lisa Stevens\n2. Jacob King and Joseph Buchanan\n3. Joseph Buchanan and Amy Decker\n4. Joseph Buchanan and Thomas Ball\n5. Katherine Boyd and Derek Young\n6. Joshua Conner and Lisa Stevens\n7. Amy Decker and Derek Young\n8. Amy Decker and Lisa Stevens\n\n**Strategy:**\n- Users involved in multiple connections are likely to be part of the minimum vertex cover.\n- Joseph Buchanan is connected to three other users (Jacob King, Amy Decker, and Thomas Ball).\n- Amy Decker is connected to three other users (Joseph Buchanan, Derek Young, and Lisa Stevens).\n- Lisa Stevens is connected to two other users (Lisa Henderson and Joshua Conner).\n\n**Solution:**\n- Including Joseph Buchanan covers connections 2, 3, and 4.\n- Including Amy Decker covers connections 3, 7, and 8.\n- Including Lisa Stevens covers connections 1 and 6.\n- Including Derek Young covers connection 5 and 7.\n\n**Minimum Vertex Cover:**\n[Joseph Buchanan, Amy Decker, Lisa Stevens, Derek Young]\n\nThis set of users ensures that every friendship connection in the network is covered by at least one user from the set."}, "488": {"deepseek": "[Andrea Jones, Jerry Kaiser, Tiffany Dixon]"}, "489": {"deepseek": "[Mark Martinez, Lindsey Jones, Tony Brown]"}, "490": {"deepseek": "[Debra Peterson, Ashley Washington, Mike Martin, Alan Long, Heidi Walker, Jacob Welch]"}, "491": {"deepseek": "[Lisa Jones, David Fisher, Alicia Walker]"}, "492": {"deepseek": "[Andre Gonzalez, Kelly Smith, Alexander Williams, Matthew Nichols]"}, "493": {"deepseek": "[Diana Bennett, Cindy Lawrence, Kevin Johnson, Chelsea Mcgrath, Nicholas Parker, Miss Olivia Calhoun]"}, "494": {"deepseek": "[Katelyn Ramirez, Gabrielle Thomas]"}, "495": {"deepseek": "[Rebecca Gray, Adrienne Smith, Terri Jones, Lynn Cervantes]"}, "496": {"deepseek": "[Claudia Li, Michael Bruce, Michele Gallegos, Megan Sanchez, Curtis Rocha, Jennifer Moore, Arthur Campbell]."}, "497": {"deepseek": "[George Smith, Sean Summers, Michael Castillo]"}, "498": {"deepseek": "[Timothy Little, Kristen Shaw, Jennifer Robertson]"}, "499": {"deepseek": "[Julia Turner, Rebekah Cruz, Mark Morales]"}}