{"0": {"gemma": "[Manfred Schmidt-Schauss, David Sabel, Guillem Godoy]"}, "1": {"gemma": "[Jacques Philippe Sauv\u00e9, Filipe Marques, Gerhard Satzger, Ant\u00e3o Moura, Axel Kieninger]"}, "2": {"gemma": "[Austin Melton, Stephen Ernest Rodabaugh, Javier Guti\u00e9rrez Garc\u00eda, Zeshui Xu, Wenzhong Shi, A. Ghareeb]"}, "3": {"gemma": "[Clifton Forlines, Brad Johanson, Terry Winograd, Thomas Kirste, Kris Luyten]"}, "4": {"gemma": "[Chidchanok Lursinsap, Philip S. Yu, Helen D. Karatza, Lawrence O. Hall]"}, "5": {"gemma": "[Marco Lippi, Paolo Torroni, Noam Slonim]"}, "6": {"gemma": "[Marzyeh Ghassemi, Mat\u00edas Za\u00f1artu, John V. Guttag, Daryush D. Mehta, David A. Clifton, Jarrad H. Van Stan, Harold A. Cheyne, Robert E. Hillman]"}, "7": {"gemma": "[Coert Metz, Elsa D. Angelini, Christian Bauer, Wiro J. Niessen]"}, "8": {"gemma": "[Sang Wan Lee, Hyoyoung Jang, Zeungnam Bien]"}, "9": {"gemma": "[Mitchell Bowden, Marta Tatu, Sanda M. Harabagiu, Adrian Novischi, Dan I. Moldovan]"}, "10": {"gemma": "[Sandra Duni Eksioglu, Sumesh Arora, Junguang Zhang]"}, "11": {"gemma": "[Wei-Tang Chang, John W. Belliveau, Arthur K. Liu, Samantha Huang, Matti H\u00e4m\u00e4l\u00e4inen]"}, "12": {"gemma": "[Abdou Guermouche, Jean-Yves L'Excellent, Emmanuel Agullo, Luc Giraud]"}, "13": {"gemma": "[Enzo Morosini Frazzon, Jun Ni]"}, "14": {"gemma": "[Srikathyayani Srikanteswara, Vinod Namboodiri, Xinqing Yan]"}, "15": {"gemma": "[Steve Goddard, Xin Liu, John A. Stankovic]"}, "16": {"gemma": "[Young-Suk Ahn, Cleotilde Gonzalez, Varun Dutt, V. S. Chandrasekhar Pammi, Christian Lebiere]"}, "17": {"gemma": "[Jean-Fran\u00e7ois Bonastre, Lori Lamel, Corinne Fredouille, Douglas A. Reynolds, Sree Harsha Yella]"}, "18": {"gemma": "[Mike H. MacGregor, Ian F. Akyildiz, Ben Liang]"}, "19": {"gemma": "[Joan Vila-Carb\u00f3, Farah Ait-Salaht, Jean-Michel Fourneau, Nihal Pekergin]"}, "20": {"gemma": "[Hugues Hoppe, Steven M. Seitz, Kaan Y\u00fccer]"}, "21": {"gemma": "[Joel S. Emer, Tao Luo, Yoshua Bengio, Jeffrey G. Andrews]"}, "22": {"gemma": "[Gheorghe Paun, Florina M. Ciorba, Yiming Han, George K. Papakonstantinou, Satish Penmatsa]"}, "23": {"gemma": "[Judy E. Scott, Gerhard Fischer, Vinicius Almendra, Dawn G. Gregg, Izak Benbasat, Shan Ling Pan]"}, "24": {"gemma": "[Zhiping Jia, Shuaishuai Tan, Xiaoping Li, Hui Xia]"}, "25": {"gemma": "[Chao Yang, Andrew V. Knyazev, Sunil K. Narang, Daniel B. Szyld, Pascal Frossard]"}, "26": {"gemma": "[Yannis Papakonstantinou, H. V. Jagadish, Philip S. Yu, Yi Chen]"}, "27": {"gemma": "[Chuqi Yang, Qingyun Dai, Bingo Wing-Kuen Ling, Charlotte Yuk-Fan Ho]"}, "28": {"gemma": "[Douglas Thain, Ian T. Foster, M. Sosebee, Ioan Raicu, Catalin L. Dumitrescu]"}, "29": {"gemma": "[Luca Chittaro, Paul De Bra, Barend de Lange, Owen Conlan]"}, "30": {"gemma": "[Tofigh Allahviranloo, Ahmad Jafarian, Yurilev Chalco-Cano, Behnam Hashemi, Maryam Mosleh, Saeid Abbasbandy, Soheil Salahshour, Nasser Mikaeilvand, Xiaobin Guo, Abhinav Bansal, Mehdi Dehghan, Barnab\u00e1s Bede]"}, "31": {"gemma": "[Simon Henrot, Jos\u00e9 M. P. Nascimento, Michael K. Ng, Yingying Song, Charles Soussen]"}, "32": {"gemma": "[Wesley De Neve, R. Van de Walle, W. De Neve, Peter Lambert, Hermann Hellwagner]"}, "33": {"gemma": "[Zenon Colaco, T. Craig, Michael Gelfond, Chitta Baral, Shiqi Zhang]"}, "34": {"gemma": "[Qiang Shen, Yingjie Yang, Robert John]"}, "35": {"gemma": "[Sylvia Ratnasamy, Jon Crowcroft, Adriana Iamnitchi]"}, "36": {"gemma": "[Justin Pettit, Jonathan S. Turner, Hari Balakrishnan, Edjard Mota, Jennifer Rexford, Ricardo Bennesby, Alexandre Passito]"}, "37": {"gemma": "[Claudiu S. Firan, Daniel Krause, Nicola Henze, Valentin Robu]"}, "38": {"gemma": "[Francesco Guerra, Maurizio Vincini, Sonia Bergamaschi]"}, "39": {"gemma": "[Michihiro Koibuchi, Jos\u00e9 Duato, Henri Casanova, Nhat Le]"}, "40": {"gemma": "[Ian H. Witten, C. Herv\u00e1s-Mart\u00ednez, Ling Li, Xin Yao, Geoffrey Holmes, Javier S\u00e1nchez-Monedero]"}, "41": {"gemma": "[Latanya Sweeney, Haibing Lu, Francesco Pittaluga]"}, "42": {"gemma": "[Celso C. Ribeiro, Alexandre R. Duarte, Mauricio G. C. Resende]"}, "43": {"gemma": "[Alexander Maedche, Z. M. Ma, Fu Zhang]"}, "44": {"gemma": "[Rabia Latif, Simon Fong, Zhuang Yan, Xin-She Yang]"}, "45": {"gemma": "[Ruud Hendrickx, Miguel A. Hinojosa, Amparo M. M\u00e1rmol, Jie Wu, Francisco R. Fern\u00e1ndez]"}, "46": {"gemma": "[Marco Vari, Romeo Giuliano, Franco Mazzenga, Marco Petracca]"}, "47": {"gemma": "[Kun Guo, Aiman H. El-Maleh, Xrysovalantis Kavousianos, Kazumi Hatayama]"}, "48": {"gemma": "[Zhiwu Li, Libin Han, Weimin Wu, NaiQi Wu, MengChu Zhou]"}, "49": {"gemma": "[Jan Treur, Fiemke Both, Charlotte Gerritsen, Lourens van der Meij, Michel C. A. Klein, Tibor Bosse]"}, "50": {"gemma": "[Anna Dickinson, Vic Grout, Karim Mohammed Rezaul]"}, "51": {"gemma": "[Joshua Schiffman, David Wagner, Yuqiong Sun, Abhinav Srivastava]"}, "52": {"gemma": "[Gary J. Sullivan, Obianuju Ndili, Gisle Bjontegaard]"}, "53": {"gemma": "[Guanrong Chen, Jie Huang, Wenwu Yu]"}, "54": {"gemma": "[Juan I. Yanez, Yuriy V. Shkvarko, Rama Chellappa, Stewart R. Santos, Andrea Gonzalez-Ramirez]"}, "55": {"gemma": "[Fady Alajaji, Nam Phamdo, Peter Vary, Shlomo Shamai]"}, "56": {"gemma": "[Ting-Yu Chen, Shyi-Ming Chen, Li-Wei Lee, Ming-Wey Yang]"}, "57": {"gemma": "[Pratap Subrahmanyam, Haibing Guan, Haibo Chen, J. Ramanujam, Zhengwei Qi]"}, "58": {"gemma": "[Alois Mair, Martin Kronbichler, Urs Maurer, Silvia Brem]"}, "59": {"gemma": "[Niccol\u00f2 Tempini, Christian Wagner, Ann Majchrzak]"}, "60": {"gemma": "[Igor Santos, Jingbo Zhu, Pablo Garc\u00eda Bringas, Xabier Cantero, Carlos Laorden]"}, "61": {"gemma": "[Matthias A. Blumrich, Jun Arai, Dong Chen, Yamin Li, Shietung Peng, Wanming Chu, N. R. Adiga, Pavlos Vranas]"}, "62": {"gemma": "[Michael D. Abr\u00e0moff, Sarah Barman, B. van Ginneken, Meindert Niemeijer]"}, "63": {"gemma": "[Camille Vacher, Hubert Comon, Matteo Rossi, Carles Creus, Guillem Godoy, Sophie Tison, Ashish Tiwari, Florent Jacquemard]"}, "64": {"gemma": "[Betty H. C. Cheng, Roy H. Campbell, Zhinan Zhou, Philip K. McKinley]"}, "65": {"gemma": "[Chen B, Jose C. Principe, Andr\u00e9s Marino \u00c1lvarez-Meza, Ali H. Sayed]"}, "66": {"gemma": "[Zheng Yan, Ravinder Kumar, Ju Cheng Yang, Anil K. Jain, Dong Sun Park]"}, "67": {"gemma": "[Rodrigo N. Calheiros, Rajkumar Buyya, Srikumar Venugopal, Ivona Brandic, Saurabh Kumar Garg]"}, "68": {"gemma": "[G. De Micheli, Jingcao Hu, Radu Marculescu]"}, "69": {"gemma": "[Ralf Schl\u00fcter, Haizhou Li, Zhizheng Wu, Keiichi Tokuda]"}, "70": {"gemma": "[T. Fujisawa, Minoru Kanehisa, Toshiaki Katayama, Naohisa Goto]"}, "71": {"gemma": "[Gerasimos S. Antzoulatos, Michael N. Vrahatis, Qingfu Zhang, Ajith Abraham, Satchidananda Dehuri]"}, "72": {"gemma": "[Shojiro Nishio, Michael Rohs, Jake Auxier, Mehran Roshandel, Hamed Ketabdar]"}, "73": {"gemma": "[Zheng Yan, Mikhail J. Atallah, Yonglong Luo, Wenliang Du]"}, "74": {"gemma": "[Junchao Xu, Mark A. Neerincx, Joost Broekens, Rosemarijn Looije]"}, "75": {"gemma": "[George A. Papakostas, Ekta Walia, Simon Liao, Yongqing Xin, Hong-Ying Yang]"}, "76": {"gemma": "[Christian Napoli, L. Paterno, Giuseppe Pappalardo, Emiliano Tramontana, Marcin Wo\u017aniak]"}, "77": {"gemma": "[Changhyun Lee, Haewoon Kwak, Meeyoung Cha, Hosung Park, Roberto Turrin, R\u00f3bert P\u00e1lovics]"}, "78": {"gemma": "[Lei Chen, Christos Faloutsos, Phillip B. Gibbons, Matei Ripeanu, Haifeng Yu]"}, "79": {"gemma": "[Yonggang Shi, Nicholas Ayache, Paul M. Thompson, Anqi Qiu, Xavier Pennec, Michael I. Miller]"}, "80": {"gemma": "[Xizhu Mo, Arun Rai, Zhao Chen, Linda G. Wallace, Shenguo Yuan, Yong Hu]"}, "81": {"gemma": "[Bart Dhoedt, Danny De Vleeschauwer, Maxim Claeys, Jeroen Famaey]"}, "82": {"gemma": "[Kun Xu, C. Shu, L. M. Yang]"}, "83": {"gemma": "[Mahbubur Rahman, Chenyang Lu, Ranveer Chandra]"}, "84": {"gemma": "[Jos\u00e9 M. Bioucas-Dias, Jun Li]"}, "85": {"gemma": "[Simon Kriegel, Wesley P. Chan, Jacopo Aleotti, Siddhartha S. Srinivasa]"}, "86": {"gemma": "[Eric D. Diller, A. Agung Julius, Dal Hyung Kim, Sarthak Misra, Vijay Kumar]"}, "87": {"gemma": "[Yonghong Hou, Marwan Torki, Jamie Shotton, Andrew Blake, Motaz El-Saban]"}, "88": {"gemma": "[Markos Zampoglou, Athanasios G. Malamos, Kostas Kapetanakis, Andrea Sanna]"}, "89": {"gemma": "[Frank van Harmelen, Kathrin Dentler, Carsten Lutz, Yuan-Fang Li]"}, "90": {"gemma": "[Cristina Marino Buslje, Morten Nielsen, Kimmen Sj\u00f6lander]"}, "91": {"gemma": "[Sofya Raskhodnikova, Kobbi Nissim, Frank McSherry, Shay Solomon, Kamalika Chaudhuri]"}, "92": {"gemma": "[Fran\u00e7ois Chaumette, Bo Song, Chiu Lai, Jianguo Zhao]"}, "93": {"gemma": "[Norman Poh, Kieron Messer, Filippo Botti, Anil Alexander, Joaquin Gonzalez-Rodriguez]"}, "94": {"gemma": "[Michael Chau, Hans-Peter Kriegel, Sau Dan Lee, Giovanni Ponti]"}, "95": {"gemma": "[Richard Durbin, Daniel Kahn, Hongzhan Huang]"}, "96": {"gemma": "[Gordon K. Lee, Qianhui Liang, Patrick C. K. Hung, Quan Z. Sheng]"}, "97": {"gemma": "[Guillermo Sapiro, Christian F. Beckmann, Stephen M. Smith, Edward J. Auerbach, Paul M. Thompson]"}, "98": {"gemma": "[Eung Je Woo, Ohin Kwon, Adrian Nachman, Jin Keun Seo]"}, "99": {"gemma": "[Terrence L. Huntsberger, Haruki Ueno, Tao Zhang, Michael Garrett, Yoshiaki Shirai]"}, "100": {"gemma": "[Ernst Richter, Sung Bae Hwang, Min Suk Chung, Jin Seo Park]"}, "101": {"gemma": "[Terence Tao, Giorgio Quer, Riccardo Masiero, Emmanuel J. Cand\u00e8s, Robert D. Nowak]"}, "102": {"gemma": "[Lang Tong, Edward J. Coyle, Seksan Laitrakun]"}, "103": {"gemma": "[Yalin Wang, Paul M. Thompson, Margaret J. Wright, Matt A. Bernstein]"}, "104": {"gemma": "[Klaus Robert M\u00fcller, Gregor Rainer, Klaus-Robert M\u00fcller, Sven D\u00e4hne, Siamac Fazli]"}, "105": {"gemma": "[Daniel Wedge, Rodrigo L. Carceroni, Michal Irani, Du Q. Huynh, Fl\u00e1vio L. C. P\u00e1dua]"}, "106": {"gemma": "[Hong Su, Michael J. Carey, Arvind Sundararajan, Leonidas Fegaras]"}, "107": {"gemma": "[Pankaj Gupta, K. K. Lai]"}, "108": {"gemma": "[Cristiano Tolfo, Claes Wohlin, Robert Feldt, Neil A. M. Maiden, Raul Sidnei Wazlawick]"}, "109": {"gemma": "[Charles L. Brooks, Alexander D. MacKerell, Wonpil Im, H. Lee Woodcock, Wenbo Yu]"}, "110": {"gemma": "[Tony F. Chan, Dimitris N. Metaxas, Luminita A. Vese, Emmanuel J. Cand\u00e8s]"}, "111": {"gemma": "[Gabriele Taentzer, Juan de Lara, Annegret Habel, Karl-Heinz Pennemann, Pedro Pablo Perez Velasco]"}, "112": {"gemma": "[Teemu Pitk\u00e4nen, Jarmo Takala, Pekka J\u00e4\u00e4skel\u00e4inen, Heikki Kultala]"}, "113": {"gemma": "[John A. Stankovic, Andreas Willig, Utz Roedig, Djamel Djenouri, Petcharat Suriyachai]"}, "114": {"gemma": "[Hamed Rasouli, Helmut B\u00f6lcskei, Jiho Jang]"}, "115": {"gemma": "[Gia Khanh Tran, Kei Sakaguchi, Klaus I. Pedersen, Kiyomichi Araki, Daiki Maehara]"}, "116": {"gemma": "[Biswanath Mukherjee, Wei Liang, Chaofan Ma, Meng Zheng]"}, "117": {"gemma": "[Jiawei Han, Philip S. Yu, Wen Gao, Shiqiang Yang]"}, "118": {"gemma": "[William Y. C. Chen, V\u00edt Jel\u00ednek, Toufik Mansour, Sergey Kitaev, Michael H. Albert]"}, "119": {"gemma": "[Andrea Cavallaro, Anthony Vetro, Marios C. Angelides, Luc J. Van Gool, Jos\u00e9 M. Mart\u00ednez]"}, "120": {"gemma": "[Felici\u00e1n N\u00e9meth, Apoorv Shukla, Per Kreuger, Stefan Schmid, Nick McKeown]"}, "121": {"gemma": "[Thomas L. Ainsworth, Motoki Masaka, Yoshio Yamaguchi, Sang-Eun Park, Hiroyoshi Yamada]"}, "122": {"gemma": "[Kamalrulnizam Abu Bakar, Mario Gerla, Yang Xiao]"}, "123": {"gemma": "[Alexey Pryakhin, Lei Chen, Andreas Z\u00fcfle, Yufei Tao, Ouri Wolfson, Johannes Niedermayer]"}, "124": {"gemma": "[Lynne E. Parker, Armin Biere, Christian Bessiere, Juergen Schmidhuber, Ronan Le Bras]"}, "125": {"gemma": "[Gloria Mark, Eric Horvitz, A. Sano]"}, "126": {"gemma": "[J. Vandewalle, Mohammad Niknazar, Christian Jutten]"}, "127": {"gemma": "[Kai Man Tsui, Takao Hinamoto, Hon Keung Kwan, Yong Ching Lim, Shing-Chow Chan]"}, "128": {"gemma": "[Kim M. Hazelwood, Wuu Yang, Jason D. Hiser, Jack W. Davidson, Dongho Won, Robert S. Cohn, Jos\u00e9 A. Baiocchi, Wei-Chung Hsu]"}, "129": {"gemma": "[Ingrid Verbauwhede, Thomas Feller, Tim G\u00fcneysu, Sorin A. Huss, Ahmad-Reza Sadeghi]"}, "130": {"gemma": "[Masato Tajima, Robert Michael Tanner, Thomas E. Fuja, J Daniel Costello, Koji Okino]"}, "131": {"gemma": "[M\u00e1rcio Ribeiro, Janet Feigenspan, Marko Rosenm\u00fcller, J\u00f6rg Liebig]"}, "132": {"gemma": "[Wojciech Matusik, Richard Szeliski, Noah Snavely, Christian Linz, Leonard McMillan]"}, "133": {"gemma": "[Masahiko Jinno, Tomohiro Kudoh, Hidemoto Nakada, Satoshi Sekiguchi]"}, "134": {"gemma": "[Hossein Jowhari, Gad M. Landau, Philip Bille, Benjamin Sach, Kasper Green Larsen]"}, "135": {"gemma": "[Hing-Cheung So, Frankie K. W. Chan, Wing-Kin Ma, Gang Wang, Kenneth Wing-Kin Lui]"}, "136": {"gemma": "[Qing-Shan Jia, Xiaohong Guan, Han Zou, Hao Jiang, Lihua Xie, Yulin Lei]"}, "137": {"gemma": "[Dexin Zhang, Kevin W. Bowyer, Xiaogang Wang, B. V. K. Vijaya Kumar, Nannan Wang]"}, "138": {"gemma": "[Deepak Agarwal, Anlei Dong, Pradheep Elango, Seung-Taek Park, Lihong Li]"}, "139": {"gemma": "[Ronald R. Coifman, Lawrence Carin, Yee Whye Teh, Zoubin Ghahramani, Wenzhao Lian]"}, "140": {"gemma": "[Radu Prodan, Alexandru Iosup, Vlad Nae, Lukas K\u00f6pfle]"}, "141": {"gemma": "[Mehmet Kaya, Miguel A. Vega-Rodr\u00edguez, Mar\u00eda Jos\u00e9 Gacto, Ming-Yang Su]"}, "142": {"gemma": "[Klaus Kabitzsch, Joern Ploennigs, Karsten Menzel, Ammar Ahmed, M. Lehmann]"}, "143": {"gemma": "[Tayssir Touili, K. Narayan Kumar, Thomas A. Henzinger, Thomas W. Reps, Aarti Gupta, Akash Lal]"}, "144": {"gemma": "[Virgini Van den Schrieck, Walter Willinger, Lixin Gao, Zhuoqing Morley Mao]"}, "145": {"gemma": "[Jian Sun, Tsuhan Chen, Vladimir Kolmogorov, Maja Pantic, Sheng-Jyh Wang, Takeo Kanade]"}, "146": {"gemma": "[Bruno Bodin, Paul H. J. Kelly, Youen Lesparre, Alix Munier-Kordon]"}, "147": {"gemma": "[M. van der Schaar, Aggelos K. Katsaggelos, Konstantinos E. Parsopoulos, Michael J. Medley, Angeliki V. Katsenou, Katerina Pandremmenou]"}, "148": {"gemma": "[Szymon Rusinkiewicz, Mark Pauly, Fang Meng, Markus H. Gross, Marc Levoy]"}, "149": {"gemma": "[Khashayar Khorasani, Surya N. Kavuri, Venkat Venkatasubramanian, Raghunathan Rengaswamy]"}, "150": {"gemma": "[Mohammad Ali Maddah-Ali, Akbar Ghasemi, Tiangao Gou, Marc Torrellas, Syed Ali Jafar]"}, "151": {"gemma": "[Shawn Bowers, Carole Goble, Carl Kesselman, Ian T. Foster, Bertram Lud\u00e4scher]"}, "152": {"gemma": "[Takeo Igarashi, Scott E. Hudson, A. Schmidt, James Fogarty]"}, "153": {"gemma": "[John F. Elder, Dragi Kocev]"}, "154": {"gemma": "[Camelia Al-Najjar, Behnam Malakooti, Shaya Sheikh, Vishnu Raman]"}, "155": {"gemma": "[M. Frans Kaashoek, Michael J. Franklin, Liz Ribe-Baumann, Hari Balakrishnan]"}, "156": {"gemma": "[Marsette Vona, Hod Lipson, Mark Yim, Daniela Rus, Masoud Asadpour]"}, "157": {"gemma": "[Tianqing Zhu, Francesco Ricci, An Te Nguyen, Enhong Chen]"}, "158": {"gemma": "[Christophe Diot, Chen-Nee Chuah, Srikanth V. Krishnamurthy, Michalis Faloutsos, Jennifer Rexford]"}, "159": {"gemma": "[Mikko Raatikainen, Marjo Kauppinen, Kari Smolander]"}, "160": {"gemma": "[Jason Owen Day, Christopher W. O'Dell, David Crisp]"}, "161": {"gemma": "[Mirko Wachter, Eren Erdal Aksoy, Florentin W\u00f6rg\u00f6tter, Carme Torras]"}, "162": {"gemma": "[Paul D. Amer, Martin Becke, Hongke Zhang, Victor C. M. Leung, Nasim Arianpoo]"}, "163": {"gemma": "[Min Zhang, John Shawe-Taylor, Chris Watkins, Taeho Jo]"}, "164": {"gemma": "[Levent Tun\u00e7el, Defeng Sun, Jie Sun, Liqun Qi, Liwei Zhang]"}, "165": {"gemma": "[Pheng-Ann Heng, Jing Qin, Hao Chen, Vincent Mok, Qi Dou]"}, "166": {"gemma": "[Jiawei Han, Philip S. Yu, Wei Wang]"}, "167": {"gemma": "[Shahram Izadi, Jamie Shotton, Adrien Chan-Hon-Tong]"}, "168": {"gemma": "[Leandro S. G. de Carvalho, Edjair Mota, Emmanuel C. Ifeachor, Regeane Aguiar]"}, "169": {"gemma": "[Amit P. Sheth, John A. Miller, Reiman Rabbani, David Martin, Kunal Verma]"}, "170": {"gemma": "[Peng Liang, Lai Xu, Lingling Wei, A.H.M. ter Hofstede]"}, "171": {"gemma": "[Patrick Girard, Kewal K. Saluja, Kuen-Jong Lee]"}, "172": {"gemma": "[Fr\u00e9do Durand, Yingen Xiong, Hanspeter Pfister, Clemens Arth, Sam S. Tsai]"}, "173": {"gemma": "[Jure Leskovec, Bill Triggs, Tinne Tuytelaars, Rob Fergus, James J. Little]"}, "174": {"gemma": "[Jiancheng Fang, Shiqiang Zheng, Bangcheng Han, Lei Guo, Yingguang Wang]"}, "175": {"gemma": "[Romain Couillet, Robert Schober, Stephen V. Hanly, Iain B. Collings, Esa Ollila, Shahram Zarei]"}, "176": {"gemma": "[C.A.J.M. de Bie, Andrew K. Skidmore, Moses Azong Cho, Shawn W. Laffan, Janet Franklin]"}, "177": {"gemma": "[Paul E. Debevec, Ravi Ramamoorthi, Fabio Pellacini]"}, "178": {"gemma": "[Valeria Ruggiero, Neal Parikh, Brendan O'Donoghue, Renliang Gu, Emmanuel J. Cand\u00e8s]"}, "179": {"gemma": "[Dan Chen, Yong Zhao, Samee Ullah Khan, Rajiv Ranjan, Lizhe Wang, Jeffrey S. Chase]"}, "180": {"gemma": "[Kevin A. Kwiat, Michael Iannelli, Kaliappa Ravindran, Ali Sabbir]"}, "181": {"gemma": "[Hrishikesh B. Acharya, Kevin Yoo, Hazem H. Hamed, Mohamed G. Gouda, Alex X. Liu]"}, "182": {"gemma": "[Isabelle Guyon, Guilin Chen, Carla Schlatter Ellis]"}, "183": {"gemma": "[Nicholas D. Lane, Dennis Persson, Qinye Yin, Mohamed-Slim Alouini, Khaled Ben Letaief, Chau Yuen]"}, "184": {"gemma": "[Ju-Sheng Mi, Anjing Fan, Fan Min, William Zhu, Wei-Zhi Wu]"}, "185": {"gemma": "[Jacinto G. Dacosta, Arturo J. M\u00e9ndez, Mar\u00eda J. Lado, Emilio Garc\u00eda Rosell\u00f3]"}, "186": {"gemma": "[Dervis Karaboga, Manuel Lozano, Mina Husseinzadeh Kashan, Celal Ozturk]"}, "187": {"gemma": "[Rui Li, Christoph Trattner, Denis Helic, Ido Guy, Markus Strohmaier]"}, "188": {"gemma": "[Pierre L'Ecuyer, Henry Horng-Shing Lu, Lih-Yuan Deng, Richard J. Simard]"}, "189": {"gemma": "[Donna Byron, Iida Ryu, Heike Zinsmeister]"}, "190": {"gemma": "[Gaurav Somani, Mauro Conti, Dheeraj Sanghi, Mohit Taneja]"}, "191": {"gemma": "[Jon Timmis, Anders Lyhne Christensen, Marco Dorigo, Vito Trianni, Stefano Nolfi]"}, "192": {"gemma": "[Luis Joyanes Aguilar, Michele Colajanni, Riccardo Lancellotti, Willy Zwaenepoel]"}, "193": {"gemma": "[Leszek Szczecinski, Shlomo Shamai, Alex Alvarado, Keith T. Blankenship]"}, "194": {"gemma": "[Baodong Qin, Rafail Ostrovsky, Shafi Goldwasser, Shengli Liu]"}, "195": {"gemma": "[Richard R. Muntz, Michael Hecker, Mohammed J. Zaki]"}, "196": {"gemma": "[Ba-Tuong Vo, Ba-Ngu Vo, Volkan Kilic]"}, "197": {"gemma": "[Wei Ren, Wei Wang, Guanrong Chen, Wenwu Yu]"}, "198": {"gemma": "[Samuel Kaski, Alexandre Gramfort, Srikantan S. Nagarajan, Lauri Parkkonen, Robert Oostenveld]"}, "199": {"gemma": "[Peter Van Hese, Mohamed Y. Eldib, Xingzhe Xie]"}, "200": {"gemma": "[Xiapu Luo, Edmond W. W. Chan, Jes\u00fas E. D\u00edaz-Verdejo, Yajuan Tang]"}, "201": {"gemma": "[Sarah Beecham, Ritu Agarwal, Helen Sharp, Hugh Robinson]"}, "202": {"gemma": "[Adelinde M. Uhrmacher, Frank Kr\u00fcger, Thomas Kirste, Bodo Urban, Sebastian Bader]"}, "203": {"gemma": "[Shunlin Liang, Robert B. Cook, Zhiqiang Xiao, M. Meroni, Fr\u00e9d\u00e9ric Baret]"}, "204": {"gemma": "[Chris Dyer, Yoshua Bengio, Eric H. Huang, Quoc V. Le, Jianpeng Cheng]"}, "205": {"gemma": "[Kelly S. Steelman, Christopher D. Wickens, Charles Wallace, Shreya Kumar, Yuri Gurevich]"}, "206": {"gemma": "[Wei Tang, Volkan Rodoplu, Paolo Santi, Jian Zhen, Min Kyoung Park]"}, "207": {"gemma": "[Haifa Raja Maamar, Azzedine Boukerche, Jerome Royan, Ben Y. Zhao]"}, "208": {"gemma": "[Yang Yang, Gautam Biswas, Geoffrey E. Hinton, Sihui Qi]"}, "209": {"gemma": "[Roy A. Ruddle, Robert W. Lindeman, Bernhard E. Riecke, Christina Trepkowski, Hh B\u00fclthoff]"}, "210": {"gemma": "[Thomas Lengauer, Gonzalo N\u00e1poles, Rafael Bello, Koen Vanhoof, Elpiniki I. Papageorgiou]"}, "211": {"gemma": "[Andrew P. Harrison, Pierre Ledoux, Graham J. G. Upton, Ron Edgar]"}, "212": {"gemma": "[Lingjia Tang, Chandrakant D. Patel, Samee Ullah Khan, Anand Sivasubramaniam, Manish Marwah]"}, "213": {"gemma": "[Pierpaolo D\u2019Urso, Elizabeth Ann Maharaj, Witold Pedrycz]"}, "214": {"gemma": "[Lavanya Ramakrishnan, Dennis Gannon, Beth Plale, Daniel A. Reed]"}, "215": {"gemma": "[Brian Neil Levine, Wang Liu, Tian Wang, Arun Somasundara, David Tse]"}, "216": {"gemma": "[J\u00f6rg Rahnenf\u00fchrer, Thomas Lengauer, Russell Schwartz, Stanley E. Shackney, Alejandro A. Sch\u00e4ffer]"}, "217": {"gemma": "[Karl Lermer, Ian J. Hayes, Colin J. Fidge, Wil M. P. van der Aalst]"}, "218": {"gemma": "[Andrew W. Senior, Yun Zhai, Jonathan H. Connell, Arun Hampapur]"}, "219": {"gemma": "[Dieudonn\u00e9 Tchuente, Marie-Fran\u00e7oise Canut, C. Marie-Fran\u00e7oise Canut, Fr\u00e9d\u00e9ric Amblard, David Carmel, Susan Gauch, Ikram Amous, Andr\u00e9 P\u00e9ninou]"}, "220": {"gemma": "[Marcela Genero, Barbara Weber, Mario Piattini, Barbara Kitchenham, Ariadi Nugroho]"}, "221": {"gemma": "[Reinhard Diestel, Maya Stein, Daniela K\u00fchn]"}, "222": {"gemma": "[Humberto Bustince, Xing-Gang Luo, Eyke H\u00fcllermeier, Edurne Barrenechea]"}, "223": {"gemma": "[Kris Luyten, Marijke Vandermaesen, Tom De Weyer, Karin Coninx]"}, "224": {"gemma": "[Jordi Font, Nuria Duffo, Francesc Torres, Ver\u00f3nica Gonz\u00e1lez-Gambau, Adriano Camps, Philippe Waldteufel, Yann H. Kerr, Eric Anterrieu, Ignasi Corbella]"}, "225": {"gemma": "[Uma Maheswari, Ken Youens-Clark, Silvano Squizzato, Daniel M. Staines, Arnaud Kerhornou]"}, "226": {"gemma": "[Dongsheng Guo, Jun Wang, Yunong Zhang]"}, "227": {"gemma": "[Issel Anne L Lim, Xin Li, Martin A. Lindquist]"}, "228": {"gemma": "[Zeljko Zilic, Kees Goossens, Masahiro Fujita, Nicola Nicolici, William J. Dally, Bart Vermeulen]"}, "229": {"gemma": "[Narcis Pares, Amaia Herv\u00e1s, Judith Good, Christopher Frauenberger, Alyssa Alcorn]"}, "230": {"gemma": "[Carlos Hoppen, Yoshiharu Kohayakawa, L\u00e1szl\u00f3 Lov\u00e1sz, Daniel Kr\u00e1l]"}, "231": {"gemma": "[Degang Chen, Haralampos-G. D. Stratigopoulos, Stephen K. Sunter, Ke Huang, Abhijit Chatterjee]"}, "232": {"gemma": "[Alan Dix, Mahmood Niazi, Jussi Koskinen, Tero Tilus, Henna Sivula, Jarmo J. Ahonen]"}, "233": {"gemma": "[Suman Banerjee, Hongkun Li, Peng-Jun Wan]"}, "234": {"gemma": "[Pedro F. Felzenszwalb, Krystian Mikolajczyk, Visvanathan Ramesh, Peter Meer]"}, "235": {"gemma": "[Annegret Katrin Wagler, Claudio Gentile, Paolo Ventura, Thomas M. Liebling]"}, "236": {"gemma": "[Mark Harman, Nachiappan Nagappan, Robert C. Miller, Philip J. Guo]"}, "237": {"gemma": "[Ivan Zelinka, Roman Senkerik, Michal Pluhacek, Ville Tirronen]"}, "238": {"gemma": "[Ahmad A. Al-Yamani, Subhasish Mitra, Nilanjan Mukherjee]"}, "239": {"gemma": "[Per \u00d6dling, Tet Hin Yeap, Christof Paar, Haiquan Zhao]"}, "240": {"gemma": "[Samuel Madden, Wenfei Fan, Maozhen Li, Jianchang Xiao, Florian Waas]"}, "241": {"gemma": "[Shu Lu, Stephen M. Robinson, Adam B. Levy, Adrian S. Lewis]"}, "242": {"gemma": "[Mark Handley, Scott Shenker, Kazuyuki Shudo]"}, "243": {"gemma": "[Elliot Moore, Nicholas B. Allen, Sharifa Alghowinem, Margaret Lech, Stefan Scherer]"}, "244": {"gemma": "[Carl Kesselman, Ian T. Foster, Kyle Chard, Ben Blaiszik]"}, "245": {"gemma": "[Shaoli Liu, Dan C. Ciresan, Yoshua Bengio, Ueli Meier]"}, "246": {"gemma": "[Jianghua Jiang, Yacine Challal, Abdelmadjid Bouabdallah]"}, "247": {"gemma": "[Marcus Barkowsky, Alan C. Bovik, Zhou Wang, Heiko Schwarz, Gary J. Sullivan, Miko\u0142aj Leszczuk]"}, "248": {"gemma": "[David Gefen, Viswanath Venkatesh, Soussan Djamasbi, Thomas S. Tullis, Ruijiao (Rachel) Yang, Adrienne Hall-Phillips, Dennis F. Galletta, D. Harrison McKnight]"}, "249": {"gemma": "[Chenyang Lu, Theodora A. Varvarigou, Tommaso Cucinotta, Alain Tchana]"}, "250": {"gemma": "[Haobo Qiu, Ponnuthurai N. Suganthan, Quan-Ke Pan, Peigen Li]"}, "251": {"gemma": "[Emilio Delgado L\u00f3pez-C\u00f3zar, Judit Bar-Ilan, Lutz Bornmann, Enrique Ordu\u00f1a-Malea]"}, "252": {"gemma": "[Steven Tuecke, Carl Kesselman, Ian T. Foster, G. Bruce Berriman]"}, "253": {"gemma": "[Lai-Rong Dung, Chok-Kwan Cheung, Khan A. Wahid]"}, "254": {"gemma": "[Xianlong Hong, Sachin S. Sapatnekar, David Z. Pan, Tong Jing, Jingyu Xu]"}, "255": {"gemma": "[S. Manjunath, P. Punitha, Andrew Zisserman, B. S. Harish, Rajprasad Rajkumar]"}, "256": {"gemma": "[Isabel F. Cruz, Irini Fundulaki, Huiyong Xiao]"}, "257": {"gemma": "[Yujing Guan, Guangming Shi, Stanley Osher, Bo Wang, Weisheng Dong]"}, "258": {"gemma": "[Naomi Fujimura, Eisuke Ito, Yoshiaki Kasahara]"}, "259": {"gemma": "[Henrik Bj\u00f6rklund, Uri Zwick, Endre Boros]"}, "260": {"gemma": "[Nicolas Kassis, Tristan Glatard, Najmeh Khalili-Mahani, Reza Adalat]"}, "261": {"gemma": "[Madilyn Fletcher, Jonas S. Almeida, Eberhard O. Voit, Umberto Ferraro Petrillo, Susana Vinga]"}, "262": {"gemma": "[Jun-Heng Yeh, Wen-Yuan Liao, Shashidhar G. Koolagudi, Tsang-Long Pao]"}, "263": {"gemma": "[Dag Sverre Syrdal, Kerstin Dautenhahn, Takanori Shibata, Kheng Lee Koay, Ben Robins, Maja J. Matari\u0107]"}, "264": {"gemma": "[Hermann Ney, Jian-Cheng Wu, Jason S. Chang]"}, "265": {"gemma": "[Samuel Williams, Leonid Oliker, Wen Jun Tan, Katherine A. Yelick]"}, "266": {"gemma": "[Jaime Gutierrez 0004, Gustavo Camps-Valls, Valero Laparra, Francesc J. Ferri]"}, "267": {"gemma": "[Frank Dabek, Hector Garcia-Molina, Hillol Kargupta, Ion Stoica, Scott Shenker]"}, "268": {"gemma": "[Feng Chen, Deng Liu, Xiaodong Zhang, Lingyu Liang]"}, "269": {"gemma": "[Peyman Pouyan, Esteve Amat, Fahad Ahmed]"}, "270": {"gemma": "[Javier P\u00e9rez Iglesias, Xin Yao, Marco Tomassini, Leonardo Vanneschi]"}, "271": {"gemma": "[Ad Aertsen, Anthony N. Burkitt, Abigail Morrison, Markus Diesmann]"}, "272": {"gemma": "[Dah-Jye Lee, Eduardo Ros, Zhaoyi Wei, Carlos Cuadrado, Brent E. Nelson]"}, "273": {"gemma": "[Klaus David, J\u00e9r\u00f4me Picault, Michael Sutterer]"}, "274": {"gemma": "[Diane J. Cook, John A. Stankovic, David Wetherall, Srikanth V. Krishnamurthy, Homin Park]"}, "275": {"gemma": "[Ludo Waltman, Lutz Bornmann, Charles Oppenheim, Giovanni Abramo, Ciriaco Andrea D'Angelo]"}, "276": {"gemma": "[Erjia Yan, Tehmina Amjad, Juanzi Li, Ali Daud, Ying Ding]"}, "277": {"gemma": "[Laisen Nie, K.J.R. Liu, Jeffrey G. Andrews, Victor C. M. Leung, Ning Wang]"}, "278": {"gemma": "[Sven Casteleyn, Alexander Knapp, Geert-Jan Houben]"}, "279": {"gemma": "[Mitsuharu Morisawa, H. Martinez-Barbera, Fumio Kanehiro]"}, "280": {"gemma": "[Gregg Rothermel, Myra B. Cohen, Eitan Farchi]"}, "281": {"gemma": "Error!"}, "282": {"gemma": "[Lemuria Carter, Umar Ruhi, Yi Liu, Pascale Fung, Katia P. Sycara]"}, "283": {"gemma": "[Christopher Mears, Tom Kelsey, Ian Miguel, Toby Walsh]"}, "284": {"gemma": "[Vincent van der Leest, Erik van der Sluis, Jorge Guajardo, Sandeep S. Kumar]"}, "285": {"gemma": "[Fabian Glaser, Tal Pupko, Turkan Haliloglu, Robert A Murgita, Sanguk Kim]"}, "286": {"gemma": "[Daniel J. Crichton, Chris A. Mattmann, Nenad Medvidovic, Paul M. Ramirez, Cameron Goodale]"}, "287": {"gemma": "[Srecko Joksimovic, Dragan Gasevic, Marek Hatala, Amal Zouaq, Christopher D. Manning]"}, "288": {"gemma": "[Walter Quattrociocchi, Jure Leskovec, Shlomo Havlin, M. E. J. Newman]"}, "289": {"gemma": "[Gheorghe Paun, Jos\u00e9 M. Sempere, Victor Mitrana, Artiom Alhazov, Erzs\u00e9bet Csuhaj-Varj\u00fa, Carlos Mart\u00edn-Vide, Yurii Rogozhin]"}, "290": {"gemma": "[Mar\u00eda Alpuente, Sebasti\u00e1n Schaffert, Fran\u00e7ois Bry, Stelios Paparizos]"}, "291": {"gemma": "[Tapan S. Parikh, Edward Cutrell, Indrani Medhi, Jahanzeb Sherwani]"}, "292": {"gemma": "[Coert Metz, Michiel Schaap, Wiro J. Niessen, T. van Walsum]"}, "293": {"gemma": "[Danny Lo Seen, Fran\u00e7ois Waldner, Clement Atzberger, Pierre Defourny, Claudia Kuenzer, Ursula Gessner, Agn\u00e8s B\u00e9gu\u00e9]"}, "294": {"gemma": "[Michel Gevers, Fotis N. Koumboulis, Maria P. Tzamtzi, Gabriel Solari]"}, "295": {"gemma": "[Albert Bifet, Giacomo Boracchi, Yuhua Li]"}, "296": {"gemma": "[Javier Ruiz-del-Solar, Daniel Riccio, Michele Nappi, Patrick J. Flynn]"}, "297": {"gemma": "[Miguel L. Bote-Lorenzo, Carlos Alario-Hoyos, Davinia Hern\u00e1ndez-Leo, Adolfo Ruiz-Calleja]"}, "298": {"gemma": "[Eduardo Reck Miranda, Wendy E. Mackay, Frank Vetere, Hanif Baharin, Ralf Muhlberger]"}, "299": {"gemma": "[Rohan D. Teasdale, Philip E. Bourne, J. Lynn Fink, Jianjun Hu, Rolf Apweiler, Andreas Prli\u0107]"}, "300": {"gemma": "[Jian Sun, Hui Zhang, Kun Zhou, Jean-Claude Paul]"}, "301": {"gemma": "[Nitin H. Vaidya, Nicol\u00f2 Facchi, Lin Dai, Carlos Paz Garc\u00eda, Albert Banchs]"}, "302": {"gemma": "[Jingen Ni, Ali H. Sayed, Sara Tressens, Allen Y. Yang, Julien Mairal]"}, "303": {"gemma": "[Keitarou Ishikawa, Kentaro Kojima, Masahito Kitamura, Takehiro Inohara]"}, "304": {"gemma": "[Laurent Itti, Veronica Sundstedt, George Alex Koulieris]"}, "305": {"gemma": "[Zygmunt J. Haas, Jens-Peter Redlich, Rimon Barr]"}, "306": {"gemma": "[Yonina C. Eldar, Huaping Liu, Fuchun Sun]"}, "307": {"gemma": "[Wai Sun Don, Yufeng Shi, Bruno Costa]"}, "308": {"gemma": "[Sultan Alneyadi, Elankayer Sithirasenan, Vallipuram Muthukkumarasamy, Changhua He]"}, "309": {"gemma": "[Shuvra S. Bhattacharyya, Nicolas Siret, Micka\u00ebl Raulet, Marco Mattavelli, Jorn W. Janneck]"}, "310": {"gemma": "[Patrick J. Flynn, Kang Ryoung Park, Alexander Zelinsky, Peter Corcoran]"}, "311": {"gemma": "[Przemys\u0142aw Gordinowicz, Anthony Bonato, Pawe\u0142 Pra\u0142at, Margaret-Ellen Messinger]"}, "312": {"gemma": "[Bert J\u00fcttler, Hendrik Speleers, Alessandra Sestini, Michal Bizzarri, Malik Zawwar Hussain, Carla Manni, Marjeta Krajnc]"}, "313": {"gemma": "[Jong Min Kim, Yonina C. Eldar, Terence Tao, Petre Stoica, Namrata Vaswani, Bhaskar D. Rao, Jinchun Zhan, Jong Chul Ye, Ok Kyun Lee, Yoram Bresler]"}, "314": {"gemma": "[Julius Ziegler, Andreas Lawitzky, Moritz Werling]"}, "315": {"gemma": "[Shengxiang Yang, Changhe Li, Mohammad Reza Meybodi, Lili Liu, Tim Blackwell]"}, "316": {"gemma": "[Stefan Wermter, Xavier Hinaut, Maxime Petit]"}, "317": {"gemma": "[Alberto Sanfeliu, Rachid Alami, Chrystopher L. Nehaniv, Horst Bunke]"}, "318": {"gemma": "[Saverio Niccolini, Mustaque Ahamad]"}, "319": {"gemma": "[Christopher Kruegel, Vern Paxson, Giovanni Vigna]"}, "320": {"gemma": "[Barbara I. Wohlmuth, Carsten Carstensen, Patrick Hild, Yves Renard, Zizhong Chen]"}, "321": {"gemma": "[Amelia Glaese, Valeriy Vyatkin, Gulnara Zhabelova, Chen-Wei Yang]"}, "322": {"gemma": "[Surender Reddy Yerva, Andrea Molinari, Paolo Bouquet, Chiara Ghidini, Armando Stellato]"}, "323": {"gemma": "[Hans S\u00f8ndergaard, Andy J. Wellings, Ana Cavalcanti, Daniel Tang]"}, "324": {"gemma": "[Samuel Huron, Brygg Ullmer, Robert J. K. Jacob]"}, "325": {"gemma": "[Juan Luis Esteban, Christian Gla\u00dfer, Nicola Galesi, Alan L. Selman, Liyu Zhang]"}, "326": {"gemma": "[Alok Sharma, Kuldip Kumar Paliwal, James Lyons, Abdollah Dehzangi, Tao Yang, Yuedong Yang]"}, "327": {"gemma": "[Axel Neumann, Ester Lopez, Pau Escrich, Mennan Selimi, Roger Pueyo]"}, "328": {"gemma": "[Sasha Rubin, Olivier Finkel, Dominique Lecomte, Filip Murlak]"}, "329": {"gemma": "[Xiao Qin, Di Wang, Yuanyuan Zhou, Anand Sivasubramaniam, Andreas Weissel]"}, "330": {"gemma": "[Gang Deng, Lixia Zhang, Songwu Lu, Chuanxiong Guo, Haitao Wu]"}, "331": {"gemma": "[Sean Donovan, Anja Feldmann, Scott Shenker, Nick McKeown]"}, "332": {"gemma": "[Wesley P. Chan, R\u00fcdiger Dillmann, Siddhartha S. Srinivasa, Michael Beetz, Jacopo Aleotti]"}, "333": {"gemma": "[Hans-Christian Hege, Markus H. Gross, R\u00fcdiger Westermann, Hans-Peter Seidel, Byeong-Seok Shin]"}, "334": {"gemma": "[Dorothy E. Leidner, Viswanath Venkatesh, Kwok Kee Wei, Maryam Alavi]"}, "335": {"gemma": "[Ying-Ke Lei, De-Shuang Huang, Xiao-Fei Zhang, Marija Rasajski]"}, "336": {"gemma": "[Cordelia Schmid, Yu Qiao, Xiaoou Tang, Dacheng Tao]"}, "337": {"gemma": "[Ulrike Golas, Fernando Orejas, Leen Lambers, Annegret Habel]"}, "338": {"gemma": "[Roberto Amadini, Jacopo Mauro, Fabio Biselli, Kevin Leyton-Brown, Yuri Malitsky, Lars Kotthoff]"}, "339": {"gemma": "[Grace Elias, Christof Paar, Marine Minier, Gregor Leander]"}, "340": {"gemma": "[Michael J. Mendenhall, Yang Xiao, Yanping Zhang, Robert F. Mills, Saeed Ur Rehman, Kevin W. Sowerby]"}, "341": {"gemma": "[David E. Culler, Srikrishna Iyer, Patrick Schaumont, Yaling Yang]"}, "342": {"gemma": "[Sebastian Steinhorst, Dogan Ulus, Alper Sen, Oded Maler]"}, "343": {"gemma": "[Hiroyuki Okamura, Tadashi Dohi, Y. Watanabe, Alex Kondratyev]"}, "344": {"gemma": "[M. Santos, Alysson Neves Bessani, Christian Cachin, Edmund L. Wong]"}, "345": {"gemma": "[Lucian Ilie, Rajeev Raman, Mathieu Giraud, Shunsuke Inenaga, Hideo Bannai]"}, "346": {"gemma": "[Diane J. Cook, Alessandro Saffiotti, Sebastian Thrun, Antonio Sgorbissa, Renato Zaccaria]"}, "347": {"gemma": "[P. Dhavachelvan, M. Shanmugam, Sylvain Dahan]"}, "348": {"gemma": "[Qiang Shen, Li Zhang, Brian Zill, Jitendra Padhye, Nauman Aslam, Graham Sexton]"}, "349": {"gemma": "[Jean-Pierre Chevallet, Eric Gaussier, Joo Hwee Lim, Jiang Liu, Ali Mustafa Qamar]"}, "350": {"gemma": "[Eduardo Tavares, Ricardo Massa Ferreira Lima, Paulo Romero Martins Maciel, Gustavo Rau de Almeida Callou, Meuse N. O. Junior, Raimundo S. Barreto]"}, "351": {"gemma": "[Richard J. Davidson, Stacey M. Schaefer, Anqi Qiu, Michael I. Miller, Moo K. Chung]"}, "352": {"gemma": "[Grover S. Kearns, Man Zhang, Louis Raymond, Fran\u00e7ois Bergeron]"}, "353": {"gemma": "[R. P. Maheshwari, Subrahmanyam Murala, Topi M\u00e4enp\u00e4\u00e4, Matti Pietik\u00e4inen]"}, "354": {"gemma": "[Carsten W. Scherer, Patrizio Colaneri, Tomomichi Hagiwara, Yohei Hosoe, Denis Arzelier]"}, "355": {"gemma": "[Holger Conzelmann, William S. Hlavacek, Michael L. Blinov, Markus Koschorreck]"}, "356": {"gemma": "[Naehyuck Chang, Hojung Cha, Rhan Ha, Massoud Pedram, Y. Charlie Hu]"}, "357": {"gemma": "[Michal Irani, Yaron Caspi, Michael Fahrmair, Gulcin Caner]"}, "358": {"gemma": "[Hannes H\u00f6gni Vilhj\u00e1lmsson, Timothy W. Bickmore, Darren Edge, Justine Cassell]"}, "359": {"gemma": "[Sylvia Ratnasamy, Maziar Manesh, Daniel Raumer, Norbert Egi, Felipe Huici, Allan D. Knies]"}, "360": {"gemma": "[Anisoara Nica, Samuel Madden, Peter Bumbulis]"}, "361": {"gemma": "[Jie Cheng, Qinhuo Liu, Jos\u00e9 A. Sobrino]"}, "362": {"gemma": "[Thomas Pajor, Liran Carmel, Yehuda Koren, Ulrik Brandes, David Harel]"}, "363": {"gemma": "[Muhammad Aslam Uqaili, Imran Memon, Faisal Kareem Shaikh, Roshan Shaikh, Ling Chen]"}, "364": {"gemma": "[Xiang-Gen Xia, Chintha Tellambura, Iickho Song]"}, "365": {"gemma": "[Stanley Osher, Jianbo Liu, Shanshan Wang, Donald Goldfarb]"}, "366": {"gemma": "[Oliver Bringmann, Wolfgang Rosenstiel, Hoang M. Le, Katrin Sippel]"}, "367": {"gemma": "[Alexander J. Smola, Seong Whan Lee, David A. Forsyth, Benjamin Blankertz]"}, "368": {"gemma": "[Suvrajeet Sen, Laureano F. Escudero, Antonio Alonso-Ayuso, Thibault Lehouillier]"}, "369": {"gemma": "[Lori A. Clarke, Salvatore J. Stolfo, Carrie Gates, Heather M. Conboy]"}, "370": {"gemma": "[Marco Maratea, Holger H. Hoos, Tomi Janhunen, Luca Pulina, Stefan Ziller]"}, "371": {"gemma": "[Daowen Qiu, Carlo Mereghetti, Beatrice Palano, Abuzer Yakaryilmaz]"}, "372": {"gemma": "[Matthijs T. J. Spaan, Pedro U. Lima, An\u00edbal Ollero, Abdolkarim Pahliani]"}, "373": {"gemma": "[Jie Yang, Philip S. Yu, Xing Xie, Jaime Teevan]"}, "374": {"gemma": "[Matthew Soukup, John Riedl, Tao Li, Francesco Ricci, Shyong K. Lam, Joseph A. Konstan, Shilad Sen]"}, "375": {"gemma": "[Francesca Gasparini, Raimondo Schettini, Graham D. Finlayson, Daniele Marini, Carla Brambilla]"}, "376": {"gemma": "[C\u00e2ndida G. Silva, Rui M. M. Brito, Werner Dubitzky, Paulo J. Azevedo, Nuno Loureiro-Ferreira]"}, "377": {"gemma": "[Olivier Fourmaux, Natalia M. Markovich, Udo R. Krieger, Philipp M. Eittenberger]"}, "378": {"gemma": "[Kana Deguchi, Motohiko Isaka, R\u00fcdiger L. Urbanke, Anderson C. A. Nascimento, Shun Watanabe]"}, "379": {"gemma": "[Dinesh Manocha, Min Tang, Ming C. Lin, Gabriel Zachmann]"}, "380": {"gemma": "[Hui Wu, Chun Jason Xue, Vivy Suhendra]"}, "381": {"gemma": "[Andr\u00e1s Horv\u00e1th, Tadashi Dohi, Philipp Reinecke, Katinka Wolter]"}, "382": {"gemma": "[Xavier Pennec, Nicholas Ayache, Simon K. Warfield, Carl-Fredrik Westin, Gary E. Christensen, Alex D. Leow, Iman Aganj, Neda Jahanshad, Guido Gerig, Bram Stieltjes, Nicholas G. Martin, Margaret J. Wright, Max A. Viergever]"}, "383": {"gemma": "[Jos\u00e9 Cortez, Ana Lucila Sandoval Orozco, Luis Javier Garc\u00eda Villalba, Athar Mahboob]"}, "384": {"gemma": "[Sanjoy K. Baruah, Konstantinos Bletsas, Ragunathan Rajkumar, Shinpei Kato]"}, "385": {"gemma": "[Jie Ding, Ai-Guo Wu, Guang-Ren Duan]"}, "386": {"gemma": "[Iker Gondra, Tessa A. Lau, I. V. Ramakrishnan, Hironobu Takagi, Yevgen Borodin]"}, "387": {"gemma": "[Henryk Wo\u017aniakowski, Peter Kritzer, Frances Y. Kuo, Ian H. Sloan, Friedrich Pillichshammer]"}, "388": {"gemma": "[Ariane Oliveira Ferreira, Helen Petrie, Simone Bacellar Leal Ferreira, Barbara Leporini, Ingrid Teixeira Monteiro, Clarisse Sieckenius de Souza]"}, "389": {"gemma": "[Valentina Lanza, Paolo Maffezzoni, Bichoy Bahr, Luca Daniel, Michele Bonnin, Zheng Zhang, Fernando Corinto, Salvatore Levantino, Andrea L. Lacaita]"}, "390": {"gemma": "[Pong Chi Yuen, Wen-Sheng Chen, Hua Yu, Binbin Pan, Bin Fang, David D. Zhang, Anil K. Jain, Jian Huang, Michael I. Jordan]"}, "391": {"gemma": "[Dimitrios M. Thilikos, Takehiro Ito]"}, "392": {"gemma": "[Eduardo Fern\u00e1ndez, Jos\u00e9 Maria Azor\u00edn, Wilfredis Medina-Mel\u00e9ndez, Rafael Aracil]"}, "393": {"gemma": "[Reza Farrahi Moghaddam, Azeddine Beghdadi, Frank Lebourgeois, Mohamed Riad Yagoubi]"}, "394": {"gemma": "[Jan Martijn E. M. van der Werf, Garm Lucassen, Fabiano Dalpiaz, Sjaak Brinkkemper]"}, "395": {"gemma": "[Qiang Shen, Qinghua Hu, Daren Yu, C. Raghavendra Rao, Panday Sanjeeb Prasad]"}, "396": {"gemma": "[Guanrong Chen, Kwok-Wo Wong, Chengqing Li, Leo Yu Zhang]"}, "397": {"gemma": "[Daniele Vigo, Cl\u00e1udio Alves, J\u00fcrgen Rietz, Silvano Martello, J. M. Val\u00e9rio de Carvalho]"}, "398": {"gemma": "[Michael Factor, Xiaodong Meng, Yuanyuan Zhou, Dharmendra S. Modha, Kai Li]"}, "399": {"gemma": "[Lianggui Liu, Guanfeng Liu, Yan Wang, Mehmet A. Orgun, Turgay Korkmaz]"}, "400": {"gemma": "[David C. van Moolenbroek, Andrew S. Tanenbaum, Swaminathan Sundararaman]"}, "401": {"gemma": "[Nigel H. Lovell, Stephen J. Redmond, Angelo M. Sabatini, Kamiar Aminian, Philippe Robert, Bijan Najafi, Maysam Ghovanloo]"}, "402": {"gemma": "[Igor Ebrahim dos Santos, Dag I. K. Sj\u00f8berg, Mario Piattini, Marco Torchiano, Forrest Shull]"}, "403": {"gemma": "[Matthew Carrasco, Rhema Linder, Sashikanth Damaraju, Andruid Kerne, Eunyee Koh]"}, "404": {"gemma": "[Pete Wyckoff, George Bosilca, Mohammad J. Rashti, Xiaoyi Lu, Ron Brightwell]"}, "405": {"gemma": "[Philip C. Woodland, Kalika Bali, Udhyakumar Nallasamy, Florian Metze]"}, "406": {"gemma": "[Heekuck Oh, Michael Feiri, Jean-Pierre Hubaux, Frank Kargl, Antonio Kung]"}, "407": {"gemma": "[Jean-Marc Vincent, Nihal Pekergin, Franck Quessette, Jean-Michel Fourneau]"}, "408": {"gemma": "[Yunxing Ye, Yishuang Geng, Kaveh Pahlavan, Guanqun Bao, Umair Khan]"}, "409": {"gemma": "[Paula E. Stephan, Luis F. Luna-Reyes, Theresa A. Pardo, Djoko Sigit Sayogo]"}, "410": {"gemma": "[Donald F. Towsley, Mario Gerla, Raffaello Secchi]"}, "411": {"gemma": "[Ryan Williams, Subhash Khot, Iannis Tourlakis]"}, "412": {"gemma": "[Fajie Yuan, ChengXiang Zhai, Ming-Feng Tsai, Lars Schmidt-Thieme, Zeno Gantner]"}, "413": {"gemma": "[Youngtae Noh, Tommaso Melodia, P. Wang, Seyed Mohammad Ghoreyshi, Mario Gerla, Ian F. Akyildiz]"}, "414": {"gemma": "[Patrick Ediger, Christian Schack, Rolf Hoffmann, Wolfgang Heenes]"}, "415": {"gemma": "[Luigina Ciolfi, Steve Benford, A. Schmidt, Eva Hornecker, John Bowers]"}, "416": {"gemma": "[Wei Li, Chun Chen, W. Bruce Croft]"}, "417": {"gemma": "[George L Smith, Yang Xiao]"}, "418": {"gemma": "[Tufan Kumbasar, Mujde Guzelkaya, Engin Yesil, Jerry M. Mendel]"}, "419": {"gemma": "[Raquel Barco, Jos\u00e9 M. Ruiz-Aviles, Fe\u0301lix Barba Barba, Mariano Molina-Garcia, Jaime Calle-Sanchez, Muhammad Ali Imran]"}, "420": {"gemma": "[Stefano Nolfi, Jun Tani, Chrystopher L. Nehaniv, Arne Zeschel]"}, "421": {"gemma": "[A. Zavala-r\u00edo, Victor M. Hern\u00e1ndez-Guzm\u00e1n, Fernando Reyes, Arturo Zavala-R\u00edo]"}, "422": {"gemma": "[Ingrid Verbauwhede, Christof Paar, Tim G\u00fcneysu, Thomas P\u00f6ppelmann, Phong Q. Nguyen]"}, "423": {"gemma": "[Claudia-Adina Dragos, Stefan Preitl, Emil M. Petriu, Mircea-Bogdan Rdac]"}, "424": {"gemma": "[Zhuohua Duan, Masafumi Hashimoto, Puneet Goel]"}, "425": {"gemma": "[Binwu Zhang, Yong He, Jianzhong Zhang, Clemens Heuberger, Enyu Yao]"}, "426": {"gemma": "[Marc Peeters, Zeger Degraeve, Silvio Alexandre de Araujo, Paolo Toth, Valentina Cacchiani]"}, "427": {"gemma": "[Burak Turhan, David Martens, Xin Yao, Emilia Mendes, Leandro L. Minku]"}, "428": {"gemma": "[Sebastian Sowa, Huseyin Cavusoglu, Birendra K. Mishra, Srinivasan Raghunathan]"}, "429": {"gemma": "[Marc Kemps-Snijders, Philipp Cimiano, Judith Eckle-Kohler, Sebastian Hellmann]"}, "430": {"gemma": "[Frank Innerhofer-Oberperfler, Michael Felderer, Rafael Accorsi]"}, "431": {"gemma": "[Li Erran Li, Thomas Kunz, Hari Balakrishnan]"}, "432": {"gemma": "[Andreas L. Opdahl, Guttorm Sindre, Mario Piattini, Paolo Giorgini, Robin C. Laney]"}, "433": {"gemma": "[Samuel Madden, Mark A. Paskin, Rahul Sukthankar]"}, "434": {"gemma": "[Ralph Girard, Dara Entekhabi, Eni G. Njoku, Michael W. Spencer]"}, "435": {"gemma": "[Hajo Broersma, Paul M. Heysters, Yuanqing Guo, Christopher T. Clarke, Gerard J. M. Smit]"}, "436": {"gemma": "[B. Sundar Rajan, Saif Khan Mohammed, N. Srinidhi, Marc P. C. Fossorier, Tanumay Datta, Ananthanarayanan Chockalingam, Ronghui Peng, David Declercq, Kenta Kasai, Anupap Meesomboon]"}, "437": {"gemma": "[Nathalie Moreno, Piero Fraternali, Fabio Patern\u00f2, Marco Brambilla, Stefano Ceri]"}, "438": {"gemma": "[Jin-Fu Li, Cheng-Wen Wu]"}, "439": {"gemma": "[Erich Bruns, Natasha Gelfand, Oliver Bimber, Gabriel Takacs]"}, "440": {"gemma": "[Arkadiusz Sochan, Micha\u0142 Romaszewski, Przemys\u0142aw G\u0142omb]"}, "441": {"gemma": "[Guo-Ping Liu, Chuan-Ke Zhang, Jin-Hua She, Ryuichi Yokoyama]"}, "442": {"gemma": "[Tao Ju, Jing He, Wah Chiu, Kamal Al Nasr, Ian Rees]"}, "443": {"gemma": "[Josep Llad\u00f3s, Horst Bunke, Yuzuru Tanaka, Kengo Terasawa]"}, "444": {"gemma": "[Qixun Zhang, Rui Zhang, Shuguang Cui, Piyush Gupta, Mai Vu]"}, "445": {"gemma": "[Adil Kenzi, Schahram Dustdar, Zakaria Maamar, Soo Dong Kim]"}, "446": {"gemma": "[C\u00e1ssia Trojahn, Christian Meilicke, Isabel F. Cruz, Ond\u0159ej \u0160v\u00e1b-Zamazal, Wei Hu, Ryutaro Ichise]"}, "447": {"gemma": "[Andrzej Obuchowicz, Pawe\u0142 Filipczuk, Thomas Fevens, Marek Kowal, Tomasz Nieczkowski]"}, "448": {"gemma": "[Riichiro Mizoguchi, Tetsuo Tomiyama, Yoshiki Shimomura]"}, "449": {"gemma": "[Moritz Diehl, James B. Rawlings, Manfred Morari, Dominique Bonvin]"}, "450": {"gemma": "[Chuang Lin, Dacheng Yang, Lin Sang, Pengxiang Li]"}, "451": {"gemma": "[Shlomo Shamai, Mohammad Reza Aref, Reihaneh Safavi-Naini, Julio C. Hernandez-Castro]"}, "452": {"gemma": "[Yuji Sakane, Mitsuo Gen, Zuobao Wu, Min Liu]"}, "453": {"gemma": "[Micheal Baechler, Basilios Gatos, Umapada Pal, Abdel Bela\u00efd, Abderrazak Zahour]"}, "454": {"gemma": "[Michael L. Walters, Kerstin Dautenhahn, Kheng Lee Koay, Anders Green, Britta Wrede]"}, "455": {"gemma": "[Sergio Pajares Ferrando, Eva Onaindia, J\u00f6rg Hoffmann]"}, "456": {"gemma": "[Shih-Hao Hung, Krishan Sabnani, Mahadev Satyanarayanan, Yuvraj Agarwal, David E. Culler]"}, "457": {"gemma": "[Giovanni Righini, Luiz Satoru Ochi, Anand Subramanian, Yuvraj Gajpal]"}, "458": {"gemma": "[Wei-Hung Lin, Shi-Jinn Horng, Tzung-Her Chen]"}, "459": {"gemma": "[Jung Je Son, Tae Ok Kim, Jin Soo Park, Kyung Jae Kim, Bong Dae Choi, Wuyi Yue, Giuseppe Bianchi, Danny H. K. Tsang]"}, "460": {"gemma": "[Yu Zhang, Yi Yang, David C. Schwartz]"}, "461": {"gemma": "[Mark S. Miller, Ninghui Li, Fred Spiessens, Nicola Zannone]"}, "462": {"gemma": "[Lei Yu, Louis Wehenkel, Peter Stone, Andrew Y. Ng, Satinder P. Singh]"}, "463": {"gemma": "[Brent Waters, Amit Sahai, Dong Hoon Lee, Vincenzo Iovino, Dan Boneh]"}, "464": {"gemma": "[Chao-Tung Yang, Carl Kesselman, Ian T. Foster, Sung-Yi Chen, Kuan-Ching Li]"}, "465": {"gemma": "[Mirella M. Moro, Federica Mandreoli, Fusheng Wang, Vassilis J. Tsotras, Carlo Zaniolo]"}, "466": {"gemma": "[Xianlong Hong, Yiyu Shi, Sung Kyu Lim, Mukesh Agrawal, David Blaauw]"}, "467": {"gemma": "[G. Susinder Rajan, B. Sundar Rajan, Fr\u00e9d\u00e9rique E. Oggier, Chau Yuen]"}, "468": {"gemma": "[Hideo Fujiwara, Subhasish Mitra, Giorgio Di Natale, Marie-Lise Flottes, Bruno Rouzeyre]"}, "469": {"gemma": "[Yorgos Goletsis, Aristidis Likas, Argyris Kalogeratos]"}, "470": {"gemma": "[Claude Carlet, Cunsheng Ding, Nian Li, Chunming Tang]"}, "471": {"gemma": "[Jie Yang, Leslie D. Setlock, Susan R. Fussell]"}, "472": {"gemma": "[Anne Benoit, \u00dcmit V. \u00c7ataly\u00fcrek, Tahsin M. Kur\u00e7, Joel H. Saltz]"}, "473": {"gemma": "[King Ngi Ngan, Dorin Comaniciu, Guizhong Liu, Jietao Jing]"}, "474": {"gemma": "[Xiuyi Jia, Yiyu Yao, Wojciech Ziarko, Roman S\u0142owi\u0144ski, Yuhua Qian]"}, "475": {"gemma": "[Tinne Tuytelaars, Xiang Chen, Aaron Mavrinac, Ruzena Bajcsy]"}, "476": {"gemma": "[Shaofeng Liu, James F. Courtney, Iain Boyle, Mansur Darlington]"}, "477": {"gemma": "[Snorre Aunet, Julian F. Miller, Pauline C. Haddow, Morten Hartmann]"}, "478": {"gemma": "[Radu Bogdan Rusu, Anne-Katrin Mahlein, Stefan Paulus, Heiner Kuhlmann]"}, "479": {"gemma": "[Dianfu Ma, Mike P. Papazoglou]"}, "480": {"gemma": "[Valentina Martina, Nikolaos Efthymiopoulos, Maria Efthymiopoulou]"}, "481": {"gemma": "[Matthieu Tuna, Erik Jan Marinissen, Habib Mehrez, S. Simon Wong]"}, "482": {"gemma": "[Nam Sung Kim, Isabel C. Teixeira, Jo\u00e3o Paulo Teixeira, M. B. Santos]"}, "483": {"gemma": "[Bartosz Swistak, Konrad Banachowicz, Vitalii Kutia, Emmanouil Tsardoulias, Michael Beetz, W\u0142odzimierz Kasprzak, Tomasz Kornuta, M. Wal\u0119cki, Tomasz Winiarski, Cezary Zieli\u0144ski, Sofia E. Reppou, Alexandros Giokas, Wojciech Szynkiewicz]"}, "484": {"gemma": "[William Brown, Suzanne Bakken, Rebecca Schnall, Leanne M. Currie]"}, "485": {"gemma": "[Kung Fu Ng, Boris S. Mordukhovich, Michel Th\u00e9ra, Jane J. Ye]"}, "486": {"gemma": "[Jerry Chi-Yuan Chou, Robert D. Ryne, Gagan Agrawal, Yu Su]"}, "487": {"gemma": "[John Vines, Kori Inkpen, Michael Massimi, Saul Greenberg, Patrick Olivier]"}, "488": {"gemma": "[Muhammad Farooq, Edward Sazonov, Juan M. Fontana, Nabil Alshurafa]"}, "489": {"gemma": "[Craig A. Stewart, Ian T. Foster, Ioan Raicu]"}, "490": {"gemma": "[Nicola Harte, Cathy H. Wu, Robert Stevens, Serenella Ferro, Erick Antezana]"}, "491": {"gemma": "[Kathi Westphal, Claudia Ernst, Niels Grabe]"}, "492": {"gemma": "[Feng Pan, Gao Cong, Balaram Bhattacharyya, Mohammed J. Zaki]"}, "493": {"gemma": "[Partha Niyogi, Yusu Wang, Pawas Ranjan]"}, "494": {"gemma": "[Micah Taylor, George Drettakis, Dinesh Manocha, Ravish Mehra, Anish Chandak]"}, "495": {"gemma": "[Lintao Zhang, Sharad Malik, Arathi Ramani, Fadi A. Aloul, Jinbo Huang]"}, "496": {"gemma": "[Roberto Willrich, Roberta Lima Gomes, Jean-Pierre Courtiat, Christophe Lohr]"}, "497": {"gemma": "[Tsu-Wei Tseng, Jin-Fu Li, Cheng-Wen Wu, Krishnendu Chakrabarty, Yung-Fa Chou, Sungho Kang]"}, "498": {"gemma": "[P. Berardino, Riccardo Lanari, Fausto Guzzetti, Nicola Casagli, Gianfranco Fornaro]"}, "499": {"gemma": "[Krassimira Ivanova, Peter Stanchev, Jo\u00e3o Gra\u00e7a]"}}