{"0": {"gemma": "[1, 0, 2, 3]"}, "1": {"gemma": "[1, 0, 2, 3, 4, 5, 6, 7, 8]"}, "2": {"gemma": "[1, 0, 2, 3, 4, 5, 6]"}, "3": {"gemma": "[1, 0, 2, 3]"}, "4": {"gemma": "[1, 2, 3, 4, 5, 6, 0]"}, "5": {"gemma": "[1, 0, 2, 3, 4, 5, 6, 7]"}, "6": {"gemma": "[1, 0, 2, 3]"}, "7": {"gemma": "[1, 0, 2, 3, 4, 5, 6, 7, 8]"}, "8": {"gemma": "[1, 0, 2, 3, 4]"}, "9": {"gemma": "[1, 0, 2, 3, 4, 5]"}, "10": {"gemma": "[1, 0, 2, 3, 4, 5]"}, "11": {"gemma": "[1, 0, 2, 3, 5, 4, 6, 7, 8]"}, "12": {"gemma": "[1, 0, 2, 3, 4]"}, "13": {"gemma": "[1, 0, 2, 3, 4, 5, 6, 7]"}, "14": {"gemma": "[1, 0, 2, 3]"}, "15": {"gemma": "[1, 0, 2, 3, 4, 5]"}, "16": {"gemma": "[1, 0, 2, 3]"}, "17": {"gemma": "[1, 0, 2, 3]"}, "18": {"gemma": "[1, 0, 2, 3, 4]"}, "19": {"gemma": "[1, 0, 2, 3, 4, 5, 6]"}, "20": {"gemma": "[1, 0, 2, 3]"}, "21": {"gemma": "[1, 0, 2, 3, 4, 5, 6]"}, "22": {"gemma": "[1, 0, 2, 3]"}, "23": {"gemma": "[1, 0, 2, 3, 4, 5]"}, "24": {"gemma": "[1, 0, 2, 3]"}, "25": {"gemma": "[1, 0, 2, 3, 4, 5, 6]"}, "26": {"gemma": "[1, 0, 2, 3, 4, 5]"}, "27": {"gemma": "[1, 0, 2, 3, 4, 5, 6]"}, "28": {"gemma": "[1, 0, 2, 3, 4]"}, "29": {"gemma": "[1, 0, 2, 3]"}, "30": {"gemma": "[1, 0, 2, 3, 4, 5]"}, "31": {"gemma": "[1, 0, 2, 3, 4]"}, "32": {"gemma": "[1, 0, 2, 3, 4, 5]"}, "33": {"gemma": "[1, 0, 2, 3, 4]"}, "34": {"gemma": "[1, 0, 2, 3, 4, 5, 6, 7]"}, "35": {"gemma": "[1, 0, 2, 3]"}, "36": {"gemma": "[1, 0, 2, 3, 4, 5, 6, 7]"}, "37": {"gemma": "[1, 0, 2, 3, 4]"}, "38": {"gemma": "[1, 0, 2, 3]"}, "39": {"gemma": "[1, 0, 2, 3]"}, "40": {"gemma": "[1, 0, 2, 3]"}, "41": {"gemma": "[1, 0, 2, 3]"}, "42": {"gemma": "[1, 0, 2, 3]"}, "43": {"gemma": "[1, 0, 2, 3, 4, 5, 5, 6, 7]"}, "44": {"gemma": "[1, 0, 2, 3]"}, "45": {"gemma": "[1, 0, 2, 3, 4, 5, 8, 6, 7]"}, "46": {"gemma": "[1, 0, 2, 3]"}, "47": {"gemma": "[1, 0, 2, 3]"}, "48": {"gemma": "[1, 0, 2, 3, 4, 5]"}, "49": {"gemma": "[1, 0, 2, 3, 4, 5, 6]"}, "50": {"gemma": "[1, 0, 2, 3, 4]"}, "51": {"gemma": "[1, 0, 2, 3]"}, "52": {"gemma": "[1, 0, 2, 3, 5, 4, 6]"}, "53": {"gemma": "[1, 0, 2, 3, 4, 5, 6, 7]"}, "54": {"gemma": "[1, 0, 2, 3, 4, 5, 7, 6]"}, "55": {"gemma": "[1, 0, 2, 3, 4, 5]"}, "56": {"gemma": "[1, 0, 2, 3]"}, "57": {"gemma": "[1, 0, 2, 3, 4, 5, 6]"}, "58": {"gemma": "[1, 0, 2, 3]"}, "59": {"gemma": "[1, 0, 2, 3, 5, 4]"}, "60": {"gemma": "[1, 0, 2, 3, 4, 5, 6]"}, "61": {"gemma": "[1, 0, 2, 3, 4]"}, "62": {"gemma": "[1, 0, 2, 3, 5, 4, 6, 7]"}, "63": {"gemma": "[1, 0, 2, 3, 4, 5, 6]"}, "64": {"gemma": "[1, 0, 2, 3, 4]"}, "65": {"gemma": "[1, 0, 2, 3]"}, "66": {"gemma": "[1, 0, 2, 3, 4, 5, 6]"}, "67": {"gemma": "[1, 3, 2, 4, 0]"}, "68": {"gemma": "[1, 0, 2, 3, 4]"}, "69": {"gemma": "[1, 0, 2, 3]"}, "70": {"gemma": "[1, 0, 2, 3]"}, "71": {"gemma": "[1, 0, 2, 3, 6, 4, 5]"}, "72": {"gemma": "[1, 0, 2, 3, 4, 5]"}, "73": {"gemma": "[1, 0, 2, 3, 4]"}, "74": {"gemma": "[1, 0, 2, 3, 4, 5, 6]"}, "75": {"gemma": "[1, 0, 2, 3, 4, 5]"}, "76": {"gemma": "[1, 0, 2, 7, 4, 5, 6, 8, 3]"}, "77": {"gemma": "[1, 0, 2, 3]"}, "78": {"gemma": "[1, 0, 2, 3, 4]"}, "79": {"gemma": "[1, 0, 2, 3, 4, 5, 5, 6, 7]"}, "80": {"gemma": "[1, 0, 2, 3, 4]"}, "81": {"gemma": "[1, 0, 2, 3]"}, "82": {"gemma": "[1, 0, 2, 3]"}, "83": {"gemma": "[1, 0, 2, 3]"}, "84": {"gemma": "[1, 0, 2, 3, 4]"}, "85": {"gemma": "[1, 0, 2, 3, 4]"}, "86": {"gemma": "[1, 0, 2, 3, 5, 4]"}, "87": {"gemma": "[1, 0, 2, 3, 4, 5, 6, 7]"}, "88": {"gemma": "[1, 0, 2, 3]"}, "89": {"gemma": "[1, 0, 2, 3, 4, 5]"}, "90": {"gemma": "[1, 0, 2, 3]"}, "91": {"gemma": "[1, 0, 2, 3]"}, "92": {"gemma": "[1, 0, 2, 3, 4, 5]"}, "93": {"gemma": "[1, 0, 2, 4, 5, 3]"}, "94": {"gemma": "[1, 0, 2, 3, 4]"}, "95": {"gemma": "[1, 0, 2, 3, 4, 5]"}, "96": {"gemma": "[1, 0, 2, 3]"}, "97": {"gemma": "[1, 0, 2, 3]"}, "98": {"gemma": "[1, 0, 2, 3]"}, "99": {"gemma": "[1, 0, 2, 3, 4, 5]"}, "100": {"gemma": "[1, 0, 2, 3]"}, "101": {"gemma": "[1, 0, 2, 3, 4, 5, 6, 7]"}, "102": {"gemma": "[1, 0, 2, 3, 4, 5, 6]"}, "103": {"gemma": "[1, 0, 2, 3, -1]"}, "104": {"gemma": "[1, 0, 2, 3, 4]"}, "105": {"gemma": "[1, 0, 2, 3, 4, 5, 6, 7]"}, "106": {"gemma": "[1, 0, 2, 3]"}, "107": {"gemma": "[1, 0, 2, 3]"}, "108": {"gemma": "[1, 0, 2, 3]"}, "109": {"gemma": "[1, 0, 2, 3, 4, 5, 6]"}, "110": {"gemma": "[1, 0, 2, 3]"}, "111": {"gemma": "[1, 0, 2, 3, 4]"}, "112": {"gemma": "[1, 0, 2, 3, 4, 5, 6, 7]"}, "113": {"gemma": "[1, 0, 2, 3, 5, 4, 6, 7]"}, "114": {"gemma": "[1, 0, 2, 3, 4, 5]"}, "115": {"gemma": "[1, 0, 2, 3]"}, "116": {"gemma": "[1, 0, 2, 3, 4, 5]"}, "117": {"gemma": "[1, 0, 2, 3]"}, "118": {"gemma": "[1, 0, 2, 3, 4]"}, "119": {"gemma": "[1, 0, 2, 3, 4, 5]"}, "120": {"gemma": "[1, 0, 2, 3, 4, 5, 6]"}, "121": {"gemma": "[1, 0, 2, 3, 4]"}, "122": {"gemma": "[1, 0, 2, 3, 4]"}, "123": {"gemma": "[1, 0, 2, 3]"}, "124": {"gemma": "[1, 0, 2, 3]"}, "125": {"gemma": "[1, 0, 2, 3, 4, 5, 6]"}, "126": {"gemma": "[1, 0, 2, 3, 5, 4, 6, 7, 8]"}, "127": {"gemma": "[1, 8, 2, 3, 4, 5, 6, 7, 0]"}, "128": {"gemma": "[1, 0, 2, 3]"}, "129": {"gemma": "[1, 0, 2, 3, 4]"}, "130": {"gemma": "[1, 0, 2, 3, 4]"}, "131": {"gemma": "[1, 0, 2, 3, 4, 5]"}, "132": {"gemma": "[1, 0, 2, 3, 5, 4]"}, "133": {"gemma": "[1, 0, 2, 3]"}, "134": {"gemma": "[1, 0, 2, 3]"}, "135": {"gemma": "[1, 0, 2, 3]"}, "136": {"gemma": "[1, 0, 2, 3, 4]"}, "137": {"gemma": "[1, 0, 2, 3, 5, 4, 6, 7]"}, "138": {"gemma": "[1, 0, 2, 3, 4, 5, 6]"}, "139": {"gemma": "[1, 0, 2, 3]"}, "140": {"gemma": "[1, 0, 2, 3]"}, "141": {"gemma": "[1, 0, 2, 3, 5, 4]"}, "142": {"gemma": "[1, 0, 2, 3, 4, 5]"}, "143": {"gemma": "[1, 0, 2, 3, 5, 4]"}, "144": {"gemma": "[1, 0, 2, 3]"}, "145": {"gemma": "[1, 0, 2, 3]"}, "146": {"gemma": "[1, 0, 2, 3, 4, 5, 4, 7]"}, "147": {"gemma": "[1, 0, 2, 3, 4, 5]"}, "148": {"gemma": "[1, 0, 2, 3, 4, 5, 6, 7]"}, "149": {"gemma": "[1, 0, 2, 3]"}, "150": {"gemma": "[1, 0, 2, 3]"}, "151": {"gemma": "[1, 0, 2, 3, 4, 5, 6, 7, 8]"}, "152": {"gemma": "[1, 0, 2, 3, 4]"}, "153": {"gemma": "[1, 0, 2, 3]"}, "154": {"gemma": "[1, 0, 2, 3, 4]"}, "155": {"gemma": "[1, 0, 2, 3, 4, 5, 6]"}, "156": {"gemma": "[1, 0, 2, -1]"}, "157": {"gemma": "[1, 0, 2, 3, 4, 5]"}, "158": {"gemma": "[1, 0, 2, 3, 4]"}, "159": {"gemma": "[0, 1, 2, 3]"}, "160": {"gemma": "[1, 0, 2, 3, 4, 5, 6, 7, 8]"}, "161": {"gemma": "[1, 0, 2, 3, 4]"}, "162": {"gemma": "[1, 0, 2, 3, 4]"}, "163": {"gemma": "[1, 0, 2, 3, -1]"}, "164": {"gemma": "[1, 0, 2, 3]"}, "165": {"gemma": "[1, 0, 2, 3, 4]"}, "166": {"gemma": "[1, 0, 2, 3, 4]"}, "167": {"gemma": "[1, 0, 2, 3, 4, 5]"}, "168": {"gemma": "[1, 0, 2, 3]"}, "169": {"gemma": "[1, 0, 2, 3]"}, "170": {"gemma": "[1, 0, 2, 3, 4]"}, "171": {"gemma": "[1, 0, 2, 3]"}, "172": {"gemma": "[1, 0, 2, 3, 4]"}, "173": {"gemma": "[1, 0, 2, 3, 5, 4, 6, 7]"}, "174": {"gemma": "[1, 0, 2, 3, 4]"}, "175": {"gemma": "[1, 0, 2, 3, 5, 4]"}, "176": {"gemma": "[1, 0, 2, 6, 4, 5, 3]"}, "177": {"gemma": "[1, 0, 2, 3]"}, "178": {"gemma": "[1, 0, 2, 3, 4]"}, "179": {"gemma": "[1, 0, 2, 3, 4, 5]"}, "180": {"gemma": "[1, 0, 2, -1]"}, "181": {"gemma": "[1, 0, 2, 3, 5, 4, 6, 7]"}, "182": {"gemma": "[1, 0, 2, 3, 4, 5]"}, "183": {"gemma": "[1, 0, 2, 3]"}, "184": {"gemma": "[1, 0, 2, 3, 4]"}, "185": {"gemma": "[1, 0, 2, 3, 4, 5, 6]"}, "186": {"gemma": "[1, 0, 2, 3]"}, "187": {"gemma": "[1, 0, 2, 3, 4, 5, 6]"}, "188": {"gemma": "[1, 0, 2, 3]"}, "189": {"gemma": "[1, 0, 2, 3, 4]"}, "190": {"gemma": "[1, 0, 2, 3, 4, 5]"}, "191": {"gemma": "[1, 0, 2, 3]"}, "192": {"gemma": "[1, 0, 2, 3]"}, "193": {"gemma": "[1, 0, 2, 3, 4, 5, 6]"}, "194": {"gemma": "[1, 0, 2, 3, 4, 5]"}, "195": {"gemma": "[1, 0, 2, 3, 4]"}, "196": {"gemma": "[1, 0, 2, 3, 4]"}, "197": {"gemma": "[1, 0, 2, 3]"}, "198": {"gemma": "[1, 0, 2, 3]"}, "199": {"gemma": "[1, 0, 2, 3, 5, 4, 6]"}, "200": {"gemma": "[1, 0, 2, 3, 4, 5]"}, "201": {"gemma": "[1, 0, 2, 3, 4]"}, "202": {"gemma": "[1, 0, 2, 3, 4]"}, "203": {"gemma": "[1, 0, 2, 3, 4, 5, 6]"}, "204": {"gemma": "[1, 0, 2, 3]"}, "205": {"gemma": "[1, 0, 2, 3]"}, "206": {"gemma": "[1, 0, 2, 3, 4, 5]"}, "207": {"gemma": "[1, 0, 2, 3, 4]"}, "208": {"gemma": "[1, 0, 2, 3, 4]"}, "209": {"gemma": "[1, 0, 2, 3, 4]"}, "210": {"gemma": "[1, 0, 2, 3]"}, "211": {"gemma": "[1, 0, 2, 3, 5, 4, 6, 7]"}, "212": {"gemma": "[1, 0, 2, 3, 4, 5, 6, 7]"}, "213": {"gemma": "[1, 0, 2, 3, 4]"}, "214": {"gemma": "[1, 0, 2, 3, 4, 6, 5]"}, "215": {"gemma": "[1, 0, 2, 3, 4]"}, "216": {"gemma": "[1, 0, 2, 3, 4]"}, "217": {"gemma": "[1, 0, 2, 3, 4, 5, 6, 7, 8]"}, "218": {"gemma": "[1, 0, 2, 3, 4, 5]"}, "219": {"gemma": "[1, 0, 2, 3]"}, "220": {"gemma": "[1, 0, 2, 3, 4, 5]"}, "221": {"gemma": "[1, 0, 2, 3, 4, 5, 6, 7]"}, "222": {"gemma": "[1, 0, 2, 3]"}, "223": {"gemma": "[1, 0, 2, 3, 4, 5]"}, "224": {"gemma": "[1, 0, 2, 4, 4, 3]"}, "225": {"gemma": "[1, 0, 2, 3]"}, "226": {"gemma": "[1, 0, 2, 3]"}, "227": {"gemma": "[1, 0, 2, 3, 4]"}, "228": {"gemma": "[1, 0, 2, 3, 4]"}, "229": {"gemma": "[1, 0, 2, 3, 4, 5]"}, "230": {"gemma": "[1, 0, 2, 3, 4]"}, "231": {"gemma": "[1, 0, 2, 3]"}, "232": {"gemma": "[1, 0, 2, 3, 4]"}, "233": {"gemma": "[1, 0, 2, -1]"}, "234": {"gemma": "[1, 0, 2, 3]"}, "235": {"gemma": "[1, 0, 2, 3]"}, "236": {"gemma": "[1, 0, 2, 3, 4, 5, 6]"}, "237": {"gemma": "[1, 2, 3, 0]"}, "238": {"gemma": "[1, 0, 2, 3, 4]"}, "239": {"gemma": "[1, 0, 2, 3, 4]"}, "240": {"gemma": "[1, 0, 2, 3]"}, "241": {"gemma": "[1, 0, 2, 3, 4, 5, 6, 7]"}, "242": {"gemma": "[1, 0, 2, 3, 4, 5]"}, "243": {"gemma": "[1, 0, 2, 3]"}, "244": {"gemma": "[1, 0, 2, 3, 4]"}, "245": {"gemma": "[1, 0, 2, 3, 4, 5, 6, 7]"}, "246": {"gemma": "[1, 0, 2, 3, 4, 5, 4, 7]"}, "247": {"gemma": "[1, 0, 2, 3, 4, 5, 6, 7]"}, "248": {"gemma": "[1, 0, 2, 3]"}, "249": {"gemma": "[1, 0, 2, 3, 4]"}, "250": {"gemma": "[1, 0, 2, 3, 4, 5, 6]"}, "251": {"gemma": "[1, 0, 2, 3]"}, "252": {"gemma": "[1, 0, 2, 3]"}, "253": {"gemma": "[1, 0, 2, 3]"}, "254": {"gemma": "[1, 4, 2, 3, 0, 5]"}, "255": {"gemma": "[1, 0, 2, 3, 4, 5]"}, "256": {"gemma": "[1, 0, 2, 3, 4, 5]"}, "257": {"gemma": "[1, 0, 2, 3]"}, "258": {"gemma": "[1, 0, 2, 3]"}, "259": {"gemma": "[1, 0, 2, 3, 4, 5, 6]"}, "260": {"gemma": "[1, 0, 2, 3]"}, "261": {"gemma": "[1, 0, 2, 3, 4, 5]"}, "262": {"gemma": "[1, 0, 2, 3, 5, 4, 6, 7, 8]"}, "263": {"gemma": "[1, 0, 2, 3, 4, 5]"}, "264": {"gemma": "[1, 0, 2, 3]"}, "265": {"gemma": "[1, 0, 2, 3]"}, "266": {"gemma": "[1, 0, 2, 3]"}, "267": {"gemma": "[1, 0, 2, 3]"}, "268": {"gemma": "[1, 0, 2, 3]"}, "269": {"gemma": "[1, 0, 2, 3, 4, 5]"}, "270": {"gemma": "[1, 0, 2, 3]"}, "271": {"gemma": "[1, 0, 2, 3, 5, 4, 6]"}, "272": {"gemma": "[1, 0, 2, 3, 4, 5]"}, "273": {"gemma": "[1, 0, 2, 3, 4, 5, 6, 7, 8]"}, "274": {"gemma": "[1, 0, 2, 3, 5, 4]"}, "275": {"gemma": "[1, 0, 2, 3, 5, 4]"}, "276": {"gemma": "[1, 0, 2, 3, 4]"}, "277": {"gemma": "[1, 0, 2, 3, 4, 5, 6, 7, 8]"}, "278": {"gemma": "[1, 0, 2, 3]"}, "279": {"gemma": "[1, 0, 2, 3]"}, "280": {"gemma": "[1, 0, 2, 3, 4]"}, "281": {"gemma": "[1, 0, 2, 3, 3, 5, 6]"}, "282": {"gemma": "[1, 0, 2, 3, 5, 4, 6]"}, "283": {"gemma": "[1, 0, 2, 3]"}, "284": {"gemma": "[1, 0, 2, 3]"}, "285": {"gemma": "[1, 0, 2, 3, 4]"}, "286": {"gemma": "[1, 0, 2, 3]"}, "287": {"gemma": "[1, 0, 2, 3]"}, "288": {"gemma": "[1, 0, 2, 3, 5, 4]"}, "289": {"gemma": "[1, 0, 2, 3]"}, "290": {"gemma": "[1, 0, 2, 3, 4, 5]"}, "291": {"gemma": "[1, 0, 2, 3, 4, 5]"}, "292": {"gemma": "[1, 0, 2, 3]"}, "293": {"gemma": "[1, 0, 2, 3, 4, 5, 6, 7, 8]"}, "294": {"gemma": "[1, 0, 2, 3, 4, 5, 6]"}, "295": {"gemma": "[1, 0, 2, 3, 5, 4]"}, "296": {"gemma": "[1, 0, 2, 3]"}, "297": {"gemma": "[1, 0, 2, 3, 4, 5]"}, "298": {"gemma": "[1, 0, 2, 3]"}, "299": {"gemma": "[1, 0, 2, 3, 5, 4, 6]"}, "300": {"gemma": "[1, 0, 2, 3, 4]"}, "301": {"gemma": "[1, 0, 2, 3]"}, "302": {"gemma": "[1, 0, 2, 3]"}, "303": {"gemma": "[1, 0, 2, 3]"}, "304": {"gemma": "[1, 0, 2, 3, 4, 6, 5]"}, "305": {"gemma": "[1, 0, 2, 3]"}, "306": {"gemma": "[1, 0, 2, 3]"}, "307": {"gemma": "[1, 0, 2, 3, 4]"}, "308": {"gemma": "[1, 0, 2, 3]"}, "309": {"gemma": "[1, 0, 2, 3]"}, "310": {"gemma": "[1, 0, 2, 3, 4, 5]"}, "311": {"gemma": "[1, 0, 2, 3]"}, "312": {"gemma": "[1, 0, 2, 3]"}, "313": {"gemma": "[1, 0, 2, 3, 4]"}, "314": {"gemma": "[1, 0, 2, 3, 4]"}, "315": {"gemma": "[1, 0, 2, 3, 4, 5]"}, "316": {"gemma": "[1, 0, 2, 3]"}, "317": {"gemma": "[1, 0, 2, 3, 4]"}, "318": {"gemma": "[1, 0, 2, 3, 4]"}, "319": {"gemma": "[1, 0, 2, 3]"}, "320": {"gemma": "[1, 0, 2, 3, 4]"}, "321": {"gemma": "[1, 0, 2, 3, 4]"}, "322": {"gemma": "[1, 0, 2, 3, 4, 5]"}, "323": {"gemma": "[1, 0, 2, 3, 4, 5, 6, 7, 8]"}, "324": {"gemma": "[1, 0, 2, 3]"}, "325": {"gemma": "[1, 0, 2, 3]"}, "326": {"gemma": "[1, 0, 2, 3]"}, "327": {"gemma": "[1, 0, 2, 3]"}, "328": {"gemma": "[1, 0, 2, 3]"}, "329": {"gemma": "[1, 0, 2, 3]"}, "330": {"gemma": "[1, 0, 2, 3, 4, 5, 6, 7]"}, "331": {"gemma": "[1, 0, 2, 3]"}, "332": {"gemma": "[1, 0, 2, 3]"}, "333": {"gemma": "[1, 0, 2, 3, 4]"}, "334": {"gemma": "[1, 0, 2, 3]"}, "335": {"gemma": "[1, 0, 2, 3]"}, "336": {"gemma": "[1, 0, 2, 3, 4]"}, "337": {"gemma": "[1, 0, 2, 3, 4]"}, "338": {"gemma": "[1, 0, 2, 3]"}, "339": {"gemma": "[1, 0, 2, 3, 4]"}, "340": {"gemma": "[1, 0, 2, 3]"}, "341": {"gemma": "[1, 0, 2, 3]"}, "342": {"gemma": "[1, 0, 2, 3, 4, 5]"}, "343": {"gemma": "[1, 0, 2, 3]"}, "344": {"gemma": "[1, 0, 2, 3]"}, "345": {"gemma": "[1, 0, 2, 3]"}, "346": {"gemma": "[1, 0, 2, 3, 4]"}, "347": {"gemma": "[1, 0, 2, 3]"}, "348": {"gemma": "[1, 0, 2, 3]"}, "349": {"gemma": "[1, 0, 2, 3]"}, "350": {"gemma": "[1, 0, 2, 3, 4, 5, 6]"}, "351": {"gemma": "[1, 0, 2, 3, 4, 5]"}, "352": {"gemma": "[1, 0, 2, 3, 4, 5, 6]"}, "353": {"gemma": "[1, 0, 2, 3, 4, 5, 6, 7]"}, "354": {"gemma": "[1, 0, 2, 3, 5, 4, 6]"}, "355": {"gemma": "[1, 0, 2, 3]"}, "356": {"gemma": "[1, 0, 2, 3, 4, 5]"}, "357": {"gemma": "[1, 0, 2, 3, 4]"}, "358": {"gemma": "[1, 0, 2, 3, 4]"}, "359": {"gemma": "[1, 0, 2, 3]"}, "360": {"gemma": "[1, 0, 2, 3]"}, "361": {"gemma": "[1, 0, 2, 3, 4, 5]"}, "362": {"gemma": "[1, 0, 2, 3, 4, 5]"}, "363": {"gemma": "[1, 0, 2, 3]"}, "364": {"gemma": "[1, 0, 2, 3, 5, 4]"}, "365": {"gemma": "[1, 0, 2, 3, 4]"}, "366": {"gemma": "[1, 0, 2, 3]"}, "367": {"gemma": "[1, 0, 2, 3, 4, 5, 6]"}, "368": {"gemma": "[1, 0, 2, 3, 4, 5, 6, 7]"}, "369": {"gemma": "[1, 0, 2, 3, 4]"}, "370": {"gemma": "[1, 0, 2, 3, 4, 5]"}, "371": {"gemma": "[1, 0, 2, 3, 4, 5, 6, 7]"}, "372": {"gemma": "[1, 0, 2, 3]"}, "373": {"gemma": "[1, 0, 2, 3]"}, "374": {"gemma": "[1, 0, 2, 3, 5, 4, 6]"}, "375": {"gemma": "[1, 0, 2, 3]"}, "376": {"gemma": "[1, 0, 2, 4, 3, 5, 6]"}, "377": {"gemma": "[1, 0, 2, 3]"}, "378": {"gemma": "[1, 0, 2, 3, 4, 5, 6]"}, "379": {"gemma": "[1, 0, 2, 3, 4, 5]"}, "380": {"gemma": "[1, 0, 2, 3, 4, 5, 6]"}, "381": {"gemma": "[1, 0, 2, 3]"}, "382": {"gemma": "[1, 0, 2, 3, 4, 5, 6, 7, 8]"}, "383": {"gemma": "[1, 0, 2, 3]"}, "384": {"gemma": "[1, 0, 2, 3, 4]"}, "385": {"gemma": "[1, 0, 2, 3, -1]"}, "386": {"gemma": "[1, 0, 2, 3]"}, "387": {"gemma": "[1, 0, 2, 3, 4]"}, "388": {"gemma": "[1, 0, 2, 3, 4]"}, "389": {"gemma": "[1, 0, 2, 3, 4]"}, "390": {"gemma": "[1, 0, 2, 3, 4, 5]"}, "391": {"gemma": "[1, 0, 2, 3, 4, 5, 6, 7, 8]"}, "392": {"gemma": "[1, 0, 2, 3, 4]"}, "393": {"gemma": "[1, 0, 2, 3, 4, 5, 6, 7, 8]"}, "394": {"gemma": "[1, 3, 2, 4, 5, 6, 0]"}, "395": {"gemma": "[1, 0, 2, 3]"}, "396": {"gemma": "[1, 0, 2, 3, 4, 5, 6]"}, "397": {"gemma": "[1, 0, 2, 3]"}, "398": {"gemma": "[1, 0, 2, 3]"}, "399": {"gemma": "[1, 0, 2, 3]"}, "400": {"gemma": "[1, 0, 2, 3, 4, 5]"}, "401": {"gemma": "[1, 0, 2, 3, 4, 5, 6]"}, "402": {"gemma": "[1, 0, 2, 3, 4, 5]"}, "403": {"gemma": "[1, 0, 2, 3, 4, 5, 6, 7, 8]"}, "404": {"gemma": "[1, 0, 2, 3, 4]"}, "405": {"gemma": "[1, 0, 2, 3, 4, 5]"}, "406": {"gemma": "[1, 0, 2, 3, 4, 5, 6]"}, "407": {"gemma": "[1, 0, 2, 3, 4]"}, "408": {"gemma": "[1, 0, 2, 3, 4]"}, "409": {"gemma": "[1, 0, 2, 3]"}, "410": {"gemma": "[1, 0, 2, 3]"}, "411": {"gemma": "[3, 0, 2, 1, 4, 5, 6, 7]"}, "412": {"gemma": "[1, 0, 2, 3, 5, 4]"}, "413": {"gemma": "[1, 0, 2, 3, 4, 5]"}, "414": {"gemma": "[1, 0, 2, 3, 4, 5, 6]"}, "415": {"gemma": "[1, 0, 2, 3, 4]"}, "416": {"gemma": "[1, 0, 2, 3]"}, "417": {"gemma": "[1, 0, 2, 3, 4, 5, 6]"}, "418": {"gemma": "[1, 0, 2, 3, 4, 5]"}, "419": {"gemma": "[1, 0, 2, 3, 4]"}, "420": {"gemma": "[1, 0, 2, 3, 4, 5, 6]"}, "421": {"gemma": "[1, 0, 2, 3, 4, 5, 6, 8, 7]"}, "422": {"gemma": "[1, 0, 2, 3, 4, 5, 6]"}, "423": {"gemma": "[1, 0, 2, 3]"}, "424": {"gemma": "[1, 0, 2, 3]"}, "425": {"gemma": "[1, 0, 2, 3]"}, "426": {"gemma": "[1, 0, 2, 3, 4, 5]"}, "427": {"gemma": "[1, 0, 2, 3, 4, 5, 6, 7]"}, "428": {"gemma": "[1, 0, 2, 3, 4, 5, 6, 7]"}, "429": {"gemma": "[1, 0, 2, 3, 4, 5]"}, "430": {"gemma": "[1, 0, 2, 3, 5, 4]"}, "431": {"gemma": "[1, 0, 2, 3, 4, 5]"}, "432": {"gemma": "[1, 0, 2, 3]"}, "433": {"gemma": "[1, 0, 2, 3]"}, "434": {"gemma": "[1, 0, 2, 3, 4, 5, 6, 7]"}, "435": {"gemma": "[1, 0, 2, 3]"}, "436": {"gemma": "[1, 0, 2, 3, 4, 5, 6, 7]"}, "437": {"gemma": "[1, 0, 2, 3, 5, 4, 6, 7]"}, "438": {"gemma": "[1, 0, 2, 3, 4, 5, 6, 7, 8]"}, "439": {"gemma": "[1, 0, 2, 3]"}, "440": {"gemma": "[1, 0, 2, 3, 4]"}, "441": {"gemma": "[1, 0, 2, 3]"}, "442": {"gemma": "[1, 0, 2, 3]"}, "443": {"gemma": "[1, 0, 2, 3]"}, "444": {"gemma": "[1, 0, 2, 3, 4, 5]"}, "445": {"gemma": "[1, 0, 2, 3]"}, "446": {"gemma": "[1, 0, 2, 3, 4]"}, "447": {"gemma": "[1, 0, 2, 3, 4]"}, "448": {"gemma": "[1, 0, 2, 3]"}, "449": {"gemma": "[1, 0, 2, 3, 4]"}, "450": {"gemma": "[1, 0, 2, 3, 4]"}, "451": {"gemma": "[1, 0, 2, 3]"}, "452": {"gemma": "[1, 0, 2, 3]"}, "453": {"gemma": "[1, 0, 2, 3, 4]"}, "454": {"gemma": "[1, 0, 2, 3, 4]"}, "455": {"gemma": "[1, 0, 2, 3, 4]"}, "456": {"gemma": "[1, 0, 2, 3]"}, "457": {"gemma": "[1, 0, 2, 3]"}, "458": {"gemma": "[1, 0, 2, -1]"}, "459": {"gemma": "[1, 0, 2, 3, 4]"}, "460": {"gemma": "[1, 0, 2, 3, 4]"}, "461": {"gemma": "[1, 0, 2, 3]"}, "462": {"gemma": "[1, 0, 2, 3, 4]"}, "463": {"gemma": "[1, 0, 2, 3, 4]"}, "464": {"gemma": "[1, 0, 2, 3]"}, "465": {"gemma": "[1, 0, 2, 3, 4]"}, "466": {"gemma": "[1, 0, 2, 3, 4, 5, 6]"}, "467": {"gemma": "[1, 0, 2, 3]"}, "468": {"gemma": "[1, 0, 2, 3, 4, 5, 6, 7]"}, "469": {"gemma": "[1, 0, 2, 3]"}, "470": {"gemma": "[1, 0, 2, 3, 4, 5]"}, "471": {"gemma": "[1, 0, 2, 3, 4]"}, "472": {"gemma": "[1, 0, 2, 3, 4, 5]"}, "473": {"gemma": "[1, 0, 2, 3, 4, 5]"}, "474": {"gemma": "[1, 0, 2, 3, 4, 5, 6]"}, "475": {"gemma": "[1, 0, 2, 3, 4]"}, "476": {"gemma": "[1, 0, 2, 3, 4]"}, "477": {"gemma": "[1, 0, 2, 3, 4]"}, "478": {"gemma": "[1, 0, 2, 3, 4]"}, "479": {"gemma": "[1, 0, 2, 3, 4]"}, "480": {"gemma": "[1, 0, 2, 3, 4, 5, 6]"}, "481": {"gemma": "[1, 0, 2, 3, 5, 4, 6]"}, "482": {"gemma": "[1, 0, 2, 3, 4, 5, 6]"}, "483": {"gemma": "[1, 0, 2, 3]"}, "484": {"gemma": "[1, 0, 2, 3, 4, 5]"}, "485": {"gemma": "[1, 0, 2, 3, 4]"}, "486": {"gemma": "[1, 0, 2, 3, 5, 4, 6, 7]"}, "487": {"gemma": "[1, 0, 2, 3, 4]"}, "488": {"gemma": "[1, 0, 2, 3, 4, 5]"}, "489": {"gemma": "[1, 0, 2, 3, 4]"}, "490": {"gemma": "[1, 0, 2, 3, 4, 5, 6]"}, "491": {"gemma": "[1, 0, 2, 3]"}, "492": {"gemma": "[1, 0, 2, 3, 4, 5, 6, 7, 8]"}, "493": {"gemma": "[1, 0, 2, 3]"}, "494": {"gemma": "[1, 0, 2, 3, 4, 5, 6]"}, "495": {"gemma": "[1, 0, 2, 3, 4, 5, 6]"}, "496": {"gemma": "[1, 0, 2, 3, 4]"}, "497": {"gemma": "[1, 0, 2, 3, 4, 5]"}, "498": {"gemma": "[1, 0, 2, 4, 3, 5, 6]"}, "499": {"gemma": "[1, 0, 2, 3, 5, 4, 6, 7]"}}