{"0": {"llama": "[0, 1, 2], [0, 1, 2]"}, "1": {"llama": "[0, 1, 2, 4, 5], [0, 1, 2, 4, 5]"}, "2": {"llama": "[1, 2, 3, 4], [0, 1, 2, 3]"}, "3": {"llama": "[0, 1, 2, 3], [0, 1, 2, 3]"}, "4": {"llama": "[0, 1, 2, 3], [0, 1, 2, 3]"}, "5": {"llama": "[0, 1, 2], [0, 1, 2]"}, "6": {"llama": "[0, 1, 2], [0, 1, 2]"}, "7": {"llama": "[1, 2, 3], [1, 2, 3]"}, "8": {"llama": "[0, 1, 2, 3], [0, 1, 2, 3]"}, "9": {"llama": "[1, 2, 3, 4], [0, 1, 2, 3]"}, "10": {"llama": "[0, 1, 3], [0, 1, 3]"}, "11": {"llama": "[0, 1, 2, 3, 4], [0, 1, 2, 3, 4]"}, "12": {"llama": "[0, 1, 2, 3], [0, 1, 2, 3]"}, "13": {"llama": "[0, 1, 2, 3], [0, 1, 2, 3]"}, "14": {"llama": "[0, 1, 2], [0, 1, 2]"}, "15": {"llama": "[0, 1, 2, 3, 4], [0, 1, 2, 3, 4]"}, "16": {"llama": "[0, 1, 2, 3, 4], [0, 1, 2, 3, 4]"}, "17": {"llama": "[1, 2, 3, 4], [1, 2, 3, 4]"}, "18": {"llama": "[0, 1, 2, 4, 5], [0, 1, 2, 4, 5]"}, "19": {"llama": "[0, 1, 2, 3], [0, 1, 2, 3]"}, "20": {"llama": "[0, 1, 2], [0, 1, 2]"}, "21": {"llama": "[1, 2, 3], [1, 2, 3]"}, "22": {"llama": "[0, 1, 2, 4], [0, 1, 2, 4]"}, "23": {"llama": "[0, 1, 2], [0, 1, 2]"}, "24": {"llama": "[0, 1, 2], [0, 1, 2]"}, "25": {"llama": "[0, 1, 2, 3], [0, 1, 2, 3]"}, "26": {"llama": "[0, 1, 2, 3], [0, 1, 2, 3]"}, "27": {"llama": "[0, 1, 2], [0, 1, 2]"}, "28": {"llama": "[0, 1, 2, 3, 4], [0, 1, 2, 3, 4]"}, "29": {"llama": "[1, 2, 3], [0, 1, 2]"}, "30": {"llama": "[1, 2, 3], [0, 1, 2]"}, "31": {"llama": "[0, 1, 2, 3, 4], [0, 1, 2, 3, 4]"}, "32": {"llama": "[0, 1, 2, 3], [0, 1, 2, 3]"}, "33": {"llama": "[0, 1, 2, 3], [0, 1, 2, 3]"}, "34": {"llama": "[0, 1, 2, 3, 4], [0, 1, 2, 3, 4]"}, "35": {"llama": "[0, 1, 2], [0, 1, 2]"}, "36": {"llama": "[0, 1, 2, 3], [0, 1, 2, 3]"}, "37": {"llama": "[0, 1, 2], [0, 1, 2]"}, "38": {"llama": "[0, 1, 2, 3], [0, 1, 2, 3]"}, "39": {"llama": "[0, 1, 2, 3], [0, 1, 2, 3]"}, "40": {"llama": "[0, 1, 2, 3], [0, 1, 2, 3]"}, "41": {"llama": "[0, 1, 2, 3], [0, 1, 2, 3]"}, "42": {"llama": "[0, 1, 2, 3], [0, 1, 2, 3]"}, "43": {"llama": "[0, 1, 2, 3], [0, 1, 2, 3]"}, "44": {"llama": "[0, 1, 2], [0, 1, 2]"}, "45": {"llama": "[0, 1, 2], [0, 1, 2]"}, "46": {"llama": "[0, 1, 2, 3], [0, 1, 2, 3]"}, "47": {"llama": "[0, 1, 2, 3], [0, 1, 2, 3]"}, "48": {"llama": "[0, 1, 2, 3, 4], [0, 1, 2, 3, 4]"}, "49": {"llama": "[0, 1, 2], [0, 1, 2]"}, "50": {"llama": "[0, 1, 2, 3, 4], [0, 1, 2, 3, 4]"}, "51": {"llama": "[0, 1, 2], [0, 1, 2]"}, "52": {"llama": "[1, 2, 3], [0, 1, 2]"}, "53": {"llama": "[0, 1, 2], [0, 1, 2]"}, "54": {"llama": "[0, 1, 2], [0, 1, 2]"}, "55": {"llama": "[0, 1, 2, 3], [0, 1, 2]"}, "56": {"llama": "[0, 1, 2, 3], [0, 1, 2, 3]"}, "57": {"llama": "[0, 1, 2], [0, 1, 2]"}, "58": {"llama": "[1, 2, 3], [0, 1, 2]"}, "59": {"llama": "[0, 1, 2, 3], [0, 1, 2, 3]"}, "60": {"llama": "[0, 1, 2], [0, 1, 2]"}, "61": {"llama": "[0, 1, 2, 3], [0, 1, 2, 3]"}, "62": {"llama": "[0, 1, 2, 3, 4], [0, 1, 2, 3, 4]"}, "63": {"llama": "[1, 2, 3], [1, 2, 3]"}, "64": {"llama": "[0, 1, 2, 3, 4], [0, 1, 2, 3, 4]"}, "65": {"llama": "[0, 1, 2], [0, 1, 2]"}, "66": {"llama": "[1, 2, 3, 4], [0, 1, 2, 3]"}, "67": {"llama": "[0, 1, 2, 3], [0, 1, 2, 3]"}, "68": {"llama": "[0, 1, 2], [0, 1, 2]"}, "69": {"llama": "[0, 1, 2, 3], [0, 1, 2, 3]"}, "70": {"llama": "[1, 2, 3], [0, 1, 2]"}, "71": {"llama": "[1, 2, 3], [1, 2, 3]"}, "72": {"llama": "[0, 1, 2], [0, 1, 2]"}, "73": {"llama": "[0, 1, 2, 3, 4], [0, 1, 2, 3, 4]"}, "74": {"llama": "[0, 1, 2, 3], [0, 1, 2, 3]"}, "75": {"llama": "[0, 1, 2, 3, 4], [0, 1, 2, 3, 4]"}, "76": {"llama": "[1, 2, 3], [0, 1, 2]"}, "77": {"llama": "[0, 1, 2, 3], [0, 1, 2, 3]"}, "78": {"llama": "[0, 1, 2, 3, 4], [0, 1, 2, 3, 4]"}, "79": {"llama": "[0, 1, 2, 3], [0, 1, 2, 3]"}, "80": {"llama": "[0, 1, 2], [0, 1, 2]"}, "81": {"llama": "[0, 1, 2, 3], [0, 1, 2, 3]"}, "82": {"llama": "[1, 2, 3], [1, 2, 3]"}, "83": {"llama": "[0, 1, 2, 3], [0, 1, 2, 3]"}, "84": {"llama": "[0, 1, 2, 3], [0, 1, 2, 3]"}, "85": {"llama": "[1, 2, 3], [0, 1, 2]"}, "86": {"llama": "[0, 1, 2], [0, 1, 2]"}, "87": {"llama": "[0, 1, 2, 3, 4], [0, 1, 2, 3, 4]"}, "88": {"llama": "[0, 1, 2], [0, 1, 2]"}, "89": {"llama": "[0, 1, 2, 3], [0, 1, 2, 3]"}, "90": {"llama": "[0, 1, 2, 3, 4], [0, 1, 2, 3, 4]"}, "91": {"llama": "[0, 1, 2], [0, 1, 2]"}, "92": {"llama": "[0, 1, 2], [0, 1, 2]"}, "93": {"llama": "[0, 1, 2, 3, 4, 6, 7], [0, 1, 2, 3, 4, 6, 7]"}, "94": {"llama": "[0, 1, 2], [0, 1, 2]"}, "95": {"llama": "[0, 1, 2, 3], [0, 1, 2, 3]"}, "96": {"llama": "[1, 2, 3], [0, 1, 2]"}, "97": {"llama": "[0, 1, 2, 3], [0, 1, 2]"}, "98": {"llama": "[0, 1, 2, 3, 4], [0, 1, 2, 3, 4]"}, "99": {"llama": "[0, 1, 2, 3], [0, 1, 2, 3]"}, "100": {"llama": "[0, 1, 2, 3], [0, 1, 2, 3]"}, "101": {"llama": "[0, 1, 2, 3, 4, 5], [0, 1, 2, 3, 4, 5]"}, "102": {"llama": "[0, 1, 2], [0, 1, 2]"}, "103": {"llama": "[0, 1, 2, 3], [0, 1, 2, 3]"}, "104": {"llama": "[0, 1, 2, 3], [0, 1, 2, 3]"}, "105": {"llama": "[0, 1, 2, 3], [0, 1, 2, 3]"}, "106": {"llama": "[0, 1, 2, 4, 5], [0, 1, 2, 4, 5]"}, "107": {"llama": "[0, 1, 2], [0, 1, 2]"}, "108": {"llama": "[0, 1, 2, 3], [0, 1, 2, 3]"}, "109": {"llama": "[0, 1, 2, 3, 4], [0, 1, 2, 3, 4]"}, "110": {"llama": "[0, 1, 2], [0, 1, 2]"}, "111": {"llama": "[0, 1, 2], [0, 1, 2]"}, "112": {"llama": "[0, 1, 2, 3], [0, 1, 2, 3]"}, "113": {"llama": "[0, 1, 2, 3, 4], [0, 1, 2, 3, 4]"}, "114": {"llama": "[0, 1, 2], [0, 1, 2]"}, "115": {"llama": "[0, 1, 2, 3], [0, 1, 2, 3]"}, "116": {"llama": "[0, 1, 2, 4], [0, 1, 2, 4]"}, "117": {"llama": "[0, 1, 2], [0, 1, 2]"}, "118": {"llama": "[0, 1, 2, 3], [0, 1, 2, 3]"}, "119": {"llama": "[0, 1, 2, 3], [0, 1, 2, 3]"}, "120": {"llama": "[1, 2, 3, 4, 5], [0, 1, 2, 3, 5]"}, "121": {"llama": "[0, 1, 2, 3, 4], [0, 1, 2, 3, 4]"}, "122": {"llama": "[0, 1, 2, 3], [0, 1, 2, 3]"}, "123": {"llama": "[0, 1, 2, 3], [0, 1, 2, 3]"}, "124": {"llama": "[0, 1, 2, 3], [0, 1, 2, 3]"}, "125": {"llama": "[1, 2, 3], [0, 1, 2]"}, "126": {"llama": "[1, 2, 3, 4], [0, 1, 2, 3]"}, "127": {"llama": "[0, 1, 2], [0, 1, 2]"}, "128": {"llama": "[0, 1, 2, 3], [0, 1, 2, 3]"}, "129": {"llama": "[1, 2, 3], [0, 1, 2]"}, "130": {"llama": "[1, 2, 3], [1, 2, 3]"}, "131": {"llama": "[0, 1, 2], [0, 1, 2]"}, "132": {"llama": "[0, 1, 2, 3], [0, 1, 2, 3]"}, "133": {"llama": "[0, 1, 2, 3], [0, 1, 2, 3]"}, "134": {"llama": "[0, 1, 2, 3, 4], [0, 1, 2, 3, 4]"}, "135": {"llama": "[0, 1, 2], [0, 1, 2]"}, "136": {"llama": "[0, 1, 2, 3, 4], [0, 1, 2, 3, 4]"}, "137": {"llama": "[0, 1, 2], [0, 1, 2]"}, "138": {"llama": "[0, 1, 2, 3], [0, 1, 2, 3]"}, "139": {"llama": "[0, 1, 2], [0, 1, 2]"}, "140": {"llama": "[0, 1, 2, 3], [0, 1, 2, 3]"}, "141": {"llama": "[0, 1, 2, 3], [0, 1, 2, 3]"}, "142": {"llama": "[0, 1, 2, 3], [0, 1, 2, 3]"}, "143": {"llama": "[0, 1, 3], [0, 1, 3]"}, "144": {"llama": "[0, 1, 2, 3, 4], [0, 1, 2, 3, 4]"}, "145": {"llama": "[0, 1, 2, 3], [0, 1, 2, 3]"}, "146": {"llama": "[0, 1, 2, 3, 4, 5], [0, 1, 2, 3, 4, 5]"}, "147": {"llama": "[0, 1, 2], [0, 1, 2]"}, "148": {"llama": "[0, 1, 2, 3], [0, 1, 2, 3]"}, "149": {"llama": "[0, 1, 2, 3], [0, 1, 2, 3]"}, "150": {"llama": "[0, 1, 2, 3, 4, 5], [0, 1, 2, 3, 4, 5]"}, "151": {"llama": "[0, 1, 2], [0, 1, 2]"}, "152": {"llama": "[1, 2, 3], [1, 2, 3]"}, "153": {"llama": "[0, 1, 2, 4], [0, 1, 2, 4]"}, "154": {"llama": "[1, 2, 3], [0, 1, 2]"}, "155": {"llama": "[0, 1, 2, 3], [0, 1, 2, 3]"}, "156": {"llama": "[0, 1, 2, 3, 4, 5], [0, 1, 2, 3, 4, 5]"}, "157": {"llama": "[0, 1, 2, 3], [0, 1, 2, 3]"}, "158": {"llama": "[0, 1, 2, 3, 4], [0, 1, 2, 3, 4]"}, "159": {"llama": "[0, 1, 2], [0, 1, 2]"}, "160": {"llama": "[0, 1, 2, 3], [0, 1, 2, 3]"}, "161": {"llama": "[0, 1, 2, 3], [0, 1, 2, 3]"}, "162": {"llama": "[0, 1, 2, 3, 4], [0, 1, 2, 3, 4]"}, "163": {"llama": "[1, 2, 3, 4], [1, 2, 3, 4]"}, "164": {"llama": "[0, 1, 2, 3], [0, 1, 2, 3]"}, "165": {"llama": "[0, 1, 2, 3], [0, 1, 2, 3]"}, "166": {"llama": "[0, 1, 2, 3], [0, 1, 2, 3]"}, "167": {"llama": "[0, 1, 2, 3], [0, 1, 2, 3]"}, "168": {"llama": "[0, 1, 2], [0, 1, 2]"}, "169": {"llama": "[1, 2, 3, 4], [1, 2, 3, 4]"}, "170": {"llama": "[0, 1, 2, 3], [0, 1, 2, 3]"}, "171": {"llama": "[0, 1, 2], [0, 1, 2]"}, "172": {"llama": "[0, 1, 2], [0, 1, 2]"}, "173": {"llama": "[0, 1, 2, 3, 4], [0, 1, 2, 3, 4]"}, "174": {"llama": "[0, 1, 2, 3], [0, 1, 2]"}, "175": {"llama": "[0, 1, 2, 3], [0, 1, 2, 3]"}, "176": {"llama": "[0, 1, 2, 3], [0, 1, 2, 3]"}, "177": {"llama": "[0, 1, 2, 3], [0, 1, 2, 3]"}, "178": {"llama": "[0, 1, 2], [0, 1, 2]"}, "179": {"llama": "[0, 1, 2, 3, 5], [0, 1, 2, 3, 4]"}, "180": {"llama": "[0, 1, 2], [0, 1, 2]"}, "181": {"llama": "[0, 1, 2, 3], [0, 1, 2, 3]"}, "182": {"llama": "[1, 2, 3, 4], [1, 2, 3, 4]"}, "183": {"llama": "[0, 1, 2, 3], [0, 1, 2, 3]"}, "184": {"llama": "[0, 1, 2, 3], [0, 1, 2]"}, "185": {"llama": "[0, 1, 2, 3, 4], [0, 1, 2, 3, 4]"}, "186": {"llama": "[0, 1, 2], [0, 1, 2]"}, "187": {"llama": "[0, 1, 2], [0, 1, 2]"}, "188": {"llama": "[0, 1, 2, 3], [0, 1, 2, 3]"}, "189": {"llama": "[1, 2, 3], [0, 1, 2]"}, "190": {"llama": "[0, 1, 2], [0, 1, 2]"}, "191": {"llama": "[1, 2, 3, 4], [1, 2, 3, 4]"}, "192": {"llama": "[0, 1, 2, 3], [0, 1, 2, 3]"}, "193": {"llama": "[0, 1, 2], [0, 1, 2]"}, "194": {"llama": "[0, 1, 2, 3], [0, 1, 2, 3]"}, "195": {"llama": "[0, 1, 2], [0, 1, 2]"}, "196": {"llama": "[0, 1, 2, 3], [0, 1, 2]"}, "197": {"llama": "[1, 2, 3], [0, 1, 2]"}, "198": {"llama": "[0, 1, 2, 3], [0, 1, 2, 3]"}, "199": {"llama": "[0, 1, 2], [0, 1, 2]"}, "200": {"llama": "[0, 1, 2, 3], [0, 1, 2, 3]"}, "201": {"llama": "[1, 2, 3], [1, 2, 3]"}, "202": {"llama": "[0, 1, 2], [0, 1, 2]"}, "203": {"llama": "[0, 1, 2, 3], [0, 1, 2, 3]"}, "204": {"llama": "[0, 1, 2, 3, 4], [0, 1, 2, 3, 4]"}, "205": {"llama": "[0, 1, 2, 3], [0, 1, 2, 3]"}, "206": {"llama": "[0, 1, 2], [0, 1, 3]"}, "207": {"llama": "[1, 2, 3, 4], [0, 1, 2, 3]"}, "208": {"llama": "[1, 2, 3, 4], [0, 1, 2, 3]"}, "209": {"llama": "[0, 1, 2, 3], [0, 1, 2, 3]"}, "210": {"llama": "[1, 2, 3, 4], [1, 2, 3, 4]"}, "211": {"llama": "[0, 1, 2], [0, 1, 2]"}, "212": {"llama": "[0, 1, 2, 3, 4], [0, 1, 2, 3, 4]"}, "213": {"llama": "[0, 1, 2, 3], [0, 1, 2, 3]"}, "214": {"llama": "[0, 1, 2, 3], [0, 1, 2, 3]"}, "215": {"llama": "[0, 1, 2, 3, 4], [0, 1, 2, 3, 4]"}, "216": {"llama": "[0, 1, 3], [0, 1, 3]"}, "217": {"llama": "[0, 1, 2], [0, 1, 2]"}, "218": {"llama": "[0, 1, 2, 3], [0, 1, 2, 3]"}, "219": {"llama": "[1, 2, 3], [1, 2, 3]"}, "220": {"llama": "[0, 1, 2, 3], [0, 1, 2, 3]"}, "221": {"llama": "[0, 1, 2], [0, 1, 2]"}, "222": {"llama": "[0, 1, 2, 3], [0, 1, 2, 3]"}, "223": {"llama": "[0, 1, 2, 3], [0, 1, 2, 3]"}, "224": {"llama": "[0, 1, 2], [0, 1, 2]"}, "225": {"llama": "[0, 1, 2, 3], [0, 1, 2, 3]"}, "226": {"llama": "[0, 1, 2, 3], [0, 1, 2, 3]"}, "227": {"llama": "[0, 1, 2], [0, 1, 2]"}, "228": {"llama": "[0, 1, 2, 3, 4], [0, 1, 2, 3, 4]"}, "229": {"llama": "[0, 1, 2, 3], [0, 1, 2, 3]"}, "230": {"llama": "[0, 1, 2], [0, 1, 2]"}, "231": {"llama": "[1, 2, 3], [0, 1, 2]"}, "232": {"llama": "[0, 1, 2, 3], [0, 1, 2, 3]"}, "233": {"llama": "[1, 2, 3], [0, 1, 2]"}, "234": {"llama": "[0, 1, 2], [0, 1, 2]"}, "235": {"llama": "[0, 1, 2, 3, 4, 5], [0, 1, 2, 3, 4, 5]"}, "236": {"llama": "[0, 1, 2, 3, 4, 5], [0, 1, 2, 3, 4, 5]"}, "237": {"llama": "[0, 1, 2], [0, 1, 2]"}, "238": {"llama": "[0, 1, 2], [0, 1, 2]"}, "239": {"llama": "[0, 1, 2], [0, 1, 2]"}, "240": {"llama": "[0, 1, 2, 3, 4], [0, 1, 2, 3, 4]"}, "241": {"llama": "[0, 1, 2], [0, 1, 2]"}, "242": {"llama": "[0, 1, 2, 3, 4], [0, 1, 2, 3, 4]"}, "243": {"llama": "[0, 1, 2, 3, 4], [0, 1, 2, 3, 4]"}, "244": {"llama": "[0, 1, 2, 3, 4], [0, 1, 2, 3, 4]"}, "245": {"llama": "[1, 2, 3], [0, 1, 2]"}, "246": {"llama": "[0, 1, 2, 4], [0, 1, 2, 3]"}, "247": {"llama": "[0, 1, 2, 3], [0, 1, 2, 3]"}, "248": {"llama": "[1, 2, 6], [0, 1, 3]"}, "249": {"llama": "[0, 1, 3], [0, 1, 3]"}, "250": {"llama": "[0, 1, 2, 3], [0, 1, 2, 3]"}, "251": {"llama": "[0, 1, 2, 3, 4], [0, 1, 2, 3, 4]"}, "252": {"llama": "[0, 1, 2, 3], [0, 1, 2, 3]"}, "253": {"llama": "[0, 1, 2], [0, 1, 2]"}, "254": {"llama": "[0, 1, 2, 3, 4], [0, 1, 2, 3, 4]"}, "255": {"llama": "[0, 1, 2, 3], [0, 1, 2, 3]"}, "256": {"llama": "[0, 1, 2, 3], [0, 1, 2, 3]"}, "257": {"llama": "[1, 2, 3], [0, 1, 3]"}, "258": {"llama": "[0, 1, 2], [0, 1, 2]"}, "259": {"llama": "[0, 1, 2, 3], [0, 1, 2, 3]"}, "260": {"llama": "[0, 1, 2], [0, 1, 2]"}, "261": {"llama": "[0, 1, 2, 3, 4], [0, 1, 2, 3, 4]"}, "262": {"llama": "[0, 1, 2], [0, 1, 2]"}, "263": {"llama": "[0, 1, 2], [0, 1, 2]"}, "264": {"llama": "[0, 1, 2, 3], [0, 1, 2, 3]"}, "265": {"llama": "[0, 1, 2, 3], [0, 1, 2, 3]"}, "266": {"llama": "[0, 1, 2, 3, 5, 6, 7], [0, 1, 2, 3, 5, 6, 7]"}, "267": {"llama": "[0, 1, 2, 3], [0, 1, 2, 3]"}, "268": {"llama": "[1, 2, 3], [1, 2, 3]"}, "269": {"llama": "[0, 1, 2, 3], [0, 1, 2, 3]"}, "270": {"llama": "[0, 1, 2, 3, 4], [0, 1, 2, 3, 4]"}, "271": {"llama": "[0, 1, 2, 3], [0, 1, 2, 3]"}, "272": {"llama": "[0, 1, 2], [0, 1, 2]"}, "273": {"llama": "[1, 2, 3, 4], [1, 2, 3, 4]"}, "274": {"llama": "[0, 1, 2, 3], [0, 1, 2, 3]"}, "275": {"llama": "[0, 1, 2, 3], [0, 1, 2, 3]"}, "276": {"llama": "[0, 1, 2], [0, 1, 2]"}, "277": {"llama": "[0, 1, 2, 3], [0, 1, 2, 3]"}, "278": {"llama": "[0, 1, 2], [0, 1, 2]"}, "279": {"llama": "[0, 1, 2], [0, 1, 2]"}, "280": {"llama": "[0, 1, 2, 3], [0, 1, 2, 3]"}, "281": {"llama": "[1, 2, 3, 4], [1, 2, 3, 4]"}, "282": {"llama": "[0, 1, 2, 3], [0, 1, 2, 3]"}, "283": {"llama": "[0, 1, 2], [0, 1, 2]"}, "284": {"llama": "[0, 1, 2, 3], [0, 1, 2, 3]"}, "285": {"llama": "[0, 1, 2, 3, 4], [0, 1, 2, 3, 4]"}, "286": {"llama": "[1, 2, 3], [1, 2, 3]"}, "287": {"llama": "[0, 1, 2, 4], [0, 1, 2, 4]"}, "288": {"llama": "[0, 1, 2], [0, 1, 2]"}, "289": {"llama": "[0, 1, 2], [0, 1, 2]"}, "290": {"llama": "[1, 2, 3], [0, 1, 2]"}, "291": {"llama": "[1, 2, 3], [0, 1, 2]"}, "292": {"llama": "[0, 1, 2, 3], [0, 1, 2, 3]"}, "293": {"llama": "[0, 1, 2, 3], [0, 1, 2, 3]"}, "294": {"llama": "[0, 1, 2, 3], [0, 1, 2, 3]"}, "295": {"llama": "[1, 2, 3], [0, 1, 2]"}, "296": {"llama": "[1, 2, 3], [1, 2, 3]"}, "297": {"llama": "[0, 1, 2, 3], [0, 1, 2, 3]"}, "298": {"llama": "[0, 1, 2, 3], [0, 1, 2, 3]"}, "299": {"llama": "[0, 1, 2, 3], [0, 1, 2, 3]"}, "300": {"llama": "[0, 1, 2, 3, 4], [0, 1, 2, 3, 4]"}, "301": {"llama": "[0, 1, 2, 3], [0, 1, 2, 3]"}, "302": {"llama": "[0, 1, 2], [0, 1, 2]"}, "303": {"llama": "[0, 1, 2], [0, 1, 2]"}, "304": {"llama": "[0, 1, 2, 3], [0, 1, 2, 3]"}, "305": {"llama": "[0, 1, 2, 3], [0, 1, 2, 3]"}, "306": {"llama": "[0, 1, 2, 3, 7], [0, 1, 2, 3, 7]"}, "307": {"llama": "[0, 1, 2, 4, 5], [0, 1, 2, 4, 5]"}, "308": {"llama": "[1, 2, 3], [0, 1, 2]"}, "309": {"llama": "[0, 1, 2, 3, 4], [0, 1, 2, 3, 4]"}, "310": {"llama": "[0, 1, 2, 3], [0, 1, 2, 3]"}, "311": {"llama": "[0, 1, 2, 3], [0, 1, 2, 3]"}, "312": {"llama": "[0, 1, 2, 3], [0, 1, 2, 3]"}, "313": {"llama": "[0, 1, 2], [0, 1, 2]"}, "314": {"llama": "[0, 1, 2, 3], [0, 1, 2, 3]"}, "315": {"llama": "[0, 1, 2, 3], [0, 1, 2, 3]"}, "316": {"llama": "[1, 2, 3], [0, 1, 2]"}, "317": {"llama": "[0, 1, 2, 3], [0, 1, 2, 3]"}, "318": {"llama": "[0, 1, 2, 3], [0, 1, 2, 3]"}, "319": {"llama": "[0, 1, 2, 3], [0, 1, 2, 3]"}, "320": {"llama": "[0, 1, 2], [0, 1, 2]"}, "321": {"llama": "[0, 1, 2], [0, 1, 2]"}, "322": {"llama": "[0, 1, 2, 3], [0, 1, 2, 3]"}, "323": {"llama": "[0, 1, 2, 3], [0, 1, 2, 3]"}, "324": {"llama": "[0, 1, 2, 3], [0, 1, 2, 3]"}, "325": {"llama": "[0, 1, 2, 3], [0, 1, 2, 3]"}, "326": {"llama": "[0, 1, 2, 3], [0, 1, 2, 3]"}, "327": {"llama": "[0, 1, 2, 3], [0, 1, 2, 3]"}, "328": {"llama": "[0, 1, 2, 3], [0, 1, 2, 3]"}, "329": {"llama": "[0, 1, 2, 3], [0, 1, 2, 3]"}, "330": {"llama": "[1, 2, 4, 5, 6], [1, 2, 4, 5, 6]"}, "331": {"llama": "[0, 1, 2, 3], [0, 1, 2]"}, "332": {"llama": "[0, 1, 2, 3], [0, 1, 2, 3]"}, "333": {"llama": "[0, 1, 2], [0, 1, 2]"}, "334": {"llama": "[0, 1, 2, 3], [0, 1, 2, 3]"}, "335": {"llama": "[0, 1, 2, 3], [0, 1, 2, 3]"}, "336": {"llama": "[0, 1, 2, 3, 4], [0, 1, 2, 3, 4]"}, "337": {"llama": "[0, 1, 2, 3], [0, 1, 2, 3]"}, "338": {"llama": "[0, 1, 2, 3], [0, 1, 2, 3]"}, "339": {"llama": "[0, 1, 2, 3], [0, 1, 2, 3]"}, "340": {"llama": "[0, 1, 2], [0, 1, 2]"}, "341": {"llama": "[0, 1, 3], [0, 1, 3]"}, "342": {"llama": "[1, 2, 3], [0, 1, 2]"}, "343": {"llama": "[0, 1, 2, 3, 4], [0, 1, 2, 3, 4]"}, "344": {"llama": "[0, 1, 2, 3], [0, 1, 2, 3]"}, "345": {"llama": "[0, 1, 2, 3], [0, 1, 2, 3]"}, "346": {"llama": "[0, 1, 2, 3], [0, 1, 2, 3]"}, "347": {"llama": "[0, 1, 2, 3], [0, 1, 2, 3]"}, "348": {"llama": "[0, 1, 2, 3], [0, 1, 2, 3]"}, "349": {"llama": "[0, 1, 2, 3], [0, 1, 2, 3]"}, "350": {"llama": "[0, 1, 2, 3], [0, 1, 2, 3]"}, "351": {"llama": "[0, 1, 2, 3], [0, 1, 2, 3]"}, "352": {"llama": "[0, 1, 2, 3], [0, 1, 2, 3]"}, "353": {"llama": "[0, 1, 2], [0, 1, 2]"}, "354": {"llama": "[0, 1, 2], [0, 1, 2]"}, "355": {"llama": "[0, 1, 2, 3], [0, 1, 2, 3]"}, "356": {"llama": "[0, 1, 2], [0, 1, 2]"}, "357": {"llama": "[0, 1, 2], [0, 1, 2]"}, "358": {"llama": "[1, 2, 3], [0, 1, 2]"}, "359": {"llama": "[0, 1, 2, 3], [0, 1, 2, 3]"}, "360": {"llama": "[0, 1, 2, 3], [0, 1, 2, 3]"}, "361": {"llama": "[1, 2, 3, 4], [0, 1, 2, 3]"}, "362": {"llama": "[0, 1, 2], [0, 1, 2]"}, "363": {"llama": "[0, 1, 2], [0, 1, 2]"}, "364": {"llama": "[0, 1, 2, 3, 4], [0, 1, 2, 3, 4]"}, "365": {"llama": "[0, 1, 2, 3], [0, 1, 2, 3]"}, "366": {"llama": "[0, 1, 2, 3], [0, 1, 2, 3]"}, "367": {"llama": "[0, 1, 2, 3], [0, 1, 2, 3]"}, "368": {"llama": "[1, 2, 3], [0, 1, 2]"}, "369": {"llama": "[0, 1, 2], [0, 1, 2]"}, "370": {"llama": "[0, 1, 2, 3], [0, 1, 2, 3]"}, "371": {"llama": "[0, 1, 2, 3], [0, 1, 2, 3]"}, "372": {"llama": "[0, 1, 2, 3], [0, 1, 2, 3]"}, "373": {"llama": "[0, 1, 2], [0, 1, 2]"}, "374": {"llama": "[0, 1, 2, 3], [0, 1, 2, 3]"}, "375": {"llama": "[0, 1, 2, 3], [0, 1, 2, 3]"}, "376": {"llama": "[0, 1, 2], [0, 1, 2]"}, "377": {"llama": "[0, 1, 2, 3], [0, 1, 2, 3]"}, "378": {"llama": "[0, 1, 2, 3, 4], [0, 1, 2, 3, 4]"}, "379": {"llama": "[1, 2, 3, 4], [0, 1, 2, 4]"}, "380": {"llama": "[0, 1, 2, 3], [0, 1, 2, 3]"}, "381": {"llama": "[0, 1, 2, 3, 4], [0, 1, 2, 3, 4]"}, "382": {"llama": "[0, 1, 2, 3, 4, 5, 6], [0, 1, 2, 3, 4, 5, 6]"}, "383": {"llama": "[0, 1, 2, 3], [0, 1, 2, 3]"}, "384": {"llama": "[0, 1, 2, 3], [0, 1, 2]"}, "385": {"llama": "[0, 1, 2, 4], [0, 1, 2, 4]"}, "386": {"llama": "[0, 1, 2, 3], [0, 1, 2, 3]"}, "387": {"llama": "[0, 1, 2], [1, 2, 3]"}, "388": {"llama": "[0, 1, 2], [0, 1, 2, 3, 4]"}, "389": {"llama": "[0, 1, 2, 3, 4, 5], [0, 1, 2, 3, 4, 5]"}, "390": {"llama": "[0, 1, 2, 3], [0, 1, 2, 3]"}, "391": {"llama": "[0, 1, 2, 3], [0, 1, 2, 3]"}, "392": {"llama": "[0, 1, 2, 3, 4], [0, 1, 2, 3, 4]"}, "393": {"llama": "[0, 1, 2], [0, 1, 2]"}, "394": {"llama": "[0, 1, 2, 3], [0, 1, 2, 3]"}, "395": {"llama": "[1, 2, 3], [1, 2, 3]"}, "396": {"llama": "[0, 1, 2], [0, 1, 2]"}, "397": {"llama": "[0, 1, 2, 3], [0, 1, 2, 3]"}, "398": {"llama": "[0, 1, 2], [0, 1, 2]"}, "399": {"llama": "[0, 1, 2, 3], [0, 1, 2, 3]"}, "400": {"llama": "[0, 1, 2, 3], [0, 1, 2, 3]"}, "401": {"llama": "[0, 1, 2, 3, 4], [0, 1, 2, 3, 4]"}, "402": {"llama": "[1, 2, 3], [0, 1, 2]"}, "403": {"llama": "[0, 1, 2, 3], [0, 1, 2, 3]"}, "404": {"llama": "[0, 1, 2], [0, 1, 2]"}, "405": {"llama": "[0, 1, 2, 3], [0, 1, 2, 3]"}, "406": {"llama": "[0, 1, 2], [0, 1, 2]"}, "407": {"llama": "[0, 1, 2], [0, 1, 2]"}, "408": {"llama": "[0, 1, 2, 4], [0, 1, 2, 3]"}, "409": {"llama": "[0, 1, 2, 3], [0, 1, 2, 3]"}, "410": {"llama": "[0, 1, 2, 3], [0, 1, 2, 3]"}, "411": {"llama": "[1, 2, 3], [1, 2, 3]"}, "412": {"llama": "[0, 1, 2, 3], [0, 1, 2, 3]"}, "413": {"llama": "[0, 1, 2, 3], [0, 1, 2, 3]"}, "414": {"llama": "[0, 1, 2, 3], [0, 1, 2, 3]"}, "415": {"llama": "[0, 1, 2, 3], [0, 1, 2, 3]"}, "416": {"llama": "[0, 1, 2, 3], [0, 1, 2, 3]"}, "417": {"llama": "[1, 2, 3], [0, 1, 2]"}, "418": {"llama": "[1, 2, 3, 5], [1, 2, 3, 5]"}, "419": {"llama": "[1, 2, 3], [0, 1, 2]"}, "420": {"llama": "[0, 1, 2, 3, 4, 5], [0, 1, 2, 3, 4, 5]"}, "421": {"llama": "[0, 1, 2, 3, 4], [0, 1, 2, 3, 4]"}, "422": {"llama": "[1, 2, 3], [0, 1, 2]"}, "423": {"llama": "[0, 1, 2, 3, 4], [0, 1, 2, 3, 4]"}, "424": {"llama": "[0, 1, 2, 3, 4], [0, 1, 2, 3, 4]"}, "425": {"llama": "[0, 1, 2, 3], [0, 1, 2, 3]"}, "426": {"llama": "[0, 1, 2, 3, 4], [0, 1, 2, 3, 4]"}, "427": {"llama": "[1, 2, 3, 4], [1, 2, 3, 4]"}, "428": {"llama": "[0, 1, 2, 3], [0, 1, 2, 3]"}, "429": {"llama": "[1, 2, 3], [1, 2, 3]"}, "430": {"llama": "[0, 1, 2, 3, 5], [0, 1, 2, 3, 5]"}, "431": {"llama": "[0, 1, 2], [0, 1, 2]"}, "432": {"llama": "[0, 1, 2], [0, 1, 2]"}, "433": {"llama": "[0, 1, 2, 3], [0, 1, 2, 3]"}, "434": {"llama": "[0, 1, 2, 3], [0, 1, 2, 3]"}, "435": {"llama": "[0, 1, 2], [0, 1, 2]"}, "436": {"llama": "[1, 2, 3], [0, 1, 2]"}, "437": {"llama": "[0, 1, 2, 3, 4, 6, 7], [0, 1, 2, 3, 4, 6, 7]"}, "438": {"llama": "[0, 1, 2], [0, 1, 2]"}, "439": {"llama": "[0, 1, 2], [0, 1, 2]"}, "440": {"llama": "[0, 1, 2], [0, 1, 2]"}, "441": {"llama": "[0, 1, 2, 3], [0, 1, 2, 3]"}, "442": {"llama": "[0, 1, 2, 3, 4, 5], [0, 1, 2, 3, 4, 5]"}, "443": {"llama": "[1, 2, 3, 4], [1, 2, 3, 4]"}, "444": {"llama": "[0, 1, 2, 3, 4], [0, 1, 2, 3, 4]"}, "445": {"llama": "[0, 1, 2, 3, 4], [0, 1, 2, 3, 4]"}, "446": {"llama": "[0, 1, 2, 3], [0, 1, 2, 3]"}, "447": {"llama": "[0, 1, 2, 3], [0, 1, 2, 3]"}, "448": {"llama": "[1, 2, 3, 4], [0, 1, 2, 3]"}, "449": {"llama": "[1, 2, 3, 4], [0, 1, 2, 3]"}, "450": {"llama": "[0, 1, 2, 3], [0, 1, 2, 3]"}, "451": {"llama": "[0, 1, 3], [0, 1, 3]"}, "452": {"llama": "[0, 1, 2], [0, 1, 2]"}, "453": {"llama": "[0, 1, 2, 3], [0, 1, 2, 3]"}, "454": {"llama": "[0, 1, 2, 3], [0, 1, 2, 3]"}, "455": {"llama": "[0, 1, 2, 3], [0, 1, 2, 3]"}, "456": {"llama": "[1, 2], [0, 1, 2]"}, "457": {"llama": "[1, 2, 6], [0, 1, 2]"}, "458": {"llama": "[0, 1, 2, 3], [0, 1, 2, 3]"}, "459": {"llama": "[0, 1, 2, 3], [0, 1, 2, 3]"}, "460": {"llama": "[0, 1, 2, 3], [0, 1, 2, 3]"}, "461": {"llama": "[0, 1, 2, 3, 4, 5, 6], [0, 1, 2, 3, 4, 5, 6]"}, "462": {"llama": "[1, 2, 3, 4], [0, 1, 2, 3]"}, "463": {"llama": "[0, 1, 2, 3], [0, 1, 2, 3]"}, "464": {"llama": "[0, 1, 2, 3], [0, 1, 2, 3]"}, "465": {"llama": "[0, 1, 2, 3], [0, 1, 2, 3]"}, "466": {"llama": "[0, 1, 2, 3], [0, 1, 2, 3]"}, "467": {"llama": "[0, 1, 2], [0, 1, 2]"}, "468": {"llama": "[0, 1, 2], [0, 1, 2]"}, "469": {"llama": "[0, 1, 2, 3], [0, 1, 2, 3]"}, "470": {"llama": "[0, 1, 2, 3], [0, 1, 2, 3]"}, "471": {"llama": "[1, 2, 5], [1, 2, 5]"}, "472": {"llama": "[0, 1, 2, 4, 5], [0, 1, 2, 3, 5]"}, "473": {"llama": "[1, 2, 3], [1, 2, 3]"}, "474": {"llama": "[0, 1, 2, 3], [0, 1, 2, 3]"}, "475": {"llama": "[0, 1, 2, 3], [0, 1, 2, 3]"}, "476": {"llama": "[1, 2, 3, 4], [1, 2, 3, 4]"}, "477": {"llama": "[0, 1, 2, 3, 4], [0, 1, 2, 3, 4]"}, "478": {"llama": "[0, 1, 2, 3], [0, 1, 2, 3]"}, "479": {"llama": "[0, 1, 2], [0, 1, 2]"}, "480": {"llama": "[0, 1, 2, 3, 4], [0, 1, 2, 3, 4]"}, "481": {"llama": "[0, 1, 2, 3], [0, 1, 2, 3]"}, "482": {"llama": "[1, 2, 3], [0, 1, 2]"}, "483": {"llama": "[0, 1, 2, 3], [0, 1, 2, 3]"}, "484": {"llama": "[0, 1, 2, 3], [0, 1, 2, 3]"}, "485": {"llama": "[0, 1, 2], [0, 1, 2]"}, "486": {"llama": "[0, 1, 2], [0, 1, 2]"}, "487": {"llama": "[0, 1, 2], [0, 1, 2]"}, "488": {"llama": "[0, 1, 2, 3, 4], [0, 1, 2, 3]"}, "489": {"llama": "[0, 1, 2, 3], [0, 1, 2, 3]"}, "490": {"llama": "[0, 1, 2, 3], [0, 1, 2, 3]"}, "491": {"llama": "[0, 1, 2, 3], [0, 1, 2, 3]"}, "492": {"llama": "[1, 2, 3], [0, 1, 2]"}, "493": {"llama": "[0, 1, 2, 3], [0, 1, 2, 3]"}, "494": {"llama": "[0, 1, 2], [0, 1, 2]"}, "495": {"llama": "[0, 1, 2, 3, 4], [0, 1, 2, 3, 4]"}, "496": {"llama": "[0, 1, 2, 3, 5], [0, 1, 2, 3, 5]"}, "497": {"llama": "[1, 2, 3], [0, 1, 2]"}, "498": {"llama": "[1, 2, 3, 4], [1, 2, 3, 4]"}, "499": {"llama": "[1, 2, 3], [1, 2, 3]"}}