{"0": {"llama": "[Manfred Schmidt-Schauss, Manfred Schmidt-Schau\u00df, David Sabel, Guillem Godoy]"}, "1": {"llama": "[Jacques Philippe Sauv\u00e9, Filipe Marques, Gerhard Satzger, Axel Kieninger, Ant\u00e3o Moura]"}, "2": {"llama": "[A. Ghareeb, S. K. Samanta, Tapas Mondal, Zeshui Xu, Wenzhong Shi, Kimfung Liu]"}, "3": {"llama": "[Clifton Forlines, Brad Johanson, Terry Winograd, Thomas Kirste, Kris Luyten, Thomas Heider, Chia Shen]"}, "4": {"llama": "[Chidchanok Lursinsap, Philip S. Yu, Lawrence O. Hall, Lu\u00eds Torgo]"}, "5": {"llama": "[Marco Lippi, Paolo Torroni, Noam Slonim]"}, "6": {"llama": "[Marzyeh Ghassemi, Mat\u00edas Za\u00f1artu, John V. Guttag, Daryush D. Mehta, Harold A. Cheyne, Robert E. Hillman]"}, "7": {"llama": "[Coert Metz, Elsa D. Angelini, Christian Bauer, Wiro J. Niessen, Marleen de Bruijne]"}, "8": {"llama": "[Sang Wan Lee, Hyoyoung Jang, Zeungnam Bien, Z. Zenn Bien]"}, "9": {"llama": "[Mitchell Bowden, Marta Tatu, Sanda M. Harabagiu, Dan I. Moldovan, Christine Clark, Adrian Novischi]"}, "10": {"llama": "[Sandra Duni Eksioglu, Sumesh Arora, Junguang Zhang, Mohammad Marufuzzaman]"}, "11": {"llama": "[Wei-Tang Chang, John W. Belliveau, Arthur K. Liu, Thomas Witzel, Fa-Hsuan Lin, Kevin Wen-Kai Tsai, Wen-Jui Kuo, Douglas N. Greve, Aapo Nummenmaa]"}, "12": {"llama": "[Abdou Guermouche, Jean-Yves L'Excellent, Emmanuel Agullo, Luc Giraud]"}, "13": {"llama": "[Dan\u00fabia Bueno Esp\u00edndola, Jun Ni, Ashutosh Tiwari, Enzo Morosini Frazzon]"}, "14": {"llama": "[Srikathyayani Srikanteswara, Vinod Namboodiri, Haitao Zheng, Siny Joseph]"}, "15": {"llama": "[Steve Goddard, Xin Liu, John A. Stankovic, Shifeng Zhang]"}, "16": {"llama": "[Cleotilde Gonzalez, Varun Dutt, V. S. Chandrasekhar Pammi, Young-Suk Ahn]"}, "17": {"llama": "[Jean-Fran\u00e7ois Bonastre, Lori Lamel, Corinne Fredouille, Douglas A. Reynolds, Daniel Moraru, Gilles Adda, Sree Harsha Yella]"}, "18": {"llama": "[Mike H. MacGregor, Ian F. Akyildiz, Ben Liang, Ellen W. Zegura]"}, "19": {"llama": "[Joan Vila-Carb\u00f3, Farah Ait-Salaht, Jean-Michel Fourneau, Nihal Pekergin]"}, "20": {"llama": "[Hugues Hoppe, Steven M. Seitz, Brian Curless, Kaan Y\u00fccer]"}, "21": {"llama": "[Tao Luo, Yoshua Bengio, Aaron C. Courville, Dan C. Ciresan, Simon Haykin, Jeffrey G. Andrews]"}, "22": {"llama": "[Florina M. Ciorba, George K. Papakonstantinou, Anthony T. Chronopoulos, Ioannis Riakiotakis, Satish Penmatsa, Yiming Han, Theodore Andronikos]"}, "23": {"llama": "[Judy E. Scott, Vinicius Almendra, David Gefen, Viswanath Venkatesh, Dawn G. Gregg, Izak Benbasat, Denis Enachescu]"}, "24": {"llama": "[Zhiping Jia, Shuaishuai Tan, Xiaoping Li, Hui Xia]"}, "25": {"llama": "[Andrew V. Knyazev, Chao Yang, Hasan Metin Aktulga, Lin Lin, Zaiwen Wen]"}, "26": {"llama": "[Yannis Papakonstantinou, H. V. Jagadish, Philip S. Yu, Yi Chen, Ziyang Liu]"}, "27": {"llama": "[Chuqi Yang, Qingyun Dai, Bingo Wing-Kuen Ling, Charlotte Yuk-Fan Ho]"}, "28": {"llama": "[Douglas Thain, M. Sosebee, Ian T. Foster, M. Wilde, Ioan Raicu, Catalin L. Dumitrescu]"}, "29": {"llama": "[Paul De Bra, Barend de Lange, M\u00e1ria Bielikov\u00e1, Owen Conlan]"}, "30": {"llama": "[Tofigh Allahviranloo, Saeid Abbasbandy, Soheil Salahshour, Barnab\u00e1s Bede, Mehdi Dehghan, Abhinav Bansal]"}, "31": {"llama": "[Simon Henrot, Michael K. Ng, Charles Soussen, David Brie, J\u00e9r\u00f4me Idier]"}, "32": {"llama": "[Wesley De Neve, J\u00f6rg Heuer, W. De Neve, R. Van de Walle, Hermann Hellwagner, Sylvain Devillers]"}, "33": {"llama": "[Michael Gelfond, Chitta Baral, Mohan Sridharan, Shiqi Zhang, Jeremy L. Wyatt]"}, "34": {"llama": "[Yingjie Yang, Robert John, Francisco Chiclana, Arjab Singh Khuman]"}, "35": {"llama": "[Adriana Iamnitchi, Jon Crowcroft, P O Boykin, Sylvia Ratnasamy]"}, "36": {"llama": "[Justin Pettit, Jonathan S. Turner, Hari Balakrishnan, Edjard Mota, Jennifer Rexford, Ricardo Bennesby, Alexandre Passito, Natasha Gude, Scott Shenker, Thomas E. Anderson]"}, "37": {"llama": "[Claudiu S. Firan, Daniel Krause, Nicola Henze, Valentin Robu]"}, "38": {"llama": "[Francesco Guerra, Maurizio Vincini, Domenico Beneventano, Alon Y. Halevy, Sonia Bergamaschi]"}, "39": {"llama": "[Michihiro Koibuchi, Jos\u00e9 Duato, Henri Casanova, Nhat Le, Johan H\u00f6gberg]"}, "40": {"llama": "[Ian H. Witten, C. Herv\u00e1s-Mart\u00ednez, Xin Yao, Pedro Antonio Guti\u00e9rrez, Javier S\u00e1nchez-Monedero, Geoffrey Holmes, Hsuan-Tien Lin]"}, "41": {"llama": "[Latanya Sweeney, Francesco Pittaluga, Haibing Lu]"}, "42": {"llama": "[Celso C. Ribeiro, Michael A. Trick, Alexandre R. Duarte, Mauricio G. C. Resende]"}, "43": {"llama": "[Z. M. Ma, Alexander Maedche, Fu Zhang, Yu Wang]"}, "44": {"llama": "[Simon Fong, Rabia Latif, Zhuang Yan, Amir Hossein Gandomi, Xin-She Yang]"}, "45": {"llama": "[Miguel A. Hinojosa, Amparo M. M\u00e1rmol, Justo Puerto, Ruud Hendrickx, Peter Borm]"}, "46": {"llama": "[Marco Vari, Remo Pomposini, Romeo Giuliano, Franco Mazzenga, Francesco Vatalaro, Marco Petracca]"}, "47": {"llama": "[Aiman H. El-Maleh, Xrysovalantis Kavousianos, Ayed Al-Qahtani, Kazumi Hatayama, Sudhakar M. Reddy, Yuta Yamato]"}, "48": {"llama": "[Zhiwu Li, Libin Han, Weimin Wu, NaiQi Wu, Feng Tian, MengChu Zhou]"}, "49": {"llama": "[Jan Treur, Fiemke Both, Charlotte Gerritsen, Lourens van der Meij, Michel C. A. Klein, Catholijn M. Jonker, Mark Hoogendoorn, Alexei Sharpanskykh, Tibor Bosse]"}, "50": {"llama": "[Vic Grout, Anna Dickinson, Ehab Al-Shaer, Stuart Cunningham, Karim Mohammed Rezaul]"}, "51": {"llama": "[Joshua Schiffman, David Wagner, Yuqiong Sun, Giuseppe Petracca]"}, "52": {"llama": "[Obianuju Ndili, Gary J. Sullivan, Gisle Bjontegaard]"}, "53": {"llama": "[Guanrong Chen, Tieshan Li, Jie Huang, Wenwu Yu]"}, "54": {"llama": "[Juan I. Yanez, Yuriy V. Shkvarko, Vishal M. Patel, Rama Chellappa, Stewart R. Santos]"}, "55": {"llama": "[Fady Alajaji, Nam Phamdo, Shlomo Shamai, Deniz Gunduz]"}, "56": {"llama": "[Ting-Yu Chen, Szu-Wei Yang, Li-Wei Lee, Shyi-Ming Chen, Ming-Wey Yang]"}, "57": {"llama": "[Haibing Guan, Pratap Subrahmanyam, Haibo Chen, Zhengwei Qi, J. Ramanujam]"}, "58": {"llama": "[Daniel Brandeis, Martin Kronbichler, Urs Maurer, Silvia Brem]"}, "59": {"llama": "[Christian Wagner, Ann Majchrzak, Katerina Papadaki, Samer Faraj]"}, "60": {"llama": "[Igor Santos, Jingbo Zhu, Pablo Garc\u00eda Bringas, Xabier Cantero, Carlos Laorden]"}, "61": {"llama": "[Yamin Li, Shietung Peng, Wanming Chu, Pavlos Vranas, N. R. Adiga, Dong Chen, Matthias A. Blumrich]"}, "62": {"llama": "[Michael D. Abr\u00e0moff, B. van Ginneken, Meindert Niemeijer, Sarah Barman]"}, "63": {"llama": "[Carles Creus, Guillem Godoy, Sophie Tison, Florent Jacquemard, Ashish Tiwari]"}, "64": {"llama": "[Betty H. C. Cheng, Roy H. Campbell, Zhinan Zhou, Fabio Kon, Seyed Masoud Sadjadi, Philip K. McKinley]"}, "65": {"llama": "[Chen B, Eftychios V. Papoulis, Jose C. Principe, Andr\u00e9s Marino \u00c1lvarez-Meza, Haiquan Zhao, Ali H. Sayed]"}, "66": {"llama": "[Anil K. Jain, Arun Ross, Dong Sun Park, Ju Cheng Yang, Ravinder Kumar]"}, "67": {"llama": "[Rodrigo N. Calheiros, Rajkumar Buyya, Luiz F. Bittencourt, Srikumar Venugopal, Ivona Brandic, Rajiv Ranjan, Saurabh Kumar Garg, Linlin Wu]"}, "68": {"llama": "[G. De Micheli, Jingcao Hu, Radu Marculescu, Zhi Deng]"}, "69": {"llama": "[Haizhou Li, Bin Ma, Ralf Schl\u00fcter, Zhizheng Wu, Keiichi Tokuda]"}, "70": {"llama": "[T. Fujisawa, Minoru Kanehisa, Toshiaki Katayama, Naohisa Goto, Susumu Goto, Raoul J. P. Bonnal]"}, "71": {"llama": "[Ajith Abraham, Ponnuthurai N. Suganthan, Qingfu Zhang, Xiaodong Li, Zhi-Hui Zhan, Bo-Yang Qu, Hui Li, Michael N. Vrahatis]"}, "72": {"llama": "[ Jake Auxier, Mehran Roshandel, Hamed Ketabdar, Tsutomu Terada, Masahiko Tsukamoto ]"}, "73": {"llama": "[Yonglong Luo, Mikhail J. Atallah, Wei Yang, Liusheng Huang, Wenliang Du]"}, "74": {"llama": "[Mark A. Neerincx, Junchao Xu, Joost Broekens, Rosemarijn Looije]"}, "75": {"llama": "[George A. Papakostas, Ekta Walia, Simon Liao, Yongqing Xin, Hong-Ying Yang]"}, "76": {"llama": "[Christian Napoli, L. Paterno, Giuseppe Pappalardo, Emiliano Tramontana, Marcin Wo\u017aniak, Marcin Wozniak]"}, "77": {"llama": "[R\u00f3bert P\u00e1lovics, Haewoon Kwak, Hosung Park, Changhyun Lee, Meeyoung Cha]"}, "78": {"llama": "[Phillip B. Gibbons, Allen Clement, Christos Faloutsos, Peter Druschel, Bimal Viswanath, Matei Ripeanu, Haifeng Yu]"}, "79": {"llama": "[Yonggang Shi, Xavier Pennec, Nicholas Ayache, Paul M. Thompson, Anqi Qiu, Jean-Fran\u00e7ois Mangin, Michael I. Miller]"}, "80": {"llama": "[Xizhu Mo, Arun Rai, Zhao Chen, Linda G. Wallace, Yong Hu, Mark Keil, Shenguo Yuan]"}, "81": {"llama": "[Bart Dhoedt, Danny De Vleeschauwer, Filip De Turck, Jeroen Famaey, Maxim Claeys]"}, "82": {"llama": "[C. Shu, Kun Xu, L. M. Yang, Xiao-Dong Niu]"}, "83": {"llama": "[Chenyang Lu, Robert Morris, Ranveer Chandra]"}, "84": {"llama": "[Jun Li, Jos\u00e9 M. Bioucas-Dias, Dimitris S. Papailiopoulos, Xiaohe Hu]"}, "85": {"llama": "[Stefano Caselli, Simon Kriegel, Jacopo Aleotti, Wesley P. Chan, Siddhartha S. Srinivasa, Michael Beetz]"}, "86": {"llama": "[Eric D. Diller, A. Agung Julius, Dal Hyung Kim, Sarthak Misra, Vijay Kumar]"}, "87": {"llama": "[Yonghong Hou, Marwan Torki, Jitendra Malik, Jamie Shotton, Andrew W. Fitzgibbon, Andrew Blake, Motaz El-Saban, Richard Moore]"}, "88": {"llama": "[Markos Zampoglou, Athanasios G. Malamos, Kostas Kapetanakis, Anastasios D. Doulamis, Patti Spala, Yvonne Jung]"}, "89": {"llama": "[Frank van Harmelen, Kathrin Dentler, Carsten Lutz, Yuan-Fang Li]"}, "90": {"llama": "[Cristina Marino Buslje, Morten Nielsen, Kimmen Sj\u00f6lander, Rainer Merkl]"}, "91": {"llama": "[Sofya Raskhodnikova, Kobbi Nissim, Frank McSherry, Kamalika Chaudhuri, Kunal Talwar]"}, "92": {"llama": "[Fran\u00e7ois Chaumette, Bo Song, Chiu Lai, Jianguo Zhao]"}, "93": {"llama": "[Andrzej Drygajlo, Joaquin Gonzalez-Rodriguez, Thirimachos Bourlai, Norman Poh, Kieron Messer]"}, "94": {"llama": "[Michael Chau, Sau Dan Lee, Hans-Peter Kriegel, Giovanni Ponti, Ben Kao]"}, "95": {"llama": "[Richard Durbin, Daniel Kahn, Hongzhan Huang]"}, "96": {"llama": "[Qianhui Liang, Patrick C. K. Hung, Gordon K. Lee, Quan Z. Sheng]"}, "97": {"llama": "[Guillermo Sapiro, Christian F. Beckmann, Paul M. Thompson, Stephen M. Smith, Edward J. Auerbach]"}, "98": {"llama": "[Eung Je Woo, Ohin Kwon, Adrian Nachman, Jin Keun Seo]"}, "99": {"llama": "[Vuthichai Ampornaramveth, Md. Hasanuzzaman, Haruki Ueno, Mohammed Hasanuzzaman, M. A. Bhuiyan, Tao Zhang, Yoshiaki Shirai, Hironobu Gotoda, Md. Al-Amin Bhuiyan, Shin-yo Muto]"}, "100": {"llama": "[Min Suk Chung, Jin Seo Park, Ernst Richter, Sung Bae Hwang, Bernhard Pflesser, Martin Riemer, Dong Sun Shin, Rainer Schubert]"}, "101": {"llama": "[Terence Tao, Giorgio Quer, Riccardo Masiero, Emmanuel J. Cand\u00e8s, Michele Rossi, Robert D. Nowak]"}, "102": {"llama": "[Lang Tong, Seksan Laitrakun, Edward J. Coyle, Tse-Yao Chang]"}, "103": {"llama": "[Yalin Wang, Paul M. Thompson, Margaret J. Wright, Matt A. Bernstein]"}, "104": {"llama": "[Klaus Robert M\u00fcller, Klaus-Robert M\u00fcller, Gregor Rainer, Sven D\u00e4hne, Siamac Fazli, Frank C. Meinecke, Benjamin Blankertz]"}, "105": {"llama": "[Daniel Wedge, Rodrigo L. Carceroni, Michal Irani, Fl\u00e1vio L. C. P\u00e1dua, Du Q. Huynh]"}, "106": {"llama": "[Elke A. Rundensteiner, Hong Su, Leonidas Fegaras, Michael J. Carey, Arvind Sundararajan]"}, "107": {"llama": "[Lean Yu, Pankaj Gupta, Yunzeng Wang, K. K. Lai]"}, "108": {"llama": "[Robert Feldt, Claes Wohlin, Lucas Gren, Richard Torkar]"}, "109": {"llama": "[Alexander D. MacKerell, Charles L. Brooks, Kenno Vanommeslaeghe, Wenbo Yu, Wonpil Im]"}, "110": {"llama": "[Tony F. Chan, Dimitris N. Metaxas, Luminita A. Vese, Ke Chen, Behzad Ghanbari]"}, "111": {"llama": "[Gabriele Taentzer, Juan de Lara, Annegret Habel, Karl-Heinz Pennemann, Hartmut Ehrig, Pedro Pablo Perez Velasco]"}, "112": {"llama": "[Teemu Pitk\u00e4nen, Micka\u00ebl Raulet, Simone Casale-Brunet, Pekka J\u00e4\u00e4skel\u00e4inen, Jarmo Takala, Heikki Kultala]"}, "113": {"llama": "[John A. Stankovic, Andreas Willig, Utz Roedig, David E. Culler, Petcharat Suriyachai]"}, "114": {"llama": "[Hamed Rasouli, Helmut B\u00f6lcskei, Andrew Sendonaris, Jiho Jang]"}, "115": {"llama": "[Gia Khanh Tran, Kei Sakaguchi, Klaus I. Pedersen, Kiyomichi Araki, Daiki Maehara]"}, "116": {"llama": "[Biswanath Mukherjee, Wei Liang, Chaofan Ma, Meng Zheng]"}, "117": {"llama": "[Jiawei Han, Philip S. Yu, Wen Gao, Shiqiang Yang]"}, "118": {"llama": "[V\u00edt Jel\u00ednek, Michael H. Albert, M. D. Atkinson, Anders Claesson]"}, "119": {"llama": "[Andrea Cavallaro, Anthony Vetro, Jos\u00e9 M. Mart\u00ednez, Luc J. Van Gool]"}, "120": {"llama": "[Felici\u00e1n N\u00e9meth, Apoorv Shukla, Per Kreuger, Nick McKeown, Rebecca Steinert, Stefan Schmid]"}, "121": {"llama": "[Thomas L. Ainsworth, Yoshio Yamaguchi, Sang-Eun Park, Hiroyoshi Yamada, Motoyuki Sato, Jong-Sen Lee]"}, "122": {"llama": "[Mario Gerla, Kamalrulnizam Abu Bakar, Yang Xiao]"}, "123": {"llama": "[Andreas Z\u00fcfle, Johannes Niedermayer, Alexey Pryakhin, Lei Chen, Yufei Tao, Amit Singh, Ali \u015eaman Tosun, Ouri Wolfson]"}, "124": {"llama": "[Lynne E. Parker, Armin Biere, Christian Bessiere, Juergen Schmidhuber, Ronan Le Bras, Bart Selman]"}, "125": {"llama": "[Gloria Mark, Eric Horvitz, A. Sano]"}, "126": {"llama": "[ Mohammad Niknazar, Andrzej Cichocki, Gari D. Clifford, Christian Jutten ]"}, "127": {"llama": "[Kai Man Tsui, Takao Hinamoto, Hon Keung Kwan, Yong Ching Lim, Shing-Chow Chan]"}, "128": {"llama": "[Kim M. Hazelwood, Jason D. Hiser, Jack W. Davidson, Robert S. Cohn, Jos\u00e9 A. Baiocchi, Wei-Chung Hsu]"}, "129": {"llama": "[Sorin A. Huss, Thomas Feller, Thomas P\u00f6ppelmann, Tim G\u00fcneysu, Ahmad-Reza Sadeghi, Tobias Oder]"}, "130": {"llama": "[Masato Tajima, Robert Michael Tanner, J Daniel Costello, Koji Okino, Arvind Sridharan]"}, "131": {"llama": "[M\u00e1rcio Ribeiro, Janet Feigenspan, Marko Rosenm\u00fcller, J\u00f6rg Liebig]"}, "132": {"llama": "[Wojciech Matusik, Leonard McMillan, Timo Stich, Christian Linz, C. Lawrence Zitnick, Noah Snavely, Richard Szeliski]"}, "133": {"llama": "[Masahiko Jinno, Tomohiro Kudoh, Hidemoto Nakada, Satoshi Sekiguchi, Shuichi Okamoto]"}, "134": {"llama": "[Gad M. Landau, Yasuo Tabei, Hiroshi Sakamoto, Amihood Amir, Benjamin Sach]"}, "135": {"llama": "[Hing-Cheung So, Frankie K. W. Chan, Wing-Kin Ma, Gang Wang, Tzu-Chen Lian, Kenneth Wing-Kin Lui]"}, "136": {"llama": "[Qing-Shan Jia, Han Zou, Lihua Xie, Hao Jiang, Hengtao Wang, Xiaoxuan Lu]"}, "137": {"llama": "[Dexin Zhang, Kevin W. Bowyer, B. V. K. Vijaya Kumar, Yung-Hui Li, Arun Ross, Anil K. Jain]"}, "138": {"llama": "[Deepak Agarwal, Anlei Dong, Pradheep Elango, Lihong Li, Seung-Taek Park]"}, "139": {"llama": "[Lawrence Carin, Yee Whye Teh, Zoubin Ghahramani, Matthew J. Beal, Wenzhao Lian]"}, "140": {"llama": "[Radu Prodan, Vlad Nae, Lukas K\u00f6pfle, Alexandru Iosup]"}, "141": {"llama": "[Mehmet Kaya, Miguel A. Vega-Rodr\u00edguez, Mar\u00eda Jos\u00e9 Gacto, Ming-Yang Su]"}, "142": {"llama": "[Klaus Kabitzsch, Joern Ploennigs, M. Lehmann, Henrik Dibowski, Sandro Schulze]"}, "143": {"llama": "[Tayssir Touili, Thomas A. Henzinger, Thomas W. Reps, Aarti Gupta, Akash Lal, Ahmed Bouajjani, Helmut Seidl, Nicholas Kidd]"}, "144": {"llama": "[Virginie Van den Schrieck, Walter Willinger, Lixin Gao, Zhuoqing Morley Mao]"}, "145": {"llama": "[Jian Sun, Janne Heikkil\u00e4, Vladimir Kolmogorov, Maja Pantic, Tsuhan Chen, Takeo Kanade]"}, "146": {"llama": "[Bruno Bodin, Youen Lesparre, Alix Munier-Kordon]"}, "147": {"llama": "[M. van der Schaar, James W. Modestino, Konstantinos E. Parsopoulos, Aggelos K. Katsaggelos, Angeliki V. Katsenou, Katerina Pandremmenou]"}, "148": {"llama": "[Szymon Rusinkiewicz, Mark Pauly, Fang Meng, Markus H. Gross, Marc Levoy, Leif Kobbelt]"}, "149": {"llama": "[Khashayar Khorasani, Sylvain Verron, Surya N. Kavuri, Venkat Venkatasubramanian, Raghunathan Rengaswamy]"}, "150": {"llama": "[ Mohammad Ali Maddah-Ali, Akbar Ghasemi, Tiangao Gou, Marc Torrellas, Syed Ali Jafar, Viveck R. Cadambe ]"}, "151": {"llama": "[Shawn Bowers, Daniel Zinn, Carl Kesselman, Carole Goble, Bertram Lud\u00e4scher, Ian T. Foster]"}, "152": {"llama": "[Takeo Igarashi, Scott E. Hudson, James Fogarty, Leith Abdulla, Scott R. Klemmer]"}, "153": {"llama": "[John F. Elder, Yiming Yang, Hendrik Blockeel, Dragi Kocev]"}, "154": {"llama": "[Behnam Malakooti, Camelia Al-Najjar, Brian J. Barritt, Shaya Sheikh, Vishnu Raman]"}, "155": {"llama": "[M. Frans Kaashoek, Michael J. Franklin, Hari Balakrishnan, Robert Morris, Liz Ribe-Baumann]"}, "156": {"llama": "[Marsette Vona, Hod Lipson, Mark Yim, Daniela Rus, David Johan Christensen, Kyle Gilpin]"}, "157": {"llama": "[Francesco Ricci, Tianqing Zhu, An Te Nguyen, Enhong Chen, Marino Segnan]"}, "158": {"llama": "[Christophe Diot, Chen-Nee Chuah, Michalis Faloutsos, Jennifer Rexford, Srikanth V. Krishnamurthy]"}, "159": {"llama": "[Mikko Raatikainen, Marjo Kauppinen, Sari Kujala]"}, "160": {"llama": "[Jason Owen Day, Carol J. Bruegge, Christopher W. O'Dell, David Crisp]"}, "161": {"llama": "[Eren Erdal Aksoy, Alexey Abramov, Florentin W\u00f6rg\u00f6tter, Babette Dellen, Carme Torras, Guillem Aleny\u00e0, Hema Swetha Koppula]"}, "162": {"llama": "[Paul D. Amer, Martin Becke, Hongke Zhang, Victor C. M. Leung, Janardhan R. Iyengar, Nasim Arianpoo]"}, "163": {"llama": "[Min Zhang, John Shawe-Taylor, Chris Watkins, Guodong Zhou, Ting Liu]"}, "164": {"llama": "[Defeng Sun, Liqun Qi, Liwei Zhang, Jie Sun]"}, "165": {"llama": "[Pheng-Ann Heng, Jing Qin, Hao Chen, Qi Dou, Vincent Mok]"}, "166": {"llama": "[Jiawei Han, Wei Wang, Philip S. Yu, Wen-Chih Peng, Peter Nye]"}, "167": {"llama": "[Jamie Shotton, Shahram Izadi, Marcin Grzegorzek, Adrien Chan-Hon-Tong]"}, "168": {"llama": "[Leandro S. G. de Carvalho, Edjair Mota, Regeane Aguiar, Emmanuel C. Ifeachor]"}, "169": {"llama": "[Amit P. Sheth, John A. Miller, Kunal Verma, David Martin, Walid Gaaloul, Val\u00e9rie Issarny]"}, "170": {"llama": "[Lai Xu, Peng Liang, Lingling Wei, Souleymane Balla-Arab\u00e9, A.H.M. ter Hofstede]"}, "171": {"llama": "[Patrick Girard, Laung-Terng Wang, Kewal K. Saluja, Kuen-Jong Lee, Santiago Remersaro]"}, "172": {"llama": "[Yingen Xiong, Vijay Chandrasekhar, Gabriel Takacs, Wei-Chao Chen, Sam S. Tsai, Tinne Tuytelaars, Clemens Arth, Erich Bruns]"}, "173": {"llama": "[Bill Triggs, Tinne Tuytelaars, Navneet Dalal, Huijing Zhao, Ryosuke Shibasaki, Rob Fergus, James J. Little]"}, "174": {"llama": "[Jiancheng Fang, Shiqiang Zheng, Bangcheng Han, Yuan Ren, Yun Le, Cong Peng]"}, "175": {"llama": "[Romain Couillet, Robert Schober, Iain B. Collings, Stephen V. Hanly, Esa Ollila]"}, "176": {"llama": "[Andrew K. Skidmore, Clement Atzberger, Douglas J. King, Joachim Hill, M. R. Khan, Marco Heurich, Moses Azong Cho, Onisimo Mutanga]"}, "177": {"llama": "[Paul E. Debevec, Ravi Ramamoorthi, Fabio Pellacini]"}, "178": {"llama": "[Renliang Gu, Neal Parikh, Brendan O'Donoghue, Emmanuel J. Cand\u00e8s, Wotao Yin]"}, "179": {"llama": "[Lizhe Wang, Rajiv Ranjan, Samee Ullah Khan, Dan Chen, Yong Zhao, Kim-Kwang Raymond Choo]"}, "180": {"llama": "[Kevin A. Kwiat, Michael Iannelli, Mohammad Rabby, Kaliappa Ravindran, Ali Sabbir]"}, "181": {"llama": "[Hrishikesh B. Acharya, Kevin Yoo, Hazem H. Hamed, Mohamed G. Gouda, Alex X. Liu]"}, "182": {"llama": "[Guilin Chen, Isabelle Guyon, Carla Schlatter Ellis, Doosan Cho, Edwin Hsing-Mean Sha]"}, "183": {"llama": "[Chau Yuen, Khaled Ben Letaief, Mohamed-Slim Alouini, Ian F. Akyildiz, Himal A. Suraweera]"}, "184": {"llama": "[Ju-Sheng Mi, Fan Min, William Zhu, Wei-Zhi Wu, Bin Yang]"}, "185": {"llama": "[Jacinto G. Dacosta, Arturo J. M\u00e9ndez, Mar\u00eda J. Lado, Emilio Garc\u00eda Rosell\u00f3]"}, "186": {"llama": "[Dervis Karaboga, Manuel Lozano, Mina Husseinzadeh Kashan, Celal Ozturk]"}, "187": {"llama": "[Denis Helic, Markus Strohmaier, Tobias Ley, Christoph Trattner]"}, "188": {"llama": "[Pierre L'Ecuyer, Henry Horng-Shing Lu, Lih-Yuan Deng, Richard J. Simard]"}, "189": {"llama": "[Donna Byron, Nina Dethlefs, Heike Zinsmeister, Iida Ryu]"}, "190": {"llama": "[Gaurav Somani, Manoj Singh Gaur, Mauro Conti, Dheeraj Sanghi, Mohit Taneja]"}, "191": {"llama": "[Manuele Brambilla, Stefano Nolfi, Heiko Hamann, Anders Lyhne Christensen, Marco Dorigo, Vito Trianni, Alexandre Campo]"}, "192": {"llama": "[Michele Colajanni, Riccardo Lancellotti, Stefania Tosi, Willy Zwaenepoel, Xueyan Tang, Luis Joyanes Aguilar]"}, "193": {"llama": "[Leszek Szczecinski, Rodolfo Feick, Alex Alvarado, Shlomo Shamai, Md. Jahangir Hossain]"}, "194": {"llama": "[Baodong Qin, Shafi Goldwasser, Dan Boneh, Rafail Ostrovsky, Shengli Liu]"}, "195": {"llama": "[Reinhard Guthke, Michael Hecker, J\u00f6rg Linde, Francisco G\u00f3mez-Vela, Norberto D\u00edaz-D\u00edaz]"}, "196": {"llama": "[Ba-Tuong Vo, Ba-Ngu Vo, Volkan Kilic]"}, "197": {"llama": "[Wei Ren, Wei Wang, Guanrong Chen, Wenwu Yu, Huijun Gao]"}, "198": {"llama": "[Alexandre Gramfort, Srikantan S. Nagarajan, Lauri Parkkonen, Robert Oostenveld, Karl J. Friston]"}, "199": {"llama": "[Peter Van Hese, Mohamed Y. Eldib, Jorge Oswaldo Ni\u00f1o-Casta\u00f1eda, Xingzhe Xie]"}, "200": {"llama": "[Xiapu Luo, Mina Guirguis, Edmond W. W. Chan, Jes\u00fas E. D\u00edaz-Verdejo, Yajuan Tang]"}, "201": {"llama": "[Hugh Robinson, Helen Sharp, Nils Brede Moe, Nik Nailah Binti Abdullah, Frank Maurer]"}, "202": {"llama": "[Adelinde M. Uhrmacher, Frank Kr\u00fcger, Thomas Kirste, Bodo Urban, Sebastian Bader]"}, "203": {"llama": "[Shunlin Liang, M. Meroni, Robert B. Cook, Fr\u00e9d\u00e9ric Baret, Ranga B. Myneni]"}, "204": {"llama": "[Chris Dyer, Jianpeng Cheng, Quoc V. Le, Eric H. Huang, Yoshua Bengio]"}, "205": {"llama": "[Shreya Kumar, Leo C. Ureel, Charles Wallace]"}, "206": {"llama": "[Volkan Rodoplu, Wei Tang, Min Kyoung Park, Jian Zhen, Paolo Santi]"}, "207": {"llama": "[Azzedine Boukerche, Haifa Raja Maamar, J\u00e9r\u00f4me Royan, D. G. Reina, Ben Y. Zhao, Antonio Alfredo Ferreira Loureiro, P. Wang, Sonny Chaiwala]"}, "208": {"llama": "[Yang Yang, Gautam Biswas, Geoffrey E. Hinton, Sihui Qi]"}, "209": {"llama": "[Bernhard E. Riecke, Roy A. Ruddle, Hh B\u00fclthoff, Alan Chalmers]"}, "210": {"llama": "[Rafael Bello, Koen Vanhoof, Maikel Leoon, Gonzalo N\u00e1poles, Elpiniki I. Papageorgiou]"}, "211": {"llama": "[Andrew P. Harrison, Pierre Ledoux, Graham J. G. Upton, William B. Langdon, Ron Edgar]"}, "212": {"llama": "[Chandrakant D. Patel, Samee Ullah Khan, Anand Sivasubramaniam, Manish Marwah, Lingjia Tang]"}, "213": {"llama": "[Pierpaolo D'Urso, Pierpaolo D\u2019Urso, Witold Pedrycz, Daniel Pe\u00f1a, Elizabeth Ann Maharaj]"}, "214": {"llama": "[Lavanya Ramakrishnan, Dennis Gannon, Beth Plale, Daniel A. Reed, Tom Baltzer]"}, "215": {"llama": "[Wang Liu, Tian Wang, Arun Somasundara, Weijia Jia]"}, "216": {"llama": "[J\u00f6rg Rahnenf\u00fchrer, Thomas Lengauer, Niko Beerenwinkel, Russell Schwartz, Stanley E. Shackney, Alejandro A. Sch\u00e4ffer, Kerstin Heselmeyer-Haddad]"}, "217": {"llama": "[Colin J. Fidge, Karl Lermer, Ian J. Hayes, Audun J\u00f8sang, Raymond Lister]"}, "218": {"llama": "[Andrew W. Senior, Yun Zhai, Jonathan H. Connell, Yingli Tian, Arun Hampapur]"}, "219": {"llama": "[Dieudonn\u00e9 Tchuente, Marie-Fran\u00e7oise Canut, Nadine Jessel, C. Marie-Fran\u00e7oise Canut, Andr\u00e9 P\u00e9ninou, Florence S\u00e8des]"}, "220": {"llama": "[Marcela Genero, Barbara Weber, Mario Piattini, Barbara Kitchenham, Stefan Zugal]"}, "221": {"llama": "[Henning Bruhn, Reinhard Diestel, Maya Stein, Daniela K\u00fchn]"}, "222": {"llama": "[Humberto Bustince, Eyke H\u00fcllermeier, Edurne Barrenechea, Xing-Gang Luo]"}, "223": {"llama": "[Kris Luyten, Marijke Vandermaesen, Tom De Weyer, Karin Coninx]"}, "224": {"llama": "[Jordi Font, Nuria Duffo, Francesc Torres, Ver\u00f3nica Gonz\u00e1lez-Gambau, Adriano Camps, Philippe Waldteufel, Yann H. Kerr, Eric Anterrieu]"}, "225": {"llama": "[Uma Maheswari, Ken Youens-Clark, Daniel M. Staines, Daniel Lawson, Arnaud Kerhornou]"}, "226": {"llama": "[Dongsheng Guo, Jun Wang, Yunong Zhang]"}, "227": {"llama": "[Issel Anne L Lim, Xin Li, Martin A. Lindquist, Bennett A. Landman]"}, "228": {"llama": "[Zeljko Zilic, Kees Goossens, Masahiro Fujita, Bart Vermeulen, Deepak Chauhan, Nicola Nicolici]"}, "229": {"llama": "[Narcis Pares, Amaia Herv\u00e1s, Judith Good, Alyssa Alcorn, Christopher Frauenberger]"}, "230": {"llama": "[Carlos Hoppen, Yoshiharu Kohayakawa, Hanno Lefmann, L\u00e1szl\u00f3 Lov\u00e1sz, Oleg Pikhurko, Rudini Menezes Sampaio, Daniel Kr\u00e1l]"}, "231": {"llama": "[Haralampos-G. D. Stratigopoulos, Abhijit Chatterjee, Sule Ozev, Yiorgos Makris, Salvador Mir]"}, "232": {"llama": "[Jarmo J. Ahonen, Jane Ransom, Henna Sivula, Tero Tilus, Jussi Koskinen]"}, "233": {"llama": "[Abdelhakim Hafid, Hongkun Li, Peng-Jun Wan]"}, "234": {"llama": "[Krystian Mikolajczyk, Pedro F. Felzenszwalb, Visvanathan Ramesh, Dorin Comaniciu, Ming-Hsuan Yang, Peter Meer, Wanying Xu]"}, "235": {"llama": "[Annegret Katrin Wagler, Claudio Gentile, Paolo Ventura, Thomas M. Liebling]"}, "236": {"llama": "[Mark Harman, Nachiappan Nagappan, Philip J. Guo, Tien N. Nguyen, Zhendong Su]"}, "237": {"llama": "[Ivan Zelinka, Roman Senkerik, Michal Pluhacek, Ville Tirronen, Uday K. Chakraborty, Balasubramaniam Srinivasan 0001]"}, "238": {"llama": "[Ahmad A. Al-Yamani, Subhasish Mitra, Nilanjan Mukherjee, Alex Orailoglu]"}, "239": {"llama": "[Tet Hin Yeap, Per \u00d6dling, Thomas Magesacher, Haiquan Zhao]"}, "240": {"llama": "[Wenfei Fan, Samuel Madden, Maozhen Li, Florian Waas, Gerome Miklau, Jianchang Xiao, Shuang Hao]"}, "241": {"llama": "[Shu Lu, Stephen M. Robinson, Adam B. Levy, Adrian S. Lewis]"}, "242": {"llama": "[Mark Handley, Scott Shenker, Kazuyuki Shudo, David R. Karger]"}, "243": {"llama": "[Elliot Moore, Nicholas B. Allen, Sharifa Alghowinem, Margaret Lech, Roland Goecke, Stefan Scherer]"}, "244": {"llama": "[Ian T. Foster, Kyle Chard, Ioan Raicu, Ben Blaiszik]"}, "245": {"llama": "[Shaoli Liu, Dan C. Ciresan, Ueli Meier, Yoshua Bengio]"}, "246": {"llama": "[Yacine Challal, Abdelmadjid Bouabdallah, Yang Xiao]"}, "247": {"llama": "[Alan C. Bovik, Gary J. Sullivan, Heiko Schwarz, Lucjan Janowski, Margaret H. Pinson, Marcus Barkowsky, Miko\u0142aj Leszczuk, Zhou Wang]"}, "248": {"llama": "[David Gefen, Viswanath Venkatesh, Izak Benbasat, D. Harrison McKnight, Dennis F. Galletta, Soussan Djamasbi]"}, "249": {"llama": "[Theodora A. Varvarigou, Chenyang Lu, Tommaso Cucinotta, Alain Tchana]"}, "250": {"llama": "[Peigen Li, Haobo Qiu, Ponnuthurai N. Suganthan, Quan-Ke Pan, Sergio Damas, Camino R. Vela]"}, "251": {"llama": "[Emilio Delgado L\u00f3pez-C\u00f3zar, Judit Bar-Ilan, Lutz Bornmann, Enrique Ordu\u00f1a-Malea]"}, "252": {"llama": "[Steven Tuecke, Carl Kesselman, Ewa Deelman, Ian T. Foster, G. Bruce Berriman]"}, "253": {"llama": "[Lan-Rong Dung, Lai-Man Po, Chok-Kwan Cheung, Khan A. Wahid]"}, "254": {"llama": "[Xianlong Hong, Yici Cai, Sachin S. Sapatnekar, Stephen T. Quay, Jingyu Xu, D. F. Wong, David Z. Pan, Tong Jing]"}, "255": {"llama": "[S. Manjunath, D. S. Guru, Anil K. Jain, Alessandra Lumini, Andrew Zisserman, P. Punitha]"}, "256": {"llama": "[Isabel F. Cruz, Irini Fundulaki, Huiyong Xiao, Alon Y. Halevy]"}, "257": {"llama": "[Guangming Shi, Yujing Guan, Stanley Osher, Bo Wang, Weisheng Dong, Michael Elad]"}, "258": {"llama": "[Naomi Fujimura, Eisuke Ito, Yoshiaki Kasahara, Tadatsugu Togawa]"}, "259": {"llama": "[Henrik Bj\u00f6rklund, Uri Zwick, Endre Boros, Sergei Vorobyov]"}, "260": {"llama": "[Nicolas Kassis, Tristan Glatard, Najmeh Khalili-Mahani, Alan C. Evans, Samir Das, Reza Adalat]"}, "261": {"llama": "[Madilyn Fletcher, Jonas S. Almeida, Eberhard O. Voit, Susana Vinga]"}, "262": {"llama": "[Jun-Heng Yeh, Wen-Yuan Liao, Shashidhar G. Koolagudi, Tsang-Long Pao]"}, "263": {"llama": "[Kerstin Dautenhahn, Maja J. Matari\u0107, Hiroshi Ishiguro, Ben Robins, Takanori Shibata, Kheng Lee Koay]"}, "264": {"llama": "[Hermann Ney, Jian-Cheng Wu, Jason S. Chang]"}, "265": {"llama": "[Samuel Williams, Leonid Oliker, Wen Jun Tan, Katherine A. Yelick]"}, "266": {"llama": "[Gustavo Camps-Valls, Jaime Gutierrez 0004, Francesc J. Ferri, Valero Laparra]"}, "267": {"llama": "[Frank Dabek, Ion Stoica, Scott Shenker, Robert Morris, Aziz Barbar, Hector Garcia-Molina]"}, "268": {"llama": "[Feng Chen, Deng Liu, Richard Szeliski, Xiaodong Zhang]"}, "269": {"llama": "[Peyman Pouyan, Esteve Amat, Fahad Ahmed, Pradip Bose]"}, "270": {"llama": "[Xin Yao, Marco Tomassini, Leonardo Vanneschi, Javier P\u00e9rez Iglesias, David Icl\u0103nzan]"}, "271": {"llama": "[Ad Aertsen, Anthony N. Burkitt, Abigail Morrison, Markus Diesmann]"}, "272": {"llama": "[Dah-Jye Lee, Eduardo Ros, Zhaoyi Wei, Carlos Cuadrado, Brent E. Nelson, Javier D\u00edaz]"}, "273": {"llama": "[J\u00e9r\u00f4me Picault, Klaus David, Olaf Droegehorn, Michael Sutterer]"}, "274": {"llama": "[John A. Stankovic, Diane J. Cook, David Wetherall, Homin Park, Srikanth V. Krishnamurthy]"}, "275": {"llama": "[Ludo Waltman, Lutz Bornmann, Charles Oppenheim, Giovanni Abramo, Ciriaco Andrea D'Angelo, Ronald Rousseau]"}, "276": {"llama": "[Erjia Yan, Tehmina Amjad, Juanzi Li, Ali Daud, Ying Ding]"}, "277": {"llama": "[Jeffrey G. Andrews, Victor C. M. Leung, Athanasios V. Vasilakos, Haijun Zhang, Chunxiao Jiang]"}, "278": {"llama": "[Sven Casteleyn, Alexander Knapp, Geert-Jan Houben]"}, "279": {"llama": "[Mitsuharu Morisawa, H. Martinez-Barbera, Fumio Kanehiro, Kenji Kaneko]"}, "280": {"llama": "[Myra B. Cohen, Gregg Rothermel, Eitan Farchi, D.R. Kuhn]"}, "281": {"llama": "[Donna Maglott, Sinan Erten, Kim D. Pruitt, Tatiana Tatusova, James Ostell]"}, "282": {"llama": "[Umar Ruhi, Yi Liu, Pascale Fung, Katia P. Sycara]"}, "283": {"llama": "[Christopher Mears, Tom Kelsey, Ian Miguel, Toby Walsh]"}, "284": {"llama": "[Geert Jan Schrijen, Jorge Guajardo, Matthias Hiller, Pim Tuyls, Sandeep S. Kumar, Vincent van der Leest, Erik van der Sluis, Georg Sigl]"}, "285": {"llama": "[Fabian Glaser, Nir Ben-Tal, Tal Pupko, Turkan Haliloglu, Robert A Murgita]"}, "286": {"llama": "[Daniel J. Crichton, Chris A. Mattmann, Nenad Medvidovic, Paul M. Ramirez, Andrew F. Hart, Cameron Goodale]"}, "287": {"llama": "[Roberto Navigli, Paola Velardi, Christian Bizer, S\u00f6ren Auer, Amal Zouaq, Christopher D. Manning, Stephen Soderland]"}, "288": {"llama": "[Jure Leskovec, Walter Quattrociocchi, Shlomo Havlin, M. E. J. Newman]"}, "289": {"llama": "[Gheorghe Paun, Jos\u00e9 M. Sempere, Victor Mitrana, Artiom Alhazov, Erzs\u00e9bet Csuhaj-Varj\u00fa, Carlos Mart\u00edn-Vide, Yurii Rogozhin, J\u00fcrgen Dassow]"}, "290": {"llama": "[Mar\u00eda Alpuente, Jos\u00e9 J\u00falio Alferes, Sebastian Schaffert, Fran\u00e7ois Bry]"}, "291": {"llama": "[Tapan S. Parikh, Jahanzeb Sherwani, Edward Cutrell, Indrani Medhi, Kentaro Toyama, William Thies]"}, "292": {"llama": "[Coert Metz, Michiel Schaap, Wiro J. Niessen, T. van Walsum, Ana Isabel Rodrigues Gouveia]"}, "293": {"llama": "[Agn\u00e8s B\u00e9gu\u00e9, Danny Lo Seen, Fran\u00e7ois Waldner, Clement Atzberger, Christian Baron, Claudia Kuenzer, Ursula Gessner, Rasmus Fensholt, Elodie Vintrou, Annie Desbrosse, Sibiry Traore]"}, "294": {"llama": "[Michel Gevers, Maria P. Tzamtzi, Gabriel Solari, Fotis N. Koumboulis]"}, "295": {"llama": "[Albert Bifet, Giacomo Boracchi, Leandro L. Minku]"}, "296": {"llama": "[Patrick J. Flynn, Gabriele Sabatino, Michele Nappi, Liming Chen, Filareti Tsalakanidou, Daniel Riccio]"}, "297": {"llama": "[Miguel L. Bote-Lorenzo, Carlos Alario-Hoyos, Davinia Hern\u00e1ndez-Leo, Adolfo Ruiz-Calleja, Stavros N. Demetriadis]"}, "298": {"llama": "[Eduardo Reck Miranda, Alexis Kirke, Roberto Bresin, Ralf Muhlberger, A. D. Loch]"}, "299": {"llama": "[Philip E. Bourne, J. Lynn Fink, Rolf Apweiler, Andreas Prli\u0107, Rodrigo Lopez, Dimitris Dimitropoulos, Peter W. Rose]"}, "300": {"llama": "[Jian Sun, Hui Zhang, Kun Zhou, Jean-Claude Paul]"}, "301": {"llama": "[Albert Banchs, Douglas J. Leith, Lin Dai, Robert Morris]"}, "302": {"llama": "[Jingen Ni, Sara Tressens, Yu Fang Jin, Ali H. Sayed, Lajos Hanzo, Zhi Quan]"}, "303": {"llama": "[Keitarou Ishikawa, Kentaro Kojima, Masahito Kitamura, Takehiro Inohara]"}, "304": {"llama": "[Laurent Itti, Veronica Sundstedt, Efstathios Stavrakis, George Alex Koulieris]"}, "305": {"llama": "[Zygmunt J. Haas, Jens-Peter Redlich, Rimon Barr]"}, "306": {"llama": "[Yonina C. Eldar, Sung-Kwun Oh, Gang Hua, Juan Greco, Huaping Liu, Fuchun Sun]"}, "307": {"llama": "[Yufeng Shi, Wai Sun Don, Bruno Costa]"}, "308": {"llama": "[Sultan Alneyadi, Elankayer Sithirasenan, Vallipuram Muthukkumarasamy, Changhua He]"}, "309": {"llama": "[Micka\u00ebl Raulet, Marco Mattavelli, Nicolas Siret, Jorn W. Janneck, Shuvra S. Bhattacharyya]"}, "310": {"llama": "[Kang Ryoung Park, Patrick J. Flynn, Peter Corcoran]"}, "311": {"llama": "[Przemys\u0142aw Gordinowicz, Anthony Bonato, Pawe\u0142 Pra\u0142at, Margaret-Ellen Messinger, Richard J. Nowakowski]"}, "312": {"llama": "[Bert J\u00fcttler, Hendrik Speleers, Alessandra Sestini, Carla Manni, Marjeta Krajnc, Francesca Pelosi]"}, "313": {"llama": "[Jong Min Kim, Yonina C. Eldar, Terence Tao, Petre Stoica, Bhaskar D. Rao, Namrata Vaswani, Jong Chul Ye, Ok Kyun Lee, Yoram Bresler]"}, "314": {"llama": "[Julius Ziegler, Andreas Lawitzky, Moritz Werling, Sebastian Thrun]"}, "315": {"llama": "[Shengxiang Yang, Changhe Li, Lili Liu, Andries Petrus Engelbrecht, Dingwei Wang, Danial Yazdani, Xiaodong Li, Alireza Sepas-Moghaddam, Tim Blackwell]"}, "316": {"llama": "[Stefan Wermter, Xavier Hinaut, Maxime Petit, Peter Ford Dominey]"}, "317": {"llama": "[Alberto Sanfeliu, Rachid Alami, Chrystopher L. Nehaniv, Yasushi Fukazawa]"}, "318": {"llama": "[Mustaque Ahamad, Saverio Niccolini, Manos Antonakakis, Ernesto Damiani]"}, "319": {"llama": "[Christopher Kruegel, Vern Paxson, Eric Dingle, Giovanni Vigna]"}, "320": {"llama": "[Barbara I. Wohlmuth, Patrick Hild, Yves Renard, Y. Renard, S. H\u00fceber]"}, "321": {"llama": "[Valeriy Vyatkin, Gulnara Zhabelova, Chen-Wei Yang, Alois Zoitl]"}, "322": {"llama": "[Paolo Bouquet, Surender Reddy Yerva, Andrea Molinari, Jie Bao, Chiara Ghidini, Armando Stellato]"}, "323": {"llama": "[Andy J. Wellings, Ana Cavalcanti, Daniel Tang, Hans S\u00f8ndergaard]"}, "324": {"llama": "[Samuel Huron, Brygg Ullmer, Robert J. K. Jacob]"}, "325": {"llama": "[Juan Luis Esteban, Nicola Galesi, Jakob Nordstr\u00f6m, Maria Luisa Bonet, Olaf Beyersdorff, Jochen Messner]"}, "326": {"llama": "[Alok Sharma, Wies\u0141aw Chmielnicki, Kuldip Kumar Paliwal, Abdollah Dehzangi, James Lyons, Tao Yang, Yuedong Yang]"}, "327": {"llama": "[Axel Neumann, Ester Lopez, Pau Escrich, Mennan Selimi, Felix Freitag, Leandro Navarro, Roger Pueyo]"}, "328": {"llama": "[Sasha Rubin, Dominique Lecomte, Filip Murlak, Olivier Finkel]"}, "329": {"llama": "[Xiao Qin, Yuanyuan Zhou, Anand Sivasubramaniam, Andreas Weissel, Di Wang, Bhuvan Urgaonkar]"}, "330": {"llama": "[Gang Deng, Lixia Zhang, Songwu Lu, Chuanxiong Guo, Srikanth Kandula, Haitao Wu]"}, "331": {"llama": "[Sean Donovan, Anja Feldmann, Scott Shenker, Nick McKeown]"}, "332": {"llama": "[R\u00fcdiger Dillmann, Siddhartha S. Srinivasa, Michael Beetz, Jacopo Aleotti, Stefano Caselli]"}, "333": {"llama": "[Markus H. Gross, Hans-Peter Seidel, R\u00fcdiger Westermann, Ronald Fedkiw, Philipp Slusallek, Marc Stamminger]"}, "334": {"llama": "[Dorothy E. Leidner, Viswanath Venkatesh, Lorne Olfman, Stefan Smolnik, Murray E. Jennex, Maryam Alavi]"}, "335": {"llama": "[Ying-Ke Lei, De-Shuang Huang, Marija Rasajski]"}, "336": {"llama": "[Cordelia Schmid, Sihui Luo, Yu Qiao, Xiaoou Tang, Dacheng Tao, Luc J. Van Gool]"}, "337": {"llama": "[Ulrike Golas, Tobias Heindel, Fernando Orejas, Leen Lambers, Annegret Habel, Stephen Lack]"}, "338": {"llama": "[Roberto Amadini, Jacopo Mauro, Fabio Biselli, Kevin Leyton-Brown, Yuri Malitsky, Lars Kotthoff, Holger H. Hoos, Maurizio Gabbrielli]"}, "339": {"llama": "[Marine Minier, Gregor Leander, Andrey Bogdanov, Christof Paar]"}, "340": {"llama": "[Michael J. Mendenhall, Robert F. Mills, Saeed Ur Rehman, Kevin W. Sowerby]"}, "341": {"llama": "[David E. Culler, Srikrishna Iyer, Patrick Schaumont, Yaling Yang]"}, "342": {"llama": "[Oded Maler, Alper Sen, Lars Hedrich, Pallab Dasgupta, Scott Little]"}, "343": {"llama": "[Y. Watanabe, Hiroyuki Okamura, Tadashi Dohi, Yosinori Watanabe, Alex Kondratyev, Daniel D. Gajski]"}, "344": {"llama": "[Rachid Guerraoui, Christian Cachin, Edmund L. Wong, Alysson Neves Bessani]"}, "345": {"llama": "[Lucian Ilie, Mathieu Giraud, Shunsuke Inenaga, Hideo Bannai, Rajeev Raman]"}, "346": {"llama": "[Alessandro Saffiotti, Antonio Sgorbissa, Chris D. Nugent, Diane J. Cook, Harry Chen, Hyung Jik Lee, Jasmin Grosinger, Luca Iocchi, Majd Alwan, Renato Zaccaria, Sebastian Thrun]"}, "347": {"llama": "[P. Dhavachelvan, M. Shanmugam, Sylvain Dahan]"}, "348": {"llama": "[Nauman Aslam, Jitendra Padhye, Graham Sexton, Brian Zill, Hoa Le Minh]"}, "349": {"llama": "[Eric Gaussier, Joo Hwee Lim, Tie-Yan Liu, Yoram Singer, Ali Mustafa Qamar]"}, "350": {"llama": "[Eduardo Tavares, Ricardo Massa Ferreira Lima, Paulo Romero Martins Maciel, N Meuse Oliveira, Ermeson C. Andrade, Raimundo S. Barreto, Gustavo Rau de Almeida Callou, Meuse N. O. Junior]"}, "351": {"llama": "[Richard J. Davidson, Stacey M. Schaefer, Brian B. Avants, James C. Gee, Anqi Qiu, Michael I. Miller]"}, "352": {"llama": "[Man Zhang, Grover S. Kearns, Albert L. Lederer, Detmar W. Straub, Fran\u00e7ois Bergeron, Louis Raymond]"}, "353": {"llama": "[R. P. Maheshwari, Subrahmanyam Murala, Topi M\u00e4enp\u00e4\u00e4, Matti Pietik\u00e4inen]"}, "354": {"llama": "[Carsten W. Scherer, Patrizio Colaneri, Tomomichi Hagiwara, Denis Arzelier, Yohei Hosoe]"}, "355": {"llama": "[Holger Conzelmann, William S. Hlavacek, Michael L. Blinov, Markus Koschorreck, Ernst Dieter Gilles]"}, "356": {"llama": "[Naehyuck Chang, Hojung Cha, Rhan Ha, Massoud Pedram, Gary Zhong, Y. Charlie Hu]"}, "357": {"llama": "[Michal Irani, Yaron Caspi, Michael Fahrmair, Gulcin Caner]"}, "358": {"llama": "[Timothy W. Bickmore, Darren Edge, Justine Cassell, Ha Trinh, Koji Yatani]"}, "359": {"llama": "[Sylvia Ratnasamy, Maziar Manesh, Norbert Egi, Felipe Huici, Laurent Mathy, Mihai Dobrescu, Allan D. Knies]"}, "360": {"llama": "[Anisoara Nica, Daniel Scott Brotherston, Peter Bumbulis, Samuel Madden]"}, "361": {"llama": "[Jie Cheng, Qinhuo Liu, Jos\u00e9 A. Sobrino]"}, "362": {"llama": "[Liran Carmel, Yehuda Koren, Ulrik Brandes, David Harel, Luis Gustavo Nonato]"}, "363": {"llama": "[Imran Memon, Muhammad Aslam Uqaili, Asma Zubedi, Faisal Kareem Shaikh, Roshan Shaikh, Elisa Bertino, Salem Nasri, Abir Mchergui]"}, "364": {"llama": "[Xiang-Gen Xia, Chintha Tellambura, Iickho Song]"}, "365": {"llama": "[Stanley Osher, Shanshan Wang, Jianbo Liu, Donald Goldfarb]"}, "366": {"llama": "[Oliver Bringmann, Hoang M. Le, Wolfgang Rosenstiel, Paul Pop]"}, "367": {"llama": "[Seong Whan Lee, Alexander J. Smola, David A. Forsyth, A-Yeon Park, Benjamin Blankertz]"}, "368": {"llama": "[Laureano F. Escudero, Suvrajeet Sen, Antonio Alonso-Ayuso, Thibault Lehouillier]"}, "369": {"llama": "[Lori A. Clarke, Carrie Gates, Salvatore J. Stolfo, Matt Bishop, Heather M. Conboy]"}, "370": {"llama": "[Marco Maratea, Holger H. Hoos, Tomi Janhunen, Luca Pulina, Torsten Schaub, Francesco Ricca, Marius Thomas Lindauer, Marius Thomas Schneider, Martin Gebser]"}, "371": {"llama": "[Daowen Qiu, Carlo Mereghetti, Beatrice Palano, Abuzer Yakaryilmaz]"}, "372": {"llama": "[Matthijs T. J. Spaan, Pedro U. Lima, An\u00edbal Ollero, Abdolkarim Pahliani]"}, "373": {"llama": "[Ling Feng, Xing Xie, Philip S. Yu, Jie Yang]"}, "374": {"llama": "[John Riedl, Francesco Ricci, Shyong K. Lam, Joseph A. Konstan, Shilad Sen]"}, "375": {"llama": "[Francesca Gasparini, Raimondo Schettini, Ingrid Heynderickx, Graham D. Finlayson, Daniele Marini, Carla Brambilla]"}, "376": {"llama": "[Rui M. M. Brito, C\u00e2ndida G. Silva, Eamonn J. Keogh, Nuno Loureiro-Ferreira, Paulo J. Azevedo, Martin T. Swain, Werner Dubitzky]"}, "377": {"llama": "[Udo R. Krieger, Natalia M. Markovich, Olivier Fourmaux, Arkadiusz Biernacki, Philipp M. Eittenberger]"}, "378": {"llama": "[Motohiko Isaka, Jian Song, Kewu Peng, Huangping Jin, Ryutaroh Matsumoto, Costas N. Georghiades, Marc P. C. Fossorier, R\u00fcdiger L. Urbanke, Shun Watanabe]"}, "379": {"llama": "[Dinesh Manocha, Min Tang, Ming C. Lin, Gabriel Zachmann, Rene Weller]"}, "380": {"llama": "[Hui Wu, Chun Jason Xue, Vivy Suhendra]"}, "381": {"llama": "[Andr\u00e1s Horv\u00e1th, Tadashi Dohi, Philipp Reinecke, Katinka Wolter, Peter Buchholz]"}, "382": {"llama": "[Xavier Pennec, Nicholas Ayache, Simon K. Warfield, Carl-Fredrik Westin, Gary E. Christensen, Alex D. Leow, Iman Aganj]"}, "383": {"llama": "[Ana Lucila Sandoval Orozco, Luis Javier Garc\u00eda Villalba, Jos\u00e9 Cortez, Husrev T. Sencar, Nasir D. Memon, Jan Lukas]"}, "384": {"llama": "[Sanjoy K. Baruah, Shinpei Kato, Ragunathan Rajkumar, Konstantinos Bletsas]"}, "385": {"llama": "[Jie Ding, Ai-Guo Wu, Guang-Ren Duan]"}, "386": {"llama": "[I. V. Ramakrishnan, Hironobu Takagi, Yevgen Borodin, Jeffrey P. Bigham, Vicki L. Hanson, Michael Cormier]"}, "387": {"llama": "[Henryk Wo\u017aniakowski, Peter Kritzer, Frances Y. Kuo, Ian H. Sloan, Friedrich Pillichshammer, Josef Dick, Fred J. Hickernell, Grzegorz W. Wasilkowski]"}, "388": {"llama": "[Simone Bacellar Leal Ferreira, Helen Petrie, Barbara Leporini, Denis Silva da Silveira, Vicki L. Hanson]"}, "389": {"llama": "[Paolo Maffezzoni, Bichoy Bahr, Luca Daniel, Michele Bonnin, Fernando Corinto, Salvatore Levantino]"}, "390": {"llama": "[Pong Chi Yuen, Wen-Sheng Chen, Hua Yu, Binbin Pan, Bin Fang, David D. Zhang, Anil K. Jain, Jian Huang, Michael I. Jordan, Dacheng Tao]"}, "391": {"llama": "[Takehiro Ito, Xiao Zhou, Hirotaka Ono]"}, "392": {"llama": "[Wilfredis Medina-Mel\u00e9ndez, Rafael Aracil, Jos\u00e9 Maria Azor\u00edn, Josep Mouri\u00f1o, Eduardo Fern\u00e1ndez]"}, "393": {"llama": "[Fadoua Drira, Frank Lebourgeois, Azeddine Beghdadi, Hubert Emptoz, Mohamed Riad Yagoubi, Reza Farrahi Moghaddam]"}, "394": {"llama": "[Jan Martijn E. M. van der Werf, Garm Lucassen, Fabiano Dalpiaz, Sjaak Brinkkemper, Marcel Robeer, Lionel C. Briand]"}, "395": {"llama": "[Qiang Shen, Qinghua Hu, Daren Yu, C. Raghavendra Rao, P. S. V. S. Sai Prasad, Yuhua Qian, Richard Jensen]"}, "396": {"llama": "[Guanrong Chen, Chengqing Li, Kwok-Wo Wong, Leo Yu Zhang]"}, "397": {"llama": "[Daniele Vigo, Cl\u00e1udio Alves, Silvano Martello, J. M. Val\u00e9rio de Carvalho]"}, "398": {"llama": "[Michael Factor, Xiaodong Meng, Yuanyuan Zhou, Dharmendra S. Modha, Kai Li]"}, "399": {"llama": "[Lianggui Liu, Guanfeng Liu, Yan Wang, Mehmet A. Orgun, Turgay Korkmaz]"}, "400": {"llama": "[David C. van Moolenbroek, Andrew S. Tanenbaum, Swaminathan Sundararaman, Raja Appuswamy]"}, "401": {"llama": "[Nigel H. Lovell, Kamiar Aminian, Philippe Robert, Bijan Najafi, F. Loew]"}, "402": {"llama": "[Igor Ebrahim dos Santos, Dag I. K. Sj\u00f8berg, Mario Piattini, Marco Torchiano, Forrest Shull]"}, "403": {"llama": "[Andruid Kerne, Eunyee Koh, Matthew Carrasco, Rhema Linder, Sashikanth Damaraju]"}, "404": {"llama": "[Pete Wyckoff, George Bosilca, Mohammad J. Rashti, Ron Brightwell, Matthew J. Koop, Richard L. Graham]"}, "405": {"llama": "[Philip C. Woodland, Florian Metze, Udhyakumar Nallasamy, Lidia Mangu]"}, "406": {"llama": "[Heekuck Oh, Michael Feiri, Jean-Pierre Hubaux, Frank Kargl, Antonio Kung, Xuemin Shen, Xiaodong Lin]"}, "407": {"llama": "[Jean-Marc Vincent, Nihal Pekergin, Franck Quessette, Jean-Michel Fourneau]"}, "408": {"llama": "[Yunxing Ye, Yishuang Geng, Kaveh Pahlavan, Umair Khan, Guanqun Bao]"}, "409": {"llama": "[Luis F. Luna-Reyes, Theresa A. Pardo, Djoko Sigit Sayogo, J. Ramon Gil-Garcia]"}, "410": {"llama": "[Donald F. Towsley, Mario Gerla, Raffaello Secchi]"}, "411": {"llama": "[Avner Magen, Subhash Khot, Iannis Tourlakis, David Steurer]"}, "412": {"llama": "[Fajie Yuan, ChengXiang Zhai, Ming-Feng Tsai, Lars Schmidt-Thieme, Zeno Gantner]"}, "413": {"llama": "[Youngtae Noh, Tommaso Melodia, P. Wang, Mario Gerla, Ian F. Akyildiz]"}, "414": {"llama": "[Patrick Ediger, Mathias Halbach, Christian Schack, Wolfgang Heenes, Rolf Hoffmann]"}, "415": {"llama": "[Luigina Ciolfi, A. Schmidt, Steve Benford, Eva Hornecker, John Bowers, Anthony Steed]"}, "416": {"llama": "[Wei Li, Chun Chen, W. Bruce Croft]"}, "417": {"llama": "[George L Smith, Weibo Gong, Yang Xiao]"}, "418": {"llama": "[Tufan Kumbasar, Mujde Guzelkaya, Ibrahim Eksin, Engin Yesil, Jerry M. Mendel]"}, "419": {"llama": "[Raquel Barco, Jos\u00e9 M. Ruiz-Aviles, Fe\u0301lix Barba Barba, Mariano Molina-Garcia, Jaime Calle-Sanchez, Alfonso Fernandez-Duran, Jose I. Alonso, A. Aguilar-Garcia, Holger Claussen, Sergio Fortes]"}, "420": {"llama": "[Stefano Nolfi, Jun Tani, Chrystopher L. Nehaniv, Arne Zeschel]"}, "421": {"llama": "[Victor M. Hern\u00e1ndez-Guzm\u00e1n, V\u00edctor Santib\u00e1\u00f1ez, Darren M. Dawson, Arturo Zavala-R\u00edo, Fernando Reyes]"}, "422": {"llama": "[Ingrid Verbauwhede, Christof Paar, Tim G\u00fcneysu, Thomas P\u00f6ppelmann, Tobias Oder, Sujoy Sinha Roy, Frederik Vercauteren]"}, "423": {"llama": "[Claudia-Adina Dragos, Stefan Preitl, Emil M. Petriu, Mircea-Bogdan Rdac]"}, "424": {"llama": "[Zhuohua Duan, Masafumi Hashimoto, Puneet Goel, M.S. Arulampalam, T. Clapp]"}, "425": {"llama": "[Binwu Zhang, Yong He, Jianzhong Zhang, Enyu Yao, Longcheng Liu]"}, "426": {"llama": "[Zeger Degraeve, Silvio Alexandre de Araujo, Raf Jans, Fran\u00e7ois Vanderbeck]"}, "427": {"llama": "[Burak Turhan, David Martens, Magne J\u00f8rgensen, Karel Dejaeger, Xin Yao, Leandro L. Minku, Emilia Mendes, Tim Menzies]"}, "428": {"llama": "[Sebastian Sowa, Huseyin Cavusoglu, Birendra K. Mishra, Srinivasan Raghunathan]"}, "429": {"llama": "[Philipp Cimiano, Marc Kemps-Snijders, Judith Eckle-Kohler, Sebastian Hellmann]"}, "430": {"llama": "[Frank Innerhofer-Oberperfler, Michael Felderer, Ruth Breu, Aamer Nadeem]"}, "431": {"llama": "[Li Erran Li, Hari Balakrishnan, Thomas Kunz]"}, "432": {"llama": "[Andreas L. Opdahl, Guttorm Sindre, Mario Piattini, Fabiano Dalpiaz, Paolo Giorgini, Robin C. Laney]"}, "433": {"llama": "[Mark A. Paskin, Rahul Sukthankar, H.V. Poor, Samuel Madden]"}, "434": {"llama": "[Ralph Girard, Dara Entekhabi, Eni G. Njoku, Michael W. Spencer]"}, "435": {"llama": "[Hajo Broersma, Paul M. Heysters, Yuanqing Guo, Michel A. J. Rosien, Gerard J. M. Smit, Christopher T. Clarke]"}, "436": {"llama": "[B. Sundar Rajan, Saif Khan Mohammed, N. Srinidhi, Tanumay Datta, Ananthanarayanan Chockalingam, Kenta Kasai, Anupap Meesomboon, B.S. Rajan]"}, "437": {"llama": "[Piero Fraternali, Maristella Matera, Fabio Patern\u00f2, Marco Brambilla, Stefano Ceri]"}, "438": {"llama": "[Jin-Fu Li, Erik Jan Marinissen, Cheng-Wen Wu]"}, "439": {"llama": "[Erich Bruns, Natasha Gelfand, Oliver Bimber, Bernd Girod, Gabriel Takacs]"}, "440": {"llama": "[Arkadiusz Sochan, Micha\u0142 Romaszewski, Sebastian Opozda, Przemys\u0142aw G\u0142omb]"}, "441": {"llama": "[Guo-Ping Liu, Chuan-Ke Zhang, Jin-Hua She, Ryuichi Yokoyama]"}, "442": {"llama": "[Tao Ju, Jing He, Wah Chiu, Kamal Al Nasr]"}, "443": {"llama": "[Josep Llad\u00f3s, Hubert Emptoz, Horst Bunke, Volkmar Frinken, Yuzuru Tanaka, Andreas Fischer, Toni M. Rath, R. Manmatha, Kengo Terasawa]"}, "444": {"llama": "[Piyush Gupta, Rui Zhang, Shuguang Cui, Mai Vu, Xuemin Shen]"}, "445": {"llama": "[Adil Kenzi, Soo Dong Kim, Soo Ho Chang]"}, "446": {"llama": "[C\u00e1ssia Trojahn, Christian Meilicke, Isabel F. Cruz, Ond\u0159ej \u0160v\u00e1b-Zamazal, Daniel Faria, Fran\u00e7ois Scharffe]"}, "447": {"llama": "[Andrzej Obuchowicz, Thomas Fevens, Marek Kowal, Pawe\u0142 Filipczuk, Tomasz Nieczkowski]"}, "448": {"llama": "[Tetsuo Tomiyama, Yoshiki Shimomura, Hideaki Takeda]"}, "449": {"llama": "[Manfred Morari, Dominique Bonvin, James B. Rawlings, Aldo U. Zgraggen, Moritz Diehl]"}, "450": {"llama": "[Chuang Lin, Lin Sang, Dacheng Yang, Pengxiang Li]"}, "451": {"llama": "[ Mohammad Reza Aref, Reihaneh Safavi-Naini, Serge Vaudenay, Ali Akbar Tadaion, Behzad Abdolmaleki ]"}, "452": {"llama": "[Mitsuo Gen, Yuji Sakane, Min Liu, Zuobao Wu]"}, "453": {"llama": "[Basilios Gatos, Umapada Pal, Abdel Bela\u00efd, Abderrazak Zahour, Horst Bunke]"}, "454": {"llama": "[Michael L. Walters, Kerstin Dautenhahn, Kheng Lee Koay, Britta Wrede, Takayuki Kanda, Anders Green]"}, "455": {"llama": "[Eva Onaindia, Sergio Pajares Ferrando, Alexandros Belesiotis]"}, "456": {"llama": "[Shih-Hao Hung, Krishan Sabnani, Brandon Amos, Hassan Raei, Mahadev Satyanarayanan]"}, "457": {"llama": "[Giovanni Righini, Luiz Satoru Ochi, Anand Subramanian, Artur Alves Pessoa, Yuvraj Gajpal]"}, "458": {"llama": "[Wei-Hung Lin, Shi-Jinn Horng, Tzung-Her Chen]"}, "459": {"llama": "[Kyung Jae Kim, Bong Dae Choi, Giuseppe Bianchi, Yan Zhang, Danny H. K. Tsang, Eunju Hwang]"}, "460": {"llama": "[Yu Zhang, Yi Yang, Mihai Pop, David C. Schwartz]"}, "461": {"llama": "[Ninghui Li, Fred Spiessens, Nicola Zannone]"}, "462": {"llama": "[Alan Fern, Andrew Y. Ng, Manuela M. Veloso, Peter Stone, Satinder P. Singh]"}, "463": {"llama": "[Brent Waters, Amit Sahai, Dong Hoon Lee, Vincenzo Iovino, Dan Boneh, Rong-Jaye Chen]"}, "464": {"llama": "[Chao-Tung Yang, Carl Kesselman, Ian T. Foster, Sung-Yi Chen, Kuan-Ching Li, Tsui-Ting Chen, Wen-Chung Shih]"}, "465": {"llama": "[Mirella M. Moro, Federica Mandreoli, Fusheng Wang, Vassilis J. Tsotras, Carlo Zaniolo, Nina Edelweiss]"}, "466": {"llama": "[Sung Kyu Lim, Yiyu Shi, Xianlong Hong, David Blaauw]"}, "467": {"llama": "[G. Susinder Rajan, B. Sundar Rajan, Fr\u00e9d\u00e9rique E. Oggier, Chau Yuen, Behrouz Maham]"}, "468": {"llama": "[Giorgio Di Natale, Hideo Fujiwara, Marie-Lise Flottes, Bruno Rouzeyre, M. Tebranipoor, Subhasish Mitra]"}, "469": {"llama": "[Yorgos Goletsis, Argyris Kalogeratos, Aristidis Likas]"}, "470": {"llama": "[Claude Carlet, Cunsheng Ding, Nian Li, Chunming Tang, Chengju Li, Qin Yue]"}, "471": {"llama": "[Susan R. Fussell, Jie Yang, Leslie D. Setlock, Dhruva Patil, Christoph Bartneck]"}, "472": {"llama": "[Anne Benoit, Yves Robert, M. B. Spencer, Tahsin M. Kur\u00e7, \u00dcmit V. \u00c7ataly\u00fcrek, Joel H. Saltz]"}, "473": {"llama": "[King Ngi Ngan, Hongliang Li, Jietao Jing, Guizhong Liu]"}, "474": {"llama": "[Yiyu Yao, Wojciech Ziarko, Jerzy W. Grzymala-Busse, Mohua Banerjee, Roman S\u0142owi\u0144ski, Yuhua Qian]"}, "475": {"llama": "[Aaron Mavrinac, Ruzena Bajcsy, Tinne Tuytelaars, Xiang Chen, Huadong Ma]"}, "476": {"llama": "[Shaofeng Liu, Iain Boyle, James F. Courtney]"}, "477": {"llama": "[Julian F. Miller, Pauline C. Haddow, Morten Hartmann]"}, "478": {"llama": "[Radu Bogdan Rusu, Anne-Katrin Mahlein, Stefan Paulus, Heiner Kuhlmann]"}, "479": {"llama": "[Mike P. Papazoglou, Dianfu Ma, Brian J. Corbitt, Ricardo Jardim-Goncalves]"}, "480": {"llama": "[Valentina Martina, Delia Ciullo, Maria Efthymiopoulou, Nikolaos Efthymiopoulos]"}, "481": {"llama": "[Habib Mehrez, Matthieu Tuna, Erik Jan Marinissen, Sachin S. Sapatnekar]"}, "482": {"llama": "[Nam Sung Kim, Isabel C. Teixeira, Jo\u00e3o Paulo Teixeira, M. B. Santos]"}, "483": {"llama": "[Konrad Banachowicz, Maciej Stefa\u0144czyk, Tomasz Kornuta, Cezary Zieli\u0144ski, Tomasz Winiarski, W\u0142odzimierz Kasprzak, M. Wal\u0119cki]"}, "484": {"llama": "[Vimla L. Patel, Suzanne Bakken, Rebecca Schnall, Leanne M. Currie]"}, "485": {"llama": "[Kung Fu Ng, Boris S. Mordukhovich, Michel Th\u00e9ra, Jane J. Ye]"}, "486": {"llama": "[Robert D. Ryne, Gagan Agrawal, Yu Su, Jerry Chi-Yuan Chou]"}, "487": {"llama": "[Kori Inkpen, Saul Greenberg, Patrick Olivier, Michael Massimi]"}, "488": {"llama": "[Muhammad Farooq, Juan M. Fontana, Edward Sazonov, Nabil Alshurafa]"}, "489": {"llama": "[Craig A. Stewart, Ian T. Foster, Ioan Raicu, Stephen C. Simms]"}, "490": {"llama": "[Nicola Harte, Cathy H. Wu, Robert Stevens, Erick Antezana, Serenella Ferro]"}, "491": {"llama": "[Kathi Westphal, Claudia Ernst, Niels Grabe, Thora Pommerencke, Hartmut Dickhaus]"}, "492": {"llama": "[Feng Pan, Gao Cong, Balaram Bhattacharyya, Mohammed J. Zaki]"}, "493": {"llama": "[Partha Niyogi, Olga Sorkine, Pawas Ranjan, Yusu Wang]"}, "494": {"llama": "[Micah Taylor, Christian Lauterbach, George Drettakis, Dinesh Manocha, Carl Schissler, Nikunj Raghuvanshi, Ming C. Lin, Ravish Mehra, Anish Chandak, Atul Rungta, Lakulish Antani]"}, "495": {"llama": "[Fadi A. Aloul, Arathi Ramani, Lintao Zhang, Sharad Malik, Miroslav N. Velev]"}, "496": {"llama": "[Roberta Lima Gomes, J.-P. Courtiat, Jean-Pierre Courtiat, Roberta Lima-Gomes, Christophe Lohr]"}, "497": {"llama": "[Tsu-Wei Tseng, Jin-Fu Li, Cheng-Wen Wu, Krishnendu Chakrabarty, Yung-Fa Chou, Shyue-Kung Lu, Wu-Tung Cheng, Sungho Kang]"}, "498": {"llama": "[P. Berardino, Riccardo Lanari, Fausto Guzzetti, Nicola Casagli, Gianfranco Fornaro, E. Sansosti, Sandro Moretti]"}, "499": {"llama": "[Krassimira Ivanova, Peter Stanchev, Kuzman Ganchev, Jo\u00e3o Gra\u00e7a]"}}