{"0": {"llama8b": "The Maximum Independent Set of this network is: [William Lawson, Michelle Lewis, Daniel Shelton]."}, "1": {"llama8b": "[Martin Price, Anthony Shaw, Robert Jordan Jr., Ashley Crosby, Melissa Schultz, Alan Gallegos, Justin Hendricks, Sarah Woods, Steven Williams]."}, "2": {"llama8b": "The Maximum Independent Set of this network is: [Russell Mooney, Jennifer Wilson, Lindsay Barr]."}, "3": {"llama8b": "The Maximum Independent Set of this network is: [Kenneth Edwards, Jason Shepherd]."}, "4": {"llama8b": "[Steven Callahan, Amanda Ayers, Michael Smith, Jennifer House, Charles Haynes, Patrick Clark]."}, "5": {"llama8b": "The Maximum Independent Set of this network is: [Anna Alexander, Bradley Andrews, Kristin Flynn, Martha Harris, Eric Hunter]."}, "6": {"llama8b": "The Maximum Independent Set of this network is: [Kristin Krueger, Mariah Wilson, Mark Ortiz, Kevin Mclaughlin Jr.]."}, "7": {"llama8b": "[Meghan Mendoza, Tyler Robbins, Susan Crawford, Frances Boyer, Debra Oconnor, Kara Solis].\n\nMaximum Independent Set: [Amanda Walker MD, Jeremy Huerta, Aaron Pena]."}, "8": {"llama8b": "The Maximum Independent Set of this network is: [Matthew Spencer, Edward Richardson, Kyle Austin]."}, "9": {"llama8b": "The Maximum Independent Set of this network is: [Rhonda Howell, Stephanie Stewart, Zachary White, Nicholas Daniels]."}, "10": {"llama8b": "The Maximum Independent Set of this network is: [Franklin Brown, Tony Shepard, Corey Neal]."}, "11": {"llama8b": "The Maximum Independent Set of this network is: [Gerald Brown, Jose Knapp, Megan Wagner, Katherine Evans]."}, "12": {"llama8b": "[Amber Lawrence, Cynthia Stephens DDS, Jennifer Hall, Nathaniel Weiss, Christian Alvarado]."}, "13": {"llama8b": "The Maximum Independent Set of this network is: [Jacqueline Brown, Tina Larson, Mary Lee, Julie Wilson, Thomas Swanson]."}, "14": {"llama8b": "The Maximum Independent Set of this network is: [Susan Bailey, Anthony Taylor, Collin Berry, James Moss]."}, "15": {"llama8b": "The Maximum Independent Set of this network is: [Sara Hernandez, James Jones, Kristina Ochoa]."}, "16": {"llama8b": "The Maximum Independent Set of this network is: [Daniel Armstrong, Emily Buckley, Donna Welch]."}, "17": {"llama8b": "The Maximum Independent Set of this network is: [Derek Carroll, Eric Harmon, Robert Grant, Corey Mendez]."}, "18": {"llama8b": "[Amber Martinez, Lindsay Ward, Melissa Farley, Rebecca Bradshaw, Chloe Russell]."}, "19": {"llama8b": "The Maximum Independent Set of this network is: [Lisa Garcia, Timothy Leonard, Jon Taylor]."}, "20": {"llama8b": "The Maximum Independent Set of this network is: [Beth Reed, Marie Berger, Terry Hamilton]."}, "21": {"llama8b": "The Maximum Independent Set of this network is: [David Gordon, Sheryl Parrish, Vanessa Duffy, Samantha Briggs, Joshua Kane, Michelle Obrien, Angela West, Amanda Price]."}, "22": {"llama8b": "The Maximum Independent Set of this network is [Kelly Stafford, Anthony Wolfe]."}, "23": {"llama8b": "The Maximum Independent Set of this network is: [Brandon Barajas, Monica Allen, Mary Wood, Monique Webb]."}, "24": {"llama8b": "The Maximum Independent Set of this network is: [Katherine Miller, Diana Calderon]."}, "25": {"llama8b": "The Maximum Independent Set of this network is: [Tara Wilkerson, Stephanie Carroll, Cynthia Perez, Jeffrey Crosby]."}, "26": {"llama8b": "[Joanne Martinez, Cindy James, Ashley Webster, Kristin Petty]."}, "27": {"llama8b": "The Maximum Independent Set of this network is: [Karen Wilson, Regina Rojas]."}, "28": {"llama8b": "The Maximum Independent Set of this network is: [Kevin Day, David Thompson, Ashley Scott]."}, "29": {"llama8b": "The Maximum Independent Set of this network is: [Stephanie Mason, John Nash, Dr. Dominic Hopkins DDS, James Vincent, Kim Johnson]."}, "30": {"llama8b": "The Maximum Independent Set of this network is: [David Valencia, Mary Lam, Cindy Bell, Suzanne Lang]."}, "31": {"llama8b": "[Scott Delacruz, Ashley Parker, Belinda Young]."}, "32": {"llama8b": "The Maximum Independent Set of this network is: [Lindsey Miller, Alvin Morris]."}, "33": {"llama8b": "The Maximum Independent Set of this network is: [Tammy Crawford, James Espinoza, Shane Schultz]."}, "34": {"llama8b": "[Joshua Murray, Gregory Gardner, Angela Erickson, Wesley Rodriguez, Caitlin Lozano]."}, "35": {"llama8b": "After analyzing the social network, I found that the Maximum Independent Set is: [Eugene Chambers, Mr. Jason Bray, Whitney Allen, Brian Warner, Ryan Blair]."}, "36": {"llama8b": "The Maximum Independent Set of this network is: [Ryan Mayer, Howard Brown, Jonathon Moore, Kayla Hernandez]."}, "37": {"llama8b": "The Maximum Independent Set of this network is: [Sarah Curtis, Robyn Riggs, Larry Cross]."}, "38": {"llama8b": "The Maximum Independent Set of this network is: [Mackenzie Harris, Robert Fields, Theresa Horton]."}, "39": {"llama8b": "The Maximum Independent Set of this network is: [Nancy Harvey, John Brown, Mackenzie Clark, Samantha Ryan MD, Susan Rivera, Brooke Bright]."}, "40": {"llama8b": "[Jonathan Bailey, Susan Benson, Christopher Mcmahon, Patrick Smith, Danielle Richard, Laura Gutierrez, Joshua Kane, Melissa Jordan, Amber Murphy]."}, "41": {"llama8b": "[Kristen Mays DDS, Gregory Miller, Joel Green]."}, "42": {"llama8b": "[Christopher Holt, Jonathan Garcia, Kelly Crawford]."}, "43": {"llama8b": "The Maximum Independent Set of this network is: [Elizabeth Williams, Amy Barrett, Tracey Walker, Kimberly Hughes, Lori Cole, Blake Skinner, Teresa Wiley DDS]."}, "44": {"llama8b": "The Maximum Independent Set of this network is: [Sue Johnson, Tara Burnett MD, Julia Montoya]."}, "45": {"llama8b": "The Maximum Independent Set of this network is: [Danny Jones, Denise Burgess, Ashley Smith]."}, "46": {"llama8b": "The Maximum Independent Set of this network is: [Samuel Johnson, Anthony Stevens, Michele Mejia]."}, "47": {"llama8b": "The Maximum Independent Set of this network is: [Joe Mccann, Robert Moore, Jennifer Campbell]."}, "48": {"llama8b": "The Maximum Independent Set of this network is: [John Hensley, Brent May, Michelle Rivera]."}, "49": {"llama8b": "The Maximum Independent Set of this network is: [Sarah Moore, Kevin Jones, Chad Burnett, James Daniels, Robert White, Nicholas Grimes]."}, "50": {"llama8b": "[Madison Willis, Jerome Ferguson, Alejandro Monroe, Haley Mejia, Roger Martin, Scott Little, Nicholas Webb]."}, "51": {"llama8b": "The Maximum Independent Set of this network is: [Susan Bradshaw, Jennifer Barton, Joel Valdez PhD, Dennis Johnson, Jenny Austin, Terri Cochran, Patricia Johnson, Gabriel Jenkins, Shaun Hernandez, Joel Terrell, Mark Clark]."}, "52": {"llama8b": "[Michelle Nolan, Alison Cooper, Robert Hunter, Sydney Pennington, Alexander Carter, Cassandra Fernandez, Daniel Ochoa]."}, "53": {"llama8b": "The Maximum Independent Set of this network is: [Elizabeth Davenport, Katherine Ross, Rhonda Graham]."}, "54": {"llama8b": "The Maximum Independent Set of this network is: [Heather Davila, Charles Carroll, Aimee Mckinney]."}, "55": {"llama8b": "[Alexis Peterson DVM, Jody Zimmerman, Nicole Byrd]."}, "56": {"llama8b": "The Maximum Independent Set of this network is: [Jay Walker, Michael Edwards, Rebecca Burton, Larry Richard Jr., Brooke Sharp]."}, "57": {"llama8b": "The Maximum Independent Set of this network is: [Kaitlyn Morgan, Christopher Osborn, Jose King, Patrick Miranda, Christy Le]."}, "58": {"llama8b": "[Sean Vazquez, Jennifer Cobb, Wayne Gordon, Nancy Holmes]."}, "59": {"llama8b": "The Maximum Independent Set of this network is: [Andrew Stephens, Kristin Rivera, Taylor Harmon]."}, "60": {"llama8b": "The Maximum Independent Set of this network is: [Joshua Kane, Mark Hansen]."}, "61": {"llama8b": "The Maximum Independent Set of this network is: [Megan Green, Virginia Perez, Dana Young, John Ward, Ebony Mcgee]."}, "62": {"llama8b": "The Maximum Independent Set of this network is: [Matthew Ruiz, Carolyn Johnson, Jillian Salinas]."}, "63": {"llama8b": "[Brandon Parker, Gilbert Cox]."}, "64": {"llama8b": "[Antonio Bailey, Eugene Potts, Daniel Gonzales]."}, "65": {"llama8b": "The Maximum Independent Set of this network is: [David Lee, Lori Ibarra, Fernando Cooper, Kelly Salinas, Jonathan Lewis]."}, "66": {"llama8b": "[John Hoover, Heather Flynn, Brandon Holland, John Johns]."}, "67": {"llama8b": "The Maximum Independent Set of this network is: [Donna Hansen, Brian Bowen, Elizabeth Weber, Michele Mason]."}, "68": {"llama8b": "The Maximum Independent Set of this network is: [Michael Pacheco, Richard Smith, Thomas Love]."}, "69": {"llama8b": "[Jeffrey Rogers, Jason Lewis, Christina Owen, Matthew Hunter, Sean Oneill, Brenda Herrera, Amanda Foster, Cindy Warren]."}, "70": {"llama8b": "The Maximum Independent Set of this network is: [Jasmine Morris, Kaitlin Marshall, David Woods]."}, "71": {"llama8b": "The Maximum Independent Set of this network is: [Jasmine Ross, Caitlin Campos, Brent Phillips, Rachel Santos, Matthew Jones MD]."}, "72": {"llama8b": "The Maximum Independent Set of this network is: [Heather Booker, Michael Pitts, Melissa Farley, Candice Frost]."}, "73": {"llama8b": "The Maximum Independent Set of this network is: [Sharon Franklin, Mrs. Dana Wilson, Mr. Glenn Henderson II, Joseph Lutz, Cheryl Hawkins]."}, "74": {"llama8b": "The Maximum Independent Set of this network is: [Wendy Thomas, Steven Bishop]."}, "75": {"llama8b": "The Maximum Independent Set of this network is: [Tara Nelson, Michelle Obrien, Elizabeth Cox, Jacob Jones, Chelsea Evans]."}, "76": {"llama8b": "The Maximum Independent Set of this network is: [Suzanne Jackson, John Nichols, Brooke Ryan]."}, "77": {"llama8b": "[Jason Jackson, Thomas Mitchell]."}, "78": {"llama8b": "[Shannon Ryan, Joseph Maxwell]."}, "79": {"llama8b": "[Ashley Johnson, Jamie Kaufman]."}, "80": {"llama8b": "The Maximum Independent Set of this network is: [Mr. Scott Diaz, Chad Acosta, Justin Miller, Matthew Mcfarland]."}, "81": {"llama8b": "The Maximum Independent Set of this network is: [Rebecca Cross, Angela Cochran]."}, "82": {"llama8b": "[Laura Griffith, Ashley Nelson, Laura Mason]."}, "83": {"llama8b": "[Heather Kelly, David Haynes]."}, "84": {"llama8b": "The Maximum Independent Set of this network is: [Nathan Robinson, Alicia Sutton, Daniel Patterson, Allison Fitzpatrick, Joshua Burns, Tyler Franklin, Melissa Farley, Michael Odom, Wanda Jenkins]."}, "85": {"llama8b": "After analyzing the social network, I found that one Maximum Independent Set is: [Linda Wall, Patricia Caldwell, Jennifer Mccarthy, Dana Hubbard]."}, "86": {"llama8b": "The Maximum Independent Set of this network is: [Erin Ryan, Amanda Chen, Erika White, Candace Blackburn, Robert Scott, Pamela Burke, Deanna Johnston, William Patel]."}, "87": {"llama8b": "[Brian Wolfe, Barbara Grant, Joshua Hansen, Jessica Bowen, Samuel Thomas, Robert Burke, Barbara Rodriguez, Theresa Rodriguez]."}, "88": {"llama8b": "The Maximum Independent Set of this network is: [Sandra Hutchinson, Eric Osborne, Gina Lucas, Scott Williams, Tiffany Roberts, Christopher Lawrence, Mrs. Theresa Mccoy, Taylor Ellison]."}, "89": {"llama8b": "The Maximum Independent Set of this network is: [Jonathan Smith, Carla Goodman, James Nelson, Brianna Johnson]."}, "90": {"llama8b": "The Maximum Independent Set of this network is: [James Robinson, Robert Hancock, Alvin Kim, Jennifer Banks, Heather Campbell, James Murray, Erica Downs]."}, "91": {"llama8b": "The Maximum Independent Set of this network is: [Amanda Lawson, Dr. Megan Rice, Victoria Woods]."}, "92": {"llama8b": "[Travis Cox, Christine Lamb, Kyle Acosta]."}, "93": {"llama8b": "The Maximum Independent Set of this network is: [John Gregory, Jacqueline Moore, Monica Rivera MD, Julie Finley]."}, "94": {"llama8b": "After analyzing the social network, I found that one Maximum Independent Set is: [Melissa Cross, Thomas Snyder, Christopher Hart, Deborah Smith, Leslie Gardner]."}, "95": {"llama8b": "The Maximum Independent Set of this network is: [Christina Cabrera, Victoria Sanders, Michael Armstrong, Gina Melendez, Daniel Myers]."}, "96": {"llama8b": "The Maximum Independent Set of this network is: [Emily Browning, Sarah Graves, Robin Peters, Luis Woodard, Ashley Peters, Tyler Perez]."}, "97": {"llama8b": "The Maximum Independent Set of this network is: [Ryan Taylor, Alison Jensen, John Welch]."}, "98": {"llama8b": "[Sean King DDS, Nicole Gordon, Mrs. Robin Johns]."}, "99": {"llama8b": "The Maximum Independent Set of this network is: [Megan Garcia, Nathan Jones, Erica Bowman, Sean Chapman, Dylan Burke]."}, "100": {"llama8b": "The Maximum Independent Set of this network is: [Stephanie Turner, Monica Holt, Sean Mooney]."}, "101": {"llama8b": "The Maximum Independent Set of this network is: [Judy Pollard, Vincent Barton, David Flowers, Crystal Herring]."}, "102": {"llama8b": "The Maximum Independent Set of this network is: [Catherine Davis, Roger Morgan]."}, "103": {"llama8b": "The Maximum Independent Set of this network is: [Amy Lopez, Heather Willis, Shane Esparza, Mrs. Joann Haynes]."}, "104": {"llama8b": "The Maximum Independent Set of this network is: [Elizabeth Berry, Gilbert Garner, Savannah Elliott, Anita Davis, Katherine Bennett]."}, "105": {"llama8b": "The Maximum Independent Set of this network is: [Donald Thomas, Regina Chapman, Stacey Todd, Melissa Morales, John Peterson]."}, "106": {"llama8b": "The Maximum Independent Set of this network is: [Stephanie Ryan, Hannah Mata, Amber Mathews]."}, "107": {"llama8b": "[Jason Spencer, Megan Francis, Vincent Burton, Rhonda Faulkner, Danielle Ryan, Elizabeth Hunter, Tami Williams, Mark Higgins, Richard Ray, Adrian Meyers, Thomas Graham]."}, "108": {"llama8b": "[Kimberly Hernandez, Mark Woodward, Gregory Jackson, Dr. Ebony Gray, Calvin Martin]."}, "109": {"llama8b": "The Maximum Independent Set of this network is: [Edward Perry, Ryan Thomas, Hannah Webb, Jay Hammond]."}, "110": {"llama8b": "The Maximum Independent Set of this network is: [Jody Peterson, Ryan Garcia, Jennifer Logan]."}, "111": {"llama8b": "The Maximum Independent Set of this network is: [Gwendolyn Russell, Ashley Boyd, Matthew Bennett II]."}, "112": {"llama8b": "[Eric Hoffman, Anna Clark, Tiffany Mccarty, Kimberly Morgan, John Wallace, Erica Green, Kevin Sloan]."}, "113": {"llama8b": "The Maximum Independent Set of this network is: [Tracy Long, William Eaton, Alex Campbell, Sydney Morales, Carrie Martin, Kristina Medina, Melanie Rowe, Christopher Patrick]."}, "114": {"llama8b": "[Douglas Marshall II, Marissa Lewis, Ricky Gilbert]\n\nMaximum Independent Set: [Jordan Howard, John Richards, Laura Holmes, Christine Hoover]"}, "115": {"llama8b": "The Maximum Independent Set of this network is: [Christopher Jones, Ross Ritter, Melanie Silva, Michael Lozano, Justin Duke, Lindsay Hatfield, Stacey Gibson, Roy Butler, James Crawford, Nathan Cummings, Elizabeth Johns]."}, "116": {"llama8b": "The Maximum Independent Set of this network is: [Keith Bell, Erika Jones, Randy Martin, Veronica Montgomery, Tina Vargas]."}, "117": {"llama8b": "The Maximum Independent Set of this network is: [Michelle Foley, Gregory Lynn, Kelly Byrd, Anna Jackson]."}, "118": {"llama8b": "[Rebecca Fisher, Tiffany Wilson, Paul Ryan]."}, "119": {"llama8b": "The Maximum Independent Set of this network is: [James Johnson, Lori Murphy MD, Tiffany West, Allison Powell, Jonathan Carney]."}, "120": {"llama8b": "The Maximum Independent Set of this network is: [Debbie Carter, Ronnie Ramirez, Alexa Stone, Katherine Collins, David Chavez, Dr. Aimee Cooper, Olivia Zimmerman, Alex Diaz, Tara Taylor, Michael Brown, Monica Espinoza, Barbara Anderson]."}, "121": {"llama8b": "The Maximum Independent Set of this network is: [Aaron Suarez, Daniel Haynes, Daniel Moore, Audrey Martinez]."}, "122": {"llama8b": "The Maximum Independent Set of this network is [Mr. Glenn Henderson II, Jeffrey Moss]."}, "123": {"llama8b": "The Maximum Independent Set of this network is: [Michael Williams, John Terrell, Christine Rush, Patty Day, Jamie Lucas]."}, "124": {"llama8b": "The Maximum Independent Set of this network is: [David Duncan, George Thornton, Jamie Morris, Mary Peterson, Michelle Moore, Donna Freeman]."}, "125": {"llama8b": "The Maximum Independent Set of this network is: [Sierra Harris, Kimberly Harding, David Davenport]."}, "126": {"llama8b": "[Michael Davis, Jason Phillips, Nicholas Webb, Jennifer Johnson, Kristin Richardson, Kimberly Baldwin]."}, "127": {"llama8b": "The Maximum Independent Set of this network is: [Derek Glover, Brian Middleton]."}, "128": {"llama8b": "The Maximum Independent Set of this network is: [Jessica Benson, James Good, Christine Weber]."}, "129": {"llama8b": "The Maximum Independent Set of this network is: [Jocelyn Evans, Lisa Mitchell, Willie Harris]."}, "130": {"llama8b": "The Maximum Independent Set of this network is: [Craig Bond, Kim Larson, Larry Mccann, Rachael Hall, Jason Cunningham, Martha Reyes, Kevin Lawrence, Michael Pham, Nicholas Johnson, Wayne White]."}, "131": {"llama8b": "The Maximum Independent Set of this network is: [Scott Klein, Kathryn Wiggins, Melissa Valdez]."}, "132": {"llama8b": "The Maximum Independent Set of this network is: [Caleb Martinez, Carolyn Coleman, Joshua Cooper, Brianna Gomez, Angela Thomas, Megan Marsh, Elizabeth Oliver, Matthew Harris]."}, "133": {"llama8b": "The Maximum Independent Set of this network is: [Patricia Wallace, David Campbell, Jon Burton, Jonathan Beasley]."}, "134": {"llama8b": "The Maximum Independent Set of this network is: [Justin Thomas, Brianna Moore, John Rogers]."}, "135": {"llama8b": "The Maximum Independent Set of this network is: [William Sherman, Kyle Jarvis, Kevin Sanders, Jason Sloan, Lindsay Burns, Charlotte Daniel, Andrea Johnson]."}, "136": {"llama8b": "[Christopher Patterson, Kiara Moore, Amy Harris, Lisa Mitchell, Madison Nelson]."}, "137": {"llama8b": "The Maximum Independent Set of this network is: [Patricia Faulkner, Sean Bryan, Teresa Hawkins]."}, "138": {"llama8b": "The Maximum Independent Set of this network is: [Donald Smith, David Rivera, David Daniels, William Taylor]."}, "139": {"llama8b": "The Maximum Independent Set of this network is: [Sara Durham, Patricia Williams, Chelsea Cooper, Nicole Vincent, David Jacobs, Brian Young, Rebecca Perez]."}, "140": {"llama8b": "[Anna Lynch, Ethan Ford, Jennifer Simpson, James Moore, Jenna Lopez]."}, "141": {"llama8b": "[Michael Sanchez, James Jordan]."}, "142": {"llama8b": "[Paul Moran, Anna Moreno]."}, "143": {"llama8b": "The Maximum Independent Set of this network is: [Richard Bell, Kimberly Anderson, Kathryn Leonard]."}, "144": {"llama8b": "The Maximum Independent Set of this network is: [Tammy Short, Mark Palmer, Timothy Wilson]."}, "145": {"llama8b": "The Maximum Independent Set of this network is: [Patricia Travis, Gregory Hayes, Dr. Joshua Day DDS, Angelica Cox, Cynthia Flowers]."}, "146": {"llama8b": "The Maximum Independent Set of this network is: [Emily Robinson, Michael Baker, Sarah Bush, Caleb Scott, Jeffrey Porter, Meredith Frey, Christian Good]."}, "147": {"llama8b": "The Maximum Independent Set of this network is: [Michael Cooper, Cynthia Castaneda, Jason Kelly, Tiffany Hunter]."}, "148": {"llama8b": "The Maximum Independent Set of this network is: [Mary Atkins, Tyler Glover, Zachary Murray, Jennifer Armstrong, Scott Rodriguez]."}, "149": {"llama8b": "The Maximum Independent Set of this network is: [Sharon Miller, Tony Cardenas, Gary Green, Nicholas Williams, Mckenzie Weaver]."}, "150": {"llama8b": "[Madison Willis, Brian Rodriguez, Ralph Johnson, Meredith Mullins, Emily Berry]."}, "151": {"llama8b": "The Maximum Independent Set of this network is: [Valerie May, David Mason]."}, "152": {"llama8b": "[Steve Powell, Andrew Gordon, Patricia Gutierrez, Timothy Brennan]."}, "153": {"llama8b": "The Maximum Independent Set of this network is: [Stephanie Huynh, Andrew Hughes, Alexa Wilson]."}, "154": {"llama8b": "The Maximum Independent Set of this network is: [Megan Stewart MD, Christina Hart, Aaron Dyer, Deborah Cruz, Ms. Valerie Atkins]."}, "155": {"llama8b": "[Todd Elliott, Ryan West]."}, "156": {"llama8b": "The Maximum Independent Set of this network is: [Erik Smith, Chelsea Roberts, Kathleen Johnson]."}, "157": {"llama8b": "The Maximum Independent Set of this network is: [Keith Jordan, David Haney]."}, "158": {"llama8b": "[Mr. Michael Taylor, Diane Shaw, Michael Peterson]."}, "159": {"llama8b": "After analyzing the social network, I found that one Maximum Independent Set is: [Rachel Hernandez, Thomas Jackson, James Leonard, Edward Mendoza, Dylan Osborne, Denise Burton, Stephanie Simmons, Erika Levy, William Williams]."}, "160": {"llama8b": "[Madison Johnson, Joshua Kane, Nicole Gordon]."}, "161": {"llama8b": "The Maximum Independent Set of this network is: [Jose Munoz, Marie Garcia]."}, "162": {"llama8b": "The Maximum Independent Set of this network is: [Kristy White, Virginia Shannon, Valerie Camacho, Melissa Smith]."}, "163": {"llama8b": "[Michelle Lin, Diana Cherry, Jacqueline Bryant]."}, "164": {"llama8b": "[Sarah Dean, David Morrison, Brian Ward, Mason Benitez, Alexa Edwards, Andrew Robinson, Tamara Sanders, Adam Hinton, Richard Cole]."}, "165": {"llama8b": "The Maximum Independent Set of this network is: [Blake Decker, Molly Johnson, Gregory Merritt, Diane Glass]."}, "166": {"llama8b": "[Kristin Mahoney, Amy Hughes, Annette Kennedy, Alexander Martinez]"}, "167": {"llama8b": "The Maximum Independent Set of this network is: [Lisa Weber, William Evans, Michelle Copeland, Pamela Price, Benjamin Hall, Nicole Perkins, Brian Johnson, Kevin Leach, Jared Pope, Eric Terry, Nicole Jones, Christine Harris, Nicholas Alvarado, Jerome Russell]."}, "168": {"llama8b": "The Maximum Independent Set of this network is: [Matthew Morris, Jennifer Diaz, Mitchell Banks, Maureen Murray, Daniel Wilcox]."}, "169": {"llama8b": "The Maximum Independent Set of this network is: [Haley Nichols, Gina Hayes]."}, "170": {"llama8b": "The Maximum Independent Set of this network is: [Derrick Smith, Thomas Holmes, Ryan Norman]."}, "171": {"llama8b": "The Maximum Independent Set of this network is: [Dylan Simmons, Michael Hunter, Amanda Case, Bryan Sampson]."}, "172": {"llama8b": "The Maximum Independent Set of this network is: [Andrew Pierce, Melissa Snow, Pamela Young]."}, "173": {"llama8b": "The Maximum Independent Set of this network is: [Gabriela Cardenas, Danielle Lewis, Marissa Conner, Chelsea Randolph]."}, "174": {"llama8b": "[Amy Butler, Billy Foster, Catherine Anderson, Gabrielle Hernandez, Karla Gomez]."}, "175": {"llama8b": "The Maximum Independent Set of this network is: [Traci Taylor, Erin Garcia, Caitlin Duke, Susan Peterson]."}, "176": {"llama8b": "[Jennifer Harris, Michael Martin, Madison Sharp, John Baker, Mrs. Jordan Dunn, Mark Figueroa, Michael Douglas]."}, "177": {"llama8b": "[Mark Kim, Victoria Barrett, Mr. Casey Harrington, Gregory Phillips]."}, "178": {"llama8b": "The Maximum Independent Set of this network is: [Maria Kelly, Joshua Nguyen, Paul Patel, Jeremiah Carter, William Smith]."}, "179": {"llama8b": "[Alejandro Pacheco, Lynn Kirby, Frank Baker, Ruben Martinez, Anthony Ward, Ricky Wells]"}, "180": {"llama8b": "The Maximum Independent Set of this network is: [Megan Olson, Cheryl Johnson DDS, David Cabrera, Lee Grant, Robin Taylor]."}, "181": {"llama8b": "The Maximum Independent Set of this network is: [Tara Allen, Matthew Leblanc, Larry Montoya, Mrs. Christina Murillo]."}, "182": {"llama8b": "The Maximum Independent Set of this network is: [Jordan Brown, Jeffrey Moore, Tara Wilkerson, John Smith, Chris Villarreal, Kelly Douglas]."}, "183": {"llama8b": "[Joshua Kane, Amy Pace]."}, "184": {"llama8b": "[Jordan Moore, Tracy Hernandez, Sarah Lin]."}, "185": {"llama8b": "After analyzing the social network, I found that the Maximum Independent Set is:\n\n[William Sheppard, Daniel Walker, Eric Martin, Christopher Kirk]\n\nThis set contains the largest number of users such that no two users in this set are friends connected by an edge."}, "186": {"llama8b": "The Maximum Independent Set of this network is: [Jonathan White, Abigail White, Glenn Jones]."}, "187": {"llama8b": "[Brandon Parker, Patrick Clements, Jacob Scott, Briana Washington, Mary Gutierrez, Sandra Ward, Mark Ortega, Cody Morales, Brenda Collins, Jared Perez]."}, "188": {"llama8b": "[Robert Cruz II, Emily Boyle DVM, Harold Murphy, John Chambers, Paul Fisher, Daniel Marshall, Jessica Wood, Adam Coleman, Nicole Vargas, Stephen Mejia]."}, "189": {"llama8b": "The Maximum Independent Set of this network is: [Michael Newman, Theresa Anderson, Tim Palmer DDS]."}, "190": {"llama8b": "The Maximum Independent Set of this network is: [Madison Willis, Lisa Anderson, Christopher Green, Amanda Williams]."}, "191": {"llama8b": "The Maximum Independent Set of this network is: [Karen Cooley, Jacob Sutton, Linda Lawrence, Jeffrey Stevens, Michael Allen]."}, "192": {"llama8b": "The Maximum Independent Set of this network is: [Sarah Gutierrez, Jennifer Morales, Teresa Blevins]."}, "193": {"llama8b": "The Maximum Independent Set of this network is: [Sarah Holt, Kevin Weaver, Drew Adams, Joseph Smith]."}, "194": {"llama8b": "The Maximum Independent Set of this network is: [Mary Stewart, Dana Church, Amanda Anthony]."}, "195": {"llama8b": "The Maximum Independent Set of this network is: [Abigail Thomas, Kelsey West, Rebecca Martin, Raymond Jenkins]."}, "196": {"llama8b": "The Maximum Independent Set of this network is: [Dustin Ashley, Andrea Kelley, Donna Hughes, Benjamin Davis]."}, "197": {"llama8b": "The Maximum Independent Set of this network is: [Stephanie Richardson, Jamie Pennington, George Mcguire, Jessica Christian]."}, "198": {"llama8b": "The Maximum Independent Set of this network is: [Candice Gray, Elizabeth Moore, Timothy Mitchell, Tina Edwards, Megan Owen]."}, "199": {"llama8b": "The Maximum Independent Set of this network is [Shelley Shelton, Kristen Zhang, Andrew French]."}, "200": {"llama8b": "The Maximum Independent Set of this network is: [Shelby Serrano, Michael Porter, Chris Potter]."}, "201": {"llama8b": "The Maximum Independent Set of this network is: [Gabriel Campbell Jr., Rebecca Williams, Robert Gonzalez]."}, "202": {"llama8b": "[Crystal Shaw MD, Melanie Booker, Eric Bullock, Kaitlyn Park, Jeffrey Brown, Kathryn Ford, Jessica Ramsey]."}, "203": {"llama8b": "[Veronica Lee, David Hansen, Alexandra Zuniga, Lori Hensley, Amanda Hines, Ethan Ford, Joshua Johnson, Samantha Fields, Jennifer Heath]."}, "204": {"llama8b": "[Jason Wright, Jennifer Robertson, Travis Hunter, Dustin King, Jake Mcintosh]."}, "205": {"llama8b": "The Maximum Independent Set of this network is: [Sheila Garcia, Russell Wright, Eric Fox]."}, "206": {"llama8b": "[Thomas Gonzalez, Ann Gates]."}, "207": {"llama8b": "The Maximum Independent Set of this network is: [Tanya May, Shane Avila DDS, Joseph Brown, Andre Vargas]."}, "208": {"llama8b": "[Matthew Stewart, Kimberly Wise, William Choi, Jacob Rivera, Stephanie Romero, Amanda Cole]."}, "209": {"llama8b": "The Maximum Independent Set of this network is: [Brenda Donaldson, Betty Wallace, Stephen Stephens]."}, "210": {"llama8b": "The Maximum Independent Set of this network is: [Jamie Duncan, Rebecca Barton, Melissa Harvey, Adam Johnson]."}, "211": {"llama8b": "The Maximum Independent Set of this network is: [Julia Hutchinson, Douglas Martinez, Jennifer Dennis]."}, "212": {"llama8b": "[Robin Roberts, Larry Kirby, Mark Morrison, Christine Richards]."}, "213": {"llama8b": "The Maximum Independent Set of this network is: [Jessica Lopez, Daniel Collins, Joshua Hart, Brandon Rojas, Jackie Dean]."}, "214": {"llama8b": "[Daniel Dixon, Gregory Gibson, Anthony Larsen, Candace Clark, Sarah Richardson]."}, "215": {"llama8b": "[Barbara Love, Laura Howell, Christina Downs, Marilyn Chase]."}, "216": {"llama8b": "The Maximum Independent Set of this network is: [Jennifer Wright, Sheena Arias, Connie Davis, Greg Ryan]."}, "217": {"llama8b": "The Maximum Independent Set of this network is: [Isaiah Brown, Jonathan Bailey, Andrea Fernandez, Danny Farmer, Joshua Kane, Alexandra Gonzales, Sean Richardson, Timothy Thompson]."}, "218": {"llama8b": "[James Strong, Tina Barnett, Brian Cole]."}, "219": {"llama8b": "The Maximum Independent Set of this network is: [Lori Nguyen, Daniel Williams]."}, "220": {"llama8b": "The Maximum Independent Set of this network is: [William Hall, Jamie Walker]."}, "221": {"llama8b": "The Maximum Independent Set of this network is: [Tara Mcgee, Frank Graham, Samantha Ruiz, Mrs. Katherine Navarro DDS, Christopher Landry]."}, "222": {"llama8b": "The Maximum Independent Set of this network is [John Smith, Ashley Hernandez]."}, "223": {"llama8b": "The Maximum Independent Set of this network is: [Dominique Garrett DDS, Candace Blackburn, Tracy Peterson, Jordan Benson]."}, "224": {"llama8b": "The Maximum Independent Set of this network is: [Hannah Robinson, Michael Contreras, Jeremy Whitney, Christopher Lang, David Shields]."}, "225": {"llama8b": "The Maximum Independent Set of this network is: [Amanda Rodriguez, Dennis Ray MD, Adam Boone, Patricia Bush]."}, "226": {"llama8b": "[Hayden Berger, Adam Mendoza, Mary Castillo]."}, "227": {"llama8b": "After analyzing the social network, I found that one Maximum Independent Set is: [Andrea Payne, Karen Hall, Heather Long, Richard Aguilar, Stephen Crane]."}, "228": {"llama8b": "The Maximum Independent Set of this network is: [Sean Martinez, Tony Chaney, Sarah Pruitt, Lauren Bird, Jesse Fuller]."}, "229": {"llama8b": "The Maximum Independent Set of this network is: [Vanessa Romero, Matthew Adams, Scott Nguyen, Mr. Gregory Peck, Aaron Brown, Norma Rodriguez]."}, "230": {"llama8b": "The Maximum Independent Set of this network is: [Robert Weaver, Christine Martin, Danielle Suarez, Barry King]."}, "231": {"llama8b": "The Maximum Independent Set of this network is: [Mary Smith, Amanda Johnson, Erika Arnold MD]."}, "232": {"llama8b": "The Maximum Independent Set of this network is [Cindy Cortez, Renee Meza, Jennifer Fry]."}, "233": {"llama8b": "The Maximum Independent Set of this network is [Bryan Robinson, Lisa Marshall]."}, "234": {"llama8b": "The Maximum Independent Set of this network is: [Randall Lucas, Greg Nguyen, Joanna Cordova, Julie Scott, Don Randolph]."}, "235": {"llama8b": "The Maximum Independent Set of this network is: [Jennifer Willis, David Pruitt, Carol Walker, Patricia Sweeney]."}, "236": {"llama8b": "[Julie Jordan, Madison Keller, Matthew Huff, Christine Hale, Sarah Richardson]."}, "237": {"llama8b": "The Maximum Independent Set of this network is: [Matthew Bryant, Matthew Mccoy, Teresa Paul, Jennifer Harrison]."}, "238": {"llama8b": "The Maximum Independent Set of this network is: [William Romero, Lisa Wilson, Kimberly Hendricks, Michael Orozco, Jeremy Lowe, Justin Farmer, Gene Smith, Aaron Williams, Alexis Larsen]."}, "239": {"llama8b": "The Maximum Independent Set of this network is: [Matthew Horton, Courtney Fisher]."}, "240": {"llama8b": "[Reginald Miller, Lori Miller, Billy White, Emma Johnson]."}, "241": {"llama8b": "[Brandy Ali, Jacqueline Hernandez, Wendy Hernandez, James Frank]."}, "242": {"llama8b": "[Summer Reynolds, Carl Lee]."}, "243": {"llama8b": "The Maximum Independent Set of this network is: [Erika Graham, David Mitchell, Joseph Jacobs, Robin Smith MD, Robert Wilcox, Rodney Taylor]."}, "244": {"llama8b": "The Maximum Independent Set of this network is: [Justin Nelson, Susan Cook, John Gutierrez, Mrs. Danielle Terry MD, Leslie Dominguez]."}, "245": {"llama8b": "The Maximum Independent Set of this network is: [Becky Mclean, Bradley Rhodes, Ashley Martinez, Melvin Bowman, Timothy Montgomery, James Taylor, Heather Barber, Brittany Sullivan, Holly Evans, Ashley Winters, Karen Wells]."}, "246": {"llama8b": "The Maximum Independent Set of this network is: [Glenn Jones, Teresa Smith, Scott Morales, James Levy, Charles Peters]."}, "247": {"llama8b": "The Maximum Independent Set of this network is: [Patricia Garcia, Rachel Robinson, Nicole Ruiz, James Johnson MD, Glenda Hull]."}, "248": {"llama8b": "The Maximum Independent Set of this network is: [Kyle Houston, Jerome Ferguson, Kenneth Bartlett, Karen Solis]."}, "249": {"llama8b": "The Maximum Independent Set of this network is: [Carl Lee, Anthony Robinson, Jason Rocha, Gina Wilson, Gregory Hall, Alec Anderson]."}, "250": {"llama8b": "The Maximum Independent Set of this network is: [Stacy Williams, Brian Vasquez, Michael Bell, Robert Smith]."}, "251": {"llama8b": "The Maximum Independent Set of this network is: [Karen Graham, Wendy Cooper, Timothy Jacobson, Tracy Colon, James Smith, Angela Snyder]."}, "252": {"llama8b": "[Eric Walker, Paula Kirk, Jacob Ortiz]."}, "253": {"llama8b": "The Maximum Independent Set of this network is: [Diana Thompson, Angie Vaughn, Teresa Gordon, Justin Little]."}, "254": {"llama8b": "[Chase Davenport, Brian Cooke, Lindsay Brock, Nicholas Smith]"}, "255": {"llama8b": "The Maximum Independent Set of this network is: [Sarah Wilkins, Erika Miller, Anthony Mora, James Chavez, Noah Williams, Ryan Garner, Tracy Blackwell, Emily Rodriguez]."}, "256": {"llama8b": "The Maximum Independent Set of this network is: [Marie Jacobs, John Obrien, Andrew Bradshaw]."}, "257": {"llama8b": "The Maximum Independent Set of this network is: [Richard Foley, Ashley Hebert, William Taylor, Andrew Gonzales DDS]."}, "258": {"llama8b": "[Michael Leon, Penny Stone, Lisa Price, Christopher Estrada]"}, "259": {"llama8b": "The Maximum Independent Set of this network is: [Walter Herrera, Sonya Lopez, Alejandro Steele, Margaret Lin, John Richardson]."}, "260": {"llama8b": "The Maximum Independent Set of this network is: [Lindsay Ward, Rebecca Bradshaw]."}, "261": {"llama8b": "The Maximum Independent Set of this network is: [Kimberly Nelson, Kelly Davis, Angela Jones]."}, "262": {"llama8b": "[Corey Kemp, Kathleen Goodman, Whitney Adams, Debra Levine, Anthony Haas]."}, "263": {"llama8b": "[Shawn Richardson, Jose Banks, Susan Singh]."}, "264": {"llama8b": "The Maximum Independent Set of this network is: [Deborah Marshall, Adam Conner, Robert Smith, John Snyder, Susan Santiago, Tammy Cummings, Stephanie White, Susan Hess, Shannon Peters]."}, "265": {"llama8b": "The Maximum Independent Set of this network is: [William Boyd, Gabriel Perry, Jessica Montgomery, Briana Shaffer]."}, "266": {"llama8b": "[Anita Cole, Ronald Evans]"}, "267": {"llama8b": "The Maximum Independent Set of this network is: [Christopher Curtis, Ashley Fernandez, Mary Hernandez]."}, "268": {"llama8b": "The Maximum Independent Set of this network is: [Andrea Neal, Molly Garcia, Lisa Brown, Ashley Delgado]."}, "269": {"llama8b": "The Maximum Independent Set of this network is: [Mary Davis, Andrew Manning, Frederick Nguyen, Eric Anderson, Sarah Weaver, Wendy Hill]."}, "270": {"llama8b": "The Maximum Independent Set of this network is: [Deborah Smith, Amy Wilkinson]."}, "271": {"llama8b": "The Maximum Independent Set of this network is: [Lance Smith, Danielle Townsend, Emily Dudley, Elizabeth Griffin, Stephen Powell]."}, "272": {"llama8b": "The Maximum Independent Set of this network is: [Michael Hale, Seth Gonzalez, Mary Bradley, Lucas Johnson]."}, "273": {"llama8b": "The Maximum Independent Set of this network is: [Tamara Guerrero, Brittney Glover, John Henderson]."}, "274": {"llama8b": "The Maximum Independent Set of this network is: [Sheila Kim, Amy Weaver, Juan Dodson, Tiffany Larson, Elizabeth Durham]."}, "275": {"llama8b": "The Maximum Independent Set of this network is: [James Reid, Jason Ewing, Jessica Jackson]."}, "276": {"llama8b": "The Maximum Independent Set of this network is: [Christine Scott, Katherine Weeks, Amy Jones, Gabriel Campbell Jr.]."}, "277": {"llama8b": "[James Charles, Kayla Moore, William Roberts, Jonathan Delgado]."}, "278": {"llama8b": "The Maximum Independent Set of this network is: [Robert Henson, Linda Lin]."}, "279": {"llama8b": "[Alejandro Pacheco, Lynn Kirby, Frank Baker, Ruben Martinez, Anthony Ward, Ricky Wells]"}, "280": {"llama8b": "The Maximum Independent Set of this network is: [Darren Bradford, Isaac Brooks]."}, "281": {"llama8b": "The Maximum Independent Set of this network is: [Frederick Sampson, Susan Jordan, Eric Hopkins, Brian Perez, James Wilkins, Jessica Thompson, Regina Young]."}, "282": {"llama8b": "The Maximum Independent Set of this network is: [Megan Flores, Briana Daniel, Jennifer Martinez, Mr. Joseph Osborn]."}, "283": {"llama8b": "[Arthur Thomas, Jennifer Mcbride, Hannah Mills, Rachel Dawson, Sarah Santiago MD]."}, "284": {"llama8b": "The Maximum Independent Set of this network is: [Christine Johnson, Steve Lee, Martin Mitchell, Samantha Grimes]."}, "285": {"llama8b": "[Samuel Russell, Yesenia Miller, Margaret Suarez, Jimmy Williams, Edward Mcgee MD, Kimberly Davis]"}, "286": {"llama8b": "The Maximum Independent Set of this network is: [Gina Davis, Aaron Stewart, David Little]."}, "287": {"llama8b": "The Maximum Independent Set of this network is: [Theresa Flores, Lee Adams, Travis Tran, Ronald Sims]."}, "288": {"llama8b": "The Maximum Independent Set of this network is: [Rodney Leonard, Sean Wall, Deborah Smith]."}, "289": {"llama8b": "The Maximum Independent Set of this network is: [Maria Gutierrez, Alexandra Cooper, Casey Bryant, Anne Joseph, Mary Evans, Jonathan Hernandez]."}, "290": {"llama8b": "The Maximum Independent Set of this network is: [Angela Smith, Ashley Hernandez, Michelle Ramirez]."}, "291": {"llama8b": "The Maximum Independent Set of this network is: [Barbara Gill, Mrs. Cynthia Diaz]."}, "292": {"llama8b": "[Leslie Villarreal, Julia Torres, David Davis, Peter Parker, Jason Porter, Mary Anderson, Christopher Beck, Teresa Norton, Antonio Powell, Tammy Farrell]."}, "293": {"llama8b": "[Stephen Cruz, Aaron Martinez, Gary Avery]."}, "294": {"llama8b": "The Maximum Independent Set of this network is: [Chad Pace, Janice Sullivan, Christina Butler, Pamela Jarvis]."}, "295": {"llama8b": "The Maximum Independent Set of this network is: [Laura Cox, Kimberly Campbell, Alexis Key]."}, "296": {"llama8b": "The Maximum Independent Set of this network is: [Jeremy Lopez, Keith Hernandez, Carol Perez]."}, "297": {"llama8b": "The Maximum Independent Set of this network is: [Amy Winters, Melissa Dean, Elizabeth Santiago, Brittany Moore]."}, "298": {"llama8b": "[Victoria Wang, Morgan Lowery, David Guerra, Tiffany Williams, Jon Padilla]."}, "299": {"llama8b": "The Maximum Independent Set of this network is [Mary Le, Jessica Johnston, Amy Phillips, Michael Marks]."}, "300": {"llama8b": "The Maximum Independent Set of this network is: [Jasmine Morgan, Amber Murphy, Jeffrey Rice, Travis Evans, Karen Colon, Alexander Wright IV, Christopher Adkins, Barbara Gibson]."}, "301": {"llama8b": "The Maximum Independent Set of this network is: [Ralph Gonzalez, Shannon Lee, Jeremy Hayes MD]."}, "302": {"llama8b": "The Maximum Independent Set of this network is: [Zachary Valenzuela, Donald Davidson, Jeffrey Baldwin, Susan Dennis, Laura Blackburn, Denise Myers]."}, "303": {"llama8b": "The Maximum Independent Set of this network is: [Victoria Rowe, Jean Espinoza, Amy Walker]."}, "304": {"llama8b": "[Stacey King, Allen Johnson, Glenda Rodriguez, Kevin Frey, Cory Hill]."}, "305": {"llama8b": "After analyzing the social network, I found that the Maximum Independent Set is:\n\n[Russell Jones, Brooke Perez DVM, Teresa Jones, Susan Davis, Jeanette Hurst, Elizabeth Norman, Candice Bradford, Terry Stewart, Dr. Jose Vazquez]\n\nThis set contains the largest number of users such that no two users in this set are friends connected by an edge."}, "306": {"llama8b": "The Maximum Independent Set of this network is: [Amanda Coffey, Sherry Smith, Keith Hale]."}, "307": {"llama8b": "The Maximum Independent Set of this network is: [Joseph Rivas, Julia Murray, Christina Collins, Raymond Hughes, Rachael Miller, Cody Porter, Lauren White, Andrea Goodman]."}, "308": {"llama8b": "[Michael Jones, Eric Adams, Harry Alexander, Angela Mcintyre, Alexander Brown, Kenneth Griffin, Jamie Robinson]."}, "309": {"llama8b": "The Maximum Independent Set of this network is: [Stacey Turner, Deborah Ballard, Bridget Mccoy]."}, "310": {"llama8b": "The Maximum Independent Set of this network is: [Scott Gibson, Chad Osborne, Stephen Love, Brian Bowen]."}, "311": {"llama8b": "The Maximum Independent Set of this network is: [Gary Larsen, Anna Nielsen]."}, "312": {"llama8b": "One Maximum Independent Set: [Sandra Harris, Michael Little, Sara Foster, Cynthia Case, Lori Solis]."}, "313": {"llama8b": "[Richard Murray, Natalie Morse, Matthew Gonzalez, Kyle Griffin]."}, "314": {"llama8b": "The Maximum Independent Set of this network is: [Erika Torres, James Potter, Hannah Smith, Marcus Brown]."}, "315": {"llama8b": "[Andrea Foster, Danny Floyd, Jessica Horton, Mark Pena, Cynthia Rose, Jasmine Cabrera, Kathy Johnston, Lawrence Adkins]."}, "316": {"llama8b": "After analyzing the social network, I found that the Maximum Independent Set is:\n\n[Sheila Bullock, Anna Bauer, Robert Dunn, Janet Davis, Douglas Clark, Jesus Sanchez, Patricia Hammond, Samantha Hodges, Christopher Todd]\n\nThis set contains the largest number of users such that no two users in this set are friends connected by an edge."}, "317": {"llama8b": "The Maximum Independent Set of this network is: [Lisa Horton, Joshua Kane, Melissa Farley]."}, "318": {"llama8b": "[Christine Bentley, Laura Johnson]."}, "319": {"llama8b": "The Maximum Independent Set of this network is: [Devin Copeland, Justin Reynolds]."}, "320": {"llama8b": "The Maximum Independent Set of this network is: [Cynthia Taylor, Brandon Diaz, John Mcmillan]."}, "321": {"llama8b": "The Maximum Independent Set for the given social network is: [Kari Noble, Bruce Mathis, Robyn Jackson, Mrs. Frances White, Judy Hernandez]."}, "322": {"llama8b": "The Maximum Independent Set of this network is: [Melissa Moss, Jeremy Carter, John Buck, Samantha Obrien, Linda Vega]."}, "323": {"llama8b": "The Maximum Independent Set of this network is: [Wanda Martin, Andrew Jordan, Mr. Michael Meyer]."}, "324": {"llama8b": "[Jennifer Mitchell, Melanie Rice, George Nunez, Christopher Smith]."}, "325": {"llama8b": "The Maximum Independent Set of this network is: [Dana Burns, Diane Stafford, Daniel Conway, Katie Alvarez, Brandon Sims, Samuel Mcclure]."}, "326": {"llama8b": "[Donna Fox, Jill Wise, Amanda Henry]."}, "327": {"llama8b": "The Maximum Independent Set of this network is: [Rebecca Gilbert, Robert Olsen II, Dominic Walls]."}, "328": {"llama8b": "After analyzing the social network, I found that the Maximum Independent Set is:\n\n[Dr. Sarah Cortez DVM, Jacob Hernandez, Kerri Roberts, Robert Braun, Tina Dominguez]\n\nThis set of users is the largest subset that does not contain any two users who are friends connected by an edge."}, "329": {"llama8b": "The Maximum Independent Set of this network is: [Margaret Howe, Mr. David Christian, Megan Russo, Jennifer Willis, Matthew Estrada, Nicole Williams, Alexis Simmons, Brittany Lewis, Elizabeth Mooney]."}, "330": {"llama8b": "The Maximum Independent Set of this network is: [Shawn Lawrence, Nicholas Caldwell, William Pierce, Martin Noble, Alexis Baker]."}, "331": {"llama8b": "[Andrew Henderson, Robert Stanton, Glenn Jones, Regina Watson]."}, "332": {"llama8b": "The Maximum Independent Set of this network is: [Chelsea Chaney, Thomas Fisher, Kimberly Tanner]."}, "333": {"llama8b": "The Maximum Independent Set of this network is: [Henry Knight, Carl Everett, Walter Abbott]."}, "334": {"llama8b": "The Maximum Independent Set of this network is: [Ashley Knox, Jamie Shaw, Lisa Johnson]."}, "335": {"llama8b": "The Maximum Independent Set of this network is: [Jerome Ferguson, Madison Willis, Alejandro Monroe]."}, "336": {"llama8b": "The Maximum Independent Set of this network is: [Allison Cameron, Matthew Ortega, Shelley Fry, Kyle Price, Krystal Wilson]."}, "337": {"llama8b": "The Maximum Independent Set of this network is: [Jillian Anderson, Nathan Sanford, David Miller, Shannon Adams, Kristine Diaz]."}, "338": {"llama8b": "The Maximum Independent Set of this network is: [Holly Fuller, Alicia Herring]."}, "339": {"llama8b": "The Maximum Independent Set of this network is: [Anthony Daniel, Jonathan Mendoza, Matthew Mason, Patrick Kelly, Tracy Hawkins]."}, "340": {"llama8b": "The Maximum Independent Set of this network is: [Mckenzie Trujillo, Gloria Johnson, Eric Murray, Felicia Robertson]."}, "341": {"llama8b": "The Maximum Independent Set of this network is: [Aimee Evans, Lisa Franco, Steven Montgomery]."}, "342": {"llama8b": "The Maximum Independent Set of this network is: [Mary Sutton, Dana Jackson, Jeffrey Rodriguez, Katie Knight, Paul Martinez, Sarah Simon, Gregory Walker]."}, "343": {"llama8b": "The Maximum Independent Set of this network is: [John Wilson, John Chambers, Stephen Hodges, Kenneth Sullivan, Tina Greer, Jacob Johnson]."}, "344": {"llama8b": "The Maximum Independent Set of this network is: [Margaret Ware, Jonathan Johnson]."}, "345": {"llama8b": "The Maximum Independent Set of this network is: [Charles Thornton, Nicholas Steele, Patricia Pierce, Joseph Garcia, Gina Jimenez, Shane Ward, Christine Colon, Edgar Bradley, Elizabeth Alexander]."}, "346": {"llama8b": "The Maximum Independent Set of this network is: [David Collins, Thomas Jones]."}, "347": {"llama8b": "The Maximum Independent Set of this network is [Curtis Wiley, Lindsay George]."}, "348": {"llama8b": "The Maximum Independent Set of this network is: [Taylor Campbell, Brandon Hall, Jennifer Fisher]."}, "349": {"llama8b": "The Maximum Independent Set of this network is: [Anthony Jones, Joshua Kane, Angela Christensen, Alexandra Chavez]."}, "350": {"llama8b": "[Brian Rodriguez, Karen Wilson, Joshua Kane, Michael Nunez, Alejandro Monroe, Angela West, Nicholas Webb]."}, "351": {"llama8b": "The Maximum Independent Set of this network is: [Shannon Chen, Patrick Gill, Jerry House]."}, "352": {"llama8b": "[Colleen Barber, Marco Walker, Virginia David, Stephen Wilson, Jamie Hodge, Karen Kennedy]."}, "353": {"llama8b": "The Maximum Independent Set of this network is: [William Moody, Glenn Jones, Christopher Gibson]."}, "354": {"llama8b": "[Kim Acosta, Thomas Kennedy, Lawrence Brady, Jacob Palmer, Donald Jones]."}, "355": {"llama8b": "The Maximum Independent Set of this network is: [Jonathon Perez, Anne Baird, Shannon Dunn]."}, "356": {"llama8b": "[Benjamin Mitchell, Tammy Michael, Jonathan Bates]."}, "357": {"llama8b": "The Maximum Independent Set of this network is: [Nancy Mcneil, Micheal Young, Samantha Sloan]."}, "358": {"llama8b": "[Rebecca Wilson, Amanda Durham, Jeffrey Donaldson, Kristi Stein, Madison Anderson]."}, "359": {"llama8b": "The Maximum Independent Set of this network is: [Melissa Rivera, Robert Mathis, Carl Robinson, Jennifer Carrillo, Jennifer Park, Michael Meyer]."}, "360": {"llama8b": "The Maximum Independent Set of this network is: [Rachel Anderson, Cassandra Beck, Lauren Wade]."}, "361": {"llama8b": "The Maximum Independent Set of this network is: [Rebecca White, David Duffy]."}, "362": {"llama8b": "The Maximum Independent Set of this network is: [Aaron Walker, Sandra Torres, Melissa Copeland, Thomas Scott, Jacob Henderson, Samantha Gray, Luis Barajas, Dawn Watkins]."}, "363": {"llama8b": "The Maximum Independent Set of this network is: [Nathan Burnett, Cynthia Golden, Kelly Brown DVM, Joshua Kane, Craig Marks, Kaitlyn Moore, Rachel Drake]."}, "364": {"llama8b": "The Maximum Independent Set of this network is: [John Medina, Holly Jenkins, Daniel Henderson, Lisa Thomas, Jennifer Hull, Jill Rich, Mariah Cortez, Christine Noble]."}, "365": {"llama8b": "The Maximum Independent Set of this network is: [Brandon Riley, April Fowler, Christina Avila, Deborah Riley, Eric Cooper, Ebony Nelson]."}, "366": {"llama8b": "[Nicholas Forbes DVM, Theodore Long, Shawn Hall]."}, "367": {"llama8b": "The Maximum Independent Set of this network is: [Charles Garcia, Joshua Jones, Alexander Chavez]."}, "368": {"llama8b": "The Maximum Independent Set of this network is: [Tamara Floyd, Tara Wilkerson]."}, "369": {"llama8b": "The Maximum Independent Set of this network is: [Clayton Pena, Alex Taylor, Kenneth Butler, Sherry Owens, Courtney Barber]."}, "370": {"llama8b": "The Maximum Independent Set of this network is: [Kathleen Lewis, Jeremiah Leonard, Diana Russell]."}, "371": {"llama8b": "The Maximum Independent Set of this network is: [Christine Scott, Ryan Benson, Daniel Owens, Billy Sandoval, Audrey Bishop]."}, "372": {"llama8b": "[Christine Andersen, Kathy Webster, Heather Walker]."}, "373": {"llama8b": "The Maximum Independent Set of this network is: [Rodney Johnson, Carol Lloyd, Darrell Miller, Molly Taylor, Lisa Carter]."}, "374": {"llama8b": "The Maximum Independent Set of this network is: [Angela Morgan, Robin Reyes]."}, "375": {"llama8b": "The Maximum Independent Set of this network is: [Joshua Stevens, Angela Obrien, Rebekah Torres]."}, "376": {"llama8b": "[Angela Garcia, Ann Gates, Amanda Roach, Laura Ferguson, Johnny Pierce, Dustin Tate]."}, "377": {"llama8b": "[Julian Bartlett, Crystal Shaw MD, Kathryn Ford, Travis Wilson, Richard Garcia]."}, "378": {"llama8b": "The Maximum Independent Set of this network is: [Robert Merritt, Clifford Hall, Thomas Clark, Pamela Lewis, Cynthia Patel, Mary Campos, Jeremy Davis, Andrea Ritter]."}, "379": {"llama8b": "[Ashley Bartlett, Christopher Foster, Tammy Edwards, Anthony Craig]."}, "380": {"llama8b": "The Maximum Independent Set of this network is: [Alexander Terry, Joseph Buck, Ebony Mcgee, Jay Gordon, Michael Cruz]."}, "381": {"llama8b": "The Maximum Independent Set of this network is: [Ronald Roy, Jason Johns]."}, "382": {"llama8b": "[Christopher Snyder, Ray Lopez, Jonathan Young, Darren Odom, Kyle Edwards]."}, "383": {"llama8b": "[Dr. Chelsea Nash MD, Jonathan Hudson, Tammy Edwards, Johnny Good, Emily Gray]."}, "384": {"llama8b": "[Sean Hall, Jessica Smith, Brittany Barnett]."}, "385": {"llama8b": "The Maximum Independent Set of this network is: [Dakota Hensley, Danielle Dominguez, Veronica Garrett, Betty Wiley, Tracy Ford]."}, "386": {"llama8b": "The Maximum Independent Set of this network is: [Melanie Roberson, Joseph Smith, Veronica Harris, Ronald Gonzales]."}, "387": {"llama8b": "[Monica Hall, Brian James, Kimberly Short]."}, "388": {"llama8b": "The Maximum Independent Set of this network is: [Teresa Cook, Raymond Adams, Karen Wilson, Gregory Martin, Haley Mejia, Jennifer Herrera, Erik Beard, Jonathan Mason, Zachary Johnson, Mr. Mathew Baldwin, Stephanie Mata, Shawn Hall]."}, "389": {"llama8b": "The Maximum Independent Set of this network is: [Carlos Valentine, Sandra Schultz, Michelle Shelton, William Thompson, Holly Moore, Jonathan Small]."}, "390": {"llama8b": "The Maximum Independent Set of this network is: [William Howard, Joanne Jackson, Brian Ramsey]."}, "391": {"llama8b": "[James Green, Justin Morgan]."}, "392": {"llama8b": "The Maximum Independent Set of this network is [Kendra Chan, Jerome Ferguson]."}, "393": {"llama8b": "The Maximum Independent Set of this network is [Matthew Franklin, Mary Parker, Andrea Bush]."}, "394": {"llama8b": "The Maximum Independent Set of this network is: [Kimberly Johnson, Wendy Russell, Gloria Costa]."}, "395": {"llama8b": "After analyzing the social network, I found that the Maximum Independent Set is: [Lori Williams, Vanessa Johnson, Barbara Rivers, Mary Kelley, Kevin Walter, Ashley Anderson]."}, "396": {"llama8b": "The Maximum Independent Set of this network is: [Marcus Gillespie, Christina Cobb, Michael Woodard]."}, "397": {"llama8b": "The Maximum Independent Set of this network is: [Christina Clark, Jane Ruiz DDS, Mary Weiss, Ruth Robbins, Matthew Church]."}, "398": {"llama8b": "[Isaiah Brown, Stacey Ortega, Chad Evans MD]."}, "399": {"llama8b": "The Maximum Independent Set of this network is: [Michael Hale, Robin Davis, Blake Skinner, Belinda Rivera, David Miller, Emily White, David White, David Hernandez, Tyler Luna]."}, "400": {"llama8b": "The Maximum Independent Set of this network is: [Maria Martinez, Lori Hodge, Kevin Singh, Christopher Leblanc]."}, "401": {"llama8b": "The Maximum Independent Set of this network is: [Renee Peters, Mary Wright, Joseph Herrera]."}, "402": {"llama8b": "The Maximum Independent Set of this network is: [Jacqueline Bright, Robert Payne, Jessica Henderson]."}, "403": {"llama8b": "The Maximum Independent Set of this network is: [Margaret Rocha, James Cook, Nicholas Wright]."}, "404": {"llama8b": "[James Mccoy, Katherine Ramos, Paul Wolf, Austin Mccarty, Tyler Grant]."}, "405": {"llama8b": "The Maximum Independent Set of this network is: [Lisa Brown, Pamela Arnold]."}, "406": {"llama8b": "[Joseph Serrano, Christopher Meyer]."}, "407": {"llama8b": "The Maximum Independent Set of this network is: [Teresa Silva, Candace Jones, Steven Flores, Thomas Smith, Jorge Greene, Carol Daugherty, Sara Jensen, Ashley Nelson]."}, "408": {"llama8b": "[Daniel Hodge, Justin Franco, Marvin Rose, Janet Wilson, Michael Williams, Kathleen Thompson, Christie Cruz MD]."}, "409": {"llama8b": "The Maximum Independent Set of this network is: [Robert Tapia, Mark Smith, Lawrence Green]."}, "410": {"llama8b": "The Maximum Independent Set of this network is: [Dan Mitchell, Keith Finley, Colin Wolf]."}, "411": {"llama8b": "The Maximum Independent Set of this network is: [Julie Baker, Chad Nguyen]."}, "412": {"llama8b": "The Maximum Independent Set of this network is: [Heather Walker, Carla Logan]."}, "413": {"llama8b": "The Maximum Independent Set of this network is: [Kelsey Perez, Kayla Garcia, Abigail Thomas, Troy Webb]."}, "414": {"llama8b": "The Maximum Independent Set of this network is: [Brandon Brown, Brett Johnson, Mrs. Lynn Barber, Kara Armstrong]."}, "415": {"llama8b": "[Theodore Fox, Lacey Frank, Kelsey Reed, Marilyn Chung, Keith Hunter, Paul Evans, Chad Thornton, Darren Roy, Nathan Williams, David Turner]."}, "416": {"llama8b": "The Maximum Independent Set of this network is: [Joseph Walker, Taylor Hunt, Brian Mueller, Chelsea Rivera]."}, "417": {"llama8b": "The Maximum Independent Set of this network is: [Stephanie Taylor, Michael Phillips, Marcia Rogers, Mr. Douglas Gonzalez]."}, "418": {"llama8b": "[Deborah Willis, Ryan Lamb]."}, "419": {"llama8b": "[Erin Fitzgerald, Dr. Hector Hernandez, Mr. Joseph Osborn]"}, "420": {"llama8b": "The Maximum Independent Set of this network is: [Helen Walter, Joshua Lee, Kyle Willis, Mark Sherman]."}, "421": {"llama8b": "The Maximum Independent Set of this network is: [Cory Johnson, Kaitlyn Garcia, Juan Harrison, Joseph Reese]."}, "422": {"llama8b": "The Maximum Independent Set of this network is [Patrick Griffin, Robin Bird]."}, "423": {"llama8b": "The Maximum Independent Set of this network is: [Heather Harris, Jill James, Michael Carter, Daniel Robinson]."}, "424": {"llama8b": "After analyzing the social network, I found that one Maximum Independent Set is: [Julie Francis, Caitlin Vaughn, Gina Park, Adrian Dougherty, Howard Warren]."}, "425": {"llama8b": "The Maximum Independent Set of this network is: [Tyler Wells, Richard Rice, Samantha Briggs]."}, "426": {"llama8b": "[Hayden Mitchell, Jonathan Page, Brenda Scott, Ruth Lopez]."}, "427": {"llama8b": "The Maximum Independent Set of this network is: [Michael Johnson, Joshua Kelly]."}, "428": {"llama8b": "The Maximum Independent Set of this network is: [Kimberly King, Julia Lucas, Michelle Sexton, Andrea Evans]."}, "429": {"llama8b": "The Maximum Independent Set of this network is: [Karen Byrd DDS, William Brown, Nathaniel Hudson, Ashley Baker, Arthur Gray]."}, "430": {"llama8b": "The Maximum Independent Set of this network is: [Brooke Jones, Stephen Stephens, Lori Eaton, Janet Trevino, Lisa Cooper]."}, "431": {"llama8b": "The Maximum Independent Set of this network is: [Rachel Fitzgerald, Robin Martinez, William Bautista, William Evans, Tracy Frey]."}, "432": {"llama8b": "The Maximum Independent Set of this network is: [Matthew Gonzalez, Mr. Glenn Henderson II]."}, "433": {"llama8b": "After analyzing the social network, I found that the Maximum Independent Set is:\n\n[Elizabeth Davis, Robert Vega, Ashley Lopez, Jesus Henry]\n\nThis set contains the largest number of users such that no two users in this set are friends connected by an edge."}, "434": {"llama8b": "[Jennifer Richard, Joshua Simpson, Gregory Thomas]."}, "435": {"llama8b": "The Maximum Independent Set of this network is: [Danielle Black, Jonathan Mason, Kevin Adams]."}, "436": {"llama8b": "The Maximum Independent Set of this network is: [Susan Young, Marc Miller, Katrina Thompson, Marilyn Wolfe, Carl Everett]."}, "437": {"llama8b": "The Maximum Independent Set of this network is: [Heather Chapman, Isaiah Williams, Wendy Wright]."}, "438": {"llama8b": "The Maximum Independent Set of this network is: [Tracy Harvey, Jeremy Whitney, David Cunningham, Courtney Cole]."}, "439": {"llama8b": "The Maximum Independent Set of this network is: [Eric Espinoza, Christina Gillespie]."}, "440": {"llama8b": "The Maximum Independent Set of this network is: [Omar Norris, Megan Walker, Jodi Ali, John Lester, Richard Lewis, Charles Dixon, William Jackson]."}, "441": {"llama8b": "[Jordan Bush, Joyce Hoffman, Kevin Davis, Andrew Owens, Shawn Hall]."}, "442": {"llama8b": "[James Rodriguez, Cassie Conrad, Paul Carter, Jill Rodriguez]."}, "443": {"llama8b": "The Maximum Independent Set of this network is: [Justin Moore, John Hughes, Thomas Collins, Robert Wade, Darlene Marshall]."}, "444": {"llama8b": "The Maximum Independent Set of this network is: [Angela Brown, Jason Wall]."}, "445": {"llama8b": "[Colleen Hutchinson, James Griffith, Raymond Hughes, Susan Smith, Joe Duncan, Kristina Santana]."}, "446": {"llama8b": "[Julia Hawkins, Jeffrey Curry, Donald Grant, Christopher Jennings, Joseph Smith MD]."}, "447": {"llama8b": "The Maximum Independent Set of this network is: [Brenda Donaldson, Mark Chandler, Kevin Krueger, Blake Carey]."}, "448": {"llama8b": "The Maximum Independent Set of this network is: [James Arnold, Joshua Burns, Curtis Farrell]."}, "449": {"llama8b": "The Maximum Independent Set of this network is: [Laura Guerrero, Eduardo Gonzalez, Mary Graham, Stephanie Myers, Anthony Diaz, Craig Tapia]."}, "450": {"llama8b": "[Bonnie Cruz, Laura Kennedy, John Russell, John Scott, Amy Christian, David Collins, Crystal Young]."}, "451": {"llama8b": "The Maximum Independent Set of this network is [Linda Cross, Tammy Owens]."}, "452": {"llama8b": "[Jennifer Dixon, Edgar Hall, Richard Hernandez]."}, "453": {"llama8b": "The Maximum Independent Set of this network is: [Melvin Matthews, Lori Foster, Megan Johnson, Laura Bean, Lauren Wang]."}, "454": {"llama8b": "The Maximum Independent Set of this network is: [Kimberly Moore, Scott Huber]."}, "455": {"llama8b": "One Maximum Independent Set: [Manuel Drake, Jonathan Rodriguez, Christopher Mcmahon, David Garcia, Justin Sparks, Felicia Thompson, Theresa Wiley DDS, Vanessa Henry, Hunter Gonzales, Cole James, Victoria Martinez, Kenneth Benjamin, Dana Martin, Ryan Gonzales]."}, "456": {"llama8b": "The Maximum Independent Set of this network is: [Erika Sharp, Lisa Robinson, Timothy Hampton, Shelley Arnold]."}, "457": {"llama8b": "The Maximum Independent Set of this network is: [Dennis Lynch, Jeffrey Wood, Amanda Olson, Katherine Rogers]."}, "458": {"llama8b": "[Richard Hernandez, Allison Mcneil, Steve Clarke, Candice Duffy]."}, "459": {"llama8b": "The Maximum Independent Set of this network is: [Corey Rosario, Matthew Mercer, Laura Jones]."}, "460": {"llama8b": "[Angela Fernandez, Destiny Esparza]."}, "461": {"llama8b": "The Maximum Independent Set of this network is: [Jennifer Lambert, Katherine Marquez, Joshua Robbins]."}, "462": {"llama8b": "The Maximum Independent Set of this network is: [Madison Willis, Melissa Lewis, Jennifer Stevens, Patrick Mcintosh, Brett White, Mary Harris, Marcus Baldwin]."}, "463": {"llama8b": "[Edwin Pacheco, Scott Klein, Elizabeth Smith, Thomas Hall, Timothy Jimenez, Nicole Davis, Zachary Cochran, Regina Riddle, April Anderson]."}, "464": {"llama8b": "[Debra Sanchez, Benjamin Park, Michael Warner, Timothy Vang, Jennifer Rodriguez]."}, "465": {"llama8b": "The Maximum Independent Set of this network is: [Thomas Bennett, Elaine Turner, Samuel Davis, Jennifer Brown, Sarah Stewart, Kaylee Leonard]."}, "466": {"llama8b": "The Maximum Independent Set of this network is: [Michael Leach, Jeremy Robinson, Erin Fernandez, Alexandra Moreno]."}, "467": {"llama8b": "The Maximum Independent Set of this network is: [Cynthia Golden, Joshua Kane, Christopher Wright]."}, "468": {"llama8b": "The Maximum Independent Set of this network is: [Brittany Petty, Caleb Cox, Gloria Henderson]."}, "469": {"llama8b": "The Maximum Independent Set of this network is: [William Smith, Brian Patel, Elizabeth Robinson, Crystal Willis, Monica Dyer, Christopher Garcia, Brenda Mcdonald]."}, "470": {"llama8b": "After analyzing the social network, I found that the Maximum Independent Set is: [Donna Ramos, Christopher Johnson, Gabriel Ayala, Karen Scott, Chad Garza]."}, "471": {"llama8b": "The Maximum Independent Set of this network is: [David Alvarez, Erin Simon, Ryan West]."}, "472": {"llama8b": "The Maximum Independent Set of this network is: [Suzanne Castro, Shane Chang, Cheryl Johnson DDS, Matthew Costa]."}, "473": {"llama8b": "The Maximum Independent Set of this network is: [Chelsey Walker, Jennifer Carter, Karen Russell, Matthew Lewis]."}, "474": {"llama8b": "The Maximum Independent Set of this network is: [Adrian Hall, Katie West, Erin Olson, Barbara Hawkins]."}, "475": {"llama8b": "The Maximum Independent Set of this network is: [Louis James, Marissa Watson, Michelle Lin, Kristy Nelson, William Briggs]."}, "476": {"llama8b": "The Maximum Independent Set of this network is: [John Andrews, Randy Jackson, Sharon Young]."}, "477": {"llama8b": "[Stephen Lara, Richard Foster, Ryan Underwood, Ashley Fields, Dr. Victoria Ruiz DDS]."}, "478": {"llama8b": "The Maximum Independent Set of this network is: [Elizabeth Watkins, Jonathan Smith, James Lee, Todd Hamilton, Gabriel Williams, Shannon Wheeler]."}, "479": {"llama8b": "[Alejandro Pacheco, Lynn Kirby, Frank Baker, Ruben Martinez, Anthony Ward, Ricky Wells]"}, "480": {"llama8b": "The Maximum Independent Set of this network is: [Susan Boone, Jonathon Bautista, Christopher Cherry Jr., Gerald Hurley, Andrea Mckinney]."}, "481": {"llama8b": "The Maximum Independent Set of this network is: [Jeff Wright, David Hunt]."}, "482": {"llama8b": "[Jennifer Logan, Alexandra Craig, Gabrielle Henson]."}, "483": {"llama8b": "The Maximum Independent Set of this network is: [Tina Moore, Johnny Smith, Cassandra Walls]."}, "484": {"llama8b": "The Maximum Independent Set of this network is: [Elizabeth Smith, Shannon Vazquez, Christy Jackson]."}, "485": {"llama8b": "The Maximum Independent Set of this network is: [Molly Deleon, Michael Brown, Amanda Davis, Vanessa Yates, David Medina]."}, "486": {"llama8b": "The Maximum Independent Set of this network is: [Ricky Heath, Elizabeth Campos, Scott Griffith, Christine Swanson, Mary Le, Robert Parks]."}, "487": {"llama8b": "[Melissa Long, James Vasquez, Gabrielle Hernandez, Elizabeth Crosby, Sarah Bishop]."}, "488": {"llama8b": "The Maximum Independent Set of this network is: [Kristi Jones, Phyllis Leon, Jamie Gentry]."}, "489": {"llama8b": "The Maximum Independent Set of this network is: [Jeffrey Brown, Edwin Silva, Colin Wolf, Jacob Morrison, Stacey Bailey, Sarah Everett]."}, "490": {"llama8b": "The Maximum Independent Set of this network is: [Kyle Mendoza, Tara Morrow]."}, "491": {"llama8b": "The Maximum Independent Set of this network is: [Emily Robertson, Michael Hampton, Jesse Dean, Allison King, Amy Nguyen]."}, "492": {"llama8b": "[Colin Wolf, Timothy Ramsey, Alicia Abbott]."}, "493": {"llama8b": "The Maximum Independent Set of this network is: [John Evans, Brenda Hinton, Patrick Hall]."}, "494": {"llama8b": "The Maximum Independent Set of this network is: [Stanley Williams, Jessica Payne, Henry Jackson]."}, "495": {"llama8b": "The Maximum Independent Set of this network is: [Mikayla Lopez, Christopher Long, Tyler Larson, James Johnson]."}, "496": {"llama8b": "The Maximum Independent Set of this network is: [Jillian Reyes, Deborah Wright]."}, "497": {"llama8b": "The Maximum Independent Set of this network is: [Mary Underwood, Michael Rodriguez, Kathryn Ford]."}, "498": {"llama8b": "The Maximum Independent Set of this network is: [Dawn Espinoza, Dana Mcdonald, Marilyn Wolfe, Kelly Winters]."}, "499": {"llama8b": "The Maximum Independent Set of this network is: [Natalie Woods, Michael Henderson]."}}