{"0": {"llama": "[Michelle Lewis, Daniel Shelton]"}, "1": {"llama": "[Robert Jordan Jr., Anthony Shaw, Ashley Crosby, Alan Gallegos, Justin Hendricks, Melissa Schultz, Martin Price, Jeffrey Leonard, Steven Williams]"}, "2": {"llama": "[Russell Mooney, Mario Dominguez, Jennifer Wilson, Lindsay Barr]"}, "3": {"llama": "[Jason Shepherd]"}, "4": {"llama": "[Steven Callahan, Amanda Ayers, Michael Smith, Charles Haynes]"}, "5": {"llama": "[Martha Harris, Shawn Potter, Laura Newman, Bradley Andrews, Kristin Flynn, Brittany Marsh, Anna Alexander]"}, "6": {"llama": "[Kathryn Wilson, Shelby Johnson, Kristin Krueger, Mark Ortiz]"}, "7": {"llama": "[Aaron Pena, Jeremy Huerta]"}, "8": {"llama": "[Matthew Spencer, Edward Richardson, Kyle Austin]"}, "9": {"llama": "[Stephanie Stewart, Nicholas Daniels, Paige Jones, Zachary White, Rhonda Howell]"}, "10": {"llama": "[Franklin Brown, Tony Shepard, Corey Neal]"}, "11": {"llama": "[Jose Knapp, Megan Wagner, Katherine Evans, Gerald Brown]"}, "12": {"llama": "[Jennifer Hall, Cynthia Stephens DDS, Amber Lawrence]"}, "13": {"llama": "[Tina Larson, Mary Lee, Julie Wilson, Thomas Swanson]"}, "14": {"llama": "[Susan Bailey, Anthony Taylor, James Moss, Collin Berry, Angela Bernard]"}, "15": {"llama": "[Sara Hernandez]"}, "16": {"llama": "[Daniel Armstrong, Emily Buckley, Jared Pope]"}, "17": {"llama": "[Derek Carroll, Robert Grant, Janice Vasquez]"}, "18": {"llama": "[Lindsay Ward, Melissa Farley, Rebecca Bradshaw, Chloe Russell]"}, "19": {"llama": "[Jon Taylor, Lisa Garcia, Molly Lopez, Tim Escobar]"}, "20": {"llama": "[Jeremy Butler, Beth Reed, Tina Davis]"}, "21": {"llama": "[David Gordon, Sheryl Parrish, Vanessa Duffy, Samantha Briggs, Michelle Obrien, Amanda Price]"}, "22": {"llama": "[Anthony Wolfe, Sonya Marquez]"}, "23": {"llama": "[Brandon Barajas, Monica Allen, Mary Wood, Ashley Tucker]"}, "24": {"llama": "[Diana Calderon, Norma Walker]"}, "25": {"llama": "[Michael Mack, Tara Wilkerson, Stephanie Carroll, Cynthia Perez]"}, "26": {"llama": "[Alyssa Mcguire, Cindy James, Ashley Webster, Kristin Petty]"}, "27": {"llama": "[Regina Rojas, Karen Wilson]"}, "28": {"llama": "[David Thompson, Ashley Scott]"}, "29": {"llama": "[Stephanie Mason, John Nash, Dr. Dominic Hopkins DDS, James Vincent, Kim Johnson, Robert Chambers]"}, "30": {"llama": "[David Valencia, Mary Lam, Cindy Bell, Suzanne Lang]"}, "31": {"llama": "[Ashley Parker, Belinda Young]"}, "32": {"llama": "[Robert Cervantes, Lindsey Miller]"}, "33": {"llama": "[Christine Brady, James Espinoza, Tammy Crawford]"}, "34": {"llama": "[Joshua Murray, Gregory Gardner, Angela Erickson, Wesley Rodriguez]"}, "35": {"llama": "[Eugene Chambers, Whitney Allen, Brian Warner]"}, "36": {"llama": "[Howard Brown, Ryan Mayer]"}, "37": {"llama": "[James Yang, Robyn Riggs, Sarah Curtis]"}, "38": {"llama": "[Mackenzie Harris, Robert Fields, Theresa Horton]"}, "39": {"llama": "[Nancy Harvey, Samantha Ryan MD, Susan Rivera, Brooke Bright, Rebecca Hill]"}, "40": {"llama": "[Patrick Smith, Susan Benson]"}, "41": {"llama": "[Gregory Miller, Tyler Smith, Kristen Mays DDS]"}, "42": {"llama": "[Jonathan Garcia]"}, "43": {"llama": "[Elizabeth Williams, Amy Barrett, Tracey Walker, Kimberly Hughes, Lori Cole, Teresa Wiley DDS, Blake Skinner]"}, "44": {"llama": "[Tara Burnett MD]"}, "45": {"llama": "[Danny Jones, Denise Burgess, Ashley Smith]"}, "46": {"llama": "[Samuel Johnson, Michele Mejia, Anthony Stevens]"}, "47": {"llama": "[Joe Mccann, Robert Moore]"}, "48": {"llama": "[John Hensley, Brent May]"}, "49": {"llama": "[Kevin Jones, Chad Burnett, James Daniels, Robert White, Nicholas Grimes, Sarah Moore]"}, "50": {"llama": "[Madison Willis, Jerome Ferguson, Haley Mejia, Nicholas Webb, Alejandro Monroe, Scott Little, Roger Martin]"}, "51": {"llama": "[Jennifer Barton, Joel Valdez PhD, Jenny Austin, Dennis Johnson, Susan Bradshaw]"}, "52": {"llama": "[Michelle Nolan, Alison Cooper, Robert Hunter, Sydney Pennington, Alexander Carter, Cassandra Fernandez, Daniel Ochoa]"}, "53": {"llama": "[Elizabeth Davenport, Rhonda Graham, Katherine Ross]"}, "54": {"llama": "[Heather Davila, Charles Carroll, Aimee Mckinney, David Skinner]"}, "55": {"llama": "[Richard Conner, Nicole Byrd, Jody Zimmerman]"}, "56": {"llama": "[Jay Walker, Jason Bates, Michael Edwards, Michelle Miller]"}, "57": {"llama": "[Angela Scott, Kaitlyn Morgan, Patrick Miranda, Christy Le]"}, "58": {"llama": "[Wayne Gordon, Jennifer Cobb]"}, "59": {"llama": "[Andrew Stephens]"}, "60": {"llama": "[Joshua Kane, Mark Hansen]"}, "61": {"llama": "[Megan Green, Virginia Perez, Dana Young, Jeffrey Miller, John Ward, Edwin Lewis, Ebony Mcgee]"}, "62": {"llama": "[Carolyn Johnson, Jillian Salinas, Matthew Ruiz]"}, "63": {"llama": "[Brandon Parker, Gilbert Cox]"}, "64": {"llama": "[Daniel Gonzales, Dominique Baker]"}, "65": {"llama": "[David Lee, Lori Ibarra, Fernando Cooper, Kelly Salinas, Jonathan Lewis, Anthony Johnson]"}, "66": {"llama": "[Donald Green, John Hoover, John Johns, Brandon Holland, Heather Flynn]"}, "67": {"llama": "[Donna Hansen, Elizabeth Weber, Michele Mason, Brian Bowen]"}, "68": {"llama": "[Richard Smith, Mr. Brian Marshall, Michael Pacheco]"}, "69": {"llama": "[Jeffrey Rogers, Jason Lewis, Christina Owen, Matthew Hunter, Sean Oneill, Brenda Herrera, Amanda Foster, Cindy Warren]"}, "70": {"llama": "[David Lowe, Jasmine Morris, David Woods, Kaitlin Marshall]"}, "71": {"llama": "[Daniel Patterson, Jasmine Ross, Brent Phillips, Caitlin Campos, Katie Young, Rachel Santos]"}, "72": {"llama": "[Heather Booker, Michael Pitts, Melissa Farley]"}, "73": {"llama": "[Sharon Franklin, Mrs. Dana Wilson, Mr. Glenn Henderson II, Cheryl Hawkins, William Anderson]"}, "74": {"llama": "[Steven Bishop, Wendy Thomas]"}, "75": {"llama": "[Michelle Obrien, Elizabeth Cox]"}, "76": {"llama": "[Joshua Green, Suzanne Jackson, John Nichols]"}, "77": {"llama": "[Jason Jackson, Thomas Mitchell]"}, "78": {"llama": "[Leonard Bates, Shannon Ryan, Joseph Maxwell]"}, "79": {"llama": "[Dr. Barry Waters, Jamie Kaufman]"}, "80": {"llama": "[Justin Miller, Matthew Mcfarland, Chad Acosta]"}, "81": {"llama": "[Rebecca Cross]"}, "82": {"llama": "[Laura Griffith, Tracy Mendoza, Ashley Nelson]"}, "83": {"llama": "[Heather Kelly, Gwendolyn Bowman]"}, "84": {"llama": "[Nathan Robinson, Alicia Sutton, Allison Fitzpatrick, Tyler Franklin, Joshua Burns, Mark Hansen, Wanda Jenkins]"}, "85": {"llama": "[Patricia Caldwell, Jennifer Mccarthy, Linda Wall]"}, "86": {"llama": "[Amanda Chen, Erika White, Candace Blackburn, Robert Scott, Pamela Burke, Deanna Johnston]"}, "87": {"llama": "[Barbara Grant, Brian Wolfe, Jessica Bowen, Joshua Hansen, Samuel Thomas, Theresa Rodriguez]"}, "88": {"llama": "[Eric Osborne, Gina Lucas, Scott Williams, Tiffany Roberts, Christopher Lawrence, Mrs. Theresa Mccoy, Sandra Hutchinson]"}, "89": {"llama": "[Jonathan Smith, James Nelson]"}, "90": {"llama": "[Robert Hancock, James Robinson, Alvin Kim, Jennifer Banks, Michael Hendricks, Heather Campbell]"}, "91": {"llama": "[Michael Chambers]"}, "92": {"llama": "[Chase Wolfe, Tina Evans, Kyle Acosta]"}, "93": {"llama": "[John Gregory, Jacqueline Moore, Autumn Morris, Monica Rivera MD]"}, "94": {"llama": "[Christopher Hart, Deborah Smith, Edward Nielsen, Leslie Gardner, Thomas Snyder]"}, "95": {"llama": "[Victoria Sanders, Phillip Carroll, Gina Melendez]"}, "96": {"llama": "[Robin Peters, Ashley Peters, Tyler Perez, Luis Woodard, Courtney Crawford, Sarah Graves, Emily Browning]"}, "97": {"llama": "[Alison Jensen, John Welch, Ryan Taylor]"}, "98": {"llama": "[Nicole Gordon, Sean King DDS]"}, "99": {"llama": "[Megan Garcia, Nathan Jones, Erica Bowman, Sean Chapman]"}, "100": {"llama": "[Monica Holt]"}, "101": {"llama": "[Judy Pollard, Vincent Barton, David Flowers]"}, "102": {"llama": "[ ]"}, "103": {"llama": "[Amy Lopez, Heather Willis, Shane Esparza, Ruben Bauer, Mrs. Joann Haynes]"}, "104": {"llama": "[Savannah Elliott, Gilbert Garner, Anita Davis]"}, "105": {"llama": "[Donald Thomas, Stacey Todd, John Peterson]"}, "106": {"llama": "[Melissa Moss, Hannah Mata, Stephanie Ryan]"}, "107": {"llama": "[Thomas Graham]"}, "108": {"llama": "[Kimberly Hernandez, Mark Woodward, Gregory Jackson, Calvin Martin, Dr. Ebony Gray]"}, "109": {"llama": "[Edward Perry, Ryan Thomas, Hannah Webb, Jay Hammond, Shelly Lawrence]"}, "110": {"llama": "[Jeremy Valencia, Ryan Garcia]"}, "111": {"llama": "[Ashley Boyd, Gwendolyn Russell, Matthew Bennett II]"}, "112": {"llama": "[Matthew Gonzales, Tiffany Mccarty, Anna Clark, Kimberly Morgan]"}, "113": {"llama": "[William Eaton, Christopher Patrick, Kristina Medina]"}, "114": {"llama": "[Jordan Howard, Erik Kelly, Laura Holmes, Donald Frank]"}, "115": {"llama": "[Christopher Jones, Melanie Silva, Michael Lozano, Justin Duke, Lindsay Hatfield, Stacey Gibson, Roy Butler, James Crawford, Dylan King, Nathan Cummings, Ross Ritter]"}, "116": {"llama": "[Keith Bell, Erika Jones, Randy Martin]"}, "117": {"llama": "[Michelle Foley, Anna Jackson]"}, "118": {"llama": "[Rebecca Fisher, Tiffany Wilson, Paul Ryan]"}, "119": {"llama": "[James Johnson, Lori Murphy MD, Mary Spencer, Tiffany West]"}, "120": {"llama": "[Debbie Carter, Ronnie Ramirez, Alexa Stone, Katherine Collins, Dr. Aimee Cooper, Olivia Zimmerman, Tara Taylor, Darren Bailey, Monica Espinoza, Barbara Anderson]"}, "121": {"llama": "[Daniel Moore, Audrey Martinez]"}, "122": {"llama": "[Mr. Glenn Henderson II, Jeffrey Moss]"}, "123": {"llama": "[John Terrell, Mark Chandler]"}, "124": {"llama": "[George Thornton, Jamie Morris, Mary Peterson, Michelle Moore, Donna Freeman, Douglas Ballard]"}, "125": {"llama": "[Sierra Harris, Kimberly Harding, David Davenport]"}, "126": {"llama": "[Jennifer Johnson, Nicholas Webb]"}, "127": {"llama": "[Brian Middleton, Derek Glover]"}, "128": {"llama": "[Jessica Benson, James Good, Donald Palmer]"}, "129": {"llama": "[Willie Harris, Jocelyn Evans, Vicki Burns]"}, "130": {"llama": "[Kim Larson, Rachael Hall, James Reed, Martha Reyes]"}, "131": {"llama": "[Dana Mcdonald, Scott Klein, Kathryn Wiggins, Melissa Valdez]"}, "132": {"llama": "[Jeffery Thompson, James Jones, Joshua Cooper, Brianna Gomez, Tony Nelson, Caleb Martinez, Matthew Harris]"}, "133": {"llama": "[Patricia Wallace, Kristin Hamilton, David Campbell, Jermaine Hansen]"}, "134": {"llama": "[Justin Thomas, Brianna Moore]"}, "135": {"llama": "[Kevin Sanders, Jason Sloan, Kyle Jarvis, Andrea Johnson, Charlotte Daniel]"}, "136": {"llama": "[Christopher Patterson, Kiara Moore]"}, "137": {"llama": "[Sean Bryan, Patricia Faulkner]"}, "138": {"llama": "[Donald Smith, David Rivera, David Daniels]"}, "139": {"llama": "[Patricia Williams, Chelsea Cooper, Nicole Vincent, Brian Young, Robert Norman, Kevin Soto, Rebecca Perez, Sara Durham]"}, "140": {"llama": "[Anna Lynch, Ethan Ford, Jennifer Simpson]"}, "141": {"llama": "[Michael Sanchez, James Jordan]"}, "142": {"llama": "[Anna Moreno, Paul Moran]"}, "143": {"llama": "[Richard Bell]"}, "144": {"llama": "[Robin Ruiz, Tammy Short, Mark Palmer]"}, "145": {"llama": "[Patricia Travis, Dr. Joshua Day DDS, Gregory Hayes]"}, "146": {"llama": "[Emily Robinson, Sarah Bush, Caleb Scott, Meredith Frey]"}, "147": {"llama": "[Michael Cooper, Tiffany Hunter, Cynthia Castaneda]"}, "148": {"llama": "[None]"}, "149": {"llama": "[Sharon Miller, Tony Cardenas, Gary Green, Nicholas Williams, Mckenzie Weaver, Anna Roy]"}, "150": {"llama": "[Madison Willis, Brian Rodriguez, Ralph Johnson, Emily Berry, Meredith Mullins, Shawn Hall]"}, "151": {"llama": "[Valerie May, David Mason]"}, "152": {"llama": "[Andrew Gordon]"}, "153": {"llama": "[Andrew Hughes, Stephanie Huynh, Alexa Wilson]"}, "154": {"llama": "[Stacey Henderson, Chris Williams, Megan Stewart MD, Christina Hart, Aaron Dyer, Deborah Cruz, Ms. Valerie Atkins]"}, "155": {"llama": "[Robert Miller, Gary Morales, Ryan West]"}, "156": {"llama": "[Erik Smith, Chelsea Roberts, Kathleen Johnson]"}, "157": {"llama": "[Keith Jordan, David Haney]"}, "158": {"llama": "[Mr. Michael Taylor, Diane Shaw, Michael Peterson]"}, "159": {"llama": "[Edward Mendoza, Rachel Hernandez, Chad Jones Jr., William Williams, Dylan Osborne]"}, "160": {"llama": "[Madison Johnson, Joshua Kane, Nicole Gordon]"}, "161": {"llama": "[Jose Munoz]"}, "162": {"llama": "[Melissa Smith, Kristy White, Virginia Shannon, Valerie Camacho, Richard Cummings, Eric Friedman]"}, "163": {"llama": "[Michelle Lin]"}, "164": {"llama": "[David Morrison, Mason Benitez, Alexa Edwards, Andrew Robinson, Richard Cole, Adam Hinton, Brian Ward, Tamara Sanders]"}, "165": {"llama": "[Blake Decker, Molly Johnson, Gregory Merritt, Alexander Smith, Diane Glass]"}, "166": {"llama": "[Annette Kennedy, Amy Hughes, Kristin Mahoney, Alexander Martinez]"}, "167": {"llama": "[Michelle Copeland, Pamela Price, Brian Johnson, Kevin Leach, Jared Pope, Eric Terry, Jerome Russell, Lisa Weber, William Evans, Benjamin Hall, Nicole Perkins]"}, "168": {"llama": "[Matthew Morris, Jennifer Diaz, Daniel Wilcox, Mitchell Banks]"}, "169": {"llama": "[Raymond Baker, Gina Hayes, Haley Nichols]"}, "170": {"llama": "[Ryan Norman]"}, "171": {"llama": "[Dylan Simmons, Bryan Sampson, Amanda Case]"}, "172": {"llama": "[Andrew Pierce, Melissa Snow, Pamela Young, Mary Collier]"}, "173": {"llama": "[Marissa Conner, Danielle Lewis, Gabriela Cardenas, Chelsea Randolph]"}, "174": {"llama": "[None of Mrs. Sylvia Craig MD's friends can be in the Maximum Independent Set because she is connected to everyone. Therefore, the Maximum Independent Set is an empty set: []]"}, "175": {"llama": "[Traci Taylor, Erin Garcia, Caitlin Duke, Susan Peterson]"}, "176": {"llama": "[Michael Martin, Madison Sharp, Mrs. Jordan Dunn, Jennifer Harris]"}, "177": {"llama": "[Mark Kim, Victoria Barrett, Gregory Phillips, Spencer Haynes IV]"}, "178": {"llama": "[Paul Patel, Joshua Nguyen, Jeremiah Carter, William Smith]"}, "179": {"llama": "[Erin Washington, Derrick Nicholson]"}, "180": {"llama": "[David Davenport, Megan Olson, Robin Taylor, Cheryl Johnson DDS]"}, "181": {"llama": "[Matthew Leblanc, Larry Montoya]"}, "182": {"llama": "[Jordan Brown, Jeffrey Moore, Tara Wilkerson, John Smith, Chris Villarreal]"}, "183": {"llama": "[Jennifer Martinez PhD, Joshua Kane]"}, "184": {"llama": "[Jordan Moore, Sarah Lin, Tracy Hernandez]"}, "185": {"llama": "[Daniel Walker]"}, "186": {"llama": "[Jonathan White, Glenn Jones, Abigail White]"}, "187": {"llama": "[Patrick Clements, Jacob Scott, Sandra Ward, Mary Gutierrez, Cody Morales, Jared Perez]"}, "188": {"llama": "[Emily Boyle DVM, Harold Murphy, John Chambers, Paul Fisher, Daniel Marshall, Stephen Mejia, Nicole Vargas, Jessica Wood, Adam Coleman, Robert Cruz II]"}, "189": {"llama": "[Michael Newman, Theresa Anderson, Tim Palmer DDS]"}, "190": {"llama": "[Madison Willis, Lisa Anderson, Christopher Green, Amanda Williams]"}, "191": {"llama": "[ Karen Cooley, Jacob Sutton, Linda Lawrence, Jeffrey Stevens ]"}, "192": {"llama": "[Michael Hughes, Sarah Gutierrez, Teresa Blevins, Linda Vega]"}, "193": {"llama": "[Kevin Weaver, Drew Adams, Fernando Howell, Sarah Holt]"}, "194": {"llama": "[Mary Stewart, Dana Church, Amanda Anthony]"}, "195": {"llama": "[Abigail Thomas, Rebecca Martin, Kelsey West]"}, "196": {"llama": "[Dustin Ashley, Andrea Kelley, Donna Hughes]"}, "197": {"llama": "[Stephanie Richardson, Jamie Pennington, George Mcguire, Jessica Christian]"}, "198": {"llama": "[Elizabeth Moore, Nathan Herrera, Tina Edwards, Megan Owen, Timothy Mitchell, Candice Gray, Shannon Patton, Bradley Stanley]"}, "199": {"llama": "[Andrew French, Kristen Zhang, Kristin Baker, Shelley Shelton]"}, "200": {"llama": "[Shelby Serrano]"}, "201": {"llama": "[Francisco Brown, Rebecca Williams, Gabriel Campbell Jr., Robert Gonzalez]"}, "202": {"llama": "[Melanie Booker, Jeffrey Brown, Kaitlyn Park]"}, "203": {"llama": "[David Hansen, Lori Hensley, Fernando Jones, Amanda Hines, Bonnie Lewis, Alexandra Zuniga, Jeffery Anderson, Ethan Ford, Joshua Johnson, Jennifer Heath]"}, "204": {"llama": "[Travis Hunter, Jason Wright, Jennifer Robertson]"}, "205": {"llama": "[Nicholas Green, Russell Wright, Sheila Garcia]"}, "206": {"llama": "[Mr. Joseph Osborn, Ann Gates]"}, "207": {"llama": "[Tanya May, Shane Avila DDS, Joseph Brown, Andre Vargas]"}, "208": {"llama": "[Amanda Cole, Tara Brown, Kimberly Wise, Jacob Rivera, William Choi]"}, "209": {"llama": "[Brenda Donaldson, Betty Wallace, Stephen Stephens]"}, "210": {"llama": "[Rebecca Barton, Jamie Duncan, Melissa Harvey, Adam Johnson]"}, "211": {"llama": "[Jeffery Horn, Julia Hutchinson, Douglas Martinez]"}, "212": {"llama": "[Joseph Delgado, Bobby Russell, Mark Morrison, Robin Roberts, Christine Richards]"}, "213": {"llama": "[Jessica Lopez, Daniel Collins, Joshua Hart, Brandon Rojas]"}, "214": {"llama": "[Anthony Larsen, Candace Clark, Daniel Dixon, Gregory Gibson]"}, "215": {"llama": "[Christina Downs, Pamela Hale, Barbara Love, Alicia Chapman]"}, "216": {"llama": "[Jennifer Wright, Sheena Arias, Connie Davis]"}, "217": {"llama": "[Andrea Fernandez, Danny Farmer, Joshua Kane, Alexandra Gonzales, Sean Richardson, Rebecca Lucas, Timothy Thompson]"}, "218": {"llama": "[James Strong, Ronald Sandoval, Tina Barnett]"}, "219": {"llama": "[ ]"}, "220": {"llama": "[William Hall]"}, "221": {"llama": "[Frank Graham, Samantha Ruiz, Christopher Landry, Mrs. Katherine Navarro DDS]"}, "222": {"llama": "[John Smith, Ebony Mcgee, Ashley Hernandez]"}, "223": {"llama": "[Dominique Garrett DDS, Candace Blackburn, Tracy Peterson, Jordan Benson]"}, "224": {"llama": "[Michael Contreras, Jeremy Whitney, Christopher Lang, David Shields, Daniel Matthews, Hannah Robinson]"}, "225": {"llama": "[Amanda Rodriguez, Dennis Ray MD, Adam Boone, Patricia Bush]"}, "226": {"llama": "[Hayden Berger, Mary Castillo]"}, "227": {"llama": "[Andrea Payne, Richard Aguilar, Heather Long, Karen Hall]"}, "228": {"llama": "[Sean Martinez, Tony Chaney, Lauren Bird, Jesse Fuller]"}, "229": {"llama": "[Matthew Adams, Scott Nguyen, Mr. Gregory Peck, Aaron Brown]"}, "230": {"llama": "[Robert Weaver, Danielle Suarez]"}, "231": {"llama": "[Lisa Carr, Mary Smith, Amanda Johnson, Erika Arnold MD]"}, "232": {"llama": "[Jennifer Fry, Cindy Cortez]"}, "233": {"llama": "[Patricia Donovan, Bryan Robinson]"}, "234": {"llama": "[Greg Nguyen, Randall Lucas, Julie Scott, Don Randolph, Katherine Wilcox]"}, "235": {"llama": "[Jennifer Willis, David Pruitt, Patricia Sweeney]"}, "236": {"llama": "[Christine Hale, Miguel Martin, Michael Parks]"}, "237": {"llama": "[Matthew Bryant, Michael Cain]"}, "238": {"llama": "[Justin Farmer, Rodney Young, Jeremy Lowe, Michael Orozco, Kimberly Hendricks, Gene Smith, Alexis Larsen]"}, "239": {"llama": "[Matthew Horton, Craig Tyler]"}, "240": {"llama": "[Reginald Miller, Lori Miller, Joseph Contreras, Natasha Brooks, Billy White, Emma Johnson]"}, "241": {"llama": "[Brandy Ali, Jacqueline Hernandez, Ryan Guerrero, Wendy Hernandez]"}, "242": {"llama": "[Tonya Wilson, Rodney Farmer, Carl Lee, Summer Reynolds]"}, "243": {"llama": "[Erika Graham, David Mitchell, Robin Smith MD, Robert Wilcox, Rodney Taylor]"}, "244": {"llama": "[Justin Nelson, Susan Cook, Jeffrey Haley]"}, "245": {"llama": "[Becky Mclean, Bradley Rhodes, Ashley Martinez, Melvin Bowman, Timothy Montgomery, Bruce Lucero, James Taylor, Heather Barber]"}, "246": {"llama": "[Scott Morales, Glenn Jones]"}, "247": {"llama": "[Patricia Garcia, Rachel Robinson, Regina Robinson, Nicole Ruiz, James Johnson MD, Glenda Hull]"}, "248": {"llama": "[Kenneth Bartlett, Dennis Fuentes, Kyle Houston]"}, "249": {"llama": "[Vanessa Jacobs MD, Dr. Daniel Bowman DDS, Carl Lee, Jason Rocha, Alec Anderson, Shawn Morgan]"}, "250": {"llama": "[Stacy Williams, Brian Vasquez, Michael Bell, Robert Smith]"}, "251": {"llama": "[Tracy Colon, Timothy Jacobson, Wendy Cooper]"}, "252": {"llama": "[Eric Walker, Paula Kirk, Jacob Ortiz]"}, "253": {"llama": "[Diana Thompson]"}, "254": {"llama": "[None]"}, "255": {"llama": "[Erika Miller, Anthony Mora, James Chavez, Noah Williams, Ryan Garner]"}, "256": {"llama": "[Marie Jacobs, John Obrien, Andrew Bradshaw]"}, "257": {"llama": "[Richard Foley, Ashley Hebert, Angela Thompson]"}, "258": {"llama": "[Chad Brown, Penny Stone, Lisa Price, Christopher Estrada]"}, "259": {"llama": "[Walter Herrera, Alejandro Steele, John Richardson, Jared Powell, Sydney Suarez]"}, "260": {"llama": "[Lindsay Ward, Rebecca Bradshaw]"}, "261": {"llama": "[Kimberly Nelson, Kelly Davis, Angela Jones]"}, "262": {"llama": "[Corey Kemp, Kathleen Goodman, Whitney Adams, Debra Levine, Kenneth Pratt, Anthony White, Anthony Haas]"}, "263": {"llama": "[Willie Castillo, Jose Banks, Susan Singh]"}, "264": {"llama": "[Robert Smith, Denise Lee, John Snyder, Susan Santiago, Tammy Cummings, Stephanie White, Shannon Peters]"}, "265": {"llama": "[Gabriel Perry, Jessica Montgomery, Briana Shaffer]"}, "266": {"llama": "[Sue Smith, Ronald Evans, Anita Cole]"}, "267": {"llama": "[Christopher Curtis]"}, "268": {"llama": "[Timothy Vega, Andrea Neal, Molly Garcia, Ashley Delgado, Lisa Brown, Stephanie Kent]"}, "269": {"llama": "[Andrew Manning, Frederick Nguyen, David Bond, Mary Davis, Sarah Weaver, Scott White, Eric Anderson]"}, "270": {"llama": "[Michael Horn, Deborah Smith]"}, "271": {"llama": "[Emily Dudley, Lance Smith, Stephen Powell]"}, "272": {"llama": "[Christopher Blair, Michael Hale, Seth Gonzalez, Matthew Elliott, Mary Bradley, Lucas Johnson]"}, "273": {"llama": "[ Brittney Glover, John Henderson ]"}, "274": {"llama": "[Juan Dodson, Tiffany Larson, Amy Weaver]"}, "275": {"llama": "[James Reid, Jason Ewing, Jessica Jackson, Patrick Perez]"}, "276": {"llama": "[Christine Scott, Katherine Weeks, Amy Jones, Gabriel Campbell Jr.]"}, "277": {"llama": "[Jonathan Delgado, Kayla Moore, William Roberts]"}, "278": {"llama": "[Robert Henson]"}, "279": {"llama": "[Thomas Campos, Daniel Hudson, Tara Pham, Patricia Wang]"}, "280": {"llama": "[Isaac Brooks, Darren Bradford]"}, "281": {"llama": "[Frederick Sampson, Brian Perez, Jessica Thompson, Regina Young, Eric Hopkins]"}, "282": {"llama": "[Megan Flores, Briana Daniel, Jennifer Martinez]"}, "283": {"llama": "[Sarah Santiago MD, Rachel Dawson, Hannah Mills, Arthur Thomas, Jennifer Mcbride]"}, "284": {"llama": "[Christine Johnson, Martin Mitchell, Brandon Jordan, Samantha Grimes, Steve Lee]"}, "285": {"llama": "[Samuel Russell, Yesenia Miller, Jason Miller, Margaret Suarez, Jimmy Williams]"}, "286": {"llama": "[Justin Hawkins, David Little, Aaron Stewart, Gina Davis]"}, "287": {"llama": "[Travis Tran, Ronald Sims, Randall Stout, Lee Adams]"}, "288": {"llama": "[Sean Wall, Rodney Leonard]"}, "289": {"llama": "[Casey Bryant, Anne Joseph, Alexandra Cooper, Mary Evans, Jonathan Hernandez]"}, "290": {"llama": "[Ashley Hernandez, Ashley Perez]"}, "291": {"llama": "[Barbara Gill, Scott Moore, Mrs. Cynthia Diaz]"}, "292": {"llama": "[Sheila Luna, Julia Torres, David Davis, Jason Porter, Christopher Beck]"}, "293": {"llama": "[Aaron Martinez, Ryan Norman]"}, "294": {"llama": "[Chad Pace, Janice Sullivan, Pamela Jarvis]"}, "295": {"llama": "[Kimberly Campbell, Alexis Key, Laura Cox]"}, "296": {"llama": "[Jeremy Lopez, Carol Perez]"}, "297": {"llama": "[Melissa Dean, Brittany Moore, Amy Winters]"}, "298": {"llama": "[David Guerra, Tiffany Williams, Victoria Wang]"}, "299": {"llama": "[Jessica Johnston, Amy Phillips, Michael Marks]"}, "300": {"llama": "[Robin Johnson, Jasmine Morgan, Amber Murphy, Travis Evans, Karen Colon, Alexander Wright IV, Jeffrey Rice]"}, "301": {"llama": "[Shannon Lee, Jeremy Hayes MD]"}, "302": {"llama": "[Zachary Valenzuela, Kyle Harris, Jeffrey Baldwin, Susan Dennis, Laura Blackburn]"}, "303": {"llama": "[Jean Espinoza, Amy Walker]"}, "304": {"llama": "[Kevin Frey, Allen Johnson]"}, "305": {"llama": "[Brooke Perez DVM, Susan Davis, Teresa Jones, Elizabeth Norman, Jeanette Hurst]"}, "306": {"llama": "[Patricia Thomas, Christopher Allen, Amanda Coffey, Sherry Smith, Keith Hale]"}, "307": {"llama": "[Joseph Rivas, Julia Murray, Christina Collins, Raymond Hughes, Rachael Miller, Cody Porter, Lauren White, Andrea Goodman]"}, "308": {"llama": "[Eric Adams, Harry Alexander, Angela Mcintyre, Kenneth Griffin, Jamie Robinson]"}, "309": {"llama": "[Stacey Turner, Deborah Ballard]"}, "310": {"llama": "[Scott Gibson, Chad Osborne, Stephen Love, Brian Bowen]"}, "311": {"llama": "[Anna Nielsen, Gary Larsen]"}, "312": {"llama": "[Michael Wilcox, Sara Foster, Cynthia Case]"}, "313": {"llama": "[Matthew Gonzalez, Natalie Morse, Kyle Griffin]"}, "314": {"llama": "[Erika Torres, Hannah Smith]"}, "315": {"llama": "[Jessica Horton, Mark Pena, Danny Floyd, Cynthia Rose, Vanessa Adams, Jasmine Cabrera, Lawrence Adkins]"}, "316": {"llama": "[Jesus Sanchez, Samantha Hodges, Anna Bauer, Robert Dunn, Janet Davis, Douglas Clark]"}, "317": {"llama": "[Lisa Horton, Joshua Kane, Melissa Farley, Scott Bolton]"}, "318": {"llama": "[Christine Bentley, Joseph Kemp, Laura Johnson]"}, "319": {"llama": "[Devin Copeland, Justin Reynolds]"}, "320": {"llama": "[Cynthia Taylor, Brandon Diaz]"}, "321": {"llama": "[Robyn Jackson]"}, "322": {"llama": "[Jeremy Carter, Samantha Obrien, Jacob Woodard]"}, "323": {"llama": "[Mr. Michael Meyer, Amanda Horne, Andrew Jordan, Wanda Martin]"}, "324": {"llama": "[Melanie Rice, George Nunez, Christopher Smith]"}, "325": {"llama": "[Dana Burns, Diane Stafford, Daniel Conway, Katie Alvarez, Brandon Sims, Samuel Mcclure]"}, "326": {"llama": "[Donna Fox, Jill Wise, Samantha Velez]"}, "327": {"llama": "[Robert Olsen II, Dominic Walls, Rebecca Gilbert]"}, "328": {"llama": "[Dr. Sarah Cortez DVM, Jacob Hernandez, Robert Braun, Tina Dominguez, Kerri Roberts]"}, "329": {"llama": "[Matthew Estrada, Megan Russo, Jennifer Willis, Samantha Howe, Margaret Howe]"}, "330": {"llama": "[Shawn Lawrence]"}, "331": {"llama": "[Andrew Henderson, Robert Stanton, Glenn Jones, Marissa Flowers]"}, "332": {"llama": "[Chelsea Chaney, Thomas Fisher, Kimberly Tanner]"}, "333": {"llama": "[Carl Everett, Walter Abbott]"}, "334": {"llama": "[Ashley Knox, Lisa Johnson]"}, "335": {"llama": "[Madison Willis, Alejandro Monroe, Jerome Ferguson]"}, "336": {"llama": "[David Baxter, Allison Cameron, Matthew Ortega]"}, "337": {"llama": "[Cody Long, Jillian Anderson, Nathan Sanford, David Miller, Damon Carter]"}, "338": {"llama": "[Holly Fuller, Alicia Herring]"}, "339": {"llama": "[Patrick Kelly]"}, "340": {"llama": "[Mckenzie Trujillo, Gloria Johnson, Felicia Robertson]"}, "341": {"llama": "[Steven Montgomery, Lisa Franco, Aimee Evans]"}, "342": {"llama": "[Paul Martinez, Gregory Walker]"}, "343": {"llama": "[John Wilson, John Chambers, Stephen Hodges, Jacob Johnson, Tina Greer]"}, "344": {"llama": "[Margaret Ware, Rodney Doyle]"}, "345": {"llama": "[Charles Thornton, Nicholas Steele, Patricia Pierce, Joseph Garcia, Gina Jimenez, Shane Ward, Christine Colon, Edgar Bradley]"}, "346": {"llama": "[Charles Mcdonald, David Collins, Thomas Jones]"}, "347": {"llama": "[Michelle Henry, Curtis Wiley]"}, "348": {"llama": "[Jennifer Fisher, Brandon Hall, Taylor Campbell]"}, "349": {"llama": "[Michelle Lopez, Anthony Jones, Angela Christensen, Alexandra Chavez]"}, "350": {"llama": "[Angela West, David Romero, Alejandro Monroe, Michael Nunez, Joshua Kane, Karen Wilson, Brian Rodriguez]"}, "351": {"llama": "[Patrick Gill]"}, "352": {"llama": "[Marco Walker, Jamie Hodge, Stephen Wilson]"}, "353": {"llama": "[Laura Davis, William Moody, Glenn Jones, Christopher Gibson]"}, "354": {"llama": "[Kim Acosta, Cody Perkins, Thomas Kennedy, Lawrence Brady, Jacob Palmer]"}, "355": {"llama": "[Jonathon Perez, Shannon Dunn, Anne Baird]"}, "356": {"llama": "[Benjamin Mitchell, Tammy Michael, Jonathan Bates]"}, "357": {"llama": "[Nancy Mcneil, Micheal Young, Jonathan Perry]"}, "358": {"llama": "[Elizabeth Schmidt, Chad Harvey, Madison Anderson, Rebecca Wilson, Amanda Durham, Jeffrey Donaldson]"}, "359": {"llama": "[Melissa Rivera, Robert Mathis, Carl Robinson, Jessica Gonzalez, Jennifer Carrillo, Jennifer Park, Michael Meyer]"}, "360": {"llama": "[Cassandra Beck, Lauren Wade]"}, "361": {"llama": "[David Duffy]"}, "362": {"llama": "[Sandra Torres, Melissa Copeland, Vanessa Ortiz, Aaron Walker, Dawn Watkins]"}, "363": {"llama": "[Nathan Burnett, Joshua Kane, Craig Marks]"}, "364": {"llama": "[John Medina, Daniel Henderson, Lisa Thomas, Mariah Cortez, Jill Rich, Christine Noble]"}, "365": {"llama": "[Brandon Riley, April Fowler, Deborah Riley, Eric Cooper, Ebony Nelson]"}, "366": {"llama": "[Theodore Long, Shawn Hall, Nicholas Forbes DVM]"}, "367": {"llama": "[Joshua Jones, Alexander Chavez]"}, "368": {"llama": "[Andrew George, Tara Wilkerson]"}, "369": {"llama": "[Clayton Pena, Kenneth Butler, Alex Taylor, Courtney Barber, Sherry Owens]"}, "370": {"llama": "[Diana Russell, Jeremiah Leonard, Kathleen Lewis]"}, "371": {"llama": "[Daniel Owens, Billy Sandoval, Ryan Benson]"}, "372": {"llama": "[Robert Butler, Justin Moore]"}, "373": {"llama": "[Carol Lloyd, Molly Taylor]"}, "374": {"llama": "[Angela Morgan, Robin Reyes, Thomas Gamble]"}, "375": {"llama": "[Angela Obrien, Rebekah Torres]"}, "376": {"llama": "[Robert Johnson, Dustin Tate]"}, "377": {"llama": "[Dr. Kathryn Monroe MD, Travis Wilson]"}, "378": {"llama": "[Robert Merritt, Clifford Hall, Thomas Clark, Pamela Lewis, Mary Campos]"}, "379": {"llama": "[Christopher Foster, Ashley Bartlett, Tammy Edwards, Kyle Spears]"}, "380": {"llama": "[Joseph Buck, Ebony Mcgee, Jay Gordon, Alexander Terry, Michael Cruz]"}, "381": {"llama": "[Ronald Roy, Jason Johns]"}, "382": {"llama": "[Christopher Snyder, Jonathan Young, Darren Odom, Kyle Edwards, Ray Lopez]"}, "383": {"llama": "[Dr. Chelsea Nash MD, Jonathan Hudson]"}, "384": {"llama": "[Shannon Pineda, Brittany Barnett]"}, "385": {"llama": "[Dakota Hensley, Danielle Dominguez, Veronica Garrett, Betty Wiley, Kristin Hensley, Tracy Ford, Vicki Evans, Alec Schultz]"}, "386": {"llama": "[Joseph Smith, Ronald Gonzales]"}, "387": {"llama": "[Monica Hall, Brian James, Kimberly Short]"}, "388": {"llama": "[Raymond Adams, Gregory Martin, Erik Beard, Jonathan Mason, Haley Mejia, Jennifer Herrera, Zachary Johnson, Mr. Mathew Baldwin, Teresa Cook, Karen Perez, Stephanie Mata]"}, "389": {"llama": "[Sandra Schultz]"}, "390": {"llama": "[William Howard, Joanne Jackson, Brian Ramsey]"}, "391": {"llama": "[James Jackson, Justin Morgan]"}, "392": {"llama": "[Felicia Sanders, Jerome Ferguson, Kendra Chan]"}, "393": {"llama": "[Matthew Franklin, Andrea Bush, Mary Parker]"}, "394": {"llama": "[Wendy Russell, Emily Tucker, Gloria Costa]"}, "395": {"llama": "[Barbara Rivers, David Rivera, Lori Williams, Mary Kelley, Vanessa Johnson]"}, "396": {"llama": "[Christina Cobb, Michael Woodard]"}, "397": {"llama": "[Christina Clark]"}, "398": {"llama": "[Isaiah Brown, Stacey Ortega, Keith Walters, Chad Evans MD]"}, "399": {"llama": "[David Miller, Emily White, Blake Skinner, Belinda Rivera, Michael Hale]"}, "400": {"llama": "[Christopher Leblanc, Maria Martinez, Lori Hodge, Kevin Singh]"}, "401": {"llama": "[Mary Wright]"}, "402": {"llama": "[Robert Payne]"}, "403": {"llama": "[James Cook, Nicholas Wright, Margaret Rocha]"}, "404": {"llama": "[James Mccoy, Katherine Ramos, Paul Wolf, Austin Mccarty]"}, "405": {"llama": "[Joshua Kane, Lisa Brown, Pamela Arnold]"}, "406": {"llama": "[Joseph Serrano, Jacqueline Bullock]"}, "407": {"llama": "[Steven Flores, Candace Jones, Jorge Greene, Thomas Smith, Sara Jensen, David Cobb, Brian Johnson]"}, "408": {"llama": "[Justin Franco, Janet Wilson, Marvin Rose, Daniel Hodge, Kathleen Thompson]"}, "409": {"llama": "[Mark Smith, Lawrence Green]"}, "410": {"llama": "[Dan Mitchell, Keith Finley]"}, "411": {"llama": "[Chad Nguyen, Julie Baker]"}, "412": {"llama": "[Carla Logan]"}, "413": {"llama": "[Troy Webb, Abigail Thomas]"}, "414": {"llama": "[Brandon Brown, Brett Johnson, Kara Armstrong, Mrs. Lynn Barber]"}, "415": {"llama": "[Darren Roy, Marilyn Chung, Nathan Williams, Paul Evans, Teresa Mcgrath, Kelsey Reed, David Turner, Lacey Frank]"}, "416": {"llama": "[Joseph Walker, Taylor Hunt, Brian Mueller, Shannon Maddox, Chelsea Rivera, Tammy Silva]"}, "417": {"llama": "[Michael Phillips, Stephanie Taylor, Marcia Rogers]"}, "418": {"llama": "[Melissa Haley, Ryan Lamb]"}, "419": {"llama": "[Dr. Hector Hernandez, Erin Fitzgerald, Mr. Joseph Osborn]"}, "420": {"llama": "[Joshua Lee, Kyle Willis, Helen Walter, Traci Mitchell, Mark Sherman]"}, "421": {"llama": "[Joseph Reese, Juan Harrison]"}, "422": {"llama": "[Patrick Griffin, Robin Bird]"}, "423": {"llama": "[Heather Harris, Jill James, Michael Carter, Daniel Robinson]"}, "424": {"llama": "[Julie Francis]"}, "425": {"llama": "[Tyler Wells, Richard Rice, Samantha Briggs]"}, "426": {"llama": "[Ruth Lopez, Brenda Scott, Jonathan Page]"}, "427": {"llama": "[Michael Johnson, Joshua Kelly, Christopher Malone]"}, "428": {"llama": "[Julia Lucas, Michelle Sexton, Andrea Evans, Daniel Andrews, Nicholas Barron]"}, "429": {"llama": "[Arthur Gray, Kayla Murray, William Brown, Karen Byrd DDS, Ashley Baker]"}, "430": {"llama": "[Brooke Jones, Stephen Stephens, Lori Eaton, Janet Trevino, Lisa Cooper]"}, "431": {"llama": "[Robin Martinez, Jeffrey Atkinson DDS, William Bautista, William Evans, Brittany Owens, Rachel Fitzgerald]"}, "432": {"llama": "[Matthew Gonzalez]"}, "433": {"llama": "[Elizabeth Davis, Ashley Lopez, Regina Ramsey]"}, "434": {"llama": "[Joshua Simpson]"}, "435": {"llama": "[Jonathan Mason, Danielle Black, Austin Thornton]"}, "436": {"llama": "[Marc Miller, Katrina Thompson, Marilyn Wolfe, Dawn Espinoza, Carl Everett]"}, "437": {"llama": "[Sean Bryan, Isaiah Williams, Heather Chapman, Wendy Wright]"}, "438": {"llama": "[Tracy Harvey, David Cunningham]"}, "439": {"llama": "[Christina Gillespie]"}, "440": {"llama": "[Omar Norris, Megan Walker, Jodi Ali, John Lester, Richard Lewis, David Phelps]"}, "441": {"llama": "[Joyce Hoffman, Alejandro Monroe]"}, "442": {"llama": "[Paul Carter, Brandon Diaz, Cassie Conrad, James Rodriguez, Jill Rodriguez]"}, "443": {"llama": "[Justin Moore, Thomas Collins, Robert Wade]"}, "444": {"llama": "[Angela Brown, Matthew Hernandez]"}, "445": {"llama": "[Jose Walton, James Griffith, Joe Duncan, Colleen Hutchinson]"}, "446": {"llama": "[Donald Grant, Jeffrey Curry, Christopher Jennings, Dennis Martinez, Joseph Smith MD, Julia Hawkins]"}, "447": {"llama": "[Mark Chandler, Joseph Delgado, Brenda Donaldson]"}, "448": {"llama": "[James Arnold, Joshua Burns, Amy Wright, Christopher Miles]"}, "449": {"llama": "[Andrew Payne, Laura Guerrero, Mary Graham, Stephanie Myers]"}, "450": {"llama": "[John Scott, David Collins, Bonnie Cruz, John Russell]"}, "451": {"llama": "[Natalie Mcbride]"}, "452": {"llama": "[Tina Perez DDS, Jennifer Dixon, Edgar Hall, Richard Hernandez]"}, "453": {"llama": "[Melvin Matthews, Lori Foster, Megan Johnson, Rodney Franco, Matthew Dixon]"}, "454": {"llama": "[Kimberly Moore, Scott Huber]"}, "455": {"llama": "[Justin Sparks, Ryan Gonzales, Dana Martin]"}, "456": {"llama": "[Erika Sharp, Timothy Hampton, Shelley Arnold]"}, "457": {"llama": "[Dennis Lynch, Amanda Olson, Jeffrey Wood]"}, "458": {"llama": "[Candice Duffy, Allison Mcneil, Steve Clarke, Richard Hernandez]"}, "459": {"llama": "[Matthew Mercer, Corey Rosario, Brittany Ramirez, Laura Jones]"}, "460": {"llama": "[Zachary Ferguson, Destiny Esparza, Angela Fernandez]"}, "461": {"llama": "[Jennifer Lambert, Katherine Marquez, Joseph Cooley, Joshua Robbins]"}, "462": {"llama": "[Melissa Lewis, Jennifer Stevens, Brett White, Madison Willis]"}, "463": {"llama": "[Edwin Pacheco, Scott Klein, Thomas Hall, Timothy Jimenez, Regina Riddle, Nicole Davis]"}, "464": {"llama": "[Debra Sanchez, Michael Warner, Timothy Vang, Benjamin Park]"}, "465": {"llama": "[Elaine Turner, Samuel Davis, Jennifer Brown, Sarah Stewart, Kaylee Leonard]"}, "466": {"llama": "[Michael Leach, Jeremy Robinson, Ronald Sharp, Alexandra Moreno]"}, "467": {"llama": "[Christopher Wright, Joshua Kane]"}, "468": {"llama": "[Joseph Kim, Brittany Petty, Caleb Cox]"}, "469": {"llama": "[William Smith, Brian Patel, Tony Rodriguez, Elizabeth Robinson, Crystal Willis, Monica Dyer, Evan Short, Nicholas Brown]"}, "470": {"llama": "[Donna Ramos, Chad Garza, Sandra Andrews, Christopher Johnson, Karen Scott]"}, "471": {"llama": "[David Alvarez, Erin Simon, Ryan West]"}, "472": {"llama": "[Shane Chang, Suzanne Castro, Matthew Costa]"}, "473": {"llama": "[Jennifer Carter, Karen Russell, Matthew Lewis]"}, "474": {"llama": "[Joseph Brown, Adrian Hall, Katie West, Erin Olson, Barbara Hawkins]"}, "475": {"llama": "[Louis James, Kristy Nelson]"}, "476": {"llama": "[Sharon Young, Randy Jackson, John Andrews]"}, "477": {"llama": "[Erika Simmons, Ryan Underwood, Dr. Victoria Ruiz DDS, David Martinez DDS]"}, "478": {"llama": "[Jonathan Smith, Gabriel Williams, Todd Hamilton]"}, "479": {"llama": "[Bryan Edwards, Melanie Hill, Jennifer Rodriguez]"}, "480": {"llama": "[Susan Boone, Jonathon Bautista, Gerald Hurley]"}, "481": {"llama": "[Jeff Wright, David Crawford, David Hunt]"}, "482": {"llama": "[Jennifer Logan, Gabrielle Henson]"}, "483": {"llama": "[Johnny Smith, Cassandra Walls, Tina Moore]"}, "484": {"llama": "[Christy Jackson, Shannon Vazquez, Elizabeth Smith]"}, "485": {"llama": "[Michael Brown, Edward Robinson, William Smith, Molly Deleon, Nicholas Estrada, Amanda Davis, Vanessa Yates]"}, "486": {"llama": "[Scott Wright, Robert Parks, Mary Le]"}, "487": {"llama": "[Melissa Long, James Vasquez, Daniel Davenport, Elizabeth Patterson, Gabrielle Hernandez, Adam Taylor, Amanda Garcia, Elizabeth Crosby, Sarah Bishop]"}, "488": {"llama": "[Kristi Jones, Phyllis Leon, Jamie Gentry]"}, "489": {"llama": "[Jeffrey Brown, Edwin Silva, Colin Wolf, Jacob Morrison, Stacey Bailey, Christopher Blanchard]"}, "490": {"llama": "[Kyle Mendoza]"}, "491": {"llama": "[Michael Hampton, Jesse Dean, Emily Robertson, Amy Nguyen, Lance Harris]"}, "492": {"llama": "[Mark Castillo, Alicia Abbott, Timothy Ramsey]"}, "493": {"llama": "[John Evans, Brenda Hinton]"}, "494": {"llama": "[Jessica Payne, Henry Jackson]"}, "495": {"llama": "[Christopher Long, Tyler Larson]"}, "496": {"llama": "[Deborah Wright, Jill Page, Jillian Reyes]"}, "497": {"llama": "[Michael Rodriguez, Kathryn Ford]"}, "498": {"llama": "[Michael Love, Marilyn Wolfe, Kelly Winters, Dawn Espinoza]"}, "499": {"llama": "[Natalie Woods, Michael Henderson]"}}