{"0": {"llama8b": "The clique with the maximum number of authors in this network is [Manfred Schmidt-Schauss, David Sabel, Manfred Schmidt-Schau\u00df, Guillem Godoy]."}, "1": {"llama8b": "One Maximum Clique: [Jacques Philippe Sauv\u00e9, Gerhard Satzger, Axel Kieninger, Hansj\u00f6rg Fromm, Filipe Marques]."}, "2": {"llama8b": "One Maximum Clique: [Austin Melton, Stephen Ernest Rodabaugh, S. K. Samanta, Zeshui Xu, Nadeem Salamat, Wenzhong Shi, A. Ghareeb]."}, "3": {"llama8b": "One Maximum Clique: [Clifton Forlines, Terry Winograd, Thomas Kirste, Kris Luyten, Brad Johanson]."}, "4": {"llama8b": "One Maximum Clique: [Chidchanok Lursinsap, Philip S. Yu, Lawrence O. Hall]."}, "5": {"llama8b": "The maximum clique in this network is [Marco Lippi, Paolo Torroni, Noam Slonim]."}, "6": {"llama8b": "[Marzyeh Ghassemi, Peter Szolovits, Rohit Joshi, David A. Clifton, Mat\u00edas Za\u00f1artu]."}, "7": {"llama8b": "The Maximum Clique in this network is: [Coert Metz, Elsa D. Angelini, Christian Bauer, Wiro J. Niessen]."}, "8": {"llama8b": "The Maximum Clique in this network is [Sang Wan Lee, Hyoyoung Jang, Z. Zenn Bien, Zeungnam Bien]."}, "9": {"llama8b": "The Maximum Clique in this network is: [Mitchell Bowden, Marta Tatu, Sanda M. Harabagiu, Dan I. Moldovan, Christine Clark]."}, "10": {"llama8b": "The maximum clique in this network is [Sandra Duni Eksioglu, Sumesh Arora, Junguang Zhang]."}, "11": {"llama8b": "For the first network, the Maximum Clique is: [Han Le Duc, Chadi Jabbour, Patricia Desgreys, Van Tam Nguyen, Junya Matsuno].\n\nFor the second network, the Maximum Clique is: [Arthur K. Liu, Lawrence L. Wald, Thomas Witzel, Bruce Fischl, Douglas N. Greve]."}, "12": {"llama8b": "[Abdou Guermouche, Jean-Yves L'Excellent, Emmanuel Agullo, Luc Giraud]."}, "13": {"llama8b": "The maximum clique in this network is [Enzo Morosini Frazzon, Jun Ni, Ashutosh Tiwari]."}, "14": {"llama8b": "The maximum clique in this network is [Vinod Namboodiri, Srikathyayani Srikanteswara, Xinqing Yan, Siny Joseph]."}, "15": {"llama8b": "The clique with the maximum number of authors in this network is [Shifeng Zhang, Steve Goddard, Xin Liu, John A. Stankovic]."}, "16": {"llama8b": "The maximum clique in this network is [Young-Suk Ahn, Cleotilde Gonzalez, Varun Dutt, Christian Lebiere]."}, "17": {"llama8b": "[Jean-Fran\u00e7ois Bonastre, Lori Lamel, Corinne Fredouille, Douglas A. Reynolds, Daniel Moraru]."}, "18": {"llama8b": "[Ellen W. Zegura, Ian F. Akyildiz, Mike H. MacGregor, Ben Liang]."}, "19": {"llama8b": "The Maximum Clique in this network is: [Jean-Marc Vincent, Nihal Pekergin, Jean-Michel Fourneau, Boudewijn R. Haverkort, Tugrul Dayar, M. Le Coz]."}, "20": {"llama8b": "The maximum clique in this network is [Hugues Hoppe, Steven M. Seitz, Brian Curless]."}, "21": {"llama8b": "The Maximum Clique in this network is: [Tao Luo, Yoshua Bengio, Aaron C. Courville, Dan C. Ciresan, Simon Haykin]."}, "22": {"llama8b": "[Florina M. Ciorba, George K. Papakonstantinou, Yiming Han, Anthony T. Chronopoulos, Ioannis Riakiotakis]."}, "23": {"llama8b": "After analyzing the research collaborations between the authors, I found that the maximum clique has 6 authors: [Judy E. Scott, David Gefen, Izak Benbasat, Viswanath Venkatesh, Dawn G. Gregg, Biswadip Ghosh]."}, "24": {"llama8b": "After analyzing the research collaborations between the authors, I found that the maximum clique has 3 authors: [Zhiping Jia, Xiaoping Li, Hui Xia]."}, "25": {"llama8b": "[Chao Yang, Lin Lin, Andrew V. Knyazev, Zaiwen Wen, Sunil K. Narang, Daniel B. Szyld, Daniel Kressner, Volker Mehrmann, Antonio Ortega, Hassan Mansour, Pascal Frossard]"}, "26": {"llama8b": "[Yannis Papakonstantinou, H. V. Jagadish, Philip S. Yu, Ziyang Liu, Yi Chen]."}, "27": {"llama8b": "The maximum clique in this network is [Chuqi Yang, Qingyun Dai, Kok Lay Teo, Bingo Wing-Kuen Ling]."}, "28": {"llama8b": "The maximum clique in this network is [Douglas Thain, M. Sosebee, Lavanya Ramakrishnan, Ian T. Foster, M. Wilde, Ioan Raicu]."}, "29": {"llama8b": "The Maximum Clique in this network is: [Luca Chittaro, Paul De Bra, Barend de Lange, M\u00e1ria Bielikov\u00e1]."}, "30": {"llama8b": "The maximum clique in this network is: [Tofigh Allahviranloo, Saeid Abbasbandy, Soheil Salahshour, Mehdi Dehghan, Abhinav Bansal]."}, "31": {"llama8b": "[Simon Henrot, Charles Soussen, Michael K. Ng, David Brie, J\u00e9r\u00f4me Idier]"}, "32": {"llama8b": "The Maximum Clique in this network is: [Wesley De Neve, J\u00f6rg Heuer, Sylvain Devillers, Peter Lambert, R. Van de Walle]."}, "33": {"llama8b": "[Alen Vre\u010dko, Jeremy L. Wyatt, Jesse Hoey, Michael Gelfond, Wolfgang Faber, Chitta Baral, Mohan Sridharan, Shiqi Zhang, T. Craig]"}, "34": {"llama8b": "The Maximum Clique in this network is [Yingjie Yang, Robert John, Qiang Shen, Daisuke Yamaguchi, Francisco Chiclana]."}, "35": {"llama8b": "The Maximum Clique in this network is [Sylvia Ratnasamy, Adriana Iamnitchi, Jon Crowcroft]."}, "36": {"llama8b": "[Justin Pettit, Jonathan S. Turner, Hari Balakrishnan, Jennifer Rexford, Scott Shenker, Thomas E. Anderson]"}, "37": {"llama8b": "One Maximum Clique: [Claudiu S. Firan, Daniel Krause, Nicola Henze, Fabien Gandon]."}, "38": {"llama8b": "The Maximum Clique in this network is: [Francesco Guerra, Maurizio Vincini, Sonia Bergamaschi, Roberto Guidetti, Domenico Beneventano]."}, "39": {"llama8b": "The Maximum Clique in this network is: [Henri Casanova, Jos\u00e9 Duato, Michihiro Koibuchi, Nhat Le, Johan H\u00f6gberg]."}, "40": {"llama8b": "The maximum clique in this network is [Ian H. Witten, C. Herv\u00e1s-Mart\u00ednez, Xin Yao, Geoffrey Holmes, Mark A. Hall]."}, "41": {"llama8b": "The Maximum Clique in this network is [Latanya Sweeney, Haibing Lu, Francesco Pittaluga]."}, "42": {"llama8b": "The maximum clique in this network is [Celso C. Ribeiro, Alexandre R. Duarte, Mauricio G. C. Resende]."}, "43": {"llama8b": "The maximum clique in this network is [Fu Zhang, Alexander Maedche, Z. M. Ma, Pieter J. Mosterman, Yu Wang]."}, "44": {"llama8b": "The Maximum Clique in this network is: [Simon Fong, Xin-She Yang, Amir Hossein Gandomi, Zhuang Yan]."}, "45": {"llama8b": "[Chiang Kao, Jie Wu, Amparo M. M\u00e1rmol, Miguel A. Hinojosa, Justo Puerto]."}, "46": {"llama8b": "After analyzing the research collaborations between the authors, I found that the maximum clique has 5 authors: [Marco Vari, Remo Pomposini, Pierpaolo Loreti, Romeo Giuliano, Franco Mazzenga]."}, "47": {"llama8b": "The Maximum Clique in this network is: [Aiman H. El-Maleh, Xrysovalantis Kavousianos, Sudhakar M. Reddy, Yuta Yamato, Kazumi Hatayama]."}, "48": {"llama8b": "The maximum clique in this network is [Zhiwu Li, Libin Han, Weimin Wu, NaiQi Wu, Feng Tian, MengChu Zhou]."}, "49": {"llama8b": "[Jan Treur, Catholijn M. Jonker, Michel C. A. Klein, Mark Hoogendoorn, Alexei Sharpanskykh]."}, "50": {"llama8b": "The Maximum Clique in this network is [Vic Grout, Anna Dickinson, Ehab Al-Shaer, Stuart Cunningham]."}, "51": {"llama8b": "One Maximum Clique: [Joshua Schiffman, David Wagner, Yuqiong Sun, Giuseppe Petracca]."}, "52": {"llama8b": "The clique with the maximum number of authors in this network is [Gary J. Sullivan, Obianuju Ndili, Gisle Bjontegaard]."}, "53": {"llama8b": "The Maximum Clique in this network is: [Guanrong Chen, Tieshan Li, Jie Huang, Wenwu Yu]."}, "54": {"llama8b": "[Juan I. Yanez, Yuriy V. Shkvarko, Vishal M. Patel, Rama Chellappa]."}, "55": {"llama8b": "The Maximum Clique in this network is: [Fady Alajaji, Nam Phamdo, Peter Vary, Shlomo Shamai]."}, "56": {"llama8b": "One Maximum Clique: [Ting-Yu Chen, Shyi-Ming Chen, Szu-Wei Yang, Li-Wei Lee]."}, "57": {"llama8b": "[Pratap Subrahmanyam, Haibing Guan, Haibo Chen, Zhengwei Qi]."}, "58": {"llama8b": "The maximum clique in this network is: [Martin Kronbichler, Daniel Brandeis, Urs Maurer, Silvia Brem]."}, "59": {"llama8b": "The maximum clique in this network is [Ann Majchrzak, Christian Wagner, Samer Faraj, Katerina Papadaki]."}, "60": {"llama8b": "The Maximum Clique in this network is [Igor Santos, Pablo Garc\u00eda Bringas, Xabier Cantero, Carlos Laorden, Jingbo Zhu]."}, "61": {"llama8b": "One Maximum Clique: [Matthias A. Blumrich, Yamin Li, Shietung Peng, Wanming Chu, Pavlos Vranas, Dong Chen, N. R. Adiga]."}, "62": {"llama8b": "[Meindert Niemeijer, Sarah Barman, B. van Ginneken, Michael D. Abr\u00e0moff, Gyorgy Kovacs]."}, "63": {"llama8b": "[Camille Vacher, Hubert Comon, Carles Creus, Guillem Godoy, Sophie Tison, Florent Jacquemard]"}, "64": {"llama8b": "[Aldo Boglietti, Andrea Cavagnino, Kay Hameyer, Chris Gerada, Maria Dems]."}, "65": {"llama8b": "The Maximum Clique in this network is: [Chen B, Eftychios V. Papoulis, Jose C. Principe, Haiquan Zhao, Ali H. Sayed]."}, "66": {"llama8b": "The Maximum Clique in this network is: [Ravinder Kumar, Anshul Tyagi, Huseyin Arslan, Ju Cheng Yang, Anil K. Jain]."}, "67": {"llama8b": "[Luiz F. Bittencourt, Rodrigo N. Calheiros, Rajkumar Buyya, Srikumar Venugopal, Ivona Brandic, Rajiv Ranjan, Saurabh Kumar Garg, Linlin Wu, Narjes Bellamine Ben Saoud]."}, "68": {"llama8b": "[Radu Marculescu, Jingcao Hu, Zhi Deng, G. De Micheli]."}, "69": {"llama8b": "The maximum clique in this network is [Ralf Schl\u00fcter, Haizhou Li, Bin Ma, Zhizheng Wu]."}, "70": {"llama8b": "[Naohisa Goto, Toshiaki Katayama, Minoru Kanehisa, T. Fujisawa, Raoul J. P. Bonnal]."}, "71": {"llama8b": "One Maximum Clique: [Qingfu Zhang, Konstantinos E. Parsopoulos, Ajith Abraham, Ponnuthurai N. Suganthan, Zhi-Hui Zhan]."}, "72": {"llama8b": "One Maximum Clique: [Mehran Roshandel, Michael Rohs, Jake Auxier, Hamed Ketabdar, Tsutomu Terada]."}, "73": {"llama8b": "The Maximum Clique in this network is: [Mikhail J. Atallah, Wei Yang, Liusheng Huang, Yonglong Luo, Wenliang Du]."}, "74": {"llama8b": "One Maximum Clique: [Junchao Xu, Mark A. Neerincx, Rosemarijn Looije, Joost Broekens]."}, "75": {"llama8b": "One Maximum Clique: [George A. Papakostas, Ekta Walia, Simon Liao, Yongqing Xin]."}, "76": {"llama8b": "One Maximum Clique: [Christian Napoli, Giuseppe Pappalardo, L. Paterno, Emiliano Tramontana, Marcin Wo\u017aniak]."}, "77": {"llama8b": "One Maximum Clique: [R\u00f3bert P\u00e1lovics, Meeyoung Cha, Haewoon Kwak, Hosung Park, Roberto Turrin]."}, "78": {"llama8b": "[Lei Chen, Phillip B. Gibbons, Christos Faloutsos, Peter Druschel, Allen Clement, Bimal Viswanath, Matei Ripeanu, Haifeng Yu, Yafei Dai, Yazan Boshmaf, Jinxue Zhang]."}, "79": {"llama8b": "One Maximum Clique: [Yonggang Shi, Xavier Pennec, Nicholas Ayache, Paul M. Thompson, Anqi Qiu, Michael I. Miller]."}, "80": {"llama8b": "The Maximum Clique in this network is [Xizhu Mo, Arun Rai, Linda G. Wallace, Yong Hu, Mark Keil]."}, "81": {"llama8b": "[Maxim Claeys, Filip De Turck, Jeroen Famaey, Bart Dhoedt, Danny De Vleeschauwer]."}, "82": {"llama8b": "The maximum clique in this network is [Kun Xu, Xiao-Dong Niu, C. Shu, L. M. Yang]."}, "83": {"llama8b": "The maximum clique in this network is [Mahbubur Rahman, Chenyang Lu, Robert Morris, Ranveer Chandra]."}, "84": {"llama8b": "The maximum clique in this network is [Jun Li, Dimitris S. Papailiopoulos, Jos\u00e9 M. Bioucas-Dias, Xiaohe Hu]."}, "85": {"llama8b": "The Maximum Clique in this network is: [Wesley P. Chan, R\u00fcdiger Dillmann, Siddhartha S. Srinivasa, Stefano Caselli, Jacopo Aleotti]."}, "86": {"llama8b": "The Maximum Clique in this network is: [Eric D. Diller, A. Agung Julius, Dal Hyung Kim, Sarthak Misra, Vijay Kumar]."}, "87": {"llama8b": "One Maximum Clique: [Yonghong Hou, Marwan Torki, Jitendra Malik, Jamie Shotton, Andrew W. Fitzgibbon, Andrew Blake, Richard Moore]."}, "88": {"llama8b": "[Markos Zampoglou, Athanasios G. Malamos, Kostas Kapetanakis, Anastasios D. Doulamis, Yvonne Jung]."}, "89": {"llama8b": "The maximum clique in this network is [Frank van Harmelen, Kathrin Dentler, Carsten Lutz, Yuan-Fang Li]."}, "90": {"llama8b": "[Kimmen Sj\u00f6lander, Morten Nielsen, Rainer Merkl, Cristina Marino Buslje]."}, "91": {"llama8b": "[Christopher G. Wagner, Sofya Raskhodnikova, Kobbi Nissim, Kamalika Chaudhuri, Kunal Talwar]."}, "92": {"llama8b": "One Maximum Clique: [Fran\u00e7ois Chaumette, Bo Song, Chiu Lai, Jianguo Zhao]."}, "93": {"llama8b": "The Maximum Clique in this network is: [Andrzej Drygajlo, Joaquin Gonzalez-Rodriguez, Thirimachos Bourlai]."}, "94": {"llama8b": "The Maximum Clique in this network is: [Michael Chau, Sau Dan Lee, Hans-Peter Kriegel, Giovanni Ponti]."}, "95": {"llama8b": "The maximum clique in this network is [Richard Durbin, Daniel Kahn, Hongzhan Huang]."}, "96": {"llama8b": "[Quan Z. Sheng, Patrick C. K. Hung, Qianhui Liang, Gordon K. Lee]."}, "97": {"llama8b": "[Guillermo Sapiro, Christian F. Beckmann, Paul M. Thompson, Stephen M. Smith]."}, "98": {"llama8b": "[Adrian Nachman, Jin Keun Seo, Eung Je Woo, Ohin Kwon]."}, "99": {"llama8b": "[Christos Pierrakeas, Panayiotis E. Pintelas, Michalis Nik Xenos, Sotiris B. Kotsiantis, Kiriakos Patriarcheas, Dimitris Kalles, Bill Vassiliadis, Georgia D. Solomou, Achilles Kameas]\n\n[Note: This is the same Maximum Clique as in Example 1, but for the new network.]"}, "100": {"llama8b": "The Maximum Clique in this network is [Min Suk Chung, Jin Seo Park, Ernst Richter, Sung Bae Hwang, Bernhard Pflesser]."}, "101": {"llama8b": "One Maximum Clique: [Terence Tao, Giorgio Quer, Riccardo Masiero, Emmanuel J. Cand\u00e8s, Robert D. Nowak, Michele Rossi]."}, "102": {"llama8b": "The Maximum Clique in this network is [Lang Tong, Seksan Laitrakun, Tse-Yao Chang, Edward J. Coyle]."}, "103": {"llama8b": "The maximum clique in this network is [Yalin Wang, Paul M. Thompson, Margaret J. Wright, Matt A. Bernstein]."}, "104": {"llama8b": "[Gregor Rainer, Klaus Robert M\u00fcller, Klaus-Robert M\u00fcller, Sven D\u00e4hne, Benjamin Blankertz, Siamac Fazli, Frank C. Meinecke]."}, "105": {"llama8b": "The maximum clique in this network is [Rodrigo L. Carceroni, Michal Irani, Du Q. Huynh, Fl\u00e1vio L. C. P\u00e1dua]."}, "106": {"llama8b": "[Arvind Sundararajan, Michael J. Carey, Leonidas Fegaras, Elke A. Rundensteiner, Zhen Hua Liu]."}, "107": {"llama8b": "The Maximum Clique in this network is: [Pankaj Gupta, Lean Yu, Yunzeng Wang, K. K. Lai]."}, "108": {"llama8b": "[Lucas Gren, Robert Feldt, Claes Wohlin, Neil A. M. Maiden, Richard Torkar]."}, "109": {"llama8b": "The Maximum Clique in this network is: [Alexander D. MacKerell, Wonpil Im, Kenno Vanommeslaeghe, H. Lee Woodcock, Wenbo Yu]."}, "110": {"llama8b": "[Emmanuel J. Cand\u00e8s, Tony F. Chan, Dimitris N. Metaxas, Luminita A. Vese, Vittorio Ferrari, Ke Chen]."}, "111": {"llama8b": "[Juan de Lara, Gabriele Taentzer, Annegret Habel, Karl-Heinz Pennemann, Hartmut Ehrig]."}, "112": {"llama8b": "[Teemu Pitk\u00e4nen, Micka\u00ebl Raulet, Simone Casale-Brunet, Pekka J\u00e4\u00e4skel\u00e4inen, Jarmo Takala]."}, "113": {"llama8b": "The maximum clique in this network is: [John A. Stankovic, Andreas Willig, Utz Roedig, David E. Culler]."}, "114": {"llama8b": "The maximum clique in this network is [Hamed Rasouli, Helmut B\u00f6lcskei, Andrew Sendonaris]."}, "115": {"llama8b": "[Daiki Maehara, Gia Khanh Tran, Kei Sakaguchi, Klaus I. Pedersen, Kiyomichi Araki]."}, "116": {"llama8b": "The maximum clique in this network is [Biswanath Mukherjee, Wei Liang, Chaofan Ma]."}, "117": {"llama8b": "[Shiqiang Yang, Wen Gao, Philip S. Yu, Jiawei Han, Grzegorz Drzadzewski]."}, "118": {"llama8b": "One Maximum Clique: [V\u00edt Jel\u00ednek, Michael H. Albert, V\u00edt Jel\u00ednek, Toufik Mansour, Sergey Kitaev, Anders Claesson, M. D. Atkinson]."}, "119": {"llama8b": "The Maximum Clique in this network is: [Andrea Cavallaro, Anthony Vetro, Marios C. Angelides, Luc J. Van Gool, Jos\u00e9 M. Mart\u00ednez]."}, "120": {"llama8b": "The Maximum Clique in this network is: [Felici\u00e1n N\u00e9meth, Nick McKeown, Stefan Schmid, Apoorv Shukla]."}, "121": {"llama8b": "[Thomas L. Ainsworth, Yoshio Yamaguchi, Motoki Masaka, Jong-Sen Lee, Sang-Eun Park]"}, "122": {"llama8b": "[Yang Xiao, Mario Gerla, Kamalrulnizam Abu Bakar, Samir Kant Sahu, Willy Susilo]."}, "123": {"llama8b": "[Lei Chen, Alexey Pryakhin, Andreas Z\u00fcfle, Yufei Tao, Johannes Niedermayer, John W. Byers, Ouri Wolfson]"}, "124": {"llama8b": "The maximum clique in this network is [Bart Selman, Lynne E. Parker, Armin Biere, Christian Bessiere, Juergen Schmidhuber, Ronan Le Bras]."}, "125": {"llama8b": "[Eric Horvitz, Gloria Mark, A. Sano, Wei Pan]."}, "126": {"llama8b": "The maximum clique in this network is [J. Vandewalle, Mohammad Niknazar, Christian Jutten]."}, "127": {"llama8b": "The Maximum Clique in this network is: [Kai Man Tsui, Takao Hinamoto, Hon Keung Kwan, Yong Ching Lim, Shing-Chow Chan]."}, "128": {"llama8b": "The maximum clique in this network is [Kim M. Hazelwood, Wuu Yang, Jason D. Hiser, Jack W. Davidson, Wei-Chung Hsu]."}, "129": {"llama8b": "[Ingrid Verbauwhede, Ahmad-Reza Sadeghi, Tim G\u00fcneysu, Thomas Feller, Sorin A. Huss, Thomas P\u00f6ppelmann, Tobias Oder, Sunil Malipatlolla, Ingo Stierand, Christoph Stiller, Christian Haubelt, Razvan Racu]."}, "130": {"llama8b": "The maximum clique in this network is: [Masato Tajima, Tatsuto Murayama, Robert Michael Tanner, J Daniel Costello, Koji Okino]."}, "131": {"llama8b": "The Maximum Clique in this network is [M\u00e1rcio Ribeiro, Marko Rosenm\u00fcller, Janet Feigenspan, J\u00f6rg Liebig]."}, "132": {"llama8b": "One Maximum Clique: [Wojciech Matusik, Leonard McMillan, C. Lawrence Zitnick, Daniel Scharstein, Richard Szeliski]."}, "133": {"llama8b": "[Shuichi Okamoto, Satoshi Sekiguchi, Hidemoto Nakada, Tomohiro Kudoh, Masahiko Jinno]."}, "134": {"llama8b": "One Maximum Clique: [Gad M. Landau, Yasuo Tabei, Hiroshi Sakamoto, Amihood Amir, Benjamin Sach]."}, "135": {"llama8b": "One Maximum Clique: [Hing-Cheung So, Wing-Kin Ma, Gang Wang, Tzu-Chen Lian, Kenneth Wing-Kin Lui]."}, "136": {"llama8b": "After analyzing the research collaborations between the authors, I found that the maximum clique in this network is:\n\n[Qing-Shan Jia, Xiaohong Guan, Han Zou, Lihua Xie, Hengtao Wang]\n\nThis clique consists of 5 authors, which is the maximum number of authors that can be part of a clique in this network."}, "137": {"llama8b": "One Maximum Clique: [Xuelong Li, Anil K. Jain, Arun Ross, Kevin W. Bowyer, Xiaogang Wang]."}, "138": {"llama8b": "The maximum clique in this network is [Deepak Agarwal, Anlei Dong, Pradheep Elango, Seung-Taek Park]."}, "139": {"llama8b": "The Maximum Clique in this network is: [Lawrence Carin, Yee Whye Teh, Zoubin Ghahramani, Wenzhao Lian, Matthew J. Beal]."}, "140": {"llama8b": "The maximum clique in this network is [Radu Prodan, Alexandru Iosup, Vlad Nae, Lukas K\u00f6pfle]."}, "141": {"llama8b": "The Maximum Clique in this network is [Miguel A. Vega-Rodr\u00edguez, Mehmet Kaya, Mar\u00eda Jos\u00e9 Gacto]."}, "142": {"llama8b": "The Maximum Clique in this network is: [Klaus Kabitzsch, Joern Ploennigs, M. Lehmann, Henrik Dibowski, Sandro Schulze]."}, "143": {"llama8b": "One Maximum Clique: [Tayssir Touili, Thomas A. Henzinger, Thomas W. Reps, Helmut Seidl, Ahmed Bouajjani, Akash Lal]."}, "144": {"llama8b": "The maximum clique in this network is [Virginie Van den Schrieck, Walter Willinger, Lixin Gao, Zhuoqing Morley Mao]."}, "145": {"llama8b": "One Maximum Clique: [Jian Sun, Janne Heikkil\u00e4, Vladimir Kolmogorov, Maja Pantic, Jan Flusser, Ville Ojansivu, Sheng-Jyh Wang, Takeo Kanade, Tsuhan Chen]."}, "146": {"llama8b": "The maximum clique in this network is [Bruno Bodin, Youen Lesparre, Paul H. J. Kelly]."}, "147": {"llama8b": "[Aggelos K. Katsaggelos, Konstantinos E. Parsopoulos, M. van der Schaar, James W. Modestino, Kenneth Rose, Michael J. Medley, Evangelos Papapetrou, Hyunggon Park, Yee Sin Chan, Elizabeth S. Bentley, Angeliki V. Katsenou, Katerina Pandremmenou]"}, "148": {"llama8b": "After analyzing the research collaborations between the authors, I found that the maximum clique has 4 authors: [Szymon Rusinkiewicz, Mark Pauly, Markus H. Gross, Leif Kobbelt]."}, "149": {"llama8b": "[Venkat Venkatasubramanian, Khashayar Khorasani, Surya N. Kavuri, Raghunathan Rengaswamy, Shai A. Arogeti]."}, "150": {"llama8b": "[Syed Ali Jafar, Viveck R. Cadambe, Mohammad Ali Maddah-Ali, Marc Torrellas, Akbar Ghasemi]."}, "151": {"llama8b": "One Maximum Clique: [Shawn Bowers, Carl Kesselman, Carole Goble, Ian T. Foster, Bertram Lud\u00e4scher, Daniel Zinn]."}, "152": {"llama8b": "[Takeo Igarashi, Scott E. Hudson, Scott R. Klemmer, James Fogarty, A. Schmidt, Leith Abdulla]"}, "153": {"llama8b": "The Maximum Clique in this network is [Dragi Kocev, Hendrik Blockeel, Yiming Yang, John F. Elder]."}, "154": {"llama8b": "The Maximum Clique in this network is: [Behnam Malakooti, Camelia Al-Najjar, Brian J. Barritt, Shaya Sheikh, Vishnu Raman]."}, "155": {"llama8b": "The maximum clique in this network is [M. Frans Kaashoek, Michael J. Franklin, Hari Balakrishnan, Liz Ribe-Baumann]."}, "156": {"llama8b": "[Marsette Vona, Hod Lipson, Mark Yim, David Johan Christensen, Daniela Rus]."}, "157": {"llama8b": "[Francesco Ricci, Enhong Chen, An Te Nguyen, Marino Segnan]."}, "158": {"llama8b": "The maximum clique in this network is: [Christophe Diot, Michalis Faloutsos, Jennifer Rexford, Srikanth V. Krishnamurthy]."}, "159": {"llama8b": "The maximum clique in this network is [Marjo Kauppinen, Sari Kujala, Mikko Raatikainen, Kari Smolander]."}, "160": {"llama8b": "The Maximum Clique in this network is: [Jason Owen Day, Christopher W. O'Dell, Carol J. Bruegge]."}, "161": {"llama8b": "The Maximum Clique in this network is: [Mirko Wachter, Eren Erdal Aksoy, Alexey Abramov, Florentin W\u00f6rg\u00f6tter, Carme Torras, Babette Dellen, Guillem Aleny\u00e0]."}, "162": {"llama8b": "One Maximum Clique: [Paul D. Amer, Martin Becke, Hongke Zhang, Victor C. M. Leung, Jon Crowcroft, Sachin Katti]."}, "163": {"llama8b": "The maximum clique in this network is [Min Zhang, John Shawe-Taylor, Chris Watkins, Guodong Zhou, Ting Liu]."}, "164": {"llama8b": "[A Defeng Sun, Jie Sun, Liqun Qi, Liwei Zhang, Kok Lay Teo]."}, "165": {"llama8b": "The Maximum Clique in this network is: [Pheng-Ann Heng, Jing Qin, Hao Chen, Vincent Mok]."}, "166": {"llama8b": "The clique with the maximum number of authors in this network is [Jiawei Han, Wei Wang, Philip S. Yu, Wen-Chih Peng]."}, "167": {"llama8b": "The clique with the maximum number of authors in this network is [Jamie Shotton]."}, "168": {"llama8b": "[Leandro S. G. de Carvalho, Edjair Mota, Regeane Aguiar, Emmanuel C. Ifeachor]."}, "169": {"llama8b": "[David Martin, Steffen Staab, Amit P. Sheth, John A. Miller, Kunal Verma, Liangzhao Zeng, An Liu, Walid Gaaloul, Val\u00e9rie Issarny, Mark Lycett]"}, "170": {"llama8b": "[No clique found in the given network. The network is too small to form a clique with more than one author.]"}, "171": {"llama8b": "The Maximum Clique in this network is: [Patrick Girard, Laung-Terng Wang, Santiago Remersaro, Kewal K. Saluja]."}, "172": {"llama8b": "[Fr\u00e9do Durand, Hanspeter Pfister, Clemens Arth, Tinne Tuytelaars, Yingen Xiong, Erich Bruns, Vijay Chandrasekhar, Gabriel Takacs, Sam S. Tsai, Dani Lischinski, Wei-Chao Chen]."}, "173": {"llama8b": "One Maximum Clique: [Bill Triggs, Tinne Tuytelaars, Rob Fergus, James J. Little, Navneet Dalal]."}, "174": {"llama8b": "[Lei Guo, Shiqiang Zheng, Bangcheng Han, Cong Peng, Yuan Ren, Yun Le]."}, "175": {"llama8b": "One Maximum Clique: [Romain Couillet, Robert Schober, Iain B. Collings, Stephen V. Hanly, Esa Ollila]."}, "176": {"llama8b": "[Nicol\u00e1s Mar\u00edn, J. M. Serrano, Miguel Delgado, Daniel S\u00e1nchez, Jos\u00e9-Mar\u00eda Serrano, M. A. Vila, Clement Atzberger, Andrew K. Skidmore]."}, "177": {"llama8b": "[Paul E. Debevec, Ravi Ramamoorthi, Fabio Pellacini, Shr-Ching Weng]."}, "178": {"llama8b": "One Maximum Clique: [Neal Parikh, Brendan O'Donoghue, Emmanuel J. Cand\u00e8s, Renliang Gu, Wotao Yin]."}, "179": {"llama8b": "[Dan Chen, Samee Ullah Khan, Yong Zhao, Lizhe Wang, Rajiv Ranjan, Athanasios V. Vasilakos, Kim-Kwang Raymond Choo, Jeffrey S. Chase, Jinrong Jiang, Qinghuai Liu]"}, "180": {"llama8b": "The Maximum Clique in this network is [Kevin A. Kwiat, Michael Iannelli, Kaliappa Ravindran, Mohammad Rabby]."}, "181": {"llama8b": "One Maximum Clique: [Hrishikesh B. Acharya, Alex X. Liu, Mohamed G. Gouda]."}, "182": {"llama8b": "The maximum clique in this network is [Isabelle Guyon, Guilin Chen, Lars Wehmeyer, Doosan Cho]."}, "183": {"llama8b": "After analyzing the research collaborations between the authors, I found that the maximum clique in this network is:\n\n[Nicholas D. Lane, Dennis Persson, Chau Yuen, Khaled Ben Letaief, Mohamed-Slim Alouini]\n\nThis clique consists of 5 authors, which is the maximum number of authors that can be part of a clique in this network."}, "184": {"llama8b": "The Maximum Clique in this network is: [Fan Min, Ju-Sheng Mi, William Zhu, Wei-Zhi Wu, Bin Yang]."}, "185": {"llama8b": "The Maximum Clique in this network is [Jacinto G. Dacosta, Arturo J. M\u00e9ndez, Mar\u00eda J. Lado, Emilio Garc\u00eda Rosell\u00f3]."}, "186": {"llama8b": "The Maximum Clique in this network is [Dervis Karaboga, Manuel Lozano, Mina Husseinzadeh Kashan]."}, "187": {"llama8b": "[Christoph Trattner, Tobias Ley, Markus Strohmaier, Denis Helic, Ido Guy]."}, "188": {"llama8b": "One Maximum Clique: [Pierre L'Ecuyer, Gianluca Setti, Henry Horng-Shing Lu, Lih-Yuan Deng, Richard J. Simard]."}, "189": {"llama8b": "[Donna Byron, Heike Zinsmeister, Iida Ryu, Nina Dethlefs]."}, "190": {"llama8b": "One Maximum Clique: [Gaurav Somani, Mauro Conti, Dheeraj Sanghi, Manoj Singh Gaur]."}, "191": {"llama8b": "[Jon Timmis, Marco Dorigo, Anders Lyhne Christensen, Stefano Nolfi, Alexandre Campo]."}, "192": {"llama8b": "The maximum clique in this network is [Luis Joyanes Aguilar, Stefania Tosi, Michele Colajanni, Willy Zwaenepoel, Riccardo Lancellotti]."}, "193": {"llama8b": "The Maximum Clique in this network is: [Leszek Szczecinski, Shlomo Shamai, Alex Alvarado, Rodolfo Feick, Md. Jahangir Hossain]."}, "194": {"llama8b": "The Maximum Clique in this network is: [Baodong Qin, Shafi Goldwasser, Dan Boneh, Rafail Ostrovsky]."}, "195": {"llama8b": "One Maximum Clique: [Reinhard Guthke, Michael Hecker, J\u00f6rg Linde, Francisco G\u00f3mez-Vela, Norberto D\u00edaz-D\u00edaz]."}, "196": {"llama8b": "The Maximum Clique in this network is [Ba-Tuong Vo, Ba-Ngu Vo, Volkan Kilic, Iain A. McCowan]."}, "197": {"llama8b": "After analyzing the research collaborations between the authors, I found that the clique with the maximum number of authors is:\n\n[Wei Ren, Wei Wang, Guanrong Chen, Wenwu Yu]\n\nThis clique consists of 4 authors, which is the maximum number of authors that can be part of a clique in this network."}, "198": {"llama8b": "[Samuel Kaski, Alexandre Gramfort, Srikantan S. Nagarajan, Lauri Parkkonen, Robert Oostenveld]"}, "199": {"llama8b": "[Peter Van Hese, Jorge Oswaldo Ni\u00f1o-Casta\u00f1eda, Mohamed Y. Eldib, Xingzhe Xie]."}, "200": {"llama8b": "One Maximum Clique: [Xiapu Luo, Mina Guirguis, Edmond W. W. Chan, Yajuan Tang]."}, "201": {"llama8b": "One Maximum Clique: [Sarah Beecham, Ritu Agarwal, Helen Sharp, Hugh Robinson]."}, "202": {"llama8b": "The Maximum Clique in this network is: [Frank Kr\u00fcger, Thomas Kirste, Bodo Urban, Sebastian Bader]."}, "203": {"llama8b": "The Maximum Clique in this network is: [Shunlin Liang, Fr\u00e9d\u00e9ric Baret, Robert B. Cook, Ranga B. Myneni, Zhiqiang Xiao, M. Meroni]."}, "204": {"llama8b": "[Chris Dyer, Jianpeng Cheng, Quoc V. Le, Eric H. Huang, Yoshua Bengio]."}, "205": {"llama8b": "The maximum clique in this network is [Charles Wallace, Kelly S. Steelman, Shreya Kumar, Yuri Gurevich, Wolfram Schulte]."}, "206": {"llama8b": "The Maximum Clique in this network is [Volkan Rodoplu, Jian Zhen, Min Kyoung Park, Wei Tang]."}, "207": {"llama8b": "One Maximum Clique: [Haifa Raja Maamar, Azzedine Boukerche, J\u00e9r\u00f4me Royan, Antonio Alfredo Ferreira Loureiro, P. Wang]."}, "208": {"llama8b": "The Maximum Clique in this network is [Yang Yang, Gautam Biswas, Geoffrey E. Hinton]."}, "209": {"llama8b": "The maximum clique in this network is: [Bernhard E. Riecke, Robert W. Lindeman, Alan Chalmers, Roy A. Ruddle, Hh B\u00fclthoff]."}, "210": {"llama8b": "[Thomas Lengauer, Niko Beerenwinkel, Rafael Bello, Koen Vanhoof, Gonzalo N\u00e1poles, Elpiniki I. Papageorgiou, Maikel Leoon, Luiz Antonio Nogueira Lorena]."}, "211": {"llama8b": "For the given network, the Maximum Clique is: [Andrew P. Harrison, Pierre Ledoux, Graham J. G. Upton, William B. Langdon]."}, "212": {"llama8b": "The Maximum Clique in this network is: [Lingjia Tang, Chandrakant D. Patel, Anand Sivasubramaniam]."}, "213": {"llama8b": "One Maximum Clique: [Pierpaolo D'Urso, Witold Pedrycz, Elizabeth Ann Maharaj, Pierpaolo D'Urso]."}, "214": {"llama8b": "The Maximum Clique in this network is [Dennis Gannon, Beth Plale, Lavanya Ramakrishnan, Daniel A. Reed]."}, "215": {"llama8b": "The Maximum Clique in this network is: [Wang Liu, Tian Wang, Arun Somasundara, Weijia Jia]."}, "216": {"llama8b": "After analyzing the given network, I found that the maximum clique has 6 authors: [J\u00f6rg Rahnenf\u00fchrer, Thomas Lengauer, Niko Beerenwinkel, Russell Schwartz, Stanley E. Shackney, Alejandro A. Sch\u00e4ffer]."}, "217": {"llama8b": "One Maximum Clique: [Colin J. Fidge, Karl Lermer, Ian J. Hayes, Raymond Lister, Minseok Song]."}, "218": {"llama8b": "[Andrew W. Senior, Yun Zhai, Jonathan H. Connell, Yingli Tian, Arun Hampapur]."}, "219": {"llama8b": "[Dieudonn\u00e9 Tchuente, Marie-Fran\u00e7oise Canut, Nadine Jessel, C. Marie-Fran\u00e7oise Canut, Fr\u00e9d\u00e9ric Amblard, David Carmel, Susan Gauch, Ikram Amous, Andr\u00e9 P\u00e9ninou, Remy Cazabet, Aravind Chandramouli, Florence S\u00e8des]"}, "220": {"llama8b": "The Maximum Clique in this network is: [Marcela Genero, Barbara Weber, Mario Piattini, Barbara Kitchenham, Magne J\u00f8rgensen]."}, "221": {"llama8b": "The maximum clique in this network is [Henning Bruhn, Reinhard Diestel, Maya Stein, Daniela K\u00fchn]."}, "222": {"llama8b": "[Edurne Barrenechea, Eyke H\u00fcllermeier, Humberto Bustince, Xing-Gang Luo]."}, "223": {"llama8b": "The maximum clique in this network is [Kris Luyten, Marijke Vandermaesen, Karin Coninx, Tom De Weyer]."}, "224": {"llama8b": "[Ignasi Corbella, Jordi Font, Nuria Duffo, Francesc Torres, Adriano Camps, Philippe Waldteufel, Yann H. Kerr, Eric Anterrieu]"}, "225": {"llama8b": "[Arnaud Kerhornou, Daniel M. Staines, Uma Maheswari, Ken Youens-Clark, Silvano Squizzato]"}, "226": {"llama8b": "The Maximum Clique in this network is [Dongsheng Guo, Jun Wang, Yunong Zhang]."}, "227": {"llama8b": "The clique with the maximum number of authors in this network is: [Issel Anne L Lim, Xin Li, Martin A. Lindquist]."}, "228": {"llama8b": "The Maximum Clique in this network is: [Zeljko Zilic, Kees Goossens, Masahiro Fujita, Bart Vermeulen]."}, "229": {"llama8b": "The Maximum Clique in this network is: [Narcis Pares, Amaia Herv\u00e1s, Judith Good, Christopher Frauenberger, Alyssa Alcorn]."}, "230": {"llama8b": "The maximum clique in this network is [Carlos Hoppen, Yoshiharu Kohayakawa, L\u00e1szl\u00f3 Lov\u00e1sz, Oleg Pikhurko, Daniel Kr\u00e1l]."}, "231": {"llama8b": "[Haralampos-G. D. Stratigopoulos, Abhijit Chatterjee, Degang Chen, Michel Renovell, Shreyas Sen, Sule Ozev, Yiorgos Makris, Salvador Mir]."}, "232": {"llama8b": "The maximum clique in this network is [Jussi Koskinen, Tero Tilus, Henna Sivula, Jarmo J. Ahonen, Jussi Koskinen]."}, "233": {"llama8b": "[Abdelhakim Hafid, Hongkun Li]"}, "234": {"llama8b": "One Maximum Clique: [Pedro F. Felzenszwalb, Krystian Mikolajczyk, Visvanathan Ramesh, Ming-Hsuan Yang, Dorin Comaniciu]."}, "235": {"llama8b": "The Maximum Clique in this network is [Annegret Katrin Wagler, Paolo Ventura, Claudio Gentile]."}, "236": {"llama8b": "The maximum clique in this network is [Mark Harman, Nachiappan Nagappan, Philip J. Guo, Robert C. Miller, Tien N. Nguyen]."}, "237": {"llama8b": "[Michal Pluhacek, Ville Tirronen, Roman Senkerik, Uday K. Chakraborty, Ivan Zelinka]."}, "238": {"llama8b": "The maximum clique in this network is: [Ahmad A. Al-Yamani, Subhasish Mitra, Nilanjan Mukherjee]."}, "239": {"llama8b": "The clique with the maximum number of authors in this network is [Tet Hin Yeap, Per \u00d6dling, Thomas Magesacher]."}, "240": {"llama8b": "The maximum clique in this network is [Wenfei Fan, Samuel Madden, Giuseppe Polese, Gerome Miklau, Florian Waas]."}, "241": {"llama8b": "The Maximum Clique in this network is [Shu Lu, Stephen M. Robinson, Adam B. Levy, Adrian S. Lewis]."}, "242": {"llama8b": "The maximum clique in this network is [Mark Handley, Scott Shenker, Kazuyuki Shudo]."}, "243": {"llama8b": "The Maximum Clique in this network is: [Elliot Moore, Stefan Scherer, Roland Goecke, Margaret Lech, Nicholas B. Allen]."}, "244": {"llama8b": "After analyzing the research collaborations between the authors, I found that the maximum clique has 4 authors: [Carl Kesselman, Ian T. Foster, Kyle Chard, Ioan Raicu]."}, "245": {"llama8b": "The clique with the maximum number of authors in this network is: [Shaoli Liu, Yoshua Bengio, Dan C. Ciresan]."}, "246": {"llama8b": "The Maximum Clique in this network is [Jianghua Jiang, Yacine Challal, Abdelmadjid Bouabdallah]."}, "247": {"llama8b": "After analyzing the research collaborations between the authors, I found that the maximum clique has 5 authors: [Marcus Barkowsky, Alan C. Bovik, Zhou Wang, Heiko Schwarz, Lucjan Janowski]."}, "248": {"llama8b": "[Viswanath Venkatesh, David Gefen, Soussan Djamasbi, D. Harrison McKnight, Dennis F. Galletta, Izak Benbasat, Adrienne Hall-Phillips, William Remus]"}, "249": {"llama8b": "One Maximum Clique: [Theodora A. Varvarigou, Tommaso Cucinotta, Alain Tchana, HeonChang Yu, Angelos Yannopoulos]."}, "250": {"llama8b": "The Maximum Clique in this network is: [Ponnuthurai N. Suganthan, Quan-Ke Pan, Sergio Damas, Peigen Li, Camino R. Vela]."}, "251": {"llama8b": "[Emilio Delgado L\u00f3pez-C\u00f3zar, Judit Bar-Ilan, Lutz Bornmann, Enrique Ordu\u00f1a-Malea]."}, "252": {"llama8b": "The maximum clique in this network is [Steven Tuecke, Carl Kesselman, Ewa Deelman, Ian T. Foster]."}, "253": {"llama8b": "The Maximum Clique in this network is [Lan-Rong Dung, Chok-Kwan Cheung, Lai-Man Po]."}, "254": {"llama8b": "One Maximum Clique: [Xianlong Hong, Yici Cai, Sachin S. Sapatnekar, Stephen T. Quay, David Z. Pan, Jingyu Xu]."}, "255": {"llama8b": "The Maximum Clique in this network is: [S. Manjunath, B. S. Harish, Anil K. Jain, Andrew Zisserman, D. S. Guru]."}, "256": {"llama8b": "The Maximum Clique in this network is [Isabel F. Cruz, Irini Fundulaki, Huiyong Xiao, Alon Y. Halevy, Leo Sauermann]."}, "257": {"llama8b": "[Stanley Osher, Guangming Shi, Weisheng Dong, Michael Elad]."}, "258": {"llama8b": "The maximum clique in this network is [Naomi Fujimura, Eisuke Ito, Yoshiaki Kasahara]."}, "259": {"llama8b": "The maximum clique in this network is [Henrik Bj\u00f6rklund, Uri Zwick, Endre Boros, Sergei Vorobyov]."}, "260": {"llama8b": "[Alan C. Evans, Najmeh Khalili-Mahani, Nicolas Kassis, Tristan Glatard, Samir Das]."}, "261": {"llama8b": "The maximum clique in this network is [Madilyn Fletcher, Jonas S. Almeida, Susana Vinga]."}, "262": {"llama8b": "[Jun-Heng Yeh, Wen-Yuan Liao, Shashidhar G. Koolagudi, Tsang-Long Pao]."}, "263": {"llama8b": "[Kheng Lee Koay, Kerstin Dautenhahn, Maja J. Matari\u0107, Hiroshi Ishiguro, Ben Robins, Dag Sverre Syrdal]"}, "264": {"llama8b": "The Maximum Clique in this network is [Hermann Ney, Jian-Cheng Wu, Jason S. Chang]."}, "265": {"llama8b": "The clique with the maximum number of authors in this network is [Samuel Williams, Leonid Oliker, Wen Jun Tan, Katherine A. Yelick]."}, "266": {"llama8b": "The Maximum Clique in this network is [Gustavo Camps-Valls, Jaime Gutierrez 0004, Francesc J. Ferri]."}, "267": {"llama8b": "[Devavrat Shah, Hillol Kargupta, Kanishka Bhaduri, Scott Shenker, Robert Morris, Ion Stoica]."}, "268": {"llama8b": "The Maximum Clique in this network is [Feng Chen, Deng Liu, Lingyu Liang, Xiaodong Zhang]."}, "269": {"llama8b": "The Maximum Clique in this network is: [Peyman Pouyan, Pradip Bose, Esteve Amat]."}, "270": {"llama8b": "The Maximum Clique in this network is [Marco Tomassini, Xin Yao, Leonardo Vanneschi, Javier P\u00e9rez Iglesias, David Icl\u0103nzan]."}, "271": {"llama8b": "The clique with the maximum number of authors in this network is [Ad Aertsen, Abigail Morrison, Markus Diesmann, Anthony N. Burkitt, Carsten H. Wolters]."}, "272": {"llama8b": "One Maximum Clique: [Dah-Jye Lee, Eduardo Ros, Carlos Cuadrado, Brent E. Nelson, Zhaoyi Wei]."}, "273": {"llama8b": "The Maximum Clique in this network is [J\u00e9r\u00f4me Picault, Klaus David, Olaf Droegehorn, Michael Sutterer]."}, "274": {"llama8b": "The Maximum Clique in this network is: [Diane J. Cook, John A. Stankovic, David Wetherall, Srikanth V. Krishnamurthy]."}, "275": {"llama8b": "[Steve G. Probets, Ludo Waltman, Lutz Bornmann, Charles Oppenheim, Elizabeth Gadd, Giovanni Abramo, Ciriaco Andrea D'Angelo, Ronald Rousseau]."}, "276": {"llama8b": "The Maximum Clique in this network is: [Erjia Yan, Tehmina Amjad, Juanzi Li, Ali Daud, Ying Ding]."}, "277": {"llama8b": "One Maximum Clique: [K.J.R. Liu, Jeffrey G. Andrews, Victor C. M. Leung, Athanasios V. Vasilakos, Haijun Zhang, Chunxiao Jiang]."}, "278": {"llama8b": "The Maximum Clique in this network is [Sven Casteleyn, Alexander Knapp, Geert-Jan Houben]."}, "279": {"llama8b": "The maximum clique in this network is [Mitsuharu Morisawa, H. Martinez-Barbera, Fumio Kanehiro, Kenji Kaneko]."}, "280": {"llama8b": "The maximum clique in this network is [Gregg Rothermel, Myra B. Cohen, Eitan Farchi, D.R. Kuhn]."}, "281": {"llama8b": "One Maximum Clique: [Sinan Erten, Donna Maglott, Kim D. Pruitt, Tatiana Tatusova, James Ostell]."}, "282": {"llama8b": "The maximum clique in this network is [Lemuria Carter, Umar Ruhi, Yi Liu, Pascale Fung, Katia P. Sycara]."}, "283": {"llama8b": "The Maximum Clique in this network is: [Christopher Mears, Tom Kelsey, Ian Miguel, Toby Walsh]."}, "284": {"llama8b": "One Maximum Clique: [Vincent van der Leest, Erik van der Sluis, Jorge Guajardo, Sandeep S. Kumar, Geert Jan Schrijen, Pim Tuyls, Georg Sigl]."}, "285": {"llama8b": "The Maximum Clique in this network is: [Fabian Glaser, Eric Martz, Nir Ben-Tal, Tal Pupko]."}, "286": {"llama8b": "[Daniel J. Crichton, Chris A. Mattmann, Nenad Medvidovic, Paul M. Ramirez, Cameron Goodale, Andrew F. Hart]."}, "287": {"llama8b": "[Roberto Navigli, Paola Velardi, Christian Bizer, S\u00f6ren Auer, Christopher D. Manning, Stephen Soderland, Amal Zouaq]"}, "288": {"llama8b": "The Maximum Clique in this network is [Jure Leskovec, Shlomo Havlin, M. E. J. Newman]."}, "289": {"llama8b": "[Artiom Alhazov, Gheorghe Paun, J\u00fcrgen Dassow, Jos\u00e9 M. Sempere, Victor Mitrana, Yurii Rogozhin, Erzs\u00e9bet Csuhaj-Varj\u00fa, Carlos Mart\u00edn-Vide]"}, "290": {"llama8b": "The Maximum Clique in this network is: [Fran\u00e7ois Bry, Sebastian Schaffert, Jos\u00e9 J\u00falio Alferes, Rudi Studer, Mar\u00eda Alpuente]."}, "291": {"llama8b": "One Maximum Clique: [Tapan S. Parikh, Indrani Medhi-Thies, Indrani Medhi, Kentaro Toyama, Edward Cutrell]."}, "292": {"llama8b": "After analyzing the given network, I found that the maximum clique has 4 authors: [Coert Metz, Michiel Schaap, Wiro J. Niessen, T. van Walsum]."}, "293": {"llama8b": "[Annie Desbrosse, Agn\u00e8s B\u00e9gu\u00e9, Elodie Vintrou, Ursula Gessner, Claudia Kuenzer]."}, "294": {"llama8b": "The clique with the maximum number of authors in this network is [Michel Gevers, Maria P. Tzamtzi, Gabriel Solari, Fotis N. Koumboulis]."}, "295": {"llama8b": "The Maximum Clique in this network is [Albert Bifet, Giacomo Boracchi, Leandro L. Minku]."}, "296": {"llama8b": "[Patrick J. Flynn, Liming Chen, Daniel Riccio, Mohammed Bennamoun, Gabriele Sabatino, Michele Nappi, Filareti Tsalakanidou]."}, "297": {"llama8b": "One Maximum Clique: [Miguel L. Bote-Lorenzo, Carlos Alario-Hoyos, Davinia Hern\u00e1ndez-Leo, Adolfo Ruiz-Calleja]."}, "298": {"llama8b": "[Andy Crabtree, Frank Vetere, Wendy E. Mackay, Richard Harper, Hanif Baharin]."}, "299": {"llama8b": "[Andreas Prli\u0107, J. Lynn Fink, Philip E. Bourne, Dimitris Dimitropoulos, Peter W. Rose, Rolf Apweiler, Rodrigo Lopez, Kelly Hanson, Jianjun Hu, Fasheng Zhang]."}, "300": {"llama8b": "One Maximum Clique: [Jean-Claude Paul, Jian Sun, Hui Zhang, Kun Zhou]."}, "301": {"llama8b": "One Maximum Clique: [Nitin H. Vaidya, Douglas J. Leith, Albert Banchs, Robert Morris]."}, "302": {"llama8b": "The Maximum Clique in this network is: [Ali H. Sayed, Jingen Ni, Sara Tressens, Lajos Hanzo, Yu Fang Jin, Allen Y. Yang, Julien Mairal, Zhi Quan]."}, "303": {"llama8b": "The clique with the maximum number of authors in this network is: [Keitarou Ishikawa, Kentaro Kojima, Takehiro Inohara, Masahito Kitamura]."}, "304": {"llama8b": "[Laurent Itti, Veronica Sundstedt, Efstathios Stavrakis, George Alex Koulieris]."}, "305": {"llama8b": "The maximum clique in this network is [Zygmunt J. Haas, Jens-Peter Redlich, Rimon Barr, Myong Soon Park, Sayed Chhattan Shah]."}, "306": {"llama8b": "The Maximum Clique in this network is [Huaping Liu, Fuchun Sun, Yonina C. Eldar, Sung-Kwun Oh, Gang Hua]."}, "307": {"llama8b": "The Maximum Clique in this network is: [Wai Sun Don, Yufeng Shi, Bruno Costa]."}, "308": {"llama8b": "[Changhua He, Vallipuram Muthukkumarasamy, Elankayer Sithirasenan, Sultan Alneyadi]."}, "309": {"llama8b": "One Maximum Clique: [Shuvra S. Bhattacharyya, Micka\u00ebl Raulet, Marco Mattavelli, Timo D. H\u00e4m\u00e4l\u00e4inen, Thomas Wiegand]."}, "310": {"llama8b": "The maximum clique in this network is [Patrick J. Flynn, Kang Ryoung Park, Peter Corcoran, Alexander Zelinsky, Young Kyoon Jang]."}, "311": {"llama8b": "The Maximum Clique in this network is [Przemys\u0142aw Gordinowicz, Pawe\u0142 Pra\u0142at, Anthony Bonato, Margaret-Ellen Messinger]."}, "312": {"llama8b": "[Paolo Costantini, Carla Manni, Alessandra Sestini, Hendrik Speleers, Bert J\u00fcttler, Francesca Pelosi, Marjeta Krajnc, M. Lucia Sampoli, Tim N. T. Goodman, Dongming Wang]."}, "313": {"llama8b": "[Petre Stoica, Yonina C. Eldar, Bhaskar D. Rao, Terence Tao, Jong Min Kim]."}, "314": {"llama8b": "The maximum clique in this network is [Julius Ziegler, Sebastian Thrun, Andreas Lawitzky, Moritz Werling]."}, "315": {"llama8b": "[Shengxiang Yang, Changhe Li, Mohammad Reza Meybodi, Andries Petrus Engelbrecht, Lili Liu, Xiaodong Li, Dingwei Wang, Tim Blackwell]."}, "316": {"llama8b": "The maximum clique in this network is [Stefan Wermter, Xavier Hinaut, Maxime Petit, Peter Ford Dominey]."}, "317": {"llama8b": "The Maximum Clique in this network is: [Alberto Sanfeliu, Horst Bunke, Chrystopher L. Nehaniv, Rachid Alami]."}, "318": {"llama8b": "The maximum clique in this network is [Mustaque Ahamad, Ernesto Damiani, Manos Antonakakis, Saverio Niccolini]."}, "319": {"llama8b": "The Maximum Clique in this network is: [Christopher Kruegel, Vern Paxson, Giovanni Vigna, Eric Dingle]."}, "320": {"llama8b": "After analyzing the network, I found that the Maximum Clique is: [Barbara I. Wohlmuth, Carsten Carstensen, Yves Renard, Patrick Hild, S. H\u00fceber]."}, "321": {"llama8b": "The Maximum Clique in this network is [Valeriy Vyatkin, Gulnara Zhabelova, Chen-Wei Yang]."}, "322": {"llama8b": "[Paolo Bouquet, Jie Bao, Chiara Ghidini, Andrea Molinari, Surender Reddy Yerva]."}, "323": {"llama8b": "The maximum clique in this network is [Hans S\u00f8ndergaard, Andy J. Wellings, Ana Cavalcanti, Daniel Tang]."}, "324": {"llama8b": "The maximum clique in this network is [Samuel Huron, Brygg Ullmer, Robert J. K. Jacob]."}, "325": {"llama8b": "[Juan Luis Esteban, Christian Gla\u00dfer, Nicola Galesi, Alan L. Selman, Liyu Zhang, Jakob Nordstr\u00f6m, Jochen Messner, Olaf Beyersdorff]"}, "326": {"llama8b": "After analyzing the research collaborations between the authors, I found that the maximum clique in the network is:\n\n[Alok Sharma, Wies\u0141aw Chmielnicki, Kuldip Kumar Paliwal, James Lyons, Abdollah Dehzangi, Tuo Zhang, Yuedong Yang]\n\nThis clique consists of 7 authors, which is the maximum number of authors that can be part of a clique in this network."}, "327": {"llama8b": "The Maximum Clique in this network is: [Axel Neumann, Ester Lopez, Pau Escrich, Felix Freitag, Leandro Navarro]."}, "328": {"llama8b": "The Maximum Clique in this network is [Olivier Finkel, Sasha Rubin, Dominique Lecomte, Filip Murlak, Jean-Pierre Ressayre]."}, "329": {"llama8b": "[Anand Sivasubramaniam, Andreas Weissel, Bhuvan Urgaonkar, Alper Buyuktosunoglu, Di Wang, Xiao Qin, Yuanyuan Zhou]"}, "330": {"llama8b": "The Maximum Clique in this network is: [Gang Deng, Lixia Zhang, Songwu Lu, Chuanxiong Guo, Srikanth Kandula]."}, "331": {"llama8b": "The Maximum Clique in this network is [Sean Donovan, Anja Feldmann, Scott Shenker, Nick McKeown]."}, "332": {"llama8b": "The Maximum Clique in this network is: [Wesley P. Chan, R\u00fcdiger Dillmann, Siddhartha S. Srinivasa, Michael Beetz, Stefano Caselli]."}, "333": {"llama8b": "[Markus H. Gross, Hans-Peter Seidel, R\u00fcdiger Westermann, Hans-Christian Hege, Philipp Slusallek, Marc Stamminger, Ronald Fedkiw, Byeong-Seok Shin, Thomas Knott, Mark Gahegan]."}, "334": {"llama8b": "One Maximum Clique: [Dorothy E. Leidner, Viswanath Venkatesh, Lorne Olfman, Kwok Kee Wei, Murali Raman]."}, "335": {"llama8b": "The Maximum Clique in this network is [Ying-Ke Lei, De-Shuang Huang, Xiao-Fei Zhang, Marija Rasajski]."}, "336": {"llama8b": "After analyzing the research collaborations between the authors, I found that the maximum clique has 4 authors: [Cordelia Schmid, Yu Qiao, Xiaoou Tang, Luc J. Van Gool]."}, "337": {"llama8b": "The Maximum Clique in this network is: [Ulrike Golas, Fernando Orejas, Leen Lambers, Annegret Habel, Stephen Lack]."}, "338": {"llama8b": "The maximum clique in this network is: [Roberto Amadini, Jacopo Mauro, Holger H. Hoos, Kevin Leyton-Brown, Lars Kotthoff]."}, "339": {"llama8b": "The clique with the maximum number of authors in this network is: [Christof Paar, Marine Minier, Gregor Leander, Andrey Bogdanov]."}, "340": {"llama8b": "The clique with the maximum number of authors in this network is: [Michael J. Mendenhall, Robert F. Mills, Saeed Ur Rehman, Kevin W. Sowerby]."}, "341": {"llama8b": "One Maximum Clique: [David E. Culler, Srikrishna Iyer, Patrick Schaumont]."}, "342": {"llama8b": "The maximum clique in this network is [Dogan Ulus, Sebastian Steinhorst, Alper Sen, Oded Maler, Lars Hedrich]."}, "343": {"llama8b": "One Maximum Clique: [Y. Watanabe, Hiroyuki Okamura, Tadashi Dohi, Daniel D. Gajski, Alex Kondratyev]."}, "344": {"llama8b": "The maximum clique in this network is [Rachid Guerraoui, Christian Cachin, Edmund L. Wong, Alysson Neves Bessani]."}, "345": {"llama8b": "One Maximum Clique: [Lucian Ilie, Mathieu Giraud, Shunsuke Inenaga, Hideo Bannai]."}, "346": {"llama8b": "[Sebastian Thrun, Alessandro Saffiotti, Roland Siegwart, Luca Iocchi, Antonio Sgorbissa, Renato Zaccaria]"}, "347": {"llama8b": "The maximum clique in this network is [P. Dhavachelvan, Sylvain Dahan, M. Shanmugam]."}, "348": {"llama8b": "The Maximum Clique in this network is: [Brian Zill, Jitendra Padhye, Graham Sexton, Nauman Aslam, Douglas S. J. De Couto]."}, "349": {"llama8b": "One Maximum Clique: [Eric Gaussier, Joo Hwee Lim, Tie-Yan Liu, Yoram Singer]."}, "350": {"llama8b": "[Daniel Kroening, Bernd Fischer, Raimundo S. Barreto, Paulo Romero Martins Maciel, Lothar Thiele]."}, "351": {"llama8b": "One Maximum Clique: [Richard J. Davidson, Stacey M. Schaefer, James C. Gee, Brian B. Avants, Michael I. Miller]."}, "352": {"llama8b": "The Maximum Clique in this network is: [Man Zhang, Grover S. Kearns, Albert L. Lederer, Jussi Vanhatalo, Louis Raymond, Fran\u00e7ois Bergeron, Jana Koehler, Detmar W. Straub]."}, "353": {"llama8b": "One Maximum Clique: [R. P. Maheshwari, Subrahmanyam Murala, Matti Pietik\u00e4inen, Topi M\u00e4enp\u00e4\u00e4]."}, "354": {"llama8b": "One Maximum Clique: [Carsten W. Scherer, Tomomichi Hagiwara, Patrizio Colaneri, Yohei Hosoe, Denis Arzelier]."}, "355": {"llama8b": "One Maximum Clique: [Holger Conzelmann, William S. Hlavacek, Michael L. Blinov, Ernst Dieter Gilles]."}, "356": {"llama8b": "[Naehyuck Chang, Y. Charlie Hu, Hojung Cha, Rhan Ha, Massoud Pedram]"}, "357": {"llama8b": "[Michal Irani, Yaron Caspi, Richard Szeliski]."}, "358": {"llama8b": "After analyzing the research collaborations between the authors, I found that the maximum clique in this network is: [Hannes H\u00f6gni Vilhj\u00e1lmsson, Timothy W. Bickmore, Justine Cassell, Ha Trinh]."}, "359": {"llama8b": "[Laurent Mathy, Mihai Dobrescu, Hakim Weatherspoon, Norbert Egi, Felipe Huici, Allan D. Knies]"}, "360": {"llama8b": "The Maximum Clique in this network is [Anisoara Nica, Samuel Madden, Daniel Scott Brotherston]."}, "361": {"llama8b": "The maximum clique in this network is [Jie Cheng, Qinhuo Liu, Jos\u00e9 A. Sobrino, Shuhe Zhao]."}, "362": {"llama8b": "One Maximum Clique: [Liran Carmel, Yehuda Koren, David Harel, Ulrik Brandes, Luis Gustavo Nonato]."}, "363": {"llama8b": "The Maximum Clique in this network is: [Imran Memon, Ling Chen, Elisa Bertino, Salem Nasri, Abir Mchergui]."}, "364": {"llama8b": "The Maximum Clique in this network is [Iickho Song, Xiang-Gen Xia, Chintha Tellambura]."}, "365": {"llama8b": "The Maximum Clique in this network is: [Stanley Osher, Shanshan Wang, Jianbo Liu, Donald Goldfarb]."}, "366": {"llama8b": "The Maximum Clique in this network is [Wolfgang Rosenstiel, Oliver Bringmann, Hoang M. Le, Katrin Sippel, Paul Pop]."}, "367": {"llama8b": "The clique with the maximum number of authors in this network is: [Seong Whan Lee, Alexander J. Smola, David A. Forsyth, A-Yeon Park, Benjamin Blankertz]."}, "368": {"llama8b": "[Thibault Lehouillier, Laureano F. Escudero, Antonio Alonso-Ayuso]."}, "369": {"llama8b": "The Maximum Clique in this network is: [Lori A. Clarke, Carrie Gates, Salvatore J. Stolfo, Matt Bishop]."}, "370": {"llama8b": "One Maximum Clique: [Marco Maratea, Holger H. Hoos, Tomi Janhunen, Luca Pulina, Martin Gebser]."}, "371": {"llama8b": "The Maximum Clique in this network is [Daowen Qiu, Carlo Mereghetti, Beatrice Palano, Abuzer Yakaryilmaz]."}, "372": {"llama8b": "One Maximum Clique: [Matthijs T. J. Spaan, Pedro U. Lima, An\u00edbal Ollero]."}, "373": {"llama8b": "After analyzing the given research collaborations, I found that the maximum clique in this network is [Ling Feng, Jie Yang, Xing Xie, Philip S. Yu]."}, "374": {"llama8b": "One Maximum Clique: [John Riedl, Joseph A. Konstan, Francesco Ricci, Shyong K. Lam, Shilad Sen]."}, "375": {"llama8b": "For the given network, the Maximum Clique is: [Francesca Gasparini, Raimondo Schettini, Graham D. Finlayson, Daniele Marini, Ingrid Heynderickx]."}, "376": {"llama8b": "One Maximum Clique: [C\u00e2ndida G. Silva, Rui M. M. Brito, Eamonn J. Keogh, Werner Dubitzky, Paulo J. Azevedo, Nuno A. Fonseca, V\u00edtor Santos Costa]."}, "377": {"llama8b": "[Olivier Fourmaux, Udo R. Krieger, Arkadiusz Biernacki, Natalia M. Markovich, Philipp M. Eittenberger]"}, "378": {"llama8b": "One Maximum Clique: [R\u00fcdiger L. Urbanke, Motohiko Isaka, Jian Song, Kewu Peng, Huangping Jin, Anderson C. A. Nascimento, Marc P. C. Fossorier, Costas N. Georghiades]."}, "379": {"llama8b": "The Maximum Clique in this network is: [Dinesh Manocha, Min Tang, Ming C. Lin, Rene Weller]."}, "380": {"llama8b": "The maximum clique in this network is [Hui Wu, Chun Jason Xue, Vivy Suhendra]."}, "381": {"llama8b": "One Maximum Clique: [Andr\u00e1s Horv\u00e1th, Philipp Reinecke, Katinka Wolter, Peter Buchholz, Jane Hillston]."}, "382": {"llama8b": "[Guido Gerig, Xavier Pennec, Nicholas Ayache, Carl-Fredrik Westin, Simon K. Warfield, Gary E. Christensen, Alex D. Leow, Iman Aganj, Neda Jahanshad, Margaret J. Wright, Max A. Viergever]"}, "383": {"llama8b": "After analyzing the research collaborations between the authors, I found that the maximum clique in the network is:\n\n[Athar Mahboob, Ana Lucila Sandoval Orozco, Luis Javier Garc\u00eda Villalba, Jos\u00e9 Cortez, Nasir D. Memon]\n\nThis clique consists of 5 authors, which is the maximum number of authors that can be part of a clique in this network."}, "384": {"llama8b": "The Maximum Clique in this network is [Sanjoy K. Baruah, Shinpei Kato, Ragunathan Rajkumar, Konstantinos Bletsas]."}, "385": {"llama8b": "The maximum clique in this network is [Ai-Guo Wu, Guang-Ren Duan, Jie Ding, Karabi Datta]."}, "386": {"llama8b": "One Maximum Clique: [Iker Gondra, Tessa A. Lau, I. V. Ramakrishnan, Jeffrey P. Bigham, Vicki L. Hanson]."}, "387": {"llama8b": "[Henryk Wo\u017aniakowski, Peter Kritzer, Grzegorz W. Wasilkowski, Ian H. Sloan, Josef Dick, Friedrich Pillichshammer, Fred J. Hickernell]"}, "388": {"llama8b": "[Simone Bacellar Leal Ferreira, Helen Petrie, Denis Silva da Silveira, Barbara Leporini, Vicki L. Hanson]."}, "389": {"llama8b": "[Valentina Lanza, Paolo Maffezzoni, Michele Bonnin, Fernando Corinto, Marco Gilli, Zheng Zhang, Salvatore Levantino, Andrea L. Lacaita, D. D'Amore]"}, "390": {"llama8b": "After analyzing the given network, I found that the Maximum Clique is: [Pong Chi Yuen, Anastasios Tefas, Wen-Sheng Chen, Hua Yu, Bin Fang, David D. Zhang, Anil K. Jain, Michael I. Jordan, Dacheng Tao, David J. Kriegman]."}, "391": {"llama8b": "The Maximum Clique in this network is [Takehiro Ito, Xiao Zhou, Hirotaka Ono]."}, "392": {"llama8b": "The Maximum Clique in this network is: [Eduardo Fern\u00e1ndez, Rafael Aracil, Jos\u00e9 Maria Azor\u00edn, Josep Mouri\u00f1o]."}, "393": {"llama8b": "[Reza Farrahi Moghaddam, Fadoua Drira, Frank Lebourgeois, Azeddine Beghdadi, Hubert Emptoz, Mohamed Riad Yagoubi]."}, "394": {"llama8b": "One Maximum Clique: [Jan Martijn E. M. van der Werf, Sjaak Brinkkemper, Fabiano Dalpiaz, Garm Lucassen, Lionel C. Briand]."}, "395": {"llama8b": "[Qiang Shen, Qinghua Hu, Daren Yu, C. Raghavendra Rao, P. S. V. S. Sai Prasad, Richard Jensen]"}, "396": {"llama8b": "[Leo Yu Zhang, Kwok-Wo Wong, Chengqing Li, Guanrong Chen, Jiangtao Wen]."}, "397": {"llama8b": "[Cl\u00e1udio Alves, Silvano Martello, J. M. Val\u00e9rio de Carvalho, Fran\u00e7ois Clautiaux, Fran\u00e7ois Vanderbeck]."}, "398": {"llama8b": "[Michael Factor, Xiaodong Meng, Yuanyuan Zhou, Dharmendra S. Modha, Kai Li]"}, "399": {"llama8b": "[Lianggui Liu, Guanfeng Liu, Yan Wang, Mehmet A. Orgun, Turgay Korkmaz]."}, "400": {"llama8b": "The Maximum Clique in this network is [David C. van Moolenbroek, Andrew S. Tanenbaum, Swaminathan Sundararaman]."}, "401": {"llama8b": "One Maximum Clique: [Nigel H. Lovell, Stephen J. Redmond, Eric H. C. Choi, Natalie Ruiz, Fang Chen]."}, "402": {"llama8b": "The Maximum Clique in this network is: [Igor Ebrahim dos Santos, Mario Piattini, Marco Torchiano, Dag I. K. Sj\u00f8berg, Forrest Shull]."}, "403": {"llama8b": "One Maximum Clique: [Andruid Kerne, Rhema Linder, Sashikanth Damaraju, Eunyee Koh, Matthew Carrasco]."}, "404": {"llama8b": "One Maximum Clique: [Pete Wyckoff, George Bosilca, Mohammad J. Rashti, Richard L. Graham, Ron Brightwell, Matthew J. Koop]."}, "405": {"llama8b": "The maximum clique in this network is [Philip C. Woodland, Udhyakumar Nallasamy, Florian Metze, Lidia Mangu]."}, "406": {"llama8b": "[Heekuck Oh, Jean-Pierre Hubaux, Michael Feiri, Xuemin Shen, Xiaodong Lin]."}, "407": {"llama8b": "The Maximum Clique in this network is: [Jean-Marc Vincent, Nihal Pekergin, Franck Quessette, Jean-Michel Fourneau]."}, "408": {"llama8b": "The Maximum Clique in this network is [Yunxing Ye, Yishuang Geng, Kaveh Pahlavan, Guanqun Bao]."}, "409": {"llama8b": "The Maximum Clique in this network is: [Theresa A. Pardo, Luis F. Luna-Reyes, Djoko Sigit Sayogo, J. Ramon Gil-Garcia]."}, "410": {"llama8b": "The maximum clique in this network is [Donald F. Towsley, Mario Gerla, Raffaello Secchi]."}, "411": {"llama8b": "The Maximum Clique in this network is: [Ryan Williams, Avner Magen, Subhash Khot, Iannis Tourlakis]."}, "412": {"llama8b": "[ChengXiang Zhai, Lars Schmidt-Thieme, Zeno Gantner, Fajie Yuan, Ming-Feng Tsai]."}, "413": {"llama8b": "The Maximum Clique in this network is: [Youngtae Noh, Tommaso Melodia, P. Wang, Mario Gerla, Ian F. Akyildiz]."}, "414": {"llama8b": "The Maximum Clique in this network is [Patrick Ediger, Klaus-Peter V\u00f6lkmann, Christian Schack, Wolfgang Heenes, Rolf Hoffmann]."}, "415": {"llama8b": "One Maximum Clique: [Luigina Ciolfi, Steve Benford, Eva Hornecker, John Bowers, Anthony Steed]."}, "416": {"llama8b": "The maximum clique in this network is [W. Bruce Croft, Steve Cronen-Townsend, Wei Li, Chun Chen]."}, "417": {"llama8b": "[Weibo Gong, Yang Xiao, George L Smith]."}, "418": {"llama8b": "The Maximum Clique in this network is: [Tufan Kumbasar, Mujde Guzelkaya, Ibrahim Eksin, Engin Yesil, Jerry M. Mendel]."}, "419": {"llama8b": "[Raquel Barco, Jos\u00e9 M. Ruiz-Aviles, Mariano Molina-Garcia, Jaime Calle-Sanchez, Muhammad Ali Imran, Alfonso Fernandez-Duran, Jose I. Alonso, Sergio Fortes, A. Aguilar-Garcia, Holger Claussen, Xuming Fang, Salvador Luna-Ram\u00edrez, Mat\u00edas Toril]."}, "420": {"llama8b": "The Maximum Clique in this network is [Stefano Nolfi, Jun Tani, Chrystopher L. Nehaniv, Arne Zeschel]."}, "421": {"llama8b": "[Victor M. Hern\u00e1ndez-Guzm\u00e1n, Fernando Reyes, Arturo Zavala-R\u00edo, Darren M. Dawson, V\u00edctor Santib\u00e1\u00f1ez]."}, "422": {"llama8b": "One Maximum Clique: [Ingrid Verbauwhede, Christof Paar, Phong Q. Nguyen, Tim G\u00fcneysu, Tobias Oder]."}, "423": {"llama8b": "The Maximum Clique in this network is: [Claudia-Adina Dragos, Stefan Preitl, Emil M. Petriu, Mircea-Bogdan Rdac]."}, "424": {"llama8b": "The maximum clique in this network is [Zhuohua Duan, M.S. Arulampalam, Puneet Goel]."}, "425": {"llama8b": "[Binwu Zhang, Yong He, Jianzhong Zhang, Clemens Heuberger, Longcheng Liu]."}, "426": {"llama8b": "After analyzing the research collaborations between the authors, I found that the maximum clique in this network is: [Zeger Degraeve, Silvio Alexandre de Araujo, Pascale Crama, Raf Jans, Fran\u00e7ois Vanderbeck]."}, "427": {"llama8b": "[Tim Menzies, Emilia Mendes, Leandro L. Minku, Xin Yao, Burak Turhan, Magne J\u00f8rgensen, Karel Dejaeger]"}, "428": {"llama8b": "The maximum clique in this network is [Sebastian Sowa, Huseyin Cavusoglu, Birendra K. Mishra, Srinivasan Raghunathan]."}, "429": {"llama8b": "The Maximum Clique in this network is: [Marc Kemps-Snijders, Philipp Cimiano, Judith Eckle-Kohler, Sebastian Hellmann]."}, "430": {"llama8b": "The Maximum Clique in this network is: [Frank Innerhofer-Oberperfler, Michael Felderer, Ruth Breu]."}, "431": {"llama8b": "[Li Erran Li, Thomas Kunz, Hari Balakrishnan]."}, "432": {"llama8b": "The maximum clique in this network is: [Guttorm Sindre, Andreas L. Opdahl, Mario Piattini, Fabiano Dalpiaz, Paolo Giorgini, Robin C. Laney]."}, "433": {"llama8b": "The clique with the maximum number of authors in this network is: [Samuel Madden, Mark A. Paskin, Rahul Sukthankar]."}, "434": {"llama8b": "The Maximum Clique in this network is [Ralph Girard, Eni G. Njoku, Michael W. Spencer]."}, "435": {"llama8b": "One Maximum Clique: [Hajo Broersma, Paul M. Heysters, Yuanqing Guo, Krzysztof Kuchcinski, Gerard J. M. Smit]."}, "436": {"llama8b": "[Anupap Meesomboon, B. Sundar Rajan, Kenta Kasai, Marc P. C. Fossorier, N. Srinidhi, Ronghui Peng, Saif Khan Mohammed, Tanumay Datta]"}, "437": {"llama8b": "[Stefano Ceri, Marco Brambilla, Maristella Matera, Piero Fraternali, Nathalie Moreno]."}, "438": {"llama8b": "The maximum clique in this network is [Jin-Fu Li, Erik Jan Marinissen, Cheng-Wen Wu]."}, "439": {"llama8b": "The Maximum Clique in this network is: [Erich Bruns, Oliver Bimber, Christin Seifert, Greg Welch, Bernd Girod]."}, "440": {"llama8b": "The maximum clique in this network is [Przemys\u0142aw G\u0142omb, Arkadiusz Sochan, Micha\u0142 Romaszewski, Sebastian Opozda]."}, "441": {"llama8b": "[Guo-Ping Liu, Chuan-Ke Zhang, Jin-Hua She]."}, "442": {"llama8b": "After analyzing the research collaborations between the authors, I found that the maximum clique has 4 authors: [Tao Ju, Jing He, Wah Chiu, Kamal Al Nasr]."}, "443": {"llama8b": "One Maximum Clique: [Josep Llad\u00f3s, Hubert Emptoz, Horst Bunke, Volkmar Frinken, Andreas Fischer, Yuzuru Tanaka, Toni M. Rath, R. Manmatha, Kengo Terasawa]."}, "444": {"llama8b": "After analyzing the research collaborations between the authors, I found that the maximum clique has 6 authors: [Qixun Zhang, Gerd Ascheid, Wolfgang Utschick, Piyush Gupta, Rui Zhang, Shuguang Cui]."}, "445": {"llama8b": "The Maximum Clique in this network is [Adil Kenzi, Schahram Dustdar, Zakaria Maamar, Soo Dong Kim]."}, "446": {"llama8b": "[Ond\u0159ej \u0160v\u00e1b-Zamazal, C\u00e1ssia Trojahn, Christian Meilicke, Wei Hu, Ryutaro Ichise]"}, "447": {"llama8b": "The Maximum Clique in this network is: [Andrzej Obuchowicz, Marek Kowal, Tomasz Nieczkowski, Pawe\u0142 Filipczuk]."}, "448": {"llama8b": "After analyzing the research collaborations between the authors, I found that the maximum clique has 4 authors: [Riichiro Mizoguchi, Tetsuo Tomiyama, Yoshiki Shimomura, Stefano Borgo]."}, "449": {"llama8b": "One Maximum Clique: [Manfred Morari, James B. Rawlings, Sergio M. Savaresi, Dominique Bonvin, Aldo U. Zgraggen]."}, "450": {"llama8b": "The maximum clique in this network is [Chuang Lin, Dacheng Yang, Lin Sang, Pengxiang Li]."}, "451": {"llama8b": "[Shlomo Shamai, Mohammad Reza Aref, Reihaneh Safavi-Naini, Serge Vaudenay]"}, "452": {"llama8b": "The Maximum Clique in this network is [Mitsuo Gen, Yuji Sakane, Min Liu, Zuobao Wu, Lars M\u00f6nch]."}, "453": {"llama8b": "[Abdel Bela\u00efd, Abderrazak Zahour, Basilios Gatos, Horst Bunke, Umapada Pal]"}, "454": {"llama8b": "[Michael L. Walters, Kerstin Dautenhahn, Britta Wrede, Anders Green, Takayuki Kanda]."}, "455": {"llama8b": "The Maximum Clique in this network is [Eva Onaindia, Sergio Pajares Ferrando, Alexandros Belesiotis]."}, "456": {"llama8b": "The Maximum Clique in this network is: [Mahadev Satyanarayanan, Yuvraj Agarwal, Hassan Raei, Yung-Hsiang Lu, David E. Culler]."}, "457": {"llama8b": "One Maximum Clique: [Giovanni Righini, Luiz Satoru Ochi, Anand Subramanian]."}, "458": {"llama8b": "[Alex-Hung Lin, Shi-Jinn Horng, Tzung-Her Chen]."}, "459": {"llama8b": "[Giuseppe Bianchi, Kyung Jae Kim, Jin Soo Park, Bong Dae Choi, Eunju Hwang, Yan Zhang]."}, "460": {"llama8b": "After analyzing the given network, I found that the Maximum Clique is: [Yu Zhang, David C. Schwartz]."}, "461": {"llama8b": "The Maximum Clique in this network is [Mark S. Miller, Ninghui Li, Fred Spiessens]."}, "462": {"llama8b": "[Lei Yu, Louis Wehenkel, Peter Stone, Andrew Y. Ng, Manuela M. Veloso, Satinder P. Singh]."}, "463": {"llama8b": "The Maximum Clique in this network is: [Brent Waters, Giuseppe Persiano, Amit Sahai, Dong Hoon Lee, Vincenzo Iovino, Dan Boneh]."}, "464": {"llama8b": "After analyzing the research collaborations between the authors, I found that the maximum clique in this network is:\n\n[Chao-Tung Yang, Carl Kesselman, Ian T. Foster, Sung-Yi Chen, Kuan-Ching Li]\n\nThis clique consists of 5 authors, which is the maximum number of authors that can be part of a clique in this network."}, "465": {"llama8b": "[\u00c1lvaro F. Moreira, Mirella M. Moro, Federica Mandreoli, Vassilis J. Tsotras, Carlo Zaniolo, Nina Edelweiss, Rodrigo Machado, Clesio Saraiva dos Santos, Robson Leonardo Ferreira Cordeiro]."}, "466": {"llama8b": "One Maximum Clique: [Yiyu Shi, Sung Kyu Lim, David Blaauw, Erik Jan Marinissen]."}, "467": {"llama8b": "The Maximum Clique in this network is: [G. Susinder Rajan, B. Sundar Rajan, Fr\u00e9d\u00e9rique E. Oggier, Chau Yuen]."}, "468": {"llama8b": "[Giorgio Di Natale, Marie-Lise Flottes, Bruno Rouzeyre, Hideo Fujiwara, Subhasish Mitra]."}, "469": {"llama8b": "The clique with the maximum number of authors in this network is: [Yorgos Goletsis, Argyris Kalogeratos, Aristidis Likas]."}, "470": {"llama8b": "[Chunming Tang, Cunsheng Ding, Nian Li, Claude Carlet, Qin Yue]."}, "471": {"llama8b": "The clique with the maximum number of authors in this network is: [Susan R. Fussell, Jie Yang, Leslie D. Setlock, Christoph Bartneck, Dhruva Patil]."}, "472": {"llama8b": "One Maximum Clique: [Anne Benoit, Yves Robert, M. B. Spencer, Tahsin M. Kur\u00e7, \u00dcmit V. \u00c7ataly\u00fcrek]."}, "473": {"llama8b": "The clique with the maximum number of authors in this network is: [King Ngi Ngan, Hongliang Li, Jietao Jing, Dorin Comaniciu]."}, "474": {"llama8b": "[Xiuyi Jia, Yiyu Yao, Wojciech Ziarko, Yuhua Qian, Mohua Banerjee, Jerzy W. Grzymala-Busse, Roman S\u0142owi\u0144ski]."}, "475": {"llama8b": "The Maximum Clique in this network is: [Tinne Tuytelaars, Aaron Mavrinac, Xiang Chen]."}, "476": {"llama8b": "The clique with the maximum number of authors in this network is: [Shaofeng Liu, Iain Boyle, James F. Courtney]."}, "477": {"llama8b": "The maximum clique in this network is [Julian F. Miller, Pauline C. Haddow, Morten Hartmann]."}, "478": {"llama8b": "One Maximum Clique: [Radu Bogdan Rusu, Anne-Katrin Mahlein, Stefan Paulus]."}, "479": {"llama8b": "The maximum clique in this network is [Mike P. Papazoglou, Dianfu Ma, Brian J. Corbitt]."}, "480": {"llama8b": "The Maximum Clique in this network is [Valentina Martina, Delia Ciullo, Maria Efthymiopoulou, Nikolaos Efthymiopoulos]."}, "481": {"llama8b": "The Maximum Clique in this network is [Sachin S. Sapatnekar, Nikil Dutt, Habib Mehrez, Erik Jan Marinissen, Qiang Xu]."}, "482": {"llama8b": "The maximum clique in this network is [Nam Sung Kim, Jo\u00e3o Paulo Teixeira, Isabel C. Teixeira, M. B. Santos]."}, "483": {"llama8b": "[Alexandros Giokas, Cezary Zieli\u0144ski, Sofia E. Reppou, Tomasz Kornuta, Wojciech Szynkiewicz]."}, "484": {"llama8b": "The Maximum Clique in this network is: [Suzanne Bakken, William Brown, Vimla L. Patel, Rebecca Schnall]."}, "485": {"llama8b": "The Maximum Clique in this network is: [Kung Fu Ng, Boris S. Mordukhovich, Michel Th\u00e9ra, Yiran He, Jane J. Ye]."}, "486": {"llama8b": "The Maximum Clique in this network is: [Jerry Chi-Yuan Chou, Robert D. Ryne, Gagan Agrawal, Yu Su]."}, "487": {"llama8b": "The maximum clique in this network is [John Vines, Kori Inkpen, Patrick Olivier, Michael Massimi, Saul Greenberg]."}, "488": {"llama8b": "The Maximum Clique in this network is: [Muhammad Farooq, Edward Sazonov, Majid Sarrafzadeh, Nabil Alshurafa]."}, "489": {"llama8b": "The maximum clique in this network is [Craig A. Stewart, Ian T. Foster, Ioan Raicu, Eric Coulter, Stephen C. Simms]."}, "490": {"llama8b": "[Judith A. Blake, Lynn M. Schriml, Cathy H. Wu, Robert Stevens, Erick Antezana]."}, "491": {"llama8b": "The Maximum Clique in this network is: [Niels Grabe, Kathi Westphal, Thora Pommerencke, Hartmut Dickhaus]."}, "492": {"llama8b": "The maximum clique in this network is [Feng Pan, Gao Cong, Balaram Bhattacharyya]."}, "493": {"llama8b": "The Maximum Clique in this network is [Partha Niyogi, Olga Sorkine, Pawas Ranjan, Yusu Wang]."}, "494": {"llama8b": "One Maximum Clique: [Micah Taylor, Christian Lauterbach, George Drettakis, Dinesh Manocha, Carl Schissler, Despina Michael, Nikunj Raghuvanshi, Ming C. Lin, Ravish Mehra, Anish Chandak, Atul Rungta]."}, "495": {"llama8b": "[Lintao Zhang, Arathi Ramani, Fadi A. Aloul, Sharad Malik, Miroslav N. Velev]."}, "496": {"llama8b": "[Roberta Lima Gomes, J.-P. Courtiat, Jean-Pierre Courtiat, Christophe Lohr, Anne-Marie Kermarrec]."}, "497": {"llama8b": "[Hang-Kaung Shu, Jin-Fu Li, Krishnendu Chakrabarty, Cheng-Wen Wu, Tsu-Wei Tseng]."}, "498": {"llama8b": "[Giannfranco Fornaro, Riccardo Lanari, Fausto Guzzetti, Nicola Casagli, P. Berardino, E. Sansosti, Sandro Moretti]"}, "499": {"llama8b": "[Jo\u00e3o Gra\u00e7a, Kuzman Ganchev, Krassimira Ivanova, Peter Stanchev, Claudio Gennaro]."}}