{"0": {"llama": "[Adam Nichols, Kyle Meadows, Stephen Hess]"}, "1": {"llama": "[Mitchell Ramsey, Jacob Barnes, Angela Andrade]"}, "2": {"llama": "[Tiffany Rowland, Sandra Miller, Bryan Stewart, John West]"}, "3": {"llama": "[Alisha Bennett, Joel Martin, Steven Allen]"}, "4": {"llama": "[Chelsey Mcmahon, Amy Roberson, Jeffrey Martin]"}, "5": {"llama": "[Jamie Oliver, Martin Parker, Charles Sloan]"}, "6": {"llama": "[Emily Brock, Sabrina Olsen, Elizabeth Gibson, Angela Wheeler]"}, "7": {"llama": "[Lauren Lawson, Alexandra Martinez, Mrs. Mariah Murillo DDS]"}, "8": {"llama": "[Paul Summers, Jared Murray]"}, "9": {"llama": "[Mark Campbell, David Taylor, Derek English]"}, "10": {"llama": "[Janet Cordova, Brett Reyes, Kayla Johnson]"}, "11": {"llama": "[Autumn Shields, Maurice Martin, Krystal Turner]"}, "12": {"llama": "[Victoria Williamson, Aaron Pena, Dr. Brian Barnett]"}, "13": {"llama": "[Michelle Green, Angela King, Aaron Stephens]"}, "14": {"llama": "[Sara Gregory, Stephanie Lawrence, John Kirk]"}, "15": {"llama": "[Richard Solis, Kyle Best, Christine Fuentes, Cody Shaw]"}, "16": {"llama": "[Susan Chen, Michael Mendez, Sarah Finley]"}, "17": {"llama": "[Kathleen Mcdonald DDS, Chelsea Nguyen, Christopher Scott]"}, "18": {"llama": "[Antonio Singleton, Kimberly Johnson]"}, "19": {"llama": "[James Ware, Mitchell Campbell]"}, "20": {"llama": "[Evelyn Franklin, Jessica Brewer, Alexander Jensen]"}, "21": {"llama": "[Janet Collins, Kayla Mcgrath, Sara Richards, Ryan Bryant]"}, "22": {"llama": "[Sean Hunter, Margaret Murphy, Theresa Scott]"}, "23": {"llama": "[Tyler Hansen DDS, Candice Vincent, Shelley Ferguson, Teresa Perry]"}, "24": {"llama": "[David Barber, Taylor Mccormick, Rebecca Jones]"}, "25": {"llama": "[Joseph Mcguire, Alyssa Rodriguez DVM, Robert Morgan]"}, "26": {"llama": "[George Phelps, Marcus Willis, Michael Brown]"}, "27": {"llama": "[Richard Santana, Amy Smith, Zachary Campos, Lindsey Sanders]"}, "28": {"llama": "[Terry Shelton, Eric Henderson]"}, "29": {"llama": "[Eric Estes, Robin Bryant, Veronica Garcia]"}, "30": {"llama": "[Kyle Green, Thomas Gilbert, Timothy Baldwin]"}, "31": {"llama": "[Austin Mendoza, Joseph Hebert, Gary Ward, Lori Jackson]"}, "32": {"llama": "[James Velazquez, Karen Joyce]"}, "33": {"llama": "[Jessica Williamson, Brenda Herrera, Walter Rose]"}, "34": {"llama": "[Destiny Simpson, Cory Rosales, Melissa Martin]"}, "35": {"llama": "[Raymond Carter, Joseph Schwartz, Paul Bryant]"}, "36": {"llama": "[Michael Herman, John Potts, Eric Black, Melinda Robertson]"}, "37": {"llama": "[Carrie Hartman, Joshua Simmons, David Taylor, Tyler Patrick]"}, "38": {"llama": "[Mark Garcia, Brittany Wilson, Roberto Mclean, Sherry Wilson, Aimee Cannon]"}, "39": {"llama": "[Xavier Owen, Ashley Wright, Stacey Brown, Victor Edwards]"}, "40": {"llama": "[Sherri Bruce, Denise Clark, Theresa Horn DVM]"}, "41": {"llama": "[Amber Raymond, James Thomas, Bill Solomon]"}, "42": {"llama": "[Antonio Gutierrez, Barbara Allen, Jose Carpenter]"}, "43": {"llama": "[Dr. Jamie Edwards, Calvin Banks, Paula Ward, Amy Hicks]"}, "44": {"llama": "[Julia Smith, James Ward, Gail Brown]"}, "45": {"llama": "[Anthony Carlson, Gabrielle Barr]"}, "46": {"llama": "[Alison Beck, Jorge Reyes, John Maldonado]"}, "47": {"llama": "[Kimberly Davila, Cheryl Vega, Christian Anderson, Juan Bowman]"}, "48": {"llama": "[Jennifer Peters, Karen Allen, Ryan Thornton, Jacob Lee]"}, "49": {"llama": "[Jeffrey Perez, Michaela Pierce, Thomas Singh, William Miller, Tony Ward]"}, "50": {"llama": "[Brandi Williams, Debbie Marshall, Mary Garner]"}, "51": {"llama": "[Timothy Riley, Gregory Golden, Haley Gilbert, Douglas Martinez, Penny Gomez]"}, "52": {"llama": "[Roberta Jacobson, Tina Curry, Erin Nguyen]"}, "53": {"llama": "[Kenneth Turner, Lisa Wood, Kimberly Hill]"}, "54": {"llama": "[Travis Williams, Brandon Russell, Adam Johnson, Matthew Goodman]"}, "55": {"llama": "[Mr. Jacob Wright DDS, Janice Davidson, Daniel Parker, Paula Brown]"}, "56": {"llama": "[Jennifer Ramos, Brett Smith, Sean Brown, Debra Obrien]"}, "57": {"llama": "[Heather Green, Samantha Dickson, Ashley Perry]"}, "58": {"llama": "[Keith Ross, Gavin Johnson, Sandra West, Craig Owen]"}, "59": {"llama": "[Robert Villanueva, Kimberly Bolton, Nicholas Edwards]"}, "60": {"llama": "[Darren Powers, Brian Martin, Mr. Thomas Villarreal]"}, "61": {"llama": "[Lori Terry, Kathleen Fletcher, Craig Klein]"}, "62": {"llama": "[Antonio Sims, Julian Harmon, John Johnson, John Robinson]"}, "63": {"llama": "[Ashley Martin, Henry Willis, Patrick Hill]"}, "64": {"llama": "[Cassandra Taylor, Tina Brooks, John Stewart]"}, "65": {"llama": "[Justin Kelly, Paula Cooper, Mary Cherry, Jason Davis]"}, "66": {"llama": "[Kendra Weaver, Crystal Flowers, Latoya Cook, Brian Smith]"}, "67": {"llama": "[Chad Deleon, Joshua Stark, Clayton Moreno]"}, "68": {"llama": "[Melissa Ferguson, Dustin Hughes, Ann Velasquez]"}, "69": {"llama": "[Donna Wheeler, Brandon Moore, Lisa Rojas]"}, "70": {"llama": "[Kimberly Lewis, Angela Smith, Jason Perry]"}, "71": {"llama": "[Tabitha Nelson, Catherine Baker]"}, "72": {"llama": "[Kevin Myers, Christopher Chambers, Morgan Gonzalez]"}, "73": {"llama": "[Wanda Smith, Jay Wells, Joseph Crawford]"}, "74": {"llama": "[Crystal Boyer, Shannon Ware, Kevin Frey]"}, "75": {"llama": "[Thomas Woods, Donald Miller, Aaron Brown, Richard Pena]"}, "76": {"llama": "[Eric Rodriguez, Paul Blackburn, Corey Davis]"}, "77": {"llama": "[Jeremy Russell, Adam Brown, Craig Sandoval]"}, "78": {"llama": "[Diana Bartlett, Allen Nash]"}, "79": {"llama": "[Christina Moore, Mark Barnett, Alexander Hughes]"}, "80": {"llama": "[Bradley Wilson, Donna Brown, Megan Reyes]"}, "81": {"llama": "[Bruce Watson, Luis Aguirre, Denise Allen, Margaret Fisher, Wayne Harris]"}, "82": {"llama": "[Christina Moreno, Tammy Davis, Anthony Lee, Michelle Stewart]"}, "83": {"llama": "[Gina Robertson, Brandi Higgins, Matthew Peterson, Craig Fields]"}, "84": {"llama": "[John Morales, Robert Salinas, Kathy Yu DVM]"}, "85": {"llama": "[Dustin Schultz, Kristina Gibbs, Janice Morgan]"}, "86": {"llama": "[Debra Brown, Mercedes Powell, Jillian Bass, Natalie Cortez]"}, "87": {"llama": "[Kristi Jenkins, Sandra Watts, Keith Walsh]"}, "88": {"llama": "[Tony Ross, Holly Rhodes]"}, "89": {"llama": "[Maria Wade, Dr. Joshua Day DDS, Brian Crawford]"}, "90": {"llama": "[Ashley James, Brenda Hart, Kenneth Newman]"}, "91": {"llama": "[Ann Smith, Devon Hall, Tom Fuller]"}, "92": {"llama": "[Victoria Lewis, Christina Kelley, Robert David]"}, "93": {"llama": "[Carolyn Barrett, Emma Paul, Paul Valencia]"}, "94": {"llama": "[Nicole Hickman, Karen Thompson, Joseph Knight]"}, "95": {"llama": "[Carrie Solis, David Brown, Jeffrey Novak]"}, "96": {"llama": "[Cindy Dillon, Morgan Hicks, Kyle Shaw]"}, "97": {"llama": "[Sarah Smith, Ronald Lewis]"}, "98": {"llama": "[Eric Jenkins, Hannah Valentine, Valerie Tucker]"}, "99": {"llama": "[Brian Bowen, Amy Diaz, Matthew Fischer]"}, "100": {"llama": "[Bridget Reid, Keith Horne, Michele Valdez]"}, "101": {"llama": "[Sandra Dominguez, David White, Kathleen Smith]"}, "102": {"llama": "[Amanda Williams, Christopher Johnson, Aimee Hall]"}, "103": {"llama": "[Jose Burnett, Katherine Lucas, Alicia Miller, William Patterson, Laurie Burns, Valerie Smith]"}, "104": {"llama": "[Jerome Franco, Marcus Riggs, Roy Gonzales]"}, "105": {"llama": "[David Williams, Peter Hayes, Casey Fernandez, Denise Garcia, Michael House]"}, "106": {"llama": "[Mitchell Peterson, Christopher Ferguson, Cassandra Anderson]"}, "107": {"llama": "[Jessica King MD, Deanna Gonzalez, Rachel Villa, Darrell Carter]"}, "108": {"llama": "[Lauren Griffith, James Haas, Kimberly Kim, William Walker]"}, "109": {"llama": "[Mark Gordon, Diana Walker, Jonathan Mitchell, Daniel Morgan, Krista Jones]"}, "110": {"llama": "[Nicole Wilson, Frank Greer, Laura Hawkins]"}, "111": {"llama": "[Eric Miller, David Dunn, Stacey Browning]"}, "112": {"llama": "[Jasmine Farmer, Robert King, Joshua Booker]"}, "113": {"llama": "[Tracy Moss, John Martinez, Adrian Johns]"}, "114": {"llama": "[Robert Avila, Kyle Bryant, Lori Anderson]"}, "115": {"llama": "[Daniel Williams, James Richards, Mallory Andrade]"}, "116": {"llama": "[Rachel Griffin, Kayla Washington, Gabrielle Little, Ricky Cochran]"}, "117": {"llama": "[Christina Carter, Caleb Garcia, Douglas Martin, Kimberly Jones]"}, "118": {"llama": "[Taylor Spencer, Amy Evans]"}, "119": {"llama": "[Colleen Lang, Kevin Harris, Amanda Gomez]"}, "120": {"llama": "[Cassie Barrett, Katherine Erickson]"}, "121": {"llama": "[Shelly Garcia, Michelle Martinez, Donna Kelly]"}, "122": {"llama": "[Melissa Jordan, Amy Joseph, David Phillips]"}, "123": {"llama": "[Taylor Baker, Ruth Landry, Sheri Hendricks, William Colon]"}, "124": {"llama": "[Christopher Durham, Catherine Guerra, Gabriel Peterson]"}, "125": {"llama": "[Robert Mendoza, Susan David, Megan Ball]"}, "126": {"llama": "[Carlos Garcia, Michael Gordon, Tiffany Good]"}, "127": {"llama": "[Kyle Green, Justin Floyd, Mike Owen]"}, "128": {"llama": "[Dr. John Bonilla, Gary Henderson]"}, "129": {"llama": "[Morgan Garcia, Mr. Robert Williams II, Kaitlyn Gallagher]"}, "130": {"llama": "[Justin Miller, Edward Riley, Tammy Duran]"}, "131": {"llama": "[Angela Valdez, Amy Hernandez]"}, "132": {"llama": "[Christian Trevino, Ann Johnson, Kristin Mitchell]"}, "133": {"llama": "[Lauren Johnson, Larry Wheeler]"}, "134": {"llama": "[Beth Perry, Daniel Hammond, Mr. Jason Bray]"}, "135": {"llama": "[Nancy Calhoun PhD, Ashley Hood, Kayla Brown]"}, "136": {"llama": "[Andrew Gray, Anne Davis, Morgan Reid, Deanna Gomez]"}, "137": {"llama": "[Allen Henderson, Vanessa Black, Nathan Ware]"}, "138": {"llama": "[Mark West, Mark Herrera, Laura Noble]"}, "139": {"llama": "[Terry Joseph, Caitlin Haynes]"}, "140": {"llama": "[Robert Kelly, Monica Phillips, John Rowland]"}, "141": {"llama": "[Madison Choi, James Armstrong, Janet Shelton]"}, "142": {"llama": "[Kimberly Lopez, Connie Yoder, Adrian Mendoza]"}, "143": {"llama": "[Jamie Lane, Kathleen Gonzalez, Cheryl Snow, Jennifer Moore]"}, "144": {"llama": "[Andrew Snyder, Lisa Maldonado, Nathan Baker]"}, "145": {"llama": "[Teresa Harrison, Leslie Wilson, Lindsey Mitchell]"}, "146": {"llama": "[Christopher Herrera, Jillian Rodriguez, David Padilla]"}, "147": {"llama": "[Bryan Ho, Mark Fry, Jonathan Patterson]"}, "148": {"llama": "[Eric White, Lisa Garcia, Dawn Craig, Maria Greene]"}, "149": {"llama": "[Jerry Friedman, Brian Skinner, Jacob Mcbride]"}, "150": {"llama": "[Evelyn Taylor, Morgan Smith, Erin Matthews]"}, "151": {"llama": "[Angel Foster, Ashley Petty, Kevin French, Kevin Clark]"}, "152": {"llama": "[Robert Hayes, Kara Compton]"}, "153": {"llama": "[Angela Sanders, Michael Nelson, Jeremy Scott]"}, "154": {"llama": "[Ashley Williams, Ashley Buchanan, David Greer, Timothy Aguilar, Justin Green]"}, "155": {"llama": "[Craig Padilla, Jessica Ramsey, Diana Cooper]"}, "156": {"llama": "[Fernando Turner, John Thomas, Nicholas Johnson]"}, "157": {"llama": "[Jordan Baker, Jaime Johnston, Michael Dalton, Wendy Wallace, Michael Gray]"}, "158": {"llama": "[Misty Torres, Andres Rangel, Jesus Johnson, Karen Walters]"}, "159": {"llama": "[Keith Leonard, Matthew Ingram, Ronald Thompson, Susan Reynolds]"}, "160": {"llama": "[Justin Sparks, Christopher Mcmahon, Charles Thomas]"}, "161": {"llama": "[Yvonne Garcia, Emily Burns, Nicole Hanson, Carl Rivers]"}, "162": {"llama": "[Jasmine Evans, Kathleen Eaton, Ivan Williams]"}, "163": {"llama": "[Amy Perez, Gregory Frost, Becky Martinez]"}, "164": {"llama": "[Michael Malone, Natalie Goodman]"}, "165": {"llama": "[Vanessa Duffy, Zachary Blankenship, Tracy Williams, Derrick Davis, Robert Williams]"}, "166": {"llama": "[Kelsey Davis, Holly Smith, Michelle Hendrix]"}, "167": {"llama": "[Bruce Mosley, David Hawkins, Natalie Rhodes]"}, "168": {"llama": "[Maureen Winters, Brittany Sosa, Zachary Leonard DVM]"}, "169": {"llama": "[Nicholas Wolf DVM, Angela Rodriguez, Charles Ward, Nancy Quinn]"}, "170": {"llama": "[Jennifer Brown, Karina Mendez, Brandon Rivers]"}, "171": {"llama": "[Crystal Sanders, Edward Case, Julie Hall]"}, "172": {"llama": "[Shawn Kerr, Wyatt Ferguson, Peggy Woods]"}, "173": {"llama": "[Stephen Yang, Paul Underwood, Travis Johnson, Samuel Thomas]"}, "174": {"llama": "[Linda Sullivan, Holly Reyes, James Suarez, Joseph Reynolds]"}, "175": {"llama": "[Joy Ward, Jacqueline Kane, Alejandra Price, Rebecca Lam]"}, "176": {"llama": "[Kerry Miller, Michelle Bolton]"}, "177": {"llama": "[Steven Adams, Angel Sanchez, Ana Douglas]"}, "178": {"llama": "[Justin Jones, Stephen Miller, Vanessa Evans]"}, "179": {"llama": "[Mr. Joshua Farmer, William Wilson, Brian Johnson]"}, "180": {"llama": "[Anna Bowman, Brenda Drake, Stefanie Wood, Justin Hubbard]"}, "181": {"llama": "[Christina Diaz, Alyssa Mitchell, William Mann, Dakota King]"}, "182": {"llama": "[Andrea Campos, Christopher Sexton, Andrea Warren]"}, "183": {"llama": "[Tiffany Gray, Mr. Gary Mcdonald MD, Mariah Nelson]"}, "184": {"llama": "[Kathy Galvan, Peter Lucas, Eric Pace]"}, "185": {"llama": "[Benjamin Henderson, Kyle Lloyd, Christopher Hernandez, Victoria Davis]"}, "186": {"llama": "[Troy Mullins, Bonnie Greer, Angela Mcneil, Kevin Wiggins]"}, "187": {"llama": "[Andrea Norman, Gary Martin, Mark Banks]"}, "188": {"llama": "[Melissa Hayes, Christy Schneider, Austin Davis]"}, "189": {"llama": "[Dr. Rhonda Parker DDS, Alicia Kelley, Kirk May, Blake Griffin]"}, "190": {"llama": "[Gregory Garcia, Jeanette Young, Spencer Johnson, Amanda Carpenter]"}, "191": {"llama": "[Natalie Dennis, Justin James, Kaitlyn Martinez]"}, "192": {"llama": "[Jonathan Cook, Haley Sanchez, Margaret Vaughn, Courtney Reese]"}, "193": {"llama": "[Elizabeth Gardner, Michael Martinez, Kevin Quinn]"}, "194": {"llama": "[Robert Davis, Karl Johnson, Shannon Sullivan, Gail Johnson]"}, "195": {"llama": "[Matthew Brown, Barbara Fletcher, Manuel Monroe, Roberta Gay]"}, "196": {"llama": "[Kenneth Lewis, Nicole Jones, Cynthia Kirby, Angela Hickman]"}, "197": {"llama": "[William Swanson, Carlos Kelly, Melanie Hayes]"}, "198": {"llama": "[Andrew Sanchez, Matthew Johnson, Anthony Johnson]"}, "199": {"llama": "[Joshua Poole, Maria Lopez, Kristin Gilmore, Brian Haley]"}, "200": {"llama": "[Andrew Walker, Gerald Callahan, Ronald Conner]"}, "201": {"llama": "[Jennifer Duran, Jennifer Simpson, Tiffany Wiggins, Terry Davis, Rodney Holland]"}, "202": {"llama": "[Carolyn Lloyd, Cynthia Baker, Alejandro Allen]"}, "203": {"llama": "[Andre Smith, Mariah Guerrero, Margaret Sanders, Joseph White]"}, "204": {"llama": "[Sarah James, Billy Floyd DDS, Kelly Cross, Andrea Edwards, Ricky Parker, Victoria Simmons, Kelly Bartlett]"}, "205": {"llama": "[Melissa Williams, Gary Contreras, Bethany Klein]"}, "206": {"llama": "[Amanda Anderson, Cindy Russell, Shelly Browning]"}, "207": {"llama": "[Brandon Lewis, Molly Blackwell, Ashley Austin]"}, "208": {"llama": "[David Owens, Gabriel Hall, Jennifer Hampton]"}, "209": {"llama": "[Michelle Watkins, David Allen, Ryan Reynolds, Tonya Haas]"}, "210": {"llama": "[Amanda Davis, Erin Spears, John Rowe]"}, "211": {"llama": "[Heather Hernandez, Jill Villegas, Brenda Duran]"}, "212": {"llama": "[Shannon Adams, Theresa Banks, Penny Mcmahon, Robert Miller, Kelli Roberson]"}, "213": {"llama": "[Katherine Woods, Jordan Rocha, Kelly Wood]"}, "214": {"llama": "[Patricia Moore, Amy Scott, Lisa Graham, Stacy Beard]"}, "215": {"llama": "[Travis Ferguson, Brian Schroeder, Brandon Rogers, Felicia Lambert]"}, "216": {"llama": "[Elizabeth Sullivan, Catherine Jones, Michele Shelton, Dr. Justin Newton]"}, "217": {"llama": "[Taylor Cox, Jennifer Juarez, Amy Young]"}, "218": {"llama": "[David Smith, Regina Parker, Lori Sullivan]"}, "219": {"llama": "[Christine Li, Jeffrey Kelley, Kari Brown, Andrea White]"}, "220": {"llama": "[Victor Thomas, Brittany Sullivan, Christopher Garcia]"}, "221": {"llama": "[Robert Cooper, Kim Martinez, Jennifer Roman]"}, "222": {"llama": "[Tracy Anderson, Martin Brooks, Kristina Turner]"}, "223": {"llama": "[Emily Garcia, Sheri Herrera, Jennifer Fletcher]"}, "224": {"llama": "[Mark Brown, Sarah Richard, Mark Gutierrez]"}, "225": {"llama": "[Natalie Stewart, Alexander Snow, Gloria Armstrong]"}, "226": {"llama": "[Sheila Cantu, Linda Lopez, Thomas Mitchell]"}, "227": {"llama": "[Anthony Alvarez, Krista Robinson, Hector Hughes, Jordan Chung]"}, "228": {"llama": "[Paul Jenkins, Don Garcia, Michael Castro]"}, "229": {"llama": "[Deanna Duran, Sarah Moses, Taylor White]"}, "230": {"llama": "[Katherine Jensen, Kari Noble, Lisa Hill]"}, "231": {"llama": "[Reginald Gomez, Scott Holmes, Michael Mitchell]"}, "232": {"llama": "[Jessica Blake, Jared Bryant, Mrs. Jamie Wilcox]"}, "233": {"llama": "[Joel Bowers, Karen Lopez, Robert Johnson]"}, "234": {"llama": "[Ian Miller, Breanna Shaw, Dr. Kathryn Mccarty, Connie Bryan]"}, "235": {"llama": "[Cynthia Abbott, Derrick Garcia, Melinda Garcia, Erika Garcia]"}, "236": {"llama": "[Michael Wu, Kristen Scott, Jimmy Smith]"}, "237": {"llama": "[Benjamin Lambert, Rebecca Forbes, Cory Hawkins, Aaron Johnson]"}, "238": {"llama": "[Jesus West, John Randall, Christopher Robbins, Sharon Johnson]"}, "239": {"llama": "[Damon Ochoa, Jessica Acosta, Robert Reeves]"}, "240": {"llama": "[Scott Arnold, Christopher Patrick, Susan Dunn]"}, "241": {"llama": "[Evan Johnson, Mr. Ryan Warren, Bryan Williams]"}, "242": {"llama": "[Eduardo Johnston, James Miller, Maria Hanson]"}, "243": {"llama": "[Jennifer Meyer, Mrs. Susan Boyd, Donald Hughes, Heather Hernandez, Sheena Colon, Brooke Alexander]"}, "244": {"llama": "[Jonathan Murillo, Linda Clark, Alexis Shaffer, Lauren Harris]"}, "245": {"llama": "[Shannon Garner, Sarah Horn, Michael Newton, Barbara Joseph]"}, "246": {"llama": "[Alex Phillips, William Lewis, Kristin Atkinson]"}, "247": {"llama": "[Dr. Robert Sosa, Angel Bell]"}, "248": {"llama": "[Darius Owen, Joshua Walker, Jason Stanton]"}, "249": {"llama": "[Jennifer Anderson MD, Thomas Cochran, Susan Briggs]"}, "250": {"llama": "[Thomas Taylor, Joshua Walker, Jacqueline Edwards, Kathleen Garcia, Aaron Macdonald]"}, "251": {"llama": "[Mary Collins, Gary Norton, Tina Reyes, Sarah Cox]"}, "252": {"llama": "[Caleb Vasquez, Keith Davis, Ryan Norman]"}, "253": {"llama": "[Teresa Blair, Paul Stewart, Mrs. Casey Adams]"}, "254": {"llama": "[Carol Jones, Amy Mcclain, Jeffrey Garcia]"}, "255": {"llama": "[Shirley Gibbs, Gary Simon, Ryan Thompson]"}, "256": {"llama": "[Susan Wagner, Mrs. Kelly Steele]"}, "257": {"llama": "[Kristy Williams, Travis Harper, Johnny Munoz, Michael Young, Jennifer Richmond]"}, "258": {"llama": "[Jason Chen, Christina Kennedy, Brandon Wright]"}, "259": {"llama": "[Willie Crane, Jerome Franco, James Miller]"}, "260": {"llama": "[Adam Carlson, Dr. Elizabeth Grant MD, Michelle Huynh]"}, "261": {"llama": "[Monica Bush, Reginald Mueller, Christine Moore, Wesley Dunn, Michael Henry]"}, "262": {"llama": "[Christine Pennington, Brandon Gibson, Jonathan Reeves]"}, "263": {"llama": "[Melinda Thompson, James Barron, Jacqueline Miller]"}, "264": {"llama": "[Brandy Garcia, John Garcia, James Scott]"}, "265": {"llama": "[Jennifer Lopez, Sarah Rivera, Robert Webster, Karen Stewart]"}, "266": {"llama": "[Vanessa Moore, Dawn Stevens, Clarence Carpenter, Tonya Thompson, Jason Sullivan]"}, "267": {"llama": "[Julie Mcgee, Mr. Christopher Miller, Lindsey Turner MD]"}, "268": {"llama": "[Robyn Clark, William Simmons, Charles Obrien]"}, "269": {"llama": "[Gary Gonzalez, Julie Woodward, Lori Robinson, Angel Fox]"}, "270": {"llama": "[John Evans, Lisa Romero DVM, James Morris]"}, "271": {"llama": "[Joshua Powell, Carla Howard, Alyssa Austin]"}, "272": {"llama": "[Adam Bryant, Gregory Lewis, Cody Peterson, Traci Petersen]"}, "273": {"llama": "[Joseph Hamilton, Jeffery Mitchell, Joe Lewis]"}, "274": {"llama": "[Heather Scott, Teresa Lester, Robert Castaneda, Kimberly Baker, Ryan Martinez]"}, "275": {"llama": "[Ray Martin, Stephanie Murphy, Amanda Barrett, Kelly Pearson]"}, "276": {"llama": "[Joseph Mills, Amy Garcia, Frances Hoffman]"}, "277": {"llama": "[Angela Kim, Joshua Peterson, Susan Sanchez]"}, "278": {"llama": "[Eric Jackson, Lisa Moore, Andrea Wheeler, Jennifer Adkins]"}, "279": {"llama": "[Dennis Meyer, Cody Silva]"}, "280": {"llama": "[Stephen Wade, Julie Lee, Haley May, Lisa Ingram]"}, "281": {"llama": "[Andrea Brewer, Ashley Lopez, Dr. James Ford, Kenneth Harrison, Tara Wells]"}, "282": {"llama": "[Brooke Hampton, Thomas Mathews, Mary Phillips, Gabriel Rice]"}, "283": {"llama": "[Karen Ruiz, Stacey Bell, Autumn Reed]"}, "284": {"llama": "[Erika Rose, Pam Schroeder, Alison Barrett]"}, "285": {"llama": "[Julia Holmes, Jeffrey White, Melissa Green, Linda Robertson]"}, "286": {"llama": "[Jennifer Camacho, Sandra Davis]"}, "287": {"llama": "[William Morse, James Johnson]"}, "288": {"llama": "[Kurt Ramos, Jeffrey Mccarthy, Rebecca Galloway]"}, "289": {"llama": "[Christine Scott, Jeffrey Bowers, Mrs. Cindy Fields MD]"}, "290": {"llama": "[Robert Thomas, Cynthia Christensen, Heather Pitts]"}, "291": {"llama": "[Christine Pena, John Ford, Michael Cook]"}, "292": {"llama": "[Heather Gonzalez, Joshua Martinez, Patricia Weber]"}, "293": {"llama": "[Dr. Zachary Williams, Jennifer Anderson MD, Gregory Salinas, Susan Briggs]"}, "294": {"llama": "[Felicia Johnson, Eric Brown, Jacqueline Cunningham]"}, "295": {"llama": "[Anthony Hill, Pamela Ware, Lindsey Reed, Gary King]"}, "296": {"llama": "[Matthew Wilson, Christopher Garcia, Andrea Freeman, Charles Barnett]"}, "297": {"llama": "[Mason Wilson, Kayla Brewer, Sheila Cox, Kenneth Armstrong]"}, "298": {"llama": "[Jerry Pace, Lindsey Robbins, Brian Medina]"}, "299": {"llama": "[Michelle Moore, Dr. Joshua Grant, Pamela Jensen]"}, "300": {"llama": "[Shawn Mejia, Sandra Lopez, Tommy Gutierrez]"}, "301": {"llama": "[Crystal Christian, Beth Gordon, Carla Garner]"}, "302": {"llama": "[Christina Burns, Brian Reeves, Tracey Villa]"}, "303": {"llama": "[Todd Hernandez, Dennis Houston, Angela Garner]"}, "304": {"llama": "[Carrie Griffith DDS, Michael Pena, Frances Johnson]"}, "305": {"llama": "[Tina Hawkins, Kyle Bradshaw]"}, "306": {"llama": "[Patricia Russell, Robert Shaw, Wesley Oliver]"}, "307": {"llama": "[Christopher Miller, Roy Greer, Ashley Ferrell]"}, "308": {"llama": "[Tyler Clark MD, Jaclyn Johnson, Kimberly Sanchez]"}, "309": {"llama": "[William Fuller, Amber Jensen, Justin Collins, Laurie Perry, Melinda Morgan]"}, "310": {"llama": "[Daniel Potts, Nicole Robinson, Kelsey Wilcox, Michael Carter]"}, "311": {"llama": "[Jessica Donaldson, Gary West, Lisa Sparks]"}, "312": {"llama": "[Edwin Larson, Gavin Parks, Melody Ortega, Jose Nelson]"}, "313": {"llama": "[Chelsea Nunez, Justin Peterson, Bryan White, Pamela Wilcox]"}, "314": {"llama": "[Meghan Daugherty, Lisa Glover, Danielle Day]"}, "315": {"llama": "[James Newton, Dylan Carpenter, Caleb Brown]"}, "316": {"llama": "[Kimberly Lloyd, Dawn Carter, Thomas Navarro]"}, "317": {"llama": "[Scott Oconnor, Eric Simmons DVM, Jennifer Perez]"}, "318": {"llama": "[Lawrence Woods, John Wilson, Suzanne James]"}, "319": {"llama": "[Barbara Jones, Terri Summers, Larry Wall]"}, "320": {"llama": "[Brian Warren, Joseph Parker, Mrs. Mary Elliott]"}, "321": {"llama": "[Holly Nelson, Brian Davis, Todd Glover, Jay Sweeney]"}, "322": {"llama": "[Lauren Baker, Benjamin Mcintyre, Cathy Joseph PhD]"}, "323": {"llama": "[Jennifer Gonzalez, Carl Davidson, Rebecca Diaz]"}, "324": {"llama": "[Lawrence Ramirez, Jack Love, Rachel Lewis]"}, "325": {"llama": "[Scott Cortez, Eric Smith, Annette Nolan]"}, "326": {"llama": "[Allison Kelly, Hannah Rodgers, Sara Moore]"}, "327": {"llama": "[Stacy Rogers, Kevin Miranda, Courtney Willis]"}, "328": {"llama": "[Kara Morrow, Linda Davila, Victoria Jones]"}, "329": {"llama": "[Gary Charles, Zachary Wilson, Melissa Randall, Amber Miller, Victoria Macdonald]"}, "330": {"llama": "[Andrea Strickland, Diana Jones, Kevin Evans]"}, "331": {"llama": "[Loretta Baker, Caroline Johnson, Kenneth Gomez]"}, "332": {"llama": "[Christina Jackson, Mr. Michael Thompson, Diane Stokes]"}, "333": {"llama": "[Jack Miranda, Eric Coleman, Brandy Harris, Jaclyn Johnson]"}, "334": {"llama": "[Vernon Neal, Sabrina Greer, Christopher Brown]"}, "335": {"llama": "[Kenneth Huerta, Mary Garcia, Raymond Hoffman]"}, "336": {"llama": "[Stephen Hale, Taylor Pitts, Jeremy Aguirre, Lauren Peterson]"}, "337": {"llama": "[Cody Thompson, Greg Davis, Carolyn Hanson]"}, "338": {"llama": "[Christine Gibson, William Cline, Tina Bryan DVM, Regina Wood, Bridget Weeks]"}, "339": {"llama": "[Eric Martinez, Dr. Heather Miller, Christine Grant, Raymond Stout]"}, "340": {"llama": "[John Abbott, Alexandra Moore, Samantha Foster, Natasha Hensley]"}, "341": {"llama": "[Bianca Weaver, Anna Bowman, Kara Stone MD]"}, "342": {"llama": "[Samuel Hester, Tracy Hawkins]"}, "343": {"llama": "[Richard Barrett DVM, Cathy Steele, Tracey Howell, Daniel Jones]"}, "344": {"llama": "[Taylor Swanson, Douglas Gonzalez, Mariah Mason]"}, "345": {"llama": "[Amanda Larson, Eric Yates, Latoya Diaz]"}, "346": {"llama": "[Nicholas Lynch, Nicholas Love, Nicholas Diaz, Alan Harris]"}, "347": {"llama": "[Erika White, Christopher Adams, Manuel Frederick, Jennifer Collins]"}, "348": {"llama": "[Lauren Barr, Claire Sullivan, Sheryl Lambert]"}, "349": {"llama": "[David Gentry, Michelle Moore, Leah Liu]"}, "350": {"llama": "[Terri Alexander, Shawn Chen, Katie White, David Ramirez]"}, "351": {"llama": "[Brian Anderson, Sonya Blake, Elizabeth Johnson, Brenda Hardy]"}, "352": {"llama": "[Edwin Greene, Glen Solomon, Samantha Dickson]"}, "353": {"llama": "[Christian Lindsey, Michelle Johnson, Eric Weaver]"}, "354": {"llama": "[Dana Watson, Nicole Perry, Joseph Wright, Michael Powers, Louis Smith]"}, "355": {"llama": "[Andrew Davis, Kelli Coleman, Julia Young, William Mckinney]"}, "356": {"llama": "[Angela Davis, Maria Collins]"}, "357": {"llama": "[Dennis Brown, Todd Faulkner, Jason Martinez]"}, "358": {"llama": "[Eric Brown, Sarah Wilson, Tracy Johnston]"}, "359": {"llama": "[Christopher Vincent, Travis Richardson, Gregory Ramirez]"}, "360": {"llama": "[Jaime Booth, Jessica Newton, Andrea Glover]"}, "361": {"llama": "[Deanna Jones, Nicholas Rodriguez, Timothy Hardy, Katherine Ellis, Julie Thomas]"}, "362": {"llama": "[Eric Anderson, Charles Davis, Albert Scott]"}, "363": {"llama": "[Valerie Young MD, Lisa Clark, Christopher Griffin]"}, "364": {"llama": "[Tracy Rodriguez MD, Jeffrey Park, Robert Brown, Vanessa Davenport]"}, "365": {"llama": "[Brenda Dougherty, Tiffany Ball]"}, "366": {"llama": "[Melvin Norton, Mark Hansen, Melissa Farley, Christopher Jacobs]"}, "367": {"llama": "[Megan Anderson, James Taylor, Renee Preston]"}, "368": {"llama": "[Julie Murphy, Scott Smith, John Smith, Mark Baker]"}, "369": {"llama": "[Olivia Robinson, David Hardin, Jennifer Gonzalez, Wanda Fischer]"}, "370": {"llama": "[Nicholas Williams, Taylor Jimenez, Joshua Wood DDS, Diana Logan]"}, "371": {"llama": "[Veronica Stevens, Ellen Williams, Ronald Mccoy, Jessica Frye]"}, "372": {"llama": "[Vanessa Joseph, John White, Amanda Smith, John Perez, Jason Byrd]"}, "373": {"llama": "[Victoria Morales, Paul Jenkins, Daniel Carson]"}, "374": {"llama": "[Cynthia Monroe, Debra Hoover, Kathleen Hall]"}, "375": {"llama": "[John Scott, Catherine Rich, Joseph Matthews]"}, "376": {"llama": "[Valerie Williams, Dr. Jeremy Williams Jr., Tamara Huff, Gary Walters]"}, "377": {"llama": "[Larry Castro, Zachary Wilson, Jacob Williams]"}, "378": {"llama": "[Natalie Stewart, Mary Bailey, Leah Arnold, John Velez]"}, "379": {"llama": "[Jacqueline White, David Jones, Darrell Logan]"}, "380": {"llama": "[John Beck, Brian Bailey, Caleb Levy, Eric Parks]"}, "381": {"llama": "[Terry Hines, Roy Manning, Victoria Moss, Angela Edwards]"}, "382": {"llama": "[Victoria Miller, Daniel Vargas, Kimberly Livingston, Robert Johnson]"}, "383": {"llama": "[Janice Petty, Gary King, Angel Bell DDS]"}, "384": {"llama": "[James Hardy, Brian Mitchell, Bernard Martinez]"}, "385": {"llama": "[Alejandra Sanford, Kristin Rivera, Jordan Green]"}, "386": {"llama": "[James Young, Michele Rivers, Pamela Ramirez]"}, "387": {"llama": "[Kathy Navarro, Michael Christian, David Strickland, Donald Branch]"}, "388": {"llama": "[Melissa Richard, Kevin Phillips, Stephanie Cole, Victoria Morrow]"}, "389": {"llama": "[Keith Barnes, Jamie Howard, Jessica Hughes]"}, "390": {"llama": "[James Walter, Stephen Carpenter, Andrew Holden, Shelly Lee]"}, "391": {"llama": "[Melissa Guzman, William Moran, Jordan Carlson, William Lane MD]"}, "392": {"llama": "[Thomas Crawford, Karen Miller, Carol Hall]"}, "393": {"llama": "[Sheena Cummings, Shane Fitzgerald, Hannah Rivera]"}, "394": {"llama": "[Steven Soto, Alex Savage, Ryan Adams, Michael Owens]"}, "395": {"llama": "[Gerald Wilson, Jenny Lucero, Jeffrey Ramirez]"}, "396": {"llama": "[William Medina, Jeffrey White, Deborah Vasquez]"}, "397": {"llama": "[Brittany Howard, Ebony Cruz, Jessica Underwood]"}, "398": {"llama": "[Adrian Le, Andrew Baxter, Jeffrey Ryan, Mr. Jacob Martin]"}, "399": {"llama": "[Devon Hall, Lucas Tanner, Lucas Harris, Juan Cook]"}, "400": {"llama": "[Allison Wang, Cynthia Kemp, Richard Johnson, Kristina Mosley]"}, "401": {"llama": "[Kyle Hubbard, Sandra Arnold, Robert Frost]"}, "402": {"llama": "[Courtney Anderson, Jonathan Curtis, Samantha Greer, Paige Brown]"}, "403": {"llama": "[Curtis Davis, Mary Mills, Samantha Berger, Walter Zuniga]"}, "404": {"llama": "[Charles Jones, Jacqueline Chase, Katie Blevins]"}, "405": {"llama": "[Rebecca Estrada, Mary Harris, William Perkins, Amanda Estrada]"}, "406": {"llama": "[Alexis Parrish, Hunter Tucker, Maurice Thompson, David Stewart]"}, "407": {"llama": "[Jerry Morris, Steve Bullock, Juan Brown]"}, "408": {"llama": "[Melanie Lewis, Christian Williams, Matthew Jensen, Jose Cummings, Brandon Livingston]"}, "409": {"llama": "[Miguel Ball, Ms. Christine Daniels, Margaret Gregory, Sophia King]"}, "410": {"llama": "[Benjamin Ortiz, Danielle Smith]"}, "411": {"llama": "[Kendra Fuller, Tracy Wolf, Benjamin Jackson]"}, "412": {"llama": "[ Alexandra Vaughn, Cynthia Barrett, Seth Miller, Katelyn Villarreal ]"}, "413": {"llama": "[Dr. Michelle Anderson DVM, Ethan Frazier]"}, "414": {"llama": "[Jeremy Brewer, Gina Martinez, Dr. Christopher Montoya, Cynthia Hatfield]"}, "415": {"llama": "[Reginald Norris, Paula Lyons, Brandon Douglas, Terri Le]"}, "416": {"llama": "[Brent Kim, Mark Harris, Gina Atkinson]"}, "417": {"llama": "[Christy Ortiz MD, Laura Marshall PhD, Tyler Long, Manuel Diaz]"}, "418": {"llama": "[Ashley Figueroa, Mary Wong, Alexis Mcclain]"}, "419": {"llama": "[Jerry Brown, Hannah Greene, Ryan Ballard]"}, "420": {"llama": "[Gregory Porter, David Hughes DVM, Connie Peters]"}, "421": {"llama": "[Jeffrey Gonzalez, Dennis Hill, Kelly Mckee]"}, "422": {"llama": "[Ashley Robinson, Erin Terry, Brittany Harris]"}, "423": {"llama": "[Robert Jackson, Mary Nichols]"}, "424": {"llama": "[Christina Rogers, Charles Brown, Michele Barnes]"}, "425": {"llama": "[Christopher Schmidt, Lisa Campbell, Brenda Fisher]"}, "426": {"llama": "[Michael Bowen, Patricia Mitchell, Ashley Harris]"}, "427": {"llama": "[Brandi Jones, Billy Lawrence, Elizabeth Rodriguez, Anna White]"}, "428": {"llama": "[Antonio Barnes, Michael Hall, Megan Torres]"}, "429": {"llama": "[Lindsey Pope, Jeremy Mitchell, Jessica Johnson, Thomas Brown]"}, "430": {"llama": "[Emma Chambers, Kimberly Hernandez, Douglas Davidson]"}, "431": {"llama": "[Andrea Cruz, Theresa Bishop, Noah Mcdonald]"}, "432": {"llama": "[Jeffery Hester, Melinda Davis, Thomas Jordan]"}, "433": {"llama": "[Andrew Harris, Frederick Sullivan, Sarah Williams]"}, "434": {"llama": "[Cassie Compton, Michelle Peterson, Tamara Baker]"}, "435": {"llama": "[Jennifer Martinez, Jay Davis]"}, "436": {"llama": "[Benjamin Lam, Jenna Lynch, Kelly Miller, Anna Shaw]"}, "437": {"llama": "[Jason Barnes, Jessica Joseph, Mary Hale]"}, "438": {"llama": "[James Woodard, Katie Figueroa, Shelley Rodriguez, Wyatt Smith]"}, "439": {"llama": "[William Fischer, Matthew Smith, Tracy Wheeler]"}, "440": {"llama": "[David Phelps, Jessica Fritz, Edwin Whitehead]"}, "441": {"llama": "[Michael Larsen, Lindsey Stephens, Daniel Bonilla]"}, "442": {"llama": "[Patrick Vasquez, Joseph Fischer, Jodi Lopez, George Taylor]"}, "443": {"llama": "[Paul Phelps, Adam Wright, Teresa Young, Glenn Glass]"}, "444": {"llama": "[Rebecca Turner, Beth Martin, Brett Wyatt, Sydney Avery]"}, "445": {"llama": "[Anthony Smith, Justin Fields, Jennifer Casey]"}, "446": {"llama": "[Heather Carter, Kenneth Hernandez, Denise Moore]"}, "447": {"llama": "[Taylor Martin, Robin Benson, Scott Smith]"}, "448": {"llama": "[Omar Maldonado, Heather Thompson, Joel Dalton, Colton Guzman]"}, "449": {"llama": "[Stephanie Flores, Richard Hoover, Joshua Roberts]"}, "450": {"llama": "[Stephanie Sanchez, Roberta Dixon]"}, "451": {"llama": "[Steven Hall, Rebecca Marks, George Johnson, Sarah Lee]"}, "452": {"llama": "[James Perez, Hannah Medina, Matthew Taylor]"}, "453": {"llama": "[Scott Lindsey, Rebecca Flores, Anthony Aguilar]"}, "454": {"llama": "[John Smith, Stephanie Livingston, Brandon Brown]"}, "455": {"llama": "[Scott Harris, Sean Diaz, James Clayton, Lisa Johnson, Christopher Boyer]"}, "456": {"llama": "[Cynthia Barton, Brian Vance, Keith Morales, Robert Gomez, Ashley Cross, Chris Foster]"}, "457": {"llama": "[Belinda Knight, Jason Davis, April Price, Kristen Norris]"}, "458": {"llama": "[Anthony Martin, Brittney Delgado, Mallory Mcclure, Amber Walsh]"}, "459": {"llama": "[Peter Avila, Sarah Burch, Catherine West]"}, "460": {"llama": "[Andrew Ray, Timothy Edwards, Lauren Sullivan]"}, "461": {"llama": "[Rebecca Wagner, Courtney Kemp, John Skinner]"}, "462": {"llama": "[Jerry Fitzgerald, Mark Lloyd, Christopher Walters]"}, "463": {"llama": "[Catherine Kirby, Pamela Ellis, Brent Harris]"}, "464": {"llama": "[Christopher Brown, Ronald Carey, Shelby Long]"}, "465": {"llama": "[Jason Johnson, Kristen Stone, Jonathan Torres, Frank Brown]"}, "466": {"llama": "[Sean Henderson, Tammie Schaefer, John Mitchell]"}, "467": {"llama": "[Evan Hartman, Victoria Knox, Brian Clark]"}, "468": {"llama": "[Jennifer Woods, Charles Williams, Henry Williams, James Velasquez]"}, "469": {"llama": "[Joseph Estrada, Ashley Kirby]"}, "470": {"llama": "[ Danielle Webb, Alicia Hunter, John Davis ]"}, "471": {"llama": "[Katie Morris, Megan Gamble, Gabriel Watkins PhD, Sheila Cunningham]"}, "472": {"llama": "[Scott Baxter, Laura Cabrera, Rebecca Lambert, Virginia Olson, Kimberly Rubio]"}, "473": {"llama": "[Eric Richards, Sean Lester, David Martinez]"}, "474": {"llama": "[Gregory Tucker, Heather Frye, Steven Hernandez]"}, "475": {"llama": "[Aaron Walker, Kimberly Brown, Kimberly Cruz, Barbara Orr, Brett Clark, Zachary Klein, Courtney Roberson]"}, "476": {"llama": "[Jennifer Stephens, Michelle Maldonado, Jason Grant]"}, "477": {"llama": "[Todd Ford, David Mason, James Williams]"}, "478": {"llama": "[Christopher Williams, Anthony Young]"}, "479": {"llama": "[Sara Randall, Cynthia Golden, Dawn Espinoza, Whitney Young]"}, "480": {"llama": "[Devon Allen, Haley Blair, Catherine Hernandez]"}, "481": {"llama": "[Emily Brock, Austin Jones, Jennifer Le, Gregory Morgan, Dennis Hill]"}, "482": {"llama": "[Morgan Martinez, Cameron Ford, Andre Gonzalez]"}, "483": {"llama": "[Kelly Thompson, Jill Baker, Jacob Cox]"}, "484": {"llama": "[Edward Williams, John Ross, Shelby Clark, Jeremiah Jenkins]"}, "485": {"llama": "[Tammy Ibarra, Caitlin Webster, Kristen Hawkins, John Barton]"}, "486": {"llama": "[Isabel Delgado, Derrick Oconnor, Jason Bailey]"}, "487": {"llama": "[Joseph Buchanan, Lisa Stevens, Derek Young]"}, "488": {"llama": "[Andrea Jones, Patrick Robbins, Darren Dyer]"}, "489": {"llama": "[Mark Martinez, Lindsey Jones, Donna Werner, James Barron]"}, "490": {"llama": "[Debra Peterson, Matthew Walker, Ashley Washington, Mike Martin, Alan Long]"}, "491": {"llama": "[David Fisher, Lisa Jones, Michael Jenkins]"}, "492": {"llama": "[Kelly Smith, Andre Gonzalez, Alexander Williams]"}, "493": {"llama": "[Diana Bennett, Cindy Lawrence, Kevin Johnson, Charles Brown]"}, "494": {"llama": "[Katelyn Ramirez, Gabrielle Thomas, Larry Smith]"}, "495": {"llama": "[Rebecca Gray, Adrienne Smith, Terri Jones, Larry Martinez]"}, "496": {"llama": "[Michele Gallegos, Claudia Li, Michael Bruce, Randall Ramos]"}, "497": {"llama": "[George Smith, Sean Summers, Michael Castillo]"}, "498": {"llama": "[Timothy Little, Kristen Shaw, Valerie Medina]"}, "499": {"llama": "[Julia Turner, Rebekah Cruz, Mark Morales]"}}