{"0": {"llama8b": "[Molecule A: N (atom 0), C (atom 1), N (atom 2), F (atom 3)]\n[Molecule B: O (atom 0), C (atom 1), F (atom 2), F (atom 3)]\n\nOne optimal node mapping: [1, 1, 2, 2]."}, "1": {"llama8b": "[0, 6, 2, 3, 4, 4, 6, 7, 5]"}, "2": {"llama8b": "[0, 1, 1, 3, 1, 1, 1]"}, "3": {"llama8b": "[1, 1, 2, 3]"}, "4": {"llama8b": "[0, 0, 2, 3, 4, 5, 6]"}, "5": {"llama8b": "[1, 0, 0, 0, 0, 0, 6, 0]"}, "6": {"llama8b": "[The optimal node mapping is [0, 1, 2, 2].]"}, "7": {"llama8b": "[0, 0, 2, 2, 3, 3, 6, 7, 7]"}, "8": {"llama8b": "[0, 2, 1, 3, 4]"}, "9": {"llama8b": "[0, 1, 1, 1, 3, 2]\n\nThis node mapping corresponds to the minimum edit cost between the two graphs."}, "10": {"llama8b": "[0, 0, 1, 1, 2, 2]\n\nThis node mapping ensures that each atom ID in Molecule A corresponds to exactly one atom ID in Molecule B, resulting in the minimum edit cost between the two graphs."}, "11": {"llama8b": "[0, 0, 1, 3, 4, 2, 2, 6, 7, 6]"}, "12": {"llama8b": "[0, 1, 2, 3, 4]"}, "13": {"llama8b": "[0, 0, 1, 1, 0, 4, 4, 7]"}, "14": {"llama8b": "[0, 1, 1, 3]"}, "15": {"llama8b": "[0, 1, 2, 3, 3, 3]"}, "16": {"llama8b": "[1, 2, 2, 1]\n\nExplanation: \n\nThe optimal node mapping is obtained by matching the atoms in Molecule A with the atoms in Molecule B based on their chemical properties. \n\n- Atom 0 in Molecule A (B) is matched with atom 2 in Molecule B (Cl) because both are non-metal atoms.\n- Atom 1 in Molecule A (B) is matched with atom 0 in Molecule B (F) because both are non-metal atoms.\n- Atom 2 in Molecule A (S) is matched with atom 2 in Molecule B (Cl) because both are non-metal atoms.\n- Atom 3 in Molecule A (P) is matched with atom 3 in Molecule B (F) because both are non-metal atoms.\n\nThis mapping results in the minimum edit cost between the two graphs."}, "17": {"llama8b": "[0, 0, 2, 3]"}, "18": {"llama8b": "[0, 1, 2, 3, 2]"}, "19": {"llama8b": "[1, 5, 2, 3, 4, 0, 0]"}, "20": {"llama8b": "[0, 0, 2, 3]"}, "21": {"llama8b": "[0, 0, 3, 1, 2, 4, 5]"}, "22": {"llama8b": "[0, 0, 2, 3]"}, "23": {"llama8b": "[0, 4, 1, 2, 3, 5]"}, "24": {"llama8b": "[1, 0, 2, 3]\n\nExplanation: \n\nThe optimal node mapping is obtained by matching the atoms in Molecule A with the atoms in Molecule B based on their chemical properties. \n\n- Cl (atom 0) in Molecule A corresponds to O (atom 0) in Molecule B, as both are non-metal atoms.\n- O (atom 1) in Molecule A corresponds to O (atom 0) in Molecule B, as both are non-metal atoms.\n- C (atom 2) in Molecule A corresponds to F (atom 2) in Molecule B, as both are non-metal atoms.\n- S (atom 3) in Molecule A corresponds to O (atom 3) in Molecule B, as both are non-metal atoms.\n\nThis mapping ensures that each atom ID in Molecule A corresponds to exactly one atom ID in Molecule B, resulting in the minimum edit cost between the two graphs."}, "25": {"llama8b": "[2, 1, 3, 0, 1, 0, 1]"}, "26": {"llama8b": "[0, 1, 2, 3, 4, 3]"}, "27": {"llama8b": "[0, 0, 0, 3, 3, 3, 6]"}, "28": {"llama8b": "[0, 3, 0, 0, 4]"}, "29": {"llama8b": "[0, 0, 1, 2]"}, "30": {"llama8b": "[0, 1, 2, 3, 4, 5]"}, "31": {"llama8b": "[1, 2, 0, 3, 1]"}, "32": {"llama8b": "[Molecule A: C (atom 0), S (atom 1), S (atom 2), C (atom 3), C (atom 4), C (atom 5)]\n[Molecule B: C (atom 0), C (atom 1), C (atom 2), O (atom 3), O (atom 4), N (atom 5)]\n\nOne optimal node mapping: [0, 1, 2, 3, 4, 5]"}, "33": {"llama8b": "[0, 1, 2, 3, 4]"}, "34": {"llama8b": "[0, 0, 1, 3, 0, 1, 2, 6]"}, "35": {"llama8b": "[0, 0, 0, 3]"}, "36": {"llama8b": "[0, 1, 2, 3, 3, 4, 6, 7]"}, "37": {"llama8b": "[0, 1, 2, 2, 4]"}, "38": {"llama8b": "[1, 0, 2, 3]\n\nThis mapping ensures that each atom ID in Molecule A corresponds to exactly one atom ID in Molecule B, resulting in the minimum edit cost between the two graphs."}, "39": {"llama8b": "[1, 2, 2, 3]"}, "40": {"llama8b": "[1, 1, 0, 0]"}, "41": {"llama8b": "[0, 0, 0, 3]"}, "42": {"llama8b": "[1, 2, 2, 3]"}, "43": {"llama8b": "[0, 1, 2, 3, 4, 5, 6, 2, 5]"}, "44": {"llama8b": "[0, 1, 1, 3]"}, "45": {"llama8b": "[1, 0, 1, 2, 2, 0, 1, 2, 2]"}, "46": {"llama8b": "[1, 2, 2, 0]"}, "47": {"llama8b": "[0, 1, 2, 3]"}, "48": {"llama8b": "[Molecule A: N (atom 0), C (atom 1), C (atom 2), N (atom 3), C (atom 4), Cl (atom 5)]\n[Molecule B: Si (atom 0), C (atom 1), Si (atom 2), C (atom 3), Si (atom 4), C (atom 5)]\n\nOne optimal node mapping: [1, 1, 2, 3, 4, 5]"}, "49": {"llama8b": "[0, 1, 1, 2, 4, 4, 4]"}, "50": {"llama8b": "[1, 3, 2, 3, 4]"}, "51": {"llama8b": "[0, 2, 1, 3]"}, "52": {"llama8b": "[0, 0, 1, 3, 4, 1, 2]"}, "53": {"llama8b": "[0, 1, 1, 3, 0, 3, 3, 7]"}, "54": {"llama8b": "[0, 1, 3, 2, 4, 5, 3, 7]"}, "55": {"llama8b": "[1, 1, 2, 3, 4, 5]"}, "56": {"llama8b": "[0, 0, 1, 0]"}, "57": {"llama8b": "[0, 0, 1, 3, 1, 2, 3]\n\nThis node mapping ensures that each atom ID in Molecule A corresponds to exactly one atom ID in Molecule B, resulting in the minimum edit cost between the two graphs."}, "58": {"llama8b": "[0, 2, 1, 3]"}, "59": {"llama8b": "[0, 2, 0, 1, 4, 1]"}, "60": {"llama8b": "[0, 1, 2, 3, 1, 1, 0]\n\nThis node mapping ensures that each atom ID in Molecule A corresponds to exactly one atom ID in Molecule B, resulting in the minimum edit cost between the two graphs."}, "61": {"llama8b": "[0, 1, 2, 3, 4]\n\nExplanation: The optimal node mapping is obtained by matching the atoms in Molecule A with the atoms in Molecule B based on their atomic symbols. The mapping is as follows:\n\n- Atom 0 in Molecule A (C) corresponds to atom 0 in Molecule B (C)\n- Atom 1 in Molecule A (As) corresponds to atom 1 in Molecule B (C)\n- Atom 2 in Molecule A (O) corresponds to atom 2 in Molecule B (N)\n- Atom 3 in Molecule A (C) corresponds to atom 3 in Molecule B (N)\n- Atom 4 in Molecule A (S) corresponds to atom 4 in Molecule B (C)\n\nThis mapping ensures that each atom ID in Molecule A corresponds to exactly one atom ID in Molecule B, resulting in the minimum edit cost between the two graphs."}, "62": {"llama8b": "[0, 0, 1, 2, 3, 3, 4, 4]"}, "63": {"llama8b": "[0, 3, 1, 2, 4, 5, 6]"}, "64": {"llama8b": "[0, 1, 2, 3, 3]"}, "65": {"llama8b": "[0, 0, 2, 3]"}, "66": {"llama8b": "[0, 0, 0, 2, 3, 5, 3]"}, "67": {"llama8b": "[0, 0, 1, 3, 4]"}, "68": {"llama8b": "[0, 1, 2, 3, 4]"}, "69": {"llama8b": "[0, 2, 2, 3]"}, "70": {"llama8b": "[0, 2, 2, 1]"}, "71": {"llama8b": "[0, 1, 2, 3, 4, 5, 6]"}, "72": {"llama8b": "[0, 0, 2, 2, 3, 5]"}, "73": {"llama8b": "[0, 0, 1, 3, 4]"}, "74": {"llama8b": "[0, 1, 2, 3, 4, 4, 6]"}, "75": {"llama8b": "[0, 0, 2, 0, 3, 5]"}, "76": {"llama8b": "[0, 1, 2, 3, 4, 5, 6, 7, 8]"}, "77": {"llama8b": "[1, 3, 1, 3]"}, "78": {"llama8b": "[2, 1, 2, 0, 4]"}, "79": {"llama8b": "[0, 1, 2, 3, 3, 5, 4, 1, 4]"}, "80": {"llama8b": "[1, 3, 0, 3, 4]"}, "81": {"llama8b": "[0, 1, 2, 3]"}, "82": {"llama8b": "[1, 0, 2, 3]"}, "83": {"llama8b": "[1, 2, 2, 3]"}, "84": {"llama8b": "[0, 0, 2, 0, 0]\n\nThis node mapping ensures that each atom ID in Molecule A corresponds to exactly one atom ID in Molecule B, resulting in the minimum edit cost between the two graphs."}, "85": {"llama8b": "[0, 0, 1, 2, 3]"}, "86": {"llama8b": "[0, 0, 2, 2, 3, 4]"}, "87": {"llama8b": "[0, 1, 2, 3, 4, 5, 6, 7]"}, "88": {"llama8b": "[0, 2, 2, 3]"}, "89": {"llama8b": "[1, 3, 2, 0, 4, 4]"}, "90": {"llama8b": "[0, 0, 1, 2]"}, "91": {"llama8b": "[0, 1, 2, 3]"}, "92": {"llama8b": "[0, 1, 1, 2, 3, 5]"}, "93": {"llama8b": "[2, 3, 2, 3, 3, 2]"}, "94": {"llama8b": "[0, 0, 2, 3, 4]"}, "95": {"llama8b": "[2, 2, 2, 0, 1, 5]"}, "96": {"llama8b": "[0, 0, 1, 2]"}, "97": {"llama8b": "[0, 3, 2, 3, 1]"}, "98": {"llama8b": "[0, 0, 1, 3]"}, "99": {"llama8b": "[0 -> 0, 1 -> 1, 2 -> 2, 3 -> 3, 4 -> 4, 5 -> 5]"}, "100": {"llama8b": "[0, 0, 1, 2]"}, "101": {"llama8b": "[0, 0, 2, 3, 3, 4, 4, 7]"}, "102": {"llama8b": "[0, 1, 2, 3, 4, 3, 6]"}, "103": {"llama8b": "[0, 0, 1, 3, 1]\n\nThis node mapping corresponds to the minimum edit cost between the two graphs."}, "104": {"llama8b": "[2, 3, 0, 1, 1]"}, "105": {"llama8b": "[0, 5, 1, 2, 3, 4, 6, 0]"}, "106": {"llama8b": "[1, 2, 1, 3]"}, "107": {"llama8b": "[0, 0, 1, 2]"}, "108": {"llama8b": "[0, 3, 2, 1]"}, "109": {"llama8b": "[1, 2, 3, 2, 3, 2, 6]"}, "110": {"llama8b": "[1, 0, 0, 3]"}, "111": {"llama8b": "[0, 0, 1, 1, 4]"}, "112": {"llama8b": "[0, 1, 2, 3, 4, 5, 6, 7]"}, "113": {"llama8b": "[0, 1, 3, 3, 0, 1, 3, 0]"}, "114": {"llama8b": "[0, 2, 2, 3, 4, 3]\n\nThis node mapping ensures that each atom ID in Molecule A corresponds to exactly one atom ID in Molecule B, resulting in the minimum edit cost between the two graphs."}, "115": {"llama8b": "[The optimal node mapping is [1, 0, 2, 3].]"}, "116": {"llama8b": "[0, 1, 2, 3, 1, 1]"}, "117": {"llama8b": "[1, 0, 2, 1]"}, "118": {"llama8b": "[0, 1, 2, 3, 3]"}, "119": {"llama8b": "[0, 0, 2, 1, 3, 4]"}, "120": {"llama8b": "[0, 0, 2, 1, 4, 4, 6]"}, "121": {"llama8b": "[0, 0, 2, 3, 4]\n\nThis node mapping ensures that each atom ID in Molecule A corresponds to exactly one atom ID in Molecule B, resulting in the minimum edit cost between the two graphs."}, "122": {"llama8b": "[0, 0, 2, 0, 3]"}, "123": {"llama8b": "[0, 2, 1, 3]"}, "124": {"llama8b": "[0, 1, 2, 3]"}, "125": {"llama8b": "[1, 0, 0, 1, 1, 1, 1]"}, "126": {"llama8b": "[0, 1, 2, 3, 4, 1, 1, 7, 8]"}, "127": {"llama8b": "[1, 3, 2, 3, 4, 5, 6, 7, 1]"}, "128": {"llama8b": "[0, 3, 1, 3]"}, "129": {"llama8b": "[0, 3, 2, 1, 2]"}, "130": {"llama8b": "[0, 1, 2, 3, 4]\n\nExplanation: The optimal node mapping is obtained by matching the atoms in Molecule A with the atoms in Molecule B based on their atomic numbers. The mapping is as follows:\n\n- Atom 0 in Molecule A (O) corresponds to Atom 0 in Molecule B (C)\n- Atom 1 in Molecule A (C) corresponds to Atom 1 in Molecule B (C)\n- Atom 2 in Molecule A (O) corresponds to Atom 2 in Molecule B (N)\n- Atom 3 in Molecule A (C) corresponds to Atom 3 in Molecule B (N)\n- Atom 4 in Molecule A (S) corresponds to Atom 4 in Molecule B (C)\n\nThis mapping ensures that each atom ID in Molecule A corresponds to exactly one atom ID in Molecule B, resulting in the minimum edit cost between the two graphs."}, "131": {"llama8b": "[1, 0, 1, 3, 4, 5]"}, "132": {"llama8b": "[0, 3, 1, 3, 4, 4, 5]"}, "133": {"llama8b": "[0, 3, 1, 2]"}, "134": {"llama8b": "[1, 3, 2, 0]"}, "135": {"llama8b": "[0, 0, 2, 3]"}, "136": {"llama8b": "[0, 1, 1, 3, 4]"}, "137": {"llama8b": "[0, 0, 0, 4, 2, 2, 2, 6]"}, "138": {"llama8b": "[0, 1, 2, 3, 4, 5, 6]"}, "139": {"llama8b": "[1, 0, 2, 3]"}, "140": {"llama8b": "[1, 3, 2, 3]"}, "141": {"llama8b": "[0, 3, 2, 0, 1, 1]"}, "142": {"llama8b": "[1, 1, 3, 1, 1, 0]"}, "143": {"llama8b": "[0, 1, 2, 3, 5, 3]"}, "144": {"llama8b": "[0, 3, 1, 2]"}, "145": {"llama8b": "[1, 2, 2, 3]"}, "146": {"llama8b": "[0, 0, 1, 2, 1, 1, 0, 0]"}, "147": {"llama8b": "[0, 1, 2, 2, 2, 4]"}, "148": {"llama8b": "[1, 2, 2, 3, 3, 3, 6, 7]"}, "149": {"llama8b": "[1, 2, 1, 3]"}, "150": {"llama8b": "[1, 2, 2, 1]"}, "151": {"llama8b": "[0, 1, 2, 3, 4, 5, 6, 3, 8]"}, "152": {"llama8b": "[1, 2, 3, 3, 4]"}, "153": {"llama8b": "[0, 2, 1, 3]\n\nThis node mapping corresponds to the minimum edit cost between the two graphs."}, "154": {"llama8b": "[0, 0, 1, 3, 4]"}, "155": {"llama8b": "[0, 0, 1, 2, 3, 0, 2]"}, "156": {"llama8b": "[0, 0, 1, 3]"}, "157": {"llama8b": "[1, 0, 0, 3, 4, 2]"}, "158": {"llama8b": "[0, 0, 2, 3, 4]"}, "159": {"llama8b": "[0, 1, 2, 3]"}, "160": {"llama8b": "[0, 0, 1, 1, 2, 5, 2, 6, 6]"}, "161": {"llama8b": "[0, 1, 2, 3, 4]\n\nExplanation: The optimal node mapping is obtained by matching the atoms in Molecule A with the atoms in Molecule B based on their chemical properties. The mapping is as follows:\n\n- Atom 0 in Molecule A (O) corresponds to Atom 0 in Molecule B (N)\n- Atom 1 in Molecule A (C) corresponds to Atom 1 in Molecule B (C)\n- Atom 2 in Molecule A (F) corresponds to Atom 2 in Molecule B (C)\n- Atom 3 in Molecule A (O) corresponds to Atom 3 in Molecule B (Cl)\n- Atom 4 in Molecule A (O) corresponds to Atom 4 in Molecule B (O)\n\nThis mapping ensures that each atom ID in Molecule A corresponds to exactly one atom ID in Molecule B, resulting in the minimum edit cost between the two graphs."}, "162": {"llama8b": "[1, 3, 2, 0, 1]"}, "163": {"llama8b": "[0, 2, 0, 3, 4]"}, "164": {"llama8b": "[0, 1, 2, 3]"}, "165": {"llama8b": "[0, 0, 1, 3, 4]"}, "166": {"llama8b": "[0, 1, 2, 3, 0]\n\nThis node mapping corresponds to the minimum edit cost between the two graphs."}, "167": {"llama8b": "[0, 0, 1, 2, 3, 5]"}, "168": {"llama8b": "[0, 1, 2, 3]"}, "169": {"llama8b": "[0, 2, 2, 3]"}, "170": {"llama8b": "[0, 0, 2, 0, 1]"}, "171": {"llama8b": "[0, 1, 2, 3]"}, "172": {"llama8b": "[0, 0, 1, 3, 4]\n\nThis node mapping ensures that each atom ID in Molecule A corresponds to exactly one atom ID in Molecule B, resulting in the minimum edit cost between the two graphs."}, "173": {"llama8b": "[0, 0, 1, 2, 3, 3, 4, 4]"}, "174": {"llama8b": "[0, 1, 2, 3, 4]"}, "175": {"llama8b": "[0, 0, 1, 3, 4, 5]\n\nThis node mapping corresponds to the minimum edit cost between the two graphs."}, "176": {"llama8b": "[0, 1, 2, 3, 4, 5, 3]"}, "177": {"llama8b": "[0 -> 0, 1 -> 1, 2 -> 2, 3 -> 3]\n\nThe optimal node mapping is obtained by matching the atoms with the same element in both molecules."}, "178": {"llama8b": "[0, 0, 0, 1, 4]"}, "179": {"llama8b": "[0, 0, 0, 3, 4, 5]"}, "180": {"llama8b": "[1, 1, 2, 3]"}, "181": {"llama8b": "[0, 1, 3, 3, 3, 4, 4, 5]"}, "182": {"llama8b": "[0, 1, 2, 3, 4, 5]"}, "183": {"llama8b": "[1, 0, 0, 3]"}, "184": {"llama8b": "[1, 3, 0, 3, 4]"}, "185": {"llama8b": "[1, 1, 2, 3, 4, 5, 6]"}, "186": {"llama8b": "[0, 1, 2, 1]"}, "187": {"llama8b": "[0, 1, 2, 3, 4, 3, 4]"}, "188": {"llama8b": "[1, 0, 0, 3]"}, "189": {"llama8b": "[0, 0, 1, 3, 4]"}, "190": {"llama8b": "[0, 0, 2, 0, 3, 3]"}, "191": {"llama8b": "[Molecule A: C (atom 0), N (atom 1), C (atom 2), C (atom 3)]\n[Molecule B: O (atom 0), C (atom 1), C (atom 2), O (atom 3)]\n\nOne optimal node mapping: [2, 1, 2, 3]\n\nExplanation: \n- Atom 0 in Molecule A corresponds to atom 2 in Molecule B (relabeling operation).\n- Atom 1 in Molecule A corresponds to atom 1 in Molecule B (no operation).\n- Atom 2 in Molecule A corresponds to atom 2 in Molecule B (no operation).\n- Atom 3 in Molecule A corresponds to atom 3 in Molecule B (no operation)."}, "192": {"llama8b": "[0, 2, 1, 3]"}, "193": {"llama8b": "[1, 3, 2, 3, 4, 2, 4]"}, "194": {"llama8b": "[0, 0, 1, 3, 2, 4]"}, "195": {"llama8b": "[0, 0, 1, 2, 3]\n\nThis node mapping ensures that each atom ID in Molecule A corresponds to exactly one atom ID in Molecule B, resulting in the minimum edit cost between the two graphs."}, "196": {"llama8b": "[0, 3, 2, 4, 1]"}, "197": {"llama8b": "[1, 0, 2, 3]"}, "198": {"llama8b": "[0, 2, 1, 3]"}, "199": {"llama8b": "[2, 3, 2, 3, 4, 4, 6]"}, "200": {"llama8b": "[Molecule A: C (atom 0), C (atom 1), C (atom 2), C (atom 3), C (atom 4), N (atom 5)]\n[Molecule B: C (atom 0), C (atom 1), C (atom 2), O (atom 3), O (atom 4), N (atom 5)]\n\nOne optimal node mapping: [0, 1, 2, 3, 4, 5]."}, "201": {"llama8b": "[0, 0, 2, 3, 3]"}, "202": {"llama8b": "[0, 1, 1, 2, 1]"}, "203": {"llama8b": "[2, 1, 2, 3, 0, 5, 4]"}, "204": {"llama8b": "[0, 0, 1, 1]"}, "205": {"llama8b": "[1, 0, 2, 3]"}, "206": {"llama8b": "[0, 1, 2, 3, 4, 4]"}, "207": {"llama8b": "[1, 0, 1, 2, 3]"}, "208": {"llama8b": "[0, 3, 1, 3, 4]\n\nThis node mapping corresponds to the minimum edit cost between the two graphs."}, "209": {"llama8b": "[0, 1, 1, 3, 4]"}, "210": {"llama8b": "[0, 0, 1, 1]\n\nThis node mapping ensures that each atom ID in Molecule A corresponds to exactly one atom ID in Molecule B, resulting in the minimum edit cost between the two graphs."}, "211": {"llama8b": "[0, 0, 2, 1, 2, 2, 2, 4]"}, "212": {"llama8b": "[0, 1, 2, 3, 4, 5, 4, 7]"}, "213": {"llama8b": "[0, 0, 1, 2, 4]"}, "214": {"llama8b": "[0, 1, 2, 3, 4, 3, 6]"}, "215": {"llama8b": "[0, 1, 2, 1, 1]"}, "216": {"llama8b": "[0, 1, 2, 3, 0]"}, "217": {"llama8b": "[0, 1, 3, 4, 3, 5, 2, 7, 8]"}, "218": {"llama8b": "[0, 2, 1, 3, 3, 4]\n\nThis node mapping ensures that each atom ID in Molecule A corresponds to exactly one atom ID in Molecule B, resulting in the minimum edit cost between the two graphs."}, "219": {"llama8b": "[0, 0, 1, 3]"}, "220": {"llama8b": "[0, 0, 2, 3, 3, 4]"}, "221": {"llama8b": "[0, 0, 1, 2, 3, 5, 6, 2]"}, "222": {"llama8b": "[0, 0, 3, 3]"}, "223": {"llama8b": "[0, 1, 2, 3, 4, 5]"}, "224": {"llama8b": "[1, 3, 2, 0, 2, 5]"}, "225": {"llama8b": "[1, 2, 3, 0]"}, "226": {"llama8b": "[0, 1, 2, 3]\n\nExplanation: The optimal node mapping is obtained by matching the atoms in Molecule A with the atoms in Molecule B based on their atomic numbers. The mapping is as follows: \n\n- Atom 0 in Molecule A corresponds to Atom 0 in Molecule B (both are Carbon).\n- Atom 1 in Molecule A corresponds to Atom 1 in Molecule B (As).\n- Atom 2 in Molecule A corresponds to Atom 2 in Molecule B (Br).\n- Atom 3 in Molecule A corresponds to Atom 3 in Molecule B (Carbon)."}, "227": {"llama8b": "[1, 3, 2, 3, 4]"}, "228": {"llama8b": "[0, 3, 2, 2, 4]"}, "229": {"llama8b": "[0, 3, 1, 1, 1, 4]"}, "230": {"llama8b": "[0, 1, 2, 0, 1]"}, "231": {"llama8b": "[0, 0, 2, 0]"}, "232": {"llama8b": "[0, 1, 2, 3, 4]."}, "233": {"llama8b": "[0, 1, 2, 3]"}, "234": {"llama8b": "[1, 3, 2, 0]"}, "235": {"llama8b": "[0, 3, 2, 3]"}, "236": {"llama8b": "[0, 1, 2, 3, 4, 5, 6]"}, "237": {"llama8b": "[0, 2, 2, 1]\n\nThis node mapping corresponds to the minimum edit cost between the two graphs."}, "238": {"llama8b": "[0, 2, 0, 1, 4]"}, "239": {"llama8b": "[0, 0, 2, 3, 4]"}, "240": {"llama8b": "[0, 2, 1, 3]"}, "241": {"llama8b": "[0, 1, 1, 3, 4, 4, 6, 7]"}, "242": {"llama8b": "[0, 1, 3, 2, 4, 0]"}, "243": {"llama8b": "[0, 1, 1, 3]"}, "244": {"llama8b": "[0, 1, 2, 3, 3]"}, "245": {"llama8b": "[1, 1, 0, 2, 2, 2, 2, 0]"}, "246": {"llama8b": "[0, 3, 1, 2, 3, 5, 2, 7]"}, "247": {"llama8b": "[0, 1, 2, 3, 4, 5, 6, 7]"}, "248": {"llama8b": "[1, 2, 2, 0]"}, "249": {"llama8b": "[0, 1, 2, 3, 4]\n\nExplanation: The optimal node mapping is obtained by matching the atoms in Molecule A with the atoms in Molecule B based on their chemical properties. The mapping is as follows:\n\n- Atom 0 in Molecule A (O) corresponds to Atom 0 in Molecule B (C)\n- Atom 1 in Molecule A (C) corresponds to Atom 1 in Molecule B (Si)\n- Atom 2 in Molecule A (C) corresponds to Atom 2 in Molecule B (F)\n- Atom 3 in Molecule A (Br) corresponds to Atom 3 in Molecule B (F)\n- Atom 4 in Molecule A (Br) corresponds to Atom 4 in Molecule B (C)\n\nThis mapping ensures that each atom ID in Molecule A corresponds to exactly one atom ID in Molecule B, resulting in the minimum edit cost between the two graphs."}, "250": {"llama8b": "[0, 0, 2, 0, 1, 1, 5]"}, "251": {"llama8b": "[0, 1, 1, 1]"}, "252": {"llama8b": "[1, 3, 1, 0]\n\nExplanation: The optimal node mapping is obtained by matching the atoms in Molecule A with the atoms in Molecule B based on their chemical properties. The mapping is as follows:\n\n- Atom 0 in Molecule A (Cl) corresponds to Atom 3 in Molecule B (N)\n- Atom 1 in Molecule A (P) corresponds to Atom 1 in Molecule B (P)\n- Atom 2 in Molecule A (C) corresponds to Atom 2 in Molecule B (F)\n- Atom 3 in Molecule A (C) corresponds to Atom 0 in Molecule B (N)\n\nThis mapping ensures that each atom ID in Molecule A corresponds to exactly one atom ID in Molecule B, resulting in the minimum edit cost between the two graphs."}, "253": {"llama8b": "[0, 1, 2, 1]."}, "254": {"llama8b": "[1, 0, 2, 3, 2, 1]"}, "255": {"llama8b": "[0, 0, 2, 3, 0, 5]"}, "256": {"llama8b": "[Molecule A: C (atom 0), C (atom 1), C (atom 2), N (atom 3), S (atom 4), O (atom 5)]\n[Molecule B: Cl (atom 0), C (atom 1), C (atom 2), Cl (atom 3), C (atom 4), N (atom 5)]\n\nOne optimal node mapping: [1, 1, 2, 5, 4, 5]"}, "257": {"llama8b": "[Molecule A: P (atom 0), O (atom 1), C (atom 2), N (atom 3)]\n[Molecule B: C (atom 0), C (atom 1), F (atom 2), C (atom 3)]\n\nOne optimal node mapping: [1, 0, 2, 3]."}, "258": {"llama8b": "[0, 0, 0, 3]"}, "259": {"llama8b": "[0, 1, 2, 3, 4, 5, 5]"}, "260": {"llama8b": "[1, 2, 2, 3]"}, "261": {"llama8b": "[0, 1, 2, 3, 4, 5]"}, "262": {"llama8b": "[0, 3, 2, 1, 4, 3, 5, 6, 8]"}, "263": {"llama8b": "[0, 1, 1, 3, 4, 2]"}, "264": {"llama8b": "[1, 0, 2, 0]"}, "265": {"llama8b": "[0, 0, 1, 2]"}, "266": {"llama8b": "[0, 0, 2, 3]"}, "267": {"llama8b": "[0, 1, 3, 2]"}, "268": {"llama8b": "[0, 1, 2, 3]"}, "269": {"llama8b": "[0, 2, 1, 3, 2, 3]"}, "270": {"llama8b": "[0, 0, 1, 3]"}, "271": {"llama8b": "[0, 1, 2, 3, 1, 6, 4]"}, "272": {"llama8b": "[0, 1, 2, 3, 3, 3, 5]"}, "273": {"llama8b": "[0, 0, 1, 1, 2, 2, 0, 1, 1]"}, "274": {"llama8b": "[1, 1, 2, 3, 3, 3]"}, "275": {"llama8b": "[Molecule A: C (atom 0), C (atom 1), C (atom 2), C (atom 3), C (atom 4), C (atom 5)]\n[Molecule B: N (atom 0), N (atom 1), C (atom 2), N (atom 3), N (atom 4), C (atom 5)]\n\nNode mapping: [1, 0, 2, 3, 0, 5]"}, "276": {"llama8b": "[0, 1, 2, 3, 4]"}, "277": {"llama8b": "[1, 0, 1, 1, 4, 5, 6, 4, 8]"}, "278": {"llama8b": "[0, 0, 1, 2]"}, "279": {"llama8b": "[0, 1, 2, 3]\n\nExplanation: The optimal node mapping is obtained by matching the atoms in Molecule A with the atoms in Molecule B based on their chemical properties. The mapping is as follows:\n\n- Atom 0 in Molecule A (C) corresponds to Atom 0 in Molecule B (O)\n- Atom 1 in Molecule A (N) corresponds to Atom 1 in Molecule B (Se)\n- Atom 2 in Molecule A (C) corresponds to Atom 2 in Molecule B (Cl)\n- Atom 3 in Molecule A (C) corresponds to Atom 3 in Molecule B (Cl)\n\nThis mapping ensures that each atom ID in Molecule A corresponds to exactly one atom ID in Molecule B, resulting in the minimum edit cost between the two graphs."}, "280": {"llama8b": "[0, 0, 2, 0, 0]"}, "281": {"llama8b": "[0, 1, 2, 3, 3, 0, 6]"}, "282": {"llama8b": "[0, 1, 2, 3, 4, 4, 0]."}, "283": {"llama8b": "[1, 0, 1, 2]"}, "284": {"llama8b": "[1, 0, 2, 3]"}, "285": {"llama8b": "[0, 1, 2, 3, 4]"}, "286": {"llama8b": "[1, 0, 2, 2]"}, "287": {"llama8b": "[0, 2, 0, 3]\n\nThe optimal node mapping is obtained by matching the atoms in Molecule A with the atoms in Molecule B. Atom 0 in Molecule A (O) corresponds to atom 0 in Molecule B (C), atom 1 in Molecule A (P) corresponds to atom 2 in Molecule B (C), atom 2 in Molecule A (Cl) corresponds to atom 0 in Molecule B (C), and atom 3 in Molecule A (O) corresponds to atom 3 in Molecule B (C)."}, "288": {"llama8b": "[0, 1, 2, 3, 2, 2]"}, "289": {"llama8b": "[0, 2, 1, 1]\n\nThis mapping ensures that each atom ID in Molecule A corresponds to exactly one atom ID in Molecule B, and the edit cost is minimized."}, "290": {"llama8b": "[0, 0, 2, 1, 3, 2]"}, "291": {"llama8b": "[0, 0, 1, 3, 4, 2]"}, "292": {"llama8b": "[Molecule A: C (atom 0), C (atom 1), O (atom 2), F (atom 3)]\n[Molecule B: B (atom 0), C (atom 1), C (atom 2), O (atom 3)]\n\nOne optimal node mapping: [1, 1, 2, 3]"}, "293": {"llama8b": "[1, 1, 2, 3, 3, 5, 2, 5, 5]"}, "294": {"llama8b": "[0, 0, 0, 0, 0, 0, 0]"}, "295": {"llama8b": "[Molecule A: Cl (atom 0), C (atom 1), C (atom 2), C (atom 3), C (atom 4), C (atom 5)]\n[Molecule B: B (atom 0), O (atom 1), C (atom 2), C (atom 3), C (atom 4), O (atom 5)]\n\nOne optimal node mapping: [1, 2, 2, 3, 3, 5]"}, "296": {"llama8b": "[1, 2, 2, 0]"}, "297": {"llama8b": "[0, 0, 2, 3, 4, 4]"}, "298": {"llama8b": "[1, 0, 2, 3]"}, "299": {"llama8b": "[0 -> 1, 1 -> 0, 2 -> 2, 3 -> 3, 4 -> 4, 5 -> 5, 6 -> 6]"}, "300": {"llama8b": "[1, 3, 2, 1, 2]"}, "301": {"llama8b": "[1, 0, 3, 2]"}, "302": {"llama8b": "[0, 1, 1, 3]"}, "303": {"llama8b": "[0, 0, 2, 2]"}, "304": {"llama8b": "[0, 0, 2, 3, 4, 3, 6]"}, "305": {"llama8b": "[Molecule A: C (atom 0), O (atom 1), S (atom 2), Cl (atom 3)]\n[Molecule B: Si (atom 0), C (atom 1), C (atom 2), Si (atom 3)]\n\nOne optimal node mapping: [1, 1, 2, 0]\n\nExplanation: \n- Atom 0 in Molecule A (C) corresponds to atom 1 in Molecule B (C).\n- Atom 1 in Molecule A (O) corresponds to atom 1 in Molecule B (C).\n- Atom 2 in Molecule A (S) corresponds to atom 2 in Molecule B (C).\n- Atom 3 in Molecule A (Cl) corresponds to atom 0 in Molecule B (Si)."}, "306": {"llama8b": "[0, 1, 2, 2]"}, "307": {"llama8b": "[1, 0, 1, 1, 4]"}, "308": {"llama8b": "[0, 1, 2, 3]"}, "309": {"llama8b": "[1, 0, 2, 3]"}, "310": {"llama8b": "[1, 0, 2, 3, 0, 4]"}, "311": {"llama8b": "[1, 2, 2, 0]"}, "312": {"llama8b": "[0, 2, 1, 3]"}, "313": {"llama8b": "[1, 3, 2, 3, 4]"}, "314": {"llama8b": "[0, 2, 2, 3, 4]"}, "315": {"llama8b": "[1, 0, 2, 3, 0, 2]"}, "316": {"llama8b": "[0, 1, 1, 3]"}, "317": {"llama8b": "[1, 1, 2, 3, 4]"}, "318": {"llama8b": "[0, 1, 2, 3, 4]\n\nExplanation: The optimal node mapping is obtained by matching the atoms in Molecule A with the corresponding atoms in Molecule B. The mapping is as follows:\n\n- Atom 0 in Molecule A (P) corresponds to atom 0 in Molecule B (C).\n- Atom 1 in Molecule A (C) corresponds to atom 1 in Molecule B (C).\n- Atom 2 in Molecule A (C) corresponds to atom 2 in Molecule B (N).\n- Atom 3 in Molecule A (C) corresponds to atom 3 in Molecule B (N).\n- Atom 4 in Molecule A (O) corresponds to atom 4 in Molecule B (C).\n\nThis mapping ensures that each atom ID in Molecule A corresponds to exactly one atom ID in Molecule B, resulting in the minimum edit cost between the two graphs."}, "319": {"llama8b": "[0, 0, 1, 0]"}, "320": {"llama8b": "[0, 3, 1, 3, 2]"}, "321": {"llama8b": "[0, 1, 1, 0, 4]"}, "322": {"llama8b": "[0, 1, 2, 3, 4, 5]"}, "323": {"llama8b": "[0, 1, 2, 3, 4, 5, 6, 7, 8]"}, "324": {"llama8b": "[0, 2, 1, 1]"}, "325": {"llama8b": "[1, 2, 1, 3]"}, "326": {"llama8b": "[0, 2, 1, 3]\n\nExplanation: \n\nThe node mapping is obtained by finding the minimum edit cost between the two graphs. The optimal mapping is obtained by minimizing the number of edit operations (adding or deleting an edge, adding or deleting an isolated node, or relabeling a node) required to transform Molecule A into Molecule B. \n\nIn this case, the optimal mapping is [0, 2, 1, 3], which means that:\n\n- Atom 0 in Molecule A corresponds to atom 2 in Molecule B (relabeling operation).\n- Atom 1 in Molecule A corresponds to atom 1 in Molecule B (no operation).\n- Atom 2 in Molecule A corresponds to atom 0 in Molecule B (relabeling operation).\n- Atom 3 in Molecule A corresponds to atom 3 in Molecule B (no operation)."}, "327": {"llama8b": "[Molecule A: C (atom 0), C (atom 1), S (atom 2), S (atom 3)]\n[Molecule B: C (atom 0), C (atom 1), Si (atom 2), O (atom 3)]\nNode mapping: [1, 1, 2, 3]"}, "328": {"llama8b": "[0, 1, 2, 3]\n\nExplanation: The optimal node mapping is obtained by matching the atoms in Molecule A with the atoms in Molecule B based on their chemical properties. Atom 0 in Molecule A (C) corresponds to atom 0 in Molecule B (C), atom 1 in Molecule A (O) corresponds to atom 1 in Molecule B (S), atom 2 in Molecule A (C) corresponds to atom 2 in Molecule B (C), and atom 3 in Molecule A (P) corresponds to atom 3 in Molecule B (C)."}, "329": {"llama8b": "[0, 3, 0, 2]"}, "330": {"llama8b": "[0, 2, 1, 3, 4, 5, 1, 6]"}, "331": {"llama8b": "[1, 0, 2, 3]"}, "332": {"llama8b": "[0, 1, 2, 3]"}, "333": {"llama8b": "[0, 1, 2, 3, 4]"}, "334": {"llama8b": "[1, 0, 2, 3]"}, "335": {"llama8b": "[0, 0, 1, 0]\n\nThe optimal node mapping is obtained by matching the atoms in Molecule A with the atoms in Molecule B based on their atomic symbols. The mapping is as follows: S (atom 0) corresponds to C (atom 0), B (atom 1) corresponds to C (atom 1), B (atom 2) corresponds to C (atom 2), and S (atom 3) corresponds to C (atom 3)."}, "336": {"llama8b": "[0, 1, 2, 4, 1, 4]"}, "337": {"llama8b": "[1, 3, 2, 3, 3]"}, "338": {"llama8b": "[0, 1, 2, 3]"}, "339": {"llama8b": "[0, 3, 2, 3, 4]"}, "340": {"llama8b": "[0, 2, 2, 3]"}, "341": {"llama8b": "[0, 2, 2, 3]"}, "342": {"llama8b": "[Molecule A: C (atom 0), C (atom 1), O (atom 2), N (atom 3), F (atom 4), C (atom 5)]\n[Molecule B: Cl (atom 0), C (atom 1), C (atom 2), O (atom 3), N (atom 4), C (atom 5)]\n\nOne optimal node mapping: [1, 1, 2, 4, 4, 1]"}, "343": {"llama8b": "[0, 2, 1, 1]"}, "344": {"llama8b": "[0, 1, 1, 0]"}, "345": {"llama8b": "[0, 0, 2, 3]"}, "346": {"llama8b": "[1, 0, 2, 3, 3]"}, "347": {"llama8b": "[0, 1, 2, 3]\n\nExplanation: The optimal node mapping is obtained by matching the atoms in Molecule A with the atoms in Molecule B based on their chemical properties. The mapping is as follows:\n\n- Atom 0 in Molecule A (C) corresponds to Atom 0 in Molecule B (C)\n- Atom 1 in Molecule A (S) corresponds to Atom 1 in Molecule B (As)\n- Atom 2 in Molecule A (O) corresponds to Atom 2 in Molecule B (N)\n- Atom 3 in Molecule A (Cl) corresponds to Atom 3 in Molecule B (C)\n\nThis mapping ensures that each atom ID in Molecule A corresponds to exactly one atom ID in Molecule B, resulting in the minimum edit cost between the two graphs."}, "348": {"llama8b": "[Molecule A: C (atom 0), N (atom 1), C (atom 2), C (atom 3)]\n[Molecule B: N (atom 0), P (atom 1), N (atom 2), N (atom 3)]\n\nOne optimal node mapping: [0, 0, 2, 2]."}, "349": {"llama8b": "[0, 2, 1, 2]"}, "350": {"llama8b": "[0, 0, 1, 1, 2, 2, 6]"}, "351": {"llama8b": "[0, 0, 2, 0, 0, 2]"}, "352": {"llama8b": "[0, 3, 2, 3, 0, 5, 2]"}, "353": {"llama8b": "[0, 1, 0, 0, 3, 3, 3, 7]"}, "354": {"llama8b": "[0, 0, 1, 3, 2, 2, 2]"}, "355": {"llama8b": "[1, 0, 1, 0]"}, "356": {"llama8b": "[0, 0, 1, 2, 3, 0]"}, "357": {"llama8b": "[1, 3, 0, 3, 2]"}, "358": {"llama8b": "[0, 1, 1, 2, 4]"}, "359": {"llama8b": "[0, 1, 2, 3]"}, "360": {"llama8b": "[0 -> 0, 1 -> 1, 2 -> 2, 3 -> 3]\n\nThe optimal node mapping is to map each atom ID in Molecule A to the corresponding atom ID in Molecule B, resulting in a zero-cost edit operation."}, "361": {"llama8b": "[0, 1, 2, 3, 4, 5]\n\nThe optimal node mapping is obtained by matching the atoms in Molecule A with the atoms in Molecule B based on their atomic symbols. The mapping is as follows:\n\n- Atom 0 in Molecule A (C) corresponds to atom 0 in Molecule B (C)\n- Atom 1 in Molecule A (S) corresponds to atom 1 in Molecule B (C)\n- Atom 2 in Molecule A (C) corresponds to atom 2 in Molecule B (C)\n- Atom 3 in Molecule A (N) corresponds to atom 3 in Molecule B (Cl)\n- Atom 4 in Molecule A (C) corresponds to atom 4 in Molecule B (Cl)\n- Atom 5 in Molecule A (C) corresponds to atom 5 in Molecule B (O)"}, "362": {"llama8b": "[Molecule A: C (atom 0), C (atom 1), C (atom 2), C (atom 3), O (atom 4), O (atom 5)]\n[Molecule B: C (atom 0), O (atom 1), C (atom 2), C (atom 3), C (atom 4), C (atom 5)]\n\nOne optimal node mapping: [0, 1, 2, 3, 4, 5]"}, "363": {"llama8b": "[Molecule A: O (atom 0), N (atom 1), C (atom 2), Br (atom 3)]\n[Molecule B: C (atom 0), C (atom 1), C (atom 2), C (atom 3)]\n\nOne optimal node mapping: [2, 1, 2, 0]\n\nExplanation: The mapping ensures that each atom ID in Molecule A corresponds to exactly one atom ID in Molecule B. The mapping is optimal because it minimizes the edit cost between the two graphs."}, "364": {"llama8b": "[0, 1, 2, 3, 3, 3]\n\nThe optimal node mapping is obtained by matching the atoms in Molecule A with the atoms in Molecule B based on their atomic symbols. The mapping is as follows: Cl (atom 0) in Molecule A corresponds to C (atom 0) in Molecule B, C (atom 1) in Molecule A corresponds to C (atom 1) in Molecule B, O (atom 2) in Molecule A corresponds to O (atom 2) in Molecule B, C (atom 3) in Molecule A corresponds to C (atom 3) in Molecule B, C (atom 4) in Molecule A corresponds to C (atom 4) in Molecule B, and O (atom 4) in Molecule A corresponds to O (atom 5) in Molecule B."}, "365": {"llama8b": "[1, 2, 2, 3, 2]"}, "366": {"llama8b": "[1, 2, 2, 0]"}, "367": {"llama8b": "[0 -> 0, 1 -> 1, 2 -> 2, 3 -> 1, 4 -> 3, 5 -> 2, 6 -> 3]"}, "368": {"llama8b": "[0, 1, 2, 3, 0, 4, 5, 6]"}, "369": {"llama8b": "[0, 1, 2, 3, 4]"}, "370": {"llama8b": "[1, 3, 1, 3, 3, 5]"}, "371": {"llama8b": "[0, 1, 2, 3, 4, 5, 5, 6]"}, "372": {"llama8b": "[Molecule A: C (atom 0), C (atom 1), Br (atom 2), C (atom 3)]\n[Molecule B: C (atom 0), C (atom 1), C (atom 2), F (atom 3)]\n\nOne optimal node mapping: [0, 1, 2, 2]"}, "373": {"llama8b": "[1, 0, 2, 1]"}, "374": {"llama8b": "[0, 2, 2, 6, 1, 1, 6]"}, "375": {"llama8b": "[0, 1, 2, 3]"}, "376": {"llama8b": "[0, 1, 1, 2, 1, 5, 6]"}, "377": {"llama8b": "[1, 3, 0, 1]"}, "378": {"llama8b": "[1, 2, 2, 3, 4, 2, 4]"}, "379": {"llama8b": "[0, 1, 2, 3, 3, 4]"}, "380": {"llama8b": "[1, 3, 2, 4, 5, 5, 0]"}, "381": {"llama8b": "[0, 1, 2, 1]"}, "382": {"llama8b": "[0, 1, 2, 3, 4, 5, 6, 7, 8]"}, "383": {"llama8b": "[0, 0, 1, 3]\n\nThis node mapping ensures that each atom ID in Molecule A corresponds to exactly one atom ID in Molecule B, resulting in the minimum edit cost between the two graphs."}, "384": {"llama8b": "[1, 3, 1, 0, 4]"}, "385": {"llama8b": "[0, 3, 1, 2, 4]"}, "386": {"llama8b": "[0, 1, 1, 3]"}, "387": {"llama8b": "[0, 2, 2, 1, 1]\n\nThis node mapping corresponds to the minimum edit cost between the two graphs."}, "388": {"llama8b": "[0, 2, 1, 3, 2]"}, "389": {"llama8b": "[1, 3, 2, 3, 0]"}, "390": {"llama8b": "[0, 0, 1, 1, 4, 2]\n\nThis node mapping ensures that each atom ID in Molecule A corresponds to exactly one atom ID in Molecule B, resulting in the minimum edit cost between the two graphs."}, "391": {"llama8b": "[0, 0, 1, 2, 0, 1, 2, 3, 8]"}, "392": {"llama8b": "[0, 3, 2, 3, 4]"}, "393": {"llama8b": "[1, 1, 2, 2, 3, 1, 2, 3, 2]"}, "394": {"llama8b": "[0, 0, 2, 1, 1, 1, 4]"}, "395": {"llama8b": "[0, 0, 1, 1]"}, "396": {"llama8b": "[0, 0, 2, 2, 3, 2, 4]"}, "397": {"llama8b": "[1, 0, 2, 3]"}, "398": {"llama8b": "[0, 3, 2, 3]"}, "399": {"llama8b": "[0, 3, 2, 1]"}, "400": {"llama8b": "[1, 2, 2, 3, 2, 5]"}, "401": {"llama8b": "[1, 1, 2, 3, 4, 4, 0]"}, "402": {"llama8b": "[0, 1, 2, 3, 4, 5]"}, "403": {"llama8b": "[1, 0, 2, 3, 0, 4, 6, 2, 5]"}, "404": {"llama8b": "[0, 1, 2, 3, 4]"}, "405": {"llama8b": "[2, 3, 2, 0, 0, 5]"}, "406": {"llama8b": "[0, 1, 2, 3, 3, 2, 2]"}, "407": {"llama8b": "[0, 0, 1, 2, 3]\n\nThis node mapping ensures that each atom ID in Molecule A corresponds to exactly one atom ID in Molecule B, resulting in the minimum edit cost between the two graphs."}, "408": {"llama8b": "[0, 3, 1, 3, 2]"}, "409": {"llama8b": "[0, 1, 1, 2]"}, "410": {"llama8b": "[1, 2, 2, 0]"}, "411": {"llama8b": "[0, 0, 2, 3, 3, 5, 2, 7]"}, "412": {"llama8b": "[0, 1, 2, 3, 3, 4]"}, "413": {"llama8b": "[0, 2, 2, 3, 4, 4]"}, "414": {"llama8b": "[0, 1, 2, 2, 2, 3, 2]"}, "415": {"llama8b": "[0, 1, 2, 3, 4]"}, "416": {"llama8b": "[0, 2, 2, 1]"}, "417": {"llama8b": "[1, 2, 3, 1, 3, 3, 0]"}, "418": {"llama8b": "[0, 1, 2, 3, 4, 5]"}, "419": {"llama8b": "[0, 3, 1, 2, 4]"}, "420": {"llama8b": "[0, 3, 1, 2, 2, 2, 6]"}, "421": {"llama8b": "[0, 1, 2, 3, 4, 5, 6, 3, 4]"}, "422": {"llama8b": "[0, 1, 2, 3, 3, 5, 5, 4]"}, "423": {"llama8b": "[0, 3, 2, 1]"}, "424": {"llama8b": "[1, 0, 2, 2]"}, "425": {"llama8b": "[1, 3, 2, 3]"}, "426": {"llama8b": "[0, 1, 2, 3, 4, 5]"}, "427": {"llama8b": "[0 -> 0, 1 -> 1, 2 -> 2, 3 -> 3, 4 -> 4, 5 -> 5, 6 -> 6, 7 -> 7]"}, "428": {"llama8b": "[0, 1, 2, 3, 4, 2, 2, 2]"}, "429": {"llama8b": "[0, 0, 1, 2, 4, 4]"}, "430": {"llama8b": "[0, 1, 2, 3, 3, 4]"}, "431": {"llama8b": "[1, 2, 2, 3, 1, 5]"}, "432": {"llama8b": "[0, 1, 2, 3]"}, "433": {"llama8b": "[0, 1, 2, 3]"}, "434": {"llama8b": "[0, 0, 1, 1, 2, 2, 1, 2]"}, "435": {"llama8b": "[0, 3, 2, 3]"}, "436": {"llama8b": "[0, 1, 2, 3, 3, 4, 6, 7]"}, "437": {"llama8b": "[0, 0, 0, 1, 3, 2, 3, 7]"}, "438": {"llama8b": "[0, 1, 2, 3, 1, 1, 2, 2, 8]"}, "439": {"llama8b": "[0, 0, 1, 3]"}, "440": {"llama8b": "[1, 2, 2, 3, 2]"}, "441": {"llama8b": "[Molecule A: C (atom 0), N (atom 1), C (atom 2), F (atom 3)]\n[Molecule B: Cl (atom 0), C (atom 1), C (atom 2), N (atom 3)]\n\nOne optimal node mapping: [1, 1, 2, 3]"}, "442": {"llama8b": "[0, 0, 1, 3]"}, "443": {"llama8b": "[0, 1, 1, 3]"}, "444": {"llama8b": "[0, 1, 2, 3, 4, 3]"}, "445": {"llama8b": "[1, 2, 2, 3]"}, "446": {"llama8b": "[1, 3, 1, 2, 4]"}, "447": {"llama8b": "[0, 1, 2, 3, 3]"}, "448": {"llama8b": "[1, 2, 2, 3]"}, "449": {"llama8b": "[0, 1, 2, 3, 4]"}, "450": {"llama8b": "[0, 3, 2, 1, 2]"}, "451": {"llama8b": "[0, 2, 2, 3]"}, "452": {"llama8b": "[0, 1, 2, 2]"}, "453": {"llama8b": "[0, 2, 1, 1, 3]"}, "454": {"llama8b": "[Molecule A: C (atom 0), S (atom 1), O (atom 2), O (atom 3), C (atom 4)]\n[Molecule B: C (atom 0), C (atom 1), C (atom 2), Si (atom 3), S (atom 4)]\n\nOne optimal node mapping: [0, 3, 2, 3, 1]"}, "455": {"llama8b": "[0, 3, 1, 4, 2]\n\nThis node mapping corresponds to the minimum edit cost between the two graphs."}, "456": {"llama8b": "[0, 0, 2, 1, 2, 3]"}, "457": {"llama8b": "[Molecule A: P (atom 0), O (atom 1), N (atom 2), S (atom 3)]\n[Molecule B: C (atom 0), C (atom 1), C (atom 2), O (atom 3)]\n\nOne optimal node mapping: [1, 0, 2, 3]"}, "458": {"llama8b": "[0, 1, 2, 3]"}, "459": {"llama8b": "[0, 1, 2, 3, 4]\n\nExplanation: \n\nThe optimal node mapping is obtained by matching the atoms in Molecule A with the atoms in Molecule B based on their chemical properties. \n\n- Br in Molecule A corresponds to C in Molecule B (both are non-metal atoms).\n- C in Molecule A corresponds to C in Molecule B (both are non-metal atoms).\n- C in Molecule A corresponds to C in Molecule B (both are non-metal atoms).\n- C in Molecule A corresponds to C in Molecule B (both are non-metal atoms).\n- O in Molecule A corresponds to O in Molecule B (both are non-metal atoms).\n\nThis mapping ensures that each atom ID in Molecule A corresponds to exactly one atom ID in Molecule B, resulting in the minimum edit cost between the two graphs."}, "460": {"llama8b": "[0, 0, 2, 3, 4]"}, "461": {"llama8b": "[0, 1, 2, 3]"}, "462": {"llama8b": "[1, 0, 2, 3, 1]\n\nThis node mapping ensures that each atom ID in Molecule A corresponds to exactly one atom ID in Molecule B, resulting in the minimum edit cost between the two graphs."}, "463": {"llama8b": "[0, 1, 1, 3, 4]"}, "464": {"llama8b": "[0, 2, 1, 3]"}, "465": {"llama8b": "[0, 1, 2, 2, 3]"}, "466": {"llama8b": "[1, 1, 2, 3, 1, 3, 1]"}, "467": {"llama8b": "[Molecule A: C (atom 0), P (atom 1), Cl (atom 2), Cl (atom 3)]\n[Molecule B: O (atom 0), Si (atom 1), C (atom 2), O (atom 3)]\n\nOne optimal node mapping: [1, 0, 2, 3]."}, "468": {"llama8b": "[0, 1, 2, 1, 4, 2, 3, 7]"}, "469": {"llama8b": "[1, 0, 2, 3]"}, "470": {"llama8b": "[0, 1, 2, 3, 3, 5]"}, "471": {"llama8b": "[0, 0, 2, 3, 4]"}, "472": {"llama8b": "[Molecule A: O (atom 0), C (atom 1), N (atom 2), O (atom 3), C (atom 4), C (atom 5)]\n[Molecule B: C (atom 0), C (atom 1), C (atom 2), C (atom 3), C (atom 4), O (atom 5)]\n\nOne optimal node mapping: [1, 0, 2, 3, 4, 5]"}, "473": {"llama8b": "[1, 2, 1, 2, 2, 5]"}, "474": {"llama8b": "[0, 1, 2, 3, 3, 3, 3]"}, "475": {"llama8b": "[0, 3, 1, 3, 4]"}, "476": {"llama8b": "[0, 1, 2, 3, 4]"}, "477": {"llama8b": "[0, 0, 2, 3, 4]\n\nThis node mapping ensures that each atom ID in Molecule A corresponds to exactly one atom ID in Molecule B, resulting in the minimum edit cost between the two graphs."}, "478": {"llama8b": "[0, 3, 3, 3, 4]"}, "479": {"llama8b": "[0, 1, 2, 3, 4]"}, "480": {"llama8b": "[0, 0, 1, 2, 4, 3, 3]"}, "481": {"llama8b": "[0, 2, 2, 0, 1, 0, 1]"}, "482": {"llama8b": "[0, 1, 2, 3, 4, 5, 3]"}, "483": {"llama8b": "[1, 0, 2, 3]"}, "484": {"llama8b": "[0, 0, 1, 2, 3, 4]"}, "485": {"llama8b": "[0, 0, 2, 2, 4]"}, "486": {"llama8b": "[0, 1, 2, 3, 4, 2, 5, 6]"}, "487": {"llama8b": "[0, 1, 2, 3, 4]"}, "488": {"llama8b": "[0, 1, 2, 3, 3, 5]"}, "489": {"llama8b": "[0, 0, 2, 2, 2]"}, "490": {"llama8b": "[1, 1, 2, 3, 4, 2, 5]"}, "491": {"llama8b": "[0, 1, 0, 1]"}, "492": {"llama8b": "[0, 1, 2, 3, 4, 5, 6, 7, 8]"}, "493": {"llama8b": "[1, 3, 2, 0]"}, "494": {"llama8b": "[0, 0, 2, 3, 3, 1, 1]"}, "495": {"llama8b": "[1, 2, 2, 3, 2, 2, 3]"}, "496": {"llama8b": "[0, 0, 1, 2, 2]"}, "497": {"llama8b": "[1, 2, 2, 3, 5, 4]"}, "498": {"llama8b": "[1, 0, 2, 4, 1, 2, 5]"}, "499": {"llama8b": "[0, 0, 2, 3, 3, 4, 5, 6]"}}