{"0": {"llama": "[YNT, NSH, ROV, VIE, CFC, TEB, YNT]"}, "1": {"llama": "[ZEL, DLH, BPN, DIU, ZEL]"}, "2": {"llama": "[FRO, SVO, MZR, SIN, ILI, RGA, PUE, UBJ, FRO]"}, "3": {"llama": "[AAY, BZV, BNB, MIM, ERN, YRT, AAY]"}, "4": {"llama": "[HGR, AYT, NLA, OBO, AEP, HGR]"}, "5": {"llama": "[SLW, PWQ, BTS, GMZ, UEO, ADU, RCH, SLW]"}, "6": {"llama": "[RKS, HIB, IPT, AHN, SUV, LOD, VOG, RKS]"}, "7": {"llama": "[SFA, VNO, DKR, WMX, SFA]"}, "8": {"llama": "[AJF, MJD, DHI, SPS, AJF]"}, "9": {"llama": "[IXU, KDH, OVD, FRS, YIK, AEP, GMR, OAK, IXU]"}, "10": {"llama": "[DSM, YPN, QFX, LJU, DSM]"}, "11": {"llama": "[LGI, SUR, LKN, BGW, CAI, MDG, CGO, LGI]"}, "12": {"llama": "[YQB, GSP, CYF, CGO, YQB]"}, "13": {"llama": "[JIB, LLK, HAD, DND, OMA, JIB]"}, "14": {"llama": "[PDP, RET, SCE, GAU, PDP]"}, "15": {"llama": "[ENH, TSH, TMS, NOS, OKA, ENH]"}, "16": {"llama": "[CAB, MLW, BCN, SOQ, CAB]"}, "17": {"llama": "[YXX, ACY, YGZ, DEB, YXX]"}, "18": {"llama": "[EBL, VPY, ICN, BVV, EBL]"}, "19": {"llama": "[SID, AHU, LMP, KEM, KSY, AJF, SAN, QBC, SID]"}, "20": {"llama": "[NNB, TRO, QRW, MUW, BFJ, NNB]"}, "21": {"llama": "[KSO, SKE, PVC, KZB, KSO]"}, "22": {"llama": "[AER, VNX, TLE, SBY, CKD, AER]"}, "23": {"llama": "[KSN, PKY, UNN, CKG, KSJ, FUE, DMM, KSN]"}, "24": {"llama": "[JUJ, SFO, GFF, BJZ, JUJ]"}, "25": {"llama": "[LVI, ZSE, IXA, YPL, ANU, LVI]"}, "26": {"llama": "[TLT, ILI, YXJ, BJX, TLT]"}, "27": {"llama": "[FAE, AMS, DJE, XGR, FAE]"}, "28": {"llama": "[ILO, ACX, NST, UET, AHU, ILO]"}, "29": {"llama": "[SHB, JJN, NTN, KYA, SHB]"}, "30": {"llama": "[ARU, YPM, AKV, YCY, ALW, GDX, ARU]"}, "31": {"llama": "[FDH, CZL, YIW, BNC, FDH]"}, "32": {"llama": "[YCY, NDG, VCL, SJO, OLH, YCY]"}, "33": {"llama": "[PUM, WEF, PEC, KTN, PKA, KOA, PUM]"}, "34": {"llama": "[HHN, WRY, MSR, HRG, HHN]"}, "35": {"llama": "[LLW, DUB, YSJ, CJM, HUI, DIN, SHJ, BON, RGI, LLW]"}, "36": {"llama": "[LUV, LPT, FNJ, YSM, LUV]"}, "37": {"llama": "[CXF, YRL, CNM, VLC, CXF]"}, "38": {"llama": "[ASJ, BQL, NPL, HTS, ASJ]"}, "39": {"llama": "[PJA, MQN, GHA, DAY, AKI, PJA]"}, "40": {"llama": "[CEG, NUE, SKT, YPM, YZG, RKA, BHE, OBU, CEG]"}, "41": {"llama": "[UKB, YNZ, AGR, ELC, SMK, BOB, UKB]"}, "42": {"llama": "[GBE, BNI, CCM, YHD, GBE]"}, "43": {"llama": "[YZV, NLT, DSN, BHO, PER, YZV]"}, "44": {"llama": "[TIF, JBQ, BSB, TKG, TIF]"}, "45": {"llama": "[MKW, DLI, HYA, YZF, RGA, MKW]"}, "46": {"llama": "[PLX, GBT, KYA, BUW, MMO, AXM, CAB, COU, KWF, PLX]"}, "47": {"llama": "[MTR, KLU, CSH, KAO, WUZ, MTR]"}, "48": {"llama": "[CAY, WRG, LAS, HUX, AYT, CAY]"}, "49": {"llama": "[PSG, LFR, SAP, SXX, PSG]"}, "50": {"llama": "[KHI, INV, SKO, DCN, BRL, KHI]"}, "51": {"llama": "[SJW, HVB, CPR, MFR, AGA, PZO, PLU, SJW]"}, "52": {"llama": "[NGB, NUE, CLV, AQA, NGB]"}, "53": {"llama": "[CIP, YQL, YGP, UBA, HCR, CIP]"}, "54": {"llama": "[COO, OGS, PKR, LEC, COO]"}, "55": {"llama": "[NGB, HAN, PRI, YPW, NGB]"}, "56": {"llama": "[TCZ, LDU, WKJ, LED, CDJ, TCZ]"}, "57": {"llama": "[KRK, GIZ, CMH, PEM, KRK]"}, "58": {"llama": "[OZC, USU, RNL, TKD, RBR, OLF, OZC]"}, "59": {"llama": "[TBI, YYR, IBZ, SKK, HPH, TBG, TBI]"}, "60": {"llama": "[WTL, YWL, EWR, GRU, WTL]"}, "61": {"llama": "[PDL, LPP, RTM, CHS, ELD, HTS, FEN, RBY, POM, PDL]"}, "62": {"llama": "[VSA, CJC, JJU, LLI, GXH, VSA]"}, "63": {"llama": "[TGU, SAB, FAT, CIK, BGF, SCW, TGU]"}, "64": {"llama": "[GDT, STX, RNO, TEQ, URA, RBY, NDJ, GDT]"}, "65": {"llama": "[ABY, BUR, TTA, DLZ, ABY]"}, "66": {"llama": "[OHH, IKS, WUX, LZY, DHM, EBA, SYB, OOK, OHH]"}, "67": {"llama": "[MOB, YKM, PQS, BAQ, CIA, MOB]"}, "68": {"llama": "[UGB, MBJ, MZL, CGK, VNX, UGB]"}, "69": {"llama": "[YGJ, PDT, YYU, TME, TNW, IMP, RVD, CAI, YGJ]"}, "70": {"llama": "[ABJ, AGA, LYS, BEY, PSS, ABJ]"}, "71": {"llama": "[DYR, RAS, GEG, LUR, DYR]"}, "72": {"llama": "[NDG, TTT, CMH, YRB, GLV, NDG]"}, "73": {"llama": "[VDS, RNS, HER, BIO, VDS]"}, "74": {"llama": "[PBO, FKS, EGM, YXP, PBO]"}, "75": {"llama": "[IBE, PAH, LSI, BAY, HFT, MQJ, DMK, GLV, IBE]"}, "76": {"llama": "[LRR, MFM, CXR, YMM, SHG, SJE, LRR]"}, "77": {"llama": "[SDU, YFO, BSG, KOS, SDU]"}, "78": {"llama": "[DNZ, ISE, NBC, WIC, FAY, AKK, NCU, JUH, DNZ]"}, "79": {"llama": "[HBE, GAE, LIS, MNA, YIE, SCU, MGM, IQT, HBE]"}, "80": {"llama": "[TRW, PKN, PHF, SAP, ATC, DIJ, TML, TRW]"}, "81": {"llama": "[SRA, JST, PLN, YXY, TAE, SRA]"}, "82": {"llama": "[GGW, CLD, PDS, KDV, ABZ, GGW]"}, "83": {"llama": "[BSO, YHD, KTW, GYA, BSO]"}, "84": {"llama": "[KZN, DIU, JIB, NUS, KZN]"}, "85": {"llama": "[BTJ, AOR, YGJ, MDU, RZR, LLU, BTJ]"}, "86": {"llama": "[TGZ, BAZ, PZO, GDZ, TGZ]"}, "87": {"llama": "[JQE, LNY, SSR, ASP, KFS, JQE]"}, "88": {"llama": "[NGB, QUO, CHQ, YIK, NIB, NGB]"}, "89": {"llama": "[AMH, BLZ, SUF, CCC, CRP, BSC, AMH]"}, "90": {"llama": "[ SAN, CLD, HLN, PJM, AQP, TSN, ELQ, IMF, SAN ]"}, "91": {"llama": "[DLM, LFM, ENU, NTX, KUH, DLM]"}, "92": {"llama": "[ICI, PPV, ADK, HRG, ICI]"}, "93": {"llama": "[TAP, TYF, VDH, WLS, TAP]"}, "94": {"llama": "[PBZ, CHO, TAB, BUS, LUW, BKS, TTT, LAU, PBZ]"}, "95": {"llama": "[LIN, DTM, ZUM, DZA, LIN]"}, "96": {"llama": "[HLH, KUA, BKI, SRG, KPV, HLH]"}, "97": {"llama": "[YRL, MKE, CKS, LNB, YRL]"}, "98": {"llama": "[TBG, TCR, AMM, PSG, PEU, TBG]"}, "99": {"llama": "[SNO, YGV, VEL, SPS, RNB, SNO]"}, "100": {"llama": "[ERF, BTS, PFO, ASW, OAJ, RSW, BON, KMJ, CYZ, ERF]"}, "101": {"llama": "[CFK, SDG, LFW, TGO, CGQ, TUG, SDU, RGL, CFK]"}, "102": {"llama": "[DLY, GET, DCN, JGN, MYQ, STV, DLY]"}, "103": {"llama": "[JED, PUY, CXJ, AYP, JED]"}, "104": {"llama": "[LPI, KCZ, NJC, LPB, LPI]"}, "105": {"llama": "[IAO, LXG, ERC, TYS, CHS, IAO]"}, "106": {"llama": "[HRG, PGX, PSR, TMC, CNS, VLN, HRG]"}, "107": {"llama": "[ZSE, TSH, TVC, EDR, ZSE]"}, "108": {"llama": "[IBE, SCE, NDY, NOC, TGM, KGI, AKY, SCL, IBE]"}, "109": {"llama": "[GCH, BKZ, ROW, IQQ, GCH]"}, "110": {"llama": "[SDJ, YZZ, ZBF, KWT, SKK, SDJ]"}, "111": {"llama": "[ABB, OUL, MZW, TEE, ZRJ, PHS, ABB]"}, "112": {"llama": "[FJR, IFN, KME, VEE, TNC, CHX, FJR]"}, "113": {"llama": "[KZI, INZ, LWB, MDU, KZI]"}, "114": {"llama": "[RUT, XSC, IOS, ROB, CAI, ORV, RUT]"}, "115": {"llama": "[PBH, YHY, SDY, BRU, KNS, ERM, PBH]"}, "116": {"llama": "[NCU, LYR, LEQ, PGX, GWD, ABA, LIT, NCU]"}, "117": {"llama": "[YHD, AVP, MHH, MYG, CDB, BNB, BEL, YHD]"}, "118": {"llama": "[YSO, SEN, PPW, HNM, YSO]"}, "119": {"llama": "[MME, KSU, JJU, AAQ, GXF, MME]"}, "120": {"llama": "[LSA, KWI, DSK, CEI, NQN, LSA]"}, "121": {"llama": "[MLO, SCN, SIN, TPE, TPA, MLO]"}, "122": {"llama": "[YYF, SEA, SXR, NJC, YYF]"}, "123": {"llama": "[OZH, DOM, PEM, DPL, OZH]"}, "124": {"llama": "[KHH, TUB, EGS, SVL, KHH]"}, "125": {"llama": "[OMO, OSI, JHB, LYA, OMO]"}, "126": {"llama": "[FRE, SCZ, DAD, KGL, POS, VER, FRE]"}, "127": {"llama": "[PNL, ITM, KYP, MUB, TXK, TCT, PNL]"}, "128": {"llama": "[BJB, PEN, MRY, DOU, BHO, BJB]"}, "129": {"llama": "[DAT, IIL, ADB, WTK, PPB, DAT]"}, "130": {"llama": "[KBP, KUF, YQM, TLA, KBP]"}, "131": {"llama": "[OGZ, MUN, PVD, WLH, OGZ]"}, "132": {"llama": "[MAF, TLN, LRE, KWI, MAF]"}, "133": {"llama": "[YCG, YQZ, CTS, AVA, PER, ABM, YCG]"}, "134": {"llama": "[ACC, TSH, KUN, BTM, TSA, ACC]"}, "135": {"llama": "[HAM, YOG, PSE, DPO, HAM]"}, "136": {"llama": "[SNP, FKI, UNN, SYZ, SNP]"}, "137": {"llama": "[TCT, SPR, HAV, YUX, STN, JGN, TKK, RCM, TCT]"}, "138": {"llama": "[YAK, SLY, BND, JZH, SFN, YAK]"}, "139": {"llama": "[BTH, CEI, KNU, MSQ, TEQ, BWA, YQB, NQU, VAK, BTH]"}, "140": {"llama": "[VEE, BET, VCP, KUT, VEE]"}, "141": {"llama": "[PDV, ERI, TAS, HAJ, PDV]"}, "142": {"llama": "[KKC, URE, DOB, BFL, KKC]"}, "143": {"llama": "[KQT, HAQ, ZAH, DIN, ILM, VOZ, KQT]"}, "144": {"llama": "[SCU, JKH, TPS, KPB, BNY, SCU]"}, "145": {"llama": "[PIS, VCE, EGN, OER, BIL, PIS]"}, "146": {"llama": "[GWT, GTF, HMO, MQH, TIH, GKK, GWT]"}, "147": {"llama": "[TIP, RGK, AVP, VGZ, TIP]"}, "148": {"llama": "[BLK, TLL, LMP, IXG, BKM, AYP, BLK]"}, "149": {"llama": "[PIS, POZ, TLN, LWB, MPN, PIS]"}, "150": {"llama": "[BEW, CJL, SUF, HYA, SMX, IWK, EDR, CIZ, BEW]"}, "151": {"llama": "[LGL, ADE, PZB, HSG, YXT, PPT, LGL]"}, "152": {"llama": "[MED, IWJ, BHY, FAR, MED]"}, "153": {"llama": "[SVG, QJH, BHM, PVC, CJJ, JRO, KAZ, KHV, SVG]"}, "154": {"llama": "[LPP, JUB, SVP, YWP, JKG, LPP]"}, "155": {"llama": "[MAO, OLC, NKI, QOQ, MAO]"}, "156": {"llama": "[APF, YVM, NME, KSM, LLA, VGA, SUG, APF]"}, "157": {"llama": "[FOE, MKG, CPR, YAA, NOB, PBL, UAP, DJB, JHG, FOE]"}, "158": {"llama": "[RKD, AOO, STT, YDP, TLN, GRP, SFN, ZEM, OOK, RKD]"}, "159": {"llama": "[RKS, TNK, KPV, BHX, STM, OMO, MNA, RKS]"}, "160": {"llama": "[CGH, AUX, GGG, ELV, PFQ, MMB, SDL, MUB, BOD, CGH]"}, "161": {"llama": "[WSX, YHP, BRD, VEE, DLE, LKH, VVO, SXR, BUQ, WSX]"}, "162": {"llama": "[TAO, DSK, DED, OGG, HRL, TAO]"}, "163": {"llama": "[LRM, CJL, TGG, ATD, JUB, LRM]"}, "164": {"llama": "[RIW, SAL, CAE, MVT, RIW]"}, "165": {"llama": "[ZSE, PSP, YZT, YZG, PMI, ZSE]"}, "166": {"llama": "[AQI, ZVK, YYY, NQU, AQI]"}, "167": {"llama": "[MSP, LNB, WGA, RAS, WMR, MKM, RJA, MSP]"}, "168": {"llama": "[CNF, CAW, TRF, YDF, MWF, IXC, CNF]"}, "169": {"llama": "[ILG, CMP, SAW, KDI, ILG]"}, "170": {"llama": "[YRT, BSA, STM, BXU, YRT]"}, "171": {"llama": "[TZA, LOE, REP, OZC, MOF, NMA, ZRH, TZA]"}, "172": {"llama": "[EAR, MBS, NCL, BVS, CGQ, EAR]"}, "173": {"llama": "[PEI, TMU, ANU, YFC, KGT, PEI]"}, "174": {"llama": "[YFJ, TGM, DSA, USU, YFJ]"}, "175": {"llama": "[LRD, SKB, PVH, KSM, WRY, DYR, LRD]"}, "176": {"llama": "[IVL, JKL, AQI, DKR, RSA, PSS, MVT, IVL]"}, "177": {"llama": "[YBR, LWN, OGZ, GWD, AKU, GDE, ENU, EPR, BKK, YBR]"}, "178": {"llama": "[LCK, TLM, FRA, RES, LCK]"}, "179": {"llama": "[MBA, GYD, CJJ, MOT, MBA]"}, "180": {"llama": "[ASJ, KQT, GRP, ELS, ASJ]"}, "181": {"llama": "[ERC, TOL, TBN, YTY, SCL, ERC]"}, "182": {"llama": "[CEZ, ZPB, ENA, HEH, BXU, KID, BWT, PCR, CEZ]"}, "183": {"llama": "[AKY, ULP, TRG, CZS, AKY]"}, "184": {"llama": "[SJW, GAJ, DEL, NRK, ORB, SJW]"}, "185": {"llama": "[PLQ, YCS, MDU, KAZ, PLQ]"}, "186": {"llama": "[EGN, UET, VNO, PZO, WNN, YTQ, EGN]"}, "187": {"llama": "[KIM, MQH, OPS, BGF, BNK, KIM]"}, "188": {"llama": "[KTM, NOU, COD, YVP, CLE, ROO, KTM]"}, "189": {"llama": "[YCO, MWA, PPK, KOO, YCO]"}, "190": {"llama": "[IXC, NSK, AOE, BVH, IXC]"}, "191": {"llama": "[ZLT, SVQ, MAM, CIJ, ZLT]"}, "192": {"llama": "[GWL, PRH, ARN, JLN, GWL]"}, "193": {"llama": "[TSV, ASO, ZAZ, YNJ, TSV]"}, "194": {"llama": "[CAJ, GET, PLW, GMB, AXD, MST, LGW, CAJ]"}, "195": {"llama": "[FRW, STV, BDB, YZG, FRW]"}, "196": {"llama": "[LMM, CIU, YSJ, ZAG, LMM]"}, "197": {"llama": "[SXB, CKY, BIM, SYB, PZB, SXB]"}, "198": {"llama": "[CLD, SAN, IFJ, RKV, QFG, ATQ, NER, IVC, XCH, CLD]"}, "199": {"llama": "[SEN, FKL, ZEL, TNW, SEN]"}, "200": {"llama": "[LMC, BLJ, VNO, PUY, YZZ, WUZ, LMC]"}, "201": {"llama": "[YHM, PND, RST, STM, MQX, FUJ, GIS, ABX, YHM]"}, "202": {"llama": "[UYU, SCE, YVQ, ACC, BHH, IXJ, UYU]"}, "203": {"llama": "[THU, YQU, ZEM, PHB, SAP, BIM, LCK, THU]"}, "204": {"llama": "[MOZ, PPP, LCY, CMH, BRD, LMM, BUR, DEE, MOZ]"}, "205": {"llama": "[PJA, KHI, CEK, THL, IAO, PJA]"}, "206": {"llama": "[RMP, KIX, ZAH, HOG, BMU, RMP]"}, "207": {"llama": "[BME, THD, JKR, GOQ, KHV, LTI, AQI, RUH, BKO, BME]"}, "208": {"llama": "[KTS, EIN, UUD, LXA, TCO, KTS]"}, "209": {"llama": "[SDQ, TUA, BUS, NYU, KUD, KKJ, RSU, JNB, SDQ]"}, "210": {"llama": "[CFU, TEQ, TLN, JUU, ANX, YRL, NOV, VLI, CHY, CFU]"}, "211": {"llama": "[MJT, TSR, LCA, BDL, LCH, MJT]"}, "212": {"llama": "[UKS, TMP, EWR, ACT, VDH, ULP, UKS]"}, "213": {"llama": "[PIR, SPI, SNU, ESM, MJD, BRQ, WTK, PIR]"}, "214": {"llama": "[TAC, YKS, BAY, TUI, YOL, MAU, TAC]"}, "215": {"llama": "[LMN, THS, AXR, MKP, KRP, YWG, LMN]"}, "216": {"llama": "[ZSE, LZO, PNZ, YVP, BLV, ZSE]"}, "217": {"llama": "[KVD, BJF, MDT, JST, SLN, PGD, EUX, DLG, KVD]"}, "218": {"llama": "[KRF, RKV, FEN, TNW, GOI, KRF]"}, "219": {"llama": "[YAG, DIK, MSR, IST, FOR, MOF, YAG]"}, "220": {"llama": "[OSM, NOZ, MKQ, AOS, BSC, OSM]"}, "221": {"llama": "[PLJ, AXM, VXE, ETZ, SVA, PLJ]"}, "222": {"llama": "[ENE, CAL, LZY, STX, ENE]"}, "223": {"llama": "[BVI, RNN, TRE, CVU, ZRJ, BVI]"}, "224": {"llama": "[RPR, BND, GWD, CAN, YVZ, OAX, KVL, RPR]"}, "225": {"llama": "[MRE, INH, BYO, KUO, ORY, KUU, PPV, BNS, CZE, MRE]"}, "226": {"llama": "[LSE, DRO, YGZ, PLU, WMX, LSE]"}, "227": {"llama": "[KVX, ROI, DUJ, FKL, GYE, LMC, KVX]"}, "228": {"llama": "[TWU, GLO, CZL, ASV, PPP, MKL, TWU]"}, "229": {"llama": "[XEQ, VIS, ZUM, YKG, QSF, TGH, XEQ]"}, "230": {"llama": "[MDC, CIF, GAN, PAF, IMP, MAO, SHR, SCK, MNT, MDC]"}, "231": {"llama": "[BPN, MPH, JGN, RAB, PGU, NBO, MGA, BPN]"}, "232": {"llama": "[IKT, WUZ, YQG, PNZ, IKT]"}, "233": {"llama": "[DBV, CCS, PBC, UST, WEI, MWF, RLK, HKG, KHN, DBV]"}, "234": {"llama": "[FYU, PIA, SUG, GWL, FYU]"}, "235": {"llama": "[AFA, IPL, EAU, FSC, SLH, AFA]"}, "236": {"llama": "[MKK, JAL, IQQ, CGK, MKK]"}, "237": {"llama": "[FYU, CWA, MAR, HAU, SXR, FYU]"}, "238": {"llama": "[XQP, CYB, VVO, TUK, XTG, XQP]"}, "239": {"llama": "[FJR, CPD, KGC, LAR, DOK, DUS, PEG, ZBL, KIX, FJR]"}, "240": {"llama": "[BWK, ELU, VAN, FLW, YQK, BWK]"}, "241": {"llama": "[MJF, QUV, YQU, VAK, MJF]"}, "242": {"llama": "[MRX, GXH, ZHY, KUA, OTZ, MRX]"}, "243": {"llama": "[LXS, JSH, MJF, NOJ, KUF, MAO, LXS]"}, "244": {"llama": "[MZH, BSR, AUH, DED, HKD, YVM, ARK, HUH, MZH]"}, "245": {"llama": "[YXL, YEV, DSA, VLL, YPJ, ELC, YXL]"}, "246": {"llama": "[QFN, MJV, BJL, POL, INH, KSM, QFN]"}, "247": {"llama": "[SYD, KMQ, BQS, PAP, BIR, ROW, NRL, QRW, SYD]"}, "248": {"llama": "[IAA, BUZ, MAA, CMU, YOP, MAH, MDK, IAA]"}, "249": {"llama": "[SYQ, NYA, ANM, MXH, SYQ]"}, "250": {"llama": "[YBG, CEZ, CGN, EGO, TUF, LYI, GOV, VLI, YBG]"}, "251": {"llama": "[THX, HEA, RVN, ZUH, PBL, THX]"}, "252": {"llama": "[YNT, PKY, NNB, AQA, YNT]"}, "253": {"llama": "[VRA, PMZ, SLN, MJV, VCE, TFF, BZV, VRA]"}, "254": {"llama": "[CIK, SLQ, AOS, SGF, CRM, STZ, CIK]"}, "255": {"llama": "[YAK, VLC, DYU, KUL, NNB, YAK]"}, "256": {"llama": "[ZOS, BAL, ANX, TIV, LBB, TEE, ZOS]"}, "257": {"llama": "[UUS, KET, FVM, EYW, MOD, UUS]"}, "258": {"llama": "[KJA, LUQ, OAL, KWE, KJA]"}, "259": {"llama": "[MCP, RJL, TCB, GSM, MCP]"}, "260": {"llama": "[BHU, MMJ, MNG, PBJ, BHU]"}, "261": {"llama": "[PVU, GRR, ZKG, SNP, DAD, PVU]"}, "262": {"llama": "[DRG, SMK, RRS, JNX, DAD, BRL, DRG]"}, "263": {"llama": "[SLU, CUN, GHA, LIN, MGF, SLU]"}, "264": {"llama": "[YZR, LMM, KPR, UNK, PMW, YZR]"}, "265": {"llama": "[LPS, ELV, ITM, HKD, INU, LCA, LPS]"}, "266": {"llama": "[YAY, CCF, ONQ, ILR, YAY]"}, "267": {"llama": "[MXH, UPG, DNH, LMP, ILR, FAV, CIU, ELH, MXH]"}, "268": {"llama": "[CAC, NDY, KIR, AXD, CAC]"}, "269": {"llama": "[CTM, MAH, WIN, DAT, CTM]"}, "270": {"llama": "[CGH, GUA, YHK, LOS, TAE, CGH]"}, "271": {"llama": "[BJX, YHM, BGW, PPP, BJX]"}, "272": {"llama": "[VLC, BGF, ASF, YGW, VLC]"}, "273": {"llama": "[CPT, HOD, COK, YNP, SHG, SCW, CPT]"}, "274": {"llama": "[KPO, UEO, JAI, MMO, KPO]"}, "275": {"llama": "[KLO, HTI, POP, PND, KLO]"}, "276": {"llama": "[JNG, BPN, KUL, YYD, SYR, URG, BNK, JNG]"}, "277": {"llama": "[REC, DCA, YYE, IPL, VCP, THL, REC]"}, "278": {"llama": "[MSP, BPX, IXA, THE, CTG, MSP]"}, "279": {"llama": "[LCK, PSM, CZL, MYD, LCK]"}, "280": {"llama": "[TID, HVG, LCA, IXC, ULK, CRI, YIF, KHQ, GET, TID]"}, "281": {"llama": "[FUK, SUG, KKB, JNU, KRN, MGB, PDP, FUK]"}, "282": {"llama": "[MUC, ISC, HDF, NJC, PXU, ENE, VDH, YZG, IQQ, MUC]"}, "283": {"llama": "[BRA, PNR, KID, TUB, WKJ, YGT, BRA]"}, "284": {"llama": "[OZZ, ALC, HGA, SJE, FVM, DJJ, DCN, OZZ]"}, "285": {"llama": "[LLI, KRN, LAU, GVR, YLE, LLI]"}, "286": {"llama": "[IRJ, WUX, PDG, MUR, WUZ, NME, IRJ]"}, "287": {"llama": "[YZR, MTY, CZU, HGA, SEZ, YZR]"}, "288": {"llama": "[RLK, LUH, HAH, GSP, RLK]"}, "289": {"llama": "[ZOS, AAT, KCH, YXT, ZOS]"}, "290": {"llama": "[LDE, JNS, PFQ, PTY, DYG, LDE]"}, "291": {"llama": "[RJL, GDX, TTT, BSO, CXI, RJL]"}, "292": {"llama": "[SFL, LRT, VIJ, UNG, SFL]"}, "293": {"llama": "[CBH, SKE, GRB, YWB, BQS, MCY, CBH]"}, "294": {"llama": "[NAP, PXO, ALG, BQL, SJI, AGX, BSB, NAP]"}, "295": {"llama": "[CUC, PAH, HOR, JGA, CUC]"}, "296": {"llama": "[FKI, RJL, REG, AYT, TRV, BEU, SCU, FKI]"}, "297": {"llama": "[MGZ, JAI, LAE, YMM, AKN, IGG, MGZ]"}, "298": {"llama": "[MGW, IBZ, LHE, MEG, MGW]"}, "299": {"llama": "[RIA, KAZ, CYZ, YGP, RIA]"}, "300": {"llama": "[BBO, SAH, RUH, CKZ, MHH, PEU, MGF, BFQ, KSA, BBO]"}, "301": {"llama": "[ZBL, MFR, KSM, KHQ, ZBL]"}, "302": {"llama": "[HSV, BUR, KPB, RBA, MGQ, HSV]"}, "303": {"llama": "[GRO, KRT, DLA, NPE, GRO]"}, "304": {"llama": "[CLY, YYG, GTR, GLF, TJA, VDM, YWL, OSW, OOK, CLY]"}, "305": {"llama": "[JPR, STL, TBS, XBJ, JPR]"}, "306": {"llama": "[OBY, SML, CYB, MME, GYS, HFE, DRV, BTJ, OBY]"}, "307": {"llama": "[JYV, TBB, LUM, IFJ, SVU, JYV]"}, "308": {"llama": "[REU, VIG, YVQ, KAW, MBA, REU]"}, "309": {"llama": "[RPR, TST, PKR, KER, YKT, UDI, JPR, NOB, LGA, RPR]"}, "310": {"llama": "[PDL, RGK, TGI, EDR, CNS, UBJ, WAG, PDL]"}, "311": {"llama": "[CUM, TUN, SDN, AOK, RES, CUM]"}, "312": {"llama": "[BOM, SZE, TRD, YBX, VEL, PMC, WGP, BOM]"}, "313": {"llama": "[CGI, COU, SOU, GOA, DLE, PZB, VRC, PTJ, CGI]"}, "314": {"llama": "[TLM, HAU, YSJ, DBQ, TAE, TLM]"}, "315": {"llama": "[ROT, AFA, TUC, YXP, SJD, THX, ROT]"}, "316": {"llama": "[ROK, MKK, WWP, KCK, PZH, KGQ, IQQ, ROK]"}, "317": {"llama": "[OGL, YSO, AOI, MQM, DIG, VKG, OGL]"}, "318": {"llama": "[EDI, TER, LEN, PAS, PQQ, TCQ, ULG, PPG, EDI]"}, "319": {"llama": "[YSM, VLD, NIB, TGI, SNW, YSM]"}, "320": {"llama": "[PMO, NIM, FEN, XGR, PMO]"}, "321": {"llama": "[ONJ, USM, BDP, HVB, BHX, SPS, ONJ]"}, "322": {"llama": "[UPK, UPN, JBQ, YJT, OSS, AUH, JMU, RBR, CCK, UPK]"}, "323": {"llama": "[PGD, MEM, JAI, PMF, LZY, MYA, PGD]"}, "324": {"llama": "[AUQ, OAG, ROK, KJA, GUW, YSY, ZAM, CIX, AUQ]"}, "325": {"llama": "[SCZ, LKH, YWL, RES, SCZ]"}, "326": {"llama": "[TRG, MBT, NLD, PSE, TRG]"}, "327": {"llama": "[GLF, IQN, JNX, ORI, GLF]"}, "328": {"llama": "[YNG, INZ, KSH, CJJ, YNG]"}, "329": {"llama": "[TJM, RRS, GTR, MCO, KCG, TBP, TJM]"}, "330": {"llama": "[KOV, GBE, GCI, PAZ, SDY, KOV]"}, "331": {"llama": "[YKL, CMW, TAM, BYC, NKM, YKL]"}, "332": {"llama": "[LRS, NYO, JLR, CJM, PEU, NUI, PPK, MHC, LRS]"}, "333": {"llama": "[MVY, IRZ, VAR, PNQ, MVY]"}, "334": {"llama": "[SSH, NGO, OKJ, CZX, DLC, SBY, LNV, SSH]"}, "335": {"llama": "[TUC, TUF, WUZ, JGA, TUC]"}, "336": {"llama": "[LXS, ILM, HYA, ZKE, PUJ, BFJ, DUB, LXS]"}, "337": {"llama": "[APF, MEX, CPV, BLQ, ZNZ, BBN, ILO, APF]"}, "338": {"llama": "[KZI, EDL, SZB, BHQ, HNM, KZI]"}, "339": {"llama": "[LOS, AKX, FKS, LZC, CUZ, LOS]"}, "340": {"llama": "[KCM, KFS, BHV, CJM, KCM]"}, "341": {"llama": "[TWB, KTE, ATH, AVN, YQF, PEE, TWB]"}, "342": {"llama": "[YYY, SAT, SNE, ODO, BQB, YYY]"}, "343": {"llama": "[TZA, TYS, GSO, LCH, PLN, ETZ, TZA]"}, "344": {"llama": "[MCP, RNN, OUA, CDC, MCP]"}, "345": {"llama": "[ROA, JFK, YXE, MZL, CNF, MSU, KDI, KWE, ROA]"}, "346": {"llama": "[PET, VXE, DOL, BHB, TCR, GRV, ARH, DLI, CNS, PET]"}, "347": {"llama": "[TGC, AXR, CLV, AQP, AAT, TGC]"}, "348": {"llama": "[LEQ, NBS, VDH, KWT, LEQ]"}, "349": {"llama": "[LNK, MEM, WAW, RLK, SRG, BPS, LNK]"}, "350": {"llama": "[CMG, YRL, BQK, MYW, NOS, CMG]"}, "351": {"llama": "[PLM, IAS, RDZ, CLV, PLM]"}, "352": {"llama": "[ISA, KSA, TOY, HRG, ART, MKG, ISA]"}, "353": {"llama": "[KOI, BWI, KTW, YHK, KOI]"}, "354": {"llama": "[ACR, YDF, SKK, FLS, ACR]"}, "355": {"llama": "[CFU, VOL, MEM, RHI, RUN, BHE, CFU]"}, "356": {"llama": "[OIM, DOY, YCU, MZW, BNX, LMA, CYO, ULG, OIM]"}, "357": {"llama": "[CAB, TCG, SBW, LBB, CAB]"}, "358": {"llama": "[EBL, TUO, PBC, HVR, EBL]"}, "359": {"llama": "[DME, JLR, ULN, SJC, MIA, DME]"}, "360": {"llama": "[KRT, CEZ, MSY, NAP, KRT]"}, "361": {"llama": "[MYG, YWB, CPC, KUZ, MYG]"}, "362": {"llama": "[YZF, JIK, PEZ, NCL, SHX, TMW, YZF]"}, "363": {"llama": "[RKD, FDE, KGS, KYA, DRG, GVR, CGB, KIX, RKD]"}, "364": {"llama": "[TPP, MCK, IVL, PXO, RHO, NME, IKT, BNY, TPP]"}, "365": {"llama": "[JJN, YIW, FUT, RBV, GRV, JJN]"}, "366": {"llama": "[DME, TIF, HRB, PSG, SIC, AGT, DME]"}, "367": {"llama": "[SLK, XNA, ALS, UNK, SLK]"}, "368": {"llama": "[EGC, YTL, SIT, GKA, EGC]"}, "369": {"llama": "[KZN, DIY, DOL, WIL, KZN]"}, "370": {"llama": "[JED, ROP, TKE, CBB, JED]"}, "371": {"llama": "[PET, GYN, YPR, QFX, DBA, MIM, PET]"}, "372": {"llama": "[PJM, JCB, SCN, FUO, HPH, PPG, PJM]"}, "373": {"llama": "[PUJ, BLA, ZIH, LRE, PUJ]"}, "374": {"llama": "[CFE, LGP, USU, MFU, BUC, ZLO, CFE]"}, "375": {"llama": "[HNA, KUD, TBW, TMU, HNA]"}, "376": {"llama": "[TGC, ENE, LJU, ZEL, ELM, TGC]"}, "377": {"llama": "[LNK, EJA, GUW, KUF, LNK]"}, "378": {"llama": "[MMU, CWL, PRN, KUA, GKA, MMU]"}, "379": {"llama": "[RNN, WAT, JUZ, SHX, CEM, RNN]"}, "380": {"llama": "[AXK, EVE, PUW, LAD, DMM, KPN, AXK]"}, "381": {"llama": "[SJW, KBV, SCO, SPC, YNG, UYU, SJW]"}, "382": {"llama": "[AAX, UIB, PVC, SHR, DAD, AAX]"}, "383": {"llama": "[KLO, USM, VLY, BEB, UAQ, KLO]"}, "384": {"llama": "[ZBL, YKS, WMI, MTJ, NLD, ZBL]"}, "385": {"llama": "[HGU, WWK, VLY, LSI, AES, VLV, SPR, CVG, HGU]"}, "386": {"llama": "[ILO, GSM, IAD, LGA, ILO]"}, "387": {"llama": "[PDP, LKE, IZA, AZN, BUZ, NLT, PDP]"}, "388": {"llama": "[NAS, KTS, WHK, OVS, NAS]"}, "389": {"llama": "[YBC, YAG, YGW, YVM, FNC, FRA, FEZ, GOV, VLS, YBC]"}, "390": {"llama": "[YAP, YXX, HTN, BDQ, RIG, YAP]"}, "391": {"llama": "[KTS, CDB, CNY, GEL, TLM, KTS]"}, "392": {"llama": "[MUC, CFK, KRR, KIN, MUC]"}, "393": {"llama": "[AOO, OSY, TBW, KKE, TKP, AZS, AOO]"}, "394": {"llama": "[KTS, HID, ACZ, MAO, KTS]"}, "395": {"llama": "[ABM, WLG, SUV, OME, ABM]"}, "396": {"llama": "[XEQ, PSR, YEK, CPO, XEQ]"}, "397": {"llama": "[LXR, UNN, TIU, EDA, LXR]"}, "398": {"llama": "[MTM, PNK, DLZ, RAS, OSD, ROS, MTM]"}, "399": {"llama": "[PLS, DNR, ILD, KVK, SLP, PLS]"}, "400": {"llama": "[ASF, HOR, ANU, DAV, GLF, KIX, ASF]"}, "401": {"llama": "[LKH, DOB, TSJ, IOM, CVG, GDT, WHK, LKH]"}, "402": {"llama": "[OLL, VXC, BHD, KIR, JYV, BRI, WWP, PMR, OLL]"}, "403": {"llama": "[NLK, UNN, DIB, GNM, MDE, LGG, LUZ, NLK]"}, "404": {"llama": "[CCM, PSE, CBH, WEI, CCM]"}, "405": {"llama": "[SJT, THR, HTN, DLZ, SJT]"}, "406": {"llama": "[ARC, KCO, KLU, PGX, FRS, USK, URC, ARC]"}, "407": {"llama": "[CYP, JDZ, JLR, DSK, DIY, DRS, UST, PFB, CYP]"}, "408": {"llama": "[TPQ, YKT, KPR, SNP, OVS, QFN, MLG, TPQ]"}, "409": {"llama": "[ECN, VAR, NUX, EDA, CDB, ILR, ULB, ECN]"}, "410": {"llama": "[BJR, TNR, GSE, NDB, GGG, TTQ, BJR]"}, "411": {"llama": "[MEL, KDV, SPN, FMN, MEL]"}, "412": {"llama": "[TEB, AQJ, HAD, SNO, RNL, TEB]"}, "413": {"llama": "[MAF, SGY, LUR, TTU, IZA, VXC, MAF]"}, "414": {"llama": "[AGB, HFA, YFH, YKA, MOD, TVS, GRU, DWC, AGB]"}, "415": {"llama": "[CLY, SYY, SZZ, KRL, YZY, YTE, ARI, PET, YYZ, CLY]"}, "416": {"llama": "[IVL, ONQ, ZSE, PAF, HUS, IVL]"}, "417": {"llama": "[MDT, KOV, LAD, MGB, MDT]"}, "418": {"llama": "[MCT, JKL, KUL, IGG, MCT]"}, "419": {"llama": "[RAP, YTH, NSQ, KBU, RAP]"}, "420": {"llama": "[SDQ, ESM, CKB, KCA, SDQ]"}, "421": {"llama": "[TSR, AZR, ELM, KMI, TSR]"}, "422": {"llama": "[JJA, MPH, OMR, RHO, MUN, JJA]"}, "423": {"llama": "[NGQ, TAC, CIC, FON, NGQ]"}, "424": {"llama": "[CGA, AHO, JSI, VIE, AJA, SJE, KDU, NAH, STL, CGA]"}, "425": {"llama": "[PMO, YCG, CAE, NBS, PMO]"}, "426": {"llama": "[ATW, ZTB, PDT, PHO, ELV, ATW]"}, "427": {"llama": "[AGB, ESB, SFB, LSP, BHS, AGB]"}, "428": {"llama": "[BOH, MST, BTS, ADD, TRV, TFS, BOH]"}, "429": {"llama": "[MNL, UDR, PDT, KWF, MNL]"}, "430": {"llama": "[SLL, AAN, VIL, KIS, YUM, YDF, HUX, SLL]"}, "431": {"llama": "[PLW, ILR, OTP, TNA, VPY, PLW]"}, "432": {"llama": "[KSO, YNB, KBL, LNJ, DCY, EEK, KSO]"}, "433": {"llama": "[KKR, CUU, CID, YQF, OSI, TIF, OXB, KKR]"}, "434": {"llama": "[GJA, TBI, YRA, UNK, GJA]"}, "435": {"llama": "[HDY, SSH, VAS, VOZ, ULZ, ALB, HDY]"}, "436": {"llama": "[ERF, AWZ, BLR, YTS, TJA, ARM, ERF]"}, "437": {"llama": "[GXF, KRL, ULV, USH, YTS, GNU, OGG, GXF]"}, "438": {"llama": "[PUF, NGQ, DLI, SLL, PUF]"}, "439": {"llama": "[KZN, TMI, KCT, YBP, LBP, MAO, KZN]"}, "440": {"llama": "[LGI, JNU, BOB, GCK, LGI]"}, "441": {"llama": "[LGW, CHO, GDX, TFS, CAI, LGW]"}, "442": {"llama": "[BRQ, GOT, MAN, VOZ, ZLT, YQY, YHI, POG, GKK, BRQ]"}, "443": {"llama": "[GTF, GMB, CBT, WIC, RHD, MCT, GTF]"}, "444": {"llama": "[DNH, BPX, FRA, ARI, DNH]"}, "445": {"llama": "[IAH, SPR, ABL, LGK, KNG, IAH]"}, "446": {"llama": "[BAL, LKG, WKJ, CRM, BHM, DEC, BAL]"}, "447": {"llama": "[TPP, CBB, MLM, ICN, HIN, ODN, TPP]"}, "448": {"llama": "[LPS, SHV, BNA, FMM, AXK, LPS]"}, "449": {"llama": "[MFU, IFO, BKQ, RGI, VVC, MFU]"}, "450": {"llama": "[BNE, YNY, CGM, MUW, GLN, TNG, IXL, RUR, BNE]"}, "451": {"llama": "[MLI, YFH, LEX, QUW, MQX, AJL, MLI]"}, "452": {"llama": "[IFO, THN, HEL, DSA, IFO]"}, "453": {"llama": "[DAL, VUP, YNB, MGZ, DAL]"}, "454": {"llama": "[LVI, YAC, FLL, AXA, ATC, HKN, LVI]"}, "455": {"llama": "[FSM, YOJ, BRL, KWL, FSM]"}, "456": {"llama": "[BQN, ELI, KPN, GUA, HAD, BHS, BQN]"}, "457": {"llama": "[CND, KHY, YAK, FEN, CND]"}, "458": {"llama": "[DCA, JAC, ESM, MVP, CEM, DCA]"}, "459": {"llama": "[SEZ, VAN, KZS, JAL, NDG, SEZ]"}, "460": {"llama": "[KRO, MBI, TLS, LDB, BSC, HDM, IXR, KRO]"}, "461": {"llama": "[URE, MEH, ARH, HIA, PGV, YRT, URE]"}, "462": {"llama": "[PMF, IAN, TCD, LBS, PMF]"}, "463": {"llama": "[KTA, TUK, EUN, HVR, CEZ, PIZ, OPS, KTA]"}, "464": {"llama": "[CPT, VXE, HAS, SLX, CPT]"}, "465": {"llama": "[GIS, KJA, JNS, KPN, GIS]"}, "466": {"llama": "[AGB, GCH, PYH, SJE, AGB]"}, "467": {"llama": "[BKZ, MYT, BVG, MOB, BKZ]"}, "468": {"llama": "[EMD, MYQ, TSH, CBQ, ORI, EMD]"}, "469": {"llama": "[PYJ, MCX, SSG, SDP, ANU, PYJ]"}, "470": {"llama": "[HME, TZX, SCO, ROR, HME]"}, "471": {"llama": "[EYK, OMH, MQX, LLI, UBP, MNT, ZIH, EYK]"}, "472": {"llama": "[CEG, AJF, MLE, JJN, MZV, GFF, SCY, BOG, PLS, CEG]"}, "473": {"llama": "[EWR, YGP, VIG, LDE, TSJ, BDO, STG, RRG, EWR]"}, "474": {"llama": "[JHG, AMD, CLD, SVR, JHG]"}, "475": {"llama": "[PND, CIC, VNX, BJV, RGN, PND]"}, "476": {"llama": "[MMU, YHP, MCO, KRP, LSI, KMG, MMU]"}, "477": {"llama": "[DIL, VCA, MDU, MIR, SHD, VVC, DIL]"}, "478": {"llama": "[RYG, UGC, PJM, KBU, RYG]"}, "479": {"llama": "[POJ, CCP, PVH, RIC, AUY, LCA, WEF, POJ]"}, "480": {"llama": "[OLC, JAN, CSK, MWZ, AJL, RVT, OLC]"}, "481": {"llama": "[FON, SUR, SXO, IJK, KMI, CGY, FON]"}, "482": {"llama": "[OMO, AZD, KGL, DVO, KBR, BUA, PVD, OMO]"}, "483": {"llama": "[HSV, YLH, YVO, PYY, TDX, GUR, PMC, KEP, HSV]"}, "484": {"llama": "[DAR, MLE, LEN, IKE, DAR]"}, "485": {"llama": "[MBJ, VEL, YCL, IWJ, SRG, MBJ]"}, "486": {"llama": "[STT, YFA, LCK, KRT, VXC, MYU, STT]"}, "487": {"llama": "[TJU, LRS, YFJ, ZFM, TJU]"}, "488": {"llama": "[CRK, OST, RYG, XKS, CRK]"}, "489": {"llama": "[DZN, GDQ, BSR, MNG, TBB, DZN]"}, "490": {"llama": "[MIS, RCM, PWM, YYT, TRS, SVD, IXZ, MIS]"}, "491": {"llama": "[AZI, SDG, ABB, AKJ, EYW, CNM, AZI]"}, "492": {"llama": "[IXU, IKA, VOZ, KOK, DLC, BWK, BNC, IXU]"}, "493": {"llama": "[OST, CRA, DIU, ZIH, OST]"}, "494": {"llama": "[GFN, YLE, GAM, CEK, GFN]"}, "495": {"llama": "[APF, SLZ, HND, ODN, BNX, OKL, APF]"}, "496": {"llama": "[MJN, TIA, OUA, HAC, MJN]"}, "497": {"llama": "[OER, ICT, SYB, ZFM, NNB, OER]"}, "498": {"llama": "[MWA, MCE, IXD, BHQ, MWA]"}, "499": {"llama": "[IMP, PHB, UTN, JAC, IMP]"}}