{"0": {"mixtral": " [Pamela Haynes, Kyle Meadows, Anna Lowery, Matthew Lee] or [Pamela Haynes, Kyle Meadows, Adam Nichols, Elizabeth Wood] or [Pamela Haynes, Kyle Meadows, Heather Dixon, Matthew Lee] or [Pamela Haynes, Kyle Meadows, Heather Dixon, Elizabeth Wood]\n\nExplanation:\nThe minimum vertex cover for this network is 4. There are multiple possible solutions, and I have provided 4 of them. Each solution includes 4 users such that every friendship connection has at least one user from this subset. The friendship connections for each solution are covered as follows:\n\n1. [Pamela Haynes, Kyle Meadows, Anna Lowery, Matthew Lee]:\n   - Pamela Haynes and Stephen Hess\n   - Kyle Meadows and Matthew Lee\n   - Kyle Meadows and Stephen Hess\n   - Kyle Meadows and Adam Nichols\n   - Adam Nichols and Stephen Hess\n   - Anna Lowery and Stephen Hess\n   - Heather Dixon and Stephen Hess\n   - Matthew Lee and Stephen Hess\n\n2. [Pamela Haynes, Kyle Meadows, Adam Nichols, Elizabeth Wood]:\n   - Pamela Haynes and Stephen Hess\n   - Kyle Meadows and Matthew Lee\n   - Kyle Meadows and Stephen Hess\n   - Kyle Meadows and Adam Nichols\n   - Adam Nichols and Stephen Hess\n   - Adam Nichols and Heather Dixon\n   - Elizabeth Wood and Stephen Hess\n   - Matthew Lee and Stephen Hess\n\n3. [Pamela Haynes, Kyle Meadows, Heather Dixon, Matthew Lee]:\n   - Pamela Haynes and Stephen Hess\n   - Kyle Meadows and Matthew Lee\n   - Kyle Meadows and Stephen Hess\n   - Kyle Meadows and Adam Nichols\n   - Adam Nichols and Stephen Hess\n   - Heather Dixon and Stephen Hess\n   - Matthew Lee and Stephen Hess\n\n4. [Pamela Haynes, Kyle Meadows, Heather Dixon, Elizabeth Wood]:\n   - Pamela Haynes and Stephen Hess\n   - Kyle Meadows and Matthew Lee\n   - Kyle Meadows and Stephen Hess\n   -"}, "1": {"mixtral": " [Lori Pearson, Mitchell Ramsey, Melissa Ritter, Jacob Barnes]"}, "2": {"mixtral": " [Tiffany Rowland, Jennifer Morris, Brendan Trevino, Bryan Stewart, Jasmine Drake]"}, "3": {"mixtral": " [Alisha Bennett, Monica Willis, Steven Allen, Keith Hale]"}, "4": {"mixtral": " [Chelsey Mcmahon, Amy Roberson, Jeffrey Martin, Edward Mendoza]"}, "5": {"mixtral": " [Jamie Oliver, Martin Parker, Phillip Salazar, Charles Sloan]"}, "6": {"mixtral": " [Mr. Thomas Ayala, Sabrina Olsen, Emily Brock]"}, "7": {"mixtral": " [Mrs. Mariah Murillo DDS, Alexandra Martinez, Lauren Lawson, Andrew Butler] or [Mrs. Mariah Murillo DDS, Kristine Oconnell, Lauren Lawson, Andrew Butler]"}, "8": {"mixtral": " [Jared Murray, Paul Summers, Patrick Kane, William Erickson]\n\nExplanation:\nIn this network, every user is connected to every other user, forming a complete graph (or a clique). In a complete graph, the minimum vertex cover is always the set of users that forms an maximum independent set, which is a set of users where no two users are directly connected. In this case, the maximum independent set is any subset of users with only one user from each friendship connection, which in this case would be either Jared Murray, Paul Summers, Patrick Kane, or William Erickson. Therefore, the minimum vertex cover is the complement of this set, which is [Jared Murray, Paul Summers, Patrick Kane, William Erickson]."}, "9": {"mixtral": " [Mark Campbell, David Taylor, Derek English, Jonathan Ingram] would be a Minimum Vertex Cover for this network. This is because every friendship connection has at least one user from this subset. Any attempt to remove a user from this set would result in not covering all friendships."}, "10": {"mixtral": " [Janet Cordova, Kevin Guerrero, William Hall]"}, "11": {"mixtral": " [Kevin Black, Alexandra Cruz, Patricia Barnett, Victoria Salinas, Brandon Cordova, Sarah Pollard, Alyssa Gray, Maurice Martin]"}, "12": {"mixtral": " [Victoria Williamson, Dr. Brian Barnett, Tanya Mendoza]"}, "13": {"mixtral": " [Heather Black, Crystal Weiss, Angela Martinez, Angela King, Madison Austin]"}, "14": {"mixtral": " [Sara Gregory, Sarah Rodriguez, Stephanie Lawrence]"}, "15": {"mixtral": " [Richard Solis, Kyle Best, Christine Fuentes, Cody Shaw]"}, "16": {"mixtral": " [Michael Mendez, Susan Chen, Laurie White, Sarah Finley, Deborah Burke]"}, "17": {"mixtral": " [Walter Fuller, Kathleen Mcdonald DDS, Chelsea Nguyen]\n\nExplanation:\nThe minimum vertex cover for this network is a subset of users such that every friendship connection has at least one user from this subset. In this case, we can see that if we choose the users Walter Fuller, Kathleen Mcdonald DDS, and Chelsea Nguyen, we cover all the friendships in the network:\n\n- Walter Fuller is connected to Kathleen Mcdonald DDS.\n- Chelsea Nguyen is connected to Lisa Mitchell and Kathleen Mcdonald DDS.\n- Christopher Scott is connected to Kathleen Mcdonald DDS and Amy Marshall, but since Kathleen Mcdonald DDS is already in the subset, we don't need to add Christopher Scott.\n- Cristina Young is connected to Kathleen Mcdonald DDS, but we already have her covered.\n- Lisa Mitchell is connected to Kathleen Mcdonald DDS, but we already have her covered.\n- Kathleen Mcdonald DDS is connected to many users, but we already have her covered.\n- Jeffrey Lara is connected to Kathleen Mcdonald DDS, but we already have her covered.\n- Amy Marshall is connected to Christopher Scott and Kathleen Mcdonald DDS, but since Kathleen Mcdonald DDS is already in the subset, we don't need to add Amy Marshall.\n\nTherefore, the minimum vertex cover is [Walter Fuller, Kathleen Mcdonald DDS, Chelsea Nguyen]."}, "18": {"mixtral": " [Antonio Singleton, Michael Miller, Ryan Rodriguez, Kimberly Johnson]"}, "19": {"mixtral": " [James Ware, Mitchell Campbell, Phillip Marsh] or [James Ware, Mitchell Campbell, Julian Hall]\n\nExplanation:\nIn this network, there are four users and six friendship connections. To find the minimum vertex cover, we need to identify the smallest subset of users that includes at least one endpoint from each friendship connection.\n\nTwo possible minimum vertex covers for this network are:\n1. {James Ware, Mitchell Campbell, Phillip Marsh}\n2. {James Ware, Mitchell Campbell, Julian Hall}\n\nBoth of these subsets have three users and cover all the friendship connections. Any other subset would contain more than three users or fail to cover all the connections."}, "20": {"mixtral": " [Jessica Brewer, Evelyn Franklin, Brian Jenkins]"}, "21": {"mixtral": " [Kayla Mcgrath, Sara Richards, Ryan Bryant, Samuel Schneider, Janet Collins]"}, "22": {"mixtral": " [Lee Espinoza, Margaret Murphy, Sean Hunter, Theresa Scott]"}, "23": {"mixtral": " [Shelley Ferguson, Candice Vincent, Tyler Hansen DDS, Ebony Mcgee]"}, "24": {"mixtral": " [Rebecca Jones, David Barber, Brian Diaz]"}, "25": {"mixtral": " [Gregory Summers, Joseph Mcguire, Alyssa Rodriguez DVM, Perry Holt, Robert Morgan]"}, "26": {"mixtral": " [George Phelps, Marcus Willis, Kathleen Mitchell, Brian Wolf]"}, "27": {"mixtral": " [Lindsey Sanders, Patricia Wolf, Amy Smith, Kyle Gonzalez, David Robbins, Sarah Kelley]"}, "28": {"mixtral": " [Terry Shelton, Eric Henderson]\n\nExplanation:\n\nIn the given social network, the minimum vertex cover consists of two users - Terry Shelton and Eric Henderson. These two users have friendship connections with almost all other users in the network. By selecting them for the vertex cover, we ensure that every friendship connection has at least one user from this subset.\n\nHere's the detailed reasoning:\n\n1. We start by observing that Eric Henderson has the most edges (friendship connections) in the network.\n2. To minimize the vertex cover, we should try to include Eric Henderson, as he would cover many edges.\n3. Next, we need to find another user who shares many connections with others.\n4. Terry Shelton shares connections with 8 different users, which is the second-highest number of connections in the network.\n5. By including both Terry Shelton and Eric Henderson in the vertex cover, we ensure that all their connections are covered.\n6. We can verify that no other user can replace either Terry Shelton or Eric Henderson in the vertex cover, as they would not cover enough edges on their own.\n7. Therefore, the minimum vertex cover for this network is [Terry Shelton, Eric Henderson]."}, "29": {"mixtral": " [Veronica Garcia, Eric Estes, Robin Bryant, Alexander Martinez]"}, "30": {"mixtral": " [Sean Villegas, Kyle Green, Thomas Gilbert, Felicia Washington, Timothy Baldwin]"}, "31": {"mixtral": " [Austin Mendoza, Joseph Hebert, Rodney Hahn, Lori Jackson, Lindsey Quinn]"}, "32": {"mixtral": " [Kenneth Thomas, James Velazquez, Lisa Newton, Karen Joyce]"}, "33": {"mixtral": " [Amanda Jones, Brenda Herrera, Joan Wood, Michelle Torres, Jessica Williamson]"}, "34": {"mixtral": " [Destiny Simpson, Cory Rosales, Preston Mccormick, Melissa Martin]"}, "35": {"mixtral": " [Raymond Carter, Joseph Schwartz, Kimberly Jackson, Paul Bryant]"}, "36": {"mixtral": " [Michael Herman, John Potts, Joshua Garcia, Eric Black, Melinda Robertson]"}, "37": {"mixtral": " [Samantha Briggs, Joshua Simmons, Carrie Hartman, David Taylor, Michael Trujillo]"}, "38": {"mixtral": " [Ivan Wood, Jeffrey Alvarez, Mrs. Angel Payne, Brittany Wilson, Roberto Mclean, Mark Garcia]"}, "39": {"mixtral": " [Xavier Owen, Vanessa Petersen, Victor Edwards, Jeffrey Taylor]"}, "40": {"mixtral": " [Samuel Ortiz, Patrick Wallace Jr., Elizabeth Vazquez, Andrea Fritz, Linda Lane, Denise Clark, Theresa Horn DVM]"}, "41": {"mixtral": " [James Thomas, Amber Raymond, Bill Solomon]"}, "42": {"mixtral": " [Antonio Gutierrez, Barbara Allen, Jose Carpenter]\n\nHere's the explanation:\n1. In this network, there are 4 users and 5 friendships.\n2. A minimum vertex cover for a graph is a subset of vertices such that each edge of the graph is incident to at least one vertex of this subset.\n3. In this case, we can see that if we choose users Antonio Gutierrez, Barbara Allen, and Jose Carpenter, we cover all the friendships.\n4. If we remove any of these users, we will have at least one uncovered friendship.\n5. Therefore, the minimum vertex cover for this network is [Antonio Gutierrez, Barbara Allen, Jose Carpenter]."}, "43": {"mixtral": " [Dr. Jamie Edwards, Calvin Banks, Christina Morgan, Joseph Carter, Paula Ward]"}, "44": {"mixtral": " [Gail Brown, James Ward, Julia Smith, Travis Green]"}, "45": {"mixtral": " [Anthony Carlson, Gabrielle Barr, Thomas Blake]"}, "46": {"mixtral": " [Alison Beck, Jorge Reyes, John Maldonado, Isaiah Powell] is a Minimum Vertex Cover for the given network. Explanation: This subset of users covers all friendships in the network, and no other subset of users with fewer members can achieve this."}, "47": {"mixtral": " [Kimberly Davila, Jonathan Reese, Christian Anderson]"}, "48": {"mixtral": " [Karen Allen, Jennifer Peters, Patricia Beck, Ryan Thornton, Mr. Carl Bautista]"}, "49": {"mixtral": " [Jeffrey Perez, Michaela Pierce, Thomas Singh, Rachel Sutton, Walter Leonard]"}, "50": {"mixtral": " [Debbie Marshall, Brandi Williams, Mary Garner, Kenneth Jones]"}, "51": {"mixtral": " [Phillip Martin, Gregory Golden, Haley Gilbert, Timothy Riley, Penny Gomez, Douglas Martinez]"}, "52": {"mixtral": " [Erin Nguyen, Roberta Jacobson, Samuel Henderson, Sarah Callahan]"}, "53": {"mixtral": " [Kimberly Hill, Lisa Wood, Dwayne Anderson]"}, "54": {"mixtral": " [Travis Williams, Christopher Olsen, Brandon Russell, Cory Jones, Matthew Goodman] or [Adam Johnson, Travis Williams, Christopher Olsen, Brandon Russell, Cory Jones]\n\nExplanation:\nIn this social network, there are two minimum vertex covers due to the symmetry of the graph. The smallest subset of users that can cover all friendship connections includes either user Travis Williams, Christopher Olsen, Brandon Russell, Cory Jones, and Matthew Goodman or user Adam Johnson, Travis Williams, Christopher Olsen, Brandon Russell, and Cory Jones."}, "55": {"mixtral": " [Christopher Joseph, Mr. Jacob Wright DDS, Victor Pugh, Paula Brown]"}, "56": {"mixtral": " [Thomas Kidd, Brett Smith, Aaron Thomas, Jennifer Ramos, Jason Nelson, Scott Chen]"}, "57": {"mixtral": " [Heather Green, Samantha Dickson, Ashley Perry]"}, "58": {"mixtral": " [Gavin Johnson, Keith Ross, Sandra West, Daniel Davis]"}, "59": {"mixtral": " [Nicholas Heath, Kimberly Bolton, Pamela White, David Warner]"}, "60": {"mixtral": " [Mr. Thomas Villarreal, Darren Powers, Kevin Hansen, Daniel Lynch]"}, "61": {"mixtral": " [Craig Klein, Grant Evans, Lori Terry, Stephanie Lee, Kathleen Fletcher]"}, "62": {"mixtral": " [John Johnson, Julian Harmon, James Johnson, Daniel Wells]"}, "63": {"mixtral": " [Steve Warren, Ashley Martin, Henry Willis, Brad Mercado]"}, "64": {"mixtral": " [John Stewart, Matthew Ellis, Cassandra Taylor]"}, "65": {"mixtral": " [Justin Kelly, Jason Davis, Paula Cooper, Amy Jones, James Miller, Christina Griffin]"}, "66": {"mixtral": " [Kendra Weaver, Crystal Flowers, Brian Smith, Douglas Smith, Latoya Cook]"}, "67": {"mixtral": " [Clayton Moreno, Chad Deleon, Joshua Stark]"}, "68": {"mixtral": " [Jonathan Hernandez, Melissa Ferguson, Dustin Hughes, Kerry Walton]"}, "69": {"mixtral": " [Donna Wheeler, Kimberly Brennan, Brandon Moore, Terri Sims]"}, "70": {"mixtral": " [Kimberly Lewis, Wanda Martinez, Angela Smith, Jorge Brooks, Jason Perry]"}, "71": {"mixtral": " [Anthony Butler, Kelly Smith, Patricia Calhoun, Donna Hughes, Robert Atkinson]"}, "72": {"mixtral": " [Kevin Myers, Christopher Chambers, Christopher Knight, Morgan Gonzalez]"}, "73": {"mixtral": " [Wanda Smith, William Reed, Michelle Moore, Zachary Guzman, Joseph Crawford, Megan Neal]"}, "74": {"mixtral": " [Crystal Boyer, Janet Curtis, Shannon Ware, Alexander Jones]"}, "75": {"mixtral": " [Thomas Woods, Donald Miller, Troy Hall, Richard Pena, Danielle Richard, Loretta Butler]"}, "76": {"mixtral": " [Eric Rodriguez, Paul Blackburn, Nicholas Wilkerson, Corey Davis]"}, "77": {"mixtral": " [Jeremy Russell, Kyle Rangel, Adam Brown, Caitlin Jackson, Craig Sandoval]"}, "78": {"mixtral": " [Diana Bartlett, Allen Nash]\n\nExplanation:\nIn the given social network, the minimum vertex cover consists of two users - Diana Bartlett and Allen Nash. These two users have friendship connections with all other users in the network, ensuring that every friendship connection has at least one user from this subset. No smaller subset of users can cover all friendship connections in the network."}, "79": {"mixtral": " [Linda Kirk, Mark Barnett, Nicole Graham, Joshua Lambert]"}, "80": {"mixtral": " [Bradley Wilson, Donna Brown, Rachel Davila]"}, "81": {"mixtral": " [Bruce Watson, Luis Aguirre, Margaret Fisher, Wayne Harris, Thomas Fry]"}, "82": {"mixtral": " [Christina Moreno, Samuel Macias, Tammy Davis, Michelle Stewart, Anthony Lee]"}, "83": {"mixtral": " [Matthew Peterson, Brandi Higgins, Gina Robertson, David Lucero Jr., Craig Fields]"}, "84": {"mixtral": " [Cindy Jenkins, John Morales, Kathy Cruz, Robert Salinas]"}, "85": {"mixtral": " [Sabrina Zimmerman, Dustin Schultz, Janice Morgan, Joe Johnson]"}, "86": {"mixtral": " [Debra Brown, Mercedes Powell, James Riley, Jillian Bass]"}, "87": {"mixtral": " [Kyle Curry, Kristi Jenkins, Molly Ramos, Sandra Watts]"}, "88": {"mixtral": " [Alexis Horton, Holly Rhodes, Mr. Juan Russell, Tiffany Brooks] is a Minimum Vertex Cover for the given social network. Explanation: These 4 users form a smallest subset where each friendship connection has at least one user from this subset."}, "89": {"mixtral": " [Maria Wade, Dr. Joshua Day DDS, Brian Crawford, Caroline Phillips]"}, "90": {"mixtral": " [Ashley James, Brenda Hart, Kenneth Newman, Jorge Lewis]"}, "91": {"mixtral": " [Devon Hall, Ann Smith, Ruth Cochran, Tom Fuller]\n\nExplanation:\nThe minimum vertex cover for this network is four users. Here's how we arrived at this solution:\n\n1. Start by selecting any user from the chain of connections. Let's start with Devon Hall.\n2. Next, select any uncovered friend of the previously selected user. Add Ann Smith to the vertex cover.\n3. Continue adding uncovered friends of the previously selected users until you reach a user who has already been covered. In this case, add Ruth Cochran and Tom Fuller to the vertex cover.\n4. At this point, all users are covered, but we need to minimize the vertex cover. Since Joy Lee is connected to both Devon Hall and Tom Fuller, we can remove either Devon Hall or Tom Fuller from the vertex cover. However, removing Devon Hall would require adding both Ruth Cochran and Ann Smith back to the vertex cover, making it a non-optimal solution.\n5. Therefore, the minimum vertex cover is [Devon Hall, Ann Smith, Ruth Cochran, Tom Fuller]."}, "92": {"mixtral": " [Kimberly Wright, Robert David, Victoria Lewis, Christina Kelley]"}, "93": {"mixtral": " [Carolyn Barrett, Emma Paul, Paul Valencia]"}, "94": {"mixtral": " [Paula Hunt, Nicole Hickman, Karen Thompson, Joseph Knight]"}, "95": {"mixtral": " [Carrie Solis, David Brown, Jeffrey Novak, Tracy Graves]\n\nExplanation:\nIn this social network, there are 4 users and 5 friendship connections. A minimum vertex cover is the smallest subset of users that includes at least one endpoint of every friendship connection.\n\nThe users are: Carrie Solis (CS), David Brown (DB), Jeffrey Novak (JN), and Tracy Graves (TG).\n\nFriendship connections:\n1. CS and TG\n2. CS and DB\n3. CS and JN\n4. DB and TG\n5. DB and JN\n6. TG and JN\n\nBy selecting users from the vertex cover for each friendship connection, we can ensure that every connection has at least one user from the vertex cover:\n\n1. CS (from vertex cover) and TG (from network)\n2. CS (from vertex cover) and DB (from network)\n3. CS (from vertex cover) and JN (from network)\n4. DB (from vertex cover) and TG (from network)\n5. DB (from vertex cover) and JN (from network)\n6. TG (from vertex cover) and JN (from network)\n\nThe minimum vertex cover for this network is [Carrie Solis, David Brown, Jeffrey Novak, Tracy Graves]."}, "96": {"mixtral": " [Kyle Shaw, Morgan Hicks, Cindy Dillon, Breanna Brown, Peter Young, Mark Hernandez]"}, "97": {"mixtral": " [Kristine Lawrence, Randy Hines, Sarah Smith, Michael Powers]"}, "98": {"mixtral": " [Gloria Jackson, Eric Jenkins, Hannah Valentine, Valerie Tucker]"}, "99": {"mixtral": " [Brian Bowen, Samantha Chen, Kelly Ritter, Johnny Robinson]"}, "100": {"mixtral": " [Bridget Reid, Rebecca Washington, Keith Horne, Michele Valdez]"}, "101": {"mixtral": " [Sandra Dominguez, David White, Bianca Jacobson, Kathleen Smith]"}, "102": {"mixtral": " [Christopher Johnson, Amanda Williams, Aimee Hall, Mrs. Sharon Shaw]"}, "103": {"mixtral": " [Jose Burnett, Katherine Lucas, Alicia Miller, Nathan Jones, Kaitlin Mendoza, Valerie Smith, Troy Wilson]"}, "104": {"mixtral": " [Marcus Riggs, Roy Gonzales, David Brown, Jerome Franco]"}, "105": {"mixtral": " [David Williams, Peter Hayes, Kim Fletcher, Austin Howard, Juan Hawkins]"}, "106": {"mixtral": " [Wayne Wiggins, Raymond Olson, Steve Nelson, Cassandra Anderson, Mitchell Peterson, Dorothy Lopez MD, Carol Bennett]\n\nExplanation:\nTo find the minimum vertex cover, we need to select a subset of users such that every friendship connection has at least one user from this subset. In this network, we can observe that Mitchell Peterson has the highest degree (number of connections) with 8 other users. By including Mitchell Peterson in the vertex cover, we can eliminate 8 edges connected to him.\n\nNext, we look for the users with the highest degree among the remaining nodes. Dorothy Lopez MD has the highest degree with 3 connections. Including Dorothy Lopez MD in the vertex cover eliminates 3 more edges.\n\nNow, we have 5 users in our vertex cover: Mitchell Peterson, Dorothy Lopez MD, and three more yet to be determined. We need to select users from the group consisting of Wayne Wiggins, Raymond Olson, Steve Nelson, Cassandra Anderson, Carol Bennett, and Amanda Hansen. Since they all have only one connection each, we can include any 4 of them in the vertex cover to ensure that all edges are covered.\n\nTherefore, the minimum vertex cover for this network is: [Wayne Wiggins, Raymond Olson, Steve Nelson, Cassandra Anderson, Mitchell Peterson, Dorothy Lopez MD, Carol Bennett]."}, "107": {"mixtral": " [Jessica King MD, Darrell Carter, Deanna Gonzalez, Rachel Villa]"}, "108": {"mixtral": " [William Walker, Nicholas Dunn, James Haas, Julia Bowers, Gabriel Young]"}, "109": {"mixtral": " [Mark Gordon, Diana Walker, Daniel Sullivan, Jonathan Mitchell, Daniel Morgan]"}, "110": {"mixtral": " [Gabrielle Gilbert, Frank Greer, Nicole Wilson]"}, "111": {"mixtral": " [Eric Miller, Samuel Jackson, Richard Fernandez, Brian Jimenez, David Dunn, Stacey Browning]"}, "112": {"mixtral": " [Megan Abbott, Jasmine Farmer, Robert King]"}, "113": {"mixtral": " [Edwin Nicholson, Tracy Moss, John Martinez, Adrian Johns]"}, "114": {"mixtral": " [Robert Avila, Kyle Bryant, Lori Anderson, Tiffany Williams]"}, "115": {"mixtral": " [Daniel Williams, James Richards, Mallory Andrade, David Diaz]\n\nExplanation:\nTo find the minimum vertex cover, we need to select a subset of users such that every friendship connection has at least one user from this subset. In this case, we can see that selecting Daniel Williams, James Richards, Mallory Andrade, and David Diaz will cover all the friendships in the network.\n\n- Daniel Williams is connected to James Richards, Mallory Andrade, and Mark Perez.\n- James Richards is connected to Mallory Andrade and Mark Perez.\n- Mallory Andrade is connected to James Richards, Mark Perez, and David Diaz.\n- David Diaz is connected to Mallory Andrade.\n\nBy selecting Daniel, James, Mallory, and David, we cover all the connections without selecting Mark Perez, who is not connected to any other user outside this group. Therefore, this is the minimum vertex cover for this network."}, "116": {"mixtral": " [Rachel Griffin, Kayla Washington, Jordan Peterson, Ricky Cochran, Christopher Moore]"}, "117": {"mixtral": " [Christina Wright, Caleb Garcia, Douglas Martin, Kimberly Jones, Benjamin Williams]"}, "118": {"mixtral": " [Jill Gilbert, Taylor Spencer, Amy Evans]"}, "119": {"mixtral": " [Dr. Troy Gonzales DDS, Kevin Harris, Nicole Andrews]"}, "120": {"mixtral": " [Katherine Erickson, Cassie Barrett, Keith Cox, Scott Washington]"}, "121": {"mixtral": " [Shelly Garcia, Leah Lane, Brianna Andersen, Donna Kelly]"}, "122": {"mixtral": " [William Newman, Sonya Gardner, Patricia Schultz, Melissa Jordan, David Phillips]"}, "123": {"mixtral": " [Mark Allen, Taylor Baker, Ruth Landry, Donna Tucker, William Colon]"}, "124": {"mixtral": " [Christopher Durham, Joseph Hensley, Gabriel Peterson, Amy Conrad]"}, "125": {"mixtral": " [Robert Mendoza, Susan David, Brandon Klein]"}, "126": {"mixtral": " [Carlos Garcia, Michael Gordon, Debra Hoover]"}, "127": {"mixtral": " [Kyle Green, Justin Floyd, Charles Zhang, Priscilla Reynolds, Brian Wu]"}, "128": {"mixtral": " [Gary Henderson, Destiny Thompson, Dr. John Bonilla] or [Gary Henderson, Destiny Thompson, Joanne Lyons]"}, "129": {"mixtral": " [Kaitlyn Gallagher, Mr. Robert Williams II, Rodney Franco, Morgan Garcia, Benjamin Vaughn]"}, "130": {"mixtral": " [Justin Miller, Edward Riley, Tammy Duran]"}, "131": {"mixtral": " [Jason Johnson, Jennifer Ross, Amy Hernandez, Willie Levine, Ariel Hansen]"}, "132": {"mixtral": " [Thomas Rivas, Rhonda Berry, Ann Johnson, Christian Trevino, Sandra Chapman]"}, "133": {"mixtral": " [Daniel Young, Larry Wheeler, Lauren Johnson, Kenneth Martin]"}, "134": {"mixtral": " [Mr. Jason Bray, Daniel Hammond, Jacob Estes, Beth Perry]"}, "135": {"mixtral": " [Nancy Calhoun PhD, Kayla Brown, John Wheeler]"}, "136": {"mixtral": " [Andrew Gray, Toni Anderson DDS, Sarah Hayes, Morgan Reid, Deanna Gomez, Donald Simon]"}, "137": {"mixtral": " [Nathan Ware, Allen Henderson, Vanessa Black, Whitney Douglas]"}, "138": {"mixtral": " [Jeffrey Ingram, Mark West, Mark Herrera, Morgan Riley, Linda Kemp]"}, "139": {"mixtral": " [Julia Williamson PhD, Destiny Solis, Terry Joseph]"}, "140": {"mixtral": " [Robert Kelly, Monica Phillips, Shelly Wagner]"}, "141": {"mixtral": " [Madison Choi, Jimmy Perez, James Armstrong]"}, "142": {"mixtral": " [Stephanie Martin, Connie Yoder, Jennifer Moore]"}, "143": {"mixtral": " [Jamie Lane, Kathleen Gonzalez, David Nichols, Jennifer Moore]"}, "144": {"mixtral": " [Andrew Snyder, Justin Martin, Nathan Baker, Elizabeth Johnson]"}, "145": {"mixtral": " [Emma Thomas, Ryan Phillips, Leslie Wilson, Teresa Harrison]"}, "146": {"mixtral": " [Jillian Rodriguez, Jonathan Spears, Christopher Herrera, David Padilla]"}, "147": {"mixtral": " [Jonathan Patterson, Dennis Taylor, Bryan Ho, Mark Fry, Tom Clark]"}, "148": {"mixtral": " [Lisa Garcia, Karen Cook, Eric White, Gregory Martinez]"}, "149": {"mixtral": " [Jacob Mcbride, Jerry Friedman, Martin Nunez, Victoria Mitchell]"}, "150": {"mixtral": " [Evelyn Taylor, George Russell, Morgan Smith, Erin Matthews]"}, "151": {"mixtral": " [Angel Foster, Kevin French, Glenn Barrett, Kevin Clark]"}, "152": {"mixtral": " [Paul Riggs, Robert Hayes, Anthony Carroll, Jasmine Brown]"}, "153": {"mixtral": " [Angela Sanders, Michael Nelson, Jeremy Scott, Miss Jennifer Rosario]"}, "154": {"mixtral": " [Timothy Aguilar, David Greer, Kimberly Brennan, Ashley Williams, Robert Colon]"}, "155": {"mixtral": " [Sara Ramirez, Diana Cooper, Craig Padilla, Jessica Ramsey, Gregory Benitez, Travis Mccormick, Anthony Mcdonald]"}, "156": {"mixtral": " [Fernando Turner, John Thomas, Nicholas Johnson]"}, "157": {"mixtral": " [Jordan Baker, Carol Williamson, Jaime Johnston, Mrs. Alexis Harrison, Michael Dalton, Michael Gray]"}, "158": {"mixtral": " [Jesus Johnson, Misty Torres, Andres Rangel, Jenna White, Luis Sanchez]"}, "159": {"mixtral": " [Tiffany Wood, Keith Leonard, Matthew Ingram, Rachel Crawford, Jonathan Park]"}, "160": {"mixtral": " [Angela Ruiz, Christopher Mcmahon, Justin Sparks, Charles Thomas, Kyle Thompson]"}, "161": {"mixtral": " [Denise Ward, Steven Walton, Emily Williams, Nicholas Smith, James Hudson, Yvonne Garcia, James Murphy]"}, "162": {"mixtral": " [Jasmine Evans, Ivan Williams, Kathleen Eaton]"}, "163": {"mixtral": " [Amy Perez, Gregory Frost, Emily Lewis]"}, "164": {"mixtral": " [Michael Malone, Regina Mathews, Amy Chan]"}, "165": {"mixtral": " [Vanessa Duffy, Timothy Burgess, Zachary Blankenship, Derrick Davis, Luke Cooper]"}, "166": {"mixtral": " [Kelsey Davis, Andrew Garcia, Holly Smith, Michelle Hendrix]"}, "167": {"mixtral": " [Bruce Mosley, Duane Watts, Holly Smith, Natalie Rhodes]"}, "168": {"mixtral": " [Zachary Leonard DVM, Maureen Winters, Brittany Sosa, Ethan Mendoza]"}, "169": {"mixtral": " [Charles Ward, Nicholas Wolf DVM, Angela Rodriguez, Mrs. Julie Dalton]"}, "170": {"mixtral": " [Jennifer Brown, Karina Mendez, Brandon Rivers, Samuel Lee]"}, "171": {"mixtral": " [Michael Smith, Leslie Campbell, Lauren Brown, Sherri Mills, Edward Case, Barbara Gonzales, Robert Grant]"}, "172": {"mixtral": " [Shawn Kerr, Wyatt Ferguson, Peggy Woods]"}, "173": {"mixtral": " [Stephen Yang, Paul Underwood, Travis Johnson, Samuel Thomas, Dr. Tyler Johnson]"}, "174": {"mixtral": " [Holly Reyes, Linda Sullivan, Joseph Reynolds, Tanya Patel]\n\nExplanation:\n\nThe minimum vertex cover for this network is 4. Here's how we arrived at this solution:\n\n1. Start by selecting Holly Reyes, as she has the most connections. This ensures that at least 6 edges are covered.\n2. Next, select Linda Sullivan, who also has many connections. This covers 7 more edges.\n3. At this point, we need to select at least one more user to cover the remaining connections between Linda Sullivan and other users. Since Joseph Reynolds is connected to Linda Sullivan and Melinda Thomas MD, selecting him will cover 2 more edges.\n4. Finally, to cover the remaining edge between Tanya Patel and James Suarez, select Tanya Patel.\n\nThus, the minimum vertex cover is [Holly Reyes, Linda Sullivan, Joseph Reynolds, Tanya Patel]."}, "175": {"mixtral": " [Joy Ward, Jacqueline Kane, Alejandra Price, Debbie Barr, Rebecca Lam]"}, "176": {"mixtral": " [Sarah Boyd MD, Stephen Evans, Curtis Fitzpatrick, Dan Patrick, Kerry Miller]"}, "177": {"mixtral": " [Angel Sanchez, Heidi Pierce, Robert Whitney]"}, "178": {"mixtral": " [Justin Jones, Stephen Miller, Vanessa Evans]"}, "179": {"mixtral": " [Mr. Joshua Farmer, William Wilson, Karen Nash, Jose Fernandez]"}, "180": {"mixtral": " [Anna Bowman, Brenda Drake, Michael Edwards, Amy Rhodes]"}, "181": {"mixtral": " [Christina Diaz, Alyssa Mitchell, Dakota King, William Mann, Daniel Brown]"}, "182": {"mixtral": " [Christopher Sexton, Tamara Lowe, Bryan Irwin]"}, "183": {"mixtral": " [Tiffany Gray, Veronica Cook, Eric Key (from the example), Mr. Gary Mcdonald MD, Mariah Nelson]"}, "184": {"mixtral": " [Holly Carpenter, Peter Lucas, Kathy Galvan, Kristine Taylor]"}, "185": {"mixtral": " [Benjamin Henderson, Marcus Garcia, Kyle Lloyd, Christopher Hernandez, Victoria Davis]"}, "186": {"mixtral": " [Troy Mullins, Bonnie Greer] is a Minimum Vertex Cover for the given network. Note that there may be other minimum vertex covers with the same smallest size."}, "187": {"mixtral": " [Ana Mays, Gary Martin, Andrea Norman, Laura Cook]"}, "188": {"mixtral": " [Terry Howell, Melissa Hayes]"}, "189": {"mixtral": " [Dr. Rhonda Parker DDS, Kirk May, Edward Gonzalez, Blake Griffin]"}, "190": {"mixtral": " [Gregory Garcia, Jeanette Young, Spencer Johnson, Brian Morris]"}, "191": {"mixtral": " [Natalie Dennis, Justin James, Christopher Wilson, Jodi Bernard]"}, "192": {"mixtral": " [Jonathan Cook, Haley Sanchez, Margaret Vaughn, Sara Lopez]"}, "193": {"mixtral": " [Elizabeth Gardner, Karen Adkins, Michael Martinez]\n\nHere's the explanation:\n\n1. In this social network, there are 5 users and 6 friendship connections.\n2. A minimum vertex cover is the smallest subset of users that covers all the edges (friendship connections).\n3. By observing the connections, we can see that the minimum vertex cover for this network is a subset of users that includes Elizabeth Gardner, Karen Adkins, and Michael Martinez.\n4. This is because each of these users is connected to at least two other users, and removing any one of them would leave some connections uncovered.\n5. Therefore, the minimum vertex cover for this network is [Elizabeth Gardner, Karen Adkins, Michael Martinez]."}, "194": {"mixtral": " [Robert Davis, James Rodriguez, Marco Rodriguez, Thomas Sawyer]"}, "195": {"mixtral": " [Evan Griffin, Matthew Brown, Barbara Fletcher, Manuel Monroe, David Jones]"}, "196": {"mixtral": " [Nicole Jones, Kenneth Lewis, Katie Coleman, Sarah Willis, Nicole Barnes]"}, "197": {"mixtral": " [Megan Braun, William Swanson, Carlos Kelly, Melanie Hayes]"}, "198": {"mixtral": " [Andrew Sanchez, Matthew Johnson, Anthony Johnson, Benjamin Mitchell]"}, "199": {"mixtral": " [Joshua Poole, Maria Lopez, Brian Haley, Katelyn Richardson]"}, "200": {"mixtral": " [Ronald Conner, Andrew Walker, Gerald Callahan, Stephanie Glenn, David Neal]"}, "201": {"mixtral": " [Jennifer Duran, William Spencer, Tiffany Wiggins, Robert Lowery]"}, "202": {"mixtral": " [Carolyn Lloyd, Susan Salinas, Cynthia Baker, Alejandro Allen]"}, "203": {"mixtral": " [Daniel Smith, Ronald Park, Joseph White, Amber Parker, Stephen Rich]"}, "204": {"mixtral": " [Sarah James, Laura Anderson, Billy Floyd DDS, Kelly Cross, Ricky Parker, Lisa Roth, Nathaniel Ray, Andrea Edwards, Kelly Bartlett]"}, "205": {"mixtral": " [Melissa Williams, Gary Contreras, Erica Gordon, Bethany Klein]"}, "206": {"mixtral": " [Peter Schwartz, Christine Saunders, Amanda Anderson]"}, "207": {"mixtral": " [Ashley Austin, Molly Blackwell, Brandon Lewis, Teresa Lucas]"}, "208": {"mixtral": " [Ryan Daniels MD, Gabriel Hall, David Owens, Jennifer Hampton, Susan Contreras]"}, "209": {"mixtral": " [Michelle Watkins, David Allen, Ryan Reynolds, Jeremy Kim, Deanna Howard, Tonya Haas]"}, "210": {"mixtral": " [John Rowe, Amanda Davis, Karen Black, Erin Spears]"}, "211": {"mixtral": " [Keith Mendez, Heather Hernandez, Teresa Cooper, Jill Villegas, Brenda Duran]"}, "212": {"mixtral": " [Shannon Adams, Theresa Banks, Penny Mcmahon, Ray Cochran, Diana Gibson]"}, "213": {"mixtral": " [Katherine Woods, Jordan Rocha, James Reyes, David Scott]"}, "214": {"mixtral": " [Kelly Hernandez, Amy Scott, Terry Ramos, Kim Boyer, Patricia Moore, Stacy Beard]"}, "215": {"mixtral": " [Travis Ferguson, Brian Schroeder, Felicia Lambert, James Ortiz, Mark Russell]"}, "216": {"mixtral": " [Dr. Justin Newton, Catherine Jones, Vicki Walsh, Scott Edwards, Cody Miller]"}, "217": {"mixtral": " [Taylor Cox, Gregory Martinez, Jennifer Juarez, Elizabeth Williams]"}, "218": {"mixtral": " [Lori Sullivan, Nancy Johnson, David Smith, Ryan Solis]"}, "219": {"mixtral": " [Jeffrey Kelley, Mrs. Stephanie Walsh, Douglas Mckinney, Peter Hudson, Melissa Perez, Katherine Cooper, Daniel Townsend]"}, "220": {"mixtral": " [Stephen Peterson, Juan Cruz, Victor Thomas, Brittany Sullivan, Luis Johnson]"}, "221": {"mixtral": " [Kim Martinez, Robert Cooper, Jason Bender, Jennifer Roman]"}, "222": {"mixtral": " [Tracy Anderson, Jamie Smith, Martin Brooks, Claudia Medina]"}, "223": {"mixtral": " [Solution]\nThe minimum vertex cover for this network is: [Emily Garcia, Jennifer Fletcher, Jennifer Thomas, Sheri Herrera, James Morris].\n\nHere's the explanation:\n1. Start by selecting users with the highest degree (number of connections). In this case, Emily Garcia has 12 connections, which is the highest.\n2. Continue with the next highest degree. Jennifer Fletcher has 5 connections, and Jennifer Thomas has 4 connections. Since they are tied, you can choose either one. Let's go with Jennifer Fletcher.\n3. Now, we have 3 users: Emily Garcia, Jennifer Fletcher, and Jennifer Thomas. We need to find more users to cover all the edges that are not yet covered.\n4. Notice that Sheri Herrera has 4 connections that are not yet covered. Add Sheri Herrera to the set.\n5. Now, only 3 edges are not yet covered. James Morris is connected to Jennifer Fletcher and Sheri Herrera, so adding James Morris to the set will cover all the remaining edges.\n6. Therefore, the minimum vertex cover is: [Emily Garcia, Jennifer Fletcher, Jennifer Thomas, Sheri Herrera, James Morris]."}, "224": {"mixtral": " [Robyn Ramos, Mark Brown, Derrick Perez, Lisa Gallagher, Daniel Terry]"}, "225": {"mixtral": " [Anita Hernandez, Christina Moore, Gloria Armstrong, Jeffrey Castro]"}, "226": {"mixtral": " [Linda Lopez, Jonathan Goodman, Thomas Mitchell, Sheila Cantu]"}, "227": {"mixtral": " [Anthony Alvarez, James Johnston, Krista Robinson, Hector Hughes, Steve Clark]"}, "228": {"mixtral": " [Paul Jenkins, Matthew Garrett, Adam Norris]"}, "229": {"mixtral": " [Marie Shields, Michelle Li, Deanna Duran, Sarah Moses]"}, "230": {"mixtral": " [Kari Noble, Katherine Jensen, Jeffery Porter, Lisa Hill]"}, "231": {"mixtral": " [Marie Schultz, Reginald Gomez, Scott Holmes]"}, "232": {"mixtral": " [Mrs. Jamie Wilcox, Jared Bryant, Jessica Blake]"}, "233": {"mixtral": " [Jenna Stevens, Robert Johnson, Karen Lopez, Thomas Scott]"}, "234": {"mixtral": " [Ian Miller, Breanna Shaw, Connie Bryan, Samuel George, Dr. Kathryn Mccarty]"}, "235": {"mixtral": " [Kelly Peterson, Robert Jones, Cynthia Abbott, Derrick Garcia, Melinda Garcia, Kenneth Brown]"}, "236": {"mixtral": " [Kristen Scott, Devon Allen, Nicole Gill, Jocelyn Flores, Jimmy Smith, Monica Medina]"}, "237": {"mixtral": " [Christopher Sexton, Sabrina Cruz, Benjamin Lambert, Isabel Hunter, Brenda Boyd]"}, "238": {"mixtral": " [Vanessa Pittman, Stephanie Vasquez, Kimberly Butler, John Randall, Sharon Johnson, Carlos Werner, Alicia Vasquez, Daniel Larson]"}, "239": {"mixtral": " [Damon Ochoa, Wendy Drake] would be one of the minimum vertex covers for this network. This cover includes Damon Ochoa, who is connected to every other user in the network except Gail Brown, and Wendy Drake, who is connected to Robert Reeves and the only other user Damon Ochoa is not connected to. This ensures that every friendship connection has at least one user from this subset."}, "240": {"mixtral": " [Susan Dunn, Michelle Kennedy, Christopher Miller, Ruth Long, Scott Arnold, Eduardo Garcia]"}, "241": {"mixtral": " [Evan Johnson, Bryan Williams, Mr. Ryan Warren, Timothy Rice]"}, "242": {"mixtral": " [Steven Roy, Eduardo Johnston, James Miller, Zachary Davis]"}, "243": {"mixtral": " [Jennifer Meyer, Mrs. Susan Boyd, Donald Hughes, Heather Hernandez, Dominique Lee, Brooke Alexander]"}, "244": {"mixtral": " [Jonathan Murillo, Alexis Shaffer, Robert Morris, Renee Wiley, Linda Clark]"}, "245": {"mixtral": " [Sarah Horn, Shannon Garner, Robert Hall, Joshua Kane, Barbara Joseph]"}, "246": {"mixtral": " [Sharon Montgomery, Alex Phillips, Kristin Atkinson, William Lewis]"}, "247": {"mixtral": " [Jose Adams, Curtis Walker, Dr. Robert Sosa, Christopher Macias, Jill White]"}, "248": {"mixtral": " [Darius Owen, Valerie Roberts, Joshua Walker, Jason Stanton]"}, "249": {"mixtral": " [Jonathan Phillips, Jennifer Anderson MD, Thomas Cochran, Susan Briggs]"}, "250": {"mixtral": " [Emily Jennings, Thomas Taylor, Kim Bishop, Joshua Walker, Joseph Allen III]"}, "251": {"mixtral": " [Mary Collins, Kristin Powell, Mikayla Stone, Gary Norton, Thomas Knox]"}, "252": {"mixtral": " [Todd Wilson, Keith Davis, Robert Brooks, Caleb Vasquez]"}, "253": {"mixtral": " [Paul Stewart, Mrs. Casey Adams, Teresa Blair, Eric Bartlett]"}, "254": {"mixtral": " [Carol Jones, Amy Mcclain, Jeffrey Garcia] or [Carol Jones, Amy Mcclain, Jessica Martinez]\n\nExplanation:\nIn this social network, there are four users and six friendship connections. A minimum vertex cover for this network will be a subset of users such that every friendship connection has at least one user from this subset.\n\nThe users in this network are: Carol Jones, Amy Mcclain, Jeffrey Garcia, and Jessica Martinez.\nThe friendship connections are:\n1. Carol Jones and Amy Mcclain\n2. Carol Jones and Jessica Martinez\n3. Carol Jones and Jeffrey Garcia\n4. Amy Mcclain and Jessica Martinez\n5. Amy Mcclain and Jeffrey Garcia\n6. Jeffrey Garcia and Jessica Martinez\n\nTo minimize the subset of users, we can select users that are involved in the most friendship connections. In this case, Carol Jones, Amy Mcclain, and Jeffrey Garcia are involved in three connections each, while Jessica Martinez is involved in only two connections.\n\nTherefore, the minimum vertex cover can be either [Carol Jones, Amy Mcclain, Jeffrey Garcia] or [Carol Jones, Amy Mcclain, Jessica Martinez], as both subsets cover all six friendship connections with the smallest possible number of users."}, "255": {"mixtral": " [Shirley Gibbs, Gary Simon, Tiffany Hamilton, Ryan Thompson]"}, "256": {"mixtral": " [Susan Wagner, Mrs. Kelly Steele, James Cantu]"}, "257": {"mixtral": " [Kristy Williams, Travis Harper, Johnny Munoz, Michael Young]"}, "258": {"mixtral": " [Jason Chen, Christina Kennedy, Brandon Wright, Francisco Peterson]"}, "259": {"mixtral": " [James Miller, Denise Griffin, Willie Crane, Thomas Jones]"}, "260": {"mixtral": " [Adam Carlson, Dr. Elizabeth Grant MD, Michelle Huynh, David Lowe]"}, "261": {"mixtral": " [Monica Bush, Reginald Mueller, Christine Moore, Wesley Dunn, Michael Henry]"}, "262": {"mixtral": " [Christine Pennington, Jonathan Reeves, Brandon Gibson, Natalie Jones]"}, "263": {"mixtral": " [Melinda Thompson, Sydney Gonzalez, Jacqueline Miller, Kimberly Chavez]\nExplanation: This set represents the minimum vertex cover because it includes one user from each friendship connection. The friends of Melinda Thompson are covered by herself, James Barron, and Jacqueline Miller. Sydney Gonzalez is covered by herself, and her friends are covered by Melinda Thompson and James Barron. Kimberly Chavez is only connected to James Barron, who is already included in the cover."}, "264": {"mixtral": " [Sophia Kerr, Brandy Garcia, Molly Davis, James Scott, Elizabeth Ward]\n\nExplanation:\nThe minimum vertex cover for this network is 5 users. Here's how we arrived at this solution:\n\n1. Start with any user connected to multiple other users, such as Sophia Kerr.\n2. Add users connected to Sophia Kerr, excluding those already in the cover: Brandy Garcia and James Scott.\n3. Add any user connected to the existing cover that has not been included yet: Molly Davis.\n4. Add Elizabeth Ward, who is connected to Brandy Garcia, but not yet in the cover.\n5. At this point, all remaining users are connected to at least one user in the cover. Since we are looking for a minimum vertex cover, we will not add any more users.\n\nThus, the minimum vertex cover for this network is [Sophia Kerr, Brandy Garcia, Molly Davis, James Scott, Elizabeth Ward]."}, "265": {"mixtral": " [Sarah Rivera, Jennifer Lopez, Karen Stewart]"}, "266": {"mixtral": " [Vanessa Moore, Dawn Stevens, Clarence Carpenter, Jason Sullivan, Tonya Thompson]"}, "267": {"mixtral": " [Julie Mcgee, Mr. Christopher Miller, Lindsey Turner MD, Sarah Roberts]"}, "268": {"mixtral": " [Matthew Cross, Michelle Thompson, Robyn Clark, William Simmons]"}, "269": {"mixtral": " [Gary Gonzalez, Julie Woodward, Robert Miller, Angel Fox]"}, "270": {"mixtral": " [John Evans, Lisa Romero DVM, Sabrina Baker, Chase Morris]"}, "271": {"mixtral": " [Joshua Powell, Ryan Mills, Carla Howard, Alyssa Austin]"}, "272": {"mixtral": " [Gregory Lewis, Traci Petersen, Adam Bryant, Justin Arias, Tamara Atkinson]"}, "273": {"mixtral": " [Joseph Hamilton, Andrew Smith, Nicholas Green, Jeremy Sloan]"}, "274": {"mixtral": " [Daniel Ramirez, Heather Scott, Teresa Lester, Ryan Martinez, Kimberly Baker]"}, "275": {"mixtral": " [Ray Martin, Kelly Pearson, Amanda Barrett, Christopher Weber, Chase Mathis]"}, "276": {"mixtral": " [Chad Brown, Amy Garcia, Frances Hoffman]"}, "277": {"mixtral": " [Joshua Peterson, Angela Kim, Vincent White]"}, "278": {"mixtral": " [Eric Jackson, Jennifer Adkins, Andrea Wheeler]"}, "279": {"mixtral": " [Cody Silva, Bryce Giles, Dennis Meyer, Kathryn Strong, Matthew Sullivan]"}, "280": {"mixtral": " [Haley May, Lisa Ingram, Robert Guerra, Cassandra Parker DVM, Chad Johnson]"}, "281": {"mixtral": " [Kenneth Harrison, Joan Howard, Ashley Lopez, Stephen Vang, Patrick Meyer]"}, "282": {"mixtral": " [Gary Andrade, Brooke Hampton, Cassandra Deleon, Thomas Mathews, Gabriel Rice]"}, "283": {"mixtral": " [Karen Ruiz, Autumn Reed, Thomas Fletcher]"}, "284": {"mixtral": " [Erika Rose, James Scott, Larry Gonzalez, Christine Dixon, Mark Walker]\n\nExplanation:\n\nThe minimum vertex cover for this network is 6 users. \n\nThe given social network friendships are:\n- Erika Rose is connected to Jimmy Brown, David Perry, Larry Gonzalez, James Scott, Ryan Hayes, Courtney Mack, Carlos Morales, Marcus Thomas, Pam Schroeder, Alison Barrett, Jessica Williams, Mark Walker.\n- James Scott is connected to Erika Rose.\n- David Perry is connected to Erika Rose.\n- Marcus Thomas is connected to Erika Rose.\n- Pam Schroeder is connected to Erika Rose and Stacey Campbell.\n- Carlos Morales is connected to Erika Rose.\n- Larry Gonzalez is connected to Erika Rose.\n- Alison Barrett is connected to Pam Schroeder and Ryan Hayes.\n\nTo minimize the vertex cover, we need to select users that cover the maximum number of connections. We can start by selecting Erika Rose, as she has the most connections. Then, we can add James Scott, Larry Gonzalez, and Marcus Thomas to cover their connections with Erika Rose. Next, we add Christine Dixon to cover the connection between Alison Barrett and Ryan Hayes, as Pam Schroeder is already connected to a vertex cover member (Erika Rose). Finally, we add Mark Walker to cover the connection between him and Erika Rose.\n\nThis results in a minimum vertex cover of 6 users: [Erika Rose, James Scott, Larry Gonzalez, Marcus Thomas, Christine Dixon, Mark Walker]."}, "285": {"mixtral": " [Julia Holmes, Jeffrey White, Melissa Green, Linda Robertson]"}, "286": {"mixtral": " [Gary Gomez, Jennifer Schmidt, Michael Harris, Jennifer Camacho]"}, "287": {"mixtral": " [David Odom, William Morse, Victoria Johnson MD, Julie Blake, Justin Farley]"}, "288": {"mixtral": " [Jeffrey Mccarthy, Rebecca Galloway, Kurt Ramos, Jeffrey Black]"}, "289": {"mixtral": " [Mrs. Cindy Fields MD, Brandon Weber, Christine Scott]"}, "290": {"mixtral": " [Christina Jones, Robert Thomas, Heather Pitts, James Johnson]"}, "291": {"mixtral": " [Christine Pena, John Ford, Vanessa Hopkins]\n\nHere's the explanation:\n1. In this social network, there are 4 users: Christine Pena, John Ford, Vanessa Hopkins, and Michael Cook.\n2. There are 5 friendship connections between these users.\n3. A minimum vertex cover is the smallest subset of users that covers all friendship connections, meaning each connection has at least one user from this subset.\n4. By selecting Christine Pena, John Ford, and Vanessa Hopkins, we cover all friendship connections:\n   - Christine Pena and Vanessa Hopkins\n   - Christine Pena and Michael Cook\n   - Christine Pena and John Ford\n   - John Ford and Michael Cook\n   - John Ford and Vanessa Hopkins\n   - Vanessa Hopkins and Michael Cook\n5. Therefore, the minimum vertex cover for this network is [Christine Pena, John Ford, Vanessa Hopkins]."}, "292": {"mixtral": " [Joshua Martinez, Patricia Weber, Heather Gonzalez]"}, "293": {"mixtral": " [Dr. Zachary Williams, Jennifer Anderson MD, Jonathan Phillips, Gregory Salinas]"}, "294": {"mixtral": " [Eric Brown, Felicia Johnson, Christopher Baldwin]"}, "295": {"mixtral": " [Anthony Hill, Pamela Ware, Seth Alvarez, Lindsey Reed, Gary King]"}, "296": {"mixtral": " [Matthew Wilson, Gregory Glass, Christopher Garcia, Charles Barnett]"}, "297": {"mixtral": " [Greg Chan, Kayla Brewer, Ebony Miller, Matthew Peterson, Mason Wilson]"}, "298": {"mixtral": " [Dr. Jose Stewart, Jerry Pace, Lindsey Robbins, Zachary Bowers]"}, "299": {"mixtral": " [Jason Chen, Bobby George, Michelle Moore, Megan Meyer, Deborah Knight]"}, "300": {"mixtral": " [Shawn Mejia, Sandra Lopez, Bonnie Clark]"}, "301": {"mixtral": " [Crystal Christian, Beth Gordon, Carla Garner, Samantha Bell]"}, "302": {"mixtral": " [Tracey Villa, Christina Burns, Betty Adams DVM, Darius Allen]"}, "303": {"mixtral": " [Todd Hernandez, Dennis Houston, Angela Garner]"}, "304": {"mixtral": " [Carrie Griffith DDS, Michael Pena, Joshua Herring, Frances Johnson]"}, "305": {"mixtral": " [Matthew Sandoval, Ryan Hall, Scott Sharp, Tina Hawkins, Kyle Bradshaw]"}, "306": {"mixtral": " [James Sanchez, Laura Carr, Wesley Oliver, Robert Shaw, Sheila Brown]"}, "307": {"mixtral": " [Christopher Miller, Roy Greer, Shannon Phillips, Ms. Carla Smith, Carrie Nelson]"}, "308": {"mixtral": " [Jessica Logan, Tyler Clark MD, Jaclyn Johnson, Kimberly Sanchez]"}, "309": {"mixtral": " [William Fuller, Amber Jensen, Justin Collins, Samuel Garrett, Melinda Morgan]"}, "310": {"mixtral": " [Daniel Potts, Nicole Robinson, Michael Carter, Vanessa Berg, Christopher Price]"}, "311": {"mixtral": " [Jessica Donaldson, Nancy Moore, Gary West, Lisa Sparks]"}, "312": {"mixtral": " [Edwin Larson, Tony Livingston, Gavin Parks, Melody Ortega, Jose Nelson]"}, "313": {"mixtral": " [Chelsea Nunez, Melanie Lewis, Justin Peterson, Joseph Garcia, Bryan White, Dawn Buchanan]"}, "314": {"mixtral": " [Danielle Day, Lisa Glover, Jacqueline Calderon, Charles Brennan]"}, "315": {"mixtral": " [Charles Stanton, James Newton, Dylan Carpenter, Caleb Brown]"}, "316": {"mixtral": " [Thomas Navarro, Kimberly Lloyd, Dawn Carter, Emily Kelly, Christopher Ponce]"}, "317": {"mixtral": " [Scott Oconnor, Jennifer Perez, Jason Blair, Heather Torres, Eric Simmons DVM]"}, "318": {"mixtral": " [Brandon Griffith, Suzanne James, John Wilson, Lawrence Woods]"}, "319": {"mixtral": " [William Little, Barbara Jones, Alyssa Ellis, Terri Summers, Larry Wall]"}, "320": {"mixtral": " [Brian Warren, Mrs. Mary Elliott, Erika Howard]"}, "321": {"mixtral": " [Holly Nelson, Brian Davis, Jay Sweeney, Todd Glover, Jeanne Smith, Eric Richards]"}, "322": {"mixtral": " [Cathy Joseph PhD, Benjamin Mcintyre, Lauren Baker]"}, "323": {"mixtral": " [Jennifer Gonzalez, Carl Davidson, Rebecca Diaz, Christian Todd]"}, "324": {"mixtral": " [Vincent Hill, Lawrence Ramirez, Rachel Lewis, Jack Love, Jennifer Quinn]"}, "325": {"mixtral": " [Sandra Thomas, Scott Cortez, Mrs. Mandy Patterson, Diane Jackson, Eric Smith]"}, "326": {"mixtral": " [Allison Kelly, Hannah Rodgers, Sara Moore, Anthony Robinson]"}, "327": {"mixtral": " [Tracey Morgan, Richard Davis, Kevin Miranda, Stacy Rogers]"}, "328": {"mixtral": " [Kara Morrow, Amy Anderson, Victoria Jones, Timothy Reynolds]"}, "329": {"mixtral": " [Gary Charles, Melissa Randall, Tanya Martinez, Jennifer Le, Jose Stevens]\n\nExplanation:\nTo find the minimum vertex cover, we need to select a subset of users such that every friendship connection has at least one user from this subset. In this network, we can observe that Gary Charles has connections with all other users. Therefore, to minimize the number of users in the vertex cover, we must include Gary Charles. Next, we need to select users who have connections with the remaining users, excluding Gary Charles' connections. This results in selecting Melissa Randall, Tanya Martinez, Jennifer Le, and Jose Stevens, which covers all the friendships in the network."}, "330": {"mixtral": " [Paul Calhoun, Diana Jones, Kevin Evans, Chris Lutz]\n\nExplanation:\nTo find the minimum vertex cover, we need to select the smallest subset of users such that every friendship connection has at least one user from this subset.\n\nIn this network, we can see that there are 8 friendships (edges) connecting the following users (nodes):\n1. Paul Calhoun and Diana Jones\n2. Paul Calhoun and Andrea Strickland\n3. Paul Calhoun and Teresa Walker\n4. Diana Jones and Andrea Strickland\n5. Diana Jones and Teresa Walker\n6. Kevin Evans and Chris Lutz\n7. Kevin Evans and Andrea Strickland\n8. Teresa Walker and Andrea Strickland\n\nTo minimize the number of users in the vertex cover, we should prioritize selecting users with the highest degree (number of connections). In this case, Paul Calhoun, Diana Jones, and Kevin Evans each have 3 connections, while Andrea Strickland has 4 connections. Teresa Walker and Chris Lutz have 2 connections each.\n\nTo minimize the vertex cover, we can start by selecting Paul Calhoun, Diana Jones, and Kevin Evans, as they have the highest degree. This already covers 6 out of the 8 friendships.\n\nNow, we only need to cover the remaining 2 friendships:\n- Kevin Evans and Chris Lutz\n- Teresa Walker and Andrea Strickland\n\nSince Chris Lutz and Teresa Walker are already connected to users in our current vertex cover, we can complete the vertex cover by adding either Chris Lutz or Teresa Walker. Adding Chris Lutz would cover 2 friendships, while adding Teresa Walker would cover 2 friendships. Since both options result in the same number of users in the vertex cover, we can choose either one.\n\nTherefore, the minimum vertex cover for this network is: [Paul Calhoun, Diana Jones, Kevin Evans, Chris Lutz] or [Paul Calhoun, Diana Jones, Kevin Evans, Teresa Walker]."}, "331": {"mixtral": " [Kenneth Gomez, Loretta Baker, Larry Lopez]"}, "332": {"mixtral": " [Diane Stokes, Darlene Lozano, Mr. Michael Thompson, Christina Jackson]"}, "333": {"mixtral": " [Jordan Cordova, Amy Hall, John Hansen, Nicole Mayer, Danielle Cortez, Brandy Harris, Jaclyn Johnson, Margaret Williamson]"}, "334": {"mixtral": " [Sabrina Greer, Christopher Brown, Vernon Neal]"}, "335": {"mixtral": " [Kenneth Huerta, Raymond Hoffman, Mary Garcia]"}, "336": {"mixtral": " [Tracy Morales, Taylor Pitts, Matthew Mcclure, Larry Baker, Ricky Kirby]"}, "337": {"mixtral": " [Carolyn Hanson, Greg Davis, Cody Thompson]"}, "338": {"mixtral": " [Tina Bryan DVM, Christine Gibson, Regina Wood, Douglas Holmes]"}, "339": {"mixtral": " [Christine Grant, Jessica Mercado, Dr. Heather Miller, Eric Martinez, Raymond Stout]"}, "340": {"mixtral": " [John Abbott, Alexandra Moore, Natasha Hensley, Heather Foster]"}, "341": {"mixtral": " [Anna Bowman, Bianca Weaver, James Robinson, Manuel Meyer, Kara Stone MD]\n\nExplanation:\nTo find the minimum vertex cover, we need to select a subset of users such that every friendship connection has at least one user from this subset. Here's how we can do it for this network:\n\n1. Select Anna Bowman, as she has connections with Bianca Weaver, Oscar Jones, and Kara Stone MD.\n2. Select Bianca Weaver, as she has connections with Derek Brown, Manuel Meyer, and Kara Stone MD (note that Kara Stone MD is already selected).\n3. Select James Robinson, as he has a connection with Manuel Meyer (who is connected to Bianca Weaver).\n4. Select Manuel Meyer, as he is connected to both James Robinson and Bianca Weaver.\n5. Select Kara Stone MD, as she is connected to Anna Bowman, Bianca Weaver, and Oscar Jones.\n\nBy selecting these users, we cover all the friendships in the network, and we cannot remove any user from this set without leaving at least one friendship uncovered. Therefore, this is the minimum vertex cover for this network."}, "342": {"mixtral": " [Joyce Hoffman, Molly Morgan, Alejandro Monroe, Megan Collier, Michelle Obrien, Christopher Jacobs, Stephanie Phillips]"}, "343": {"mixtral": " [Joshua Marks, Claudia Blake, Richard Barrett DVM, Daniel Jones, Tracey Howell]"}, "344": {"mixtral": " [Taylor Swanson, Douglas Gonzalez, Mariah Mason, Daniel Perry]"}, "345": {"mixtral": " [Amanda Larson, Ashley Harmon, Mr. William Morales, Eric Yates, Barbara King]"}, "346": {"mixtral": " [Cory Joseph, Nicholas Lynch, Alan Harris, Alexandra Vaughn, Nicholas Love]"}, "347": {"mixtral": " [Erika White, Manuel Frederick, Jennifer Collins]"}, "348": {"mixtral": " [Lauren Barr, Claire Sullivan, Cheryl Barry MD]"}, "349": {"mixtral": " [David Gentry, Joseph Palmer, Leah Liu]"}, "350": {"mixtral": " [Terri Alexander, Kimberly Elliott, David Ramirez, Cody Brown, Adam Irwin]"}, "351": {"mixtral": " [Brian Vaughn, Brian Anderson, Elizabeth Johnson, Sonya Blake, Brenda Hardy]"}, "352": {"mixtral": " [Thomas Singh, Glen Solomon, Miss Dawn Lopez]"}, "353": {"mixtral": " [Michelle Johnson, Steven Miller, Jessica Munoz, Eric Weaver, Kathryn Velez]"}, "354": {"mixtral": " [Dana Watson, Nicole Perry, Joseph Wright, Brianna White, Shane Alvarez, Louis Smith]"}, "355": {"mixtral": " [Christina Smith, Patrick Mckinney, Andrew Davis, Kelli Coleman, Joshua Terry]"}, "356": {"mixtral": " [Stephanie Smith, Lisa Schmitt, Maria Collins, Angela Davis]"}, "357": {"mixtral": " [Dominic Jones, Dennis Brown, Brent Brock, James Lee]"}, "358": {"mixtral": " [Eric Brown, Tiffany Young, Jacqueline Wilkinson, Sarah Wilson]"}, "359": {"mixtral": " [Ricardo Stokes, Gregory Ramirez, Cesar Ross, Travis Richardson]"}, "360": {"mixtral": " [Andrea Glover, Jaime Booth, Jessica Newton, Kenneth Henson, Steven White]"}, "361": {"mixtral": " [Megan Little, Deanna Jones, Nicholas Rodriguez, Timothy Hardy, Walter Hodges, Julie Thomas]"}, "362": {"mixtral": " [Charles Davis, Eric Anderson, Albert Scott, Joshua Jackson]"}, "363": {"mixtral": " [Heather Calhoun, George Fischer, Valerie Young MD, Nicholas Wright, William Gibbs, Emily Miller]"}, "364": {"mixtral": " [Tracy Rodriguez MD, Tabitha Wilson, Jeffrey Park, William White, Ann Copeland]"}, "365": {"mixtral": " [Tiffany Ball, Brenda Dougherty, Gary Ruiz]"}, "366": {"mixtral": " [Dawn Espinoza, Melvin Norton, Melissa Farley, Christopher Jacobs]"}, "367": {"mixtral": " [Steven Blackwell, Megan Anderson, Renee Preston, Robert Gibson]"}, "368": {"mixtral": " [Kevin Wilkerson, Julie Murphy, David Harris, Mark Baker, Nancy Flores, Destiny Mcdaniel]"}, "369": {"mixtral": " [Wanda Fischer, Dylan Ford, Matthew Lambert, Olivia Robinson, David Hardin]"}, "370": {"mixtral": " [Joseph Andersen, Nicholas Williams, Jeremy Johnson, Kelly Ross]"}, "371": {"mixtral": " [Luke Johnston, Charles Chapman, Ronald Mccoy, Gail Mccoy, Veronica Stevens, Barry Donovan, Joseph Lane]"}, "372": {"mixtral": " [Vanessa Joseph, John White, Mitchell Jackson, Amanda Smith, Christopher Decker, Jason Byrd]"}, "373": {"mixtral": " [Victoria Morales, Daniel Carson, Sylvia Hamilton]"}, "374": {"mixtral": " [Cynthia Monroe, Dawn Espinoza, Erik Baldwin, Jose Mitchell, Debra Hoover]"}, "375": {"mixtral": " [John Scott, Catherine Rich, Amy Lewis, Cynthia Contreras]"}, "376": {"mixtral": " [Valerie Williams, Jessica Rodriguez, Terri Lambert, Gary Walters, Miguel Price]"}, "377": {"mixtral": " [Donald Brady, Larry Castro, Zachary Wilson, Jacob Williams, Cynthia Branch]"}, "378": {"mixtral": " [Mary Bailey, James Small, Natalie Stewart, Brandon Smith]\n\nExplanation:\n\nThe minimum vertex cover for this network is 4 users. Here's how we arrived at this solution:\n\n1. Start by selecting any user from each edge (friendship connection). This initial set of users forms a vertex cover.\n2. In this example, we can select Mary Bailey, James Small, Natalie Stewart, and Brandon Smith.\n3. This vertex cover has 4 users, and every edge is covered (i.e., every friendship connection has at least one user from this subset).\n4. We can verify that no smaller vertex cover exists by checking that removing any user from this set would result in an uncovered edge.\n\nThus, the minimum vertex cover for this network is [Mary Bailey, James Small, Natalie Stewart, Brandon Smith]."}, "379": {"mixtral": " [Jacqueline White, David Jones, Joseph Robinson, Darrell Logan]"}, "380": {"mixtral": " [John Beck, Brian Bailey, Eric Parks, Caleb Levy]"}, "381": {"mixtral": " [Terry Hines, Jessica Reid, Jason Jones, Roy Manning, Victoria Moss]"}, "382": {"mixtral": " [Daniel Vargas, Amber Miller, Victoria Miller, Juan Barr, Kimberly Livingston, Robert Johnson]"}, "383": {"mixtral": " [Donald Warren, Derrick Torres, Angel Bell DDS, Sarah Lane]"}, "384": {"mixtral": " [James Hardy, Brian Mitchell, Bernard Martinez]"}, "385": {"mixtral": " [Kristin Rivera, Jordan Green, Alejandra Sanford]"}, "386": {"mixtral": " [James Young, Haley White, Loretta Lambert, Judith Fernandez]"}, "387": {"mixtral": " [Michael Christian, Sara Palmer, Kathy Navarro, David Strickland]"}, "388": {"mixtral": " [Melissa Richard, Michael Nguyen, Kevin Phillips, Victoria Morrow, Stephanie Cole]"}, "389": {"mixtral": " [Keith Barnes, Jamie Howard, Charles Miles]"}, "390": {"mixtral": " [James Walter, Shelly Lee, Stephen Carpenter, Jorge Hunt Jr., Brandon Young]"}, "391": {"mixtral": " [Melissa Guzman, William Moran, Karl Ruiz, Joshua Phillips, William Lane MD]"}, "392": {"mixtral": " [Shannon Duncan, Karen Miller, Shannon Hudson, Thomas Crawford]"}, "393": {"mixtral": " [Sheena Cummings, Shane Fitzgerald, Hunter Larson, Hannah Rivera]"}, "394": {"mixtral": " [Alex Savage, Steven Soto, Michael Owens, Jason Hayes]"}, "395": {"mixtral": " [Madeline Velez, Gerald Wilson, Jeffrey Ramirez, Ashley Foster]"}, "396": {"mixtral": " [Virginia Williams, William Medina, Jeffrey White, Deborah Vasquez, Justin Stewart, Laura Parker DVM]"}, "397": {"mixtral": " [Brittany Howard, Ebony Cruz, Brittney Gibson]"}, "398": {"mixtral": " [Thomas Sanders, Adrian Le, Andrew Baxter, Samantha Chandler, Mr. Jacob Martin]"}, "399": {"mixtral": " [Devon Hall, Michelle Chambers, Rachel Smith, Lucas Harris, Juan Cook] is a Minimum Vertex Cover for the given social network. This subset of users ensures that every friendship connection has at least one user from this subset."}, "400": {"mixtral": " [Allison Wang, Cynthia Kemp, Richard Johnson, Maria Martinez, Kristina Mosley]"}, "401": {"mixtral": " [Sandra Arnold, Julie Collins, Robert Frost, Jason Hurley, Brian Stein]"}, "402": {"mixtral": " [Courtney Anderson, Jonathan Curtis, Samantha Greer, Nicholas Rodriguez]"}, "403": {"mixtral": " [Samantha Berger, Jonathan Smith, Rebecca Herman, Walter Zuniga, Robert Hood]"}, "404": {"mixtral": " [Charles Jones, Jacqueline Chase, Gerald Hodges, Jennifer Williams]"}, "405": {"mixtral": " [Rebecca Estrada, Mary Harris, Kimberly Morales, William Perkins, Jonathan Sawyer]"}, "406": {"mixtral": " [Alexis Parrish, Kevin Hernandez, Hunter Tucker, Maurice Thompson, Nathaniel Walsh]"}, "407": {"mixtral": " [Juan Brown, Steve Bullock, Jerry Morris, Jessica Luna]"}, "408": {"mixtral": " [Melanie Lewis, Christian Williams, Matthew Jensen, Jose Cummings, April Murillo]"}, "409": {"mixtral": " [Bradley Powers, Ms. Christine Daniels, Margaret Gregory, Sophia King, Donald Lee]"}, "410": {"mixtral": " [Danielle Smith, Benjamin Ortiz, Christopher Perez Jr., Diane Castaneda]"}, "411": {"mixtral": " [Jack Keith, Kendra Fuller, Benjamin Jackson, Tracy Wolf, Kathryn Cruz]"}, "412": {"mixtral": " [Alexandra Vaughn, Cynthia Barrett, Seth Miller, Maurice Perez]"}, "413": {"mixtral": " [Dr. Michelle Anderson DVM, Ethan Frazier, David Gomez]"}, "414": {"mixtral": " [Jeremy Brewer, Gina Martinez, Thomas Wright, Dr. Christopher Montoya]"}, "415": {"mixtral": " [Brandon Douglas, Ann Fernandez, Paula Lyons, Reginald Norris, Jonathan Woodward]"}, "416": {"mixtral": " [Amanda Pitts, Brent Kim, Susan George, Mark Harris]"}, "417": {"mixtral": " [Manuel Diaz, Christy Ortiz MD, Laura Marshall PhD, Dana Williams]"}, "418": {"mixtral": " [Ashley Figueroa, Mary Wong, Dawn Melton, Jessica Johnson]"}, "419": {"mixtral": " [Ryan Ballard, Hannah Greene, Mrs. Kimberly Coleman, Jerry Brown]"}, "420": {"mixtral": " [Gregory Porter, David Hughes DVM, Jenny Casey]"}, "421": {"mixtral": " [Dennis Hill, Jeffrey Gonzalez, Kelly Mckee, Jennifer White]"}, "422": {"mixtral": " [Ashley Robinson, Nicholas Rodriguez, Brittany Harris, Erin Terry]"}, "423": {"mixtral": " [Mary Nichols, Deborah Thompson, Robert Jackson] or [Mary Nichols, Deborah Thompson, Michael Nelson]\n\nExplanation:\nIn this social network, there are two possible minimum vertex covers:\n1. [Mary Nichols, Deborah Thompson, Robert Jackson]\n2. [Mary Nichols, Deborah Thompson, Michael Nelson]\n\nThese subsets of users ensure that every friendship connection has at least one user from the subset. Any other subset of users would not cover all the friendships, or would contain more users than necessary."}, "424": {"mixtral": " [Christina Rogers, Charles Brown, Michele Barnes]"}, "425": {"mixtral": " [Christopher Schmidt, Lisa Campbell, Deborah Singh, Teresa Ponce]"}, "426": {"mixtral": " [Traci Melendez, Patricia Mitchell, Michael Bowen, William Tucker]"}, "427": {"mixtral": " [Anna White, Brandi Jones, Billy Lawrence, David Medina]"}, "428": {"mixtral": " [Antonio Barnes, Andrew Lewis, Stephen Long]"}, "429": {"mixtral": " [Thomas Brown, Jeremy Mitchell, Jessica Johnson, Lindsey Pope]"}, "430": {"mixtral": " [Emma Chambers, Kimberly Hernandez, Cheryl Barker, Joseph Rivera]"}, "431": {"mixtral": " [Andrea Cruz, Noah Mcdonald, Theresa Bishop, Dr. Jamie Johnson]"}, "432": {"mixtral": " [Melinda Davis, Jeffery Hester, Thomas Jordan, Tyler Garcia]"}, "433": {"mixtral": " [Sarah Williams, Andrew Harris, Frederick Sullivan, Bob Barker]"}, "434": {"mixtral": " [Tamara Baker, Cassie Compton, Michelle Peterson]"}, "435": {"mixtral": " [Jay Davis, Elizabeth Dominguez, Tom Cruz] would be a Minimum Vertex Cover for this network. This is because every friendship connection has at least one user from this subset. Any attempt to remove a user from this set would result in at least one uncovered friendship."}, "436": {"mixtral": " [Benjamin Lam, Jenna Lynch, Tara Young, Kelly Miller, Anna Shaw]"}, "437": {"mixtral": " [Mary Hale, Jessica Joseph, Jason Barnes]"}, "438": {"mixtral": " [Kevin Rivera, Elizabeth Gallegos, Mackenzie Cole DDS, Katie Figueroa, Shelley Rodriguez, David Le, Wyatt Smith, James Woodard]"}, "439": {"mixtral": " [Kristin Parker, William Fischer, Matthew Smith, Samantha Molina, David Medina]"}, "440": {"mixtral": " [David Phelps, Jessica Fritz, Edwin Whitehead, Dr. Jessica Perkins]"}, "441": {"mixtral": " [Michael Larsen, Jackie Payne, Daniel Bonilla]"}, "442": {"mixtral": " [Sherri Duran, Sharon Cook, Jennifer Brown, Joseph Fischer, Kimberly Baxter, Travis Evans, Johnny Williams DVM, George Taylor]\n\nExplanation:\n\nThe minimum vertex cover for this network is 8 users. Here's how we arrived at this solution:\n\n1. Start by selecting an arbitrary user from the network, such as Sherri Duran.\n2. Next, find all the users connected to Sherri Duran (Sharon Cook, Jodi Lopez) and add one of them (Sharon Cook) to the vertex cover.\n3. Now, consider the remaining uncovered edges. Notice that there are multiple edges connected to Jodi Lopez. To minimize the vertex cover, we need to select users connected to Jodi Lopez. Select Jennifer Brown and Joseph Fischer.\n4. Continue this process by selecting users connected to the already selected users (Kimberly Baxter, Travis Evans, Johnny Williams DVM, George Taylor).\n5. The resulting set of users forms a minimum vertex cover for the network: [Sherri Duran, Sharon Cook, Jennifer Brown, Joseph Fischer, Kimberly Baxter, Travis Evans, Johnny Williams DVM, George Taylor]."}, "443": {"mixtral": " [Paul Phelps, Adam Wright, Teresa Young, Glenn Glass, Evelyn Jackson]"}, "444": {"mixtral": " [Rebecca Turner, Jenna Mcgee, Brett Wyatt, Beth Martin, Pamela Brown]"}, "445": {"mixtral": " [Justin Fields, Andre Lewis, Parker Bullock, Anthony Smith]"}, "446": {"mixtral": " [Kenneth Hernandez, Heather Carter, Jason Padilla, Denise Moore]"}, "447": {"mixtral": " [Allen Foster, Kevin Hernandez, Taylor Martin, Scott Smith]"}, "448": {"mixtral": " [Omar Maldonado, Jonathan Benitez, Monique Nelson, Heather Thompson, Joel Dalton]"}, "449": {"mixtral": " [Stephanie Flores, Joshua Duncan, Sara Coffey DDS, Vernon Kemp, Joshua Roberts]"}, "450": {"mixtral": " [Theresa Luna, Donna Hansen, Kristina Mills, Mary Khan, Roberta Dixon]"}, "451": {"mixtral": " [Nicole Mitchell, Steven Hall, Rebecca Marks, Mr. Kenneth Collins DDS, Karen Benson, Jordan Hernandez]"}, "452": {"mixtral": " [James Perez, Hannah Medina, Samantha Norman, Matthew Taylor]"}, "453": {"mixtral": " [Scott Lindsey, Jesus Vargas, Rebecca Flores, Anthony Aguilar]"}, "454": {"mixtral": " [Stephanie Livingston, Brandon Brown, Nicholas Carr, Daniel Mann, Sarah Rodgers, Derrick Garza, Autumn Reed, George Lindsey]"}, "455": {"mixtral": " [James Clayton, Carolyn Anderson, Sean Diaz, Patrick Reynolds, Lisa Johnson]"}, "456": {"mixtral": " [Cynthia Barton, Brian Vance, Keith Morales, Robert Gomez, Thomas Warner]"}, "457": {"mixtral": " [Claire Henson, Kristen Norris, Belinda Knight, Jose Stevens, Jason Davis]"}, "458": {"mixtral": " [Alexander Howell, Brittney Delgado, Richard Benton, Kelli Cooper]"}, "459": {"mixtral": " [Catherine West, Margaret Turner, Sarah Burch, Peter Avila, Daniel Simmons]"}, "460": {"mixtral": " [Lauren Sullivan, Timothy Edwards, Andrew Ray, Heather Taylor]"}, "461": {"mixtral": " [Pamela Dillon, Rebecca Wagner, Courtney Kemp, Tracy Nichols, John Skinner]"}, "462": {"mixtral": " [Jerry Fitzgerald, Christopher Walters, Mark Lloyd, Jacqueline Farmer]"}, "463": {"mixtral": " [John Moore, Thomas Gonzales, Jesse Gomez, Jennifer Wilson, Richard Harrell, Jerry Valentine, Robert Vasquez, David Hall, Tara Nash, Stephanie Andrews, Brent Harris, Aaron Mercado]\n\nExplanation:\nThe minimum vertex cover for this network is a subset of users such that every friendship connection has at least one user from this subset. By selecting the following users, we cover all the friendships in the network:\n\n- John Moore is connected to Catherine Kirby.\n- Thomas Gonzales is connected to Catherine Kirby and Pamela Ellis.\n- Jesse Gomez is connected to Catherine Kirby.\n- Jennifer Wilson is connected to Catherine Kirby.\n- Richard Harrell is connected to Brent Harris and Catherine Kirby.\n- Jerry Valentine is connected to Catherine Kirby.\n- Robert Vasquez is connected to Catherine Kirby.\n- David Hall is connected to Pamela Ellis.\n- Tara Nash is connected to Pamela Ellis.\n- Stephanie Andrews is connected to Brent Harris.\n- Brent Harris is connected to Catherine Kirby and Stephanie Andrews.\n- Aaron Mercado is connected to Pamela Ellis.\n\nNo other user can be added to this subset without including users that are not required to cover all the friendships. Therefore, this is the minimum vertex cover for the given social network."}, "464": {"mixtral": " [Ronald Carey, Christopher Brown, Shelby Long, Sarah Medina, Theodore Lee]"}, "465": {"mixtral": " [Jason Johnson, Kristen Stone, Frank Brown, John Ramirez]"}, "466": {"mixtral": " [Sean Henderson, Tammie Schaefer, Tracy Shelton, Jonathan Williams]"}, "467": {"mixtral": " [Evan Hartman, Victoria Knox, Brian Clark, Lee Edwards]"}, "468": {"mixtral": " [Ralph Hernandez, James Velasquez, Jonathan Underwood, Cody Terry, Daniel Daniel]"}, "469": {"mixtral": " [Joseph Estrada, Tammy Bonilla, Jessica Leonard, Angela Benson]"}, "470": {"mixtral": " [Danielle Webb, Alicia Hunter, Thomas Rivas, Brandon Gonzalez, Dean Cisneros, Nicole Morales]"}, "471": {"mixtral": " [Sheila Cunningham, Gabriel Watkins PhD, Douglas Salas, Katie Morris, Brian Rosales]"}, "472": {"mixtral": " [Scott Baxter, Laura Cabrera, Kimberly Rubio, Rebecca Lambert, William Bridges]"}, "473": {"mixtral": " [Eric Richards, Sean Lester, David Martinez, Jessica Knapp]"}, "474": {"mixtral": " [Gregory Tucker, Heather Frye, Steven Hernandez, David Green, Shannon Decker]"}, "475": {"mixtral": " [Aaron Walker, Kimberly Brown, Kimberly Cruz, Brett Clark, Zachary Klein, Tricia Morgan]"}, "476": {"mixtral": " [Michelle Maldonado, Janet Smith, Jason Grant, David Carroll]"}, "477": {"mixtral": " [Todd Ford, David Mason, James Williams, Robert Boone]"}, "478": {"mixtral": " [Christopher Williams, Brandon Castro, Sarah Parker]"}, "479": {"mixtral": " [Cynthia Golden, Dawn Espinoza, Daniel Mccormick, Sara Randall, Candice Frost, Mark Hansen]"}, "480": {"mixtral": " [Leah Hawkins, Devon Allen, Catherine Robinson, Catherine Hernandez, Haley Blair]"}, "481": {"mixtral": " [Austin Jones, Emily Brock, Jennifer Le, Gregory Morgan, Dennis Hill]"}, "482": {"mixtral": " [Morgan Martinez, Cameron Ford, Andre Gonzalez, Terry Ortiz, Christopher Martinez]\n\nHere's the explanation:\n\n1. Start by selecting any user with the highest degree (number of connections) since they must be included in the vertex cover. In this case, Morgan Martinez has 13 connections.\n2. Then, select the users who are connected to the initially selected user (Morgan Martinez) but have not been selected yet. This is because at least one user from each connection must be included in the vertex cover.\n3. Repeat step 2 until no more users can be added.\n\nBy following this approach, we can form the minimum vertex cover as follows:\n\n1. Select Morgan Martinez (13 connections)\n2. Select Cameron Ford (connected to Morgan, 1 connection)\n3. Select Andre Gonzalez (connected to Morgan, 1 connection)\n4. Select Terry Ortiz (connected to Morgan, 1 connection)\n5. Select Christopher Martinez (connected to Morgan and Cameron, 2 connections)\n\nNow, all of Morgan's connections are covered, and we have found the minimum vertex cover for this network."}, "483": {"mixtral": " [Kelly Thompson, Jill Baker, Jacob Cox]"}, "484": {"mixtral": " [Jessica Rowe, John Ross, Edward Williams, Shelby Clark, Jeremiah Jenkins]"}, "485": {"mixtral": " [Tammy Ibarra, Caitlin Webster, David Small, Anna Johnson, John Barton]"}, "486": {"mixtral": " [Isabel Delgado, Derrick Oconnor, Taylor Nguyen]"}, "487": {"mixtral": " [Joseph Buchanan, Amy Decker, Lisa Stevens]"}, "488": {"mixtral": " [Andrea Jones, Crystal Nguyen, Christopher Huang, Darren Dyer]"}, "489": {"mixtral": " [Ivan Wood, Lindsey Jones, Donna Werner, Tony Brown, Mark Martinez]"}, "490": {"mixtral": " [Debra Peterson, Matthew Walker, Ashley Washington, Mike Martin, Heidi Walker]"}, "491": {"mixtral": " [Lisa Jones, David Fisher, Michael Jenkins]"}, "492": {"mixtral": " [Andre Gonzalez, Catherine Myers, Kelly Smith, Matthew Nichols]"}, "493": {"mixtral": " [Diana Bennett, Cindy Lawrence, Kevin Johnson, Nicholas Parker, Charles Brown]"}, "494": {"mixtral": " [Katelyn Ramirez, Jason Greer, Gabrielle Thomas, Larry Smith]\n\nHere's the explanation:\n1. In this social network, every user has a connection with at least one other user.\n2. Therefore, the minimum vertex cover must include at least one user from each connection.\n3. To minimize the vertex cover, we should look for users that are part of the maximum number of connections.\n4. In this case, all users (Katelyn Ramirez, Jason Greer, Gabrielle Thomas, and Larry Smith) are part of 3 connections each.\n5. Hence, the minimum vertex cover will include all the users in this network: [Katelyn Ramirez, Jason Greer, Gabrielle Thomas, Larry Smith]."}, "495": {"mixtral": " [Rebecca Gray, Adrienne Smith, Lynn Cervantes, Larry Martinez, Gene Bennett]"}, "496": {"mixtral": " [Claudia Li, Wayne Davis, Michael Bruce, Randall Ramos, Jennifer Moore, Arthur Campbell]"}, "497": {"mixtral": " [George Smith, Sean Summers, Christine Jackson]"}, "498": {"mixtral": " [Timothy Little, Valerie Medina, Allen Miranda, Jennifer Robertson, Kristen Shaw]"}, "499": {"mixtral": " [Matthew Rivera, Anthony Perry, Julia Turner, Robert Williams, Rebekah Cruz]"}}