{"0": {"qwen": "[William Lawson, Michelle Lewis]"}, "1": {"qwen": "[Melissa Schultz, Alan Gallegos, Justin Hendricks, Steven Williams]"}, "2": {"qwen": "[Jennifer Wilson, Mario Dominguez, Russell Mooney, Lindsay Barr]"}, "3": {"qwen": "[Kenneth Edwards, Jason Shepherd, Michael Hays DVM]"}, "4": {"qwen": "[Steven Callahan, Amanda Ayers, Michael Smith, Jennifer House, Charles Haynes]"}, "5": {"qwen": "[Anna Alexander, Brittany Marsh, Kristin Flynn, Bradley Andrews, Shawn Potter, Martha Harris, Eric Hunter, Laura Newman]"}, "6": {"qwen": "[Shelby Johnson, Kristin Krueger, Mark Ortiz]"}, "7": {"qwen": "[Aaron Pena, Jeremy Huerta, Amanda Walker MD]"}, "8": {"qwen": "[Matthew Spencer, Edward Richardson, Kyle Austin]"}, "9": {"qwen": "[Stephanie Stewart, Nicholas Daniels, Zachary White]"}, "10": {"qwen": "[Franklin Brown, Tony Shepard, Corey Neal]"}, "11": {"qwen": "[Jose Knapp, Katherine Evans]"}, "12": {"qwen": "[Jennifer Hall, Cynthia Stephens DDS, Nathaniel Weiss]"}, "13": {"qwen": "[Jacqueline Brown, Tina Larson, Mary Lee, Julie Wilson, Thomas Swanson]"}, "14": {"qwen": "[Anthony Taylor, James Moss, Angela Bernard, Collin Berry]"}, "15": {"qwen": "[Shannon Lambert, Sara Hernandez]"}, "16": {"qwen": "[Daniel Armstrong, Jared Pope, Donna Welch, Emily Buckley]"}, "17": {"qwen": "[Allison Gould DDS, Derek Carroll, Robert Grant, Corey Mendez]"}, "18": {"qwen": "[Amber Martinez, Lindsay Ward, Melissa Farley, Rebecca Bradshaw, Chloe Russell]"}, "19": {"qwen": "[Jon Taylor, Lisa Garcia, Tim Escobar, Molly Lopez, Timothy Leonard]"}, "20": {"qwen": "[Jeremy Butler, Beth Reed, Terry Hamilton]"}, "21": {"qwen": "[David Gordon, Samantha Briggs, Michelle Obrien, Amanda Price]"}, "22": {"qwen": "Given the friendship connections:\n- Daniel Curtis and Sonya Marquez, \n- Daniel Curtis and Anthony Wolfe, \n- Daniel Curtis and Kelly Stafford.\n\nThe Maximum Independent Set can be found by removing Daniel Curtis since he is connected to all other users. Therefore, the set is:\n\n[Sonya Marquez, Anthony Wolfe, Kelly Stafford]"}, "23": {"qwen": "[Brandon Barajas, Monica Allen, Mary Wood, Monique Webb]"}, "24": {"qwen": "[Michael Roberts, Katherine Miller, Diana Calderon, Norma Walker]"}, "25": {"qwen": "The Maximum Independent Set for the given network is: [Michael Mack, Tara Wilkerson, Stephanie Carroll, Cynthia Perez, Jeffrey Crosby]."}, "26": {"qwen": "[Joanne Martinez, Alyssa Mcguire, Cindy James, Kristin Petty, Ashley Webster]"}, "27": {"qwen": "[Regina Rojas, Karen Wilson, Nicholas Webb]"}, "28": {"qwen": "[Kevin Day, David Thompson, Ashley Scott]"}, "29": {"qwen": "[Stephanie Mason, John Nash, Dr. Dominic Hopkins DDS, James Vincent, Kim Johnson, Robert Chambers]"}, "30": {"qwen": "[David Valencia, Mary Lam, Cindy Bell, Suzanne Lang]"}, "31": {"qwen": "[Scott Delacruz]"}, "32": {"qwen": "Given the friendship connections, we can determine the Maximum Independent Set as follows:\n\n- Robert Cervantes and Javier Silva are friends, so they cannot both be in the independent set.\n- Javier Silva is friends with Lindsey Miller and Alvin Morris, so neither of them can be in the independent set if Javier is.\n\nTherefore, the Maximum Independent Set includes the users who are not directly connected to Javier Silva:\n\n[Robert Cervantes, Lindsey Miller, Alvin Morris]."}, "33": {"qwen": "The Maximum Independent Set for the given network is: [James Espinoza, Shane Schultz, Tammy Crawford]."}, "34": {"qwen": "[Joshua Murray, Gregory Gardner, Angela Erickson, Wesley Rodriguez, Caitlin Lozano]"}, "35": {"qwen": "The Maximum Independent Set for the given social network is: [Eugene Chambers, Brian Warner]."}, "36": {"qwen": "[James Hendricks, Howard Brown, Ryan Mayer]"}, "37": {"qwen": "[James Yang, Sarah Curtis, Robyn Riggs, Larry Cross]"}, "38": {"qwen": "[Theresa Horton, Robert Fields, Mackenzie Harris]"}, "39": {"qwen": "[Jason Harrison, Samantha Ryan MD, Susan Rivera, Rebecca Hill]"}, "40": {"qwen": "[Patrick Smith, Susan Benson, Amber Murphy, Danielle Richard]"}, "41": {"qwen": "[Joel Green, Tyler Smith, Gregory Miller]"}, "42": {"qwen": "[Christopher Holt, Jonathan Garcia]"}, "43": {"qwen": "[Blake Skinner, Teresa Wiley DDS, Elizabeth Underwood, Denise Oconnell, Amy Barrett]"}, "44": {"qwen": "[Jeffrey Romero, Julia Montoya]"}, "45": {"qwen": "The Maximum Independent Set for the given social network is: [Danny Jones, Denise Burgess, Ashley Smith]."}, "46": {"qwen": "[Samuel Johnson, Michele Mejia, Anthony Stevens]"}, "47": {"qwen": "[Joe Mccann, Robert Moore]"}, "48": {"qwen": "The Maximum Independent Set for the given social network is: [John Hensley, Chad Flores, Brent May]."}, "49": {"qwen": "[Sarah Moore, Kevin Jones, Chad Burnett, James Daniels, Robert White, Nicholas Grimes]"}, "50": {"qwen": "[Madison Willis, Jerome Ferguson, Alejandro Monroe, Haley Mejia, Roger Martin, Nicholas Webb, Scott Little]"}, "51": {"qwen": "[Jennifer Barton, Joel Valdez PhD, Dennis Johnson, Jenny Austin, Gabriel Jenkins, Joel Terrell]"}, "52": {"qwen": "[Michelle Nolan, Alison Cooper, Robert Hunter, Sydney Pennington, Alexander Carter, Cassandra Fernandez, Daniel Ochoa]"}, "53": {"qwen": "Given the friendship connections, we can see that Shannon Thomas is connected to all other users. Therefore, the Maximum Independent Set does not include Shannon Thomas. The remaining users, Elizabeth Davenport, Rhonda Graham, and Katherine Ross, can form an independent set.\n\nMaximum Independent Set: [Elizabeth Davenport, Rhonda Graham, Katherine Ross]"}, "54": {"qwen": "[David Skinner, Heather Davila, Charles Carroll, Aimee Mckinney]"}, "55": {"qwen": "Given the friendship connections, the Maximum Independent Set for the provided network is:\n\n[Richard Conner]"}, "56": {"qwen": "[Jay Walker, Jason Bates, Larry Richard Jr., Michael Edwards, Michelle Miller]"}, "57": {"qwen": "[Angela Scott, Kaitlyn Morgan, Jose King, Patrick Miranda]"}, "58": {"qwen": "[Jennifer Cobb, Wayne Gordon]"}, "59": {"qwen": "[Andrew Stephens, Justin Cox]"}, "60": {"qwen": "[Joshua Kane, Mark Hansen, Melissa Farley]"}, "61": {"qwen": "The Maximum Independent Set for the given social network is: [Megan Green, Virginia Perez, Jeffrey Miller, Dana Young, Edwin Lewis]."}, "62": {"qwen": "Given the friendship connections, the Maximum Independent Set for this network is: [Matthew Ruiz, Carolyn Johnson, Jillian Salinas]."}, "63": {"qwen": "[Brandon Parker, Gilbert Cox]"}, "64": {"qwen": "[Daniel Gonzales, Eugene Potts, Antonio Bailey]"}, "65": {"qwen": "The Maximum Independent Set for the given network is: [David Lee, Lori Ibarra, Fernando Cooper, Kelly Salinas, Jonathan Lewis]."}, "66": {"qwen": "[John Hoover, Brandon Holland, Heather Flynn]"}, "67": {"qwen": "[Donna Hansen, Elizabeth Weber, Brian Bowen]"}, "68": {"qwen": "[Richard Smith, Michael Pacheco, Mr. Brian Marshall]"}, "69": {"qwen": "[Jeffrey Rogers, Jason Lewis, Christina Owen, Matthew Hunter, Sean Oneill, Brenda Herrera, Amanda Foster, Cindy Warren]"}, "70": {"qwen": "[David Lowe, Jasmine Morris, David Woods, Kaitlin Marshall]"}, "71": {"qwen": "[William Rodriguez, Brent Phillips, Rachel Santos, Katie Young, Caitlin Campos]"}, "72": {"qwen": "[Heather Booker, Michael Pitts]"}, "73": {"qwen": "[William Anderson, Sharon Franklin, Mrs. Dana Wilson, Mr. Glenn Henderson II, Joseph Lutz]"}, "74": {"qwen": "[Steven Bishop, Wendy Thomas, Jordan Moore]"}, "75": {"qwen": "[Michelle Obrien, Jacob Jones, Chelsea Evans, Elizabeth Cox]"}, "76": {"qwen": "[Joshua Green, Suzanne Jackson, John Nichols]"}, "77": {"qwen": "[Thomas Mitchell, Jason Jackson]"}, "78": {"qwen": "[Leonard Bates, Joseph Maxwell]"}, "79": {"qwen": "[Dr. Barry Waters, Jamie Kaufman]"}, "80": {"qwen": "[Mr. Scott Diaz, Chad Acosta, Justin Miller, Matthew Mcfarland]"}, "81": {"qwen": "[Rebecca Cross, Amanda Miller]"}, "82": {"qwen": "[Laura Griffith, Laura Mason, Tracy Mendoza]"}, "83": {"qwen": "[Heather Kelly, Gwendolyn Bowman]"}, "84": {"qwen": "[Joshua Burns, Tyler Franklin, Alicia Sutton, Nathan Robinson, Wanda Jenkins, Melissa Farley]"}, "85": {"qwen": "[Steven Ramirez, Dana Hubbard, Linda Wall]"}, "86": {"qwen": "[Erin Ryan, Amanda Chen, Erika White, Candace Blackburn, Robert Scott, Pamela Burke, Deanna Johnston, William Patel]"}, "87": {"qwen": "[Barbara Rodriguez, Jessica Bowen, Joshua Hansen, Robert Burke, Samuel Thomas]"}, "88": {"qwen": "[Christopher Lawrence, Sandra Hutchinson, Eric Osborne, Gina Lucas, Scott Williams, Tiffany Roberts, Mrs. Theresa Mccoy, Taylor Ellison]"}, "89": {"qwen": "[Jonathan Smith, James Nelson, Carla Goodman, Brianna Johnson]"}, "90": {"qwen": "[Robert Hancock, Alvin Kim, Jennifer Banks, Michael Hendricks, Heather Campbell, Karen Moody, James Murray, Erica Downs]"}, "91": {"qwen": "[Michael Chambers, Victoria Woods]"}, "92": {"qwen": "[Chase Wolfe, Tina Evans, Kyle Acosta]"}, "93": {"qwen": "[John Gregory, Jacqueline Moore, Dustin Stone, Autumn Morris, Andrew Park, Julie Finley]"}, "94": {"qwen": "[Melissa Cross, Thomas Snyder, Christopher Hart, Deborah Smith, Edward Nielsen, Leslie Gardner]"}, "95": {"qwen": "[Patricia Taylor, Christina Cabrera, Victoria Sanders, Victor Jones, Phillip Carroll]"}, "96": {"qwen": "[Robin Peters, Luis Woodard, Ashley Peters, Tyler Perez, Courtney Crawford]"}, "97": {"qwen": "Given the friendship connections, the Maximum Independent Set for this network is:\n\n[Ryan Taylor, Alison Jensen, John Welch]"}, "98": {"qwen": "[Sean King DDS, Nicole Gordon]"}, "99": {"qwen": "The Maximum Independent Set for the given social network is: [Megan Garcia, Nathan Jones, Sean Chapman]."}, "100": {"qwen": "[Monica Holt, Tracy Golden]"}, "101": {"qwen": "The Maximum Independent Set for the given social network is: [Vincent Barton, David Flowers, James Nguyen]."}, "102": {"qwen": "[None]"}, "103": {"qwen": "[Shane Esparza, Ruben Bauer, Mrs. Joann Haynes]"}, "104": {"qwen": "[Anita Davis, Savannah Elliott, Gilbert Garner, Richard Alvarado, Katherine Bennett]"}, "105": {"qwen": "The Maximum Independent Set for the given social network is: [Donald Thomas, John Peterson, Dean Chase]."}, "106": {"qwen": "[Melissa Moss, Stephanie Ryan, Hannah Mata, Amber Mathews]"}, "107": {"qwen": "Given the complex friendship connections, the Maximum Independent Set for this social network is: [Jason Shaw, Thomas Graham, Vincent Burton, Danielle Ryan]."}, "108": {"qwen": "[Kimberly Hernandez, Mark Woodward, Gregory Jackson, Calvin Martin, Dr. Ebony Gray]"}, "109": {"qwen": "[Edward Perry, Ryan Thomas, Hannah Webb, Jay Hammond]"}, "110": {"qwen": "[Jeremy Valencia, Ryan Garcia]"}, "111": {"qwen": "[Matthew Bennett II, Gwendolyn Russell, Ashley Boyd, Ian Soto]"}, "112": {"qwen": "[Anna Clark, Matthew Gonzales, Tiffany Mccarty, Eric Hoffman, Kevin Sloan]"}, "113": {"qwen": "[Tracy Long, William Eaton, Christopher Patrick, Kristina Medina]"}, "114": {"qwen": "[John Richards, Erik Kelly, Laura Holmes]"}, "115": {"qwen": "[Christopher Jones, Ross Ritter, Melanie Silva, Justin Duke, Roy Butler]"}, "116": {"qwen": "[Veronica Montgomery, Randy Martin, Tina Vargas]"}, "117": {"qwen": "The Maximum Independent Set for the given social network is: [Michelle Foley, Gregory Lynn, Kelly Byrd]."}, "118": {"qwen": "[Rebecca Fisher, Tiffany Wilson, Paul Ryan]"}, "119": {"qwen": "[Jamie Davis, James Johnson, Lori Murphy MD, Tiffany West, Allison Powell]"}, "120": {"qwen": "[Debbie Carter, Ronnie Ramirez, Alexa Stone, Katherine Collins, David Chavez, Dr. Aimee Cooper, Olivia Zimmerman, Alex Diaz, Tara Taylor, Darren Bailey, Michael Brown, Monica Espinoza, Barbara Anderson]"}, "121": {"qwen": "[Daniel Moore, Audrey Martinez, Jessica Vaughn]"}, "122": {"qwen": "[Jeffrey Moss, Mr. Glenn Henderson II]"}, "123": {"qwen": "[Michael Williams, John Terrell, Mark Chandler, Patty Day]"}, "124": {"qwen": "The Maximum Independent Set for the given social network is: [David Duncan, George Thornton, Jamie Morris, Mary Peterson, Michelle Moore, Douglas Ballard]."}, "125": {"qwen": "The Maximum Independent Set for the given social network is: [Sierra Harris, Kimberly Harding, David Davenport]."}, "126": {"qwen": "[Jennifer Johnson, Nicholas Webb, Kristin Richardson]"}, "127": {"qwen": "[Chad Evans MD, Derek Glover, Brian Middleton]"}, "128": {"qwen": "[Jessica Benson, Donald Palmer, Christina Williams]"}, "129": {"qwen": "[Jamie James, Jocelyn Evans, Vicki Burns, Lisa Mitchell]"}, "130": {"qwen": "The Maximum Independent Set for the given social network is: [Kevin Lawrence, James Reed, Nicholas Johnson, Wayne White, Martha Reyes]."}, "131": {"qwen": "[Scott Klein, Kathryn Wiggins, Melissa Valdez]"}, "132": {"qwen": "[Jeffery Thompson, Joshua Cooper, Brianna Gomez, Angela Thomas, Matthew Harris]"}, "133": {"qwen": "[Jermaine Hansen, Patricia Wallace, David Campbell, Kristin Hamilton, Robert Reeves, Johnathan Beasley]"}, "134": {"qwen": "[Justin Thomas, Brianna Moore]"}, "135": {"qwen": "The Maximum Independent Set for the given social network is: [William Sherman, Kyle Jarvis, Andrea Johnson, Charlotte Daniel]."}, "136": {"qwen": "[Christopher Patterson, Kiara Moore, Keith Green, Madison Nelson]"}, "137": {"qwen": "[Sean Bryan, Teresa Hawkins, Patricia Faulkner]"}, "138": {"qwen": "[Donald Smith, David Rivera, David Daniels, William Taylor]"}, "139": {"qwen": "[Patricia Williams, Chelsea Cooper, Nicole Vincent, Rebecca Perez, Kevin Soto]"}, "140": {"qwen": "[Anna Lynch, Ethan Ford, Jennifer Simpson, Jenna Lopez]"}, "141": {"qwen": "[James Jordan, Michael Sanchez]"}, "142": {"qwen": "[Paul Moran, Anna Moreno]"}, "143": {"qwen": "[Richard Bell, Kimberly Anderson]"}, "144": {"qwen": "The Maximum Independent Set for the given network is: [Robin Ruiz, Tammy Short, Timothy Wilson]."}, "145": {"qwen": "[Patricia Travis, Gregory Hayes, Dr. Joshua Day DDS]"}, "146": {"qwen": "The Maximum Independent Set for the given social network is: [Emily Robinson, Caleb Scott, Jeffrey Porter, Sarah Bush, Meredith Frey]."}, "147": {"qwen": "[Jason Kelly, Cynthia Castaneda, Tiffany Hunter]"}, "148": {"qwen": "[Scott Rodriguez, Mary Atkins, Megan Rogers]"}, "149": {"qwen": "[Anna Roy, Sharon Miller, Tony Cardenas, Gary Green, Nicholas Williams, Mckenzie Weaver]"}, "150": {"qwen": "[Madison Willis, Brian Rodriguez, Shawn Hall, Emily Berry, Ralph Johnson, Meredith Mullins]"}, "151": {"qwen": "[Valerie May, Angela Phillips, David Mason]"}, "152": {"qwen": "[Steve Powell, Andrew Gordon]"}, "153": {"qwen": "[Stephanie Huynh, Andrew Hughes, Alexa Wilson]"}, "154": {"qwen": "Given the friendship connections, it's clear that Courtney James is connected to every other user in the network. To find the maximum independent set, we can exclude Courtney James and include all the other users since they are not connected to each other.\n\nMaximum Independent Set: [Stacey Henderson, Chris Williams, Megan Stewart MD, Christina Hart, Aaron Dyer, Deborah Cruz, Ms. Valerie Atkins]."}, "155": {"qwen": "The Maximum Independent Set for the given social network is: [Todd Elliott, Gary Morales, Ryan West]."}, "156": {"qwen": "[Anthony Ruiz, Erik Smith, Kathleen Johnson]"}, "157": {"qwen": "[Keith Jordan, David Haney]"}, "158": {"qwen": "[Mr. Michael Taylor, Diane Shaw, Michael Peterson]"}, "159": {"qwen": "[Chad Jones Jr., Rachel Hernandez, Edward Mendoza, Dylan Osborne, William Williams]"}, "160": {"qwen": "[Madison Johnson, Joshua Kane]"}, "161": {"qwen": "[Jose Munoz, Marie Garcia]"}, "162": {"qwen": "[Richard Cummings, Melissa Smith, Kristy White, Virginia Shannon, Valerie Camacho, Eric Friedman]"}, "163": {"qwen": "[Michelle Lin, Victor Reyes]"}, "164": {"qwen": "[Sarah Dean, Brian Ward, Mason Benitez, Adam Hinton, Richard Cole]"}, "165": {"qwen": "[Blake Decker, Molly Johnson, Gregory Merritt, Alexander Smith, Diane Glass]"}, "166": {"qwen": "[Annette Kennedy, Amy Hughes, Kristin Mahoney, Alexander Martinez]"}, "167": {"qwen": "[William Evans, Benjamin Hall, Pamela Price, Brian Johnson, Kevin Leach, Jared Pope, Eric Terry, Nicole Jones, Nicholas Alvarado]"}, "168": {"qwen": "[Jennifer Diaz, Matthew Morris, Daniel Wilcox, Mitchell Banks]"}, "169": {"qwen": "[Raymond Baker, Haley Nichols, Gina Hayes]"}, "170": {"qwen": "One Maximum Independent Set: [Ryan Norman, Thomas Holmes, Derrick Smith]."}, "171": {"qwen": "The Maximum Independent Set for the given network is: [Bryan Sampson, Erik Phillips, Amanda Case]."}, "172": {"qwen": "[Andrew Pierce, Pamela Young, Melissa Snow]"}, "173": {"qwen": "The Maximum Independent Set for the given network is: [Gabriela Cardenas, Danielle Lewis, Marissa Conner, Chelsea Randolph]."}, "174": {"qwen": "Based on the given friendship connections, the Maximum Independent Set for this network is:\n\n[Mrs. Sylvia Craig MD, Gabrielle Hernandez, Jeffery Abbott, Billy Foster, Karla Gomez, Catherine Anderson, Amy Butler]"}, "175": {"qwen": "[Traci Taylor, Isaac Taylor, Erin Garcia, Susan Peterson, Caitlin Duke]"}, "176": {"qwen": "[Jennifer Harris, Michael Martin, Madison Sharp, Mark Figueroa, Jennifer Gentry, Mrs. Jordan Dunn, Michael Douglas]"}, "177": {"qwen": "[Spencer Haynes IV, Victoria Barrett, Mr. Casey Harrington, Gregory Phillips]"}, "178": {"qwen": "[Paul Patel, Joshua Nguyen, Jeremiah Carter, William Smith]"}, "179": {"qwen": "[Carolyn Campbell, Derrick Nicholson]"}, "180": {"qwen": "[David Cabrera, Cheryl Johnson DDS, Megan Olson, Lee Grant, David Davenport, Robin Taylor]"}, "181": {"qwen": "The Maximum Independent Set for the given social network is: [Tara Allen, Matthew Leblanc, Larry Montoya, Christina Murillo]."}, "182": {"qwen": "[Jordan Brown, John Smith, Chris Villarreal, Kelly Douglas, David Green]"}, "183": {"qwen": "[Jennifer Martinez PhD, Joshua Kane, Amy Pace]"}, "184": {"qwen": "[Jordan Moore, Tracy Hernandez, Sarah Lin]"}, "185": {"qwen": "[William Sheppard, Daniel Walker]"}, "186": {"qwen": "[Jonathan White, Glenn Jones]"}, "187": {"qwen": "[Brandon Parker, Briana Washington, Sandra Ward, Mary Gutierrez, Jared Perez]"}, "188": {"qwen": "[Robert Cruz II, Harold Murphy, John Chambers, Paul Fisher, Daniel Marshall, Stephen Mejia, Nicole Vargas, Jessica Wood, Adam Coleman]"}, "189": {"qwen": "[Michael Newman, Theresa Anderson, Tim Palmer DDS]"}, "190": {"qwen": "[Madison Willis, Lisa Anderson, Christopher Green, Amanda Williams]"}, "191": {"qwen": "One Maximum Independent Set: [Karen Cooley, Jacob Sutton, Linda Lawrence, Jeffrey Stevens, Rebecca Brown]."}, "192": {"qwen": "[Jennifer Morales, Teresa Blevins, Sarah Gutierrez, Linda Vega, Ann Howard]"}, "193": {"qwen": "[Sarah Holt, Drew Adams, Fernando Howell]"}, "194": {"qwen": "The Maximum Independent Set for the given network is: [Mary Stewart, Jason Ramirez, Amanda Anthony]."}, "195": {"qwen": "[Michelle Pena, Abigail Thomas, Kelsey West, Rebecca Martin, Raymond Jenkins]"}, "196": {"qwen": "[Donna Hughes, Dustin Ashley, Benjamin Davis]"}, "197": {"qwen": "[Stephanie Richardson, George Mcguire, Jessica Christian, Jamie Pennington]"}, "198": {"qwen": "[Bradley Stanley, Candice Gray, Shannon Patton, Elizabeth Moore, Nathan Herrera, Timothy Mitchell, Tina Edwards, Elizabeth Crane, Megan Owen]"}, "199": {"qwen": "[Andrew French, Kristen Zhang, Shelley Shelton]"}, "200": {"qwen": "[Shelby Serrano, Chris Potter]"}, "201": {"qwen": "[Gabriel Campbell Jr., Francisco Brown, Rebecca Williams, Robert Gonzalez]"}, "202": {"qwen": "[Crystal Shaw MD, Melanie Booker, Jeffrey Brown, Kaitlyn Park]"}, "203": {"qwen": "Given the problem, it's clear that Veronica Lee is connected to every other user in the network. Therefore, the Maximum Independent Set does not include her. We can remove her and consider the remaining users.\n\nAfter removing Veronica Lee, the remaining users are:\n- David Hansen, Alexandra Zuniga, Lori Hensley, Fernando Jones, Amanda Hines, Bonnie Lewis, Jeffery Anderson, Ethan Ford, Joshua Johnson, Samantha Fields, Jennifer Heath.\n\nNow, we can see that Samantha Fields is connected to David Hansen, Amanda Hines, and Fernando Jones. Removing these three users, we get:\n\n- Alexandra Zuniga, Lori Hensley, Bonnie Lewis, Jeffery Anderson, Ethan Ford, Joshua Johnson, Jennifer Heath.\n\nFrom this group, Jennifer Heath is connected to Ethan Ford. Removing them, we have:\n\n- Alexandra Zuniga, Lori Hensley, Bonnie Lewis, Jeffery Anderson, Joshua Johnson.\n\nThere are no more connections among these users, so the Maximum Independent Set is:\n\n[Jeffery Anderson, Joshua Johnson, Alexandra Zuniga, Lori Hensley, Bonnie Lewis]"}, "204": {"qwen": "[Travis Hunter, Jason Wright, Dustin King, Jake Mcintosh]"}, "205": {"qwen": "[Sheila Garcia, Russell Wright, Eric Fox]"}, "206": {"qwen": "[Mr. Joseph Osborn, Ann Gates]"}, "207": {"qwen": "[Andre Vargas, Tanya May, Shane Avila DDS, Joseph Brown]"}, "208": {"qwen": "[William Choi, Amanda Cole, Jacob Rivera]"}, "209": {"qwen": "[Stephen Stephens, Betty Wallace, Brenda Donaldson, Michael Rodriguez]"}, "210": {"qwen": "The Maximum Independent Set for the given social network is: [Jamie Duncan, Rebecca Barton, Melissa Harvey, Adam Johnson]."}, "211": {"qwen": "[Jeffery Horn, Douglas Martinez]"}, "212": {"qwen": "[Joseph Delgado, Bobby Russell, Mark Morrison, Larry Kirby, Robin Roberts]"}, "213": {"qwen": "[Jessica Lopez, Daniel Collins, Brandon Rojas]"}, "214": {"qwen": "[Anthony Larsen, Daniel Dixon, David Munoz, Gregory Gibson, Sarah Richardson]"}, "215": {"qwen": "[Christina Downs, Marilyn Chase, Barbara Love, Pamela Hale, Laura Howell]"}, "216": {"qwen": "The Maximum Independent Set for the given network is: [Jennifer Wright, Sheena Arias, Connie Davis, Greg Ryan]."}, "217": {"qwen": "[Isaiah Brown, Jonathan Bailey, Andrea Fernandez, Danny Farmer, Joshua Kane, Alexandra Gonzales, Sean Richardson]"}, "218": {"qwen": "[James Strong, Ronald Sandoval, Tina Barnett, Brian Cole]"}, "219": {"qwen": "[Daniel Williams, Lori Nguyen]"}, "220": {"qwen": "[William Hall, Jamie Walker, Drew Meadows]"}, "221": {"qwen": "[Frank Graham, Samantha Ruiz, Rodney Torres, Mrs. Katherine Navarro DDS]"}, "222": {"qwen": "[John Smith, Ashley Hernandez]"}, "223": {"qwen": "The Maximum Independent Set for the given social network is: [Dominique Garrett DDS, Candace Blackburn, Tracy Peterson, Jordan Benson]."}, "224": {"qwen": "[Jeremy Whitney, Christopher Lang, Daniel Matthews]"}, "225": {"qwen": "[Adam Boone, Dennis Ray MD, Patricia Bush]"}, "226": {"qwen": "[Hayden Berger, Adam Mendoza, Mary Castillo]"}, "227": {"qwen": "[Christina Rojas, Amy Thomas, Karen Hall, Andrea Payne, Richard Aguilar, Brittany Burns, Stephen Crane]"}, "228": {"qwen": "The Maximum Independent Set for the given social network is: [Sean Martinez, Tony Chaney, Jesse Fuller]."}, "229": {"qwen": "[Vanessa Romero, Matthew Adams, Scott Nguyen, Mr. Gregory Peck, Aaron Brown]"}, "230": {"qwen": "[Robert Weaver, Danielle Suarez]"}, "231": {"qwen": "[Lisa Carr, Mary Smith, Amanda Johnson, Erika Arnold MD]"}, "232": {"qwen": "Given the friendship connections:\n- Rachel Carlson and Jennifer Fry, Rachel Carlson and Cindy Cortez, Rachel Carlson and Renee Meza.\n\nThe Maximum Independent Set for this network is:\n[Renee Meza, Jennifer Fry, Cindy Cortez]"}, "233": {"qwen": "[Mrs. Rebecca Chandler, Bryan Robinson]"}, "234": {"qwen": "[Don Randolph, Katherine Wilcox, Randall Lucas, Julie Scott]"}, "235": {"qwen": "[Jennifer Willis, David Pruitt, Carol Walker, Patricia Sweeney]"}, "236": {"qwen": "[Michael Parks, Matthew Huff, Miguel Martin, Christine Hale]"}, "237": {"qwen": "The Maximum Independent Set for the given social network is: [Michael Cain, Matthew Bryant, Jennifer Harrison]."}, "238": {"qwen": "Given the friendship connections, it's clear that Samuel Carroll is connected to every other user in the network. To find the maximum independent set, we can remove Samuel Carroll and consider the remaining users.\n\nAfter removing Samuel Carroll:\n- Users in the network: William Romero, Lisa Wilson, Kimberly Hendricks, Michael Orozco, Jeremy Lowe, Justin Farmer, Gene Smith, Rodney Young, Aaron Williams, Alexis Larsen.\n- Friendship connections: William Romero and Lisa Wilson.\n\nNow, we can form an independent set by selecting users who are not connected to each other. One possible Maximum Independent Set from the remaining users is:\n\n[Kimberly Hendricks, Michael Orozco, Jeremy Lowe, Justin Farmer, Gene Smith, Rodney Young, Aaron Williams, Alexis Larsen]\n\nSo the final Maximum Independent Set, including Samuel Carroll, would be:\n\n[Samuel Carroll, Kimberly Hendricks, Michael Orozco, Jeremy Lowe, Justin Farmer, Gene Smith, Rodney Young, Aaron Williams, Alexis Larsen]"}, "239": {"qwen": "The Maximum Independent Set for the given social network is: [Craig Tyler, Matthew Horton]."}, "240": {"qwen": "[Reginald Miller, Lori Miller, Joseph Contreras, Natasha Brooks, Billy White, Emma Johnson]"}, "241": {"qwen": "[Brandy Ali, Jacqueline Hernandez, Ryan Guerrero]"}, "242": {"qwen": "[Summer Reynolds, Tonya Wilson, Rodney Farmer, Carl Lee]"}, "243": {"qwen": "[Joseph Jacobs, Erika Graham, Rodney Taylor, Sherri Leon, Robert Wilcox]"}, "244": {"qwen": "[Justin Nelson, Susan Cook, Mrs. Danielle Terry MD, Leslie Dominguez]"}, "245": {"qwen": "[Becky Mclean, Bradley Rhodes, Melvin Bowman, Timothy Montgomery, Brittany Sullivan, Holly Evans, Ashley Winters, Karen Wells]"}, "246": {"qwen": "The Maximum Independent Set for the given social network is: [Scott Morales, Glenn Jones, Teresa Smith]."}, "247": {"qwen": "The Maximum Independent Set for the given social network is: [Patricia Garcia, Rachel Robinson, Regina Robinson, Nicole Ruiz, James Johnson MD, Glenda Hull]."}, "248": {"qwen": "[Richard Bell, Dawn Stevenson, Jerome Ferguson, Kyle Houston]"}, "249": {"qwen": "[Carl Lee, Anthony Robinson, Jason Rocha, Gina Wilson, Gregory Hall, Alec Anderson]"}, "250": {"qwen": "[Stacy Williams, Brian Vasquez, Michael Bell, Robert Smith]"}, "251": {"qwen": "The Maximum Independent Set for the given social network is: [Timothy Jacobson, Tracy Colon, Angela Snyder]."}, "252": {"qwen": "[Paula Kirk]"}, "253": {"qwen": "[Angie Vaughn, Teresa Gordon, Justin Little]"}, "254": {"qwen": "[Chase Davenport]"}, "255": {"qwen": "[Anthony Mora, Emily Rodriguez, James Chavez, Noah Williams, Tracy Blackwell]"}, "256": {"qwen": "[Marie Jacobs, John Obrien, Andrew Bradshaw]"}, "257": {"qwen": "[Richard Foley, Ashley Hebert, Ricky Thompson, Andrew Gonzales DDS]"}, "258": {"qwen": "The Maximum Independent Set for the given network is: [Jill Hardy, Chad Brown, Penny Stone, Lisa Price, Christopher Estrada]."}, "259": {"qwen": "[John Richardson, Walter Herrera, Alejandro Steele, Jared Powell]"}, "260": {"qwen": "[Rebecca Bradshaw, Lindsay Ward]"}, "261": {"qwen": "[Kimberly Nelson, Kelly Davis, Ashley Nguyen, Mr. Benjamin Jones]"}, "262": {"qwen": "[Corey Kemp, Kathleen Goodman, Charles Thomas, Kenneth Pratt, Anthony Haas, Whitney Adams]"}, "263": {"qwen": "Given the friendship connections:\n- Shawn Richardson and Willie Castillo\n- Shawn Richardson and Jose Banks\n- Shawn Richardson and Susan Singh\n\nThe Maximum Independent Set can be found by removing Shawn Richardson since he is connected to all other users. Therefore, the set without Shawn Richardson forms an independent set.\n\nMaximum Independent Set: [Willie Castillo, Jose Banks, Susan Singh]"}, "264": {"qwen": "[Deborah Marshall, Adam Conner, Robert Smith, John Snyder, Susan Santiago, Denise Lee, Susan Hess, Tammy Cummings, Stephanie White, Shannon Peters]"}, "265": {"qwen": "[William Boyd, Gabriel Perry, Jessica Montgomery, Valerie Jones]"}, "266": {"qwen": "Given the friendship connections, the Maximum Independent Set for this network is: [Sue Smith, Anita Cole, Ronald Evans]."}, "267": {"qwen": "The Maximum Independent Set for the given social network is: [Christopher Curtis, Ashley Fernandez]."}, "268": {"qwen": "[Timothy Vega, Andrea Neal, Stephanie Kent, Lisa Brown]"}, "269": {"qwen": "[David Bond, Mary Davis, Andrew Manning, Frederick Nguyen, Eric Anderson, Sarah Weaver]"}, "270": {"qwen": "[Michael Horn, Deborah Smith]"}, "271": {"qwen": "[Stephen Powell, Lance Smith, Danielle Townsend, Elizabeth Griffin, Eduardo Robbins]"}, "272": {"qwen": "[Christopher Blair, Michael Hale, Seth Gonzalez, Matthew Elliott, Mary Bradley, Lucas Johnson]"}, "273": {"qwen": "The Maximum Independent Set for the given social network is: [Brittney Glover, Tamara Guerrero, Corey Aguirre]."}, "274": {"qwen": "[Sheila Kim, Juan Dodson, Tiffany Larson]"}, "275": {"qwen": "[James Reid, Jason Ewing, Jessica Jackson, Patrick Perez]"}, "276": {"qwen": "[Christine Scott, Katherine Weeks, Amy Jones]"}, "277": {"qwen": "[James Charles, Kayla Moore, William Roberts, Jonathan Delgado]"}, "278": {"qwen": "[David Barry, Robert Henson]"}, "279": {"qwen": "[Thomas Campos, Daniel Hudson, Tara Pham, Patricia Wang]"}, "280": {"qwen": "[Isaac Brooks, Darren Bradford]"}, "281": {"qwen": "[Frederick Sampson, Susan Jordan, Eric Hopkins, Brian Perez, James Wilkins, Regina Young]"}, "282": {"qwen": "[Jennifer Martinez, Megan Flores, Briana Daniel, Mr. Joseph Osborn]"}, "283": {"qwen": "[Arthur Thomas, Sarah Santiago MD, Rachel Dawson, Hannah Mills, Jennifer Mcbride]"}, "284": {"qwen": "[Alan Wright, Steve Lee, Samantha Grimes]"}, "285": {"qwen": "[Samuel Russell, Yesenia Miller, Jason Miller, Margaret Suarez]"}, "286": {"qwen": "The Maximum Independent Set for the given social network is: [Gina Davis, Aaron Stewart, David Little]."}, "287": {"qwen": "[Travis Tran, Ronald Sims, Randall Stout]"}, "288": {"qwen": "[Sean Wall, Rodney Leonard, Casey Smith]"}, "289": {"qwen": "[Maria Gutierrez, Alexandra Cooper, Casey Bryant, Anne Joseph, Mary Evans]"}, "290": {"qwen": "[Angela Smith, Ashley Hernandez, Jessica Martinez, Michelle Ramirez]"}, "291": {"qwen": "[Andrea Hill, Barbara Gill, Mrs. Cynthia Diaz]"}, "292": {"qwen": "[Leslie Villarreal, Sheila Luna, Julia Torres, David Davis, Peter Parker, Antonio Powell, Christopher Beck, Jason Porter]"}, "293": {"qwen": "[Stephen Cruz]"}, "294": {"qwen": "[Chad Pace, Christina Butler, Pamela Jarvis]"}, "295": {"qwen": "[Jonathan Smith, Laura Cox, Kimberly Campbell, Alexis Key]"}, "296": {"qwen": "[Jeremy Lopez, Carol Perez]"}, "297": {"qwen": "[Melissa Dean, Brittany Moore, Amy Winters]"}, "298": {"qwen": "[Victoria Wang, Tiffany Williams, Jon Padilla, Morgan Lowery]"}, "299": {"qwen": "The Maximum Independent Set for the given network is: [James Gonzalez, Mary Le, Jessica Johnston, Amy Phillips, Michael Marks]."}, "300": {"qwen": "[Robin Johnson, Jasmine Morgan, Amber Murphy, Jeffrey Rice, Travis Evans, Karen Colon, Alexander Wright IV, Christopher Adkins]"}, "301": {"qwen": "The Maximum Independent Set for the given social network is: [Shannon Lee, Jeremy Hayes MD]."}, "302": {"qwen": "[Donald Davidson, Kyle Harris, Jeffrey Baldwin, Susan Dennis, Laura Blackburn]"}, "303": {"qwen": "[Victoria Rowe, Jean Espinoza]"}, "304": {"qwen": "[Kevin Frey, Allen Johnson]"}, "305": {"qwen": "[Brandon Peters, Candice Bradford, Elizabeth Norman, Jeanette Hurst, Russell Jones, Susan Davis, Teresa Jones]"}, "306": {"qwen": "[Patricia Thomas, Christopher Allen, Amanda Coffey, Sherry Smith]"}, "307": {"qwen": "[Joseph Rivas, Julia Murray, Christina Collins, Raymond Hughes, Rachael Miller, Cody Porter, Lauren White, Andrea Goodman]"}, "308": {"qwen": "[Harry Alexander, Angela Mcintyre, Kenneth Griffin, Eric Adams, Michael Jones]"}, "309": {"qwen": "[Stacey Turner, Deborah Ballard, Bridget Mccoy]"}, "310": {"qwen": "The Maximum Independent Set for the given social network is: [Scott Gibson, Chad Osborne, Stephen Love, Brian Bowen]."}, "311": {"qwen": "[Gary Larsen, Anna Nielsen]"}, "312": {"qwen": "The Maximum Independent Set for the given social network is: [William Herrera, Sandra Harris, Cynthia Case, Kenneth Sellers DDS]."}, "313": {"qwen": "[Richard Murray, Natalie Morse]"}, "314": {"qwen": "[James Potter, Hannah Smith, Marcus Brown]"}, "315": {"qwen": "[Danny Floyd, Tanner Gonzalez, Jessica Horton, Mark Pena, Kathy Johnston]"}, "316": {"qwen": "[Jesus Sanchez, Douglas Clark, Anna Bauer, Samantha Hodges, Robert Dunn, Janet Davis]"}, "317": {"qwen": "The Maximum Independent Set for the given social network is: [Lisa Horton, Joshua Kane, Patrick Kelly, Scott Bolton]."}, "318": {"qwen": "[Christine Bentley, Laura Johnson]"}, "319": {"qwen": "[Brandon Henson, Justin Reynolds, Devin Copeland, Tammy Lam]"}, "320": {"qwen": "The Maximum Independent Set for the given social network is: [Brandon Diaz, Cynthia Taylor, John Mcmillan]."}, "321": {"qwen": "[Robyn Jackson, Ryan Adams]"}, "322": {"qwen": "[John Buck, Samantha Obrien, Jeremy Carter, Jacob Woodard, Linda Vega]"}, "323": {"qwen": "The Maximum Independent Set for the given social network is: [Andrew Jordan, Mr. Michael Meyer, Amanda Horne, Wanda Martin, Jonathan Hunt]."}, "324": {"qwen": "[Jennifer Mitchell, Melanie Rice, George Nunez, Christopher Smith]"}, "325": {"qwen": "[Daniel Conway, Diane Stafford, Katie Alvarez, Brandon Sims, Samuel Mcclure]"}, "326": {"qwen": "[Dr. Tiffany Salas, Samantha Velez, Amanda Henry, Jill Wise, Donna Fox]"}, "327": {"qwen": "[Robert Olsen II, Dominic Walls, Rebecca Gilbert]"}, "328": {"qwen": "[Peter Morgan, Tina Dominguez, Robert Braun]"}, "329": {"qwen": "[Matthew Estrada, Nicole Williams, Alexis Simmons, Brittany Lewis, Dr. Anthony Dougherty]"}, "330": {"qwen": "The Maximum Independent Set for the given social network is: [Shawn Lawrence, Sean Smith, Martin Noble]."}, "331": {"qwen": "[Andrew Henderson, Robert Stanton, Glenn Jones, Regina Watson, Marissa Flowers]"}, "332": {"qwen": "[Thomas Fisher, Kimberly Tanner, Jeffrey Castro]"}, "333": {"qwen": "[Henry Knight, Walter Abbott, Justin Williams, Carl Everett, Mark Ramirez]"}, "334": {"qwen": "[Jamie Shaw, Lisa Johnson]"}, "335": {"qwen": "Given the friendship connections:\n- Kimberly Green and Alejandro Monroe\n- Kimberly Green and Madison Willis\n- Kimberly Green and Jerome Ferguson\n\nOne Maximum Independent Set is: [Alejandro Monroe, Madison Willis, Jerome Ferguson]"}, "336": {"qwen": "[Allison Cameron, Matthew Ortega, David Baxter]"}, "337": {"qwen": "[David Miller, Nathan Sanford, Damon Carter]"}, "338": {"qwen": "[Holley Fuller, Alicia Herring]"}, "339": {"qwen": "[Patrick Kelly, Matthew Mason, Melissa Farley]"}, "340": {"qwen": "One Maximum Independent Set: [Mckenzie Trujillo, Gloria Johnson, Eric Murray, Felicia Robertson]."}, "341": {"qwen": "[Steven Montgomery, Tasha Ortiz, Lisa Franco]"}, "342": {"qwen": "[Mary Sutton, Gregory Walker, Paul Martinez]"}, "343": {"qwen": "[John Chambers, Stephen Hodges, Kenneth Sullivan, Tina Greer, Jacob Johnson]"}, "344": {"qwen": "One Maximum Independent Set: [Margaret Ware, Jonathan Johnson]."}, "345": {"qwen": "The Maximum Independent Set for the given social network is: [Charles Thornton, Nicholas Steele, Patricia Pierce, Joseph Garcia, Gina Jimenez, Shane Ward, Christine Colon, Edgar Bradley]."}, "346": {"qwen": "[Charles Mcdonald, David Collins, Thomas Jones]"}, "347": {"qwen": "Given the friendship connections, one Maximum Independent Set for this network is: [Michelle Henry, Curtis Wiley]."}, "348": {"qwen": "[Brandon Hall, Taylor Campbell]"}, "349": {"qwen": "[Michelle Lopez, Anthony Jones, Angela Christensen]"}, "350": {"qwen": "[Brian Rodriguez, Karen Wilson, Joshua Kane, Michael Nunez, Alejandro Monroe, Micheal Parsons, Angela West, Nicholas Webb, David Romero]"}, "351": {"qwen": "[Patrick Gill, Jerry House]"}, "352": {"qwen": "[Stephen Wilson, Marco Walker, Virginia David, Colleen Barber, Frances Stewart, Karen Kennedy, Jamie Hodge]"}, "353": {"qwen": "[Glenn Jones, Laura Davis, Christopher Gibson]"}, "354": {"qwen": "[Kim Acosta, Cody Perkins, Thomas Kennedy, Lawrence Brady, Donald Jones]"}, "355": {"qwen": "[Jonathon Perez, Shannon Dunn]"}, "356": {"qwen": "[Benjamin Mitchell, Tammy Michael, Jonathan Bates]"}, "357": {"qwen": "[Jonathan Perry, Micheal Young, Nancy Mcneil]"}, "358": {"qwen": "[Elizabeth Schmidt, Chad Harvey, Madison Anderson, Rebecca Wilson, Amanda Durham, Jeffrey Donaldson, Kristi Stein]"}, "359": {"qwen": "[Melissa Rivera, Robert Mathis, Carl Robinson, Jessica Gonzalez, Jennifer Carrillo, Jennifer Park, Michael Meyer]"}, "360": {"qwen": "[Keith White, Cassandra Beck, Lauren Wade]"}, "361": {"qwen": "The Maximum Independent Set for the given social network is: [David Duffy, Rebecca White]."}, "362": {"qwen": "The Maximum Independent Set for the given social network is: [Aaron Walker, Sandra Torres, Luis Barajas]."}, "363": {"qwen": "[William Dudley, Cody Griffin, Rachel Drake]"}, "364": {"qwen": "[John Medina, Holly Jenkins, Daniel Henderson, Lisa Thomas, Mariah Cortez, Christine Noble]"}, "365": {"qwen": "[Brandon Riley, April Fowler, Deborah Riley, Eric Cooper, Ebony Nelson]"}, "366": {"qwen": "[Theodore Long, Shawn Hall, Nicholas Forbes DVM]"}, "367": {"qwen": "Given the friendship connections:\n- Jaime Johnson and Joshua Jones\n- Jaime Johnson and Alexander Chavez\n- Jaime Johnson and Charles Garcia\n\nThe Maximum Independent Set would be the set of users who are not connected to each other. In this case, we can remove Jaime Johnson since he is connected to all other users. Then, we can include the remaining users who are not connected:\n\nMaximum Independent Set: [Charles Garcia, Joshua Jones, Alexander Chavez]"}, "368": {"qwen": "[Andrew George, Tamara Floyd]"}, "369": {"qwen": "The Maximum Independent Set for the given social network is: [Alex Taylor, Kenneth Butler, Clayton Pena, Courtney Barber]."}, "370": {"qwen": "[Jeremiah Leonard, Diana Russell, Kathleen Lewis]"}, "371": {"qwen": "[Christine Scott, Ryan Benson, Daniel Owens, Audrey Bishop]"}, "372": {"qwen": "[Robert Butler, Justin Moore, Christine Andersen, Kathy Webster, Heather Walker]"}, "373": {"qwen": "[Carol Lloyd, Lisa Carter, Darrell Miller, Rodney Johnson]"}, "374": {"qwen": "[Thomas Gamble, Angela Morgan]"}, "375": {"qwen": "[Joshua Stevens, Angela Obrien, Rebekah Torres]"}, "376": {"qwen": "[Ann Gates, Dustin Tate, Laura Ferguson, Daniel Lewis, Johnny Pierce]"}, "377": {"qwen": "[Julian Bartlett, Dr. Kathryn Monroe MD, Travis Wilson]"}, "378": {"qwen": "[Robert Merritt, Clifford Hall, Thomas Clark, Pamela Lewis, Mary Campos]"}, "379": {"qwen": "[Anthony Craig, Eric Hudson, Taylor Short]"}, "380": {"qwen": "The Maximum Independent Set for the given social network is: [Alexander Terry, Joseph Buck, Jay Gordon, Michael Cruz, Ebony Mcgee]."}, "381": {"qwen": "[Jason Johns, Ronald Roy]"}, "382": {"qwen": "[Christopher Snyder, Jonathan Young, Darren Odom, Kyle Edwards, Ray Lopez]"}, "383": {"qwen": "[Emily Gray, Jonathan Hudson, Tammy Edwards, Dr. Chelsea Nash MD]"}, "384": {"qwen": "Given the friendship connections:\n- Sean Hall and Brittany Barnett\n- Sean Hall and Shannon Pineda\n- Sean Hall and Jessica Smith\n\nThe Maximum Independent Set is the set of users who are not connected to each other. In this case, we can remove Sean Hall since he is connected to all other users. Then, Brittany Barnett, Shannon Pineda, and Jessica Smith can form an independent set. However, Brittany Barnett is connected to both Shannon Pineda and Jessica Smith, so she cannot be part of the maximum independent set.\n\nHence, the Maximum Independent Set is:\n\n[Shannon Pineda, Jessica Smith]"}, "385": {"qwen": "[Veronica Garrett, Danielle Dominguez, Tracy Ford, Vicki Evans, Alec Schultz]"}, "386": {"qwen": "[Melanie Roberson, Joseph Smith, Ronald Gonzales]"}, "387": {"qwen": "[Monica Hall, Kimberly Short]"}, "388": {"qwen": "Given the problem, it seems that all users are connected to Sheila Diaz. Therefore, the Maximum Independent Set would be the set of users that are not connected to Sheila Diaz. However, since every user is mentioned as having a friendship connection with Sheila Diaz, there is no independent set in this network that includes any of these users.\n\nHence, the Maximum Independent Set is an empty set:\n\n[]"}, "389": {"qwen": "[Carlos Valentine, Sandra Schultz, Gabriel Oliver, Jessica Miller]"}, "390": {"qwen": "The Maximum Independent Set for the given social network is: [William Howard, Joanne Jackson, Brian Ramsey]."}, "391": {"qwen": "[Richard Greene, Justin Morgan]"}, "392": {"qwen": "[Jerome Ferguson]"}, "393": {"qwen": "[Matthew Franklin, Mary Parker, Andrea Bush]"}, "394": {"qwen": "[Kimberly Johnson, Wendy Russell, Emily Tucker]"}, "395": {"qwen": "[Vanessa Johnson, Barbara Rivers, David Rivera, Mary Kelley, Kevin Walter, Ashley Anderson]"}, "396": {"qwen": "[Marcus Gillespie, Christina Cobb, Michael Woodard]"}, "397": {"qwen": "[Justin Hunt, Matthew Church, Christina Clark, Ruth Robbins]"}, "398": {"qwen": "[Isaiah Brown, Chad Evans MD, Keith Walters]"}, "399": {"qwen": "[Michael Hale, Robin Davis, Belinda Rivera, David Miller, Emily White, David White, David Hernandez, Tyler Luna]"}, "400": {"qwen": "[Christopher Leblanc, Maria Martinez, Lori Hodge, Kevin Singh]"}, "401": {"qwen": "The Maximum Independent Set for the given network is: [Renee Peters, Mary Wright, Kathryn Johnson]."}, "402": {"qwen": "[Robert Payne]"}, "403": {"qwen": "Given the friendship connections, the Maximum Independent Set for this network is: [Margaret Rocha, James Cook, Nicholas Wright]."}, "404": {"qwen": "[James Mccoy, Katherine Ramos]"}, "405": {"qwen": "[Joshua Kane, Lisa Brown, Pamela Arnold]"}, "406": {"qwen": "[Joseph Serrano, Matthew Evans]"}, "407": {"qwen": "[Steven Flores, Teresa Silva, Candace Jones, Jorge Greene, Carol Daugherty, Brian Johnson]"}, "408": {"qwen": "[Daniel Hodge, Justin Franco, Janet Wilson, Marvin Rose, Daniel Clayton, Christie Cruz MD, Michael Williams]"}, "409": {"qwen": "[Robert Tapia, Lawrence Green]"}, "410": {"qwen": "The Maximum Independent Set for the given network is: [Dan Mitchell, Keith Finley, Colin Wolf]."}, "411": {"qwen": "The Maximum Independent Set for the given social network is: [Chad Nguyen, Julie Baker]."}, "412": {"qwen": "[Carla Logan, Lisa Williams]"}, "413": {"qwen": "[Abigail Thomas, Troy Webb, Kayla Garcia]"}, "414": {"qwen": "[Brandon Brown, Brett Johnson, Mrs. Lynn Barber, Kara Armstrong]"}, "415": {"qwen": "[Paul Evans, Lacey Frank, Nathan Williams, Marilyn Chung, Chad Thornton]"}, "416": {"qwen": "[Joseph Walker, Taylor Hunt, Brian Mueller, Shannon Maddox]"}, "417": {"qwen": "The Maximum Independent Set for the given social network is: [Stephanie Taylor, Marcia Rogers, Mr. Douglas Gonzalez]."}, "418": {"qwen": "[Scott Miller]"}, "419": {"qwen": "[Dr. Hector Hernandez, Erin Fitzgerald, Mr. Joseph Osborn]"}, "420": {"qwen": "[Traci Mitchell, Helen Walter, Joshua Lee, Kyle Willis, Mark Sherman]"}, "421": {"qwen": "[Juan Harrison, Joseph Reese]"}, "422": {"qwen": "One Maximum Independent Set: [Patrick Griffin, Robin Bird]."}, "423": {"qwen": "[Heather Harris, Jill James, Michael Carter, Daniel Robinson]"}, "424": {"qwen": "[Brandon Combs, Julie Francis]"}, "425": {"qwen": "[Richard Rice, Samantha Briggs, Tyler Wells]"}, "426": {"qwen": "[Hayden Mitchell, Ruth Lopez]"}, "427": {"qwen": "Given the friendship connections, we can see that Jason Smith is connected to all other users. Therefore, the Maximum Independent Set does not include Jason Smith. The remaining users, Michael Johnson, Joshua Kelly, and Christopher Malone, can form an independent set. So the answer is:\n\n[Michael Johnson, Joshua Kelly, Christopher Malone]"}, "428": {"qwen": "The Maximum Independent Set for the given social network is: [Kimberly King, Julia Lucas, Nicholas Barron]."}, "429": {"qwen": "[Arthur Gray, Kayla Murray, Karen Byrd DDS, William Brown, Nathaniel Hudson]"}, "430": {"qwen": "[Brooke Jones, Stephen Stephens, Lori Eaton, Janet Trevino, Lisa Cooper]"}, "431": {"qwen": "[Brittany Owens, Rachel Fitzgerald, Robin Martinez, Jeffrey Atkinson DDS, William Bautista, William Evans, Tracy Frey]"}, "432": {"qwen": "[Matthew Gonzalez, Terri Manning]"}, "433": {"qwen": "[Veronica Gibson, Robert Vega, Regina Ramsey, Ashley Lopez, Jesus Henry]"}, "434": {"qwen": "[Jennifer Richard, Joshua Simpson]"}, "435": {"qwen": "The Maximum Independent Set for the given social network is: [Jonathan Mason, Kevin Adams, Austin Thornton]."}, "436": {"qwen": "[Carl Everett, Marc Miller, Marilyn Wolfe, Sonia Miller, Susan Young]"}, "437": {"qwen": "The Maximum Independent Set for the given network is: [Sean Bryan, Wendy Wright, Isaiah Williams, Heather Chapman]."}, "438": {"qwen": "The Maximum Independent Set for the given social network is: [Tracy Harvey, David Cunningham, Mary Richardson, Courtney Cole]."}, "439": {"qwen": "[Eric Espinoza, Katrina Leach]"}, "440": {"qwen": "[David Phelps, Omar Norris, Jodi Ali, John Lester, Richard Lewis]"}, "441": {"qwen": "[Joyce Hoffman, Alejandro Monroe, Kevin Davis, Andrew Owens, Shawn Hall]"}, "442": {"qwen": "[James Rodriguez, Cassie Conrad, Paul Carter, Brandon Diaz, Jill Rodriguez]"}, "443": {"qwen": "[Leslie Munoz, John Hughes, Thomas Collins, Robert Wade]"}, "444": {"qwen": "[Matthew Hernandez, Angela Brown]"}, "445": {"qwen": "[Jose Walton, James Griffith, Joe Duncan, Colleen Hutchinson]"}, "446": {"qwen": "The Maximum Independent Set for the given social network is: [Dennis Martinez, Christopher Jennings, Donald Grant, Jeffrey Curry, Julia Hawkins, Joseph Smith MD]."}, "447": {"qwen": "[Blake Carey, Brenda Donaldson, Kevin Krueger, Mark Chandler]"}, "448": {"qwen": "[James Arnold, Joshua Burns, Amy Wright, Curtis Farrell, Christopher Miles]"}, "449": {"qwen": "[Andrew Payne, Laura Guerrero, Mary Graham, Stephanie Myers, Anthony Diaz]"}, "450": {"qwen": "[John Russell, Laura Kennedy, David Collins]"}, "451": {"qwen": "Given the friendship connections, the Maximum Independent Set for this social network is: [Natalie Mcbride, Tammy Owens]."}, "452": {"qwen": "[Jennifer Dixon, Edgar Hall, Richard Hernandez]"}, "453": {"qwen": "[Melvin Matthews, Lori Foster, Megan Johnson, Laura Bean]"}, "454": {"qwen": "[Joshua Burns, Kimberly Moore, Scott Huber]"}, "455": {"qwen": "[Manuel Drake, Christopher Mcmahon, David Garcia, Justin Sparks, Felicia Thompson, Theresa Wiley DDS, Vanessa Henry, Hunter Gonzales, Cole James, Victoria Martinez, Kenneth Benjamin, Dana Martin, Ryan Gonzales]"}, "456": {"qwen": "[Timothy Hampton, Shelley Arnold, David Banks]"}, "457": {"qwen": "[Michael Delgado, Dennis Lynch, Jeffrey Wood, Katherine Rogers]"}, "458": {"qwen": "[Steve Clarke, Richard Hernandez, Candice Duffy, Allison Mcneil]"}, "459": {"qwen": "[Matthew Mercer, Brittany Ramirez, Mr. John Alvarado DVM, Corey Rosario, Laura Jones]"}, "460": {"qwen": "[Angela Fernandez, Zachary Ferguson, Destiny Esparza]"}, "461": {"qwen": "The Maximum Independent Set for the given network is: [Joseph Cooley, Jennifer Lambert, Katherine Marquez, Joshua Robbins]."}, "462": {"qwen": "[Madison Willis, Melissa Lewis, Jennifer Stevens, Brett White, Mary Harris]"}, "463": {"qwen": "[Elizabeth Smith, Thomas Hall, Timothy Jimenez, Nicole Davis]"}, "464": {"qwen": "[Debra Sanchez, Benjamin Park, Timothy Vang, Jennifer Rodriguez]"}, "465": {"qwen": "The Maximum Independent Set for the given network is: [Elaine Turner, Samuel Davis, Jennifer Brown, Sarah Stewart, Kaylee Leonard]."}, "466": {"qwen": "The Maximum Independent Set for the given social network is: [Ronald Sharp, Alexandra Moreno, Jeremy Robinson]."}, "467": {"qwen": "[Christopher Wright, Joshua Kane]"}, "468": {"qwen": "[Joseph Kim, Brittany Petty, Caleb Cox, Gloria Henderson]"}, "469": {"qwen": "[William Smith, Brenda Mcdonald, Christopher Garcia, Monica Dyer, Nicholas Brown]"}, "470": {"qwen": "[Chad Garza, Karen Scott, Sandra Andrews, Christopher Johnson]"}, "471": {"qwen": "[David Alvarez, Ryan West, Valerie Edwards]"}, "472": {"qwen": "[Cheryl Johnson DDS, Shane Chang, Suzanne Castro, Matthew Costa]"}, "473": {"qwen": "The Maximum Independent Set for the given social network is: [Chelsey Walker, Jennifer Carter, Karen Russell, Matthew Lewis]."}, "474": {"qwen": "[Joseph Brown, Adrian Hall, Katie West, Erin Olson, Barbara Hawkins]"}, "475": {"qwen": "[William Briggs, Robert Nichols, Kristy Nelson]"}, "476": {"qwen": "[Sharon Young, Randy Jackson]"}, "477": {"qwen": "[Stephen Lara, Richard Foster, Ryan Underwood, David Martinez DDS, Dr. Victoria Ruiz DDS]"}, "478": {"qwen": "[Jonathan Smith, Gabriel Williams, Todd Hamilton]"}, "479": {"qwen": "The Maximum Independent Set for the given social network is: [Bryan Edwards, Jennifer Rodriguez]."}, "480": {"qwen": "The Maximum Independent Set for the given social network is: [Susan Boone, Jonathon Bautista, Gerald Hurley, Andrea Mckinney, Christopher Cherry Jr.]."}, "481": {"qwen": "[Jeff Wright, David Crawford]"}, "482": {"qwen": "[Jennifer Logan, Gabrielle Henson]"}, "483": {"qwen": "[Crystal Cisneros, Tina Moore, Stephen Davenport, Cassandra Walls]"}, "484": {"qwen": "[Elizabeth Smith]"}, "485": {"qwen": "[John Hansen, Molly Deleon, Amanda Davis, Nicholas Estrada, Vanessa Yates]"}, "486": {"qwen": "The Maximum Independent Set for the given social network is: [Mary Le, Robert Parks, Stacy Glover]."}, "487": {"qwen": "[James Vasquez, Daniel Davenport, Elizabeth Patterson, Gabrielle Hernandez, Adam Taylor, Amanda Garcia, James Gonzales, Sarah Bishop, Elizabeth Crosby]"}, "488": {"qwen": "[Kristi Jones, Jamie Gentry]"}, "489": {"qwen": "[Jeffrey Brown, Edwin Silva, Colin Wolf, Jacob Morrison, Stacey Bailey, Christopher Blanchard]"}, "490": {"qwen": "[Brandon Wood]"}, "491": {"qwen": "[Emily Robertson, Michael Hampton, Andrew Oconnell, Amy Nguyen, Lance Harris]"}, "492": {"qwen": "[Mark Castillo, Alicia Abbott, Timothy Ramsey]"}, "493": {"qwen": "[John Evans, Patrick Hall]"}, "494": {"qwen": "[Henry Jackson, Jessica Payne]"}, "495": {"qwen": "[James Johnson, Tyler Larson, Christopher Long, Mikayla Lopez]"}, "496": {"qwen": "[Deborah Wright, Jill Page]"}, "497": {"qwen": "[Michael Rodriguez, Nicholas Maldonado, Kathryn Ford]"}, "498": {"qwen": "[Michael Love, Kelly Winters, Marc Miller, Dawn Espinoza]"}, "499": {"qwen": "[Tony Brown, Natalie Woods, Michael Henderson]"}}