{"0": {"qwen": "[Stephen Hess, Kyle Meadows, Adam Nichols]"}, "1": {"qwen": "[Mitchell Ramsey, Angela Andrade, Jacob Barnes]"}, "2": {"qwen": "The Minimum Vertex Cover for the given social network is: [Tiffany Rowland, Sandra Miller, Brendan Trevino, John West]."}, "3": {"qwen": "[Steven Allen, Alisha Bennett, Joel Martin]"}, "4": {"qwen": "[Amy Roberson, Edward Mendoza, Philip Calderon]"}, "5": {"qwen": "[Jamie Oliver, Martin Parker, Charles Sloan]"}, "6": {"qwen": "[Emily Brock, Sabrina Olsen, Angela Wheeler]"}, "7": {"qwen": "[Lauren Lawson, Kristine Oconnell, Alexandra Martinez]"}, "8": {"qwen": "[Paul Summers, Jared Murray]"}, "9": {"qwen": "[Mark Campbell, David Taylor, Derek English, Sara Gray]"}, "10": {"qwen": "[Janet Cordova, Kevin Guerrero]"}, "11": {"qwen": "[Autumn Shields, Maurice Martin, Tyler Hooper, Krystal Turner]"}, "12": {"qwen": "[Victoria Williamson, Aaron Pena]"}, "13": {"qwen": "[Michelle Green, Aaron Stephens, Crystal Weiss, Angela King]"}, "14": {"qwen": "[Stephanie Lawrence, Sara Gregory]"}, "15": {"qwen": "[Richard Solis, Angela Hanson, Kyle Best]"}, "16": {"qwen": "[Michael Mendez, Susan Chen, Sarah Finley, Deborah Burke]"}, "17": {"qwen": "[Mariah Castillo, Kathleen Mcdonald DDS]"}, "18": {"qwen": "[Antonio Singleton, Kimberly Johnson]"}, "19": {"qwen": "[James Ware, Mitchell Campbell, Phillip Marsh, Julian Hall]"}, "20": {"qwen": "[Jessica Brewer, Evelyn Franklin]"}, "21": {"qwen": "[Janet Collins, Kayla Mcgrath, Sara Richards, Ryan Bryant]"}, "22": {"qwen": "[Sean Hunter, Theresa Scott]"}, "23": {"qwen": "The Minimum Vertex Cover for the given social network is: [Tyler Hansen DDS, Shelley Ferguson, Candice Vincent, Savannah Davis, Teresa Perry]."}, "24": {"qwen": "[David Barber, Taylor Mccormick]"}, "25": {"qwen": "[Joseph Mcguire, Alyssa Rodriguez DVM, Charles Davis]"}, "26": {"qwen": "[Marcus Willis, George Phelps, Kathleen Mitchell]"}, "27": {"qwen": "[Richard Santana, Amy Smith, Zachary Campos, Patricia Wolf]"}, "28": {"qwen": "[Eric Henderson, Jason Wilson, Amanda Barajas]"}, "29": {"qwen": "[Veronica Garcia, Eric Estes, Robin Bryant]"}, "30": {"qwen": "The Minimum Vertex Cover for the given social network is [Kyle Green, Victoria Vega, Timothy Baldwin]."}, "31": {"qwen": "[Austin Mendoza, Joseph Hebert, Rodney Hahn, Lisa Riley]"}, "32": {"qwen": "[James Velazquez, Karen Joyce]"}, "33": {"qwen": "[Jessica Williamson, Brenda Herrera, Kyle Gonzalez]"}, "34": {"qwen": "[Destiny Simpson, Melissa Martin, Cory Rosales]"}, "35": {"qwen": "[Raymond Carter, Joseph Schwartz, Paul Bryant]"}, "36": {"qwen": "[Michael Herman, Eric Black]"}, "37": {"qwen": "The Minimum Vertex Cover for this network is: [Joshua Simmons, Carrie Hartman, David Taylor]."}, "38": {"qwen": "[Jeffrey Alvarez, Mrs. Angel Payne, Brittany Wilson, Roberto Mclean, Mark Garcia, Sherry Wilson, Edward Marquez, Aimee Cannon]"}, "39": {"qwen": "[Vanessa Petersen, Xavier Owen, Victor Edwards]"}, "40": {"qwen": "[Samuel Ortiz, Sherri Bruce, Denise Clark, Theresa Horn DVM]"}, "41": {"qwen": "[James Thomas, Amber Raymond, Kevin Stuart]"}, "42": {"qwen": "[Antonio Gutierrez, Barbara Allen, Jose Carpenter, Stephanie Livingston]"}, "43": {"qwen": "[Dr. Jamie Edwards, Calvin Banks, Kristen Wilson, Paula Ward]"}, "44": {"qwen": "[James Ward, Julia Smith]"}, "45": {"qwen": "[Anthony Carlson]"}, "46": {"qwen": "[Alison Beck, Jorge Reyes]"}, "47": {"qwen": "[Kimberly Davila, Christian Anderson]"}, "48": {"qwen": "[Jennifer Peters, Karen Allen, Ryan Thornton, Jacob Lee]"}, "49": {"qwen": "[Jeffrey Perez, Michaela Pierce, Thomas Singh, Rachel Sutton, Paul Smith, Walter Leonard]"}, "50": {"qwen": "[Brandi Williams, Jason Peterson, Kenneth Jones]"}, "51": {"qwen": "[Timothy Riley, Penny Gomez, Douglas Martinez, Thomas Morgan]"}, "52": {"qwen": "[Erin Nguyen, Roberta Jacobson, Sarah Callahan]"}, "53": {"qwen": "[Kimberly Hill, Kenneth Turner, Lisa Wood]"}, "54": {"qwen": "[Travis Williams, Christopher Olsen, Brandon Russell, Matthew Goodman]"}, "55": {"qwen": "[Christopher Joseph, Mr. Jacob Wright DDS, Paula Brown]"}, "56": {"qwen": "[Thomas Kidd, Brett Smith, Aaron Thomas, Jennifer Ramos]"}, "57": {"qwen": "[Heather Green, Samantha Dickson]"}, "58": {"qwen": "[Gregory Gray, Gavin Johnson, Keith Ross, Sandra West]"}, "59": {"qwen": "[Robert Villanueva, Mary Reeves]"}, "60": {"qwen": "[Darren Powers, Mr. Thomas Villarreal]"}, "61": {"qwen": "[Grant Evans, Lori Terry, Stephanie Lee]"}, "62": {"qwen": "[Antonio Sims, Julian Harmon, John Robinson, Daniel Wells]"}, "63": {"qwen": "[Ashley Martin, Henry Willis, Mitchell Wilson]"}, "64": {"qwen": "The Minimum Vertex Cover for the given network is: [Cassandra Taylor, John Stewart, Shawn Soto]."}, "65": {"qwen": "[Justin Kelly, Jason Davis, Paula Cooper, Angela Newman MD]"}, "66": {"qwen": "[Brooke Mcclure, Kendra Weaver, Crystal Flowers, Latoya Cook]"}, "67": {"qwen": "[Chad Deleon, Clayton Moreno, Joshua Stark]"}, "68": {"qwen": "[Melissa Ferguson, Ann Velasquez, Dustin Hughes]"}, "69": {"qwen": "The Minimum Vertex Cover for this network is [Donna Wheeler]."}, "70": {"qwen": "The Minimum Vertex Cover for the given social network is: [Kimberly Lewis, Jason Perry, Julie Davis]."}, "71": {"qwen": "[Anthony Butler, Catherine Baker]"}, "72": {"qwen": "[Tina Sims, Debra Clayton, Amy Murray] (from Example 1) is not related to the given problem.\n\nFor the provided user network, the Minimum Vertex Cover can be found as follows:\n\n- Kevin Myers connects to all other users, so including him covers all edges.\n- Christopher Chambers and Christopher Knight have a direct connection, so including either one covers their edge.\n- Morgan Gonzalez and Christopher Knight also have a direct connection, so including either one covers their edge.\n\nTo minimize the vertex cover, we choose Kevin Myers, Christopher Chambers, and Morgan Gonzalez:\n\n[Kevin Myers, Christopher Chambers, Morgan Gonzalez]"}, "73": {"qwen": "[Joseph Crawford]"}, "74": {"qwen": "[Crystal Boyer, Shannon Ware, Kevin Frey]"}, "75": {"qwen": "[Thomas Woods, Aaron Brown, Loretta Butler]"}, "76": {"qwen": "The Minimum Vertex Cover for this network is: [Eric Rodriguez, Corey Davis]."}, "77": {"qwen": "[Jeremy Russell, Kyle Rangel, Laura Hall]"}, "78": {"qwen": "[Shelley Cole, Diana Bartlett, Allen Nash]"}, "79": {"qwen": "[Christina Moore, Mark Barnett, Alexander Hughes]"}, "80": {"qwen": "[Bradley Wilson, Donna Brown, Rachel Davila]"}, "81": {"qwen": "[Bruce Watson, Denise Allen, Margaret Fisher]"}, "82": {"qwen": "[Michelle Stewart, Anthony Lee, Phillip Stanley]"}, "83": {"qwen": "[Matthew Peterson, Gina Robertson, Craig Fields]"}, "84": {"qwen": "The Minimum Vertex Cover for the given social network is: [John Morales, Robert Salinas]."}, "85": {"qwen": "[Janice Morgan, Dustin Schultz, Kristina Gibbs]"}, "86": {"qwen": "[Mercedes Powell, James Riley, Jillian Bass, Cindy Montoya]"}, "87": {"qwen": "[Keith Walsh, Sandra Watts]"}, "88": {"qwen": "[Tony Ross, Alexis Horton, Ronald Rodriguez]"}, "89": {"qwen": "[Maria Wade, Dr. Joshua Day DDS, Brian Crawford]"}, "90": {"qwen": "[Ashley James, Brenda Hart, Jorge Lewis]"}, "91": {"qwen": "[Devon Hall, Ann Smith, Tom Fuller]"}, "92": {"qwen": "[Kimberly Wright, Robert David, Christina Kelley]"}, "93": {"qwen": "The Minimum Vertex Cover for the given social network is: [Carolyn Barrett, Emma Paul, Paul Valencia]."}, "94": {"qwen": "[Paula Hunt, Nicole Hickman, Joseph Knight]"}, "95": {"qwen": "[Carrie Solis, Jeffrey Novak]"}, "96": {"qwen": "[Stephen Frederick, Cindy Dillon, Breanna Brown, Zachary Young]"}, "97": {"qwen": "The Minimum Vertex Cover for this network is: [Sarah Smith, Ronald Lewis, Michael Powers]."}, "98": {"qwen": "[Eric Jenkins, Hannah Valentine, Valerie Tucker]"}, "99": {"qwen": "[Brian Bowen, Matthew Fischer, Amy Diaz]"}, "100": {"qwen": "[Melissa Wallace, Bridget Reid, Rebecca Washington]"}, "101": {"qwen": "[ Sandra Dominguez, Caitlin Williams, David White, Kathleen Smith ]"}, "102": {"qwen": "[Christopher Johnson, Amanda Williams]"}, "103": {"qwen": "[Jose Burnett, Nathan Jones, Laura Lloyd, Allison Sanders, Valerie Smith, Troy Wilson]"}, "104": {"qwen": "[Antonio Cooke, David Brown, Marcus Riggs]"}, "105": {"qwen": "Minimum Vertex Cover: [David Williams, Michael House, Juan Hawkins, Casey Fernandez]"}, "106": {"qwen": "[Mitchell Peterson]"}, "107": {"qwen": "[Jessica King MD, Deanna Gonzalez, Rachel Villa, Darrell Carter]"}, "108": {"qwen": "[Lauren Griffith, Nicholas Dunn, James Haas]"}, "109": {"qwen": "[Mark Gordon, Diana Walker, Daniel Morgan, Krista Jones]"}, "110": {"qwen": "[Daniel Nunez, Frank Greer, Nicole Wilson]"}, "111": {"qwen": "[Eric Miller, David Dunn, Stacey Browning]"}, "112": {"qwen": "[ Jasmine Farmer, Robert King ]"}, "113": {"qwen": "[Tracy Moss, John Martinez, Steven Brooks, Adrian Johns]"}, "114": {"qwen": "[Robert Avila, Kyle Bryant, Dale Mason, Lori Anderson]"}, "115": {"qwen": "[Daniel Williams, Mallory Andrade, Mark Perez]"}, "116": {"qwen": "[Rachel Griffin, Kayla Washington, Gabrielle Little, Ricky Cochran]"}, "117": {"qwen": "[Mason Bonilla, David Marks, Caleb Garcia, Douglas Martin, Kimberly Jones]"}, "118": {"qwen": "[Taylor Spencer, Amy Evans]"}, "119": {"qwen": "[Kevin Harris, Colleen Lang]"}, "120": {"qwen": "[Scott Washington, Cassie Barrett]"}, "121": {"qwen": "[Shelly Garcia, Michelle Martinez, Donna Kelly]"}, "122": {"qwen": "[William Newman, Amy Joseph, Melissa Jordan, David Phillips]"}, "123": {"qwen": "[Mark Allen, Taylor Baker, Ruth Landry, William Colon]"}, "124": {"qwen": "The Minimum Vertex Cover for the given social network is: [Christopher Durham, Joseph Hensley, Amy Conrad]."}, "125": {"qwen": "[Brandon Klein, Megan Ball]"}, "126": {"qwen": "[Carlos Garcia, Michael Gordon]"}, "127": {"qwen": "[Mike Owen, Kyle Green, Justin Floyd]"}, "128": {"qwen": "[Destiny Thompson, Dr. John Bonilla]"}, "129": {"qwen": "[Jeffrey Novak, Morgan Garcia]"}, "130": {"qwen": "[Justin Miller, Tammy Duran]"}, "131": {"qwen": "[Angela Valdez, Amy Hernandez, Willie Levine]"}, "132": {"qwen": "[Christian Trevino, Jessica Johnson, Ann Johnson]"}, "133": {"qwen": "[Daniel Young, Larry Wheeler, Lauren Johnson]"}, "134": {"qwen": "[Daniel Hammond, Beth Perry]"}, "135": {"qwen": "[Leslie Wade, Nancy Calhoun PhD, Nathan Lopez]"}, "136": {"qwen": "[Andrew Gray, Anne Davis, Sarah Hayes, Morgan Reid, Deanna Gomez]"}, "137": {"qwen": "[Vanessa Black, Whitney Douglas, Allen Henderson]"}, "138": {"qwen": "[Jeffrey Ingram, Laura Noble, Mark Herrera]"}, "139": {"qwen": "[Julia Williamson PhD, Terry Joseph]"}, "140": {"qwen": "[Robert Kelly, Monica Phillips]"}, "141": {"qwen": "[Madison Choi, James Armstrong]"}, "142": {"qwen": "[Stephanie Martin, Kimberly Lopez, Adrian Mendoza]"}, "143": {"qwen": "[Jamie Lane, Cheryl Snow, David Nichols]"}, "144": {"qwen": "[Andrew Snyder, Lisa Maldonado, Nathan Baker]"}, "145": {"qwen": "The Minimum Vertex Cover for this network is: [Teresa Harrison, Leslie Wilson, Olivia Cowan, Ryan Phillips]."}, "146": {"qwen": "[Christopher Herrera, Jillian Rodriguez, David Padilla]"}, "147": {"qwen": "The Minimum Vertex Cover for this social network is: [Bryan Ho, Mark Fry]."}, "148": {"qwen": "[Eric White, Lisa Garcia, Dawn Craig, Maria Greene]"}, "149": {"qwen": "[Jerry Friedman, Brian Skinner]"}, "150": {"qwen": "[Erin Matthews, Evelyn Taylor]"}, "151": {"qwen": "[Angel Foster, Kevin French, Kevin Clark]"}, "152": {"qwen": "The Minimum Vertex Cover for this network is: [Robert Hayes, Kara Compton, Jasmine Brown]."}, "153": {"qwen": "[Angela Sanders, Michael Nelson, Jeremy Scott]"}, "154": {"qwen": "[Eric Robertson, David Greer, Ashley Williams]"}, "155": {"qwen": "[Paula Kelly, Diana Cooper, Craig Padilla, Jessica Ramsey, Anthony Mcdonald]"}, "156": {"qwen": "The Minimum Vertex Cover for the given social network is: [Fernando Turner, John Thomas, Nicholas Johnson]."}, "157": {"qwen": "[Jordan Baker, Carol Williamson, Jaime Johnston, Michael Gray]"}, "158": {"qwen": "[Andres Rangel, Misty Torres, Karen Walters, Zoe Black]"}, "159": {"qwen": "[Keith Leonard, Ronald Thompson, Matthew Ingram, Susan Reynolds, Rachel Crawford]"}, "160": {"qwen": "[Justin Sparks, Charles Thomas]"}, "161": {"qwen": "[Denise Ward, Emily Williams, Yvonne Garcia, Carl Rivers, James Murphy]"}, "162": {"qwen": "[Robin Gross, Ivan Williams]"}, "163": {"qwen": "The Minimum Vertex Cover for the given social network is: [Amy Perez, Gregory Frost, Becky Martinez]."}, "164": {"qwen": "The Minimum Vertex Cover for this social network is: [Michael Malone, Natalie Goodman, Regina Mathews, Amy Chan, Jon Hammond]. All users are part of the cover because every friendship connection involves at least one of these users. There's no smaller subset that can cover all the edges."}, "165": {"qwen": "[Vanessa Duffy, Zachary Blankenship, Patricia Ruiz]"}, "166": {"qwen": "The Minimum Vertex Cover for the given social network is: [Kelsey Davis, Holly Smith]."}, "167": {"qwen": "[Bruce Mosley, David Hawkins, Natalie Rhodes]"}, "168": {"qwen": "[Maureen Winters, Brittany Sosa, Ethan Mendoza]"}, "169": {"qwen": "[Jennifer Welch, Nicholas Wolf DVM, Angela Rodriguez]"}, "170": {"qwen": "[Amy Garcia, Meagan Pierce, Candice Mcclain] (This seems to be a copy of the example provided, not the actual problem to solve)\n\nFor the given problem:\n\nMinimum Vertex Cover: [Jennifer Brown, Karina Mendez, Brandon Rivers, Robert Pineda, Samuel Lee]."}, "171": {"qwen": "[Crystal Sanders, Edward Case, Julie Hall, Barbara Gonzales, Robert Grant]"}, "172": {"qwen": "The Minimum Vertex Cover for the given network is: [Shawn Kerr, Wyatt Ferguson, Peggy Woods]."}, "173": {"qwen": "[Stephen Yang, Paul Underwood, Travis Johnson]"}, "174": {"qwen": "[James Suarez, Linda Sullivan, Timothy Clark]"}, "175": {"qwen": "[Joy Ward, Jacqueline Kane, Alejandra Price, Rebecca Lam]"}, "176": {"qwen": "[Michelle Bolton, Kerry Miller]"}, "177": {"qwen": "[Steven Adams, Angel Sanchez]"}, "178": {"qwen": "[Justin Jones, Stephen Miller, Vanessa Evans]"}, "179": {"qwen": "[Mr. Joshua Farmer, William Wilson, Benjamin Rodriguez, Brian Johnson]"}, "180": {"qwen": "[Anna Bowman, Brenda Drake, Justin Hubbard]"}, "181": {"qwen": "[Christina Diaz, Alyssa Mitchell, Dakota King, William Mann]"}, "182": {"qwen": "[Christopher Sexton, Andrea Campos, Andrea Warren]"}, "183": {"qwen": "[Veronica Cook, Tiffany Gray, Mr. Gary Mcdonald MD]"}, "184": {"qwen": "[Peter Lucas, Kathy Galvan]"}, "185": {"qwen": "[Benjamin Henderson, Marcus Garcia, Christopher Hernandez, Victoria Davis]"}, "186": {"qwen": "The Minimum Vertex Cover for the given social network is: [Troy Mullins, Bonnie Greer]."}, "187": {"qwen": "[Andrea Norman, Gary Martin]"}, "188": {"qwen": "[Melissa Hayes, Terry Howell, Christy Schneider]"}, "189": {"qwen": "[Dr. Rhonda Parker DDS, Kirk May, Edward Gonzalez]"}, "190": {"qwen": "[Gregory Garcia, Jeanette Young, Spencer Johnson]"}, "191": {"qwen": "[Justin James, Natalie Dennis, Kaitlyn Martinez, Christopher Wilson]"}, "192": {"qwen": "[Jonathan Cook, Margaret Vaughn, Courtney Reese, Sara Lopez]"}, "193": {"qwen": "[Elizabeth Gardner, Michael Martinez]"}, "194": {"qwen": "[Robert Davis, Marco Rodriguez, Gail Johnson, Thomas Sawyer]"}, "195": {"qwen": "[Matthew Brown, Manuel Monroe, Barbara Fletcher, Roberta Gay]"}, "196": {"qwen": "[ Kenneth Lewis, Angela Hickman, Nicole Barnes ]"}, "197": {"qwen": "[William Swanson, Carlos Kelly]"}, "198": {"qwen": "[Matthew Johnson, Andrew Sanchez]"}, "199": {"qwen": "[Joshua Poole, Maria Lopez, Brian Haley]"}, "200": {"qwen": "[Ronald Conner, Andrew Walker, Gerald Callahan]"}, "201": {"qwen": "[Jennifer Duran, Tiffany Wiggins, Anthony Nguyen, Terry Davis]"}, "202": {"qwen": "[Carolyn Lloyd, Cynthia Baker, Alejandro Allen]"}, "203": {"qwen": "[Andre Smith, Amber Parker, Ronald Park]"}, "204": {"qwen": "[Austin Kelly, Billy Floyd DDS, Laura Anderson, Sarah James]"}, "205": {"qwen": "[Melissa Williams, Gary Contreras]"}, "206": {"qwen": "[Peter Schwartz, Amanda Anderson]"}, "207": {"qwen": "[Brandon Lewis, Teresa Lucas]"}, "208": {"qwen": "[David Owens, Gabriel Hall, Jennifer Hampton, Susan Contreras]"}, "209": {"qwen": "[Michelle Watkins, Deanna Howard, Tonya Haas]"}, "210": {"qwen": "[John Rowe, Amanda Davis, Erin Spears]"}, "211": {"qwen": "[Heather Hernandez, Jill Villegas, Brenda Duran]"}, "212": {"qwen": "The Minimum Vertex Cover for the given social network is: [Shannon Adams, Theresa Banks, Penny Mcmahon, Robert Miller]."}, "213": {"qwen": "[David Scott, Katherine Woods, Jordan Rocha]"}, "214": {"qwen": "[Stacy Beard, Kelly Hernandez, Amy Scott, Patricia Moore, James Edwards]"}, "215": {"qwen": "[Travis Ferguson, Brian Schroeder, Aaron Ingram]"}, "216": {"qwen": "[Elizabeth Sullivan, Catherine Jones]"}, "217": {"qwen": "[Taylor Cox, Jennifer Juarez]"}, "218": {"qwen": "[David Smith, Nancy Johnson, Ryan Solis]"}, "219": {"qwen": "[Jeffrey Kelley, Christine Li, Andrea White, Kari Brown, Ethan Brown Jr.]"}, "220": {"qwen": "[Victor Thomas, Brittany Sullivan, Jennifer Miller]"}, "221": {"qwen": "[Kim Martinez, Robert Cooper]"}, "222": {"qwen": "[Tracy Anderson, Kevin Jimenez, Martin Brooks]"}, "223": {"qwen": "[Emily Garcia, Jennifer Fletcher, Jason Salinas]"}, "224": {"qwen": "[Mark Brown, Sarah Richard]"}, "225": {"qwen": "[Anita Hernandez, Alexander Snow, Natalie Stewart]"}, "226": {"qwen": "[Sheila Cantu, Linda Lopez, Jonathan Goodman]"}, "227": {"qwen": "[Anthony Alvarez, Krista Robinson, Hector Hughes, Frank Nichols]"}, "228": {"qwen": "[Paul Jenkins, Michael Castro, Don Garcia]"}, "229": {"qwen": "[Michelle Li, Deanna Duran, Sarah Moses, Taylor White]"}, "230": {"qwen": "[Michael Hill, Katherine Jensen, Lisa Hill]"}, "231": {"qwen": "[Scott Holmes, Michael Mitchell]"}, "232": {"qwen": "[Jessica Blake, Jared Bryant, Mrs. Jamie Wilcox]"}, "233": {"qwen": "[Joel Bowers, Karen Lopez]"}, "234": {"qwen": "[Breanna Shaw, Ian Miller, Faith Carter, Adam Walker]"}, "235": {"qwen": "[Melinda Garcia, Cynthia Abbott, Erika Garcia]"}, "236": {"qwen": "[Michael Wu, Kristen Scott, Jimmy Smith]"}, "237": {"qwen": "[Benjamin Lambert, Aaron Johnson, Tina Green, Jennifer Sutton]"}, "238": {"qwen": "[Carlos Werner, Jesus West]"}, "239": {"qwen": "[Damien Ochoa]"}, "240": {"qwen": "[Scott Arnold, Susan Dunn, Christopher Patrick]"}, "241": {"qwen": "[Mr. Ryan Warren, Evan Johnson, Andrew Mitchell]"}, "242": {"qwen": "[Steven Roy, Eduardo Johnston, Maria Hanson]"}, "243": {"qwen": "[Jennifer Meyer, Mrs. Susan Boyd, Donald Hughes, Heather Hernandez, Amanda Hall, Dominique Lee]"}, "244": {"qwen": "[Jonathan Murillo, Alexis Shaffer, Linda Clark]"}, "245": {"qwen": "[Sarah Horn, Shannon Garner, Michael Newton, Barbara Joseph]"}, "246": {"qwen": "[Sharon Montgomery, Alex Phillips, William Lewis]"}, "247": {"qwen": "[Angel Bell, Dr. Robert Sosa, Vanessa Clay, Christopher Macias]"}, "248": {"qwen": "[Valerie Roberts, Darius Owen, Joshua Walker]"}, "249": {"qwen": "[Jennifer Anderson MD, Thomas Cochran, Susan Briggs]"}, "250": {"qwen": "[Emily Jennings, Thomas Taylor, Kim Bishop, Joshua Walker, Aaron Macdonald, Joseph Allen III]"}, "251": {"qwen": "[Mary Collins, Gary Norton, Sarah Cox]"}, "252": {"qwen": "[Keith Davis, Caleb Vasquez]"}, "253": {"qwen": "[Paul Stewart, Teresa Blair]"}, "254": {"qwen": "[Carol Jones, Amy Mcclain, Jessica Martinez]"}, "255": {"qwen": "[Shirley Gibbs, Gary Simon, Edward Fields]"}, "256": {"qwen": "Minimum Vertex Cover: [Susan Wagner, Mrs. Kelly Steele]"}, "257": {"qwen": "[Michael Young]"}, "258": {"qwen": "[Jason Chen, Christina Kennedy]"}, "259": {"qwen": "The Minimum Vertex Cover for this network is: [James Miller, Denise Griffin, Jerome Franco]."}, "260": {"qwen": "[Adam Carlson, Dr. Elizabeth Grant MD]"}, "261": {"qwen": "[Monica Bush, Reginald Mueller, Christine Moore, Wesley Dunn, Tiffany Martinez, Susan Wright, Matthew Hughes, Michael Henry, David Foster, David Ingram]"}, "262": {"qwen": "[Christine Pennington, Brandon Gibson, Kevin King]"}, "263": {"qwen": "[Melinda Thompson, Sydney Gonzalez, James Barron]"}, "264": {"qwen": "The Minimum Vertex Cover for the given social network is: [Brandy Garcia, John Garcia, Sophia Kerr]."}, "265": {"qwen": "[Becky Fowler, Sarah Rivera, Jennifer Lopez, Karen Stewart]"}, "266": {"qwen": "The Minimum Vertex Cover for the given social network is: [Jason Sullivan, Tonya Thompson, Clarence Carpenter]."}, "267": {"qwen": "[Julie Mcgee, Mr. Christopher Miller, Lindsey Turner MD]"}, "268": {"qwen": "[Matthew Cross, Robyn Clark, William Simmons]"}, "269": {"qwen": "[Brandon Oliver, Gary Gonzalez, Julie Woodward, Stephen Cook]"}, "270": {"qwen": "[John Evans, Lisa Romero DVM, Sabrina Baker]"}, "271": {"qwen": "[Joshua Powell, Carla Howard]"}, "272": {"qwen": "[Adam Bryant, Cody Peterson, Gregory Lewis]"}, "273": {"qwen": "[Joseph Hamilton]"}, "274": {"qwen": "[Heather Scott, Teresa Lester, Kimberly Baker, Ryan Martinez]"}, "275": {"qwen": "[Ray Martin, Stephanie Murphy, Kelly Pearson]"}, "276": {"qwen": "[Chad Brown, Amy Garcia]"}, "277": {"qwen": "[Joshua Peterson, Angela Kim, Susan Sanchez]"}, "278": {"qwen": "[Eric Jackson, Lisa Moore, Benjamin Bass]"}, "279": {"qwen": "[ Dennis Meyer, Cody Silva, Bryce Giles, Amanda Tran ]"}, "280": {"qwen": "[Stephen Wade, Lisa Ingram, Haley May]"}, "281": {"qwen": "The Minimum Vertex Cover for this network is: [Kenneth Harrison, Andrea Brewer, Tara Wells, Patrick Meyer]."}, "282": {"qwen": "[Brooke Hampton, Cassandra Deleon, Thomas Mathews, Mary Phillips]"}, "283": {"qwen": "[Karen Ruiz, Stacey Bell]"}, "284": {"qwen": "[Mark Walker, Erika Rose]"}, "285": {"qwen": "[Julia Holmes, Jeffrey White, Melissa Green, Linda Robertson]"}, "286": {"qwen": "The Minimum Vertex Cover for the given social network is: [Jennifer Camacho, Sandra Davis, Michael Harris]."}, "287": {"qwen": "[William Morse]"}, "288": {"qwen": "The Minimum Vertex Cover for the given network is [Jeffrey McCarthy, Rebecca Galloway, Kurt Ramos]."}, "289": {"qwen": "[Christine Scott, Mrs. Cindy Fields MD, Jeffrey Bowers]"}, "290": {"qwen": "[Robert Thomas, Cynthia Christensen, Melissa Gonzales, Heather Pitts]"}, "291": {"qwen": "[Christine Pena, Michael Cook]"}, "292": {"qwen": "[Jennifer Jackson, Heather Gonzalez, Patricia Weber]"}, "293": {"qwen": "[Dr. Zachary Williams, Jennifer Anderson MD, Susan Briggs]"}, "294": {"qwen": "[Eric Brown, Felicia Johnson]"}, "295": {"qwen": "[Anthony Hill, Pamela Ware, Lindsey Reed, Gary King]"}, "296": {"qwen": "[Christopher Garcia, Andrea Freeman, Daniel Cross, Charles Barnett]"}, "297": {"qwen": "[Sheila Cox, Mason Wilson]"}, "298": {"qwen": "[Jerry Pace, Lindsey Robbins]"}, "299": {"qwen": "[Michelle Moore, Dr. Joshua Grant, Pamela Jensen]"}, "300": {"qwen": "[Shawn Mejia, Tommy Gutierrez, Bonnie Clark]"}, "301": {"qwen": "[Crystal Christian, Beth Gordon, Carla Garner, Samantha Bell]"}, "302": {"qwen": "[Christina Burns, Betty Adams DVM, Brian Reeves]"}, "303": {"qwen": "[Todd Hernandez, Dennis Houston]"}, "304": {"qwen": "The Minimum Vertex Cover for the given social network is: [Carrie Griffith DDS, Michael Pena, Frances Johnson, Sean Peters]."}, "305": {"qwen": "[Matthew Sandoval, Ryan Hall, Amber Mann, Melissa Walsh, Eddie Pena, Cassandra Sampson, Jesus Castro, Kyle Bradshaw]"}, "306": {"qwen": "[Patricia Russell, Laura Carr, James Sanchez]"}, "307": {"qwen": "[Christopher Miller, Ashley Ferrell, Carrie Nelson]"}, "308": {"qwen": "[Kimberly Sanchez]"}, "309": {"qwen": "[William Fuller, Laurie Perry, Justin Collins, Alexandria Forbes, William Arnold]"}, "310": {"qwen": "The Minimum Vertex Cover for the given social network is [Daniel Potts, Nicole Robinson, Michael Carter, Christopher Price]."}, "311": {"qwen": "[Jessica Donaldson, Laura Davis, Gary West]"}, "312": {"qwen": "[Edwin Larson, Tony Livingston, Gavin Parks, Melody Ortega, Jose Nelson]"}, "313": {"qwen": "[Chelsea Nunez, Justin Peterson, Bryan White, Pamela Wilcox]"}, "314": {"qwen": "The Minimum Vertex Cover for the given social network is: [Meghan Daugherty, Danielle Day, Charles Brennan]."}, "315": {"qwen": "[James Newton, Dylan Carpenter, Caleb Brown]"}, "316": {"qwen": "[Thomas Navarro, Kimberly Lloyd, Dawn Carter]"}, "317": {"qwen": "[Scott Oconnor, Heather Torres, Eric Simmons DVM]"}, "318": {"qwen": "[Brandon Griffith, Suzanne James, John Wilson]"}, "319": {"qwen": "[William Little, Barbara Jones, Terri Summers, Larry Wall]"}, "320": {"qwen": "[Brian Warren, Mrs. Mary Elliott]"}, "321": {"qwen": "[Hol"}, "322": {"qwen": "[Lauren Baker, Cathy Joseph PhD]"}, "323": {"qwen": "[Jennifer Gonzalez, Carl Davidson, Rebecca Diaz]"}, "324": {"qwen": "[Jack Love, Rachel Lewis]"}, "325": {"qwen": "The Minimum Vertex Cover for the given social network is: [Scott Cortez, Diane Jackson, Eric Smith]."}, "326": {"qwen": "[Allison Kelly, Anthony Robinson]"}, "327": {"qwen": "[Tracey Morgan, Kevin Miranda, Richard Davis, Stacy Rogers]"}, "328": {"qwen": "[Timothy Reynolds, Kara Morrow]"}, "329": {"qwen": "[Gary Charles, Melissa Randall, Tanya Martinez]"}, "330": {"qwen": "[Andrea Strickland, Paul Calhoun, Diana Jones]"}, "331": {"qwen": "[Caroline Johnson, Dennis Bernard]"}, "332": {"qwen": "[Christina Jackson, Diane Stokes, Mr. Michael Thompson]"}, "333": {"qwen": "[Jack Miranda, Eric Coleman]"}, "334": {"qwen": "[Donna Savage, Vernon Neal, Sabrina Greer, Christopher Brown]"}, "335": {"qwen": "[Kenneth Huerta, Mary Garcia, Laura Osborn]"}, "336": {"qwen": "[Stephen Hale, Lauren Peterson]"}, "337": {"qwen": "[Christopher Mcdowell, Cody Thompson]"}, "338": {"qwen": "The Minimum Vertex Cover for the given social network is: [Christine Gibson, Regina Wood, Paul Rogers, William Cline]."}, "339": {"qwen": "[Eric Martinez, George Blankenship, Raymond Stout]"}, "340": {"qwen": "[John Abbott, Alexandra Moore, Natasha Hensley]"}, "341": {"qwen": "The Minimum Vertex Cover for this network is: [Anna Bowman, Bianca Weaver, Kara Stone MD]."}, "342": {"qwen": "[Samuel Hester]"}, "343": {"qwen": "[Richard Barrett DVM, Daniel Jones, Tracey Howell]"}, "344": {"qwen": "[Daniel Perry, Mariah Mason, Taylor Swanson]"}, "345": {"qwen": "[Eric Yates, Amanda Larson, Ashley Harmon, Mr. William Morales]"}, "346": {"qwen": "[Alan Harris, Nicholas Lynch]"}, "347": {"qwen": "The Minimum Vertex Cover for this network is [Erika White, Jennifer Collins, Manuel Frederick]."}, "348": {"qwen": "[Lauren Barr, Claire Sullivan]"}, "349": {"qwen": "[David Gentry, Edward Thomas, Leah Liu]"}, "350": {"qwen": "[Terri Alexander, Juan Doyle, Brandi Cochran, Jacob Holt, Shawn Chen]"}, "351": {"qwen": "[Brian Anderson, Brenda Hardy, Crystal Williams]"}, "352": {"qwen": "The Minimum Vertex Cover for the given social network is [Glen Solomon, Samantha Dickson]."}, "353": {"qwen": "[Michelle Johnson, Christian Lindsey]"}, "354": {"qwen": "[Michael Powers, Dana Watson, Nicole Perry, Joseph Wright]"}, "355": {"qwen": "[Andrew Davis, Kelli Coleman, Julia Young]"}, "356": {"qwen": "[Angela Davis]"}, "357": {"qwen": "[Jason Martinez, Dennis Brown, Brent Brock]"}, "358": {"qwen": "[Eric Brown, Sarah Wilson]"}, "359": {"qwen": "[Christopher Vincent, Travis Richardson]"}, "360": {"qwen": "[Jessica Newton, Andrea Glover, Jaime Booth]"}, "361": {"qwen": "[Deanna Jones, Nicholas Rodriguez, Timothy Hardy, Julie Thomas]"}, "362": {"qwen": "[Eric Anderson, Albert Scott, Charles Davis, Brandon Bailey]"}, "363": {"qwen": "[Lisa Clark, George Fischer, Christopher Griffin, Valerie Young MD]"}, "364": {"qwen": "[Tracy Rodriguez MD, Tabitha Wilson, Jeffrey Park, William White]"}, "365": {"qwen": "The Minimum Vertex Cover for the given social network is: [Brenda Dougherty, Christina Evans, Tiffany Ball]."}, "366": {"qwen": "[Melvin Norton, Mark Hansen, Melissa Farley]"}, "367": {"qwen": "[Steven Blackwell, James Taylor, Renee Preston]"}, "368": {"qwen": "[Julie Murphy, David Harris, Mark Baker, Scott Smith]"}, "369": {"qwen": "[Olivia Robinson, David Hardin, Jennifer Gonzalez, James Horton, Daniel Barker]"}, "370": {"qwen": "The Minimum Vertex Cover for the given social network is: [Nicholas Williams, Taylor Jimenez, Joshua Wood DDS]."}, "371": {"qwen": "[Veronica Stevens]"}, "372": {"qwen": "[Vanessa Joseph, John White, Mitchell Jackson, Christopher Decker]"}, "373": {"qwen": "[Daniel Carson, Victoria Morales, Paul Jenkins]"}, "374": {"qwen": "[Patrick Kelly, Cynthia Monroe]"}, "375": {"qwen": "The Minimum Vertex Cover for this network is: [John Scott, Aaron Cohen]."}, "376": {"qwen": "[Valerie Williams, Dr. Jeremy Williams Jr., Tamara Huff, Miguel Price]"}, "377": {"qwen": "[Donald Brady, Larry Castro, Zachary Wilson]"}, "378": {"qwen": "[Leah Arnold, Natalie Stewart, Nicole Williams]"}, "379": {"qwen": "[David Jones, Jacqueline White, Darrell Logan]"}, "380": {"qwen": "[John Beck, Brian Bailey, Eric Parks, Caleb Levy]"}, "381": {"qwen": "[Angela Edwards, Roy Manning, Terry Hines]"}, "382": {"qwen": "[Daniel Vargas, Amber Miller, Victoria Miller, Robert Johnson]"}, "383": {"qwen": "[Janice Petty, Gary King, Angel Bell DDS]"}, "384": {"qwen": "[James Hardy, Brian Mitchell, Bernard Martinez]"}, "385": {"qwen": "[Alejandra Sanford, Kristin Rivera, Jordan Green]"}, "386": {"qwen": "[James Young, Judith Fernandez, Pamela Ramirez]"}, "387": {"qwen": "[Michael Christian, Sara Palmer, Kathy Navarro, David Strickland]"}, "388": {"qwen": "[Melissa Richard, Stephanie Cole, Victoria Morrow]"}, "389": {"qwen": "The Minimum Vertex Cover for the given social network is: [Keith Barnes, Jamie Howard, Jessica Hughes, Jessica Robertson, Charles Miles]."}, "390": {"qwen": "[James Walter, Stephen Carpenter, Shelly Lee]"}, "391": {"qwen": "[Melissa Guzman, William Lane MD, Karl Ruiz]"}, "392": {"qwen": "[Shannon Duncan, Karen Miller, Thomas Crawford]"}, "393": {"qwen": "The Minimum Vertex Cover for this network is: [Sheena Cummings, Shane Fitzgerald, Hannah Rivera]."}, "394": {"qwen": "The Minimum Vertex Cover for the given social network is: [Alex Savage, Steven Soto, Jason Hayes, Michael Owens]."}, "395": {"qwen": "[Madeline Velez, Gerald Wilson]"}, "396": {"qwen": "[William Medina, Jeffrey White, Justin Stewart]"}, "397": {"qwen": "[Brittany Howard, Ebony Cruz]"}, "398": {"qwen": "[Adrian Le, Jeffrey Ryan]"}, "399": {"qwen": "[Devon Hall, Rachel Smith, Juan Cook]"}, "400": {"qwen": "[Allison Wang, Richard Johnson, Kristina Mosley]"}, "401": {"qwen": "[Jason Hurley, Kyle Hubbard]"}, "402": {"qwen": "[Courtney Anderson, Samantha Greer]"}, "403": {"qwen": "[Samatha Berger, Mary Mills, Curtis Davis]"}, "404": {"qwen": "[Austin Kelly, Daniel Davis, Luis Johnson] (from the example)\n\nFor the given problem:\n\nMinimum Vertex Cover: [Charles Jones, Jacqueline Chase, Jennifer Williams, Kyle Martinez]"}, "405": {"qwen": "[Rebecca Estrada, Mary Harris, William Perkins, Amanda Estrada]"}, "406": {"qwen": "[Alexis Parrish, David Stewart, Nathaniel Walsh]"}, "407": {"qwen": "[Juan Brown, Steve Bullock, Jerry Morris]"}, "408": {"qwen": "[Brandon Livingston, Jose Cummings, Alexander Bush]"}, "409": {"qwen": "The Minimum Vertex Cover for the given social network is: [Ms. Christine Daniels, Margaret Gregory, Sophia King, Donald Lee]."}, "410": {"qwen": "[ Danielle Smith, Benjamin Ortiz, Diane Castaneda ]"}, "411": {"qwen": "[Tracy Wolf, Benjamin Jackson, Kendra Fuller]"}, "412": {"qwen": "[Alexandra Vaughn, Cynthia Barrett, Seth Miller]"}, "413": {"qwen": "[Dr. Michelle Anderson DVM, Ethan Frazier]"}, "414": {"qwen": "[Jeremy Brewer, Gina Martinez, Cynthia Hatfield]"}, "415": {"qwen": "[Brandon Douglas, Paula Lyons, Reginald Norris, Terri Le]"}, "416": {"qwen": "[Steven Morrow, Brent Kim, Mark Harris]"}, "417": {"qwen": "[Manuel Diaz, Christy Ortiz MD, Laura Marshall PhD]"}, "418": {"qwen": "[Ashley Figueroa, Dawn Melton, Mary Wong]"}, "419": {"qwen": "[Kevin Moore, Ryan Ballard, Hannah Greene]"}, "420": {"qwen": "[Gregory Porter, David Hughes DVM]"}, "421": {"qwen": "[Jeffrey Gonzalez, Jennifer White, Kelly Mckee]"}, "422": {"qwen": "[Erin Terry, Ashley Robinson, Nicholas Rodriguez]"}, "423": {"qwen": "[Mary Nichols, Deborah Thompson]"}, "424": {"qwen": "[Charles Brown, Christina Rogers]"}, "425": {"qwen": "[Christopher Schmidt, Lisa Campbell]"}, "426": {"qwen": "[Michael Bowen, Patricia Mitchell]"}, "427": {"qwen": "[Anna White, Brandi Jones, Billy Lawrence, Elizabeth Rodriguez]"}, "428": {"qwen": "[Antonio Barnes, Aimee Lopez, Megan Torres]"}, "429": {"qwen": "[Jeremy Mitchell, Lindsey Pope, Mrs. Kimberly Monroe]"}, "430": {"qwen": "[Emma Chambers, Kimberly Hernandez, Jennifer Davis, Douglas Davidson]"}, "431": {"qwen": "[Andrea Cruz, Theresa Bishop, James Lee]"}, "432": {"qwen": "[Joseph Williams, Thomas Jordan]"}, "433": {"qwen": "[Andrew Harris, Sarah Williams]"}, "434": {"qwen": "[Michelle Peterson, Tamara Baker, Cassie Compton]"}, "435": {"qwen": "[Jay Davis, Jennifer Martinez]"}, "436": {"qwen": "[Benjamin Lam, Jenna Lynch, Anna Shaw]"}, "437": {"qwen": "[Jason Barnes, Jessica Joseph]"}, "438": {"qwen": "[James Woodard, Wyatt Smith, David Le, Andrew Garcia]"}, "439": {"qwen": "[William Fischer, Matthew Smith, Samantha Molina]"}, "440": {"qwen": "[David Phelps, Jessica Fritz, Edwin Whitehead]"}, "441": {"qwen": "[Michael Larsen, Daniel Bonilla]"}, "442": {"qwen": "[Patrick Vasquez, Jennifer Brown, Joseph Fischer, Kimberly Baxter, George Taylor, Jodi Lopez]"}, "443": {"qwen": "[Paul Phelps, Adam Wright, Teresa Young, Glenn Glass]"}, "444": {"qwen": "[Rebecca Turner, Jenna Mcgee, Brett Wyatt, Beth Martin]"}, "445": {"qwen": "The Minimum Vertex Cover for this network is: [Justin Fields, Anthony Smith, Jennifer Casey]."}, "446": {"qwen": "[Kenneth Hernandez, Heather Carter]"}, "447": {"qwen": "[Allen Foster, Robin Benson, Taylor Martin]"}, "448": {"qwen": "[Omar Maldonado, Joel Dalton, Colton Guzman]"}, "449": {"qwen": "[Stephanie Flores, Richard Hoover, Joshua Roberts]"}, "450": {"qwen": "[Stephanie Sanchez, Theresa Luna, Roberta Dixon]"}, "451": {"qwen": "[Steven Hall, Rebecca Marks, Sarah Lee]"}, "452": {"qwen": "[Mary Black, James Perez, Hannah Medina]"}, "453": {"qwen": "[Scott Lindsey, Jesus Vargas, Rebecca Flores]"}, "454": {"qwen": "[John Smith, Alice Miller]"}, "455": {"qwen": "[Scott Harris, Sean Diaz, Lisa Johnson, Christopher Boyer]"}, "456": {"qwen": "The Minimum Vertex Cover for this social network is [Cynthia Barton, Keith Morales, Robert Gomez, Mrs. Phyllis Acosta, Thomas Warner, Chris Foster]."}, "457": {"qwen": "[Jason Davis, Claire Henson, Kristen Norris, Belinda Knight]"}, "458": {"qwen": "[Anthony Martin, Brittney Delgado, Mallory Mcclure, Amber Walsh]"}, "459": {"qwen": "[Sarah Burch, Peter Avila, Daniel Simmons]"}, "460": {"qwen": "[Andrew Ray]"}, "461": {"qwen": "[Rebecca Wagner, Courtney Kemp, Tracy Nichols, John Skinner]"}, "462": {"qwen": "[Jerry Fitzgerald, Mark Lloyd]"}, "463": {"qwen": "[Richard Harrell, Catherine Kirby]"}, "464": {"qwen": "[Christopher Brown, Ronald Carey, Theodore Lee]"}, "465": {"qwen": "The Minimum Vertex Cover for the given social network is: [Jason Johnson, Frank Brown, Adam Avila]."}, "466": {"qwen": "[Sean Henderson, John Mitchell]"}, "467": {"qwen": "[Andrew Alvarado, Evan Hartman, Victoria Knox]"}, "468": {"qwen": "The Minimum Vertex Cover for this social network is: [Ralph Hernandez, James Velasquez, Jennifer Woods, Daniel Daniel, Charles Williams]."}, "469": {"qwen": "The Minimum Vertex Cover for this network is [Joseph Estrada, Angela Benson, Ashley Kirby]."}, "470": {"qwen": "The given graph is a complete graph where Danielle Webb is connected to all other users. Therefore, the Minimum Vertex Cover can include just Danielle Webb since she covers all the edges. However, to form a vertex cover, we also need to include at least one endpoint for each edge that does not involve Danielle Webb. In this case, there's only one such edge: Thomas Rivas and Alicia Hunter.\n\nSo, the Minimum Vertex Cover is:\n\n[Danielle Webb, Thomas Rivas]"}, "471": {"qwen": "[Sheila Cunningham, Gabriel Watkins PhD, Katie Morris, Megan Gamble, Brian Rosales]"}, "472": {"qwen": "The Minimum Vertex Cover for the given friendship connections is: [Scott Baxter, Laura Cabrera, Rebecca Lambert, Virginia Olson, Elizabeth Raymond, William Bridges, Kimberly Rubio, Philip Gonzales]."}, "473": {"qwen": "[Eric Richards, Sean Lester, David Martinez]"}, "474": {"qwen": "[Gregory Tucker, Heather Frye, Steven Hernandez]"}, "475": {"qwen": "The Minimum Vertex Cover for this network is: [Aaron Walker, Kimberly Brown, Kimberly Cruz, Barbara Orr]."}, "476": {"qwen": "[Jennifer Stephens, Matthew Stewart, David Carroll]"}, "477": {"qwen": "[Todd Ford, David Mason, James Williams]"}, "478": {"qwen": "[Christopher Williams, Anthony Young]"}, "479": {"qwen": "[Daniel Mccormick, Susan Benson, Sara Randall, Whitney Young, Mark Hansen]"}, "480": {"qwen": "[Devon Allen, Haley Blair]"}, "481": {"qwen": "Minimum Vertex Cover: [Emily Brock, Gregory Morgan, Dennis Hill, Austin Jones, Carmen Dennis]"}, "482": {"qwen": "[Andre Gonzalez, Morgan Martinez]"}, "483": {"qwen": "[Kelly Thompson, Jill Baker, Jacob Cox]"}, "484": {"qwen": "[Edward Williams, Jeremiah Jenkins, Shelby Clark]"}, "485": {"qwen": "[Tammy Ibarra, John Barton, Manuel Anthony]"}, "486": {"qwen": "The Minimum Vertex Cover for the given social network is: [Isabel Delgado, Derrick Oconnor, Benjamin Wilson]."}, "487": {"qwen": "[Joseph Buchanan, Amy Decker, Lisa Stevens]"}, "488": {"qwen": "The Minimum Vertex Cover for this network is [Andrea Jones, Crystal Nguyen]."}, "489": {"qwen": "[Mark Martinez, Lindsey Jones, Donna Werner, Tony Brown]"}, "490": {"qwen": "[Debra Peterson, Matthew Walker, Ashley Washington, Mike Martin, Alan Long, Heidi Walker]"}, "491": {"qwen": "The Minimum Vertex Cover for the given social network can be found by observing the connections. To minimize the number of users needed to cover all friendships, we should select users who have the most connections.\n\nIn this case, Lisa Jones, David Fisher, and Alicia Walker each have connections with all other users. Michael Jenkins is connected to all three of them. Therefore, including any two of these four users will cover all friendship connections. However, since we want the smallest subset, we can choose either Lisa Jones or David Fisher, and either Alicia Walker or Michael Jenkins, as they both have connections with the other two.\n\nSo, one possible Minimum Vertex Cover is:\n\n[Lisa Jones, Alicia Walker, Michael Jenkins]"}, "492": {"qwen": "[Andre Gonzalez, Kelly Smith]"}, "493": {"qwen": "Minimum Vertex Cover: [Diana Bennett, Kevin Johnson, Nicholas Parker]"}, "494": {"qwen": "The Minimum Vertex Cover for the given social network is: [Katelyn Ramirez, Gabrielle Thomas, Jason Greer, Larry Smith]."}, "495": {"qwen": "[Rebecca Gray, Adrienne Smith, Gene Bennett, Larry Martinez]"}, "496": {"qwen": "[Michael Bruce, Michele Gallegos, Randall Ramos]"}, "497": {"qwen": "[George Smith, Sean Summers]"}, "498": {"qwen": "[Timothy Little, Kristen Shaw, Jennifer Robertson, Valerie Medina]"}, "499": {"qwen": "[Julia Turner, Mark Morales, Rebekah Cruz]"}}