{"0": {"deepseek": "[Conrad Rau, Manfred Schmidt-Schau\u00df, Markus Lohrey, Sebastian Maneth, Jordi Levy]"}, "1": {"deepseek": "[Axel Kieninger, Bj\u00f6rn Schmitz, Ant\u00e3o Moura, Marcus Costa Sampaio, Filipe Marques, Jo\u00e3o Jornada, Eduardo Radziuk, Hansj\u00f6rg Fromm, Detlef Straeten, Mary C. Lacity, Richard T. Watson, Jane Webster, Claudio Bartolini]"}, "2": {"deepseek": "[A. Ghareeb, Zeshui Xu]"}, "3": {"deepseek": "[Thomas Kirste, Thomas Heider, Terry Winograd]"}, "4": {"deepseek": "[Charu C. Aggarwal, Francisco Herrera, Jianyong Wang, Nitesh V. Chawla, Anil K. Jain, Haibo He, Wenyuan Wang, Sun-Jen Huang, Lu\u00eds Torgo, Paula Branco, Salvador Garc\u00eda, Suphakant Phimoltares]"}, "5": {"deepseek": "[Matthew Richardson, Marcello Sanguineti, Dan Gutfreund, Ehud Aharoni, Honglak Lee, Yonatan Bilu, Burkhard Rost, Daniel Hershcovich, Muhammad Tayyab Asif, Pascal Vincent]"}, "6": {"deepseek": "[Marzyeh Ghassemi, Peter Szolovits]"}, "7": {"deepseek": "[Christian Bauer, Milan Sonka, Pechin Lo, Eric A. Hoffman]"}, "8": {"deepseek": "[Zeungnam Bien, Z. Zenn Bien]"}, "9": {"deepseek": "[Sanda M. Harabagiu, Dan I. Moldovan, Marian Olteanu, Christine Clark, Adrian Novischi]"}, "10": {"deepseek": "[Ambarish Acharya, Mohammad Marufuzzaman]"}, "11": {"deepseek": "[Samantha Huang]"}, "12": {"deepseek": "[Luc Giraud, Emmanuel Agullo, Samuel Thibault, Pierre Ramet]"}, "13": {"deepseek": "[Jun Ni, Tao He]"}, "14": {"deepseek": "[Vinod Namboodiri]"}, "15": {"deepseek": "[Steve Goddard]"}, "16": {"deepseek": "[Cleotilde Gonzalez, Christian Lebiere]"}, "17": {"deepseek": "[Corinne Fredouille, Daniel Moraru]"}, "18": {"deepseek": "[Mike H. MacGregor, Bin Liu, Weiguang Shi]"}, "19": {"deepseek": "[Jean-Michel Fourneau, Enrique Hern\u00e1ndez-Orallo, Lynda Mokdad]"}, "20": {"deepseek": "[Dani Lischinski, Kaan Y\u00fccer]"}, "21": {"deepseek": "[Tao Luo]"}, "22": {"deepseek": "[Anthony T. Chronopoulos, George K. Papakonstantinou, Theodore Andronikos, Satish Penmatsa, Ioannis Riakiotakis]"}, "23": {"deepseek": "[David Gefen, Arvind Malhotra]"}, "24": {"deepseek": "[Cong Wang, Zhu Han, Jia Yu, Rong Hao, Hui Xia]"}, "25": {"deepseek": "[Andrew V. Knyazev]"}, "26": {"deepseek": "[Yi Chen, Jayavel Shanmugasundaram, Guoxiang Lan]"}, "27": {"deepseek": "[Chuqi Yang, Qingyun Dai]"}, "28": {"deepseek": "[Ian T. Foster, Karan Vahi, Ioan Raicu, Gaurang Mehta, Catalin L. Dumitrescu, M. Wilde]"}, "29": {"deepseek": "[Barend de Lange]"}, "30": {"deepseek": "[Heriberto Rom\u00e1n-Flores, Saeid Abbasbandy, Barnab\u00e1s Bede]"}, "31": {"deepseek": "[Charles Soussen, David Brie, Yingying Song]"}, "32": {"deepseek": "[Rik Van de Walle, Peter Lambert, Thomas Wiegand, W. De Neve, R. Van de Walle]"}, "33": {"deepseek": "[Chitta Baral, Jeremy L. Wyatt, Mohan Sridharan, Shiqi Zhang]"}, "34": {"deepseek": "[Janusz Kacprzyk, Arjab Singh Khuman]"}, "35": {"deepseek": "[Ion Stoica, Robert Morris, Adriana Iamnitchi]"}, "36": {"deepseek": "[Scott Shenker, Martin Casado, Nick McKeown, Guru M. Parulkar, Jennifer Rexford, Jonathan S. Turner, Larry L. Peterson, Natasha Gude, Brandon Heller, Edjard Mota, Ricardo Bennesby, Alexandre Passito]"}, "37": {"deepseek": "[Daniel Krause, Nicola Henze, Jeffrey M. Bradshaw]"}, "38": {"deepseek": "[Sonia Bergamaschi, Silvana Castano, Maurizio Lenzerini, Domenico Beneventano, Federica Mandreoli, Philip A. Bernstein, Giovanni simonini, Antonio Sala]"}, "39": {"deepseek": "[Henri Casanova, Nhat Le]"}, "40": {"deepseek": "[Eibe Frank, Xin Yao, Pedro Antonio Guti\u00e9rrez, C\u00e9sar Herv\u00e1s-Mart\u00ednez, Wei Chu, Peter Reutemann]"}, "41": {"deepseek": "[Wanlei Zhou, Yunhao Liu]"}, "42": {"deepseek": "[Celso C. Ribeiro]"}, "43": {"deepseek": "[Bernardo Cuenca Grau, Diego Calvanese, Ulrike Sattler, Boris Motik, Fernando Bobillo, Peter F. Patel-Schneider, Fu Zhang]"}, "44": {"deepseek": "[Simon Fong, Kyungeun Cho]"}, "45": {"deepseek": "[Miguel A. Hinojosa, Amparo M. M\u00e1rmol, Francisco R. Fern\u00e1ndez, Chiang Kao]"}, "46": {"deepseek": "[Romeo Giuliano, Franco Mazzenga]"}, "47": {"deepseek": "[Krishnendu Chakrabarty, Sudhakar M. Reddy, Nur A. Touba, Mehrdad Nourani, Ayed Al-Qahtani]"}, "48": {"deepseek": "[Hongye Su, MengChu Zhou, M. Fanti, Keyi Xing, NaiQi Wu, YuFeng Chen, Jianchao Luo]"}, "49": {"deepseek": "[Tibor Bosse, Charlotte Gerritsen, Alexei Sharpanskykh]"}, "50": {"deepseek": "[Vic Grout]"}, "51": {"deepseek": "[Vinod Ganapathy, Trent Jaeger, Joshua Schiffman, Hayawardh Vijayakumar, Abhinav Srivastava, Giuseppe Petracca]"}, "52": {"deepseek": "[Tokunbo Ogunfunmi]"}, "53": {"deepseek": "[Huijun Gao, Francesco Bullo]"}, "54": {"deepseek": "[Rama Chellappa, Stewart R. Santos, Israel Ya\u00f1ez-Vargas]"}, "55": {"deepseek": "[Yadong Wang, Amir K. Khandani, Chao Tian]"}, "56": {"deepseek": "To find the common neighbors of Robert John and Shouzhen Zeng, we need to identify the authors who are connected to both Robert John and Shouzhen Zeng in the given network.\n\n- Robert John is connected to: Oscar Castillo, Shyi-Ming Chen, Jerry M. Mendel, Humberto Bustince, Li-Wei Lee, Chai Quek, Ting-Yu Chen, Jindong Qin, Syibrah Naim.\n- Shouzhen Zeng is connected to: Shyi-Ming Chen, Ting-Yu Chen.\n\nComparing the connections, the common neighbors of Robert John and Shouzhen Zeng are:\n- Shyi-Ming Chen\n- Ting-Yu Chen\n\nThus, the common neighbors are: [Shyi-Ming Chen, Ting-Yu Chen]"}, "57": {"deepseek": "[Haibo Chen, Haibing Guan]"}, "58": {"deepseek": "To find the common neighbors of Wolfgang Staffen and Gunther Ladurner, we need to identify the authors who are connected to both of them in the network.\n\nFrom the given collaborations:\n- Wolfgang Staffen is connected to: Martin Kronbichler, Matthias Schurz, Fabio Richlan, Heinz Wimmer.\n- Gunther Ladurner is connected to: Martin Kronbichler, Cathy J. Price, Matthias Schurz, Fabio Richlan, Heinz Wimmer.\n\nThe common neighbors of Wolfgang Staffen and Gunther Ladurner are:\n- Martin Kronbichler\n- Matthias Schurz\n- Fabio Richlan\n- Heinz Wimmer\n\nThus, the common neighbors are: [Martin Kronbichler, Matthias Schurz, Fabio Richlan, Heinz Wimmer]."}, "59": {"deepseek": "[Ann Majchrzak]"}, "60": {"deepseek": "[Pablo Garc\u00eda Bringas, Carlos Laorden]"}, "61": {"deepseek": "[Yamin Li, Shietung Peng, Wanming Chu, Philip Heidelberger, Pavlos Vranas, Mark E. Giampapa, Todd E. Takken]"}, "62": {"deepseek": "[Bunyarit Uyyanonvara, Meindert Niemeijer, Christopher G. Owen]"}, "63": {"deepseek": "[Carles Creus, Guillem Godoy, Florent Jacquemard]"}, "64": {"deepseek": "[Fabio Kon, Philip K. McKinley, Vinny Cahill]"}, "65": {"deepseek": "[Jose C. Principe, Haiquan Zhao]"}, "66": {"deepseek": "[Guang-Bin Huang, Ravinder Kumar, Ju Cheng Yang, Dong Sun Park]"}, "67": {"deepseek": "[Linlin Wu, Saurabh Kumar Garg]"}, "68": {"deepseek": "[J\u00fcrgen Teich, Radu Marculescu, Brian Towles, Zhonghai Lu, Jingcao Hu, Jaafar Gaber]"}, "69": {"deepseek": "[Haizhou Li, Zhizheng Wu]"}, "70": {"deepseek": "[Hideaki Sugawara, Susumu Goto, Toshiaki Katayama, Shuichi Kawashima, Yasukazu Nakamura, Raoul J. P. Bonnal, Pjotr Prins, Rutger Vos]"}, "71": {"deepseek": "[Michael N. Vrahatis, Konstantinos E. Parsopoulos, Sundaram Suresh]"}, "72": {"deepseek": "[Mehran Roshandel, Hamed Ketabdar]"}, "73": {"deepseek": "[Liusheng Huang, Yonglong Luo]"}, "74": {"deepseek": "[Mark A. Neerincx, Rosemarijn Looije]"}, "75": {"deepseek": "[Chandan Singh, Ekta Walia, Pan-Pan Niu, Dimitris E. Koulouriotis, Hong-Ying Yang, Raveendran Paramesran, Simon Liao, Miroslaw Pawlak, Yongqing Xin]"}, "76": {"deepseek": "[Robert Nowicki, Emiliano Tramontana, L. Paterno, Giuseppe Pappalardo]"}, "77": {"deepseek": "[R\u00f3bert P\u00e1lovics]"}, "78": {"deepseek": "[Christos Faloutsos, Krishna P. Gummadi, Matei Ripeanu, Alan Mislove, Bimal Viswanath]"}, "79": {"deepseek": "[Anqi Qiu, Matthew F. Glasser]"}, "80": {"deepseek": "[Yong Hu, Mark Keil]"}, "81": {"deepseek": "[Filip De Turck, Maxim Claeys]"}, "82": {"deepseek": "[C. Shu, J. Wu]"}, "83": {"deepseek": "[Chenyang Lu, Ranveer Chandra]"}, "84": {"deepseek": "[Jun Li, H.V. Poor]"}, "85": {"deepseek": "[Jacopo Aleotti, Stefano Caselli, Siddhartha S. Srinivasa]"}, "86": {"deepseek": "[Dal Hyung Kim, Vijay Kumar]"}, "87": {"deepseek": "[Wanqing Li, Philip Ogunbona, Marwan Torki, Ying Wu, Jiang Wang, Andrew Blake, Jamie Shotton, Pushmeet Kohli, Andrew W. Fitzgibbon, Andrew Zisserman, Junsong Yuan, Jean Ponce, Navneet Dalal, Mat Cook, Mohamed E. Hussein]"}, "88": {"deepseek": "[Anastasios D. Doulamis, Yvonne Jung, Johannes Behr, Kostas Kapetanakis, Konstantinos Kontakis, Spyros Panagiotakis, Patti Spala, Peter Eschler]"}, "89": {"deepseek": "[Bijan Parsia, Kathrin Dentler]"}, "90": {"deepseek": "[Morten Nielsen, Elin Teppa, Rainer Merkl, Lindi M. Wahl, Kimmen Sj\u00f6lander]"}, "91": {"deepseek": "[Rafail Ostrovsky, Gilad Tsur, David Peleg, Eldar Fischer, Piotr Berman, Funda Erg\u00fcn]"}, "92": {"deepseek": "Error!"}, "93": {"deepseek": "[Joaquin Gonzalez-Rodriguez]"}, "94": {"deepseek": "[Giovanni Ponti, Jennifer Widom, Dan Olteanu, Reynold Cheng]"}, "95": {"deepseek": "[Oliver Eulenstein, Toby J. Gibson]"}, "96": {"deepseek": "[Qianhui Liang, Quan Z. Sheng, David B. Skillicorn, Xuegang Hu, Jo\u00e3o Gama, Patrick Martin, Peipei Li]"}, "97": {"deepseek": "[David C. Van Essen, Stephen M. Smith, Gary H. Glover]"}, "98": {"deepseek": "[Jin Keun Seo, Eung Je Woo, Ohin Kwon]"}, "99": {"deepseek": "[Tao Zhang, Mohammed Hasanuzzaman, Yoshiaki Shirai, Hironobu Gotoda]"}, "100": {"deepseek": "[Min Suk Chung, Martin Riemer]"}, "101": {"deepseek": "[Michele Rossi, Michele Zorzi, Davide Zordan, Paolo Casari, Giorgio Quer, Riccardo Masiero]"}, "102": {"deepseek": "[Seksan Laitrakun, Tsang-Yi Wang, Lang Tong]"}, "103": {"deepseek": "[Clifford R. Jack, Greig I. de Zubicaray, Matt A. Bernstein, Suh Lee]"}, "104": {"deepseek": "[Klaus-Robert M\u00fcller, Frank C. Meinecke, Sven D\u00e4hne, Siamac Fazli]"}, "105": {"deepseek": "[Rodrigo L. Carceroni, Hans-Peter Seidel, Fl\u00e1vio L. C. P\u00e1dua]"}, "106": {"deepseek": "[Michael J. Carey, Donald Kossmann, Arvind Sundararajan]"}, "107": {"deepseek": "[Shouyang Wang, K. K. Lai, Mukesh Kumar Mehlawat]"}, "108": {"deepseek": "To find the common neighbors of Carol Passos and Cristiano Tolfo, we need to identify the authors who are connected to both Carol Passos and Cristiano Tolfo in the given network.\n\nFrom the collaborations listed:\n- Carol Passos is connected to: Daniela S. Cruzes, Manoel G. Mendon\u00e7a, Raul Sidnei Wazlawick, Cristiano Tolfo\n- Cristiano Tolfo is connected to: Carol Passos, Robert Feldt, Daniela S. Cruzes, Manoel G. Mendon\u00e7a, Lucas Gren\n\nThe common neighbors between Carol Passos and Cristiano Tolfo are:\n- Daniela S. Cruzes\n- Manoel G. Mendon\u00e7a\n\nThus, the common neighbors are: [Daniela S. Cruzes, Manoel G. Mendon\u00e7a]"}, "109": {"deepseek": "[Wonpil Im, Wenbo Yu, Frank C. Pickard, E. Prabhu Raman, Sirish Kaushik Lakkaraju]"}, "110": {"deepseek": "[Luminita A. Vese]"}, "111": {"deepseek": "[Gregor Engels, Fernando Orejas, Paolo Bottoni, Juan de Lara, Hartmut Ehrig, Leen Lambers, Annegret Habel, Karl-Heinz Pennemann, Christopher M. Poskitt, Dimitrios S. Kolovos, Pedro Pablo Perez Velasco, Jochen Malte K\u00fcster]"}, "112": {"deepseek": "[Jarmo Takala, Pekka J\u00e4\u00e4skel\u00e4inen, Fabrizio Lombardi]"}, "113": {"deepseek": "[Jos\u00e9 Cec\u00edlio, Utz Roedig, Petcharat Suriyachai]"}, "114": {"deepseek": "To find the common neighbors of Behnaam Aazhang and Zukang Shen, we need to identify the authors who are connected to both Behnaam Aazhang and Zukang Shen in the research collaborations.\n\nFrom the given collaborations:\n- Behnaam Aazhang is connected to: Elza Erkip, Alagan Anpalagan, Jeffrey G. Andrews, Andrew Sendonaris, Rohit U. Nabar, Mostafa Kaveh, Paul A. Anghel, Hamed Rasouli.\n- Zukang Shen is connected to: Alagan Anpalagan, Jeffrey G. Andrews, Brian L. Evans, Hamed Rasouli.\n\nThe common neighbors of Behnaam Aazhang and Zukang Shen are:\n- Alagan Anpalagan\n- Jeffrey G. Andrews\n- Hamed Rasouli\n\nTherefore, the answer is: [Alagan Anpalagan, Jeffrey G. Andrews, Hamed Rasouli]"}, "115": {"deepseek": "[Kiyomichi Araki, Gia Khanh Tran]"}, "116": {"deepseek": "[Gerhard P. Hancke, Youxian Sun, Seung Don Hong]"}, "117": {"deepseek": "[Jiawei Han]"}, "118": {"deepseek": "[V\u00edt Jel\u00ednek, Toufik Mansour]"}, "119": {"deepseek": "[Jos\u00e9 M. Mart\u00ednez]"}, "120": {"deepseek": "[Nick McKeown, Arne Ludwig, Rebecca Steinert]"}, "121": {"deepseek": "[Chao Wang, Jian Yang, Jong-Sen Lee, Yoshio Yamaguchi, Hiroyoshi Yamada, Toshifumi Moriyama]"}, "122": {"deepseek": "[Yang Xiao, John S. Heidemann]"}, "123": {"deepseek": "[Johannes Niedermayer, Michael Isard]"}, "124": {"deepseek": "[Carla P. Gomes, Henry A. Kautz, Yair Weiss]"}, "125": {"deepseek": "[Alex Pentland, Nadav Aharony, Rosalind W. Picard, A. Sano]"}, "126": {"deepseek": "[Christian Jutten, Andrzej Cichocki, Mohammad Bagher Shamsollahi, Reza Sameni]"}, "127": {"deepseek": "[Kai Man Tsui]"}, "128": {"deepseek": "[Bor-Yeh Shen, Jos\u00e9 A. Baiocchi]"}, "129": {"deepseek": "[Ahmad-Reza Sadeghi, Sorin A. Huss, Thomas P\u00f6ppelmann, Tim G\u00fcneysu, Tobias Oder]"}, "130": {"deepseek": "[J Daniel Costello, Koji Okino, Takashi Miyagoshi, Arvind Sridharan, Thomas E. Fuja, Robert Michael Tanner, Tatsuto Murayama]"}, "131": {"deepseek": "[Uir\u00e1 Kulesza, Alessandro Garcia, Janet Siegmund, N\u00e9lio Cacho, Janet Feigenspan]"}, "132": {"deepseek": "[Noah Snavely, Richard Szeliski, Steven M. Seitz, Leonard McMillan, Timo Stich, Christian Linz, Wojciech Matusik, Brian Curless, Steven J. Gortler]"}, "133": {"deepseek": "[Yoshio Tanaka, Satoshi Sekiguchi, Vinod M. Vokkarane, Shuichi Okamoto]"}, "134": {"deepseek": "[Amihood Amir, Moshe Lewenstein, Benny Porat, Benjamin Sach, Estrella Eisenberg]"}, "135": {"deepseek": "[Gang Wang, Tzu-Chen Lian]"}, "136": {"deepseek": "Error!"}, "137": {"deepseek": "[Yunhong Wang, Kevin W. Bowyer, Patrick J. Flynn, Zhenan Sun, Karen Hollingsworth, Yung-Hui Li, Anil K. Jain, John Daugman, Dacheng Tao, Xiaogang Wang, Xuelong Li, B. V. K. Vijaya Kumar, Salil Prabhakar]"}, "138": {"deepseek": "[Pradheep Elango, John Langford, Lihong Li]"}, "139": {"deepseek": "[Wenzhao Lian, Hongyuan Zha, Zoubin Ghahramani, Yee Whye Teh, Matthew J. Beal, Eric P. Xing]"}, "140": {"deepseek": "[Radu Prodan, Mike Surridge, Lukas K\u00f6pfle]"}, "141": {"deepseek": "[Mehmet Kaya, Chun-Hao Chen]"}, "142": {"deepseek": "[Joern Ploennigs]"}, "143": {"deepseek": "[Tayssir Touili, Thomas W. Reps]"}, "144": {"deepseek": "[Renata Teixeira, Olivier Bonaventure, Virginie Van den Schrieck]"}, "145": {"deepseek": "[Takeo Kanade, Vladimir Kolmogorov, Tsuhan Chen, Mubarak Shah, Sheng-Jyh Wang]"}, "146": {"deepseek": "[Alix Munier-Kordon, Bruno Bodin]"}, "147": {"deepseek": "[Aggelos K. Katsaggelos, Konstantinos E. Parsopoulos, Lisimachos P. Kondi, Angeliki V. Katsenou, Rui Zhang]"}, "148": {"deepseek": "[Szymon Rusinkiewicz, Radhakrishna Achanta]"}, "149": {"deepseek": "[Venkat Venkatasubramanian, Raghunathan Rengaswamy, Surya N. Kavuri, Kewen Yin]"}, "150": {"deepseek": "[Josep Vidal, Syed Ali Jafar, Adrian Agustin]"}, "151": {"deepseek": "[Bertram Lud\u00e4scher, Daniel Zinn]"}, "152": {"deepseek": "[Leith Abdulla, Leah Buechley]"}, "153": {"deepseek": "[Dragi Kocev]"}, "154": {"deepseek": "[Kai-Uwe Sattler, Ion Stoica, Scott Shenker, Hari Balakrishnan, Robert Morris, Liz Ribe-Baumann, Wei Hong]"}, "155": {"deepseek": "[Wei-Min Shen, Kasper Stoy]"}, "156": {"deepseek": "[Francesco Ricci, Yehuda Koren]"}, "157": {"deepseek": "[Michalis Faloutsos, Scott Shenker, Hari Balakrishnan, Songwu Lu, Srikanth V. Krishnamurthy]"}, "158": {"deepseek": "[Marjo Kauppinen, Laura Lehtola]"}, "159": {"deepseek": "[Christopher W. O'Dell]"}, "160": {"deepseek": "[Yiannis Aloimonos, Florentin W\u00f6rg\u00f6tter, Jeremie Papon, Alexey Abramov, Babette Dellen]"}, "161": {"deepseek": "[Janardhan R. Iyengar, Muriel Medard, Sachin Katti]"}, "162": {"deepseek": "[John Shawe-Taylor, Chris Watkins]"}, "163": {"deepseek": "[Defeng Sun, Wotao Yin]"}, "164": {"deepseek": "[Jing Qin, Lequan Yu, Vincent Mok]"}, "165": {"deepseek": "[Philip S. Yu, Deng Cai, Jure Leskovec, Hari Balakrishnan, Xing Xie, Wen-Chih Peng, Zhenhui Li, Raymond Chi-Wing Wong, Peter Nye]"}, "166": {"deepseek": "To find the common neighbors of Oncel Tuzel and Svenja Kahn, we need to identify the authors who are connected to both Oncel Tuzel and Svenja Kahn in the research collaborations.\n\nFrom the given collaborations:\n- Oncel Tuzel is connected to: Xilin Chen, Andrew Y. Ng, Jamie Shotton, Cordelia Schmid, Mark J. Finocchio.\n- Svenja Kahn is connected to: Jamie Shotton.\n\nThe common neighbor between Oncel Tuzel and Svenja Kahn is:\n- Jamie Shotton\n\nTherefore, the common neighbors of Oncel Tuzel and Svenja Kahn are: [Jamie Shotton]"}, "167": {"deepseek": "[Edjair Mota]"}, "168": {"deepseek": "[Jun Yan, John A. Miller, Toru Ishida, Krzysztof Janowicz, Josiane Xavier Parreira, Kunal Verma, John Harney, Reiman Rabbani]"}, "169": {"deepseek": "[Lai Xu, Kamalakar Karlapalem]"}, "170": {"deepseek": "[Krishnendu Chakrabarty, Janusz Rajski, Xiaoqing Wen, Laung-Terng Wang, Sudhakar M. Reddy]"}, "171": {"deepseek": "[Richard Szeliski, Wei-Chao Chen, Ravi Ramamoorthi]"}, "172": {"deepseek": "[Huijing Zhao, Ryosuke Shibasaki]"}, "173": {"deepseek": "[Yuan Ren, Bangcheng Han, Yun Le]"}, "174": {"deepseek": "[Sriram Vishwanath, Merouane Debbah]"}, "175": {"deepseek": "[Andrew K. Skidmore, R. G. Scarrott]"}, "176": {"deepseek": "[Ravi Ramamoorthi]"}, "177": {"deepseek": "[Wotao Yin, Emmanuel J. Cand\u00e8s, Renliang Gu]"}, "178": {"deepseek": "[Florin Pop, Rajiv Ranjan, Lizhe Wang, Abdullah Gani]"}, "179": {"deepseek": "[Kaliappa Ravindran, Mohammad Rabby, Arun Adiththan]"}, "180": {"deepseek": "[Mohamed G. Gouda, Alex X. Liu, Guru M. Parulkar]"}, "181": {"deepseek": "[Guilin Chen, Vassos Soteriou, Li-Shiuan Peh]"}, "182": {"deepseek": "[Chau Yuen, Himal A. Suraweera]"}, "183": {"deepseek": "[Fan Min, William Zhu]"}, "184": {"deepseek": "[Emilio Garc\u00eda Rosell\u00f3, Mar\u00eda J. Lado]"}, "185": {"deepseek": "[Celal Ozturk, Mina Husseinzadeh Kashan]"}, "186": {"deepseek": "[Christoph Trattner]"}, "187": {"deepseek": "[Richard J. Simard, Jyh-Jen Horng Shiau]"}, "188": {"deepseek": "[Philip Hanna, George Ferguson, Xingkun Liu]"}, "189": {"deepseek": "To find the common neighbors of Haining Wang and Ludmila Cherkasova, we need to identify the authors who are connected to both Haining Wang and Ludmila Cherkasova in the research collaborations network.\n\nFrom the given collaborations:\n- Haining Wang is connected to: Mauro Conti, Dheeraj Sanghi, Manoj Singh Gaur, Gaurav Somani\n- Ludmila Cherkasova is connected to: Gaurav Somani\n\nThe common neighbor between Haining Wang and Ludmila Cherkasova is:\n- Gaurav Somani\n\nTherefore, the common neighbors of Haining Wang and Ludmila Cherkasova are: [Gaurav Somani]"}, "190": {"deepseek": "[Anders Lyhne Christensen, Marco Dorigo, Frederick Ducatelle, Alexandre Campo, Dario Floreano]"}, "191": {"deepseek": "[Michele Colajanni]"}, "192": {"deepseek": "[H.V. Poor, Sonia Aissa, Leszek Szczecinski, Erik Agrell, Giulio Colavolpe, Alex Alvarado, Marvin K. Simon, Rodolfo Feick]"}, "193": {"deepseek": "[Dan Boneh, Bharath K. Samanthula]"}, "194": {"deepseek": "[Michael Hecker, Norberto D\u00edaz-D\u00edaz, Francisco G\u00f3mez-Vela]"}, "195": {"deepseek": "[Wenwu Wang, Volkan Kilic]"}, "196": {"deepseek": "[Long Wang, Wenwu Yu]"}, "197": {"deepseek": "[Karl J. Friston, Gareth R. Barnes, Robert Oostenveld, Erkki Oja]"}, "198": {"deepseek": "[Wilfried Philips, Sebastian Gruenwedel, Peter Van Hese, Mohamed Y. Eldib, Jorge Oswaldo Ni\u00f1o-Casta\u00f1eda]"}, "199": {"deepseek": "[Yajuan Tang, Edmond W. W. Chan, Rocky K. C. Chang, Gabriel Maci\u00e1-Fern\u00e1ndez, Jes\u00fas E. D\u00edaz-Verdejo, Pedro Garc\u00eda-Teodoro]"}, "200": {"deepseek": "[Tracy Hall, Helen Sharp, Hugh Robinson]"}, "201": {"deepseek": "[Frank Kr\u00fcger, Thomas Kirste, Maik Wurdel]"}, "202": {"deepseek": "[Fr\u00e9d\u00e9ric Baret, Ranga B. Myneni]"}, "203": {"deepseek": "[Andrew Y. Ng, Christopher D. Manning, Kyunghyun Cho, Tomas Mikolov, Phil Blunsom, Sumit Chopra, Jianpeng Cheng]"}, "204": {"deepseek": "[Yuri Gurevich, Wolfram Schulte]"}, "205": {"deepseek": "[Volkan Rodoplu]"}, "206": {"deepseek": "[Azzedine Boukerche]"}, "207": {"deepseek": "[Qi Wang]"}, "208": {"deepseek": "[Bernhard E. Riecke, John J. Rieser]"}, "209": {"deepseek": "[Isel Grau, Gonzalo N\u00e1poles, Rolf Kaiser, Elpiniki I. Papageorgiou, Witold Pedrycz, Chrysostomos D. Stylios, Ricardo Grau, Maikel Leoon]"}, "210": {"deepseek": "[William B. Langdon, Andrew P. Harrison]"}, "211": {"deepseek": "[Chandrakant D. Patel, Luiz Andr\u00e9 Barroso]"}, "212": {"deepseek": "[Elizabeth Ann Maharaj]"}, "213": {"deepseek": "[Beth Plale, Yogesh Simmhan, Dennis Gannon, Mohamed Y. Eltabakh]"}, "214": {"deepseek": "[Wang Liu]"}, "215": {"deepseek": "[Russell Schwartz, Stanley E. Shackney, Kerstin Heselmeyer-Haddad]"}, "216": {"deepseek": "[Colin J. Fidge, Ian J. Hayes]"}, "217": {"deepseek": "[Arun Hampapur]"}, "218": {"deepseek": "[Florence S\u00e8des, Andr\u00e9 P\u00e9ninou, C. Marie-Fran\u00e7oise Canut]"}, "219": {"deepseek": "[Mario Piattini, F\u00e9lix Garc\u00eda, Barbara Kitchenham, Genoveffa Tortora, Michel R. V. Chaudron, A. C\u00e9sar C. Fran\u00e7a]"}, "220": {"deepseek": "[Henning Bruhn, Daniela K\u00fchn]"}, "221": {"deepseek": "[Tomasz Woloszynski, Francisco Herrera, Salvador Garc\u00eda, Micha\u0142 Wo\u017aniak]"}, "222": {"deepseek": "[Karin Coninx, Kris Luyten, Jean Vanderdonckt, Tim Clerckx]"}, "223": {"deepseek": "[Kimmo Rautiainen, Merc\u00e8 Vall-Llossera, Adriano Camps, Yann H. Kerr, Philippe Waldteufel, Nicolas Reul, Eric Anterrieu, Joseph Tenerelli, Andreas Colliander, Isaac Ramos-P\u00e9rez, Jacqueline Boutin, J\u00e9r\u00f4me Gourrion, Ver\u00f3nica Gonz\u00e1lez-Gambau, Claire Gruhier, Hyuk Park]"}, "224": {"deepseek": "[Rodrigo Lopez, Lincoln Stein, Mark D. McDowall, Mary Ann Tuli]"}, "225": {"deepseek": "[Yunong Zhang, Guang-Bin Huang, Shuzhi Sam Ge]"}, "226": {"deepseek": "[Peter C.M. van Zijl, Susumu Mori, Issel Anne L Lim]"}, "227": {"deepseek": "[Bart Vermeulen, Deepak Chauhan]"}, "228": {"deepseek": "[Narcis Pares, Judith Good]"}, "229": {"deepseek": "[Hanno Lefmann, Rudini Menezes Sampaio, Asaf Shapira, Oleg Pikhurko, Daniel Kr\u00e1l, Nicholas C. Wormald]"}, "230": {"deepseek": "[Yiorgos Makris, Salvador Mir, Aritra Banerjee, Florence Aza\u00efs]"}, "231": {"deepseek": "[Jane Ransom, Jarmo J. Ahonen]"}, "232": {"deepseek": "[Weihua Zhuang, Hongkun Li, Sachin Katti]"}, "233": {"deepseek": "[Dorin Comaniciu, Ming-Hsuan Yang, Peter Meer, Wanying Xu, Xuelong Li]"}, "234": {"deepseek": "[Annegret Katrin Wagler, Claudio Gentile, Silvia M. Bianchi, Anna Galluccio]"}, "235": {"deepseek": "[Philip J. Guo]"}, "236": {"deepseek": "[Ferrante Neri, Zuzana Kominkova Oplatkova]"}, "237": {"deepseek": "[Krishnendu Chakrabarty, Subhasish Mitra, Janusz Rajski, Ahmad A. Al-Yamani, Rohit Kapur, Peter Wohl, Bashir M. Al-Hashimi, Thomas W. Williams, Narendra Devta-Prasanna]"}, "238": {"deepseek": "[An Liu, Tet Hin Yeap]"}, "239": {"deepseek": "[Xiaofang Zhou, Xifeng Yan, Wenfei Fan]"}, "240": {"deepseek": "[Adrian S. Lewis, Ting Kei Pong]"}, "241": {"deepseek": "[Hiroya Nagao, Kazuyuki Shudo]"}, "242": {"deepseek": "[Elliot Moore, Mark A. Clements, Sharifa Alghowinem, Jyoti Joshi]"}, "243": {"deepseek": "[Ian T. Foster, Ewa Deelman, Rajkumar Kettimuthu, M. Wilde, Kyle Chard, Dinanath Sulakhe, Ravi K. Madduri, Alex Rodriguez]"}, "244": {"deepseek": "[J\u00fcrgen Schmidhuber, Dan C. Ciresan, Ueli Meier, Koray Kavukcuoglu]"}, "245": {"deepseek": "[Yacine Challal, Abdelmadjid Bouabdallah, Nadjib Badache, David Wagner, Dan Boneh]"}, "246": {"deepseek": "[Alan C. Bovik, Romain Cousseau]"}, "247": {"deepseek": "[Dan J. Kim, David Gefen, Izak Benbasat, Detmar W. Straub, Viswanath Venkatesh]"}, "248": {"deepseek": "[Zhongzhi Shi, Theodora A. Varvarigou, Konstantinos Tserpes]"}, "249": {"deepseek": "[Peigen Li]"}, "250": {"deepseek": "[Emilio Delgado L\u00f3pez-C\u00f3zar, David A. Abbink]"}, "251": {"deepseek": "[Yang Liu, Ian T. Foster, SungHo Chin, Ioan Raicu, Guoqing Li]"}, "252": {"deepseek": "[Lai-Man Po, Chok-Kwan Cheung, Chung-Neng Wang]"}, "253": {"deepseek": "[Jiang Hu, Xiaoping Tang, John Lillis, Jinjun Xiong, Jingyu Xu, Charles Chiang]"}, "254": {"deepseek": "[S. Manjunath, D. S. Guru]"}, "255": {"deepseek": "[Huiyong Xiao]"}, "256": {"deepseek": "To find the common neighbors of Guillermo Sapiro and Yujing Guan, we need to identify the authors who are connected to both Guillermo Sapiro and Yujing Guan in the research collaborations.\n\n- Guillermo Sapiro is connected to: Lei Zhang, Guangming Shi, Ting-Zhu Huang, Peyman Milanfar, Jean Ponce, David L. Donoho, Weisheng Dong\n- Yujing Guan is connected to: Guangming Shi, Weisheng Dong\n\nComparing the lists, the common neighbors are:\n- Guangming Shi\n- Weisheng Dong\n\nTherefore, the common neighbors of Guillermo Sapiro and Yujing Guan are: [Guangming Shi, Weisheng Dong]."}, "257": {"deepseek": "[Eisuke Ito, Yoshiaki Kasahara, Naomi Fujimura]"}, "258": {"deepseek": "[Henrik Bj\u00f6rklund, Sergei Vorobyov, Thomas Martin Gawlitza]"}, "259": {"deepseek": "[Najmeh Khalili-Mahani, Tristan Glatard, Alan C. Evans, Samir Das, Pierre Rioux]"}, "260": {"deepseek": "[Susana Vinga, Eberhard O. Voit, Jonas S. Almeida]"}, "261": {"deepseek": "[Tsang-Long Pao, Yu-Te Chen, Shashidhar G. Koolagudi, Jiucang Hao, K. Sreenivasa Rao, Wen-Yuan Liao]"}, "262": {"deepseek": "[Kerstin Dautenhahn, Filomena Soares]"}, "263": {"deepseek": "[Jason S. Chang, Jian-Cheng Wu]"}, "264": {"deepseek": "[John Shalf, Leonid Oliker, Richard W. Vuduc, Samuel Williams, Madhav V. Marathe]"}, "265": {"deepseek": "To find the common neighbors of Xiaokang Yang and Eero P. Simoncelli, we need to identify the authors who are connected to both Xiaokang Yang and Eero P. Simoncelli in the research collaborations.\n\nFrom the given collaborations:\n- Xiaokang Yang is connected to: Francesc J. Ferri, Jesus Malo, Irene Epifanio, J. M. Artigas, Jaime Gutierrez 0004, Eero P. Simoncelli.\n- Eero P. Simoncelli is connected to: Jesus Malo, Jaime Gutierrez 0004, Francesc J. Ferri, Rafael Navarro, Irene Epifanio.\n\nThe common neighbors between Xiaokang Yang and Eero P. Simoncelli are:\n- Jesus Malo\n- Jaime Gutierrez 0004\n- Francesc J. Ferri\n- Irene Epifanio\n\nTherefore, the common neighbors are: [Jesus Malo, Jaime Gutierrez 0004, Francesc J. Ferri, Irene Epifanio]."}, "266": {"deepseek": "To find the common neighbors of Frank Dabek and Jiawei Han in the given academic network, we need to identify the authors who are connected to both Frank Dabek and Jiawei Han.\n\nFrom the given collaborations:\n- Frank Dabek is connected to: Ion Stoica, Robert Morris, Hector Garcia-Molina, Aziz Barbar.\n- Jiawei Han is connected to: Witold Pedrycz, Wee Keong Ng, Ion Stoica, Hector Garcia-Molina, Kanishka Bhaduri.\n\nComparing the lists of connected authors for both Frank Dabek and Jiawei Han, the common neighbors are:\n- Ion Stoica\n- Hector Garcia-Molina\n\nThus, the common neighbors of Frank Dabek and Jiawei Han are: [Ion Stoica, Hector Garcia-Molina]."}, "267": {"deepseek": "[Richard Szeliski, Xiaodong Zhang, Lianwen Jin]"}, "268": {"deepseek": "[Mottaqiallah Taouil, Pradip Bose, Antonio Rubio, Kaushik Roy, Timothy Mark Pinkston, Yu-Sheng Chen, Fahad Ahmed, Ming-Jinn Tsai]"}, "269": {"deepseek": "[Marco Tomassini, Noritaka Tsukamoto, Amrit Pratap, Joshua D. Knowles]"}, "270": {"deepseek": "[Abigail Morrison, Markus Diesmann, Sonja Gr\u00fcn]"}, "271": {"deepseek": "[Aur\u00e9lio C. Campilho, Carlos Cuadrado, Javier D\u00edaz, Brent E. Nelson, Zhaoyi Wei]"}, "272": {"deepseek": "To find the common neighbors of J\u00e9r\u00f4me Picault and Michael Sutterer, we need to identify the authors who are connected to both J\u00e9r\u00f4me Picault and Michael Sutterer in the research collaborations.\n\nFrom the given collaborations:\n- J\u00e9r\u00f4me Picault is connected to: Klaus David, Olaf Droegehorn, Michael Sutterer\n- Michael Sutterer is connected to: J\u00e9r\u00f4me Picault, Klaus David, Chris D. Nugent, Liming Chen, Ivar Solheim, Sarah Gallacher, Olaf Droegehorn, Christian R\u00e4ck\n\nThe common neighbors of J\u00e9r\u00f4me Picault and Michael Sutterer are the authors who appear in both lists:\n- Klaus David\n- Olaf Droegehorn\n\nThus, the common neighbors of J\u00e9r\u00f4me Picault and Michael Sutterer are:\n[Klaus David, Olaf Droegehorn]"}, "273": {"deepseek": "[John A. Stankovic, Philip Levis]"}, "274": {"deepseek": "[Charles Oppenheim, Elizabeth Gadd]"}, "275": {"deepseek": "[Juanzi Li, Ali Daud, Ying Ding, Tehmina Amjad]"}, "276": {"deepseek": "[Haijun Zhang]"}, "277": {"deepseek": "[Sven Casteleyn, William Van Woensel]"}, "278": {"deepseek": "[Kensuke Harada, Hirohisa Hirukawa, Fumio Kanehiro]"}, "279": {"deepseek": "[Shmuel Ur]"}, "280": {"deepseek": "[Tatiana Tatusova, Rodrigo Lopez, Kim D. Pruitt]"}, "281": {"deepseek": "[France Belanger, Brian Detlor]"}, "282": {"deepseek": "[Toby Walsh, Tom Kelsey, Ian P. Gent, Ian Miguel, Steve Linton, Justin Pearson, Christopher Jefferson, Peter J. Stuckey, Maria J. Garc\u00eda de la Banda, Alan M. Frisch, Brahim Hnich, Zichen Zhu]"}, "283": {"deepseek": "[Geert Jan Schrijen, Srinivas Devadas, Erik van der Sluis, Roel Maes, Matthias Hiller]"}, "284": {"deepseek": "[Tal Pupko, Nir Ben-Tal, Eric Martz, Sriram Sankararaman, Shiran Abadi]"}, "285": {"deepseek": "[Andrew F. Hart, Sean Kelly, J. Steven Hughes, Chris A. Mattmann, Sudhir Srivastava, Christos Patriotis]"}, "286": {"deepseek": "[Christopher D. Manning, Jelena Jovanovic, Min Kyu Kim]"}, "287": {"deepseek": "[Shlomo Havlin]"}, "288": {"deepseek": "[Gheorghe Stefanescu]"}, "289": {"deepseek": "[Dan Suciu, Steffen Hausmann, Alexandra Poulovassilis]"}, "290": {"deepseek": "[Indrani Medhi, Kentaro Toyama, William Thies]"}, "291": {"deepseek": "[Coert Metz, Michiel Schaap]"}, "292": {"deepseek": "[Agn\u00e8s B\u00e9gu\u00e9, Pierre Defourny, Claudia Kuenzer, Ursula Gessner, Rasmus Fensholt]"}, "293": {"deepseek": "[Fotis N. Koumboulis, Sten Bay J\u00f8rgensen, Michel Gevers, Gabriel Solari, Maria P. Tzamtzi]"}, "294": {"deepseek": "[Giacomo Boracchi, Cesare Alippi, Manuel Roveri]"}, "295": {"deepseek": "[Di Huang, Liming Chen, Gabriele Sabatino]"}, "296": {"deepseek": "[Juan I. Asensio-P\u00e9rez, Adolfo Ruiz-Calleja]"}, "297": {"deepseek": "[Ralf Muhlberger]"}, "298": {"deepseek": "[Rolf Apweiler, J. Lynn Fink]"}, "299": {"deepseek": "[Jean-Claude Paul, Li-Yi Wei, Alexei A. Efros]"}, "300": {"deepseek": "[Hari Balakrishnan, Albert Banchs]"}, "301": {"deepseek": "[H.V. Poor, Yu Fang Jin]"}, "302": {"deepseek": "[Takehiro Inohara, D.M. Kilgour]"}, "303": {"deepseek": "[Veronica Sundstedt, Michael Wimmer, Katerina Mania, George Alex Koulieris]"}, "304": {"deepseek": "[Rimon Barr, Emmanuel Chaput, Andr\u00e9-Luc Beylot, Razvan Stanica]"}, "305": {"deepseek": "[Huaping Liu, Fuchun Sun]"}, "306": {"deepseek": "[Tao Xiong, Bruno Costa]"}, "307": {"deepseek": "[Elankayer Sithirasenan, Vallipuram Muthukkumarasamy, Ying Chen, Andrew Rau-Chaplin, Frank K. H. A. Dehne, Michel Barbeau]"}, "308": {"deepseek": "[Thomas Wiegand, Woo-jin Han, Jani Boutellier]"}, "309": {"deepseek": "[Kang Ryoung Park]"}, "310": {"deepseek": "[Pawe\u0142 Pra\u0142at, Richard J. Nowakowski, Margaret-Ellen Messinger]"}, "311": {"deepseek": "[Carla Manni, Paolo Costantini, Tom Lyche]"}, "312": {"deepseek": "[David P. Wipf, Yoram Bresler]"}, "313": {"deepseek": "[Moritz Werling]"}, "314": {"deepseek": "[Alireza Sepas-Moghaddam, Juergen Branke, Mohammad Reza Meybodi, Dingwei Wang]"}, "315": {"deepseek": "[Xavier Hinaut]"}, "316": {"deepseek": "[Alberto Sanfeliu]"}, "317": {"deepseek": "[Mustaque Ahamad, Mustaque Ahamad, Mustaque Ahamad]"}, "318": {"deepseek": "[Giovanni Vigna, Vern Paxson, Chris Grier, Dawn Xiaodong Song, Damon McCoy]"}, "319": {"deepseek": "[Patrick Hild, Carsten Carstensen]"}, "320": {"deepseek": "[Vladim\u00edr Mar\u00edk, Alois Zoitl, Paulo Leit\u00e3o, Valeriy Vyatkin]"}, "321": {"deepseek": "[Paolo Bouquet]"}, "322": {"deepseek": "[Andy J. Wellings, Ren\u00e9 Rydhof Hansen, Bent Thomsen, Martin Schoeberl, Ana Cavalcanti, Stephan Erbs Korsholm, Hans S\u00f8ndergaard, Daniel Tang, Juan Ricardo Rios]"}, "323": {"deepseek": "[Robert J. K. Jacob]"}, "324": {"deepseek": "[Jakob Nordstr\u00f6m, Jochen Messner, Olaf Beyersdorff]"}, "325": {"deepseek": "[Kuldip Kumar Paliwal, Abdul Sattar, Abdollah Dehzangi, James Lyons, Ke Chen, Tao Yang, Hong-Bin Shen, Kuo-Chen Chou, Hampapathalu A. Nagarajaram, Wies\u0141aw Chmielnicki, Mohammad Anwaruddin]"}, "326": {"deepseek": "[Leandro Navarro, Davide Vega, Bart Braem, Axel Neumann, Pau Escrich, Mennan Selimi]"}, "327": {"deepseek": "[Olivier Finkel]"}, "328": {"deepseek": "[Anand Sivasubramaniam, Andreas Weissel]"}, "329": {"deepseek": "[Srikanth Kandula, Chuanxiong Guo, Haitao Wu, Songwu Lu]"}, "330": {"deepseek": "[Scott Shenker, Amin Vahdat, Nick Feamster, Farnam Jahanian, Nick McKeown, Ethan Katz-Bassett, Anja Feldmann, Stefan Schmid, Jennifer Rexford, Vasileios Kotronis, Sean Donovan, Christian Esteve Rothenberg]"}, "331": {"deepseek": "[Jacopo Aleotti, Danica Kragic, Stefano Caselli, Siddhartha S. Srinivasa]"}, "332": {"deepseek": "[Thomas Ertl, R\u00fcdiger Westermann, Markus H. Gross]"}, "333": {"deepseek": "[Murray E. Jennex, Lorne Olfman, Detmar W. Straub, Maryam Alavi, Murali Raman]"}, "334": {"deepseek": "[Jin Chen, Zhu-Hong You, Marija Rasajski, Lin Zhu]"}, "335": {"deepseek": "[Dacheng Tao, Yu Qiao, Yangqing Jia, Bastian Leibe, Yong-Zhen Huang]"}, "336": {"deepseek": "[Hartmut Ehrig, Leen Lambers, Leila Ribeiro, Pawe\u0142 Soboci\u0144ski, Stephen Lack, Ulrike Golas]"}, "337": {"deepseek": "[Bart Selman, Holger H. Hoos, Kevin Leyton-Brown, Lars Kotthoff, Marius Thomas Schneider, Yuri Malitsky, Maurizio Gabbrielli, Fabio Biselli]"}, "338": {"deepseek": "[Christof Paar]"}, "339": {"deepseek": "[Robert F. Mills, Jing Liu]"}, "340": {"deepseek": "[Hui Li, David E. Culler, Yaling Yang]"}, "341": {"deepseek": "[Lars Hedrich, Alper Sen, Dogan Ulus, Chris J. Myers, Scott Little, David Walter]"}, "342": {"deepseek": "[Alberto L. Sangiovanni-Vincentelli, Daniel D. Gajski, Yosinori Watanabe, Alex Kondratyev]"}, "343": {"deepseek": "[Alysson Neves Bessani]"}, "344": {"deepseek": "[Lucian Ilie, Shunsuke Inenaga, Hideo Bannai, M. Sohel Rahman]"}, "345": {"deepseek": "[Dieter Fox, Antonio Sgorbissa]"}, "346": {"deepseek": "[G. Uma, M. Shanmugam]"}, "347": {"deepseek": "[Graham Sexton, Tam\u00e1s D. Gedeon]"}, "348": {"deepseek": "[Sameer K. Antani, Eric Gaussier, Andrew Zisserman, Marcel Worring, Yoram Singer, Damon Wing Kee Wong, Joo Hwee Lim, Tien Yin Wong, Stephen Lin, Ali Mustafa Qamar]"}, "349": {"deepseek": "[Eduardo Tavares]"}, "350": {"deepseek": "[James C. Gee, Anqi Qiu, Moo K. Chung, Michael I. Miller, Murray Grossman, Kim M. Dalton]"}, "351": {"deepseek": "[Man Zhang]"}, "352": {"deepseek": "[Ashish Khare, Marleen de Bruijne]"}, "353": {"deepseek": "[Tomomichi Hagiwara, Denis Arzelier, Yohei Hosoe]"}, "354": {"deepseek": "[James R. Faeder, Michael L. Blinov, William S. Hlavacek]"}, "355": {"deepseek": "[Y. Charlie Hu, Hojung Cha]"}, "356": {"deepseek": "[Michal Irani, Thomas Wiegand]"}, "357": {"deepseek": "[Justine Cassell, Ha Trinh]"}, "358": {"deepseek": "[Allan D. Knies]"}, "359": {"deepseek": "To find the common neighbors of Daniel Scott Brotherston and Samuel Madden, we need to identify the authors who are connected to both of them in the network.\n\n- Daniel Scott Brotherston is connected to: Anisoara Nica\n- Samuel Madden is connected to: Elke A. Rundensteiner, Michael Stonebraker, Mitch Cherniack, Utkarsh Srivastava, Jonathan Goldstein, Anisoara Nica\n\nThe common neighbor between Daniel Scott Brotherston and Samuel Madden is:\n- Anisoara Nica\n\nTherefore, the common neighbors of Daniel Scott Brotherston and Samuel Madden are: [Anisoara Nica]"}, "360": {"deepseek": "[Jos\u00e9 F. Moreno, Jos\u00e9 A. Sobrino, G. S\u00f2ria, Juan C. Jim\u00e9nez-Mu\u00f1oz]"}, "361": {"deepseek": "[Yehuda Koren]"}, "362": {"deepseek": "[Imran Memon]"}, "363": {"deepseek": "[Iickho Song, Yu T. Su]"}, "364": {"deepseek": "[Jianbo Liu, Donald Goldfarb, Shanshan Wang, Luminita A. Vese]"}, "365": {"deepseek": "[Wolfgang Rosenstiel, Luca Benini, Bj\u00f6rn Sander]"}, "366": {"deepseek": "[Seong Whan Lee, Xilin Chen, Stan Sclaroff]"}, "367": {"deepseek": "[Gloria P\u00e9rez]"}, "368": {"deepseek": "[Carrie Gates, Vern Paxson, Hiroaki Kikuchi, Matt Bishop, Christian W. Probst, Sidney Karin, Sean Peisert, Borislava I. Simidchieva, Huong Phan, Heather M. Conboy]"}, "369": {"deepseek": "[Francesco Ricca, Torsten Schaub, Luca Pulina, Roland Kaminski, Benjamin Kaufmann, Marius Thomas Schneider, Marius Thomas Lindauer, Stefan Ziller]"}, "370": {"deepseek": "[Daowen Qiu, Beatrice Palano, Lvzhou Li]"}, "371": {"deepseek": "[An\u00edbal Ollero, Abdolkarim Pahliani]"}, "372": {"deepseek": "[Ling Feng, Philip S. Yu, Sharad Mehrotra, Alon Y. Halevy, Peter M. G. Apers]"}, "373": {"deepseek": "[John Riedl, Shilad Sen]"}, "374": {"deepseek": "[Silvia Corchs, Raimondo Schettini, Weisi Lin, Hamid Rahim Sheikh]"}, "375": {"deepseek": "[Frederic T. Stahl, Paulo J. Azevedo, Martin T. Swain, Eamonn J. Keogh, J. Rui Rodrigues, V\u00edtor Santos Costa, Rui Camacho, Nuno A. Fonseca]"}, "376": {"deepseek": "[Natalia M. Markovich, Udo R. Krieger, Yong Liu, Marco Mellia, Michela Meo, Kave Salamatian, Emilio Leonardi, Thomas Silverston]"}, "377": {"deepseek": "[Motohiko Isaka]"}, "378": {"deepseek": "[Ming C. Lin, Gabriel Zachmann, Rene Weller]"}, "379": {"deepseek": "[Christian Bienia, Chun Jason Xue, Heiko Falk, Luca P. Carloni, Reetuparna Das, Sabbir Mahmud, Huaiyu Dai]"}, "380": {"deepseek": "To find the common neighbors of Richard A. Hayden and Markus Siegle, we need to identify the authors who are connected to both Richard A. Hayden and Markus Siegle in the given network.\n\nFrom the collaborations listed:\n- Richard A. Hayden is connected to: Philipp Reinecke, Jeremy T. Bradley, Stephen Gilmore, Peter G. Harrison, Markus Siegle.\n- Markus Siegle is connected to: Richard A. Hayden, Philipp Reinecke, Katinka Wolter, Jeremy T. Bradley.\n\nThe common neighbors of Richard A. Hayden and Markus Siegle are:\n- Philipp Reinecke\n- Jeremy T. Bradley\n\nThus, the common neighbors are: [Philipp Reinecke, Jeremy T. Bradley]"}, "381": {"deepseek": "[Paul M. Thompson, Arthur W. Toga, Clifford R. Jack, Margaret J. Wright, Alex D. Leow, Christophe Lenglet, Iman Aganj]"}, "382": {"deepseek": "[Ana Lucila Sandoval Orozco, Luis Javier Garc\u00eda Villalba, Jos\u00e9 Cortez, Tran Van Lanh, Miroslav Goljan, Nasir D. Memon, Athar Mahboob, Salvatore J. Stolfo, Walter J. Scheirer, Sevinc Bayram, Shahrukh Khalid]"}, "383": {"deepseek": "[Eduardo Tovar, Konstantinos Bletsas, Shinpei Kato, Luca Santinelli]"}, "384": {"deepseek": "[Jie Ding, Ai-Guo Wu, Masoud Hajarian]"}, "385": {"deepseek": "[Michael Cormier]"}, "386": {"deepseek": "[Friedrich Pillichshammer, Ian H. Sloan, Xiaoqun Wang, Peter Kritzer, Gunther Leobacher]"}, "387": {"deepseek": "[Simone Bacellar Leal Ferreira, Denis Silva da Silveira, Vicki L. Hanson]"}, "388": {"deepseek": "[Zheng Zhang, Paolo Maffezzoni, Luca Daniel, Bichoy Bahr, Michele Bonnin, Fernando Corinto, Salvatore Levantino, Alper Demir]"}, "389": {"deepseek": "[Shuicheng Yan, Wen-Sheng Chen, Pong Chi Yuen]"}, "390": {"deepseek": "[Hirotaka Ono, Saket Saurabh]"}, "391": {"deepseek": "[Rafael Aracil, Jos\u00e9 Maria Azor\u00edn]"}, "392": {"deepseek": "[Mohamed Cheriet, Azeddine Beghdadi, Amina Serir, Mohamed Riad Yagoubi]"}, "393": {"deepseek": "[Sjaak Brinkkemper, Fabiano Dalpiaz, Garm Lucassen]"}, "394": {"deepseek": "[P. S. V. S. Sai Prasad, Jiye Liang, Yuhua Qian, Richard Jensen]"}, "395": {"deepseek": "[Kwok-Wo Wong, Lequan Min]"}, "396": {"deepseek": "[Jos\u00e9 M. Val\u00e9rio de Carvalho, Filipe Pereira e Alvelos]"}, "397": {"deepseek": "[Assaf Schuster, Binny S. Gill, Dharmendra S. Modha, Gala Yadgar, Kai Li, Song Jiang, Xubin He, Xiaodong Zhang, Yuanyuan Zhou]"}, "398": {"deepseek": "[Andrew T. Campbell, Lianggui Liu, Guanfeng Liu, Yan Wang, Mehmet A. Orgun, Turgay Korkmaz]"}, "399": {"deepseek": "[David C. van Moolenbroek, Andrea C. Arpaci-Dusseau, Swaminathan Sundararaman]"}, "400": {"deepseek": "[Philippe Robert, Kamiar Aminian, Bijan Najafi, F. Loew]"}, "401": {"deepseek": "[Igor Ebrahim dos Santos, Mario Piattini]"}, "402": {"deepseek": "[Andruid Kerne, Rhema Linder]"}, "403": {"deepseek": "[Dhabaleswar K. Panda, Richard L. Graham, Matthew J. Koop, Krishna Chaitanya Kandalla]"}, "404": {"deepseek": "[Florian Metze, Udhyakumar Nallasamy, Mark J. F. Gales, Daniel Povey, H. Soltau, Tanja Schultz]"}, "405": {"deepseek": "[Panos Papadimitratos, Frank Kargl, Heekuck Oh, Sebastian Bittl, Berke Aydinli, Rongxing Lu, Michael Weber, Pim Tuyls, Zhendong Ma, Pin-Han Ho, Xuemin Shen, Elmar Schoch, Julien Freudiger, Panagiotis Papadimitratos, Maxim Raya, Giorgio Calandriello]"}, "406": {"deepseek": "[Jean-Michel Fourneau, Franck Quessette, Ladislau B\u00f6l\u00f6ni, Dan C. Marinescu]"}, "407": {"deepseek": "[Kaveh Pahlavan, Prashant Krishnamurthy, Yishuang Geng, Umair Khan, Ruijun Fu, Guanqun Bao]"}, "408": {"deepseek": "[Djoko Sigit Sayogo, Theresa A. Pardo]"}, "409": {"deepseek": "[Mario Gerla, Donald F. Towsley, Raffaello Secchi]"}, "410": {"deepseek": "[Subhash Khot, Konstantinos Georgiou, Iannis Tourlakis]"}, "411": {"deepseek": "[Tao Qin, Lars Schmidt-Thieme, Alexandros Karatzoglou]"}, "412": {"deepseek": "[Mario Gerla, Jun-Hong Cui, Michele Zorzi, Milica Stojanovic]"}, "413": {"deepseek": "[Rolf Hoffmann, Mathias Halbach, Wolfgang Heenes]"}, "414": {"deepseek": "[Steve Benford, Eva Hornecker, Paul Marshall, Matthew Chalmers, Martin Flintham, Barry A. T. Brown, Anthony Steed, Paul M. Aoki]"}, "415": {"deepseek": "[ChengXiang Zhai, Maarten de Rijke, W. Bruce Croft, Yuanhua Lv]"}, "416": {"deepseek": "[Huan Liu, Yan Zhang]"}, "417": {"deepseek": "[Hani Hagras, Engin Yesil, Ibrahim Eksin, Patricia Melin, Witold Pedrycz, Jerry M. Mendel, William W. Melek, Robert John, Dongrui Wu, Woei Wan Tan, Hao Ying, Ordoyo Casado]"}, "418": {"deepseek": "To find the common neighbors of Raquel Barco and V\u00edctor Buenestado, we need to identify the authors who are connected to both Raquel Barco and V\u00edctor Buenestado in the given network.\n\nFrom the provided collaborations:\n- Raquel Barco is connected to: Pablo Mu\u00f1oz, Holger Claussen, Mariano Molina-Garcia, Jaime Calle-Sanchez, Alfonso Fernandez-Duran, Jose I. Alonso, Salvador Luna-Ram\u00edrez, Mat\u00edas Toril, V\u00edctor Buenestado, I. de la Bandera, Sergio Fortes, A. Aguilar-Garcia, Fe\u0301lix Barba Barba, Jose Antonio Fern\u00e1ndez-Luque.\n- V\u00edctor Buenestado is connected to: Raquel Barco, Salvador Luna-Ram\u00edrez, Mat\u00edas Toril, Holger Claussen, Sergio Fortes, A. Aguilar-Garcia.\n\nComparing the lists of connections for Raquel Barco and V\u00edctor Buenestado, the common neighbors are:\n- Holger Claussen\n- Salvador Luna-Ram\u00edrez\n- Mat\u00edas Toril\n- Sergio Fortes\n- A. Aguilar-Garcia\n\nThus, the common neighbors of Raquel Barco and V\u00edctor Buenestado are: [Holger Claussen, Salvador Luna-Ram\u00edrez, Mat\u00edas Toril, Sergio Fortes, A. Aguilar-Garcia]."}, "419": {"deepseek": "[Jun Tani, Angelo Cangelosi, Chrystopher L. Nehaniv, Giulio Sandini, Tetsuya Ogata, Arne Zeschel, Pierre-Yves Oudeyer]"}, "420": {"deepseek": "[Victor M. Hern\u00e1ndez-Guzm\u00e1n, Aman Behal, V\u00edctor Santib\u00e1\u00f1ez]"}, "421": {"deepseek": "[Tim G\u00fcneysu, Christof Paar, Tobias Oder]"}, "422": {"deepseek": "[Igor \u0160krjanc, Stefan Preitl, Mircea-Bogdan Rdac]"}, "423": {"deepseek": "[Neil J. Gordon, M.S. Arulampalam, T. Clapp]"}, "424": {"deepseek": "[Longcheng Liu, Jianzhong Zhang, Enyu Yao, Biao Wu]"}, "425": {"deepseek": "[Marc Peeters]"}, "426": {"deepseek": "[Bart Baesens, Karel Dejaeger, Leandro L. Minku]"}, "427": {"deepseek": "[Huseyin Cavusoglu, Lara Khansa, Xing Gao, Erez Zadok]"}, "428": {"deepseek": "[Iryna Gurevych, John P. McCrae, Philipp Cimiano, Judith Eckle-Kohler, Daan Broeder]"}, "429": {"deepseek": "[Ruth Breu, Rafael Accorsi]"}, "430": {"deepseek": "[Thomas Kunz, Bhaskar Krishnamachari]"}, "431": {"deepseek": "[Mario Piattini, Paolo Giorgini, Yijun Yu, Guttorm Sindre, Federica Paci]"}, "432": {"deepseek": "[Mark A. Paskin]"}, "433": {"deepseek": "[Eni G. Njoku, Jeffrey R. Piepmeier]"}, "434": {"deepseek": "[Gerard J. M. Smit, Michel A. J. Rosien]"}, "435": {"deepseek": "[Tanumay Datta, N. Srinidhi, Kenta Kasai, Anupap Meesomboon, B.S. Rajan]"}, "436": {"deepseek": "[Gustavo Rossi, Stefano Ceri, Marino Linaje, Maristella Matera, Claudio Greppi, Joan Fons, Marco Brambilla]"}, "437": {"deepseek": "[Cheng-Wen Wu, Jen-Chieh Yeh, Rei-Fu Huang, Chih-Wea Wang, Chi-Feng Wu, Chih-Tsun Huang, Chin-Lung Su, Nicholas Axelos, TingTing Hwang, Igor Loi, Nor Zaidi Haron, So-Ra Kim, Chuang Cheng, Rayhawk, Qiang Xu]"}, "438": {"deepseek": "[Ramesh Raskar, Christin Seifert, Gerald Fritz, Thomas Willwacher, David G. Lowe, Radek Grzeszczuk, Benjamnin Brombach, Thanos Bismpigiannis]"}, "439": {"deepseek": "[Jun Wang, Min Wu, Huaguang Zhang, Yong He, Guo-Ping Liu, Jin-Hua She, Baoyong Zhang, Ryuichi Yokoyama, Chuan-Ke Zhang]"}, "440": {"deepseek": "[Kamal Al Nasr, Wah Chiu, Helen M. Berman, Richard Newman, Ian Rees]"}, "441": {"deepseek": "[Hubert Emptoz, R. Manmatha, Kengo Terasawa, Andreas Fischer, Florent Perronnin, Toni M. Rath, Jose A. Rodriguez-Serrano, St\u00e9phane Bres]"}, "442": {"deepseek": "[Mai Vu, Luxi Yang, Adrian Ispas]"}, "443": {"deepseek": "[Soo Ho Chang, Marek Hatala, Jin Sun Her, Yanlong Zhai]"}, "444": {"deepseek": "[Wei Hu, Fran\u00e7ois Scharffe, Ond\u0159ej \u0160v\u00e1b-Zamazal, Juan Pane, Francisco M. Couto, Jan Noessner, Vojt\u02c7ech Sv\u00e1tek]"}, "445": {"deepseek": "[Pawe\u0142 Filipczuk, Marek Kowal, J\u00f3zef Korbicz]"}, "446": {"deepseek": "[Tetsuo Tomiyama, Yoshiki Shimomura]"}, "447": {"deepseek": "[Michal Pluhacek, Zuzana Kominkova Oplatkova, Srinivas Palanki, Dominique Bonvin]"}, "448": {"deepseek": "[Yuming Jiang, Chuang Lin, Dacheng Yang, Lin Sang, Florin Ciucu, Zhidu Li]"}, "449": {"deepseek": "[Aylin Yener, Bahareh Akhbari]"}, "450": {"deepseek": "[Mitsuo Gen]"}, "451": {"deepseek": "[Josep Llad\u00f3s, Umapada Pal, Jihad El-Sana, Laurence Likforman-Sulem, Abderrazak Zahour, Raid Saabni]"}, "452": {"deepseek": "[Norihiro Hagita, Hiroshi Ishiguro, Shuyin Li]"}, "453": {"deepseek": "[Eva Onaindia, Luis Castillo, Derek Long]"}, "454": {"deepseek": "[Mahadev Satyanarayanan]"}, "455": {"deepseek": "[Giovanni Righini, Yuvraj Gajpal]"}, "456": {"deepseek": "[Wei-Hung Lin]"}, "457": {"deepseek": "To find the common neighbors of Jung Je Son and Tae Ok Kim, we need to identify the authors who are connected to both of them in the network. Here are the collaborations for each author:\n\n- Jung Je Son: Bong Dae Choi, Shunfu Jin, Sangkyu Baek, Kyung Jae Kim, Yan Zhang, Eunju Hwang\n- Tae Ok Kim: Bong Dae Choi, Giuseppe Bianchi, Jin Soo Park, Kyung Jae Kim\n\nThe common neighbors are the authors who appear in both lists:\n\n- Bong Dae Choi\n- Kyung Jae Kim\n\nTherefore, the common neighbors of Jung Je Son and Tae Ok Kim are: [Bong Dae Choi, Kyung Jae Kim]"}, "458": {"deepseek": "[David C. Schwartz, Mihai Pop, Yi Yang]"}, "459": {"deepseek": "[Marianne Winslett, Nicola Zannone, Daniel Olmedilla, Ninghui Li, Adam J. Lee, Sandro Etalle, Daniel Trivellato]"}, "460": {"deepseek": "[Peter Stone]"}, "461": {"deepseek": "[Dan Boneh, Rong-Jaye Chen, Fu-Kuo Tseng]"}, "462": {"deepseek": "[Ian T. Foster, Kuan-Ching Li, Wen-Chung Shih, Po-Chi Shih, Cheng-Fang Lin, Sung-Yi Chen, Tsui-Ting Chen]"}, "463": {"deepseek": "[\u00c1lvaro F. Moreira, Carlo Zaniolo, Marco Mesiti, Nina Edelweiss, Fabio Grandi]"}, "464": {"deepseek": "[Gokul Kumar, David Z. Pan]"}, "465": {"deepseek": "[Petros Elia, Jean-Claude Belfiore, Emanuele Viterbo, Chau Yuen, Babak Hassibi, Gregory W. Wornell, K. Azarian, Sara Teodoro, Yong Liang Guan]"}, "466": {"deepseek": "[Hideo Fujiwara, Giorgio Di Natale]"}, "467": {"deepseek": "[Aristidis Likas]"}, "468": {"deepseek": "[Chunming Tang, Guang Gong, Nian Li, Alexander Kholosha, Cunsheng Ding, Xiwang Cao, Anne Canteaut, Chengju Li, Jin Li, Matthew K. Franklin, Craig Gentry]"}, "469": {"deepseek": "[Franco Tecchia, Susan R. Fussell, Bruce H. Thomas]"}, "470": {"deepseek": "[Joel H. Saltz, Tahsin M. Kur\u00e7]"}, "471": {"deepseek": "[Wen Gao, Xuelong Li, Kaiming He, C.-C. Jay Kuo, King Ngi Ngan, Hongliang Li]"}, "472": {"deepseek": "[Jingtao Yao, Jerzy W. Grzymala-Busse, Malcolm James Beynon, Yuhua Qian]"}, "473": {"deepseek": "[Xiang Chen]"}, "474": {"deepseek": "[James F. Courtney, Robert I. M. Young, Falko Kuester, Jason Leigh, Alex H. B. Duffy, Steve Culley, Iain Boyle, Javier I. Girado]"}, "475": {"deepseek": "[Simon Harding, Julian F. Miller]"}, "476": {"deepseek": "[Stefan Paulus, Heiner Kuhlmann]"}, "477": {"deepseek": "[Mike P. Papazoglou]"}, "478": {"deepseek": "[Nikolaos Efthymiopoulos, Maria Efthymiopoulou]"}, "479": {"deepseek": "[Erik Jan Marinissen]"}, "480": {"deepseek": "[Jo\u00e3o Paulo Teixeira, M. B. Santos, Fabian Vargas, Isabel C. Teixeira, J. Semiao, Adriel Ziesemer, Carlos Leong, Bo Yang]"}, "481": {"deepseek": "[Tomasz Kornuta, Cezary Zieli\u0144ski, Tomasz Winiarski]"}, "482": {"deepseek": "[James J. Cimino, Vimla L. Patel, Suzanne Bakken, Sarah A. Collins, David R. Kaufman]"}, "483": {"deepseek": "[Jie Sun, Michel Th\u00e9ra, Yiran He, Jane J. Ye]"}, "484": {"deepseek": "[Derek Bingham, Gagan Agrawal, Kesheng Wu, Yu Su]"}, "485": {"deepseek": "[Michael Massimi, Kori Inkpen, Rachel Clarke]"}, "486": {"deepseek": "[Muhammad Farooq, Jaijeet S. Roychowdhury]"}, "487": {"deepseek": "[Craig A. Stewart, Eric Coulter]"}, "488": {"deepseek": "[Robert Stevens, Erick Antezana, Michel Dumontier]"}, "489": {"deepseek": "[Niels Grabe, Hartmut Dickhaus]"}, "490": {"deepseek": "[Zhanhuai Li, Gao Cong, Philip S. Yu, Mohammed J. Zaki, Anthony K. H. Tung, Balaram Bhattacharyya]"}, "491": {"deepseek": "To find the common neighbors of Jian Sun and Szymon Rusinkiewicz, we need to identify the authors who are connected to both Jian Sun and Szymon Rusinkiewicz in the network.\n\nFrom the given collaborations:\n- Jian Sun is connected to: Mikhail Belkin, Partha Niyogi, Szymon Rusinkiewicz, Marc Alexa, Olga Sorkine, Tamal K. Dey, Yusu Wang, Ariel Shamir, Bruno L\u00e9vy, Bo Du, Karthik Ramani.\n- Szymon Rusinkiewicz is connected to: Jian Sun, Marc Alexa, Olga Sorkine, Ariel Shamir, Karthik Ramani, Ladislav Kavan, Bruno L\u00e9vy.\n\nComparing the lists of connections for Jian Sun and Szymon Rusinkiewicz, the common neighbors are:\n- Marc Alexa\n- Olga Sorkine\n- Ariel Shamir\n- Bruno L\u00e9vy\n- Karthik Ramani\n\nTherefore, the common neighbors of Jian Sun and Szymon Rusinkiewicz are: [Marc Alexa, Olga Sorkine, Ariel Shamir, Bruno L\u00e9vy, Karthik Ramani]."}, "492": {"deepseek": "[Ming C. Lin, Lakulish Antani, Ravish Mehra, Anish Chandak, Christian Lauterbach]"}, "493": {"deepseek": "[Igor L. Markov, Fadi A. Aloul, Karem A. Sakallah]"}, "494": {"deepseek": "[Christophe Lohr, Jean-Pierre Courtiat, Ludovic Apvrille, Pierre de Saqui-Sannes, J.-P. Courtiat, P. de Saqui-Sannes]"}, "495": {"deepseek": "[Ding-Ming Kwai, Yuan Xie, Gabriel H. Loh, Sung Kyu Lim, Cheng-Wen Wu]"}, "496": {"deepseek": "[Fausto Guzzetti, Gianfranco Fornaro, E. Sansosti, Sandro Moretti]"}, "497": {"deepseek": "[Peter Stanchev, Jo\u00e3o Gra\u00e7a]"}, "498": {"deepseek": "[Yilong Yin, Gongping Yang, Lu Yang, Ju Cheng Yang, Shan Juan Xie, Dong Sun Park, Xiaoming Xi, Naoto Miura, Takafumi Miyatake, Ramachandra Raghavendra]"}, "499": {"deepseek": "[Wei Wang, Jun Zhao, Gang Feng, Lijun Long, Andrew R. Teel]"}}