{"0": {"gemma": "[Veronica Garcia, Katherine Brennan, Angel Chavez, Steven Martin, Brett Johnson, Megan Banks, Julia Dominguez, Rachel Mitchell]"}, "1": {"gemma": "[Michelle Nelson, Kevin Brooks, Eric Davis]"}, "2": {"gemma": "[Briana Bush, Jeffery Sanford, Christopher Decker, Mark Johnson, Shawn Grant]"}, "3": {"gemma": "[Monica Watkins, Cesar Byrd, Sarah Garza, Samantha Dickerson]"}, "4": {"gemma": "[Carolyn Hall, Judith James, Russell Russell, Jessica Alexander, Curtis Meza, Anne Cooper, Roger Martin]"}, "5": {"gemma": "[Jessica Sullivan, Valerie Patrick, Kathryn Castillo, Chad Stewart, Shelly White, Kendra Miller]"}, "6": {"gemma": "[Elizabeth Davenport, Thomas Duncan, Rebekah Brooks]"}, "7": {"gemma": "[Shelby Saunders, Robin Gray, Christina Marshall, Greg Kirk, Isabella Pratt]"}, "8": {"gemma": "[Kristi Morris, Michael Schwartz, Diane Humphrey, Tricia Wall, Daniel Rosario]"}, "9": {"gemma": "[David Jones, Renee Mitchell, Tanya Sanchez, Zachary Weber, Haley Dawson]"}, "10": {"gemma": "[Joshua Thomas, Rachel Frank, Michael Johnson, John Schultz, Morgan Barnes, Savannah Johnson, Jonathan Gonzalez, James Bowers, Kevin King, Peter Tapia]"}, "11": {"gemma": "[Kevin Bowen, Guy Gonzalez, Vincent Martinez, Rebecca Murray, Dr. Olivia Juarez]"}, "12": {"gemma": "[Margaret Morris, Barbara Garcia MD, Michael Hernandez, Natasha Robinson, Amy Gentry, Deborah Bates, Dominique Rodriguez]"}, "13": {"gemma": "[Dr. Elizabeth Sullivan, Brian Wright, Haley Berry, Derek Morales]"}, "14": {"gemma": "[Robert Bell, Ashley Williams, Stephanie Collier, Patrick Hoffman, Miss Heather Ware]"}, "15": {"gemma": "[Joseph Bowman, Jamie Garcia, Marilyn Simmons, Shelley Jones, Allison Alvarez, Michael Stevens, Troy Butler]"}, "16": {"gemma": "[Ronald Cervantes, Courtney Willis, Paul Davis, Jeffery Smith, Karen Lee]"}, "17": {"gemma": "[Kelsey Elliott, Jose Alexander, Susan Greene, Matthew Ball, Patrick Higgins, Richard Conrad, Michael Young, Derrick Jackson Jr.]"}, "18": {"gemma": "[Glenn Young, Crystal Campbell, Anna Green, Eric Coleman]"}, "19": {"gemma": "[Juan French, Dawn Doyle], [Todd Kramer, Tracy Bauer, Theresa Casey]"}, "20": {"gemma": "[Cynthia Kirk, Brian Cochran, Tina Howard, Maurice Miller, Jordan White]"}, "21": {"gemma": "[John Brown, Yvonne Bailey, Gregory Harper, Brandon Mendez, Hannah Dean, Zachary Cannon]"}, "22": {"gemma": "[Heather Barrett, Wendy Williams, Zachary Potter, Amy Watson]"}, "23": {"gemma": "[Heidi Kennedy, Joseph Martinez, Robert Mullins, Kristen Gutierrez]"}, "24": {"gemma": "[Jonathan Santiago, Kristen Gardner, Daniel Jenkins, Leslie Johnson]"}, "25": {"gemma": "[Christopher Williams, Elizabeth Jones, Lauren Phillips, Michael Travis, Joseph Gilmore, Maria Lam, Alyssa Johnson, Nicholas Atkins]"}, "26": {"gemma": "[Steven Mills, Chad Olson, Derek Payne, Caitlin Bond]"}, "27": {"gemma": "[Mary Reynolds, Bryan Smith, Katelyn Watson, Michelle Walker]"}, "28": {"gemma": "[Lisa Henry, Michael Lee]"}, "29": {"gemma": "[Andrew Williams, Jennifer Andrews, Melissa Hill]"}, "30": {"gemma": "[Mark Thompson, Jill Brady, Jonathan Browning]"}, "31": {"gemma": "[Susan Moreno, Justin Washington, James Kline, Jessica Crane, Cameron Russell]"}, "32": {"gemma": "[Monica Stokes, Amber Andrews, Kenneth Powell, Gloria Galvan, Sandra James]"}, "33": {"gemma": "[Sarah Estrada, Brianna Anderson, Richard Kelley]"}, "34": {"gemma": "[Jasmine Quinn, Eric Miller, Amber Nelson, Andrew Evans, Michael Thompson]"}, "35": {"gemma": "[Lisa Boone, Tiffany Martinez, Kelly Carpenter, Brittany Hughes, Patricia Sullivan]"}, "36": {"gemma": "[Logan Sosa, Kathleen Murray, Alyssa Arnold, Brian Liu, William Powell]"}, "37": {"gemma": "[Laura Obrien, Lori Cohen, Kyle Estrada, Julie Frazier, Luis Webb, Kathleen Brown, Andrea Miller MD, Tiffany Mcdonald, Jeff Smith]"}, "38": {"gemma": "[Amy Garcia, Scott Herrera, Stacy Hernandez, Meagan Pierce]"}, "39": {"gemma": "[Jessica Martinez, Lisa Hernandez, Michael Patrick, Adam Gross]"}, "40": {"gemma": "[Cole Thompson, Jason Morales, Darius Stevens, Jamie King, Andrea Willis]"}, "41": {"gemma": "[William Walker, Tracy Brady, Michelle Gonzalez, Lauren Griffith, Madeline Wiggins]"}, "42": {"gemma": "[Lynn Weaver, Blake Long, Stacy Mahoney, Shawn Jones, Stephen Riggs, Ricardo Harris, Christopher Smith, Johnathan Nicholson]"}, "43": {"gemma": "[Michelle Vasquez, Scott Bryant, Destiny Miller, Christina Cantu, Jacob Powers]"}, "44": {"gemma": "[Chelsea Bryant, Dwayne West, Austin Mcknight, Jeremy Brown]"}, "45": {"gemma": "[Barry Fuentes, Maria Johnson, Tyler Perkins, Melinda Fisher, Kevin Miller]"}, "46": {"gemma": "[Seth Alexander, Christopher Cooley]"}, "47": {"gemma": "[Andrew Miller, Robert Johnston, Corey Benjamin, Jonathan Thompson, Peter Dixon]"}, "48": {"gemma": "[Haley Gomez, Crystal Johnson, Timothy Jones, Jason Barker]"}, "49": {"gemma": "[Christopher Stephens, Joyce Hanson, Amanda Estrada, Megan Campbell, Glenda Harvey]"}, "50": {"gemma": "[Michael Powell, Ian Henry, Susan Bowen, Craig Shaw, Carly King, Jennifer Lawrence, Jessica Gibson, Joshua Evans, Kathy Peterson, Justin Wilson IV]"}, "51": {"gemma": "[Samuel Patel, Cheyenne Peterson, Nicholas Wilkerson, Thomas Norman, Jennifer Koch]"}, "52": {"gemma": "[Katherine Chung, Debra Rosales, Mark Mason, Rebecca Harrington, Richard Bell]"}, "53": {"gemma": "[Catherine Stewart, Michele Johnson, Sarah Vaughan, Joanna Stevens, Amy Hill]"}, "54": {"gemma": "[Andres Hall, Stephen Valentine, Jennifer Owens, Annette Edwards, Aaron Thornton, Mark Greer, Gary Mills, Ashley Leonard, Kathy Tran, Daniel Knox]"}, "55": {"gemma": "[Christopher Shaw, Anthony Thompson, Gordon Thomas, Angela Smith]"}, "56": {"gemma": "[Marissa Watson, Jason Wilson, Amy Jones]"}, "57": {"gemma": "[Elizabeth Cruz, Justin Baxter, Wanda Smith, Betty Whitaker DDS, Chad Wilson, Anthony Dean, Jennifer Valdez PhD]"}, "58": {"gemma": "[Michael Page, Steven Peterson, Antonio Olson, Veronica Hunter]"}, "59": {"gemma": "[Amanda Garcia, Ethan Walter, Terry White, Linda Wong, Ray Morris]"}, "60": {"gemma": "[Crystal Underwood, Mr. Scott Mendoza, Christopher Coleman, Justin Walsh, Michael Johnson]"}, "61": {"gemma": "[Mark Hooper, Randy Ward, Travis Brandt DVM, Mike Santos, Jennifer Berg, Joshua Anderson, Sherri Jones, Anthony Perez]"}, "62": {"gemma": "[Matthew Holmes, Tara Lester, Jamie Strickland]"}, "63": {"gemma": "[Toni Calhoun, Tonya Russell, Laura Bailey, Ms. Bethany Waller]"}, "64": {"gemma": "[Angela Grant, Danielle Fox, Erin Washington]"}, "65": {"gemma": "[Catherine Miller, Brian Lewis, Stephanie Mueller, Hannah Randall, Tammy Martinez]"}, "66": {"gemma": "[Regina Simmons, Vincent Harris, Michael Stanton, Rachel Collins]"}, "67": {"gemma": "[Ann Roberts, Sara Lewis, Sheri Rowe, Garrett Hinton, Dustin Valdez DDS]"}, "68": {"gemma": "[Kim Roberts, Steven Lee, Matthew Ballard, David Lee, Charles Long]"}, "69": {"gemma": "[Sean Hall, Heather Torres, Jared Smith]"}, "70": {"gemma": "[Colleen Lee, Richard Soto, Timothy Stewart, Destiny Ramos, John Ali]"}, "71": {"gemma": "[Aaron Burke, Regina Simmons, Robert White, April Robertson, Anthony Jones, Michelle Davis, Brian Fernandez, Paul Mccoy, Chad Taylor, Christine Dixon, Jimmy Aguilar]"}, "72": {"gemma": "[Cindy Bennett, Matthew Harvey, Thomas Dougherty, Benjamin Dennis]"}, "73": {"gemma": "[Melissa Bauer, Samantha Baker, Nicole Moreno, Belinda Orozco, Walter Kidd, Betty Robinson, Lauren White]"}, "74": {"gemma": "[Lauren Thomas, Brandi Evans, Erika Davis]"}, "75": {"gemma": "[Sherry Ward, Jennifer Harrell, Anthony Rocha, Robert Avila]"}, "76": {"gemma": "[Pamela Burgess, Donald Ramsey, Christine Walker]"}, "77": {"gemma": "[Brandon Webster, Corey Bullock, Angela Carr, Thomas Carroll, Crystal Koch]"}, "78": {"gemma": "[Anna Adams PhD, Kathleen Perry, Debra Williams]"}, "79": {"gemma": "[Christopher Mercer, Pamela Lee]"}, "80": {"gemma": "[Jessica Hicks, Morgan Thompson]"}, "81": {"gemma": "[Ruben Randall, Thomas Steele, Jennifer Richardson]"}, "82": {"gemma": "[Andrea Stevenson, Anna Haynes, David Anderson, Andrew Huynh, Ryan Smith]"}, "83": {"gemma": "[Hector Mckinney, Megan Hamilton, James Russell, Ryan Holmes, Joseph Ayala, Alexis Thomas, Elizabeth Owen]"}, "84": {"gemma": "[Joseph Carter PhD, Craig Marshall, Christopher Rodriguez]"}, "85": {"gemma": "[Gina Nunez, Matthew Flores, Kristin Chapman, Nicole Santiago]"}, "86": {"gemma": "[Steven White, Joseph Day, Christopher Whitaker, Ellen Ross, Jason Salazar]"}, "87": {"gemma": "[Julia Oneill, Michael Green, Mary Williams, Melissa Wilcox, Randy Jones, Sarah Powell, Justin Cortez, Ricardo Harris, Ryan Beck, Anne Payne]"}, "88": {"gemma": "[Gregory Salinas, Jennifer Anderson MD, Kevin Rogers, Mckenzie Ponce]"}, "89": {"gemma": "[Justin Horton, Lauren Thomas, Sheila Peters, Nathan Jones, Jessica Rogers, Thomas Brown, Laurie Patterson, Allison Simpson]"}, "90": {"gemma": "[Regina Hill, Kenneth Harding]"}, "91": {"gemma": "[Michelle Kramer, Tyrone Kelley, Kelly Dominguez, Jessica Bennett]"}, "92": {"gemma": "[Heather Williams, Matthew Ryan, Wendy Huffman, Janice Little, Anthony Tyler]"}, "93": {"gemma": "[Timothy Torres, Bruce Graves, Barbara Walters, Jessica Taylor, Denise Harrington]"}, "94": {"gemma": "[Mr. Steven Arnold, Robert Hamilton, Jose Peters, Brittney Murphy]"}, "95": {"gemma": "[Alexandra Morales, Richard Santos, Kelly Carson, Jason Wong]"}, "96": {"gemma": "[Eric Sims, Shannon Barr, Michelle Simon]"}, "97": {"gemma": "[Lauren James, Brittany Sweeney, Tony Mcbride, Melvin Torres, Jane Green, Jasmine Fletcher, Ms. Erin Mendoza]"}, "98": {"gemma": "[Mr. Christopher Taylor, Jeffery Kane, Donna Jenkins, Jennifer Duncan]"}, "99": {"gemma": "[Kaitlin Baker, Michael Garcia, Mary Jones, Sandra Mcguire, Wanda Murphy]"}, "100": {"gemma": "[Jared Robles, Amy Moore, Jessica Chavez, Tyler Saunders MD, Benjamin Schroeder, Mrs. Jennifer Gregory]"}, "101": {"gemma": "[Brooke Sanchez, Mariah Smith, Michael Roman, Ray Sweeney, Steven Freeman, Sandy Mclaughlin, Christopher Anderson]"}, "102": {"gemma": "[Jason Macias, Victoria Kidd, Lindsey Wolf, Kim Ward, Fernando Gallegos]"}, "103": {"gemma": "[Ryan Sanchez, Jenna Farley, Derek Lopez, Gina Cruz, Albert Ritter, Chase Cohen, Timothy Perez]"}, "104": {"gemma": "[Jennifer Walker, John Frost, Mary Rasmussen, David Jones, Mr. Matthew Christian, Timothy Sanchez, Emma Stewart]"}, "105": {"gemma": "[Jerry Bowman, Nicole Henry, Eric Daniels, Kayla Bishop, Anne Salas, Ashley Davis, Kayla May, Jeremy Green, Jorge Brennan]"}, "106": {"gemma": "[Rebecca Gray, Lynn Cervantes, Jennifer Richardson, Alison Alexander, Larry Martinez, Jamie Carpenter, Manuel Lynch]"}, "107": {"gemma": "[Frank Mason, Christopher Fuentes]"}, "108": {"gemma": "[Robert Lewis, Erika Coleman, Kathleen Williams, Jenna Green]"}, "109": {"gemma": "[Brandy Mathis, Michael Roberts, Timothy Gonzalez, Jonathan Brown, Stephen Hess]"}, "110": {"gemma": "[Sandra Miller, Kelsey Mcgee, Patricia Miller, Bryan Stewart, John West, Tiffany Rowland]"}, "111": {"gemma": "[Kimberly Warren, Gene Bennett, Vincent Moore]"}, "112": {"gemma": "[Kimberly Reed, Robert Day, Chelsea Morrow, Johnny Thompson, Cameron Roberts, Samantha Harding]"}, "113": {"gemma": "[Sarah Nelson, Gabrielle Morrison, Paul Robinson, Timothy Gallagher]"}, "114": {"gemma": "[Benjamin Johnson, Kyle Larsen, Zachary Moore]"}, "115": {"gemma": "[Daniel Ellis, Matthew Schroeder, Jose Hamilton, Rebecca Sosa, Shannon Sanchez, Andrew Robertson, Lisa Rice, Christine Collins, Wendy Taylor, Sherry Ford, Patricia Walker]"}, "116": {"gemma": "[Jamie Oliver, Jessica Patel DDS, Brianna Jackson, William Collins, Martin Parker, Charles Sloan, Audrey Sharp]"}, "117": {"gemma": "[Barbara Warren, Mackenzie Adams, Jason Brown, Amanda Davis, Lindsay Smith, Michael Bishop]"}, "118": {"gemma": "[Gary Leon, Valerie Taylor, Michael Young]"}, "119": {"gemma": "[Ryan Lloyd, Debra Weiss, Melanie Kelly, Patrick Romero]"}, "120": {"gemma": "[Sara Ramirez, Anthony Wilson]"}, "121": {"gemma": "[Matthew Lawrence, Jordan Morgan MD, Michael Arroyo]"}, "122": {"gemma": "[Cynthia Smith, Jason Sanders, Nancy Lawrence, Anna Sullivan, Lori Chavez]"}, "123": {"gemma": "[Anthony Elliott, Mr. Thomas Ayala, Jessica Matthews, Pamela Johnson, Mark Elliott, Timothy Nunez, Emily Brock, Joseph Smith]"}, "124": {"gemma": "[Samuel Bell, Frank Brown, Carlos Kelly, Benjamin Wagner, Sara Shelton]"}, "125": {"gemma": "[Danielle Briggs, George Jimenez, Brandon Andrade, David Cook, Mark James, James Jackson, Deborah Wright, Jill Page]"}, "126": {"gemma": "[Craig Collins, Kiara Johnson, David Martin]"}, "127": {"gemma": "[Lee Jennings, Kim Griffith, Jonathan Rowe, Carolyn Rogers, Michelle Smith]"}, "128": {"gemma": "[Kristen Burns, Amanda Kidd, Evan Wright, Joshua Rivers]"}, "129": {"gemma": "[Steven Arias MD, Ashley Caldwell, Calvin Watson]"}, "130": {"gemma": "[Justin Walsh, Cheyenne Zamora, Sean Young]"}, "131": {"gemma": "[Amber Gillespie, Michael Baker, Joshua Kane, Victoria Williamson, Craig Murphy MD]"}, "132": {"gemma": "[Adam Sharp, Courtney Miller, Tyler Patterson, Jill Smith]"}, "133": {"gemma": "[Charles Hill, Amber Warren, Sarah Rodriguez, Jodi Davis, Caitlin Ballard]"}, "134": {"gemma": "[Richard Solis, Robert Fitzgerald, Kyle Best]"}, "135": {"gemma": "[Sharon Williamson, John Davis, Sarah Smith, Amanda Lucero, Anthony Daniel, Andrew Price, Shane Bowers, Jordan Downs, Timothy Moore, Melissa Farley]"}, "136": {"gemma": "[Bradley Roberts, Alexis Thomas, Vincent Fisher, Tim Gomez]"}, "137": {"gemma": "[Micheal Clark, Jodi Smith, Bryce Sanchez, Nina Guerrero, Shawn Kline]"}, "138": {"gemma": "[Brittany King, Chelsea Nguyen, Christopher Scott, Cristina Young, Gary Harris]"}, "139": {"gemma": "[Debbie Yates, Penny Kelley, Ryan Rodriguez, Antonio Singleton, Jesse Johnson, Stephanie Cortez, Mary Campbell]"}, "140": {"gemma": "[Courtney Escobar, Grant Murray, Edward Rangel, James Ware, Laura Lang]"}, "141": {"gemma": "[Noah Decker, Jonathan Beasley, Nicole Huynh, Ashley Collins]"}, "142": {"gemma": "[Susan Jennings, Joseph Wells, Jessica Hawkins, Jacqueline Perry, Lynn Hardy, Mary Scott]"}, "143": {"gemma": "[Susan Gomez, Jessica Brewer, Evelyn Franklin, Ryan Anderson, Jeffrey Yang]"}, "144": {"gemma": "[Lisa Douglas, Michelle Williams, Spencer Dean, Janet Collins, Maurice Francis]"}, "145": {"gemma": "[David Dalton, Alisha Clarke, Rebecca Randall]"}, "146": {"gemma": "[Matthew Irwin, Stacey Owens, Alex Jones, William Lee]"}, "147": {"gemma": "[Lee Espinoza, Thomas Moyer, Jeremy Leon, Jody Martinez, Courtney Harris, Sean Hunter, Henry Lee, James Brown, Steven Fox, Theresa Scott, Joe Brown, John Mills, Michael Harmon]"}, "148": {"gemma": "[Dylan Foster, Joseph Williams, Tyler Hansen DDS]"}, "149": {"gemma": "[Mark Payne, Ashley Gray, Amanda Thomas, Tyler Keller, Roberta Smith]"}, "150": {"gemma": "[Peter May, Brandon Tucker, Dana Roberts, Leah Mahoney]"}, "151": {"gemma": "[Corey Rogers, Nathaniel Craig, Sara Jones, Diana Lara, Kyle Davila, Philip Shepherd]"}, "152": {"gemma": "[Terry Weber, Sharon Garza, Tony Willis, Rebecca Norman]"}, "153": {"gemma": "[Maria Luna, Rebecca Jones, David Barber]"}, "154": {"gemma": "[Kristen Douglas, Michael Gay, Gina Anderson]"}, "155": {"gemma": "[Gregory Summers, Stephanie Cordova, Jennifer Hurst, Joseph Mcguire, Charles Davis, Perry Holt, Amber Thompson, Alyssa Rodriguez DVM, Darlene Boone, Danielle Cantrell, Sophia Smith]"}, "156": {"gemma": "[Amy Smith, David Robbins, Mark Anderson, Kimberly Olsen, Richard Santana]"}, "157": {"gemma": "[Elizabeth Hurst, Thomas Kennedy, Anthony Nguyen, Amy Odonnell, Diane Jimenez, Jodi Gibson, Charles Meyer, Deborah Bowman, Dalton Morrison]"}, "158": {"gemma": "[Dana Harrison, Dean Zimmerman, Ashley Bell, Christopher Ramirez, Bethany Price]"}, "159": {"gemma": "[Ryan Foster, John Savage, Mark Barnes, Holly Smith, Christina Singh]"}, "160": {"gemma": "[Dorothy Miller, Julie Pearson, Ashley Garcia, Ruben Simmons, Nancy Scott, Brittney Fernandez, Mary Jackson, Kathy Warner, Chelsea Mitchell, Jon Marshall, Allison Mason, Elizabeth Kirk, Danielle Griffin]"}, "161": {"gemma": "[Tammy Burgess, James Aguirre, Anthony Kelley, Sarah Morales]"}, "162": {"gemma": "[Lori Campbell, Michelle Sandoval, Heather Smith, Jamie Scott]"}, "163": {"gemma": "[Laura Meyers, John Hart, Linda Ramos, Jennifer Hardin, Christy Hudson, Melissa Coleman, Robert Church, Brian Shaw]"}, "164": {"gemma": "[Mary Preston, Kimberly Huynh, Alexandra Carey, James Taylor, Victor Morgan]"}, "165": {"gemma": "[Angela Jimenez, Heather Ortiz, Dylan Ball, Alfred Williams]"}, "166": {"gemma": "[Kimberly Peterson MD, Kim Garcia, Jocelyn Wang, Steven Miller, Kayla Hall]"}, "167": {"gemma": "[Joan Shields, Kelsey Morgan, Robert Sanchez]"}, "168": {"gemma": "[Eric Dawson, Ronald Melton, James Thomas, Frank Abbott, Jennifer Romero, Darrell May, Kathy Williams]"}, "169": {"gemma": "[Jason Brown, Mr. Mitchell Johnson DDS, Heather Rhodes, Lori Curry, Shirley Morrison, Kathryn Williamson, Gerald Wells, Melissa Morrow]"}, "170": {"gemma": "[Michael Rowland, James Velazquez, Catherine Goodwin, Michael Dixon, Angela Reid]"}, "171": {"gemma": "[Duane Hall, Ellen Welch, Ms. Cynthia Bell, James Johnson]"}, "172": {"gemma": "[Kristen Long, Brandon Tucker, Dustin Lucas, Nicole Williams]"}, "173": {"gemma": "[Nathan Allison, Susan Austin, Joyce Jones, Kelly Ford, Holly Wilson, Christopher Harding, Sara George]"}, "174": {"gemma": "[Joseph Patterson, Vincent Price, Gregory Clark, Melissa Cook]"}, "175": {"gemma": "[Destiny Simpson, Cheryl Prince, Taylor Sanders, Cory Rosales, Melissa Martin, Jillian Burke]"}, "176": {"gemma": "[Raymond Carter, Joseph Schwartz, Debra Diaz, Christina Campbell, Rachel Durham]"}, "177": {"gemma": "[Alan Savage, Michael Collier, Erin Wise, Gina Horton, John Moore]"}, "178": {"gemma": "[Brandon Medina, Michael Ellis, David Miller, Kenneth Stein]"}, "179": {"gemma": "[Jenny Swanson, Anthony Smith]"}, "180": {"gemma": "[Gregory Hughes, Krystal Ford, Nicholas Roberson MD, Daniel Brown]"}, "181": {"gemma": "[Carol Horton, Mr. Cameron Joseph, Andrew Nelson, Laura Garcia, Bill Hall, Jacob Lynch, Bradley Barker, Paula Hester]"}, "182": {"gemma": "[Oscar Montgomery, Kristin Burgess, Mr. Joseph Sweeney, Jasmin Davila, Blake Banks, Kevin Richardson, Justin Graham, Erika Brown]"}, "183": {"gemma": "[Jeffery Choi, Michelle Holmes, Joseph Nguyen, Jessica Sanchez, Michelle Burnett, Mark George]"}, "184": {"gemma": "[Jason Kaufman, James Robles, Kevin Morrow, Daniel Jones, Nicole Watson, Alfred Lopez, Kellie Nguyen, Denise Clark, Sherri Bruce]"}, "185": {"gemma": "[Joshua Moore, Jennifer Vasquez, Jill Baker, Mr. Eric Mckay, David Vincent]"}, "186": {"gemma": "[Jose Carpenter, Stephanie Livingston, Meghan Elliott, Antonio Gutierrez]"}, "187": {"gemma": "[William Williams, Christopher Kaufman, William Hanna, Hannah Murphy]"}, "188": {"gemma": "[Steven Collins, Claudia Harris, Brenda Wilson, Stephen Mendoza]"}, "189": {"gemma": "[Sarah Blankenship, Laura Gordon, Jose Miller, Heidi Mcknight, Gary Martinez]"}, "190": {"gemma": "[Debra Greene, Robert Cowan, Michelle Moss, Joshua Jones, Margaret Wilson, Brian Carlson]"}, "191": {"gemma": "[Daniel Cantu, Anthony Carlson, Shelley Oconnell, Michele Stephens, Jorge Reyes]"}, "192": {"gemma": "[Elizabeth Washington, Gregory Olson MD, Crystal Mathews, Erik Sanchez]"}, "193": {"gemma": "[Michelle Hernandez, Jill Garrett, Samuel Clark, Bethany Leonard]"}, "194": {"gemma": "[Julia Phillips, Joshua Mccoy, Rachel Johnson, Jeremy Pace, Jeremiah Mason MD]"}, "195": {"gemma": "[Nicholas Mitchell, Aaron Baldwin, Michael Allen], [Jennifer Peters, Ryan Thornton, Stephanie Cruz, Jacob Lee], [Vincent Ruiz]"}, "196": {"gemma": "[Walter Meyer, Stephanie Bean, Brittany Burgess, Elizabeth Mullen, John Cunningham]"}, "197": {"gemma": "[Marisa Jackson, Sean Moreno, Brandy Conner, Lauren Barajas]"}, "198": {"gemma": "[Cynthia Buck, Andrew Kennedy]"}, "199": {"gemma": "[Jeremy Wagner, Mark Hickman, Mrs. Breanna Wheeler]"}, "200": {"gemma": "[Catherine Smith, Thomas Zamora, Brian Peterson, Kimberly Flores, Nathan Rangel]"}, "201": {"gemma": "[Desiree Johns, Ashley Jackson, Jordan Doyle, Veronica Henderson, Kimberly Contreras, Andrew Soto, Cathy Graham, Jessica Miller, Nicole Guerra]"}, "202": {"gemma": "[Paul Williams, Tanya Bernard, Jennifer Chaney, Jeffrey Curry, Sue Schmitt]"}, "203": {"gemma": "[Patricia Castro, Stephen Williams, Sarah Massey, Stephanie Fernandez, Mary Lloyd DDS]"}, "204": {"gemma": "[Roberta Jacobson, Sarah Callahan, Samuel Henderson]"}, "205": {"gemma": "[Sandra Thomas, Megan Brandt, Charles Mann]"}, "206": {"gemma": "[Kimberly Hill, James Mcdonald, Corey Higgins, Jessica Jones, Patricia Thompson, Yolanda Becker, Dwayne Anderson, Lisa Wood, Kenneth Turner]"}, "207": {"gemma": "[Anna Griffin, Katie Leblanc, April White, Benjamin Taylor, Rachel Valdez]"}, "208": {"gemma": "[Travis Williams, Christopher Olsen, John Robles, Elizabeth Turner, Adam Johnson, Brandon Russell, Matthew Goodman, Cory Jones, Michael Anderson]"}, "209": {"gemma": "[Janice Davidson, Christopher Harrington, Paul Stevenson, Daniel Parker]"}, "210": {"gemma": "[Heidi Perez, Brett Arnold, Bryce Moss, Amy Massey, Wendy Miller]"}, "211": {"gemma": "[Xavier Mitchell, Shannon Osborne, Kathleen Mason]"}, "212": {"gemma": "[Christopher Blake, Lauren Ross, Dustin Lee, Brittany Hawkins]"}, "213": {"gemma": "[Ethan Mcdaniel, Sara Hamilton, Taylor Crawford, Amanda Mcmahon, Thomas Kennedy]"}, "214": {"gemma": "[Brianna Jackson, Paul Rodriguez, Lucas Madden]"}, "215": {"gemma": "[Erica Bates, Jessica Parker, Rebekah Lee, Amy Johnson]"}, "216": {"gemma": "[David Nelson, Joseph Smith, Madeline Collier, Jennifer Ramos, Sarah Patton]"}, "217": {"gemma": "[Andrew Roberts, Tanya Nolan, Melinda Cameron, Pamela Jones, James Collins, Anthony Lynch, Amy Jones, Pamela Everett]"}, "218": {"gemma": "[Harry Smith, Michael Maddox, Anthony Bryan, Thomas Stevens, Daniel Nicholson, Jessica Bishop, Shannon Mendez, Ricardo Lee]"}, "219": {"gemma": "[Daniel Hunter, Katherine Gomez, Kevin Turner, Deborah Torres]"}, "220": {"gemma": "[Brian Barrera, Rebecca Rhodes, Sean Torres, Frank Howard, Christina Singleton]"}, "221": {"gemma": "[Erin Guerra, Lisa Taylor, Sandra Anderson, David Gonzales, Jonathan Benitez, Janet Beltran, Heather Thompson, Beth Vega, Joel Dalton, Susan Mitchell DDS, Colton Guzman, Misty Beck]"}, "222": {"gemma": "[Crystal Chavez, Joseph Parker, Martin Gallegos, Brent Lewis Jr., Adam Brewer]"}, "223": {"gemma": "[Danielle Pearson, John Cain, Nicholas Heath, Kimberly Bolton, Robert Villanueva, Steven Hart, Regina Le]"}, "224": {"gemma": "[Michael Moore, Katherine Dunn, James Parsons, Stephanie Salinas, Douglas Zavala, Brian Murray, Jeffrey Garcia, Jessica Curtis, Teresa Jordan, Madison White MD, Lisa Smith]"}, "225": {"gemma": "[Melissa Hawkins, Tracy Richardson, Jason Jenkins]"}, "226": {"gemma": "[Ryan Cameron, Michelle Medina, Ethan Thompson, Carrie Walsh, Marc Merritt]"}, "227": {"gemma": "[Phillip Simon, Mr. Thomas Villarreal, Darren Powers]"}, "228": {"gemma": "[Antonio Sims, Julian Harmon, Jennifer Lopez, John Johnson, Daniel Wells]"}, "229": {"gemma": "[Diane Hansen, Daniel Estrada, Matthew Beck]"}, "230": {"gemma": "[Jason Morris, Mr. Dale Allen, Gary Combs, Kiara Snyder, Jessica Osborne, Kayla Weeks DDS]"}, "231": {"gemma": "[Joseph Miller, Catherine Johnson, Kari Lawson, Dawn Contreras, Brian Boyd]"}, "232": {"gemma": "[Dean Johnson, James Brooks, Zachary Hall]"}, "233": {"gemma": "[Ashley Martin, Lori Jones, Rebekah Sanders, Douglas Martinez, Alfred Williams]"}, "234": {"gemma": "[Jessica Griffin, Alicia Stephenson, Miss Tamara Blackwell, Robert Gaines, Laura Evans, Tiffany Alexander, Christopher Boyle, Kaitlin Clayton, Jimmy Craig]"}, "235": {"gemma": "[Christopher Johnson, James Rodriguez, Jordan Garza, Peter Peters, Nathaniel Baxter, Caroline Bell, Victoria Olson, Nicholas Parrish]"}, "236": {"gemma": "[Rebecca Medina, Michelle Ray, Destiny Reyes], [Jennifer Pierce, Mr. Adrian Hayes]"}, "237": {"gemma": "[Francisco Perez, Joanna Baker, Rebecca Page, Kimberly Irwin]"}, "238": {"gemma": "[Kendra Weaver, Julia Bond]"}, "239": {"gemma": "[Nicole Graham, Kimberly Aguilar, Michael Marsh, Beth Rodriguez, Deborah Williams]"}, "240": {"gemma": "[Duane Schaefer, David Dunn, Connor Davis, Rachel Johnson, Michael Ramsey]"}, "241": {"gemma": "[Amy Perez, Kelly Warren, Christine Watson, Donald Jones, Joseph Griffin, Stephanie Hughes, Roy Allen, Alison Moran]"}, "242": {"gemma": "[Alison Chan, Joshua Pennington, David Castro, Erik Cline, Alice Newman]"}, "243": {"gemma": "[Robert Weeks, Phillip Carr, Yolanda Smith, Jessica Perez]"}, "244": {"gemma": "[Robert Fitzgerald, James Morgan, Ryan Gibson, Jennifer Gonzales]"}, "245": {"gemma": "[Jacob Graves, George Nunez, William Ortiz, Dwayne Lam, Ricardo Johnson, Jeremy Jackson, Molly Le]"}, "246": {"gemma": "[Robert Turner, Gary Bowman, Donna Wheeler, Joseph Hill]"}, "247": {"gemma": "[Kimberly Lewis, Angela Smith, Julie Davis, Jason Perry]"}, "248": {"gemma": "[Christopher Knight, Kevin Myers, Megan Hernandez, Barbara Clark]"}, "249": {"gemma": "[Dakota Johnson, George Stephens, Christine Gray]"}, "250": {"gemma": "[Matthew Lewis, Joseph Crawford, Wanda Smith, Larry Ingram, Tracy Conrad, Jade Williams]"}, "251": {"gemma": "[Donna Freeman, Alexander Jones, Kevin Frey, Deanna Kelly]"}, "252": {"gemma": "[Todd Oconnor, Brandon Abbott, Ashley Jackson, Daniel Wright]"}, "253": {"gemma": "[Michael Rhodes, Timothy Bennett, Christina Lopez, Sarah Robinson, Mark Parker, Joshua Carrillo]"}, "254": {"gemma": "[Gina Baker, Jennifer Scott, Amy Montgomery, Susan Anderson]"}, "255": {"gemma": "[Leah Rivera, Anna Hubbard, Jeffrey Martin, Kelly Sanchez, Michael English]"}, "256": {"gemma": "[Deanna Smith, Connie Gordon, Christopher Porter, Leah Shepard]"}, "257": {"gemma": "[Morgan Oconnor, Diana Bartlett, Jonathan Parsons, Allen Nash]"}, "258": {"gemma": "[Stacey Wright, Bradley Wilson, David English, Kenneth Haynes MD, Nicole Bailey, Austin Cruz, Rachel Davila, Phillip Parker]"}, "259": {"gemma": "[Jessica Silva, Billy Lang, Caleb Curtis, Roger Casey]"}, "260": {"gemma": "[David Taylor, Matthew Keith, Paul Rodriguez]"}, "261": {"gemma": "[Thomas David, Melissa Brown, Joshua Martinez, Rachel Simpson, Nicole Pratt]"}, "262": {"gemma": "[Lori Bell, Jessica Perry, Sarah Mendez]"}, "263": {"gemma": "[James Marquez, Matthew Pierce, Cynthia Johnson]"}, "264": {"gemma": "[Eric Taylor PhD, Rhonda Jimenez, Kevin Mclaughlin, Michael Stein, Alice Silva, Joshua Zhang, Lisa Lee, Crystal Mcdonald, Sandra Sellers, Robert Moore]"}, "265": {"gemma": "[Mr. Jimmy Garcia, Tracy Wong, Jason Schneider, Carmen Brown, Joseph Hayes]"}, "266": {"gemma": "[John Huffman, Mercedes Powell, James Riley, Traci Woods]"}, "267": {"gemma": "[Dwayne Mason, Roberto Strickland, Christina Torres, Shirley Hernandez]"}, "268": {"gemma": "[Maria Wade, Jerry Smith, Bradley Smith, Dustin Acosta, Jon Hoffman, Brent Garcia, Jesse Armstrong]"}, "269": {"gemma": "[David Moore, Antonio Lucas, Deborah Perkins, Julie Escobar]"}, "270": {"gemma": "[Deborah Williams, Ashley James, Brenda Hart, Kenneth Newman, Jorge Lewis]"}, "271": {"gemma": "[Noah Flores, Madeline Morales, Nicholas Mcintyre, Dr. Andrew Thomas, Eric Rowland, Edwin Ross, Justin Hoffman, Catherine Kelley, Michelle Santana, Andrea Thomas, Denise Hernandez]"}, "272": {"gemma": "[Eric Cantrell, Crystal Gentry, Elizabeth Luna, Lisa Frazier, Dr. Benjamin Byrd, Megan Watkins]"}, "273": {"gemma": "[Rita Green, Jessica Hall, Kathleen White]"}, "274": {"gemma": "[Edwin Walters, Jonathan Rivera, Michelle Moore, Jessica Brown, Chris Stein, Carolyn Barrett, Brandi Duncan, Kathryn Jones, Emma Paul, Mark Martinez, Paul Valencia]"}, "275": {"gemma": "[Scott Harper DDS, Elizabeth Howard, Laura Bailey, Christopher Williams]"}, "276": {"gemma": "[David Everett, Kenneth Caldwell, Laura Ford, Joseph Roberts, Maria Thompson, Karina Perry, Peter Frye, Jennifer Orozco, Robert Hubbard, Linda Haney, Jacob Powell]"}, "277": {"gemma": "[Tanya Nicholson, Nicole Hickman, Carol Mclean], [Karen Thompson, Joseph Knight]"}, "278": {"gemma": "[William Glover, Mark Joseph, Lisa Austin, Joshua Carter, Jamie Delgado, Jeffrey Novak]"}, "279": {"gemma": "[Jamie Larsen, Raymond Jones, Rachel Patton, George Bell]"}, "280": {"gemma": "[Mrs. Sandra Best, Rachel Bailey]"}, "281": {"gemma": "[Jeffrey Watson, Kelly Ritter, Matthew Fischer, Amy Diaz]"}, "282": {"gemma": "[Bridget Reid, Andrew Tyler, Daniel Williams, Karen Johnson, Michelle Waller]"}, "283": {"gemma": "[Shawn Webster, Kenneth Rogers, Jessica Logan, Sandra Dominguez]"}, "284": {"gemma": "[Heather Davis, Donald Fuller, Kim Nelson, Jeffery Anderson, Gina Flowers, Jessica Michael]"}, "285": {"gemma": "[Katherine Anderson, Sheri Kaiser, Kayla Webster]"}, "286": {"gemma": "[Barbara Higgins, Joseph Blake, John Sullivan, Jessica Brown, Monica Carroll, Miss Audrey Miller]"}, "287": {"gemma": "[Gary Green, Karen Gonzalez, Kelsey Valenzuela, Loretta Foster, Dr. Maria Johnston]"}, "288": {"gemma": "[Elizabeth Mcdowell, Jose Burnett, Allison Sanders], [Mary Mckinney, Michael Casey]"}, "289": {"gemma": "[Karen Martin, Sarah Smith, Ellen Christian, Austin Tran, Carrie Richards, Rhonda Ross]"}, "290": {"gemma": "[Anthony Cook, Hannah Escobar, Victoria Rojas, Meagan Soto, Benjamin Williams, Duane Thompson, Ann Ortiz]"}, "291": {"gemma": "[Christina Garcia, Kelly Lynch, Todd Riddle, Holly Carlson]"}, "292": {"gemma": "[John Charles, David Chavez, Wendy Huffman, Jennifer Taylor, Angela Klein, Cynthia Gonzalez]"}, "293": {"gemma": "[Jacqueline Williams, Angela Acosta, Kevin Scott, Michael Ferguson]"}, "294": {"gemma": "[Alicia Morgan, Erin Rocha, Mary Medina], [Robert Fischer, Sharon Taylor, Douglas Jimenez]"}, "295": {"gemma": "[Roy Gonzales, Jerome Franco, Christopher Thompson, Marcus Riggs]"}, "296": {"gemma": "[Eric Wood, Michelle Rivera, Barbara Randolph]"}, "297": {"gemma": "[Olivia Patel, Walter Chavez, Jenna Holland]"}, "298": {"gemma": "[William Miller, Julie Roberts, Michele Meyer, Dr. Kathryn Perkins]"}, "299": {"gemma": "[Anita Pierce, Sharon Rose, Katie Kim, Cindy Morton, Nancy Strong]"}, "300": {"gemma": "[Kevin Brown, Leslie Russo, David Miller, Jo Dorsey, Wesley Barnett, Katherine Williams, Jared Hart, Heather Brady, David Baker, Lauren Blair]"}, "301": {"gemma": "[John Singh PhD, Larry Parks, Jeffrey Macdonald, Steve Wang, Dawn Perkins, Kim Graham, Peter Aguirre]"}, "302": {"gemma": "[David Williams, Raymond Olson, Peter Hayes, Mitchell Peterson, Michael House]"}, "303": {"gemma": "[Steven Wood, Samuel Mcconnell, Karen Johnson, Jane Conley MD]"}, "304": {"gemma": "[Kaitlin Thomas, Alexandra Reeves, Matthew Estrada, Melissa Farley]"}, "305": {"gemma": "[Jessica King MD, Alan Ross, Danielle Carson, Jeffery Williams, Christine Mitchell, Marisa Vaughan, Rachel Villa, Donna Duncan, Darrell Carter]"}, "306": {"gemma": "[Megan Hart, David Terry, Michelle Donovan, Nathan Savage]"}, "307": {"gemma": "[Brandon Morris, Alyssa Smith, Scott Carlson, Courtney Smith, Robert Carey]"}, "308": {"gemma": "[Daniel Nunez, Michelle Craig, Laura Hawkins, Dawn Henson, Julie James, Katherine Coleman, Nathaniel Anderson, Tracy Kelly]"}, "309": {"gemma": "[Elizabeth Bailey DDS, Andrew Neal, Jasmine Farmer, Kirk Mckinney, Robert King]"}, "310": {"gemma": "[Stephanie Mullins, Anthony Doyle, Shirley Rowe, Brian Rivera, Mark Baker]"}, "311": {"gemma": "[Sharon Jackson, Erin Orozco, Sara Diaz, Deborah Downs, Lori Anderson, Tiffany Williams]"}, "312": {"gemma": "[Rachel Griffin, Kayla Washington, Jordan Peterson, Gabrielle Little, Jennifer Perkins, Larry Johnson Jr.]"}, "313": {"gemma": "[Benjamin Williams, Douglas Martin, Caleb Garcia, Kimberly Jones]"}, "314": {"gemma": "[Wendy Green, George Wright, Jeremy Little]"}, "315": {"gemma": "[Thomas Young, Barbara Haynes, Theresa Mclaughlin, Christine Smith, Tracy Sanchez, Trevor Carlson, Pamela Powell, Hannah Myers, Dr. Kimberly Cook DDS, Nathan Molina, Terry Lee PhD]"}, "316": {"gemma": "[Madison Hughes, Sandra Farrell, Dominique Watkins, Derek Taylor, Joanna Simmons]"}, "317": {"gemma": "[Katherine Erickson, Edward Fritz, Leslie Garcia, Keith Cox, Cassie Barrett, Cynthia Thompson, Bruce Williams, Shawn Grant]"}, "318": {"gemma": "[Jennifer Lewis, Shelly Garcia, Leah Lane, Mr. Marcus Porter MD, Alexander Roberson]"}, "319": {"gemma": "[William Newman, Amy Joseph, Melissa Jordan, Andrew Cook, Rachel Brown, Sharon Martin]"}, "320": {"gemma": "[Mark Allen, Ruth Landry, William Colon, Karen Davis, Andre Dean]"}, "321": {"gemma": "[Angela Nguyen, David Murray, James Powers, Antonio Moore, Jamie Richmond, Gabriel Cole, Sarah Franklin, Samantha Murray]"}, "322": {"gemma": "[John Le, Christopher Durham, Brenda Norton, Andrew Salas, Catherine Chavez, Anthony Bennett]"}, "323": {"gemma": "[Sierra Vasquez, Tom Johnston, Jaime Taylor]"}, "324": {"gemma": "[Ian Stewart, Javier Howard, Kristina Manning, Denise Miller, Tiffany Santos]"}, "325": {"gemma": "[Alexandra Santiago, Madison Medina, Derrick Jones, Teresa Cooper, Annette Sanchez, Cheryl Richardson, Brian Jones]"}, "326": {"gemma": "[Natasha Weber, Adam Smith, Rose Moore]"}, "327": {"gemma": "[Mr. Eric Davis, Amber Wilson, Amanda Cooper]"}, "328": {"gemma": "[Jacqueline Davis DVM, Thomas Horne, Kiara Santana, Mary Daniels, Mr. William Merritt, Robert Sullivan, Jeremy Clark, Crystal Case, Michael Sanchez]"}, "329": {"gemma": "[Kyle Green, Justin Floyd, Olivia Carson, Mike Owen, Brian Wu]"}, "330": {"gemma": "[Brenda King, Rachel Steele, David Lucas, Kenneth Horne, Vanessa Parker]"}, "331": {"gemma": "[Shari Leonard, David Sutton, Andrew Berry, Jacob Rivera, Elizabeth Collins]"}, "332": {"gemma": "[Destiny Thompson, Ronald Bailey, Christopher Lowe]"}, "333": {"gemma": "[Brandy Jenkins, Angela Kane, Mary Jones]"}, "334": {"gemma": "[Tricia Frey, Kristopher Edwards, Carolyn Wilson, Haley Garza]"}, "335": {"gemma": "[Laura Riley, Megan Nelson, Joann Miller, Michael Patterson, Natalie Hensley]"}, "336": {"gemma": "[Jason Johnson, Amy Hernandez, Taylor Diaz, Angela Valdez, Ariel Hansen]"}, "337": {"gemma": "[Christian Trevino, Kristin Mitchell, William Anderson, Ann Johnson]"}, "338": {"gemma": "[Desiree Larson, Alexander Thompson, Scott Brown, Theresa Proctor, Holly Williams]"}, "339": {"gemma": "[Craig Peterson, Joshua Galloway, Ann White, John Taylor]"}, "340": {"gemma": "[Jocelyn Daniels, Larry Wheeler, Anthony Costa, Michelle Young, Lauren Johnson, Angela Walsh, Gregory Peterson, Kevin Perez, Samantha Wagner MD]"}, "341": {"gemma": "[Nancy Calhoun PhD, Nathan Lopez, Kayla Brown]"}, "342": {"gemma": "[Sandra Rodriguez, Adam Boyer]"}, "343": {"gemma": "[Mark Carroll, Kimberly Johnston, Alyssa Shepherd]"}, "344": {"gemma": "[Jeffrey Ingram, Mark West, Hailey Campbell, Laura Noble, Morgan Riley]"}, "345": {"gemma": "[Robert Leon, Jacqueline Black, John Sparks, John Rowland, Kathryn Manning]"}, "346": {"gemma": "[Karen Wang, Jerome Ferguson, Tracy Hawkins]"}, "347": {"gemma": "[Nicole Gill, William Mann, Cody Wheeler, Tracie Friedman, Elizabeth Smith, Stacy Burke, Katelyn Turner, Christopher Robinson]"}, "348": {"gemma": "[Kristie Jacobs, Johnny Fields, Taylor Hoover, Kathy Cox]"}, "349": {"gemma": "[Matthew Villa, Rebecca Smith MD, Daniel Mckenzie, Terry Marshall]"}, "350": {"gemma": "[John Mcdaniel, Christine Moran, Amanda Bryant, Tara Harris, Jennifer Castillo]"}, "351": {"gemma": "[Matthew Sanders, Katherine Vasquez, Jacqueline Padilla, Karen Martin, Jennifer Ruiz, Robert Douglas]"}, "352": {"gemma": "[Joshua Cortez, Lauren Williams, Paul Freeman, Danielle Johnson, William Long]"}, "353": {"gemma": "[Eugene Berg, Kimberly Lopez, Jennifer Moore, Tonya Johnson]"}, "354": {"gemma": "[Alexandra Daniels, Joshua Chandler, Cynthia Johnson, Travis Ayala, Matthew Estrada]"}, "355": {"gemma": "[Samuel Lopez, Kelly Bryant, David Gonzalez, Justin Robles, Gavin Lewis, Kaitlyn Willis]"}, "356": {"gemma": "[Jonathan Bailey, Madison Hogan, Dr. Lee Jackson, Joshua Kane, Matthew Dixon]"}, "357": {"gemma": "[Kimberly Garcia, Andrew Soto, Michelle Mills, Darren Fernandez, Tracy Lawson]"}, "358": {"gemma": "[Valerie Perry, James Butler, Colleen Adams, April Hendrix, Jennifer Scott, Katie Lee, Ryan Webb MD, Charles Valdez]"}, "359": {"gemma": "[Gina Dixon, Kimberly Higgins, Brandon Williams, Wanda Woods]"}, "360": {"gemma": "[Tara Graham, Isaiah Cobb, Edward Carlson, Kayla Brown, William Decker]"}, "361": {"gemma": "[Ryan Phillips, Leslie Wilson, Olivia Cowan, Gary Huerta, Rebecca Sanchez, Debra Butler, Lindsey Mitchell, Tiffany Wilson, Madison Gardner]"}, "362": {"gemma": "[Jillian Rodriguez, Mr. Kyle Romero DDS, Zachary Mcdaniel, Mark Oconnor, Dr. Michael Cruz, Jonathan Spears, Christopher Herrera, Laura Jimenez MD]"}, "363": {"gemma": "[Tiffany Cox, Denise Johnson, Morgan Smith]"}, "364": {"gemma": "[Laurie Smith, Frank Glenn, Daniel Booth]"}, "365": {"gemma": "[Bryan Ho, Kathryn Daniel, Louis Williams]"}, "366": {"gemma": "[Mary Smith, Shawn Marshall, Jason Taylor, Gary Freeman]"}, "367": {"gemma": "[Joseph Rice, Linda Wright, Shawn Yoder]"}, "368": {"gemma": "[Erica Rodriguez, John Harmon, Karen Cook, Bobby George, Maria Greene, Sarah Hobbs, Andrea Arnold, Eric White, Elizabeth Perry, Meagan Johnson]"}, "369": {"gemma": "[April Chan, James Moses, Melissa Obrien, Brandy Hunt]"}, "370": {"gemma": "[John Ayers, Tammy Kelley, James Todd, Jill Matthews, Anna Rodriguez, Paul Robertson]"}, "371": {"gemma": "[Brandon White, Julie Mann, Jamie Yang, Anita Williams MD, Susan Freeman, Emily Castillo]"}, "372": {"gemma": "[David Griffith, James Johnson, Brian David, Kim Nelson, Barbara Berry]"}, "373": {"gemma": "[Cynthia Chaney, Dylan Martinez, John Hudson, William Beltran, David Bailey, Patrick Peterson, Joshua Wong, Fernando Gallegos, Dustin Marsh]"}, "374": {"gemma": "[Donna Simmons, Robert Hayes, Michael Smith, Jeremy Griffin]"}, "375": {"gemma": "[Timothy Aguilar, Noah Tucker, Eric Robertson, Ashley Williams]"}, "376": {"gemma": "[Steven Koch, Craig Padilla, Anthony Mcdonald]"}, "377": {"gemma": "[Justin Davis, Taylor Jones, Olivia Taylor, Stacy Gutierrez]"}, "378": {"gemma": "[Ricardo Myers, Courtney Taylor, Mary Smith, Amy Herrera, Patrick Osborn]"}, "379": {"gemma": "[Susan White, Kimberly Moreno PhD, Richard Cruz, Jaime Green, Michael Ramos, Michael Andrews, Eric Hall]"}, "380": {"gemma": "[Stephanie Carter, Jonathan Miller, Felicia Davis, Christopher Adams, Sara Carr, Gregory Holmes]"}, "381": {"gemma": "[Anthony Hoover, Joseph Howard, Leslie Rodriguez, Tyler Johnson, Bruce Green, Joe Andrade]"}, "382": {"gemma": "[Brittany Ross, Julie Stevens, Stacey Campbell, Jacqueline Cochran, Derek Porter, Amanda Jenkins, Gabrielle Martinez]"}, "383": {"gemma": "[Melissa Dennis, Seth Bartlett, Jose Hernandez, Sabrina Holmes]"}, "384": {"gemma": "[Jose Munoz, Julia Donovan, Christopher Cabrera, Lauren Baker, Holly Alexander, Maria Byrd, Colin Davis, Christopher Woods]"}, "385": {"gemma": "[Joe Turner, Mark Park, Jeremy Berry]"}, "386": {"gemma": "[Misty Torres, Benjamin Solis, Stacey Thompson, Natalie Brown, Nicholas Reed]"}, "387": {"gemma": "[Mr. Ryan Macias, Marie Casey, Henry Carter, Dylan Hernandez]"}, "388": {"gemma": "[Christian Smith, Christopher Johnson, Steven Kennedy, Luis Moore]"}, "389": {"gemma": "[Melinda Mendoza, Frank Clark, Natalie Norton, Shelly Cole]"}, "390": {"gemma": "[Sarah Adams, Gregg Buck, Jennifer Perez, Mary Clay, Peggy Rodriguez, John Graves]"}, "391": {"gemma": "[Pamela Wright, Savannah Ruiz, Gregory Perez, Jessica Black, Tammy Martin, Mitchell Martin]"}, "392": {"gemma": "[Carol Kent, Alex Griffith, Emily Fisher, Sean Cunningham, Hannah Carter, James Delgado]"}, "393": {"gemma": "[John Vasquez, William Harris, Mandy Hoffman]"}, "394": {"gemma": "[Michael Malone, Natalie Goodman, Regina Mathews, Jon Hammond, Curtis Boyd]"}, "395": {"gemma": "[Brittney Stark, Joseph Owen, Bryan Hernandez, Carrie Ross]"}, "396": {"gemma": "[Vanessa Duffy, Jimmy Curtis, Zachary Blankenship, Patricia Ruiz, Jenna Adams, Robert Williams, Jeffrey Morrow, Nicole Cordova]"}, "397": {"gemma": "[Matthew Munoz, Erik Manning, Eric Garcia, Nicole Conrad, Casey Rojas, Kathryn Dawson, Vanessa Rogers]"}, "398": {"gemma": "[Terry Jimenez, Erica Richardson, Lauren Lee, Suzanne Brown, Emily Griffin, Ryan Aguirre, Melissa Cross]"}, "399": {"gemma": "[Martha Hurst, Ana Martinez, Nathan Nichols, Melissa Richardson, Amanda Casey, Chloe Lewis]"}, "400": {"gemma": "[Amanda Holden, Bruce Mosley, Tiffany Terrell, David Hawkins, Natalie Rhodes, Christopher Watts]"}, "401": {"gemma": "[Ebony Huff, Charles Ward, Nicholas Wolf DVM, Jennifer Collins, Angel Kane, Bradley Moreno, Matthew Ramos, John Nolan, Johnathan White]"}, "402": {"gemma": "[John Malone, Melissa Long, Matthew Rangel, Jamie Carter, Andrea Glenn, Carolyn Howell, Robert Pineda, Julie Miller]"}, "403": {"gemma": "[Nathaniel Washington, Crystal Sanders, Julie Hall, Barbara Gonzales]"}, "404": {"gemma": "[Nichole Berger, Nathan Vazquez, Emily Martin, Brandon Greene, John Ballard]"}, "405": {"gemma": "[Shawn Kerr, Wyatt Ferguson, Peter Richmond, Peggy Woods]"}, "406": {"gemma": "[Brian Smith, Travis Johnson, Dr. Tyler Johnson, Nancy Bryan]"}, "407": {"gemma": "[Miranda Martinez, Zachary Mora, Rachael Padilla, Jessica Patrick]"}, "408": {"gemma": "[Danny Bridges, Andrea Williams]"}, "409": {"gemma": "[Adam Willis, Becky Campbell, Courtney Willis]"}, "410": {"gemma": "[Courtney Rubio, Joshua Ellis, Kimberly Scott, Kevin Johnson, Lance Palmer]"}, "411": {"gemma": "[Shelly Walker, Curtis Fitzpatrick, Alejandra Price]"}, "412": {"gemma": "[Randall Bishop, Hayden Mason, Jordan Grant, Randy Perez, Mrs. Cindy Jacobs, Michele Parker, Abigail Wise]"}, "413": {"gemma": "[Mary Ali, Steven Adams, Sarah Rodriguez, Angel Sanchez]"}, "414": {"gemma": "[Tom Bowman, Daniel Mitchell, Michael Howard]"}, "415": {"gemma": "[Mrs. Heather Becker DVM, Janice Pennington, Christian Meyers]\n[Katie Crawford, Toni Duran]\n[Kenneth Martinez]"}, "416": {"gemma": "[David Goodman, Elizabeth Giles, Donald Wilson, Maria Gutierrez, Sheri Herrera]"}, "417": {"gemma": "[Stephanie Clay, Ryan Smith, Holly Goodman, Matthew Mills, Laura Reed, Gregory Banks, Bruce Wright, Cory King]"}, "418": {"gemma": "[William Clark, Ryan Lawson, Michelle Welch, James White]"}, "419": {"gemma": "[Mr. Patrick Wheeler, Edgar Williams, Patrick Sims, Dr. Leon Roberts Jr., Austin Collins, Randall Gross, Kristine Booker]"}, "420": {"gemma": "[Cynthia Decker, Antonio Anderson, Rachel Reed, Mary Hunter]"}, "421": {"gemma": "[Angel Dawson, Joshua Herman, Christopher Brown], [Diana Miles, Kimberly Jones, Joseph Mayer]"}, "422": {"gemma": "[Mr. Joshua Farmer, Karen Nash, Benjamin Rodriguez, Steven Novak, Brian Johnson]"}, "423": {"gemma": "[Richard Dunn, Ronald Estes, Amanda Patterson, George Williams, Kimberly Welch]"}, "424": {"gemma": "[Beth Parker, Daniel Webster, Mrs. Nancy Anderson, Joanna Savage]"}, "425": {"gemma": "[Christina Diaz, Ashley Jones, Alyssa Mitchell, Dakota King, Jeffery Garcia, Daniel Brown]"}, "426": {"gemma": "[Nancy Thomas, Mark Carroll, Andrew Collins, Kaitlin Lloyd, Julie Wilson]"}, "427": {"gemma": "[Maria Miller, Mr. Gary Mcdonald MD, Tiffany Gray, Jennifer Robinson, Jesse Stark, Bryan David, Ashley Myers]"}, "428": {"gemma": "[Elizabeth Smith, Connor Knight, John Fuller, Autumn Hawkins]"}, "429": {"gemma": "[Nicholas Reyes, Ronald Howell, Tracy Jones]"}, "430": {"gemma": "[Randy Crawford, Kathy Galvan, Susan Duran], [Wendy Caldwell, Jamie Aguilar, Mr. Mark Gonzalez]"}, "431": {"gemma": "[Benjamin Henderson, Christopher Hernandez, Daniel Williams, Michele Johnson]"}, "432": {"gemma": "[Katrina Smith, Bonnie Greer, Angela Mcneil, Troy Mullins]"}, "433": {"gemma": "[Connor Williams, Kerry Chapman, Anthony Williams]"}, "434": {"gemma": "[Steven Romero, Jennifer Brown, Cassidy Nelson, David Beasley, John Lewis, Jay Bolton, Taylor Robinson, Nicholas Gregory]"}, "435": {"gemma": "[Michael Anderson, Veronica Stephens, David Page, Terry Howell, Christy Schneider, Ryan Wilson, Madeline Johnson, Kevin Cooper, Jason Davis]"}, "436": {"gemma": "[Curtis Gonzalez, Joseph Griffin, Alexander Wright IV, Tiffany Larson, Debra Powers]"}, "437": {"gemma": "[Linda Mckay, David Murray, Marc Wiley, Jamie Richmond, Richard Russo]"}, "438": {"gemma": "[John Davis, Brian Kim, Alexis King, Cesar Fox]"}, "439": {"gemma": "[Mitchell Salas, Brian Miller, Andrew Hess, Cheryl Ellis, Jennifer Sheppard, Elizabeth Barrett, Patricia Russell]"}, "440": {"gemma": "[Mary Campbell, Brendan Armstrong, Sabrina Martin]"}, "441": {"gemma": "[Evan Griffin, Matthew Brown, David Jones, David Davis, Barbara Fletcher, Jessica Hall, Roberta Gay]"}, "442": {"gemma": "[Dr. Kyle Riley, Russell Ford, Elizabeth Terry, Hunter Zimmerman, Linda Stephens]"}, "443": {"gemma": "[Angela Franklin, Jessica Hall, Monica Stark, Mark Sanders, Alexis Rice]"}, "444": {"gemma": "[Andrew Sanchez, Mark Bradshaw, Matthew Johnson, Anthony Johnson, Lori Swanson]"}, "445": {"gemma": "[Allison Olson, Cynthia Jones, Emma Scott, Christopher Benjamin]"}, "446": {"gemma": "[Tina Rivera, Maria Lopez, Andrew Lowe, Brian Haley, Judy Yoder]"}, "447": {"gemma": "[Luis Mitchell, Wyatt Brown, Stephen Villa]"}, "448": {"gemma": "[Terry Moody, Joshua Robertson, Justin Gutierrez, April Barker, Mark Burns, Joseph Patel]"}, "449": {"gemma": "[Carolyn Lloyd, Andrew Anderson, Jessica Erickson, Denise Joseph, Cynthia Baker]"}, "450": {"gemma": "[Mindy Johnson, Alan Fox, Bryan Holmes, Cody Norris]"}, "451": {"gemma": "[Michelle Johnson, Jennifer Hansen, Heather Smith, Deborah Whitaker, Melissa Archer]"}, "452": {"gemma": "[Shannon Cooper, Kelly Orr, Jacob Campbell]"}, "453": {"gemma": "[Jose Wagner, Warren Peck, Gerald Curry, Patricia Burton]"}, "454": {"gemma": "[Kim Castro MD, Ian Rodriguez, Jose Martin]"}, "455": {"gemma": "[Patrick Mason, Isaiah Zhang, Amanda Frye, Matthew Taylor]"}, "456": {"gemma": "[Daniel Smith, Joseph White, Brittany Snyder, Andre Smith, Stephen Rich]"}, "457": {"gemma": "[Kathryn Smith, Amy White, Isabel Heath, David Herman]"}, "458": {"gemma": "[Kevin Cox, John Cohen, Ryan Suarez, Melissa Flores]"}, "459": {"gemma": "[Brittany Young, David Coffey, Jessica Gates, Melissa Williams, Mary Lam, Gary Contreras, Jason Horn, Austin Jones]"}, "460": {"gemma": "[Peter Schwartz, Christine Saunders, Rebekah Lawson, Debbie Baird, Warren Maynard, Melody Sexton, Jonathan Ross, Sabrina Fitzgerald, Kevin Day, Cindy Russell, Kara Khan, Amanda Anderson]"}, "461": {"gemma": "[Molly Blackwell, Brandon Lewis]"}, "462": {"gemma": "[Timothy Peterson, Kathleen Sutton, Ian Sellers, Jenna King, Jeffery Massey, Jill Thompson]"}, "463": {"gemma": "[Daniel Smith, Tiffany Sanchez, Allison Mccarthy]"}, "464": {"gemma": "[Dustin Doyle, Robert Fox, David Owens, Alan Kaufman, Jennifer Hahn]"}, "465": {"gemma": "[Sean Jackson, Douglas Malone, Adam Thompson, Jason Ryan, Raymond Maddox]"}, "466": {"gemma": "[Heidi Murillo, Hailey Thompson, Benjamin Williams MD, Tiffany Stephens, Debra Adams, Erin Phelps, Jason Fox, Tammy Clark, Walter Murphy, Debbie Vaughn, Karen Garcia MD]"}, "467": {"gemma": "[Mark Sampson, Christopher Morgan, Michael Hernandez, Matthew Willis]"}, "468": {"gemma": "[Paul Davis, Michael Clark, Robert Shields]"}, "469": {"gemma": "[Heather Hernandez, William Jackson, Diane Liu, James Fuentes]"}, "470": {"gemma": "[Lori Campbell, Brandon Harvey, Taylor Cortez, Susan Jones, Calvin Bennett]"}, "471": {"gemma": "[Brittany Perez, Craig Booker]"}, "472": {"gemma": "[Amanda Mathews, Kristen Perry, Jeffery Thomas, James Campbell, Adrian Pena, Joyce Navarro, Kristina Howe]"}, "473": {"gemma": "[Michelle Carrillo, Brenda Walker, Nicholas Moore, Jessica Mullins, Michelle Fischer]"}, "474": {"gemma": "[Robert Bell, Carrie Aguirre PhD, Christopher Shaw, Ronald Lewis, Russell Thompson]"}, "475": {"gemma": "[Karen Hendricks, Nicholas Valencia, JohnSanchez, WilliamCasey]"}, "476": {"gemma": "[Jesse Cardenas, Madison Garcia, Julia Taylor, Debbie Garcia, Cristian Gomez]"}, "477": {"gemma": "[Kristy Tucker, Hector Knight, Michelle Cooper]"}, "478": {"gemma": "[Amy Scott, Richard Reynolds, Stacy Beard, Kelly Chen, James Edwards]"}, "479": {"gemma": "[Dr. Justin Newton, Ashley Sherman, Elizabeth Sullivan, Cody Miller]"}, "480": {"gemma": "[Travis Wilkerson, Darren Evans, Nathan Dunn, Cynthia James, Sheri Boyer MD]"}, "481": {"gemma": "[Catherine Ross, Anthony Robertson, Victoria Harris]"}, "482": {"gemma": "[Charles Roberts, Melanie Anderson, Ryan Williams, Elizabeth Smith, James Barber]"}, "483": {"gemma": "[Lori Sullivan, Joseph Hanson, David Smith]"}, "484": {"gemma": "[Connor Dennis, Erik Riddle, Christopher Fry]"}, "485": {"gemma": "[Gary Andrade, Jerry Mcneil, Melissa Perez, Christine Li, Kari Brown, Daniel Townsend]"}, "486": {"gemma": "[Zachary Sanchez, Susan Tapia, Michael Robinson, Alisha Flores, Sandra Rodriguez]"}, "487": {"gemma": "[John Rowe Jr., Caitlin Guzman, Hannah Butler, Alisha Murray, Joseph Robbins]"}, "488": {"gemma": "[Heather Frazier, Michael Sanders, Breanna Cummings, Lisa Scott]"}, "489": {"gemma": "[Jennifer Roman, Jeffrey Patrick, Aaron Richardson MD]"}, "490": {"gemma": "[Beverly Avery, Roy Cunningham, Christopher Steele], [Luis Chung, Steven Price], [Sharon Moore]"}, "491": {"gemma": "[Chase Thomas, Joseph Farley, Mercedes Freeman, William Gray, Casey Peterson]"}, "492": {"gemma": "[Paige Chen, Mark Brown, Lisa Gallagher, Sarah Richard, Mr. Jesus Jackson]"}, "493": {"gemma": "[Nicole Gutierrez, Joseph Gordon, Blake Long]"}, "494": {"gemma": "[Elizabeth Davis, Lindsey Torres, Brandy Good]"}, "495": {"gemma": "[Anita Hernandez, Manuel Sanders, Alexander Snow, Laura Johnson MD, Natalie Stewart]"}, "496": {"gemma": "[David Glenn, Jason Smith, Cheryl Jenkins, Latasha Cunningham, Amanda Morris, Aaron Bowman]"}, "497": {"gemma": "[Jean Collins, Linda Becker, John Joseph, Justin Rocha]"}, "498": {"gemma": "[Monica Sparks, Brandon Vance, Brittany Sanford]"}, "499": {"gemma": "[William Saunders, Erin Carlson, Brandon Valenzuela]"}}