{"0": {"gemma": "[Bamako, Mali, Ansongo Cercle, Su\u00f0uroy]"}, "1": {"gemma": "[Bhrigu Nath Singh, Indian Institute of Technology Kanpur, Wright State University]"}, "2": {"gemma": "[Elizabeth Karlsen, Hyena (2014 film), The Football Factory (film)]"}, "3": {"gemma": "[Mastodon (band), The Hunter (Mastodon album), Doppler Studios]"}, "4": {"gemma": "[United States, Garland Ellis Burrell Jr., California State University  Los Angeles]"}, "5": {"gemma": "[Iran Standard Time, Kermanshah Province, Elayiyeh]"}, "6": {"gemma": "[Music download, Listen to the Man, Joel Pott]"}, "7": {"gemma": "[Patty Mills, San Antonio Spurs, Tony Parker, Point guard, Leandro Barbosa, Shooting guard, Sean Elliott]"}, "8": {"gemma": "[Schapen, Emsland, Rastdorf]"}, "9": {"gemma": "[Central European Time, Norway, Netherlands]"}, "10": {"gemma": "[Texas, United States]"}, "11": {"gemma": "[Singing, Vetcho Lolas, Singer]"}, "12": {"gemma": "[Captured Live at Carnegie Hall, New York City, Music manager]"}, "13": {"gemma": "[A Question of Time (album), Rock music, Somethin Els]"}, "14": {"gemma": "[Haile Selassie, Ethiopia, Girma Wolde-Giorgis]"}, "15": {"gemma": "[Defender (association football), Lukas J\u00e4ger, SC Rheindorf Altach]"}, "16": {"gemma": "[Henry Justin Allen, Andrew Frank Schoeppel, Arthur Capper, William Yoast Morgan]"}, "17": {"gemma": "[An Hour with the Ramsey Lewis Trio, Jazz, Argo Records]"}, "18": {"gemma": "[United States, California, San Diego]"}, "19": {"gemma": "[50th Battalion (Calgary)  CEF, Battle of Lens, Grenay  Pas-de-Calais]"}, "20": {"gemma": "[Alberto Eliani, S.S. Sambenedettese Calcio]"}, "21": {"gemma": "[RCA Records, Hard II Love, Trap music]"}, "22": {"gemma": "[Neil Cox (footballer), Cardiff City F.C.]"}, "23": {"gemma": "[China, Guangxi, Li Ning]"}, "24": {"gemma": "[Walt Disney Animation Studios, The Walt Disney Company, Entertainment industry]"}, "25": {"gemma": "[Rutherford B. Hayes, Lawyer]"}, "26": {"gemma": "[Limoges FC, Yvon Goujon]"}, "27": {"gemma": "[List of Japanese football transfers winter 2014\u201315, Hiroyuki Taniguchi, Kawasaki Frontale, Japan, Kashima Antlers]"}, "28": {"gemma": "[Fabaceae, Fabales, Plant]"}, "29": {"gemma": "[Let's Go (Pharoahe Monch song), 12-inch single]"}, "30": {"gemma": "[Lorimar Productions, The Waltons, CBS]"}, "31": {"gemma": "[FC Amur-2010 Blagoveshchensk, Valeri Aleksandrovich Sorokin, FC Dynamo Kirov]"}, "32": {"gemma": "[Dipterocarpaceae, Parashorea, Rosids]"}, "33": {"gemma": "[\u00c1sgeir \u00c1sgeirsson, Iceland]"}, "34": {"gemma": "[Province of Udine, Friuli-Venezia Giulia, Ravascletto]"}, "35": {"gemma": "[Monocots, Liliaceae, Plantae]"}, "36": {"gemma": "[United States, Florida, St. Petersburg  Florida, Mixed-sex education]"}, "37": {"gemma": "[Joel Robinson, Mitchell, Benjamin Melniker]"}, "38": {"gemma": "[United Kingdom, Denbighshire Hussars, Egypt 1916\u201317]"}, "39": {"gemma": "[South East England, Arun, Littlehampton Lifeboat Station]"}, "40": {"gemma": "[Chahar Hadd, Zarandieh County, Iran Standard Time]"}, "41": {"gemma": "[Peru national football team, Peru, Lima]"}, "42": {"gemma": "[Chaudi\u00e8re-Appalaches, Canada, Les Appalaches Regional County Municipality, Prefecture]"}, "43": {"gemma": "[Josef Hladk\u00fd, Czechoslovakia, Prague, Central European Time]"}, "44": {"gemma": "[Pierre Bouvier, Save You (Simple Plan song), Lava Records]"}, "45": {"gemma": "[United States, Pennsylvania, Lansdale  Pennsylvania]"}, "46": {"gemma": "[Harish Kumar, Aadmi (1993 film), Hindi]"}, "47": {"gemma": "[Holstein Kiel, Max Christiansen, Flensburg]"}, "48": {"gemma": "[Wipeout (2009 Australian game show), Nine Network, House of Lies]"}, "49": {"gemma": "[Iran Daylight Time, Rafsanjan County, Iran Standard Time]"}, "50": {"gemma": "[Filmmaker, Dietmar Post, Play Loud! Productions, A Summer Evening with Floating di Morel]"}, "51": {"gemma": "[Oakhurst  California, United States, California, Sam Leavitt]"}, "52": {"gemma": "[Consejo Mundial de Lucha Libre, CMLL 71st Anniversary Show, Professional wrestling]"}, "53": {"gemma": "[Angiosperms, Nasa (plant), Asterids, Nasa jungifolia]"}, "54": {"gemma": "[Princeton University, Georgina Sherrington]"}, "55": {"gemma": "[Martin Mutschmann, Martin Bormann, Paul Wegener (Gauleiter)]"}, "56": {"gemma": "[Battle of Smolensk (1941), Soviet Union]"}, "57": {"gemma": "[Soviet Union, Andriy Tovt, FC Illychivets Mariupol]"}, "58": {"gemma": "[Cryptodira, Geoemydinae, Chordata, Animal]"}, "59": {"gemma": "[Publisher, Rob Redding, Atlanta]"}, "60": {"gemma": "[Buenos Aires, Argentina]"}, "61": {"gemma": "[Boise  Idaho, Butterfly Train, Built to Spill]"}, "62": {"gemma": "[State of Mind (band), Tiki Taane, The Adults]"}, "63": {"gemma": "[Croats, Croatia, Zagreb, Central European Summer Time, Zadar]"}, "64": {"gemma": "[Smooth jazz, Crossover jazz, Bob James (musician)]"}, "65": {"gemma": "[Yokohama F. Marinos, Rei Matsumoto, Waseda University]"}, "66": {"gemma": "[Cumberland University, James B. McCreary, Augustus Owsley Stanley]"}, "67": {"gemma": "[More Rocktastic Music from the Film, Andrew Gross]"}, "68": {"gemma": "[Nabil Jaadi, Morocco national under-17 football team, Stade Mohamed V]"}, "69": {"gemma": "[Isuzu Ascender, Chevrolet TrailBlazer, GMC Envoy]"}, "70": {"gemma": "[Jose Prakash, Peruvazhiyambalam, Bharath Gopi]"}, "71": {"gemma": "[Orchidaceae, Paphiopedilum druryi, Richard Henry Beddome]"}, "72": {"gemma": "[Northern Region  Uganda, Lira  Uganda, Innocent Oula]"}, "73": {"gemma": "[Central Falls  Rhode Island, Daniel Littlefield, Republican Party (United States)]"}, "74": {"gemma": "[Andes, Chile]"}, "75": {"gemma": "[Iran Standard Time, Iran]"}, "76": {"gemma": "[Plantae, Chaptalia, Asteraceae, Eudicots]"}, "77": {"gemma": "[Neptis, Lepidoptera]"}, "78": {"gemma": "[Disney-ABC Domestic Television, Disney Channel]"}, "79": {"gemma": "[Oleksandr Martynenko (cyclist), Ukraine, Donetsk]"}, "80": {"gemma": "[Tokyo, Takayuki Hattori]"}, "81": {"gemma": "[Kansas City  Missouri, Cristo Rey Kansas City High School]"}, "82": {"gemma": "[Don Alvarado, Joy Page, Jack Wagner]"}, "83": {"gemma": "[MARC Train, Bombardier Transportation, NSB Class 93]"}, "84": {"gemma": "[Verkhnyaya Salda, VSMPO-AVISMA, Metallurgy]"}, "85": {"gemma": "[Broadsheet, South Idaho Press, Idaho]"}, "86": {"gemma": "[RCA Records, The Judds, Naomi Judd]"}, "87": {"gemma": "[Atlanta Campaign, Scott Field (politician), Rufus Hardy (representative), Monroe County  Mississippi]"}, "88": {"gemma": "[2007\u201308 Watford F.C. season, 2008\u201309 Watford F.C. season, Aidy Boothroyd]"}, "89": {"gemma": "[Irv Gotti, DMX (rapper), Swizz Beatz]"}, "90": {"gemma": "[DJ Quik, Hip hop music, The Way It's Goin' Down, Men of Steel (song)]"}, "91": {"gemma": "[Tom Barrett (politician), Wisconsin, Scott L. Fitzgerald, Chicago]"}, "92": {"gemma": "[Arneburg, Frederick of Altmark, Arneburg-Goldbeck]"}, "93": {"gemma": "[Ann Cook (soccer), San Jose CyberRays, Women's United Soccer Association]"}, "94": {"gemma": "[Hip hop music, Asylum Records]"}, "95": {"gemma": "[United States, Hap Holmes, Canada, Aurora  Ontario]"}, "96": {"gemma": "[Adetus striatopunctatus, Animal, Beetle]"}, "97": {"gemma": "[List of French football transfers summer 2013, Franck Tabanou, List of Spanish football transfers summer 2016]"}, "98": {"gemma": "[Big Sir (album), Experimental music, Jazz]"}, "99": {"gemma": "[Striker (association football), Serhiy Perepadenko]"}, "100": {"gemma": "[Ajax Amsterdam, Shai Biruk, Brian Laudrup]"}, "101": {"gemma": "[Soft rock, Love of the Common People]"}, "102": {"gemma": "[France, Aquitaine]"}, "103": {"gemma": "[Brussels, Belgium, Andr\u00e9 Franquin]"}, "104": {"gemma": "[Australia, Darby Riordan]"}, "105": {"gemma": "[Eunidia discounivittata, Animal, Arthropod, Polyphaga, Beetle]"}, "106": {"gemma": "[Ighiu, Romania, Eastern European Time]"}, "107": {"gemma": "[Spyridon Lambros, Alexandros Zaimis, Greece]"}, "108": {"gemma": "[David T. Friendly, Priscilla Nedd-Friendly, English language]"}, "109": {"gemma": "[Beetle, Ischionodonta torquata, Polyphaga]"}, "110": {"gemma": "[Dordogne, France]"}, "111": {"gemma": "[Tony Oller, MKTO]"}, "112": {"gemma": "[Hardcore punk, Through the Noise, Germany]"}, "113": {"gemma": "[Bint Jbeil District, Lebanon, Eastern European Time, Akrotiri and Dhekelia]"}, "114": {"gemma": "[Russia, Komi Republic, Perm Krai]"}, "115": {"gemma": "[Central District (Kavar County), Farmeshkhan Rural District, Iran Standard Time]"}, "116": {"gemma": "[Sophiatown (film), South Africa]"}, "117": {"gemma": "[Iran Daylight Time, Iran, Kerman Province]"}, "118": {"gemma": "[Iyengar, Tamil Nadu, Deshastha Brahmin]"}, "119": {"gemma": "[Swedish Football Division 2, Assyriska BK, 2016 in Swedish football]"}, "120": {"gemma": "[Benton County Iowa, Iowa]"}, "121": {"gemma": "[Heavy metal music, Live in Munich 1977]"}, "122": {"gemma": "[12th edition of Systema Naturae, Asian house shrew, Animal]"}, "123": {"gemma": "[Lawyer, Stephen Southmyd Fenn]"}, "124": {"gemma": "[Jeff Black (singer-songwriter), Folk music]"}, "125": {"gemma": "[Netechmodes harpago, Arthropod, Animal, Insect]"}, "126": {"gemma": "[Gerd Basak, West Azerbaijan Province, Central District (Piranshahr County)]"}, "127": {"gemma": "[Spain, Criminal Brigade (1950 film), Lawless Mountain]"}, "128": {"gemma": "[Aziza Brahim, Traditional music, World music]"}, "129": {"gemma": "[MSV Duisburg, Martin Dausch, Midfielder]"}, "130": {"gemma": "[Souvenirs d'un autre monde, Le Secret (EP), Post-metal]"}, "131": {"gemma": "[Ska punk, Punk rock, Skankin' Pickle Live, Dill Records]"}, "132": {"gemma": "[Chilo\u00e9 National Park, Chilo\u00e9 Archipelago, Chile]"}, "133": {"gemma": "[Diptera, Araucoxenia, Animal]"}, "134": {"gemma": "[Bengali language, Bapi Bari Jaa, India, Mimi Chakraborty]"}, "135": {"gemma": "[For You I Will (Confidence), Columbia Records]"}, "136": {"gemma": "[Soviet Union, Georgi Vinogradov, Opera]"}, "137": {"gemma": "[Nick Nieland, Cornwall, United Kingdom]"}, "138": {"gemma": "[Starship Entertainment, K-pop, Dance-pop, Stupid in Love (Soyou & Mad Clown song), Soyou]"}, "139": {"gemma": "[Forward (association football), Borussia Dortmund, Castrop-Rauxel, Germany]"}, "140": {"gemma": "[Angiosperms, Astrantia minor, Asterids]"}, "141": {"gemma": "[Polyphaga, Arthropod, Crambidae]"}, "142": {"gemma": "[Sweden, Olle Hellbom, Tuppen]"}, "143": {"gemma": "[Perciformes, Actinopterygii, Chordata, Cyprinidae]"}, "144": {"gemma": "[Iran Daylight Time, Kazerun County]"}, "145": {"gemma": "[Fighter-bomber, Republic F-84 Thunderjet, Republic XF-91 Thunderceptor, Alexander Kartveli]"}, "146": {"gemma": "[WCHU-LD, United States, Florida]"}, "147": {"gemma": "[Labour Party (Netherlands), Rotterdam, Netherlands, Vekoma]"}, "148": {"gemma": "[Aves, Tanimbar oriole, Oriolus]"}, "149": {"gemma": "[Auckland, TV2 Stars]"}, "150": {"gemma": "[Mollusca, Gastropoda, Subulinidae]"}, "151": {"gemma": "[Bembecia lomatiaeformis, Arthropod, Animal]"}, "152": {"gemma": "[Chordate, Actinopterygii]"}, "153": {"gemma": "[Princess Alice  Countess of Athlone, Princess Helena of Waldeck and Pyrmont, House of Windsor]"}, "154": {"gemma": "[Hong Kong national under-23 football team, Cheung Kin Fung]"}, "155": {"gemma": "[Werner Krauss, Paracelsus (film), Kurt Heuser]"}, "156": {"gemma": "[Jazz, Free jazz, Experimental music]"}, "157": {"gemma": "[Nathan Fillion, Canada, United States]"}, "158": {"gemma": "[Johnny Mercer, Jazz, Trav'lin' Light (song), Jimmy Mundy]"}, "159": {"gemma": "[Navy Cross, James L. Kauffman, United States Navy]"}, "160": {"gemma": "[Orchidaceae, Asparagales]"}, "161": {"gemma": "[Nothostele, Angiosperms, Plantae]"}, "162": {"gemma": "[Japan, Hannan University]"}, "163": {"gemma": "[Canada, Saskatchewan]"}, "164": {"gemma": "[Aube (river), France]"}, "165": {"gemma": "[Virgin Records, Charisma Records, Atlantic Records]"}, "166": {"gemma": "[Electronica, Jos\u00e9 Francisco Salgado, Bailey-Salgado Project, Chicago]"}, "167": {"gemma": "[Maurice Sunguti, Express FC, AFC Leopards, Friska Viljor FC]"}, "168": {"gemma": "[S-Bahn Rhein-Main, S9 (Rhine-Main S-Bahn), Rhein-Main-Verkehrsverbund]"}, "169": {"gemma": "[Dombivli, BJP, Keshubhai Patel]"}, "170": {"gemma": "[Hanazakarino Kimitachihe, Puli  Nantou, Taiwan, Chung Shan Medical University]"}, "171": {"gemma": "[Iran Standard Time, Iran Daylight Time]"}, "172": {"gemma": "[U.S. Salernitana 1919, Mohamed Fofana (French striker), France]"}, "173": {"gemma": "[Germany, Altenburger Land, Haselbach  Thuringia]"}, "174": {"gemma": "[Michael Marshall (skeptic), Scientific skepticism, Germany]"}, "175": {"gemma": "[Album, A White Sport Coat and a Pink Crustacean, Country music]"}, "176": {"gemma": "[Soviet Union, Vladimir Kesarev]"}, "177": {"gemma": "[Madrid, Spain, Central European Time]"}, "178": {"gemma": "[Scoparia ingratella, Arthropod]"}, "179": {"gemma": "[Acacia simulans, Angiosperms, Plant]"}, "180": {"gemma": "[House of Hohenzollern, Saxe-Lauenburg, Napoleonic Wars]"}, "181": {"gemma": "[New Jersey, United States]"}, "182": {"gemma": "[Caracas FC, Venezuela, San Fernando de Apure]"}, "183": {"gemma": "[Xymene convexus, Muricoidea, Animal]"}, "184": {"gemma": "[Alex Proyas, I  Robot (film)]"}, "185": {"gemma": "[Fabriano, John dal Bastone]"}, "186": {"gemma": "[Roy Edwards, Ontario]"}, "187": {"gemma": "[Iran Standard Time, Kerman Province]"}, "188": {"gemma": "[MTV Hits (Europe), MTV Hits (Italy)]"}, "189": {"gemma": "[Brussels, 2002 Belgian Cup Final, 2003 Belgian Cup Final, King Baudouin Stadium]"}, "190": {"gemma": "[FK Obili\u0107, Milorad Pekovi\u0107, FK Partizan]"}, "191": {"gemma": "[Twin Peaks, David Lynch, Mark Frost]"}, "192": {"gemma": "[Cavalry, Massimo d'Azeglio, Piedmont]"}, "193": {"gemma": "[Pop music, J-pop, Super Junior, Avex Trax]"}, "194": {"gemma": "[Faryab County, Kerman Province, Bardsir County]"}, "195": {"gemma": "[Bridlington, Mark Herman, East Riding of Yorkshire]"}, "196": {"gemma": "[Jagathalaprathapan (1944 film), N. S. Krishnan, S. M. Sriramulu Naidu]"}, "197": {"gemma": "[Muricoidea, Muricidae, Gastropoda]"}, "198": {"gemma": "[Anelaphus, Animal]"}, "199": {"gemma": "[Mankato  Minnesota, John Sontag]"}, "200": {"gemma": "[Heather Graham, Judy Moody and the Not Bummer Summer, Richard Gibbs]"}, "201": {"gemma": "[Arthropod, Argyractis]"}, "202": {"gemma": "[Leptostylopsis, Arthropod, Animal, Leptostylopsis cristatus]"}, "203": {"gemma": "[Bryn\u00e4s IF, Stephen Dixon (ice hockey), Tappara]"}, "204": {"gemma": "[Insect, Arthropod, Lepidoptera]"}, "205": {"gemma": "[Nuclear War (video game), Turn-based strategy]"}, "206": {"gemma": "[Iran, Sirjan County]"}, "207": {"gemma": "[Philip Nitschke, Australia, South Australia]"}, "208": {"gemma": "[Arthropod, Tortricidae, Mordellidae]"}, "209": {"gemma": "[Fenneviller, Meurthe-et-Moselle, France, Paris]"}, "210": {"gemma": "[Sergei Rashevsky, FC Ural Sverdlovsk Oblast]"}, "211": {"gemma": "[Major, John M. Walker, Alex. Brown & Sons]"}, "212": {"gemma": "[El Molin\u00f3n, 2014\u201315 Sporting de Gij\u00f3n season]"}, "213": {"gemma": "[Raju Bhai, Rajiv Kanakala, India]"}, "214": {"gemma": "[Weathermaker Music, Lionize, Dan Maines]"}, "215": {"gemma": "[Taoyuan City, Taoyuan  Taiwan]"}, "216": {"gemma": "[United States, Democratic Party (United States)]"}, "217": {"gemma": "[Jessie Street, Australia]"}, "218": {"gemma": "[Mammal, Egyptian weasel, Chordate, Animal]"}, "219": {"gemma": "[Brown Sugar Macchiato, The Legend of Brown Sugar Chivalries, Yako Chan]"}, "220": {"gemma": "[United States, Paul Slovic, Anthony Leiserowitz]"}, "221": {"gemma": "[Bill Tung, In the Blood (1988 film), Andy Lau]"}, "222": {"gemma": "[Arsenio Iglesias, Arteixo, Inditex, Zara (retailer)]"}, "223": {"gemma": "[Norway, Linn Oeymo]"}, "224": {"gemma": "[Asterids, Stylidium candelabrum]"}, "225": {"gemma": "[PIMCO, Financial Services]"}, "226": {"gemma": "[Kermanshah County, Kermanshah Province, Harsin County]"}, "227": {"gemma": "[Arizona Terror, Phil Rosen]"}, "228": {"gemma": "[Istanbul, Eastern European Time]"}, "229": {"gemma": "[Iran Daylight Time, Iran]"}, "230": {"gemma": "[South Korea, Golden Apple (TV series), 1080i]"}, "231": {"gemma": "[Electronic music, L'Age D'Or, Indie rock, Synthesizer, Alan Parsons]"}, "232": {"gemma": "[Oppland, Kyrkja, Norway, Central European Time]"}, "233": {"gemma": "[Marc Jameson, Trip hop]"}, "234": {"gemma": "[Buprestidae, Arthropod, Insect, Trigonogya]"}, "235": {"gemma": "[Capitol Nashville, Country music, Mel McDaniel, Singer-songwriter]"}, "236": {"gemma": "[Hard rock, Led Zeppelin II, Led Zeppelin]"}, "237": {"gemma": "[Garage rock, Celebration Castle, Album]"}, "238": {"gemma": "[FC SKAF Minsk, Uladzimir Bushma, FC Shakhtyor Salihorsk]"}, "239": {"gemma": "[Dong Fuxiang, Boxer Rebellion, Seymour Expedition]"}, "240": {"gemma": "[St. Boniface High School (Kimberley  South Africa), South Africa, Denis Bowen]"}, "241": {"gemma": "[Songs from St. Somewhere, Mac McAnally, Michael Utley]"}, "242": {"gemma": "[Montpellier\u2013M\u00e9diterran\u00e9e Airport, France, H\u00e9rault]"}, "243": {"gemma": "[Animalia, Chordata]"}, "244": {"gemma": "[J\u00f3ef Razowski, Henricus cristobalicus, Arthropod]"}, "245": {"gemma": "[When Can I See You, Synthpop]"}, "246": {"gemma": "[Scream/Childhood, Michael Jackson]"}, "247": {"gemma": "[GM LS engine, 2010 Rolex Sports Car Series Autohaus Motorsports 5]"}, "248": {"gemma": "[Sex and the City 2, Darren Star, Cashmere Mafia]"}, "249": {"gemma": "[Nicholas D'Agosto, Rocket Science (film)]"}, "250": {"gemma": "[Iran Standard Time, Qanqoli-ye Olya]"}, "251": {"gemma": "[Idiochlora, Arthropod, Animal, Geometridae]"}, "252": {"gemma": "[Wokingham Town F.C., Ted Hanney, Bradfield  Berkshire, Bradfield College]"}, "253": {"gemma": "[Patrick Seifert, Augsburger Panther, Sebastian Uvira]"}, "254": {"gemma": "[Jules Baga, Cameroon, Bafoussam]"}, "255": {"gemma": "[Run  Buddy  Run, Talent Associates, The Glass Menagerie (1973 film)]"}, "256": {"gemma": "[Neothais, Muricidae, Muricoidea]"}, "257": {"gemma": "[Croissant, Breakfast, Jack's]"}, "258": {"gemma": "[Osteichthyes, Shuttles hoppfish, Chordate]"}, "259": {"gemma": "[Iran, Saveh County, Markazi Province]"}, "260": {"gemma": "[List of Slovak football transfers winter 2012\u201313, \u0160tefan Zo\u0161\u00e1k]"}, "261": {"gemma": "[Pseudodeltote, Insect]"}, "262": {"gemma": "[Willy Birgel, Captain Wronski, Ilse Steppat, Norbert Schultze]"}, "263": {"gemma": "[Asteroideae, Asteraceae]"}, "264": {"gemma": "[Associated British-Path\u00e9, Murder Without Crime, Dennis Price]"}, "265": {"gemma": "[Kiss Me  Stupid, United Artists]"}, "266": {"gemma": "[Str\u00f6mstad Municipality, Central European Time]"}, "267": {"gemma": "[Meinrad II  Prince of Hohenzollern-Sigmaringen, Sigmaringen, Karl Friedrich  Prince of Hohenzollern-Sigmaringen]"}, "268": {"gemma": "[Austria-Hungary, University of Vienna]"}, "269": {"gemma": "[Alexander Rad\u00f3, Hungary]"}, "270": {"gemma": "[MacOS, OpenFL, Software framework, IOS]"}, "271": {"gemma": "[Germany, Baden-W\u00fcrttemberg, Reutlingen]"}, "272": {"gemma": "[Mehed ei nuta, Estonian language, Setos, Orthodox Church, Enn Vetemaa]"}, "273": {"gemma": "[S.C. Farense, Est\u00e1dio Algarve, Louletano D.C.]"}, "274": {"gemma": "[The Dead Man's Knock, Mystery fiction, Death Turns the Tables]"}, "275": {"gemma": "[Aeger, Aeger tipularius]"}, "276": {"gemma": "[City, Tempe  Arizona, David Schapira, George Washington University]"}, "277": {"gemma": "[Kabul, United States, Illinois]"}, "278": {"gemma": "[Birkenhead, England]"}, "279": {"gemma": "[Panchayati raj (India), Punjab  India, Ludhiana district]"}, "280": {"gemma": "[Monocots, Iridaceae, Iris (plant)]"}, "281": {"gemma": "[Shiraz County, Fars Province, Mazraeh-ye Rahmatabad]"}, "282": {"gemma": "[Gorlice-Tarn\u00f3w Offensive, 58th Infantry Division (German Empire), Battle of Verdun]"}, "283": {"gemma": "[Jay O. Sanders, The Voyage Home (The Outer Limits)]"}, "284": {"gemma": "[Rudhra (film), K. Bhagyaraj, Gouthami]"}, "285": {"gemma": "[Diab al-Mashi, Manbij]"}, "286": {"gemma": "[England, Great Britain, Lady Margaret Hall Oxford, Veronica Wedgwood]"}, "287": {"gemma": "[Allier (river), Lac de Naussac, Loz\u00e8re]"}, "288": {"gemma": "[Lepidoptera, Arthropod, Animal, Insect]"}, "289": {"gemma": "[Tottenham Hotspur F.C. Reserves and Academy, Filip Lesniak, Slovakia national under-17 football team]"}, "290": {"gemma": "[Amour Patrick Tignyemb, Cameroon, Tonnerre Yaound\u00e9]"}, "291": {"gemma": "[KCAI, Air 1]"}, "292": {"gemma": "[Roda JC Kerkrade, Arjan Swinkels, Lierse S.K.]"}, "293": {"gemma": "[Kiss the Girl  Kiss the Girl  1, Alan Menken, Howard Ashman]"}, "294": {"gemma": "[Canada, Jessie Van Roechoudt]"}, "295": {"gemma": "[Lepidoptera, Pastria, Arthropod]"}, "296": {"gemma": "[Some Mothers Do 'Ave 'Em, Michele Dotrice, Edward Woodward, The Blood on Satan's Claw]"}, "297": {"gemma": "[Steve Dorff, My Best Friend Is a Vampire, David Warner (actor), Ren\u00e9 Auberjonois]"}, "298": {"gemma": "[Canada, Athelston Gaston, Montreal]"}, "299": {"gemma": "[Winger (ice hockey), Krys Barch, Canada]"}, "300": {"gemma": "[Michigan, United States, New Buffalo  Michigan]"}, "301": {"gemma": "[Iran, Shiraz]"}, "302": {"gemma": "[Herzegovina, Bosnia and Herzegovina, Gora\u017ede, City]"}, "303": {"gemma": "[Asterids, Asterales, Heliantheae]"}, "304": {"gemma": "[Khuzestan Province, Razi  West Azerbaijan, Qatur District]"}, "305": {"gemma": "[Wisconsin, United States, Northern Lights Express]"}, "306": {"gemma": "[Astoria Stakes, Next Move, Alfred G. Vanderbilt II, Now What, Arlington-Washington Lassie Stakes]"}, "307": {"gemma": "[New York Cosmos (1971\u20131985), Erhardt Kapp, United States men's national soccer team]"}, "308": {"gemma": "[French Montana, Diggy Simmons, Queens]"}, "309": {"gemma": "[Let's Cheers to This, Post-hardcore, With Ears to See and Eyes to Hear, Sleeping with Sirens]"}, "310": {"gemma": "[Plantae, Astereae, Olearia lirata, Olearia]"}, "311": {"gemma": "[Bangkok Glass F.C., Sarawut Konglarp, TOT S.C.]"}, "312": {"gemma": "[Sochi International Airport, Donavia, Rostov-on-Don Airport]"}, "313": {"gemma": "[Roots rock, Sultans of Swing: The Very Best of Dire Straits, Dire Straits]"}, "314": {"gemma": "[Brad Bird, Walt Stanchfield, California, Los Angeles California]"}, "315": {"gemma": "[United States, Alfred A. Knopf, Jurassic Park (novel)]"}, "316": {"gemma": "[JS du T\u00e9n\u00e9r\u00e9, Niger, Alhassane Issoufou, Raja Casablanca]"}, "317": {"gemma": "[Ramshir, Iran, Ramshir County]"}, "318": {"gemma": "[Polyphaga, Arthropod, Beetle]"}, "319": {"gemma": "[Enga Province, Papua New Guinea, Time in Australia]"}, "320": {"gemma": "[Dicrurus, Bronzed drongo, Chordate, Chordata, Animal]"}, "321": {"gemma": "[Mark Montigny, United States, Bristol County  Massachusetts]"}, "322": {"gemma": "[Laurence Rosenthal, Man of La Mancha (film), Alberto Grimaldi]"}, "323": {"gemma": "[US Colomiers Football, Championnat de France Amateur, France]"}, "324": {"gemma": "[Rahman, Nilave Malare, Shalini]"}, "325": {"gemma": "[Olga Taussky-Todd, Hanna Neumann, Steglitz-Zehlendorf]"}, "326": {"gemma": "[Hip hop music, Ithaka Darin Pappas, Underground Sound of Lisbon, Rui da Silva, Lisbon]"}, "327": {"gemma": "[United States, Maine, Bath  Maine, Bath Iron Works, German destroyer M\u00f6lders]"}, "328": {"gemma": "[Japan, Ceui, J-pop]"}, "329": {"gemma": "[Defender (football), Vladim\u00edr T\u00e1borsk\u00fd]"}, "330": {"gemma": "[France, \u00c9ric Rohmer, Pauline at the Beach, N\u00e9stor Almendros]"}, "331": {"gemma": "[Iran Daylight Time, Iran Standard Time]"}, "332": {"gemma": "[Entre el amor y el deseo, Mexico, Coahuila]"}, "333": {"gemma": "[Orthops campestris, Arthropod]"}, "334": {"gemma": "[Eudicots, Anacardiaceae, Semecarpus gardneri]"}, "335": {"gemma": "[Bury F.C., Cameron Belford, Swindon Town F.C., Coventry City F.C.]"}, "336": {"gemma": "[The Iron Ceiling, Richard Short (actor)]"}, "337": {"gemma": "[Iran, Iran Standard Time]"}, "338": {"gemma": "[CAC Woomera, Torpedo bomber, Fairey Barracuda, Blackburn Baffin]"}, "339": {"gemma": "[Stachy, South Bohemian Region, Czech Republic, Zbytiny]"}, "340": {"gemma": "[Alphabutt, Indie rock, Alternative rock, Anti-folk]"}, "341": {"gemma": "[Leonard Matlovich, United States Air Force, Vietnam War]"}, "342": {"gemma": "[Myrtaceae, Myrtales, Rosid]"}, "343": {"gemma": "[Electronic music, Progressive rock, Vocals]"}, "344": {"gemma": "[Atlantic Standard Time Zone, Humait\u00e1  Amazonas, Time in Brazil]"}, "345": {"gemma": "[Veracruz whiff, Chordata, Actinopterygii]"}, "346": {"gemma": "[M\u0103ria River, Romania, Bistri\u0163a-N\u0103s\u0103ud County]"}, "347": {"gemma": "[Problematic (album), Bill Stevenson (musician), Descendents]"}, "348": {"gemma": "[Fender Stratocaster, New Hollow, Rock music]"}, "349": {"gemma": "[Gambusia, Chordate, Actinopterygii, Cyprinodontiformes, Animal]"}, "350": {"gemma": "[David Gordon Green, Goat (2016 film), Paramount Pictures]"}, "351": {"gemma": "[Dear My Friend, Mitsuru Igarashi, Necessary (song)]"}, "352": {"gemma": "[Darreh Zeydi, Khuzestan Province, Fars Province]"}, "353": {"gemma": "[Arthropod, Myrmeciinae, Hymenoptera]"}, "354": {"gemma": "[Jabalpur, Narendra Nath, Prem Nath, Prem Chopra]"}, "355": {"gemma": "[Dezful County, Khuzestan Province, Iran Daylight Time]"}, "356": {"gemma": "[Deltocephalini, Recilia, Deltocephalinae]"}, "357": {"gemma": "[Midfielder, Miroslav Stoch, List of Dutch football transfers summer 2009]"}, "358": {"gemma": "[Finist\u00e8re, Saint-Servais Finist\u00e8re, France, Paris]"}, "359": {"gemma": "[Order of Osmanieh, Charles George Gordon, Second Opium War, Cornwall]"}, "360": {"gemma": "[China, Communist Party of China]"}, "361": {"gemma": "[Florida Tuskers, Brooks Bollinger, Detroit Lions]"}, "362": {"gemma": "[LXC, Linux, KDE Software Compilation]"}, "363": {"gemma": "[Guitar, Luiza Possi, Vocal]"}, "364": {"gemma": "[Belarus national football team, Vadim Skripchenko, Malaryta]"}, "365": {"gemma": "[Jeff-Denis Fehr, BSV Schwarz-Wei\u00df Rehden, Paulo Jorge Fernandes Sereno]"}, "366": {"gemma": "[Kalomira (album), Pop music]"}, "367": {"gemma": "[Hapoel Ashkelon F.C., Maor Janah]"}, "368": {"gemma": "[Inha University, South Korea, Song Yoo-geun]"}, "369": {"gemma": "[2013 U.S. National Indoor Tennis Championships, United States]"}, "370": {"gemma": "[Arthropod, Calamotropha, Animal]"}, "371": {"gemma": "[Business, William T. Moore (Texas politician), Texas, United States]"}, "372": {"gemma": "[Jos\u00e9 Mar\u00eda de la Cruz, Battle of Yungay, War of the Confederation, Battle of Chacabuco]"}, "373": {"gemma": "[Some Things Are Meant to Be, Linda Davis, Arista Records]"}, "374": {"gemma": "[Minor Watson, Roar of the Crowd, Hidden Gold, William Boyd (actor)]"}, "375": {"gemma": "[Contemporary Christian music, Fire and Stone (album), Christian rock, Ghost of a King]"}, "376": {"gemma": "[Bolitoglossa pesrubra, Chordata, Edward Harrison Taylor]"}, "377": {"gemma": "[MilkyWay, Reggae fusion, J-pop, Japanese pop]"}, "378": {"gemma": "[Richmond  Virginia, Perry Moore, Tell Them Anything You Want: A Portrait of Maurice Sendak]"}, "379": {"gemma": "[Conservative Party of Canada (historic), Louis-Rodrigue Masson]"}, "380": {"gemma": "[France, Alsace, Yvelines]"}, "381": {"gemma": "[Belarussian SSR, Minsk, Dzmitry Kavalyonak]"}, "382": {"gemma": "[Rondinella Calcio, Christian Rigan\u00f2, Ternana Calcio]"}, "383": {"gemma": "[Manfred Eicher, ECM Records, Tokyo '96, The Melody at Night  with You]"}, "384": {"gemma": "[Young Blood (Norah Jones song), It's Gonna Be, Blue Note Records]"}, "385": {"gemma": "[Valdres, Beitost\u00f8len, Oppland, Vinstre]"}, "386": {"gemma": "[Insect, Arthropod, Animal]"}, "387": {"gemma": "[Mohammad Shah Qajar, Mirza Abolhassan Khan Ilchi, Fath-Ali Shah Qajar]"}, "388": {"gemma": "[Olomouc Region, Czech Republic, Vienna]"}, "389": {"gemma": "[Passeriformes, Mouse-colored thistletail, Chordata]"}, "390": {"gemma": "[Doom engine, Doom (1993 video game), Hexen: Beyond Heretic]"}, "391": {"gemma": "[Kreatiivmootor, Tallinn, Estonia]"}, "392": {"gemma": "[Gilan Province, Iran, Qalandar-e Olya]"}, "393": {"gemma": "[London School of Economics, United Kingdom]"}, "394": {"gemma": "[Music download, Never Let Me Go (Florence and the Machine song), Higher (Sigma song)]"}, "395": {"gemma": "[Le Roi des Champs-\u00c9lys\u00e9es, Max Nosseck, Buster Keaton]"}, "396": {"gemma": "[Malaysian Highway Authority, Selangor, Sultan Azlan Shah Bridge, Sultan Abdul Halim Muadzam Shah Bridge  Penang Seco  1]"}, "397": {"gemma": "[Peter Yeldham, Victim Five, Harry Alan Towers]"}, "398": {"gemma": "[Chordate, Collared treepie, Bird, Animal]"}, "399": {"gemma": "[Akwa language, Bantu languages, Bantoid languages]"}, "400": {"gemma": "[Plantae, Eremophila (plant)]"}, "401": {"gemma": "[Chesterfield  Missouri, Sean Dolan]"}, "402": {"gemma": "[Sweden, Central European Time, N\u00e1chod District]"}, "403": {"gemma": "[France, Franche-Comt\u00e9]"}, "404": {"gemma": "[Wales, The Little Engine That Could (1991 film), Frank Welker]"}, "405": {"gemma": "[Canada, Edmund Wyly Grier, Slade School of Art]"}, "406": {"gemma": "[2014 Nebraska Cornhuskers football team, 2014 Minnesota Golden Gophers football team, 2014 Wisconsin Badgers football team]"}, "407": {"gemma": "[Canada, Toyota RAV4 EV Second generation 1, Fremont California]"}, "408": {"gemma": "[Mehranrud-e Markazi Rural District, East Azerbaijan Province, Abbas-e Gharbi Rural District]"}, "409": {"gemma": "[Madrid, 1988 Copa del Rey Final, FC Barcelona, 1989 Copa del Rey Final, Vicente Calder\u00f3n Stadium]"}, "410": {"gemma": "[Microcrambus, Animal]"}, "411": {"gemma": "[Ed Fulton, Ontario, Gus Harris]"}, "412": {"gemma": "[Rock music, Indie rock, Garrison Starr]"}, "413": {"gemma": "[Paraguay, Gustavo G\u00f3mez, A.C. Milan]"}, "414": {"gemma": "[Hajjiabad County, Kerman Province, Iran]"}, "415": {"gemma": "[Okahandja, South African Standard Time]"}, "416": {"gemma": "[Yuri Dubrovin, FC Luch-Energiya Vladivostok]"}, "417": {"gemma": "[Otto Preminger, Joseph LaShelle]"}, "418": {"gemma": "[Iran Daylight Time, Kerman Province, Atabkashmas Owliad, Jamabrud Rural District]"}, "419": {"gemma": "[Tulisa, Camden Town]"}, "420": {"gemma": "[FC KAMAZ-Chally Naberezhnye Chelny, Aleksei Babenko, FC Anzhi Makhachkala]"}, "421": {"gemma": "[Party of Rights, Zagreb, Austria-Hungary, Rakovica  Croatia]"}, "422": {"gemma": "[Jimmy Bowen, Greatest Hits (Billy Dean album), Fire in the Dark]"}, "423": {"gemma": "[West Coast hip hop, Hip hop music]"}, "424": {"gemma": "[Iran Daylight Time, Hasan Khani  Qazvin]"}, "425": {"gemma": "[Johnathon Schaech, Judas (film), Michael Goi]"}, "426": {"gemma": "[Eudicots, Terminalia (plant), Terminalia parviflora]"}, "427": {"gemma": "[Hama Governorate, Al-Uwayr, Village]"}, "428": {"gemma": "[Angiosperms, Bulbophyllum manarae, Epidendroideae]"}, "429": {"gemma": "[Moscow, Dmitri Ekimov]"}, "430": {"gemma": "[1960 Scottish League Cup Final, 1959 Scottish League Cup Final]"}, "431": {"gemma": "[County of Sponheim, Bad Kreuznach, Germany]"}, "432": {"gemma": "[Roland Gross, The Deep Six, William Bendix]"}, "433": {"gemma": "[West Pomeranian Voivodeship, D\u0119bice  West Pomeranian Voivodeship, Poland]"}, "434": {"gemma": "[Vancouver Canucks, Barry Wilkins, Defenceman (ice hockey)]"}, "435": {"gemma": "[Cypriniformes, Cyprinidae]"}, "436": {"gemma": "[Berlin Offensive, 50th Rifle Division (Soviet Union)]"}, "437": {"gemma": "[Veracruz Veracruz, Adriana Fonseca, Actress]"}, "438": {"gemma": "[Iran, Razavi Khorasan Province, Sowrastan, Deh-e Now  Bakharz]"}, "439": {"gemma": "[Fred Johnston (writer), Northern Ireland, County Down]"}, "440": {"gemma": "[Iran, Iran Standard Time, Omm ol Ghaffari]"}, "441": {"gemma": "[Patrick Carney, The Black Keys, V2 Records]"}, "442": {"gemma": "[Balu  West Azerbaijan, Iran, Iran Standard Time, Iran Daylight Time]"}, "443": {"gemma": "[Ak\u0131n \u00d6zt\u00fcrk, Turkish Air Force, Turkish War of Independence]"}, "444": {"gemma": "[Aethes, Aethes macasiana]"}, "445": {"gemma": "[Cerobasis denticulata, Arthropod, Insect]"}, "446": {"gemma": "[Toronto, Advocacy for Respect for Cyclists, Cycling]"}, "447": {"gemma": "[Arthropoda, Insecta, Lepidoptera]"}, "448": {"gemma": "[Cerceris, Hymenoptera, Philanthinae]"}, "449": {"gemma": "[Plantae, Bulbophyllum lemnifolium, Angiosperms]"}, "450": {"gemma": "[Arthropod, Polyphaga, Pyralidae, Crocidomera]"}, "451": {"gemma": "[Wallace Fox, Bowery Blitzkrieg, Robert Golden]"}, "452": {"gemma": "[Drama, Gaurav Khanna, Kanpur]"}, "453": {"gemma": "[Defender (association football), Domingos Nascimento dos Santos Filho, Brazil]"}, "454": {"gemma": "[Animals That Swim, Cinerama (band), Indie rock, Nude Records]"}, "455": {"gemma": "[The Diary of Ellen Rimbauer (miniseries), United States]"}, "456": {"gemma": "[Vertebrate, Chordata, Animalia]"}, "457": {"gemma": "[Central European Time, Norway, Leira  S\u00f8r-Tr\u00f8ndelag, Tr\u00f8ndelag]"}, "458": {"gemma": "[Hardcover, Crack'd Pot Trail, PS Publishing]"}, "459": {"gemma": "[Central European Time, Spain, Aragon]"}, "460": {"gemma": "[Paul Richter, King of the Centre Forwards, Bavaria Film]"}, "461": {"gemma": "[Winchester  Nevada, Can't Deny My Love]"}, "462": {"gemma": "[United States of Tara, Steven Spielberg, Tim DeLaughter]"}, "463": {"gemma": "[KTVO, KHQA-TV, UPN, WHOI (TV)]"}, "464": {"gemma": "[Pakistani community of London, London Borough of Harrow, Harrow School, United Kingdom]"}, "465": {"gemma": "[George Hoellering, Kuhle Wampe, Hanns Eisler]"}, "466": {"gemma": "[Battista Sforza, Alessandro Sforza]"}, "467": {"gemma": "[Birt Acres, Boxing Match; or  Glove Contest, Silent film]"}, "468": {"gemma": "[Indie pop, Indie rock, Antonio Vega (singer), Restoration (Spain)]"}, "469": {"gemma": "[Lincolnshire, Philip Norton  Baron Norton of Louth, Academia]"}, "470": {"gemma": "[Marshall Sahlins, Morton Fried]"}, "471": {"gemma": "[Siah Gel  Abdanan, Iran]"}, "472": {"gemma": "[Ghafar Baba, Anwar Ibrahim, Sunni Islam]"}, "473": {"gemma": "[Supermini, Mini Clubman, Mini Hatch]"}, "474": {"gemma": "[Hamidabad  Ardabil, Ardabil Province, Sharqi Rural District]"}, "475": {"gemma": "[Ed Stoppard, Zen (TV series)]"}, "476": {"gemma": "[Eudicots, Core eudicots, Mammillaria schwarzii]"}, "477": {"gemma": "[Kallinge, F 17 Kallinge, Saab 32 Lansen]"}, "478": {"gemma": "[Burton C. Bell, Ambient music]"}, "479": {"gemma": "[Ost Autobahn, Vienna International Airport, Air Transport]"}, "480": {"gemma": "[United States, Texas, University of Texas]"}, "481": {"gemma": "[Mehmet Altan, Ankara, \u00c7etin Altan]"}, "482": {"gemma": "[United States, California, Los Angeles]"}, "483": {"gemma": "[Sharq va Gharb-e Shirgah Rural District, Shirgah District, Bur Khani]"}, "484": {"gemma": "[Ivan the Terrible, Kolomenskoye, Pyotr Baranovsky, Andrei Rublev]"}, "485": {"gemma": "[Erosida formosa, Arthropod, Polyphaga, Insect]"}, "486": {"gemma": "[Tenmile Creek (Catskill Creek), New York (state)]"}, "487": {"gemma": "[Daniel Keyes, Seiun Award, Japan]"}, "488": {"gemma": "[NASCAR, Jim France, Bill France Sr.]"}, "489": {"gemma": "[Rimini Calcio F.C., Antonio Fusari, Midfielder]"}, "490": {"gemma": "[Carl Adam Petri, Germany]"}, "491": {"gemma": "[Spain, Barcelona, Abraham bar Hiyya]"}, "492": {"gemma": "[Sistan and Baluchestan Province, Chahuk  Iranshahr, Iran Daylight Time]"}, "493": {"gemma": "[Man Overboard (film), Grit Hegesa, Christian Democratic Union of Germany]"}, "494": {"gemma": "[Iran, Isfahan Province, Isfahan County]"}, "495": {"gemma": "[Coeducation, Springville-Griffith Institute, New York, North American Eastern Time Zone]"}, "496": {"gemma": "[Verano de Esc\u00e1ndalo (2003), Professional wrestling, Guerra de Titanes (2012), Jalisco, Zapopan  Jalisco]"}, "497": {"gemma": "[Silent film, Soul Mates (film), Oliver T. Marsh]"}, "498": {"gemma": "[Parkway\u2013South Sacramento  California, Sacramento County  California, Pacific Daylight Time]"}, "499": {"gemma": "[Milan, Italy, Apulia, Anzano di Puglia]"}}