{"0": {"gemma": "[Conrad Rau, Manfred Schmidt-Schauss]"}, "1": {"gemma": "[Richard T. Watson, Axel Kieninger, Bj\u00f6rn Schmitz]"}, "2": {"gemma": "[Zeshui Xu, A. Ghareeb]"}, "3": {"gemma": "[Thomas Kirste, Thomas Heider, Kris Luyten]"}, "4": {"gemma": "[Charu C. Aggarwal, Francisco Herrera, Jianyong Wang, Nitesh V. Chawla, Anil K. Jain]"}, "5": {"gemma": "[Pascal Vincent, Honglak Lee]"}, "6": {"gemma": "[Marzyeh Ghassemi]"}, "7": {"gemma": "[Christian Bauer, Milan Sonka]"}, "8": {"gemma": "[Zeungnam Bien]"}, "9": {"gemma": "[Dan I. Moldovan, Sanda M. Harabagiu, Christine Clark]"}, "10": {"gemma": "[Mohammad Marufuzzaman]"}, "11": {"gemma": "[Samantha Huang]"}, "12": {"gemma": "[Luc Giraud]"}, "13": {"gemma": "[Jun Ni]"}, "14": {"gemma": "[Vinod Namboodiri]"}, "15": {"gemma": "[Steve Goddard]"}, "16": {"gemma": "[Cleotilde Gonzalez, Christian Lebiere]"}, "17": {"gemma": "[Corinne Fredouille, Daniel Moraru]"}, "18": {"gemma": "[Mike H. MacGregor, Ian F. Akyildiz]"}, "19": {"gemma": "[Jean-Michel Fourneau, Lynda Mokdad]"}, "20": {"gemma": "[Dani Lischinski, Kaan Y\u00fccer]"}, "21": {"gemma": "[Tao Luo]"}, "22": {"gemma": "[Theodore Andronikos, Anthony T. Chronopoulos, Ioannis Riakiotakis]"}, "23": {"gemma": "[David Gefen, Judy E. Scott]"}, "24": {"gemma": "[Cong Wang, Zhu Han, Hui Xia]"}, "25": {"gemma": "[Andrew V. Knyazev]"}, "26": {"gemma": "[Yi Chen, Jayavel Shanmugasundaram]"}, "27": {"gemma": "[Qingyun Dai, Chuqi Yang]"}, "28": {"gemma": "[Ian T. Foster, Karan Vahi, Ioan Raicu, Gaurang Mehta]"}, "29": {"gemma": "[Barend de Lange]"}, "30": {"gemma": "[Heriberto Rom\u00e1n-Flores, Reza Ezzati, Saeid Abbasbandy, Barnab\u00e1s Bede]"}, "31": {"gemma": "[David Brie, Charles Soussen]"}, "32": {"gemma": "[Peter Lambert, Thomas Wiegand, W. De Neve, R. Van de Walle]"}, "33": {"gemma": "[Chitta Baral, Jeremy L. Wyatt, Mohan Sridharan]"}, "34": {"gemma": "[Janusz Kacprzyk, Arjab Singh Khuman]"}, "35": {"gemma": "[Ion Stoica, Robert Morris]"}, "36": {"gemma": "[Scott Shenker, Martin Casado, Nick McKeown, Guru M. Parulkar, Jennifer Rexford]"}, "37": {"gemma": "[Nicola Henze, Daniel Krause]"}, "38": {"gemma": "[Sonia Bergamaschi, Silvana Castano, Domenico Rosaci, Philip A. Bernstein]"}, "39": {"gemma": "[Henri Casanova, Nhat Le]"}, "40": {"gemma": "[Eibe Frank, Xin Yao, Pedro Antonio Guti\u00e9rrez]"}, "41": {"gemma": "[Wanlei Zhou, Shree K. Nayar]"}, "42": {"gemma": "[Celso C. Ribeiro]"}, "43": {"gemma": "[Ulrike Sattler, Fernando Bobillo, Diego Calvanese, Bernardo Cuenca Grau]"}, "44": {"gemma": "[Simon Fong, Kyungeun Cho]"}, "45": {"gemma": "[Miguel A. Hinojosa, Amparo M. M\u00e1rmol]"}, "46": {"gemma": "[Romeo Giuliano, Franco Mazzenga]"}, "47": {"gemma": "[Krishnendu Chakrabarty, Sudhakar M. Reddy, Mehrdad Nourani]"}, "48": {"gemma": "[M. Fanti, Keyi Xing]"}, "49": {"gemma": "[Tibor Bosse, Charlotte Gerritsen]"}, "50": {"gemma": "[Vic Grout]"}, "51": {"gemma": "[David Wagner, Vinod Ganapathy, Trent Jaeger]"}, "52": {"gemma": "[Tokunbo Ogunfunmi, Obianuju Ndili]"}, "53": {"gemma": "[Francesco Bullo, Georges Kaddoum, Guiming Zhong]"}, "54": {"gemma": "[Rama Chellappa, Stewart R. Santos]"}, "55": {"gemma": "[Chao Tian, Tam\u00e1s Linder]"}, "56": {"gemma": "[Shyi-Ming Chen, Ting-Yu Chen]"}, "57": {"gemma": "[Haibo Chen, Haibing Guan]"}, "58": {"gemma": "[Martin Kronbichler, Matthias Schurz, Fabio Richlan]"}, "59": {"gemma": "[Ann Majchrzak]"}, "60": {"gemma": "[Pablo Garc\u00eda Bringas, Xabier Ugarte-Pedrero]"}, "61": {"gemma": "[Yamin Li, Shietung Peng, Wanming Chu]"}, "62": {"gemma": "[Bunyarit Uyyanonvara, Meindert Niemeijer, Christopher G. Owen]"}, "63": {"gemma": "[Carles Creus, Florent Jacquemard, Guillem Godoy]"}, "64": {"gemma": "[Fabio Kon, Philip K. McKinley]"}, "65": {"gemma": "[Jose C. Principe, Haiquan Zhao]"}, "66": {"gemma": "[Guang-Bin Huang, Ju Cheng Yang]"}, "67": {"gemma": "[Saurabh Kumar Garg, Linlin Wu]"}, "68": {"gemma": "[J\u00fcrgen Teich, Zhonghai Lu, Jingcao Hu]"}, "69": {"gemma": "[Haizhou Li, Zhizheng Wu]"}, "70": {"gemma": "[Kazuharu Arakawa, Hideaki Sugawara, Susumu Goto, Raoul J. P. Bonnal]"}, "71": {"gemma": "[Michael N. Vrahatis, Konstantinos E. Parsopoulos]"}, "72": {"gemma": "[Mehran Roshandel, Hamed Ketabdar]"}, "73": {"gemma": "[Liusheng Huang, Yonglong Luo]"}, "74": {"gemma": "[Mark A. Neerincx, Rosemarijn Looije]"}, "75": {"gemma": "[Chandan Singh, Ekta Walia, Simon Liao, Miroslaw Pawlak, Yongqing Xin]"}, "76": {"gemma": "[Robert Nowicki, Emiliano Tramontana]"}, "77": {"gemma": "[R\u00f3bert P\u00e1lovics]"}, "78": {"gemma": "[Krishna P. Gummadi, Matei Ripeanu, Alan Mislove]"}, "79": {"gemma": "[Anqi Qiu, Matthew F. Glasser]"}, "80": {"gemma": "[Yong Hu, Mark Keil]"}, "81": {"gemma": "[Maxim Claeys, Filip De Turck]"}, "82": {"gemma": "[C. Shu]"}, "83": {"gemma": "[Santos Kumar, Jon Crowcroft, Ranveer Chandra]"}, "84": {"gemma": "[Jun Li, H.V. Poor]"}, "85": {"gemma": "[Jacopo Aleotti, Stefano Caselli, Siddhartha S. Srinivasa]"}, "86": {"gemma": "[Vijay Kumar, Dal Hyung Kim]"}, "87": {"gemma": "[Wanqing Li, Philip Ogunbona]"}, "88": {"gemma": "[Yvonne Jung, Johannes Behr]"}, "89": {"gemma": "[Bijan Parsia, Kathrin Dentler]"}, "90": {"gemma": "[Morten Nielsen, Elin Teppa]"}, "91": {"gemma": "[Rafail Ostrovsky, Eldar Fischer]"}, "92": {"gemma": "[Bo Song, Ning Xi, Chiu Lai]"}, "93": {"gemma": "[Andrzej Drygajlo, Joaquin Gonzalez-Rodriguez]"}, "94": {"gemma": "[Giovanni Ponti]"}, "95": {"gemma": "[Oliver Eulenstein, Toby J. Gibson]"}, "96": {"gemma": "[Amit P. Sheth, Qianhui Liang]"}, "97": {"gemma": "[David C. Van Essen, Stephen M. Smith]"}, "98": {"gemma": "[Jin Keun Seo, Eung Je Woo]"}, "99": {"gemma": "[Tao Zhang, Mohammed Hasanuzzaman, Yoshiaki Shirai]"}, "100": {"gemma": "[Min Suk Chung]"}, "101": {"gemma": "[Michele Rossi, Jun Luo, J. Haupt, Robert D. Nowak, Michele Zorzi]"}, "102": {"gemma": "[Lang Tong, Seksan Laitrakun]"}, "103": {"gemma": "[Clifford R. Jack, Greig I. de Zubicaray, Matt A. Bernstein, Suh Lee]"}, "104": {"gemma": "[Klaus-Robert M\u00fcller, Frank C. Meinecke, Sven D\u00e4hne, Siamac Fazli]"}, "105": {"gemma": "[Hans-Peter Seidel, Rodrigo L. Carceroni]"}, "106": {"gemma": "[Michael J. Carey, Donald Kossmann]"}, "107": {"gemma": "[Hui Li, Shouyang Wang, Kin Keung Lai]"}, "108": {"gemma": "[Daniela S. Cruzes, Manoel G. Mendon\u00e7a, Raul Sidnei Wazlawick]"}, "109": {"gemma": "[Wonpil Im, E. Prabhu Raman]"}, "110": {"gemma": "[Luminita A. Vese, Tony F. Chan]"}, "111": {"gemma": "[Gregor Engels, Fernando Orejas, Paolo Bottoni, Jochen Malte K\u00fcster, Hartmut Ehrig]"}, "112": {"gemma": "[Jarmo Takala]"}, "113": {"gemma": "[John A. Stankovic, Jos\u00e9 Cec\u00edlio, Utz Roedig, Petcharat Suriyachai]"}, "114": {"gemma": "[Jeffrey G. Andrews, Hamed Rasouli]"}, "115": {"gemma": "[Kiyomichi Araki, Gia Khanh Tran]"}, "116": {"gemma": "[Gerhard P. Hancke, Youxian Sun, Seung Don Hong]"}, "117": {"gemma": "[Jiawei Han, Shuai Ma]"}, "118": {"gemma": "[Toufik Mansour, V\u00edt Jel\u00ednek]"}, "119": {"gemma": "[Jos\u00e9 M. Mart\u00ednez]"}, "120": {"gemma": "[Nick McKeown, Arne Ludwig]"}, "121": {"gemma": "[Jian Yang, Jong-Sen Lee]"}, "122": {"gemma": "[John S. Heidemann, Yang Xiao]"}, "123": {"gemma": "[Johannes Niedermayer, Michael Isard]"}, "124": {"gemma": "[Carla P. Gomes, Henry A. Kautz, Yair Weiss]"}, "125": {"gemma": "[Alex Pentland, Rosalind W. Picard, A. Sano]"}, "126": {"gemma": "[Christian Jutten, Mohammad Niknazar]"}, "127": {"gemma": "[Steven Huang, Kai Man Tsui]"}, "128": {"gemma": "[Bor-Yeh Shen, Jos\u00e9 A. Baiocchi]"}, "129": {"gemma": "[Tim G\u00fcneysu, Ahmad-Reza Sadeghi, Sorin A. Huss]"}, "130": {"gemma": "[J Daniel Costello, Koji Okino]"}, "131": {"gemma": "[Uir\u00e1 Kulesza, Alessandro Garcia, Janet Siegmund]"}, "132": {"gemma": "[Richard Szeliski, Noah Snavely, Steven M. Seitz, Leonard McMillan]"}, "133": {"gemma": "[Yoshio Tanaka, Satoshi Sekiguchi, Vinod M. Vokkarane]"}, "134": {"gemma": "[Moshe Lewenstein, Benny Porat, Benjamin Sach]"}, "135": {"gemma": "[Gang Wang, Tzu-Chen Lian]"}, "136": {"gemma": "[Xiaoxuan Lu, Hao Jiang]"}, "137": {"gemma": "[Yunhong Wang, Kevin W. Bowyer, Patrick J. Flynn, Anil K. Jain, Zhenan Sun]"}, "138": {"gemma": "[Pradheep Elango]"}, "139": {"gemma": "[Wenzhao Lian, Eric P. Xing]"}, "140": {"gemma": "[Radu Prodan, Mike Surridge, Lukas K\u00f6pfle]"}, "141": {"gemma": "[Mehmet Kaya, Tzung-Pei Hong]"}, "142": {"gemma": "[Joern Ploennigs]"}, "143": {"gemma": "[Tayssir Touili, Thomas W. Reps]"}, "144": {"gemma": "[Renata Teixeira, Olivier Bonaventure, Virginie Van den Schrieck]"}, "145": {"gemma": "[Vladimir Kolmogorov, Takeo Kanade, Alessandro L. Koerich, Ville Ojansivu]"}, "146": {"gemma": "[Alix Munier-Kordon, Bruno Bodin]"}, "147": {"gemma": "[Aggelos K. Katsaggelos, Rui Zhang, Lisimachos P. Kondi, Angeliki V. Katsenou]"}, "148": {"gemma": "[Szymon Rusinkiewicz]"}, "149": {"gemma": "[Venkat Venkatasubramanian, Raghunathan Rengaswamy, Surya N. Kavuri]"}, "150": {"gemma": "[Josep Vidal, Syed Ali Jafar, Adrian Agustin]"}, "151": {"gemma": "[Bertram Lud\u00e4scher, Daniel Zinn]"}, "152": {"gemma": "[Leith Abdulla, A. Schmidt]"}, "153": {"gemma": "[Dragi Kocev]"}, "154": {"gemma": "[Kai-Uwe Sattler, Scott Shenker, Ion Stoica]"}, "155": {"gemma": "[Wei-Min Shen, Kasper Stoy]"}, "156": {"gemma": "[Francesco Ricci]"}, "157": {"gemma": "[Michalis Faloutsos, Scott Shenker]"}, "158": {"gemma": "[Marjo Kauppinen, Laura Lehtola]"}, "159": {"gemma": "[Christopher W. O'Dell]"}, "160": {"gemma": "[Yiannis Aloimonos, Florentin W\u00f6rg\u00f6tter]"}, "161": {"gemma": "[Janardhan R. Iyengar, Sachin Katti]"}, "162": {"gemma": "[John Shawe-Taylor, Chris Watkins]"}, "163": {"gemma": "[Wotao Yin]"}, "164": {"gemma": "[Jing Qin, Lequan Yu]"}, "165": {"gemma": "[Philip S. Yu, James Caverlee, Wen-Chih Peng, Zhenhui Li]"}, "166": {"gemma": "[Jamie Shotton, Kevin P. Murphy]"}, "167": {"gemma": "[Edjair Mota, Leandro S. G. de Carvalho]"}, "168": {"gemma": "[Jun Yan, Toru Ishida, Kunal Verma]"}, "169": {"gemma": "[Anton Jansen, Lai Xu]"}, "170": {"gemma": "[Krishnendu Chakrabarty, Janusz Rajski, Xiaoqing Wen]"}, "171": {"gemma": "[Ravi Ramamoorthi, Wei-Chao Chen, Richard Szeliski]"}, "172": {"gemma": "[Huijing Zhao, Ryosuke Shibasaki]"}, "173": {"gemma": "[Yuan Ren, Bangcheng Han]"}, "174": {"gemma": "[Sriram Vishwanath, Merouane Debbah]"}, "175": {"gemma": "[Andrew K. Skidmore]"}, "176": {"gemma": "[Ravi Ramamoorthi]"}, "177": {"gemma": "[Wotao Yin, Renliang Gu, Emmanuel J. Cand\u00e8s]"}, "178": {"gemma": "[Rajiv Ranjan, Lizhe Wang, Abdullah Gani]"}, "179": {"gemma": "[Kaliappa Ravindran, Mohammad Rabby]"}, "180": {"gemma": "[Mohamed G. Gouda, Alex X. Liu]"}, "181": {"gemma": "[Raoul Velazco, Guilin Chen]"}, "182": {"gemma": "[Chau Yuen, Jeffrey G. Andrews]"}, "183": {"gemma": "[Fan Min, William Zhu, Wei-Zhi Wu, Yiyu Yao]"}, "184": {"gemma": "[Emilio Garc\u00eda Rosell\u00f3, Mar\u00eda J. Lado]"}, "185": {"gemma": "[Celal Ozturk, Mina Husseinzadeh Kashan]"}, "186": {"gemma": "[Christoph Trattner]"}, "187": {"gemma": "[Richard J. Simard, Lih-Yuan Deng]"}, "188": {"gemma": "[Philip Hanna, George Ferguson, Xingkun Liu]"}, "189": {"gemma": "[Gaurav Somani, Mauro Conti]"}, "190": {"gemma": "[Anders Lyhne Christensen, Marco Dorigo, Frederick Ducatelle, Alexandre Campo]"}, "191": {"gemma": "[Michele Colajanni]"}, "192": {"gemma": "[H.V. Poor, Lutz Lampe]"}, "193": {"gemma": "[Dan Boneh, Bharath K. Samanthula]"}, "194": {"gemma": "[Michael Hecker, Norberto D\u00edaz-D\u00edaz]"}, "195": {"gemma": "[Wenwu Wang, Ba-Ngu Vo]"}, "196": {"gemma": "[Long Wang, Wenwu Yu]"}, "197": {"gemma": "[Gareth R. Barnes, Robert Oostenveld]"}, "198": {"gemma": "[Wilfried Philips, Sebastian Gruenwedel, Peter Van Hese]"}, "199": {"gemma": "[Yajuan Tang, Pedro Garc\u00eda-Teodoro, Gabriel Maci\u00e1-Fern\u00e1ndez]"}, "200": {"gemma": "[Tracy Hall, Helen Sharp]"}, "201": {"gemma": "[Frank Kr\u00fcger, Thomas Kirste]"}, "202": {"gemma": "[Robert B. Cook, Fr\u00e9d\u00e9ric Baret]"}, "203": {"gemma": "[Christopher D. Manning, Andrew Y. Ng, Kyunghyun Cho, Sumit Chopra, Tomas Mikolov]"}, "204": {"gemma": "[Wolfgang Grieskamp, Wolfram Schulte, Yuri Gurevich]"}, "205": {"gemma": "[Volkan Rodoplu]"}, "206": {"gemma": "[Hannes Hartenstein, Sonny Chaiwala]"}, "207": {"gemma": "[Qi Wang]"}, "208": {"gemma": "[Bernhard E. Riecke, John J. Rieser]"}, "209": {"gemma": "[Isel Grau, Gonzalo N\u00e1poles, Elpiniki I. Papageorgiou]"}, "210": {"gemma": "[William B. Langdon, Andrew P. Harrison]"}, "211": {"gemma": "[Chandrakant D. Patel]"}, "212": {"gemma": "[Elizabeth Ann Maharaj, Pierpaolo D'Urso]"}, "213": {"gemma": "[Beth Plale, Yogesh Simmhan, Dennis Gannon]"}, "214": {"gemma": "[Wang Liu]"}, "215": {"gemma": "[Russell Schwartz, Stanley E. Shackney, Kerstin Heselmeyer-Haddad]"}, "216": {"gemma": "[Ian J. Hayes, Colin J. Fidge]"}, "217": {"gemma": "[Shaogang Gong, Arun Hampapur]"}, "218": {"gemma": "[Florence S\u00e8des, Andr\u00e9 P\u00e9ninou]"}, "219": {"gemma": "[Mario Piattini, Barbara Kitchenham]"}, "220": {"gemma": "[Henning Bruhn]"}, "221": {"gemma": "[Tomasz Woloszynski, Salvador Garc\u00eda]"}, "222": {"gemma": "[Karin Coninx, Kris Luyten, Jean Vanderdonckt]"}, "223": {"gemma": "[Kimmo Rautiainen, Merc\u00e8 Vall-Llossera, Adriano Camps]"}, "224": {"gemma": "[Lincoln Stein, Rodrigo Lopez]"}, "225": {"gemma": "[Yunong Zhang]"}, "226": {"gemma": "[Peter C.M. van Zijl, Susumu Mori, Issel Anne L Lim]"}, "227": {"gemma": "[Bart Vermeulen, Deepak Chauhan]"}, "228": {"gemma": "[Judith Good, Narcis Pares]"}, "229": {"gemma": "[Rudini Menezes Sampaio, Daniel Kr\u00e1l]"}, "230": {"gemma": "[Yiorgos Makris, Salvador Mir, Aritra Banerjee]"}, "231": {"gemma": "[Jussi Koskinen]"}, "232": {"gemma": "[Sachin Katti, Weihua Zhuang]"}, "233": {"gemma": "[Ming-Hsuan Yang, Xuelong Li, Dorin Comaniciu]"}, "234": {"gemma": "[Annegret Katrin Wagler, Claudio Gentile, Anna Galluccio]"}, "235": {"gemma": "[Philip J. Guo]"}, "236": {"gemma": "[Ferrante Neri, Zuzana Kominkova Oplatkova]"}, "237": {"gemma": "[Krishnendu Chakrabarty, Janusz Rajski, Ahmad A. Al-Yamani]"}, "238": {"gemma": "[Per \u00d6dling, Per Ola B\u00f6rjesson]"}, "239": {"gemma": "[Wenfei Fan, Xifeng Yan]"}, "240": {"gemma": "[Adrian S. Lewis, Ting Kei Pong]"}, "241": {"gemma": "[Kazuyuki Shudo, Hiroya Nagao]"}, "242": {"gemma": "[Elliot Moore, Mark A. Clements]"}, "243": {"gemma": "[Ian T. Foster, Rajkumar Kettimuthu, M. Wilde]"}, "244": {"gemma": "[J\u00fcrgen Schmidhuber, Dan C. Ciresan, Ueli Meier]"}, "245": {"gemma": "[Yacine Challal, Abdelmadjid Bouabdallah]"}, "246": {"gemma": "[Alan C. Bovik, Romain Cousseau]"}, "247": {"gemma": "[Dan J. Kim, Izak Benbasat, David Gefen, Detmar W. Straub, Viswanath Venkatesh]"}, "248": {"gemma": "[Theodora A. Varvarigou, Konstantinos Tserpes]"}, "249": {"gemma": "[Peigen Li]"}, "250": {"gemma": "[Emilio Delgado L\u00f3pez-C\u00f3zar]"}, "251": {"gemma": "[Yang Liu, Ian T. Foster, SungHo Chin]"}, "252": {"gemma": "[Lai-Rong Dung, Chung-Neng Wang, Chok-Kwan Cheung]"}, "253": {"gemma": "[Charles Chiang, John Lillis, Jinjun Xiong, Jingyu Xu]"}, "254": {"gemma": "[D. S. Guru, S. Manjunath]"}, "255": {"gemma": "[Huiyong Xiao]"}, "256": {"gemma": "[Guangming Shi, Weisheng Dong]"}, "257": {"gemma": "[Eisuke Ito, Yoshiaki Kasahara, Naomi Fujimura]"}, "258": {"gemma": "[Henrik Bj\u00f6rklund, Sergei Vorobyov, Marcin Jurdzinski]"}, "259": {"gemma": "[Tristan Glatard, Alan C. Evans, Samir Das]"}, "260": {"gemma": "[Susana Vinga, Jonas S. Almeida]"}, "261": {"gemma": "[Tsang-Long Pao, Yu-Te Chen]"}, "262": {"gemma": "[Kerstin Dautenhahn, Filomena Soares]"}, "263": {"gemma": "[Jason S. Chang, Jian-Cheng Wu]"}, "264": {"gemma": "[John Shalf, Samuel Williams, Leonid Oliker]"}, "265": {"gemma": "[Francesc J. Ferri, Jesus Malo, Rafael Navarro, Irene Epifanio]"}, "266": {"gemma": "[Witold Pedrycz, Hector Garcia-Molina, Kanishka Bhaduri]"}, "267": {"gemma": "[Richard Szeliski, Xiaodong Zhang]"}, "268": {"gemma": "[Pradip Bose, Antonio Rubio]"}, "269": {"gemma": "[Marco Tomassini]"}, "270": {"gemma": "[Abigail Morrison, Markus Diesmann]"}, "271": {"gemma": "[Aur\u00e9lio C. Campilho, Carlos Cuadrado, Javier D\u00edaz]"}, "272": {"gemma": "[Klaus David, Olaf Droegehorn, Chris D. Nugent, Liming Chen]"}, "273": {"gemma": "[Philip Levis, John A. Stankovic]"}, "274": {"gemma": "[Charles Oppenheim, Michael Norris]"}, "275": {"gemma": "[Tehmina Amjad, Juanzi Li, Ying Ding]"}, "276": {"gemma": "[Haijun Zhang, Dingde Jiang]"}, "277": {"gemma": "[Sven Casteleyn]"}, "278": {"gemma": "[Kensuke Harada, Hirohisa Hirukawa]"}, "279": {"gemma": "[Shmuel Ur, Gerhard Weikum, Yuanyuan Zhou, Moonzoo Kim]"}, "280": {"gemma": "[Tatiana Tatusova, Rodrigo Lopez, Kim D. Pruitt]"}, "281": {"gemma": "[France Belanger, Brian Detlor]"}, "282": {"gemma": "[Toby Walsh, Tom Kelsey, Ian P. Gent, Steve Linton]"}, "283": {"gemma": "[Srinivas Devadas, Roel Maes, Matthias Hiller]"}, "284": {"gemma": "[Tal Pupko, Nir Ben-Tal, Sriram Sankararaman]"}, "285": {"gemma": "[Andrew F. Hart, Steve Hughes]"}, "286": {"gemma": "[Christopher D. Manning, Jelena Jovanovic]"}, "287": {"gemma": "[Shlomo Havlin]"}, "288": {"gemma": "[Gheorghe Stefanescu, Cezara Dragoi]"}, "289": {"gemma": "[Dan Suciu, Alexandra Poulovassilis]"}, "290": {"gemma": "[Kentaro Toyama, William Thies]"}, "291": {"gemma": "[Coert Metz, Michiel Schaap]"}, "292": {"gemma": "[Agn\u00e8s B\u00e9gu\u00e9]"}, "293": {"gemma": "[Fotis N. Koumboulis, Sten Bay J\u00f8rgensen, Michel Gevers]"}, "294": {"gemma": "[Cesare Alippi, Manuel Roveri]"}, "295": {"gemma": "[Di Huang, Gabriele Sabatino]"}, "296": {"gemma": "[Juan I. Asensio-P\u00e9rez, Adolfo Ruiz-Calleja]"}, "297": {"gemma": "[Ralf Muhlberger, Alexis Kirke]"}, "298": {"gemma": "[Rolf Apweiler, J. Lynn Fink]"}, "299": {"gemma": "[Li-Yi Wei, Jean-Claude Paul]"}, "300": {"gemma": "[Robert Morris, Albert Banchs]"}, "301": {"gemma": "[H.V. Poor]"}, "302": {"gemma": "[Takehiro Inohara, D.M. Kilgour]"}, "303": {"gemma": "[Michael Wimmer, Katerina Mania, George Alex Koulieris]"}, "304": {"gemma": "[Rimon Barr, Emmanuel Chaput]"}, "305": {"gemma": "[Huaping Liu, Fuchun Sun]"}, "306": {"gemma": "[Tao Xiong, Chi-Wang Shu]"}, "307": {"gemma": "[Elankayer Sithirasenan, Vallipuram Muthukkumarasamy, Michel Barbeau]"}, "308": {"gemma": "[Thomas Wiegand, Woo-jin Han, Jani Boutellier]"}, "309": {"gemma": "[Kang Ryoung Park]"}, "310": {"gemma": "[Pawe\u0142 Pra\u0142at, Margaret-Ellen Messinger]"}, "311": {"gemma": "[Carla Manni, Tom Lyche]"}, "312": {"gemma": "[David P. Wipf, Yoram Bresler]"}, "313": {"gemma": "[Moritz Werling, Christoph Stiller, Thorsten Luettel]"}, "314": {"gemma": "[Alireza Sepas-Moghaddam]"}, "315": {"gemma": "[Xavier Hinaut]"}, "316": {"gemma": "[Alberto Sanfeliu]"}, "317": {"gemma": "[Henning Schulzrinne, Mustaque Ahamad, Jan Seedorf]"}, "318": {"gemma": "[Vern Paxson, Giovanni Vigna]"}, "319": {"gemma": "[Patrick Hild, Carsten Carstensen]"}, "320": {"gemma": "[Vladim\u00edr Mar\u00edk, Alois Zoitl, Paulo Leit\u00e3o]"}, "321": {"gemma": "[Paolo Bouquet]"}, "322": {"gemma": "[Andy J. Wellings, Ren\u00e9 Rydhof Hansen, Martin Schoeberl, Ana Cavalcanti]"}, "323": {"gemma": "[Robert J. K. Jacob, Erin Treacy Solovey]"}, "324": {"gemma": "[Jakob Nordstr\u00f6m, Jochen Messner]"}, "325": {"gemma": "[Kuldip Kumar Paliwal, James Lyons, Abdollah Dehzangi]"}, "326": {"gemma": "[Leandro Navarro, Davide Vega]"}, "327": {"gemma": "[Olivier Finkel]"}, "328": {"gemma": "[Anand Sivasubramaniam, Andreas Weissel]"}, "329": {"gemma": "[Srikanth Kandula, Songwu Lu]"}, "330": {"gemma": "[Nick Feamster, Scott Shenker, Farnam Jahanian, Amin Vahdat]"}, "331": {"gemma": "[Roland Siegwart, Jacopo Aleotti]"}, "332": {"gemma": "[Thomas Ertl, R\u00fcdiger Westermann, Markus H. Gross]"}, "333": {"gemma": "[Murray E. Jennex, Maryam Alavi, Murali Raman]"}, "334": {"gemma": "[Jin Chen, Lin Zhu]"}, "335": {"gemma": "[Dacheng Tao, Yu Qiao]"}, "336": {"gemma": "[Hartmut Ehrig, Leen Lambers, Pawe\u0142 Soboci\u0144ski]"}, "337": {"gemma": "[Bart Selman, Holger H. Hoos, Kevin Leyton-Brown, Lars Kotthoff]"}, "338": {"gemma": "[Christof Paar]"}, "339": {"gemma": "[Robert F. Mills, Michael A. Temple]"}, "340": {"gemma": "[Hui Li, David E. Culler, Yaling Yang]"}, "341": {"gemma": "[Lars Hedrich, Scott Little]"}, "342": {"gemma": "[Daniel D. Gajski, Yosinori Watanabe]"}, "343": {"gemma": "[Alysson Neves Bessani]"}, "344": {"gemma": "[Lucian Ilie, Shunsuke Inenaga, Hideo Bannai]"}, "345": {"gemma": "[Alessandro Saffiotti, Wolfram Burgard, Dieter Fox, Antonio Sgorbissa]"}, "346": {"gemma": "[G. Uma, M. Shanmugam]"}, "347": {"gemma": "[Robert Morris, Graham Sexton, Nauman Aslam]"}, "348": {"gemma": "[Stephen Lin, Joo Hwee Lim, Marcel Worring]"}, "349": {"gemma": "[Eduardo Tavares, Raimundo S. Barreto]"}, "350": {"gemma": "[Moo K. Chung, Michael I. Miller, Stacey M. Schaefer]"}, "351": {"gemma": "[Man Zhang]"}, "352": {"gemma": "[Ashish Khare, Subrahmanyam Murala]"}, "353": {"gemma": "[Tomomichi Hagiwara, Denis Arzelier, Yohei Hosoe]"}, "354": {"gemma": "[Peter J. Hunter, James R. Faeder, Michael L. Blinov]"}, "355": {"gemma": "[Y. Charlie Hu]"}, "356": {"gemma": "[Michal Irani]"}, "357": {"gemma": "[Justine Cassell, Ha Trinh]"}, "358": {"gemma": "[Allan D. Knies, Gianluca Iannaccone]"}, "359": {"gemma": "[Utkarsh Srivastava, Anisoara Nica, Michael Stonebraker]"}, "360": {"gemma": "[Jos\u00e9 F. Moreno, Jos\u00e9 A. Sobrino]"}, "361": {"gemma": "[Yehuda Koren, Liran Carmel]"}, "362": {"gemma": "[Imran Memon]"}, "363": {"gemma": "[Iickho Song]"}, "364": {"gemma": "[Luminita A. Vese, Jianbo Liu]"}, "365": {"gemma": "[Wolfgang Rosenstiel]"}, "366": {"gemma": "[Seong Whan Lee, Xilin Chen]"}, "367": {"gemma": "[Gloria P\u00e9rez, Antonio Alonso-Ayuso, Mar\u00eda Araceli Gar\u00edn]"}, "368": {"gemma": "[Leon J. Osterweil, Carrie Gates, Matt Bishop, Christian W. Probst, Sidney Karin, Sean Peisert]"}, "369": {"gemma": "[Francesco Ricca, Torsten Schaub, Roland Kaminski, Benjamin Kaufmann]"}, "370": {"gemma": "[Daowen Qiu, Beatrice Palano]"}, "371": {"gemma": "[An\u00edbal Ollero, Abdolkarim Pahliani]"}, "372": {"gemma": "[Ling Feng, Alon Y. Halevy]"}, "373": {"gemma": "[John Riedl, Shilad Sen]"}, "374": {"gemma": "[Simone Bianco, Silvia Corchs, Raimondo Schettini, Weisi Lin]"}, "375": {"gemma": "[Paulo J. Azevedo, Martin T. Swain, Eamonn J. Keogh]"}, "376": {"gemma": "[Natalia M. Markovich, Udo R. Krieger, Philipp M. Eittenberger, Yong Liu]"}, "377": {"gemma": "[Motohiko Isaka, Jian Song]"}, "378": {"gemma": "[Ming C. Lin, Gabriel Zachmann, Rene Weller]"}, "379": {"gemma": "[Christian Bienia, Heiko Falk]"}, "380": {"gemma": "[Philipp Reinecke, Jeremy T. Bradley, Stephen Gilmore, Peter G. Harrison]"}, "381": {"gemma": "[Paul M. Thompson, Talia M. Nir, Clifford R. Jack, Margaret J. Wright]"}, "382": {"gemma": "[Ana Lucila Sandoval Orozco, Luis Javier Garc\u00eda Villalba]"}, "383": {"gemma": "[Eduardo Tovar, Konstantinos Bletsas, Shinpei Kato]"}, "384": {"gemma": "[Jie Ding, Ai-Guo Wu]"}, "385": {"gemma": "[Jeffrey P. Bigham]"}, "386": {"gemma": "[Peter Kritzer, Friedrich Pillichshammer, Henryk Wo\u017aniakowski, Ian H. Sloan]"}, "387": {"gemma": "[Vicki L. Hanson, Simone Bacellar Leal Ferreira]"}, "388": {"gemma": "[Paolo Maffezzoni]"}, "389": {"gemma": "[Shuicheng Yan, Wen-Sheng Chen, Pong Chi Yuen]"}, "390": {"gemma": "[Saket Saurabh, Hirotaka Ono]"}, "391": {"gemma": "[Rafael Aracil, Jos\u00e9 Maria Azor\u00edn]"}, "392": {"gemma": "[Mohamed Cheriet, Azeddine Beghdadi, Chew Lim Tan]"}, "393": {"gemma": "[Sjaak Brinkkemper, Fabiano Dalpiaz, Garm Lucassen]"}, "394": {"gemma": "[Jiye Liang, Yuhua Qian]"}, "395": {"gemma": "[Kwok-Wo Wong]"}, "396": {"gemma": "[Jos\u00e9 M. Val\u00e9rio de Carvalho]"}, "397": {"gemma": "[Assaf Schuster, Kai Li, Song Jiang, Xubin He, Gala Yadgar]"}, "398": {"gemma": "[Andrew T. Campbell, Lianggui Liu]"}, "399": {"gemma": "[Andrea C. Arpaci-Dusseau, David C. van Moolenbroek, Swaminathan Sundararaman]"}, "400": {"gemma": "[Philippe Robert, Kamiar Aminian, Bijan Najafi, F. Loew]"}, "401": {"gemma": "[Mario Piattini, Igor Ebrahim dos Santos]"}, "402": {"gemma": "[Rhema Linder, Andruid Kerne]"}, "403": {"gemma": "[Richard L. Graham, Dhabaleswar K. Panda, Matthew J. Koop]"}, "404": {"gemma": "[Tanja Schultz, Udhyakumar Nallasamy, Daniel Povey, H. Soltau]"}, "405": {"gemma": "[Frank Kargl, Heekuck Oh, Panos Papadimitratos]"}, "406": {"gemma": "[Jean-Michel Fourneau, Franck Quessette]"}, "407": {"gemma": "[Prashant Krishnamurthy, Yishuang Geng, Kaveh Pahlavan]"}, "408": {"gemma": "[Djoko Sigit Sayogo, Theresa A. Pardo]"}, "409": {"gemma": "[Mario Gerla, Donald F. Towsley, Raffaello Secchi]"}, "410": {"gemma": "[Subhash Khot, Konstantinos Georgiou, Iannis Tourlakis]"}, "411": {"gemma": "[Tao Qin, Alexandros Karatzoglou]"}, "412": {"gemma": "[Mario Gerla, Zahoor Ali Khan, Jun-Hong Cui, Michele Zorzi]"}, "413": {"gemma": "[Rolf Hoffmann, Patrick Ediger]"}, "414": {"gemma": "[Steve Benford, Eva Hornecker, Paul Marshall]"}, "415": {"gemma": "[ChengXiang Zhai, Maarten de Rijke, W. Bruce Croft]"}, "416": {"gemma": "[Huan Liu, Yang Xiao, Yan Zhang]"}, "417": {"gemma": "[Hani Hagras, Engin Yesil, Patricia Melin, Witold Pedrycz, Jerry M. Mendel]"}, "418": {"gemma": "[Salvador Luna-Ram\u00edrez, Mat\u00edas Toril, Holger Claussen]"}, "419": {"gemma": "[Jun Tani, Pierre-Yves Oudeyer, Chrystopher L. Nehaniv, Tetsuya Ogata]"}, "420": {"gemma": "[Victor Santib\u00e1\u00f1ez, Victor M. Hern\u00e1ndez-Guzm\u00e1n]"}, "421": {"gemma": "[Tim G\u00fcneysu, Christof Paar, Tobias Oder]"}, "422": {"gemma": "[Igor \u0160krjanc, Stefan Preitl, Mircea-Bogdan Rdac]"}, "423": {"gemma": "[Neil J. Gordon, M.S. Arulampalam]"}, "424": {"gemma": "[Longcheng Liu, Jianzhong Zhang, Enyu Yao]"}, "425": {"gemma": "[Marc Peeters]"}, "426": {"gemma": "[Bart Baesens, Leandro L. Minku, Karel Dejaeger]"}, "427": {"gemma": "[Erez Zadok, Lara Khansa, Xing Gao]"}, "428": {"gemma": "[Iryna Gurevych, John P. McCrae, Philipp Cimiano, Judith Eckle-Kohler]"}, "429": {"gemma": "[Ruth Breu, Michael Felderer]"}, "430": {"gemma": "[Thomas Kunz, Bhaskar Krishnamachari]"}, "431": {"gemma": "[Guttorm Sindre, Mario Piattini]"}, "432": {"gemma": "[Timothy A. Miller, Mark A. Paskin]"}, "433": {"gemma": "[Eni G. Njoku, Jeffrey R. Piepmeier]"}, "434": {"gemma": "[Gerard J. M. Smit, Michel A. J. Rosien]"}, "435": {"gemma": "[Tanumay Datta, Kenta Kasai, Anupap Meesomboon]"}, "436": {"gemma": "[Gustavo Rossi, Stefano Ceri, Marino Linaje]"}, "437": {"gemma": "[Cheng-Wen Wu, Jen-Chieh Yeh, Rei-Fu Huang, Chih-Wea Wang, Chih-Feng Wu]"}, "438": {"gemma": "[Ramesh Raskar, Christin Seifert, Gerald Fritz, Thomas Willwacher]"}, "439": {"gemma": "[Min Wu, Huaguang Zhang, Jun Wang]"}, "440": {"gemma": "[Kamal Al Nasr, Wah Chiu]"}, "441": {"gemma": "[Hubert Emptoz, R. Manmatha, Kengo Terasawa]"}, "442": {"gemma": "[Mai Vu, Luxi Yang]"}, "443": {"gemma": "[Zakaria Maamar, Schahram Dustdar]"}, "444": {"gemma": "[Jens Lehmann, Wei Hu, Fran\u00e7ois Scharffe, Ond\u0159ej \u0160v\u00e1b-Zamazal]"}, "445": {"gemma": "[Thomas Fevens, Pawe\u0142 Filipczuk, Marek Kowal]"}, "446": {"gemma": "[Yoshiki Shimomura, Tetsuo Tomiyama]"}, "447": {"gemma": "[Michal Pluhacek, Zuzana Kominkova Oplatkova, Srinivas Palanki, Dominique Bonvin]"}, "448": {"gemma": "[Yuming Jiang, Dacheng Yang, Lin Sang]"}, "449": {"gemma": "[Philippe Gaborit, Pedro Peris-Lopez, Ari Juels]"}, "450": {"gemma": "[Mitsuo Gen]"}, "451": {"gemma": "[Umapada Pal, Zhixin Shi, Laurence Likforman-Sulem]"}, "452": {"gemma": "[Norihiro Hagita, Hiroshi Ishiguro, Shuyin Li]"}, "453": {"gemma": "[Eva Onaindia, Derek Long, Luis Castillo]"}, "454": {"gemma": "[Mahadev Satyanarayanan]"}, "455": {"gemma": "[Giovanni Righini, Yuvraj Gajpal]"}, "456": {"gemma": "[Wei-Hung Lin]"}, "457": {"gemma": "[Bong Dae Choi, Giuseppe Bianchi, Jin Soo Park, Kyung Jae Kim]"}, "458": {"gemma": "[David C. Schwartz, Mihai Pop]"}, "459": {"gemma": "[Marianne Winslett, Nicola Zannone, Daniel Olmedilla, Ninghui Li]"}, "460": {"gemma": "[Peter Stone]"}, "461": {"gemma": "[Dan Boneh, Vincenzo Iovino]"}, "462": {"gemma": "[Kuan-Ching Li, Wen-Chung Shih]"}, "463": {"gemma": "[\u00c1lvaro F. Moreira, Federica Mandreoli, Marco Mesiti, Carlo Zaniolo, Nina Edelweiss]"}, "464": {"gemma": "[David Z. Pan, Gokul Kumar]"}, "465": {"gemma": "[Petros Elia, Gregory W. Wornell]"}, "466": {"gemma": "[Hideo Fujiwara, Bruno Rouzeyre]"}, "467": {"gemma": "[Aristidis Likas]"}, "468": {"gemma": "[Nian Li, Chunming Tang, Guang Gong]"}, "469": {"gemma": "[Franco Tecchia, Susan R. Fussell]"}, "470": {"gemma": "[Joel H. Saltz, Tahsin M. Kur\u00e7]"}, "471": {"gemma": "[Wen Gao, Xuelong Li, Kaiming He, King Ngi Ngan]"}, "472": {"gemma": "[Jingtao Yao, Yuhua Qian]"}, "473": {"gemma": "[Xiang Chen, Aaron Mavrinac]"}, "474": {"gemma": "[Robert I. M. Young, Falko Kuester, Jason Leigh, James F. Courtney]"}, "475": {"gemma": "[Simon Harding, Julian F. Miller]"}, "476": {"gemma": "[Stefan Paulus, Heiner Kuhlmann]"}, "477": {"gemma": "[Mike P. Papazoglou]"}, "478": {"gemma": "[Nikolaos Efthymiopoulos, Maria Efthymiopoulou]"}, "479": {"gemma": "[Erik Jan Marinissen, Matthieu Tuna]"}, "480": {"gemma": "[Jo\u00e3o Paulo Teixeira, M. B. Santos, Fabian Vargas, Isabel C. Teixeira]"}, "481": {"gemma": "[Tomasz Kornuta, Cezary Zieli\u0144ski]"}, "482": {"gemma": "[Vimla L. Patel, Suzanne Bakken]"}, "483": {"gemma": "[Jie Sun, Michel Th\u00e9ra]"}, "484": {"gemma": "[Kesheng Wu, E. Wes Bethel]"}, "485": {"gemma": "[Kori Inkpen, Shaun W. Lawson]"}, "486": {"gemma": "[Jaijeet S. Roychowdhury, Edward Sazonov, Muhammad Farooq]"}, "487": {"gemma": "[Ian T. Foster]"}, "488": {"gemma": "[Robert Stevens, Erick Antezana]"}, "489": {"gemma": "[Niels Grabe, Thora Pommerencke]"}, "490": {"gemma": "[Philip S. Yu, Mohammed J. Zaki, Anthony K. H. Tung]"}, "491": {"gemma": "[Marc Alexa, Olga Sorkine]"}, "492": {"gemma": "[Ming C. Lin, Lakulish Antani]"}, "493": {"gemma": "[Igor L. Markov, Fadi A. Aloul, Karem A. Sakallah]"}, "494": {"gemma": "[Christophe Lohr, Jean-Pierre Courtiat]"}, "495": {"gemma": "[Mukesh Agrawal, Sung Kyu Lim, Gabriel H. Loh]"}, "496": {"gemma": "[Gianfranco Fornaro, E. Sansosti, Sandro Moretti]"}, "497": {"gemma": "[Peter Stanchev, Jo\u00e3o Gra\u00e7a]"}, "498": {"gemma": "[Yilong Yin, Gongping Yang, Xiaoming Xi, Ramachandra Raghavendra]"}, "499": {"gemma": "[Wei Wang, Jun Zhao, Guangming Xie]"}}