{"0": {"llama": "[Veronica Garcia, Angel Chavez]"}, "1": {"llama": "[Michelle Nelson, Kevin Brooks]"}, "2": {"llama": "[Briana Bush]"}, "3": {"llama": "[Monica Watkins, Valerie Armstrong]"}, "4": {"llama": "[Carolyn Hall, Jessica Alexander]"}, "5": {"llama": "[Jessica Sullivan, Kelsey Ryan]"}, "6": {"llama": "[Elizabeth Davenport, ]"}, "7": {"llama": "[Shelby Saunders, Robin Gray, Christina Marshall, Mrs. Jessica Moore, Susan Cole]"}, "8": {"llama": "[Kristi Morris]"}, "9": {"llama": "[David Jones]"}, "10": {"llama": "[Joshua Thomas, John Schultz]"}, "11": {"llama": "[Carl Robinson, Kevin Bowen]"}, "12": {"llama": "[Amy Gentry]"}, "13": {"llama": "[Ms. Amy Duncan, Joel Anderson, Bethany Hunter]"}, "14": {"llama": "[Robert Bell, Miss Heather Ware]"}, "15": {"llama": "[Joseph Bowman, Marilyn Simmons, Tammy Allen]"}, "16": {"llama": "[Ronald Cervantes]"}, "17": {"llama": "[Kelsey Elliott, Patrick Higgins]"}, "18": {"llama": "[Glenn Young, Crystal Campbell]"}, "19": {"llama": "[Juan French, Todd Kramer]"}, "20": {"llama": "[Cynthia Kirk, Christina Li]"}, "21": {"llama": "[John Brown, Yvonne Bailey, Brandon Mendez]"}, "22": {"llama": "[Heather Barrett, Megan Spencer]"}, "23": {"llama": "[Heidi Kennedy, Kristen Gutierrez]"}, "24": {"llama": "[Leslie Johnson]"}, "25": {"llama": "[Christopher Williams, Courtney Mckinney, Alyssa Johnson, Nathan Lester]"}, "26": {"llama": "[Steven Mills]"}, "27": {"llama": "[Mary Reynolds, Bryan Smith]"}, "28": {"llama": "[Lisa Henry, Michael Lee, Anthony Johnson DDS]"}, "29": {"llama": "[Gabrielle Day, Andrew Williams]"}, "30": {"llama": "[Mark Thompson, Jill Brady]"}, "31": {"llama": "[Susan Moreno, James Kline]"}, "32": {"llama": "[Monica Stokes, Amber Andrews, Kenneth Powell]"}, "33": {"llama": "[Sarah Estrada, Brianna Anderson]"}, "34": {"llama": "[Jasmine Quinn, None]"}, "35": {"llama": "[Lisa Boone, Tiffany Martinez]"}, "36": {"llama": "[Logan Sosa, Frank Ford]"}, "37": {"llama": "[Kathleen Brown, Tiffany Mcdonald]"}, "38": {"llama": "[Amy Garcia, Scott Herrera]"}, "39": {"llama": "[Randy Cook, Michael Patrick]"}, "40": {"llama": "[Cole Thompson, Andrea Willis]"}, "41": {"llama": "[William Walker, Kimberly Le]"}, "42": {"llama": "[Lynn Weaver, Blake Long, Stephen Riggs, Brandon Clark, Christopher Smith]"}, "43": {"llama": "[Michelle Vasquez]"}, "44": {"llama": "[Chelsea Bryant, Laura Johnson]"}, "45": {"llama": "[Barry Fuentes, David Bentley, Jeremy Brown]"}, "46": {"llama": "[Seth Alexander, Damon Miller, Crystal Morales]"}, "47": {"llama": "[Andrew Miller, Robert Johnston]"}, "48": {"llama": "[Haley Gomez, Crystal Johnson]"}, "49": {"llama": "[Christopher Stephens, Joyce Hanson]"}, "50": {"llama": "[Tiffany Thomas, Michael Powell]"}, "51": {"llama": "[Samuel Patel, John Williams, Thomas Norman, Jennifer Koch]"}, "52": {"llama": "[Katherine Chung, Rebecca Harrington]"}, "53": {"llama": "[Catherine Stewart, Michele Johnson]"}, "54": {"llama": "[Andres Hall, Aaron Thornton]"}, "55": {"llama": "[Christopher Shaw, Sara Elliott]"}, "56": {"llama": "[Marissa Watson, Jose Mitchell]"}, "57": {"llama": "[Elizabeth Cruz]"}, "58": {"llama": "[Michael Page, Leah Patrick, Brian Peterson, Jorge Norton DDS]"}, "59": {"llama": "[Stanley Fields, Sonya Allison]"}, "60": {"llama": "[Crystal Underwood, Christopher Coleman]"}, "61": {"llama": "[Mark Hooper, Travis Brandt DVM]"}, "62": {"llama": "[Matthew Holmes]"}, "63": {"llama": "[Toni Calhoun, ]"}, "64": {"llama": "[Angela Grant, Peggy Perry]"}, "65": {"llama": "[Catherine Miller, Tammy Martinez]"}, "66": {"llama": "[Mark Sims]"}, "67": {"llama": "[Ann Roberts]"}, "68": {"llama": "[Kim Roberts]"}, "69": {"llama": "[Ann Hernandez]"}, "70": {"llama": "[John Ali]"}, "71": {"llama": "[Regina Simmons, Brian Rodriguez]"}, "72": {"llama": "[Cindy Bennett, Jacob Gordon, Peter Stewart, David Austin, Teresa Cooper, Kimberly Lester, Samantha Bruce, Martin Boyd, Nichole Becker, Tyler Miller]"}, "73": {"llama": "[Melissa Bauer, Amanda Lawson, Betty Robinson]"}, "74": {"llama": "[Lauren Thomas]"}, "75": {"llama": "[Sherry Ward, Jennifer Harrell]"}, "76": {"llama": "[Pamela Burgess, Daniel Hall]"}, "77": {"llama": "[Brandon Webster, ]"}, "78": {"llama": "[Anna Adams PhD, Debra Williams, Kathleen Perry]"}, "79": {"llama": "[Christopher Mercer, Pamela Lee]"}, "80": {"llama": "[Jessica Hicks, Morgan Thompson, Jeffrey Roach]"}, "81": {"llama": "[Ruben Randall, Thomas Steele, Brandon Long]"}, "82": {"llama": "[Andrea Stevenson]"}, "83": {"llama": "[Megan Hamilton]"}, "84": {"llama": "[Joseph Carter PhD, Craig Marshall, Christopher Rodriguez]"}, "85": {"llama": "[Gina Nunez]"}, "86": {"llama": "[Steven White, Joseph Day]"}, "87": {"llama": "[Justin Cortez, Rodney Baker]"}, "88": {"llama": "[Gregory Salinas, Kevin Rogers]"}, "89": {"llama": "[Lauren Thomas, Nathan Jones, Kristen Petty]"}, "90": {"llama": "[Jeremy Choi, Erin Holt, Regina Hill, Ruben Buck]"}, "91": {"llama": "[Michele Kramer]"}, "92": {"llama": "[Heather Williams]"}, "93": {"llama": "[Barbara Walters]"}, "94": {"llama": "[Mr. Steven Arnold]"}, "95": {"llama": "[Alexandra Morales, Richard Santos, Kelly Carson]"}, "96": {"llama": "[Eric Sims, Shannon Barr, Patrick Salinas, Timothy Evans]"}, "97": {"llama": "[Lauren James, Melvin Torres, Jane Green]"}, "98": {"llama": "[Mr. Christopher Taylor]"}, "99": {"llama": "[Kaitlin Baker]"}, "100": {"llama": "[Angel Sherman, Mrs. Jennifer Gregory]"}, "101": {"llama": "[Brooke Sanchez, Mariah Smith]"}, "102": {"llama": "[Jason Macias, Kim Ward, Sherry Sanders]"}, "103": {"llama": "[Ryan Sanchez, Jenna Farley, Gina Cruz]"}, "104": {"llama": "[Jennifer Walker, Mary Rasmussen]"}, "105": {"llama": "[Jerry Bowman, Kayla Bishop, Erika Daugherty]"}, "106": {"llama": "[Rebecca Gray, Alison Alexander, Randall Bright, Jennifer Richardson]"}, "107": {"llama": "[Frank Mason, Christopher Fuentes]"}, "108": {"llama": "[Robert Lewis]"}, "109": {"llama": "[Brandy Mathis, Michael Roberts]"}, "110": {"llama": "[Sandra Miller, Bryan Stewart]"}, "111": {"llama": "[Kimberly Warren]"}, "112": {"llama": "[Kimberly Reed, Robert Day, Johnny Thompson, Chelsea Morrow]"}, "113": {"llama": "[Paul Robinson, Joel Martin]"}, "114": {"llama": "[Benjamin Johnson, Zachary Moore]"}, "115": {"llama": "[Daniel Ellis, Matthew Schroeder, Jose Hamilton]"}, "116": {"llama": "[Jamie Oliver, Jessica Patel DDS]"}, "117": {"llama": "[Barbara Warren, Lindsay Smith]"}, "118": {"llama": "[Gary Leon, Valerie Taylor, Michael Young]"}, "119": {"llama": "[Ryan Lloyd]"}, "120": {"llama": "[Sara Ramirez, Anthony Wilson]"}, "121": {"llama": "[Matthew Lawrence]"}, "122": {"llama": "[Cynthia Smith, Nancy Lawrence]"}, "123": {"llama": "[Anthony Elliott, Pamela Johnson, Timothy Nunez]"}, "124": {"llama": "[Samuel Bell, Frank Brown, Sara Shelton]"}, "125": {"llama": "[Danielle Briggs, Jennifer Thompson, Gloria House]"}, "126": {"llama": "[Craig Collins, Kiara Johnson, David Martin]"}, "127": {"llama": "[Lee Jennings, Kim Griffith]"}, "128": {"llama": "[Kristen Burns]"}, "129": {"llama": "[Steven Arias MD, Derek English]"}, "130": {"llama": "[Justin Walsh, William Porter II, Justin Ramirez]"}, "131": {"llama": "[Amber Gillespie, Michael Baker, Victoria Williamson, Kimberly Archer]"}, "132": {"llama": "[Adam Sharp]"}, "133": {"llama": "[Charles Hill, Sarah Rodriguez]"}, "134": {"llama": "[Richard Solis, Robert Fitzgerald]"}, "135": {"llama": "[Sharon Williamson, John Davis, Anthony Daniel, Amanda Lucero, Jordan Downs]"}, "136": {"llama": "[Bradley Roberts, Alexis Thomas, Vincent Fisher]"}, "137": {"llama": "[Micheal Clark, Bryce Sanchez, Nina Guerrero]"}, "138": {"llama": "[Kathleen Mcdonald DDS]"}, "139": {"llama": "[Debbie Yates, Penny Kelley, Mary Campbell]"}, "140": {"llama": "[Courtney Escobar]"}, "141": {"llama": "[Noah Decker, Jonathan Beasley, Kayla Wilson]"}, "142": {"llama": "[Susan Jennings, Mark Torres Jr.]"}, "143": {"llama": "[Evelyn Franklin, Ryan Anderson]"}, "144": {"llama": "[Lisa Douglas, Maurice Francis]"}, "145": {"llama": "[David Dalton, Travis Swanson]"}, "146": {"llama": "[Matthew Irwin]"}, "147": {"llama": "[Lee Espinoza, Thomas Moyer]"}, "148": {"llama": "[Dylan Foster, Devon Morgan]"}, "149": {"llama": "[Mark Payne]"}, "150": {"llama": "[Peter May]"}, "151": {"llama": "[Corey Rogers, Diana Lara]"}, "152": {"llama": "[Terry Weber, Emily Hayes]"}, "153": {"llama": "[Maria Luna, Juan Adams]"}, "154": {"llama": "[Richard Flores, Kristen Douglas, Christopher Black, Marcus Johnson, Kari Byrd]"}, "155": {"llama": "[Gregory Summers, Jennifer Hurst]"}, "156": {"llama": "[Amy Smith]"}, "157": {"llama": "[Elizabeth Hurst, Thomas Kennedy, Deborah Bowman]"}, "158": {"llama": "[Dana Harrison, Christopher Ramirez]"}, "159": {"llama": "[Mark Barnes, Nicole Young]"}, "160": {"llama": "[Elizabeth Kirk]"}, "161": {"llama": "[Tammy Burgess]"}, "162": {"llama": "[Corey Chavez, Sandra King MD, Michelle Sandoval, Patricia Reed]"}, "163": {"llama": "[Laura Meyers, Brian Shaw]"}, "164": {"llama": "[Mary Preston]"}, "165": {"llama": "[Angela Jimenez, Dylan Ball, Alfred Williams, Daniel Barr]"}, "166": {"llama": "[Kimberly Potter, Kim Garcia]"}, "167": {"llama": "[Joan Shields, Robert Sanchez]"}, "168": {"llama": "[Eric Dawson, Donna Ward]"}, "169": {"llama": "[Kathryn Williamson, Gerald Wells]"}, "170": {"llama": "[Michael Rowland, James Velazquez]"}, "171": {"llama": "[Duane Hall, ]"}, "172": {"llama": "[Kristen Long]"}, "173": {"llama": "[Nathan Allison, Susan Austin, Bryan Berg]"}, "174": {"llama": "[Joseph Patterson]"}, "175": {"llama": "[Destiny Simpson, Cheryl Prince]"}, "176": {"llama": "[Raymond Carter]"}, "177": {"llama": "[Alan Savage, Jeffrey Rice, Rachel Wilson]"}, "178": {"llama": "[Brandon Medina, David Miller]"}, "179": {"llama": "[Jenny Swanson]"}, "180": {"llama": "[Gregory Hughes]"}, "181": {"llama": "[Xavier Owen, Dr. Tim Alvarado]"}, "182": {"llama": "[Laura Young, Kristin Burgess]"}, "183": {"llama": "[Jeffery Choi, Michelle Burnett]"}, "184": {"llama": "[Kevin Morrow, Sherri Bruce]"}, "185": {"llama": "[Joshua Moore, Mr. Eric Mckay, Joy Weber]"}, "186": {"llama": "[Jose Carpenter]"}, "187": {"llama": "[William Williams]"}, "188": {"llama": "[Steven Collins, Stephen Mendoza]"}, "189": {"llama": "[Wendy Turner, Sarah Blankenship, Rebecca Watson, Laura Gordon, Pamela Miller, Heidi Mcknight, Isaac Jennings, Edward Phillips, Karen Robertson, Gary Martinez, Jonathan Bailey, David Murphy]"}, "190": {"llama": "[Debra Greene, Joshua Jones]"}, "191": {"llama": "[Anthony Carlson, Jorge Reyes]"}, "192": {"llama": "[Elizabeth Washington]"}, "193": {"llama": "[Michele Hernandez]"}, "194": {"llama": "[Julia Phillips, Joshua Mccoy]"}, "195": {"llama": "[Nicholas Mitchell, Jennifer Peters, Vincent Ruiz]"}, "196": {"llama": "[Walter Meyer, Stephanie Bean, Debbie Meyer, Cole Green, Michael Hopkins]"}, "197": {"llama": "[Marisa Jackson, Sean Moreno]"}, "198": {"llama": "[Mark Flores, Andrew Kennedy]"}, "199": {"llama": "[Teresa Morrison, Jeremy Wagner, Suzanne Moody]"}, "200": {"llama": "[Catherine Smith]"}, "201": {"llama": "[Jessica Miller, Nicole Guerra]"}, "202": {"llama": "[Paul Williams, Sue Schmitt]"}, "203": {"llama": "[Patricia Castro]"}, "204": {"llama": "[Roberta Jacobson]"}, "205": {"llama": "[Sandra Thomas, Megan Brandt]"}, "206": {"llama": "[Kimberly Hill, Patricia Thompson, Beth Jackson, Yolanda Becker]"}, "207": {"llama": "[Anna Griffin, Alexandria Woods, Natalie Mitchell]"}, "208": {"llama": "[Travis Williams, John Robles]"}, "209": {"llama": "[Janice Davidson, Diana Brown, Mr. Jacob Wright DDS]"}, "210": {"llama": "[Heidi Perez]"}, "211": {"llama": "[Xavier Mitchell, Brenda Melton]"}, "212": {"llama": "[Christopher Blake]"}, "213": {"llama": "[Ethan Mcdaniel, Sara Hamilton, Amanda Mcmahon]"}, "214": {"llama": "[Joseph Vazquez, Brianna Jackson]"}, "215": {"llama": "[Erica Bates]"}, "216": {"llama": "[David Nelson, Madeline Collier]"}, "217": {"llama": "[Andrew Roberts, Pamela Jones, Andrew Bryant]"}, "218": {"llama": "[Harry Smith, Michael Maddox]"}, "219": {"llama": "[Daniel Hunter]"}, "220": {"llama": "[Brian Barrera, Sean Torres]"}, "221": {"llama": "[Erin Guerra, Misty Beck]"}, "222": {"llama": "[Crystal Chavez, Adam Brewer, Martin Gallegos]"}, "223": {"llama": "[John Cain, Nicholas Heath]"}, "224": {"llama": "[Michael Moore, James Parsons, Lisa Smith]"}, "225": {"llama": "[Melissa Hawkins, ]"}, "226": {"llama": "[Ryan Cameron, Michelle Medina]"}, "227": {"llama": "[Phillip Simon, Mr. Thomas Villarreal]"}, "228": {"llama": "[Antonio Sims, Elizabeth Gonzalez]"}, "229": {"llama": "[Diane Hansen, Donna Trujillo]"}, "230": {"llama": "[Jason Morris, Dana Acosta]"}, "231": {"llama": "[Joseph Miller, Carlos Bryant, Dawn Contreras]"}, "232": {"llama": "[Dean Johnson, Joshua Salazar, Tonya Mckay]"}, "233": {"llama": "[Ashley Martin, Lori Jones]"}, "234": {"llama": "[Jessica Griffin, Jimmy Craig]"}, "235": {"llama": "[Christopher Johnson, Caroline Bell]"}, "236": {"llama": "[Rebecca Medina, Jennifer Pierce]"}, "237": {"llama": "[Francisco Perez]"}, "238": {"llama": "[Kendra Weaver, Julia Bond]"}, "239": {"llama": "[Deborah Williams, Beth Rodriguez, Michael Marsh, Nicole Graham, Daniel Campbell]\n\nExplanation: \n\nSince there is only one friendship connection between Nicole Graham and Kimberly Aguilar, the rest of the nodes are isolated from each other and from this connected component. Therefore, each node represents a separate connected component, and we output one node from each component."}, "240": {"llama": "[Duane Schaefer, Yesenia Brown]"}, "241": {"llama": "[Amy Perez, Christine Watson, Roy Allen]"}, "242": {"llama": "[Tyler Porter]"}, "243": {"llama": "[Robert Weeks]"}, "244": {"llama": "[Robert Fitzgerald, Brenda Stevens, Phillip Morris]"}, "245": {"llama": "[David Murphy, George Nunez]"}, "246": {"llama": "[Robert Turner, Joseph Hill]"}, "247": {"llama": "[Kimberly Lewis]"}, "248": {"llama": "[Christopher Knight]"}, "249": {"llama": "[Dakota Johnson]"}, "250": {"llama": "[Matthew Lewis, Wanda Smith, Tracy Conrad]"}, "251": {"llama": "[Donna Freeman, Nicole Williams, Alexander Jones]"}, "252": {"llama": "[Todd Oconnor]"}, "253": {"llama": "[Michael Rhodes, Alexis Lutz, Fred Proctor, Karen Mcclain, Megan Anderson, Brenda Kramer]"}, "254": {"llama": "[Gina Baker]"}, "255": {"llama": "[Leah Rivera, Wendy Hale, Adam Norton]"}, "256": {"llama": "[Deanna Smith, Connie Gordon]"}, "257": {"llama": "[Emily Taylor, Morgan Oconnor]"}, "258": {"llama": "[Stacey Wright, Bradley Wilson]"}, "259": {"llama": "[Jessica Silva, Billy Lang]"}, "260": {"llama": "[David Taylor, Anthony Lee]"}, "261": {"llama": "[Haley Montgomery]"}, "262": {"llama": "[Lori Bell, Daniel Martinez]"}, "263": {"llama": "[James Marquez]"}, "264": {"llama": "[Eric Taylor PhD, Rhonda Jimenez]"}, "265": {"llama": "[Mr. Jimmy Garcia, Tracy Wong]"}, "266": {"llama": "[John Huffman, Mercedes Powell]"}, "267": {"llama": "[Dwayne Mason]"}, "268": {"llama": "[Maria Wade, Bradley Smith, Kimberly Richardson]"}, "269": {"llama": "[David Moore]"}, "270": {"llama": "[Deborah Williams, Ashley James]"}, "271": {"llama": "[Mary Wright, Madeline Morales, Michelle Santana, Denise Hernandez, Catherine Kelley, Andrea Thomas, Joseph Rubio]"}, "272": {"llama": "[Eric Cantrell, Crystal Gentry]"}, "273": {"llama": "[Rita Green]"}, "274": {"llama": "[Edwin Walters, Jonathan Rivera, Michelle Moore, Jessica Brown, Carolyn Barrett]"}, "275": {"llama": "[Scott Harper DDS, Elizabeth Howard]"}, "276": {"llama": "[David Everett, Laura Ford]"}, "277": {"llama": "[Tanya Nicholson, Nicole Hickman, Joseph Knight]"}, "278": {"llama": "[William Glover, Joshua Carter, Linda Bonilla]"}, "279": {"llama": "[Jamie Larsen, Jeremy Alexander]"}, "280": {"llama": "[Mrs. Sandra Best, Lindsey Wheeler DDS, Patricia Peters]"}, "281": {"llama": "[Jeffrey Watson, Brian Bowen]"}, "282": {"llama": "[Bridget Reid, Karen Johnson]"}, "283": {"llama": "[Shawn Webster, Kenneth Rogers]"}, "284": {"llama": "[Heather Davis]"}, "285": {"llama": "[Katherine Anderson, Sheri Kaiser]"}, "286": {"llama": "[Barbara Higgins, Joseph Blake]"}, "287": {"llama": "[Kelsey Valenzuela, Dr. Maria Johnston]"}, "288": {"llama": "[Elizabeth Mcdowell, Mary Mckinney]"}, "289": {"llama": "[Karen Martin, Leah Mays]"}, "290": {"llama": "[Hannah Escobar, Curtis Allen, Zachary Sanchez]\n\nHere's the explanation:\n\nThere are three connected components in the given social network:\n\n1. The first component consists of Hannah Escobar, Anthony Cook, Jeffrey Wheeler, Benjamin Williams, Duane Thompson, and Ann Ortiz. Hannah Escobar is chosen as the representative node for this component.\n\n2. The second component consists of Victoria Rojas, Meagan Soto, and Curtis Allen. Curtis Allen is chosen as the representative node for this component.\n\n3. The third component consists of only Zachary Sanchez, who is isolated from the rest of the network. Zachary Sanchez is chosen as the representative node for this component.\n\nTherefore, the answer is [Hannah Escobar, Curtis Allen, Zachary Sanchez]."}, "291": {"llama": "[Christina Garcia]"}, "292": {"llama": "[John Charles, David Chavez, Wendy Huffman]"}, "293": {"llama": "[Jacqueline Williams, Michael Ferguson]"}, "294": {"llama": "[Alicia Morgan, Erin Rocha, Robert Fischer]"}, "295": {"llama": "[Roy Gonzales]"}, "296": {"llama": "[Michelle Lawrence, Eric Wood]"}, "297": {"llama": "[Olivia Patel, Dwayne Lewis]"}, "298": {"llama": "[Krystal Li, William Miller, Dr. Kathryn Perkins]"}, "299": {"llama": "[Anita Pierce]"}, "300": {"llama": "[Kevin Brown]"}, "301": {"llama": "[John Singh PhD]"}, "302": {"llama": "[David Williams, Raymond Olson]"}, "303": {"llama": "[Steven Wood, Samuel Mcconnell, Karen Johnson]"}, "304": {"llama": "[Kaitlin Thomas]"}, "305": {"llama": "[Jessica King MD, Jessica Flynn, Danielle Carson, Jeffery Williams]"}, "306": {"llama": "[Megan Hart, Michelle Donovan]"}, "307": {"llama": "[Brandon Morris, Alyssa Smith, William Johnson]"}, "308": {"llama": "[Daniel Nunez, Dr. John Woods]"}, "309": {"llama": "[Elizabeth Bailey DDS, Andrew Neal]"}, "310": {"llama": "[Stephanie Mullins]"}, "311": {"llama": "[Sharon Jackson, Erin Orozco]"}, "312": {"llama": "[Rachel Griffin, Jennifer Perkins]"}, "313": {"llama": "[Benjamin Williams]"}, "314": {"llama": "[Wendy Green, Joshua Jones]"}, "315": {"llama": "[Barbara Haynes, Nathan Molina]"}, "316": {"llama": "[Madison Hughes, Sandra Farrell]"}, "317": {"llama": "[Katherine Erickson, Cynthia Thompson]"}, "318": {"llama": "[Jennifer Lewis, Shelly Garcia, Leah Lane]"}, "319": {"llama": "[William Newman, Andrew Cook]"}, "320": {"llama": "[Ruth Landry, Karen Davis]"}, "321": {"llama": "[Angela Nguyen, David Murray, Antonio Moore]"}, "322": {"llama": "[John Le, Christopher Durham]"}, "323": {"llama": "[Sierra Vasquez]"}, "324": {"llama": "[Ian Stewart, Kristina Manning, Melissa Long]"}, "325": {"llama": "[Alexandra Santiago, Teresa Cooper]"}, "326": {"llama": "[Natasha Weber]"}, "327": {"llama": "[Mr. Eric Davis, Amanda Cooper]"}, "328": {"llama": "[Thomas Horne, Kiara Santana]"}, "329": {"llama": "[Kyle Green]"}, "330": {"llama": "[Brenda King, Rachel Steele, David Lucas]"}, "331": {"llama": "[Shari Leonard]"}, "332": {"llama": "[Destiny Thompson]"}, "333": {"llama": "[Brandy Jenkins, Mary Taylor, Angela Kane, Mary Jones]"}, "334": {"llama": "[Michelle Giles]"}, "335": {"llama": "[Laura Riley, Joann Miller]"}, "336": {"llama": "[Jason Johnson]"}, "337": {"llama": "[Christian Trevino]"}, "338": {"llama": "[Desiree Larson, Alexander Thompson]"}, "339": {"llama": "[Kristen Perez, Ryan Anderson, Linda Bradford, Craig Peterson]"}, "340": {"llama": "[Jocelyn Daniels, Larry Wheeler]"}, "341": {"llama": "[Nancy Calhoun PhD]"}, "342": {"llama": "[Sandra Rodriguez, Adam Boyer, Amy Cook]"}, "343": {"llama": "[Mark Carroll]"}, "344": {"llama": "[Jeffrey Ingram, Jonathan Meyer]"}, "345": {"llama": "[Robert Leon, Jacqueline Black]"}, "346": {"llama": "[Karen Wang, Jerome Ferguson, Tracy Hawkins]"}, "347": {"llama": "[Nicole Gill, Cody Wheeler]"}, "348": {"llama": "[Kristie Jacobs]"}, "349": {"llama": "[Matthew Villa, Rebecca Smith MD]"}, "350": {"llama": "[John Mcdaniel, Christine Moran]"}, "351": {"llama": "[Crystal Gomez]"}, "352": {"llama": "[Joshua Cortez, Lauren Williams, Brandon Fox]"}, "353": {"llama": "[Eugene Berg]"}, "354": {"llama": "[Alexandra Daniels]"}, "355": {"llama": "[Samuel Lopez, Joseph Roach, Brandon Henderson]"}, "356": {"llama": "[Jonathan Bailey, Madison Hogan, Brittany Davis]"}, "357": {"llama": "[Kimberly Garcia]"}, "358": {"llama": "[Valerie Perry, James Butler]"}, "359": {"llama": "[Gina Dixon]"}, "360": {"llama": "[Tara Graham, Isaiah Cobb]"}, "361": {"llama": "[Teresa Harrison]"}, "362": {"llama": "[Dr. Michael Cruz, Mark Oconnor]"}, "363": {"llama": "[Tiffany Cox, Denise Johnson]"}, "364": {"llama": "[Ariana Carlson, Laurie Smith]"}, "365": {"llama": "[Bryan Ho, Lisa Bryan]"}, "366": {"llama": "[Mary Smith, Sandra Lopez, Jason Taylor]"}, "367": {"llama": "[Joseph Rice, Harry Sanchez]"}, "368": {"llama": "[Erica Rodriguez, Bobby George, Sarah Hobbs]"}, "369": {"llama": "[April Chan]"}, "370": {"llama": "[John Ayers, Jill Matthews, Rachael Mcdonald]"}, "371": {"llama": "[Brandon White, Julie Mann]"}, "372": {"llama": "[David Griffith, Barbara Berry]"}, "373": {"llama": "[Joshua Wong, Kaylee Rocha]"}, "374": {"llama": "[Donna Simmons, Robert Hayes]"}, "375": {"llama": "[Timothy Aguilar, Noah Tucker]"}, "376": {"llama": "[Steven Koch, Melanie Bridges]"}, "377": {"llama": "[Fernando Turner, Justin Davis]"}, "378": {"llama": "[Ricardo Myers, Ryan Hart]"}, "379": {"llama": "[Frederick Lopez]"}, "380": {"llama": "[Stephanie Carter, Gregory Ramirez]"}, "381": {"llama": "[Anthony Hoover]"}, "382": {"llama": "[Brittany Ross]"}, "383": {"llama": "[Melissa Dennis, Jose Hernandez]"}, "384": {"llama": "[Jose Munoz, Julia Donovan]"}, "385": {"llama": "[Joe Turner]"}, "386": {"llama": "[Misty Torres, Benjamin Solis]"}, "387": {"llama": "[Mr. Ryan Macias]"}, "388": {"llama": "[Christian Smith]"}, "389": {"llama": "[Melinda Mendoza]"}, "390": {"llama": "[Whitney Martinez, Bryan Anderson, Melissa Burns, Sarah Adams, James Gordon]\n\nExplanation:\n\nThe given social network can be divided into 5 connected components. \n\n1. The first component consists of Whitney Martinez, who has no connections to anyone else in the network.\n\n2. The second component consists of Bryan Anderson, who also has no connections to anyone else in the network.\n\n3. The third component consists of Melissa Burns, who has no connections to anyone else in the network.\n\n4. The fourth component consists of Sarah Adams, Gregg Buck, Jennifer Perez, Peggy Rodriguez, John Graves, and Mary Clay. These nodes are all connected to each other through Jennifer Perez.\n\n5. The fifth component consists of James Gordon, who has no connections to anyone else in the network.\n\nTherefore, the answer is [Whitney Martinez, Bryan Anderson, Melissa Burns, Sarah Adams, James Gordon], where each node represents a connected component in the social network."}, "391": {"llama": "[Pamela Wright, Savannah Ruiz]"}, "392": {"llama": "[Jasmine Evans, Sean Cunningham]"}, "393": {"llama": "[John Vasquez, Mandy Hoffman, William Harris]"}, "394": {"llama": "[Michael Malone, William Tran]"}, "395": {"llama": "[ Brittney Stark, Carrie Ross ]"}, "396": {"llama": "[Vanessa Duffy, Jimmy Curtis]"}, "397": {"llama": "[Erik Manning, Kathryn Dawson]"}, "398": {"llama": "[Terry Jimenez, Erica Richardson]"}, "399": {"llama": "[Martha Hurst, Nathan Nichols, Rodney Stevens, Kenneth Porter MD, Crystal Nelson, Dillon Stephens]"}, "400": {"llama": "[Amanda Holden, Bruce Mosley]"}, "401": {"llama": "[ Ebony Huff, Jennifer Collins ]"}, "402": {"llama": "[John Malone, Melissa Long, Matthew Rangel, Jamie Carter]"}, "403": {"llama": "[Nathaniel Washington, Lauren Brown]"}, "404": {"llama": "[Nichole Berger, Nathan Vazquez, Brandon Greene, Mary Leonard]"}, "405": {"llama": "[Shawn Kerr]"}, "406": {"llama": "[Brian Smith]"}, "407": {"llama": "[Miranda Martinez, Linda Sullivan, Jessica Patrick]"}, "408": {"llama": "[Danny Bridges, Andrea Williams]"}, "409": {"llama": "[Adam Willis, Kenneth Miller]"}, "410": {"llama": "[David Murphy, Courtney Rubio, Kimberly Scott, Kevin Johnson, Lance Palmer, Joshua Ellis]"}, "411": {"llama": "[Shelly Walker, Alejandra Price]"}, "412": {"llama": "[Randall Bishop, Mrs. Cindy Jacobs, Mr. Anthony Navarro Jr., Randy Perez]"}, "413": {"llama": "[Mary Ali]"}, "414": {"llama": "[Katelyn Vance, Mason Patel]"}, "415": {"llama": "[Mrs. Heather Becker DVM, Janice Pennington, Christian Meyers, Kenneth Martinez, Katie Crawford]"}, "416": {"llama": "[David Goodman, Elizabeth Giles, Jeremy Morris]"}, "417": {"llama": "[Stephanie Clay, Bruce Wright]"}, "418": {"llama": "[William Clark]"}, "419": {"llama": "[Mr. Patrick Wheeler, Austin Collins]"}, "420": {"llama": "[Cynthia Decker, ]"}, "421": {"llama": "[Angel Dawson, Joshua Herman]"}, "422": {"llama": "[Mr. Joshua Farmer, Linda Ford, Karen Nash]"}, "423": {"llama": "[Nathan Anderson Jr., Richard Dunn, Ronald Estes]"}, "424": {"llama": "[Beth Parker, ]"}, "425": {"llama": "[Christina Diaz]"}, "426": {"llama": "[Nancy Thomas, Mark Carroll]"}, "427": {"llama": "[Maria Miller, Tiffany Gray, Jennifer Robinson]"}, "428": {"llama": "[Elizabeth Smith, Connor Knight, Julie Hernandez, Robert Curry, Derek Gray]"}, "429": {"llama": "[Nicholas Reyes, Tracy Jones, Ronald Howell]"}, "430": {"llama": "[Randy Crawford, Wendy Caldwell]"}, "431": {"llama": "[Benjamin Henderson, Michele Johnson, Todd Mullins]"}, "432": {"llama": "[Katrina Smith]"}, "433": {"llama": "[Ryan Thomas, Connor Williams]"}, "434": {"llama": "[Steven Romero, Daniel Bennett]"}, "435": {"llama": "[Michael Anderson, Terry Howell, Kevin Cooper]"}, "436": {"llama": "[Daniel Griffith, Curtis Gonzalez]"}, "437": {"llama": "[Linda Mckay, Gregory Jones]"}, "438": {"llama": "[John Davis, Brian Kim]"}, "439": {"llama": "[Mitchell Salas, Cheryl Ellis, Susan Stewart, Lisa Roach, Patricia Russell, Sherri Lewis, Brian Miller]"}, "440": {"llama": "[Mary Campbell]"}, "441": {"llama": "[Evan Griffin, David Davis]"}, "442": {"llama": "[Dr. Kyle Riley, Russell Ford, Linda Stephens]"}, "443": {"llama": "[Jennifer Bowen]"}, "444": {"llama": "[Andrew Sanchez, Mr. Reginald Gould]"}, "445": {"llama": "[Allison Olson, Sean White]"}, "446": {"llama": "[Tina Rivera, Judy Yoder]"}, "447": {"llama": "[Luis Mitchell, Amanda Wilkins, Haley Anderson]"}, "448": {"llama": "[Terry Moody, Michelle Boyd, Allen Henderson, Jeffrey Harrington]"}, "449": {"llama": "[Carolyn Lloyd, Andrew Anderson]"}, "450": {"llama": "[Mindy Johnson]"}, "451": {"llama": "[Michele Johnson, Melissa Archer]"}, "452": {"llama": "[Shannon Cooper, Haley Pierce]"}, "453": {"llama": "[Jose Wagner]"}, "454": {"llama": "[Kim Castro MD, Sherry Collins, Nicole Diaz, Patricia Day]"}, "455": {"llama": "[Patrick Mason, Malik May]"}, "456": {"llama": "[Daniel Smith, Karen Martin]"}, "457": {"llama": "[Kathryn Smith, Amy White]"}, "458": {"llama": "[Kevin Cox]"}, "459": {"llama": "[David Coffey, Melissa Williams, Austin Jones]"}, "460": {"llama": "[Amanda Anderson, Hector Oneal]"}, "461": {"llama": "[Molly Blackwell]"}, "462": {"llama": "[Taylor Duncan, Alyssa Simmons, Jacqueline Wilkinson, Stephen Rodriguez, Dylan Lara, Brian Nichols, Michael Mitchell, Jeffery Massey]"}, "463": {"llama": "[Daniel Smith, ]"}, "464": {"llama": "[Dustin Doyle, Jennifer Hahn]"}, "465": {"llama": "[Sean Jackson, Shannon Garrison, Aaron Soto, Jason Morgan]"}, "466": {"llama": "[Debra Adams, Kathleen Jenkins, Stephanie Mcknight, Hailey Thompson]"}, "467": {"llama": "[Mark Sampson, Christopher Morgan]"}, "468": {"llama": "[Paul Davis, Edwin Ross]"}, "469": {"llama": "[Heather Hernandez, William Jackson, Diane Liu]"}, "470": {"llama": "[Lori Campbell, Susan Jones, Julian Park, Brandon Harvey, Melissa Beltran]"}, "471": {"llama": "[Brittany Perez, Alexis Morales]"}, "472": {"llama": "[Amanda Mathews, James Campbell]"}, "473": {"llama": "[Michelle Carrillo, Brenda Walker, Michelle Fischer]"}, "474": {"llama": "[Robert Bell]"}, "475": {"llama": "[Karen Hendricks]"}, "476": {"llama": "[Corey Love, Jesse Cardenas, Madison Garcia, Kelly Moore]"}, "477": {"llama": "[Stefanie Roman]"}, "478": {"llama": "[Amy Scott, Timothy Tate]"}, "479": {"llama": "[Dr. Justin Newton, Ashlee Hopkins, Michele Shelton]"}, "480": {"llama": "[Travis Wilkerson]"}, "481": {"llama": "[Katherine Henry, Catherine Ross]"}, "482": {"llama": "[Charles Roberts, Ryan Williams]"}, "483": {"llama": "[Lori Sullivan, Joseph Hanson]"}, "484": {"llama": "[Connor Dennis]"}, "485": {"llama": "[Gary Andrade, Jerry Mcneil]"}, "486": {"llama": "[Zachary Sanchez, Susan Tapia, Alisha Flores]"}, "487": {"llama": "[John Rowe Jr., Caitlin Guzman, Nicholas Stone]"}, "488": {"llama": "[Heather Frazier, Lisa Scott]"}, "489": {"llama": "[Jennifer Roman]"}, "490": {"llama": "[Beverly Avery, Luis Chung, Sharon Moore, Steven Price]"}, "491": {"llama": "[Chase Thomas, Joseph Farley]"}, "492": {"llama": "[Paige Chen, Mark Brown, Teresa King]"}, "493": {"llama": "[Nicole Gutierrez, Joseph Gordon, William Reyes]"}, "494": {"llama": "[Amy Baker, Elizabeth Davis, Christopher Richards, Emily Mcbride]"}, "495": {"llama": "[Anita Hernandez, Manuel Sanders]"}, "496": {"llama": "[David Glenn]"}, "497": {"llama": "[Jean Collins]"}, "498": {"llama": "[Christopher Adams, Monica Sparks, Brandon Vance]"}, "499": {"llama": "[William Saunders]"}}