{"0": {"llama": "[Bamako, Mali, Greenwich Mean Time, Su\u00f0uroy]"}, "1": {"llama": "[Bhrigu Nath Singh, Wright State University]"}, "2": {"llama": "[Elizabeth Karlsen, Hyena (2014 film), Neil Maskell, The Football Factory (film)]"}, "3": {"llama": "[Mastodon (band), The Hunter (Mastodon album), Doppler Studios]"}, "4": {"llama": "[United States, California, Garland Ellis Burrell Jr., California State University  Los Angeles]"}, "5": {"llama": "[Iran Standard Time, Elayiyeh]"}, "6": {"llama": "[Music download, Listen to the Man, Joel Pott]"}, "7": {"llama": "[Patty Mills, San Antonio Spurs, Sean Elliott]"}, "8": {"llama": "[Schapen, Emsland, Rastdorf]"}, "9": {"llama": "[Central European Time, Norway, Netherlands]"}, "10": {"llama": "[Texas, United States]"}, "11": {"llama": "[Singing, Vetcho Lolas, Singer]"}, "12": {"llama": "[Captured Live at Carnegie Hall, Dee Anthony, Music manager]"}, "13": {"llama": "[A Question of Time (album), Somethin Els]"}, "14": {"llama": "[Haile Selassie, Addis Ababa, Girma Wolde-Giorgis]"}, "15": {"llama": "[Defender (association football), Lukas J\u00e4ger, SC Rheindorf Altach]"}, "16": {"llama": "[Henry Justin Allen, Republican Party (United States), Andrew Frank Schoeppel]"}, "17": {"llama": "[An Hour with the Ramsey Lewis Trio, Argo Records]"}, "18": {"llama": "[United States, California, San Diego]"}, "19": {"llama": "[50th Battalion (Calgary) CEF, Battle of Lens, Grenay Pas-de-Calais]"}, "20": {"llama": "[Alberto Eliani, S.S. Sambenedettese Calcio]"}, "21": {"llama": "[RCA Records, Rivals (Usher song), Future (rapper), Trap music]"}, "22": {"llama": "[Neil Cox (footballer), Cardiff City F.C.]"}, "23": {"llama": "[China, Guangxi, Li Ning]"}, "24": {"llama": "[Walt Disney Animation Studios, Walt Disney Studios (division), Entertainment industry]"}, "25": {"llama": "[Rutherford B. Hayes, Lawyer]"}, "26": {"llama": "[Limoges FC, Yvon Goujon]"}, "27": {"llama": "[List of Japanese football transfers winter 2014\u201315, Hiroyuki Taniguchi, Japan, Kashima Antlers]"}, "28": {"llama": "[Fabaceae, Plant]"}, "29": {"llama": "[Let's Go (Pharoahe Monch song), 12-inch single]"}, "30": {"llama": "[Lorimar Productions, The Waltons, CBS]"}, "31": {"llama": "[FC Amur-2010 Blagoveshchensk, Valeri Aleksandrovich Sorokin, FC Dynamo Kirov]"}, "32": {"llama": "[Dipterocarpaceae, Rosids]"}, "33": {"llama": "[\u00c1sgeir \u00c1sgeirsson, Reykjav\u00edk, Iceland]"}, "34": {"llama": "[Province of Udine, Ravascletto]"}, "35": {"llama": "[Monocots, Lilium, Plantae]"}, "36": {"llama": "[Florida, Lakewood High School (Florida), Mixed-sex education]"}, "37": {"llama": "[Joel Robinson, Mitchell (film), Benjamin Melniker]"}, "38": {"llama": "[United Kingdom, Denbighshire Hussars, Egypt 1916\u201317]"}, "39": {"llama": "[South East England, Littlehampton, Littlehampton Lifeboat Station]"}, "40": {"llama": "[Chahar Hadd, Iran Standard Time]"}, "41": {"llama": "[Peru national football team, Pl\u00e1cido Galindo, Lima]"}, "42": {"llama": "[Chaudi\u00e8re-Appalaches, Les Appalaches Regional County Municipality, Prefecture]"}, "43": {"llama": "[Josef Hladk\u00fd, Prague, Central European Summer Time]"}, "44": {"llama": "[Pierre Bouvier, Lava Records]"}, "45": {"llama": "[United States, Pennsylvania, Lansdale  Pennsylvania]"}, "46": {"llama": "[Harish Kumar, Aadmi (1993 film), Hindi]"}, "47": {"llama": "[Holstein Kiel, Max Christiansen, Flensburg]"}, "48": {"llama": "[Wipeout (2009 Australian game show), Josh Lawson, House of Lies]"}, "49": {"llama": "[Iran Daylight Time, Ahmadi District, Iran Standard Time]"}, "50": {"llama": "[Filmmaker, Lucia Palacios, A Summer Evening with Floating di Morel]"}, "51": {"llama": "[Oakhurst California, Lori Martin, Cape Fear (1962 film), Sam Leavitt]"}, "52": {"llama": "[Consejo Mundial de Lucha Libre, CMLL 71st Anniversary Show, Professional wrestling]"}, "53": {"llama": "[Angiosperms, Nasa jungifolia]"}, "54": {"llama": "[Princeton University, Georgina Sherrington]"}, "55": {"llama": "[Martin Mutschmann, National Socialist German Workers' Party, Paul Wegener (Gauleiter)]"}, "56": {"llama": "[Battle of Smolensk (1941), Soviet Union]"}, "57": {"llama": "[Soviet Union, Andriy Tovt, FC Illychivets Mariupol]"}, "58": {"llama": "[Cryptodira, Geoemydinae, Animal]"}, "59": {"llama": "[Publisher, Rob Redding, Atlanta]"}, "60": {"llama": "[Buenos Aires, Felipe Amoedo, Argentine]"}, "61": {"llama": "[Boise  Idaho, Brett Nelson, Built to Spill]"}, "62": {"llama": "[State of Mind (band), Tiki Taane, The Adults]"}, "63": {"llama": "[Croats, Croatia, Zadar]"}, "64": {"llama": "[Smooth jazz, Bob James (musician)]"}, "65": {"llama": "[Yokohama F. Marinos, Rei Matsumoto, Waseda University]"}, "66": {"llama": "[Cumberland University, James B. McCreary, Augustus Owsley Stanley]"}, "67": {"llama": "[More Rocktastic Music from the Film, Andrew Gross]"}, "68": {"llama": "[Nabil Jaadi, Morocco national under-17 football team, Stade Mohamed V]"}, "69": {"llama": "[Isuzu Ascender, GMC Envoy]"}, "70": {"llama": "[Jose Prakash, Peruvazhiyambalam, Bharath Gopi]"}, "71": {"llama": "[Orchidaceae, Paphiopedilum druryi, Richard Henry Beddome]"}, "72": {"llama": "[Northern Region  Uganda, Lira  Uganda, Innocent Oula]"}, "73": {"llama": "[Central Falls  Rhode Island, Daniel Littlefield, Republican Party (United States)]"}, "74": {"llama": "[Andes, Ollag\u00fce, Chile]"}, "75": {"llama": "[Iran Standard Time, Iran]"}, "76": {"llama": "[Plantae, Chaptalia, Eudicots]"}, "77": {"llama": "[Nymphalidae, Neptis melicerta, Lepidoptera]"}, "78": {"llama": "[Disney-ABC Domestic Television, Avalon High (film), Disney Channel]"}, "79": {"llama": "[Oleksandr Martynenko (cyclist), Donetsk]"}, "80": {"llama": "[Tokyo, Takayuki Hattori]"}, "81": {"llama": "[Kansas City  Missouri, Cristo Rey Kansas City High School]"}, "82": {"llama": "[Don Alvarado, La Cucaracha (1934 film), Ray Rennahan]"}, "83": {"llama": "[MARC Train, Bombardier Transportation, NSB Class 93]"}, "84": {"llama": "[Verkhnyaya Salda, VSMPO-AVISMA, Metallurgy]"}, "85": {"llama": "[Broadsheet, South Idaho Press, Idaho]"}, "86": {"llama": "[RCA Records, Love Can Build a Bridge, Naomi Judd]"}, "87": {"llama": "[Atlanta Campaign, Scott Field (politician), Rufus Hardy (representative), Monroe County  Mississippi]"}, "88": {"llama": "[2007\u201308 Watford F.C. season, Aidy Boothroyd]"}, "89": {"llama": "[Irv Gotti, DMX (rapper), Swizz Beatz]"}, "90": {"llama": "[DJ Quik, Strait Playin', Men of Steel (song)]"}, "91": {"llama": "[Tom Barrett (politician), United States, Scott L. Fitzgerald, Chicago]"}, "92": {"llama": "[Arneburg, Arneburg-Goldbeck]"}, "93": {"llama": "[Ann Cook (soccer), San Jose CyberRays, Women's United Soccer Association]"}, "94": {"llama": "[Hip hop music, Get Throwed, Asylum Records]"}, "95": {"llama": "[United States, Hap Holmes, Aurora  Ontario]"}, "96": {"llama": "[Adetus striatopunctatus, Beetle]"}, "97": {"llama": "[List of French football transfers summer 2013, Franck Tabanou, List of Spanish football transfers summer 2016]"}, "98": {"llama": "[Big Sir (album), Jazz]"}, "99": {"llama": "[Striker (association football), Serhiy Perepadenko]"}, "100": {"llama": "[Ajax Amsterdam, Brian Laudrup]"}, "101": {"llama": "[Soft rock, Love of the Common People]"}, "102": {"llama": "[France, Aquitaine]"}, "103": {"llama": "[Brussels, Belgium, Andr\u00e9 Franquin]"}, "104": {"llama": "[Australia, Mackay Queensland, Darby Riordan]"}, "105": {"llama": "[Eunidia discounivittata, Animal]"}, "106": {"llama": "[Ighiu, Romania, Eastern European Time]"}, "107": {"llama": "[Spyridon Lambros, Alexandros Zaimis, Greece]"}, "108": {"llama": "[David T. Friendly, Big Momma's House 2, United States, English language]"}, "109": {"llama": "[Beetle, Polyphaga]"}, "110": {"llama": "[Dordogne, France]"}, "111": {"llama": "[Tony Oller, MKTO]"}, "112": {"llama": "[Hardcore punk, Through the Noise, Germany]"}, "113": {"llama": "[Bint Jbeil District, Eastern European Time, Akrotiri and Dhekelia]"}, "114": {"llama": "[Russia, Komi Republic, Komi language, Perm Krai]"}, "115": {"llama": "[Central District (Kavar County), Farmeshkhan Rural District, Iran, Iran Standard Time]"}, "116": {"llama": "[Sophiatown (film), South Africa]"}, "117": {"llama": "[Iran Daylight Time, Bagh-e Hovij, Kerman Province]"}, "118": {"llama": "[Iyengar, Maharashtra, Deshastha Brahmin]"}, "119": {"llama": "[Swedish Football Division 2, Assyriska BK, 2016 in Swedish football]"}, "120": {"llama": "[Benton County  Iowa, Iowa]"}, "121": {"llama": "[Heavy metal music, Live in Munich 1977]"}, "122": {"llama": "[12th edition of Systema Naturae, Asian house shrew, Animal]"}, "123": {"llama": "[Lawyer, Stephen Southmyd Fenn]"}, "124": {"llama": "[Jeff Black (singer-songwriter), Folk music]"}, "125": {"llama": "[Netechmodes harpago, Insect]"}, "126": {"llama": "[Gerd Basak, Piranshahr County, Central District (Piranshahr County)]"}, "127": {"llama": "[Spain, Jos\u00e9 Su\u00e1rez, Lawless Mountain]"}, "128": {"llama": "[Aziza Brahim, Soutak, World music]"}, "129": {"llama": "[MSV Duisburg, Martin Dausch, Midfielder]"}, "130": {"llama": "[Souvenirs d'un autre monde, Alcest, Post-metal]"}, "131": {"llama": "[Ska punk, Skankin' Pickle, Dill Records]"}, "132": {"llama": "[Chilo\u00e9 National Park, Chile]"}, "133": {"llama": "[Diptera, Araucoxenia, Animal]"}, "134": {"llama": "[Bengali language, Bapi Bari Jaa, Mimi Chakraborty]"}, "135": {"llama": "[For You I Will (Confidence), Columbia Records]"}, "136": {"llama": "[Soviet Union, Georgi Vinogradov, Opera]"}, "137": {"llama": "[Nick Nieland, Truro, United Kingdom]"}, "138": {"llama": "[Starship Entertainment, Soyou]"}, "139": {"llama": "[Forward (association football), Alfred Niepieklo, Castrop-Rauxel, Germany]"}, "140": {"llama": "[Angiosperms, Astrantia minor, Asterids]"}, "141": {"llama": "[Polyphaga, Beetle, Cosmopterigidae]"}, "142": {"llama": "[Sweden, Olle Hellbom, Tuppen]"}, "143": {"llama": "[Perciformes, Actinopterygii, Cyprinidae]"}, "144": {"llama": "[Kazerun County, Iran Daylight Time]"}, "145": {"llama": "[Fighter-bomber, Republic P-47 Thunderbolt, Alexander Kartveli]"}, "146": {"llama": "[WCHU-LD, United States, Florida]"}, "147": {"llama": "[Labour Party (Netherlands), Rotterdam, Netherlands, Vekoma]"}, "148": {"llama": "[Aves, Oriolus]"}, "149": {"llama": "[Auckland, TV2 Stars]"}, "150": {"llama": "[Mollusca, Subulinidae]"}, "151": {"llama": "[Bembecia lomatiaeformis, Animal]"}, "152": {"llama": "[Chordate, Rita rita, Actinopterygii]"}, "153": {"llama": "[Princess Alice  Countess of Athlone, House of Windsor]"}, "154": {"llama": "[Hong Kong national under-23 football team, Cheung Kin Fung]"}, "155": {"llama": "[Werner Krauss, Paracelsus (film)]"}, "156": {"llama": "[Jazz, Free jazz, Experimental music]"}, "157": {"llama": "[Nathan Fillion, Canada, United States]"}, "158": {"llama": "[Johnny Mercer, Capitol Records, Trav'lin' Light (song), Jimmy Mundy]"}, "159": {"llama": "[Navy Cross, Leo Hewlett Thebaud, United States Navy]"}, "160": {"llama": "[Orchidaceae, Asparagales]"}, "161": {"llama": "[Nothostele, Plantae]"}, "162": {"llama": "[Japan, Go Nishida, Hannan University]"}, "163": {"llama": "[Canada, Regina  Saskatchewan, Saskatchewan]"}, "164": {"llama": "[Aube (river), France]"}, "165": {"llama": "[Virgin Records, Genesis (band), Atlantic Records]"}, "166": {"llama": "[Electronica, Bailey-Salgado Project, Chicago]"}, "167": {"llama": "[Maurice Sunguti, Friska Viljor FC]"}, "168": {"llama": "[S-Bahn Rhein-Main, S5 (Rhine-Main S-Bahn), Rhein-Main-Verkehrsverbund]"}, "169": {"llama": "[Dombivli, BJP, Keshubhai Patel]"}, "170": {"llama": "[Hanazakarino Kimitachihe, Puli  Nantou, Taiwan, Chung Shan Medical University]"}, "171": {"llama": "[Iran Standard Time, Iran, Iran Daylight Time]"}, "172": {"llama": "[Mohamed Fofana (French striker), U.S. Salernitana 1919, Mohamed Fofana (French striker), France]"}, "173": {"llama": "[Germany, Haselbach  Thuringia]"}, "174": {"llama": "[Michael Marshall (skeptic), Scientific skepticism, Britt Marie Hermes, Germany]"}, "175": {"llama": "[Album, A White Sport Coat and a Pink Crustacean, Country music]"}, "176": {"llama": "[Soviet Union, Vladimir Kesarev]"}, "177": {"llama": "[Madrid, Spain, Central European Time]"}, "178": {"llama": "[Scoparia ingratella, Arthropod]"}, "179": {"llama": "[Acacia simulans, Plant]"}, "180": {"llama": "[House of Hohenzollern, Saxe-Lauenburg, Napoleonic Wars]"}, "181": {"llama": "[New Jersey, United States]"}, "182": {"llama": "[Caracas FC, Venezuela, San Fernando de Apure]"}, "183": {"llama": "[Xymene convexus, Animal]"}, "184": {"llama": "[Alex Proyas, I  Robot (film)]"}, "185": {"llama": "[Fabriano, John dal Bastone]"}, "186": {"llama": "[Roy Edwards, Ontario]"}, "187": {"llama": "[Iran Standard Time, Fars Province]"}, "188": {"llama": "[MTV Hits (Europe), Viacom International Media Networks (Europe), MTV Hits (Italy)]"}, "189": {"llama": "[Brussels, King Baudouin Stadium]"}, "190": {"llama": "[Fk Obili\u0107, Milorad Pekovi\u0107, FK Partizan]"}, "191": {"llama": "[Twin Peaks, Mark Frost]"}, "192": {"llama": "[Cavalry, Massimo d'Azeglio, Strambino, Piedmont]"}, "193": {"llama": "[Pop music, Galjeung (A Man in Love), Super Junior, Mamacita (Super Junior song), Avex Trax]"}, "194": {"llama": "[Faryab County, Iran, Bardsir County]"}, "195": {"llama": "[Bridlington, East Riding of Yorkshire]"}, "196": {"llama": "[Jagathalaprathapan (1944 film), S. M. Sriramulu Naidu]"}, "197": {"llama": "[Muricoidea, Gastropoda]"}, "198": {"llama": "[Anelaphus, Insect, Animal]"}, "199": {"llama": "[Mankato  Minnesota, John Sontag]"}, "200": {"llama": "[Heather Graham, Judy Moody and the Not Bummer Summer, Richard Gibbs]"}, "201": {"llama": "[Arthropod, Argyractis]"}, "202": {"llama": "[Leptostylopsis, Leptostylopsis cristatus]"}, "203": {"llama": "[ Bryn\u00e4s IF, Stephen Dixon (ice hockey), Tappara ]"}, "204": {"llama": "[Insect, Aiyura (moth), Lepidoptera]"}, "205": {"llama": "[Nuclear War (video game), Turn-based strategy]"}, "206": {"llama": "[Iran, Sirjan County, Central District (Sirjan County)]"}, "207": {"llama": "[Philip Nitschke, South Australia]"}, "208": {"llama": "[Arthropod, Mordellidae]"}, "209": {"llama": "[Fenneviller, Meurthe-et-Moselle, Frouard, France, Paris]"}, "210": {"llama": "[Sergei Rashevsky, FC Ural Sverdlovsk Oblast]"}, "211": {"llama": "[Major, John M. Walker, Alex. Brown & Sons]"}, "212": {"llama": "[El Molin\u00f3n, 2014\u201315 Sporting de Gij\u00f3n season]"}, "213": {"llama": "[Raju Bhai, Rajiv Kanakala, India]"}, "214": {"llama": "[Weathermaker Music, Clutch (band), Dan Maines]"}, "215": {"llama": "[Taoyuan City, Yangmei District, Taoyuan  Taiwan]"}, "216": {"llama": "[United States, Democratic Party (United States)]"}, "217": {"llama": "[Jessie Street, Australia]"}, "218": {"llama": "[Mammal, Egyptian weasel, Animal]"}, "219": {"llama": "[Brown Sugar Macchiato, Yako Chan]"}, "220": {"llama": "[United States, Anthony Leiserowitz]"}, "221": {"llama": "[Bill Tung, In the Blood (1988 film), Andy Lau]"}, "222": {"llama": "[Arsenio Iglesias, Arteixo, Zara (retailer)]"}, "223": {"llama": "[Norway, Linn Oeymo]"}, "224": {"llama": "[Asterids, Stylidium candelabrum]"}, "225": {"llama": "[PIMCO, Financial Services]"}, "226": {"llama": "[Kermanshah County, Iran, Harsin County]"}, "227": {"llama": "[Arizona Terror, Phil Rosen]"}, "228": {"llama": "[Istanbul, Eastern European Time]"}, "229": {"llama": "[Iran Daylight Time, Gol Darreh  Kermanshah, Iran]"}, "230": {"llama": "[South Korea, Becoming a Billionaire, 1080i]"}, "231": {"llama": "[Electronic music, Synthesizer, Alan Parsons]"}, "232": {"llama": "[Oppland, Kyrkja, Norway, Central European Time]"}, "233": {"llama": "[Marc Jameson, Trip hop]"}, "234": {"llama": "[Buprestidae, Trigonogya]"}, "235": {"llama": "[Capitol Nashville, Mel McDaniel, Singer-songwriter]"}, "236": {"llama": "[Hard rock, Led Zeppelin]"}, "237": {"llama": "[Garage rock, Laced with Romance, Album]"}, "238": {"llama": "[FC SKAF Minsk, Uladzimir Bushma, FC Shakhtyor Salihorsk]"}, "239": {"llama": "[Dong Fuxiang, Seymour Expedition]"}, "240": {"llama": "[St. Boniface High School (Kimberley  South Africa), Kimberley  Northern Cape, Denis Bowen]"}, "241": {"llama": "[Songs from St. Somewhere, Michael Utley]"}, "242": {"llama": "[Montpellier\u2013M\u00e9diterran\u00e9e Airport, Montpellier, H\u00e9rault]"}, "243": {"llama": "[Animalia, Rough-headed dragonet, Chordata]"}, "244": {"llama": "[J\u00f3zef Razowski, Henricus cristobalicus, Arthropod]"}, "245": {"llama": "[When Can I See You, When Can I See You Again%3F, Synthpop]"}, "246": {"llama": "[Scream/Childhood, Michael Jackson]"}, "247": {"llama": "[GM LS engine, 2010 Rolex Sports Car Series  Autohaus Motorsports  5]"}, "248": {"llama": "[Sex and the City 2, Darren Star, Cashmere Mafia]"}, "249": {"llama": "[Nicholas D'Agosto, Rocket Science (film)]"}, "250": {"llama": "[Iran Standard Time, Qanqoli-ye Olya]"}, "251": {"llama": "[Idiochlora, Geometridae]"}, "252": {"llama": "[Wokingham Town F.C., Ted Hanney, Bradfield Berkshire, Bradfield College]"}, "253": {"llama": "[Patrick Seifert, Augsburger Panther, Sebastian Uvira]"}, "254": {"llama": "[Jules Baga, Cameroon, Bafoussam]"}, "255": {"llama": "[Run  Buddy  Run, Talent Associates, The Glass Menagerie (1973 film)]"}, "256": {"llama": "[Neothais, Muricoidea]"}, "257": {"llama": "[Croissant, Breakfast, Jack's]"}, "258": {"llama": "[Osteichthyes, Shuttles hoppfish, Periophthalmus, Chordate]"}, "259": {"llama": "[Iran, Markazi Province]"}, "260": {"llama": "[List of Slovak football transfers winter 2012\u201313, \u0160tefan Zo\u0161\u00e1k]"}, "261": {"llama": "[Pseudodeltote, Insect]"}, "262": {"llama": "[Willy Birgel, Captain Wronski]"}, "263": {"llama": "[Asteroideae, Asteraceae]"}, "264": {"llama": "[Associated British-Path\u00e9, Murder Without Crime, Dennis Price]"}, "265": {"llama": "[Kiss Me  Stupid, Felicia Farr, The Last Wagon (1956 film), 20th Century Fox]"}, "266": {"llama": "[Str\u00f6mstad Municipality, Str\u00f6mstad, Central European Summer Time]"}, "267": {"llama": "[Meinrad II  Prince of Hohenzollern-Sigmaringen, Joseph Friedrich Ernst  Prince of Hohenzollern-Sigmaringen, Karl Friedrich  Prince of Hohenzollern-Sigmaringen]"}, "268": {"llama": "[Austria-Hungary, Hugo von Hofmannsthal, University of Vienna]"}, "269": {"llama": "[Alexander Rad\u00f3, \u00dajpest, Hungary]"}, "270": {"llama": "[MacOS, OpenFL, IOS]"}, "271": {"llama": "[Germany, Baden-W\u00fcrttemberg, Reutlingen]"}, "272": {"llama": "[Mehed ei nuta, Enn Vetemaa]"}, "273": {"llama": "[S.C. Farense, Est\u00e1dio Algarve, Louletano D.C.]"}, "274": {"llama": "[The Dead Man's Knock, Harper (publisher), Death Turns the Tables]"}, "275": {"llama": "[Aeger, Aeger tipularius]"}, "276": {"llama": "[City, Mesa  Arizona, David Schapira, George Washington University]"}, "277": {"llama": "[Kabul, Adolph Dubs, Illinois]"}, "278": {"llama": "[Birkenhead, Kristian Platt, England]"}, "279": {"llama": "[Khojewali, Panchayati raj (India), Khojewali, Ludhiana district]"}, "280": {"llama": "[Monocots, Iris (plant)]"}, "281": {"llama": "[Shiraz County, Mazraeh-ye Rahmatabad]"}, "282": {"llama": "[Gorlice-Tarn\u00f3w Offensive, 58th Infantry Division (German Empire), Battle of Verdun]"}, "283": {"llama": "[Jay O. Sanders, The Voyage Home (The Outer Limits)]"}, "284": {"llama": "[Rudhra (film), Gouthami]"}, "285": {"llama": "[Diab al-Mashi, Manbij]"}, "286": {"llama": "[England, London, Veronica Wedgwood]"}, "287": {"llama": "[Allier (river), Lac de Naussac, Loz\u00e8re]"}, "288": {"llama": "[Lepidoptera, Ornarantia contrariana, Insect]"}, "289": {"llama": "[Tottenham Hotspur F.C. Reserves and Academy, Filip Lesniak, Slovakia national under-17 football team]"}, "290": {"llama": "[Amour Patrick Tignyemb, Tonnerre Yaound\u00e9]"}, "291": {"llama": "[KCAI, Air 1]"}, "292": {"llama": "[Roda JC Kerkrade, Arjan Swinkels, Lierse S.K.]"}, "293": {"llama": "[Kiss the Girl  Kiss the Girl  1, Howard Ashman]"}, "294": {"llama": "[Canada, Jessie Van Roechoudt]"}, "295": {"llama": "[Lepidoptera, Pastria, Arthropod]"}, "296": {"llama": "[Some Mothers Do 'Ave 'Em, Michele Dotrice, The Blood on Satan's Claw]"}, "297": {"llama": "[Steve Dorff, My Best Friend Is a Vampire, Ren\u00e9 Auberjonois]"}, "298": {"llama": "[Canada, Montreal]"}, "299": {"llama": "[Winger (ice hockey), Krys Barch, Canada]"}, "300": {"llama": "[Michigan, New Buffalo  Michigan]"}, "301": {"llama": "[Iran, Shiraz]"}, "302": {"llama": "[Herzegovina, Gora\u017ede, City]"}, "303": {"llama": "[Asterids, Heliantheae]"}, "304": {"llama": "[Khuzestan Province, Iran, Qatur Rural District]"}, "305": {"llama": "[Wisconsin, Northern Lights Express]"}, "306": {"llama": "[Astoria Stakes, Now What (horse), Arlington-Washington Lassie Stakes]"}, "307": {"llama": "[New York Cosmos (1971\u20131985), Erhardt Kapp, United States men's national soccer team]"}, "308": {"llama": "[French Montana, Diggy Simmons, Queens]"}, "309": {"llama": "[Let's Cheers to This, With Ears to See and Eyes to Hear, Sleeping with Sirens]"}, "310": {"llama": "[Plantae, Olearia, Eudicots]"}, "311": {"llama": "[Bangkok Glass F.C., Thailand, TOT S.C.]"}, "312": {"llama": "[Sochi International Airport, Russia, Rostov-on-Don, Rostov-on-Don Airport]"}, "313": {"llama": "[Roots rock, Dire Straits]"}, "314": {"llama": "[Brad Bird, Walt Stanchfield, Los Angeles  California]"}, "315": {"llama": "[United States, Alfred A. Knopf, Jurassic Park (novel)]"}, "316": {"llama": "[JS du T\u00e9n\u00e9r\u00e9, Alhassane Issoufou, Raja Casablanca]"}, "317": {"llama": "[Ramshir, Ramshir County]"}, "318": {"llama": "[Polyphaga, Beetle]"}, "319": {"llama": "[Enga Province, Time in Australia]"}, "320": {"llama": "[Dicrurus, Bronzed drongo, Animal]"}, "321": {"llama": "[Mark Montigny, Bristol County  Massachusetts]"}, "322": {"llama": "[Laurence Rosenthal, Man of La Mancha (film), Alberto Grimaldi]"}, "323": {"llama": "[US Colomiers Football, Ludovic Mary, France]"}, "324": {"llama": "[Rahman (actor), Nilave Malare (film), Shalini]"}, "325": {"llama": "[Olga Taussky-Todd, Hanna Neumann, Steglitz-Zehlendorf]"}, "326": {"llama": "[Hip hop music, Ithaka Darin Pappas, Underground Sound of Lisbon, Lisbon]"}, "327": {"llama": "[United States, Bath  Maine, German destroyer M\u00f6lders]"}, "328": {"llama": "[Japan, Ceui, J-pop]"}, "329": {"llama": "[Defender (football), Vladim\u00edr T\u00e1borsk\u00fd]"}, "330": {"llama": "[France, \u00c9ric Rohmer, Pauline at the Beach, N\u00e9stor Almendros]"}, "331": {"llama": "[Iran Daylight Time, Latvand-e Baraftab, Iran Standard Time]"}, "332": {"llama": "[Entre el amor y el deseo, Mexico, Coahuila]"}, "333": {"llama": "[Orthops campestris, Arthropod]"}, "334": {"llama": "[Eudicots, Semecarpus gardneri]"}, "335": {"llama": "[Bury F.C., Cameron Belford, Coventry City F.C.]"}, "336": {"llama": "[The Iron Ceiling, Richard Short (actor)]"}, "337": {"llama": "[Iran, Iran Standard Time]"}, "338": {"llama": "[CAC Woomera, Torpedo bomber, Blackburn Baffin]"}, "339": {"llama": "[Stachy, Prachatice District, Zbytiny]"}, "340": {"llama": "[Alphabutt, Anti-folk]"}, "341": {"llama": "[Leonard Matlovich, Vietnam War]"}, "342": {"llama": "[Myrtaceae, Acmena ingens, Rosid]"}, "343": {"llama": "[Electronic music, Tim Ward (musician), Vocals]"}, "344": {"llama": "[Atlantic Standard Time Zone, Humait\u00e1 Amazonas, Amazonas (Brazilian state), Time in Brazil]"}, "345": {"llama": "[Chordata, Veracruz whiff, Actinopterygii]"}, "346": {"llama": "[M\u0103ria River, Bistri\u0163a-N\u0103s\u0103ud County]"}, "347": {"llama": "[Problematic (album), Stephen Egerton (guitarist)]"}, "348": {"llama": "[Fender Stratocaster, New Hollow, Rock music]"}, "349": {"llama": "[Gambusia, Animal]"}, "350": {"llama": "[David Gordon Green, Goat (2016 film), The Film Arcade]"}, "351": {"llama": "[Dear My Friend, AVEX Records, Necessary (song)]"}, "352": {"llama": "[Darreh Zeydi, Central District (Bagh-e Malek County), Bagh-e Malek County, Iran, Fars Province]"}, "353": {"llama": "[Arthropod, Myrmecia hilli, Hymenoptera]"}, "354": {"llama": "[Jabalpur, Narendra Nath, Prem Chopra]"}, "355": {"llama": "[Dezful County, Mazmaz, Iran Daylight Time]"}, "356": {"llama": "[Deltocephalini, Recilia variabilis, Deltocephalinae]"}, "357": {"llama": "[Midfielder, Miroslav Stoch, List of Dutch football transfers summer 2009]"}, "358": {"llama": "[Finist\u00e8re, France, Paris]"}, "359": {"llama": "[Order of Osmanieh, Charles George Gordon, Gordon's School, United Kingdom, Cornwall]"}, "360": {"llama": "[China, Communist Party of China]"}, "361": {"llama": "[Florida Tuskers, Brooks Bollinger, Detroit Lions]"}, "362": {"llama": "[LXC, GNU LGPL, KDE Software Compilation]"}, "363": {"llama": "[Guitar, Luiza Possi, Vocal]"}, "364": {"llama": "[Belarus national football team, Vadim Skripchenko, Malaryta]"}, "365": {"llama": "[Jeff-Denis Fehr, BSV Schwarz-Wei\u00df Rehden, Paulo Jorge Fernandes Sereno]"}, "366": {"llama": "[Kalomira (album), Pop music]"}, "367": {"llama": "[Hapoel Ashkelon F.C., Maor Janah]"}, "368": {"llama": "[Inha University, Song Yoo-geun]"}, "369": {"llama": "[2013 U.S. National Indoor Tennis Championships, United States]"}, "370": {"llama": "[Arthropod, Animal]"}, "371": {"llama": "[Business, William T. Moore (Texas politician), United States]"}, "372": {"llama": "[Jos\u00e9 Mar\u00eda de la Cruz, Battle of Chacabuco]"}, "373": {"llama": "[Some Things Are Meant to Be, Arista Records]"}, "374": {"llama": "[Minor Watson, Hidden Gold, William Boyd (actor)]"}, "375": {"llama": "[Fire and Stone (album), Ghost of a King]"}, "376": {"llama": "[Bolitoglossa pesrubra, Edward Harrison Taylor]"}, "377": {"llama": "[MilkyWay, Pop music, Japanese pop]"}, "378": {"llama": "[Richmond  Virginia, Perry Moore, Tell Them Anything You Want: A Portrait of Maurice Sendak]"}, "379": {"llama": "[Conservative Party of Canada (historic), Louis-Rodrigue Masson]"}, "380": {"llama": "[France, Yvelines]"}, "381": {"llama": "[Belarussian SSR, Dzmitry Kavalyonak]"}, "382": {"llama": "[Rondinella Calcio, Christian Rigan\u00f2, Ternana Calcio]"}, "383": {"llama": "[Manfred Eicher, The Melody at Night  with You]"}, "384": {"llama": "[Young Blood (Norah Jones song), Blue Note Records]"}, "385": {"llama": "[Valdres, Oppland, Vinstre]"}, "386": {"llama": "[Insect, Hypsotropa rosescens, Animal]"}, "387": {"llama": "[Mohammad Shah Qajar, Fath-Ali Shah Qajar]"}, "388": {"llama": "[Olomouc Region, Czech Republic, Vienna]"}, "389": {"llama": "[Passeriformes, Mouse-colored thistletail, Chordata]"}, "390": {"llama": "[Doom engine, Hexen: Beyond Heretic]"}, "391": {"llama": "[Kreatiivmootor, Tallinn, Estonia]"}, "392": {"llama": "[Gilan Province, Iran, Qalandar-e Olya]"}, "393": {"llama": "[London School of Economics, Chris Matheson (British politician), England]"}, "394": {"llama": "[Music download, Higher (Sigma song)]"}, "395": {"llama": "[Le Roi des Champs-\u00c9lys\u00e9es, Buster Keaton]"}, "396": {"llama": "[Malaysian Highway Authority, Sultan Abdul Halim Muadzam Shah Bridge  Penang Seco  1]"}, "397": {"llama": "[Peter Yeldham, Victim Five, Harry Alan Towers]"}, "398": {"llama": "[Chordate, Collared treepie, Animal]"}, "399": {"llama": "[Akwa language, Bantoid languages]"}, "400": {"llama": "[Plantae, Eremophila (plant)]"}, "401": {"llama": "[Chesterfield  Missouri, Sean Dolan]"}, "402": {"llama": "[Sweden, Central European Time, N\u00e1chod District]"}, "403": {"llama": "[France, Franche-Comt\u00e9]"}, "404": {"llama": "[Wales, The Little Engine That Could (1991 film), Frank Welker]"}, "405": {"llama": "[Canada, Edmund Wyly Grier, Slade School of Art]"}, "406": {"llama": "[2014 Nebraska Cornhuskers football team, 2014 Wisconsin Badgers football team]"}, "407": {"llama": "[Canada, Toyota RAV4 EV  Second generation  1, Fremont  California]"}, "408": {"llama": "[Mehranrud-e Markazi Rural District, Bostanabad County, Abbas-e Gharbi Rural District]"}, "409": {"llama": "[Madrid, 1989 Copa del Rey Final, Vicente Calder\u00f3n Stadium]"}, "410": {"llama": "[Microcrambus, Animal]"}, "411": {"llama": "[Ed Fulton, Scarborough  Toronto, Gus Harris]"}, "412": {"llama": "[Rock music, Garrison Starr]"}, "413": {"llama": "[Paraguay, Paraguay national football team, Gustavo G\u00f3mez, A.C. Milan]"}, "414": {"llama": "[Hajjiabad County, Hormozgan Province, Iran, Fars Province]"}, "415": {"llama": "[Okahandja, South African Standard Time]"}, "416": {"llama": "[Yuri Dubrovin, FC Luch-Energiya Vladivostok]"}, "417": {"llama": "[Otto Preminger, Where the Sidewalk Ends (film), Joseph LaShelle]"}, "418": {"llama": "[Iran Daylight Time, Damavand County, Jamabrud Rural District]"}, "419": {"llama": "[Tulisa, Camden Town]"}, "420": {"llama": "[FC KAMAZ-Chally Naberezhnye Chelny, Aleksei Babenko, FC Anzhi Makhachkala]"}, "421": {"llama": "[Party of Rights, Zagreb, Eugen Kvaternik, Rakovica  Croatia]"}, "422": {"llama": "[Jimmy Bowen, Men'll Be Boys, Fire in the Dark]"}, "423": {"llama": "[West Coast hip hop, Hip hop music]"}, "424": {"llama": "[Iran Daylight Time, Hasan Khani  Qazvin]"}, "425": {"llama": "[Johnathon Schaech, Judas (film), Michael Goi]"}, "426": {"llama": "[Eudicots, Terminalia parviflora]"}, "427": {"llama": "[Hama Governorate, Al-Uwayr, Village]"}, "428": {"llama": "[Angiosperms, Bulbophyllum manarae, Epidendroideae]"}, "429": {"llama": "[Moscow, Dmitri Ekimov]"}, "430": {"llama": "[1960 Scottish League Cup Final, 1959 Scottish League Cup Final]"}, "431": {"llama": "[County of Sponheim, Bad Kreuznach, Germany]"}, "432": {"llama": "[Roland Gross, The Deep Six, William Bendix]"}, "433": {"llama": "[West Pomeranian Voivodeship, Poland]"}, "434": {"llama": "[Vancouver Canucks, Barry Wilkins, Defenceman (ice hockey)]"}, "435": {"llama": "[Cypriniformes, Cyprinidae]"}, "436": {"llama": "[Berlin Offensive, 50th Rifle Division (Soviet Union)]"}, "437": {"llama": "[Veracruz  Veracruz, Adriana Fonseca, Actress]"}, "438": {"llama": "[Iran, Deh-e Now  Bakharz]"}, "439": {"llama": "[Fred Johnston (writer), Northern Ireland, County Down]"}, "440": {"llama": "[Iran, Omm ol Ghaffari]"}, "441": {"llama": "[Patrick Carney, The Black Keys, V2 Records]"}, "442": {"llama": "[Balu  West Azerbaijan, Iran Daylight Time]"}, "443": {"llama": "[Ak\u0131n \u00d6zt\u00fcrk, Turkish Air Force, Turkish War of Independence]"}, "444": {"llama": "[Aethes, Aethes macasiana]"}, "445": {"llama": "[Cerobasis denticulata, Insect]"}, "446": {"llama": "[Toronto, Advocacy for Respect for Cyclists, Cycling]"}, "447": {"llama": "[Arthropoda, Acrodipsas, Lepidoptera]"}, "448": {"llama": "[Cerceris, Philanthinae]"}, "449": {"llama": "[Plantae, Bulbophyllum lemnifolium, Angiosperms]"}, "450": {"llama": "[Arthropod, Pyralidae, Crocidomera fissuralis]"}, "451": {"llama": "[Wallace Fox, Bowery Blitzkrieg, Robert Golden]"}, "452": {"llama": "[Drama, Byaah Hamari Bahoo Ka, Gaurav Khanna, Kanpur]"}, "453": {"llama": "[Defender (association football), Domingos Nascimento dos Santos Filho, Brazil]"}, "454": {"llama": "[Animals That Swim, Goya Dress, Nude Records]"}, "455": {"llama": "[The Diary of Ellen Rimbauer (miniseries), Gary Chang, United States]"}, "456": {"llama": "[Vertebrate, Xenocalamus transvaalensis, Animalia]"}, "457": {"llama": "[Norway, Tr\u00f8ndelag]"}, "458": {"llama": "[Hardcover, Crack'd Pot Trail, PS Publishing]"}, "459": {"llama": "[Spain, Aragon]"}, "460": {"llama": "[Paul Richter, King of the Centre Forwards, Bavaria Film]"}, "461": {"llama": "[Winchester Nevada, Still Want You, Can't Deny My Love]"}, "462": {"llama": "[United States of Tara, Tim DeLaughter]"}, "463": {"llama": "[KTVO, Sinclair Broadcast Group, WHOI (TV)]"}, "464": {"llama": "[Pakistani community of London, London Borough of Harrow, Stanmore College, England]"}, "465": {"llama": "[George Hoellering, Kuhle Wampe, Hanns Eisler]"}, "466": {"llama": "[Battista Sforza, Alessandro Sforza]"}, "467": {"llama": "[Birt Acres, Boxing Match; or  Glove Contest]"}, "468": {"llama": "[Indie pop, Indie rock, Antonio Vega (singer), Madrid, Restoration (Spain)]"}, "469": {"llama": "[Lincolnshire, Philip Norton  Baron Norton of Louth]"}, "470": {"llama": "[Marshall Sahlins, Morton Fried]"}, "471": {"llama": "[Siah Gel  Abdanan, Abdanan County, Iran]"}, "472": {"llama": "[Ghafar Baba, Sunni Islam]"}, "473": {"llama": "[Supermini, Mini Hatch, Mini Hatch  Second Generation R56  1]"}, "474": {"llama": "[Hamidabad  Ardabil, Sharqi Rural District]"}, "475": {"llama": "[Ed Stoppard, Zen (TV series)]"}, "476": {"llama": "[Eudicots, Mammillaria, Mammillaria schwarzii]"}, "477": {"llama": "[Kallinge, F 17 Kallinge, Saab 32 Lansen]"}, "478": {"llama": "[Burton C. Bell, Ambient music]"}, "479": {"llama": "[Ost Autobahn, Vienna International Airport, Emerald Airways, Air Transport]"}, "480": {"llama": "[United States, Texas, Austin Texas, University of Texas]"}, "481": {"llama": "[Mehmet Altan, \u00c7etin Altan]"}, "482": {"llama": "[United States, California, Los Angeles]"}, "483": {"llama": "[Sharq va Gharb-e Shirgah Rural District, Savadkuh County, Bur Khani]"}, "484": {"llama": "[Ivan the Terrible, Moscow, Andrei Rublev]"}, "485": {"llama": "[Erosida formosa, Insect]"}, "486": {"llama": "[Tenmile Creek (Catskill Creek), New York (state)]"}, "487": {"llama": "[Daniel Keyes, Seiun Award, Japan]"}, "488": {"llama": "[NASCAR, Jim France, Bill France Sr.]"}, "489": {"llama": "[Rimini Calcio F.C., Antonio Fusari, Midfielder]"}, "490": {"llama": "[Carl Adam Petri, Darmstadt University of Technology, Germany]"}, "491": {"llama": "[Spain, Barcelona, Abraham bar Hiyya]"}, "492": {"llama": "[Sistan and Baluchestan Province, Chah-e Kalir, Iran Daylight Time]"}, "493": {"llama": "[Man Overboard (film), Grit Hegesa, Dancer, Grit Hegesa, German Empire, Grit Hegesa, Christian Democratic Union of Germany]\n\nNote: There are multiple shortest paths between Man Overboard (film) and Christian Democratic Union of Germany, but the above path is one of them."}, "494": {"llama": "[Iran, Isfahan Province, Isfahan County]"}, "495": {"llama": "[Coeducation, Springville-Griffith Institute, Springville  New York, North American Eastern Time Zone]"}, "496": {"llama": "[Verano de Esc\u00e1ndalo (2003), Nuevo Le\u00f3n, Guerra de Titanes (2012), Zapopan  Jalisco]"}, "497": {"llama": "[Silent film, Soul Mates (film), Oliver T. Marsh]"}, "498": {"llama": "[Parkway\u2013South Sacramento  California, Sacramento County  California, Pacific Daylight Time]"}, "499": {"llama": "[Milan, Italy, Anzano di Puglia]"}}