{"0": {"llama8b": "[Veronica Garcia, Megan Banks, Rachel Mitchell]"}, "1": {"llama8b": "[Michelle Nelson, Kevin Brooks]"}, "2": {"llama8b": "[Shawn Grant, Mark Johnson]"}, "3": {"llama8b": "[Monica Watkins, Sarah Garza]"}, "4": {"llama8b": "[Carolyn Hall, Anne Cooper]"}, "5": {"llama8b": "[Jessica Sullivan, Kathryn Bernard]"}, "6": {"llama8b": "[Elizabeth Davenport, Rebekah Brooks]"}, "7": {"llama8b": "[Shelby Saunders, Robin Gray, Mrs. Jessica Moore, Susan Cole]"}, "8": {"llama8b": "[Kristi Morris]"}, "9": {"llama8b": "[Melanie Santiago, Zachary Weber]"}, "10": {"llama8b": "[Joshua Thomas]"}, "11": {"llama8b": "[Carl Robinson, Dr. Olivia Juarez]"}, "12": {"llama8b": "[Barbara Garcia MD, Margaret Morris, Deborah Bates, Dominique Rodriguez, Michael Hernandez]"}, "13": {"llama8b": "[Dr. Elizabeth Sullivan, Ms. Amy Duncan, Brian Wright, Joel Anderson, Haley Berry, Derek Morales]"}, "14": {"llama8b": "[Robert Bell, Miss Heather Ware]"}, "15": {"llama8b": "After analyzing the social network, I have identified the following connected components:\n\n* [Joseph Bowman, Jamie Garcia, Michael Stevens, Allison Alvarez, Melissa Mitchell, Shelley Jones]\n* [Jerry Larson, Marilyn Simmons, Troy Butler]\n* [Tammy Allen]\n\nEach of these components is a separate group of friends where any node can be reached from any other node through the edges in the graph."}, "16": {"llama8b": "[Ronald Cervantes, Mr. Matthew Christian]"}, "17": {"llama8b": "The connected components in the given social network are:\n\n[Jose Alexander, Susan Greene, Matthew Ball, Shannon Ford, Tony Alvarez, Johnathan Jones, Kelsey Elliott, Michael Young, Richard Conrad, Patrick Higgins, Derrick Jackson Jr.]\n\nNote that Jose Alexander is a representative node for the first connected component, which includes Jose Alexander, Susan Greene, Matthew Ball, Shannon Ford, Tony Alvarez, and Johnathan Jones. Similarly, the other nodes listed are representative nodes for their respective connected components."}, "18": {"llama8b": "[Glenn Young, Anna Green]"}, "19": {"llama8b": "[Juan French]"}, "20": {"llama8b": "[Christina Li, Brian Cochran, Jack Alexander]"}, "21": {"llama8b": "[John Brown, Yvonne Bailey]"}, "22": {"llama8b": "The connected components in this network are: [Heather Barrett, Zachary Potter, Amy Watson], [Wendy Williams, Megan Spencer]."}, "23": {"llama8b": "[Heidi Kennedy, Joseph Martinez, Mitchell Roberts, Angel Calderon]"}, "24": {"llama8b": "[Leslie Johnson]"}, "25": {"llama8b": "[Lauren Phillips, Christopher Williams, Alyssa Johnson, Joseph Gilmore, Michael Travis, Nicholas Atkins, Elizabeth Jones, Maria Lam, Benjamin Walker, William Mayo, Courtney Mckinney, Nathan Lester]"}, "26": {"llama8b": "[Steven Mills]"}, "27": {"llama8b": "[Rebecca Gillespie, Lisa Mitchell, Michelle Walker]"}, "28": {"llama8b": "[Michael Lee, Lisa Henry]"}, "29": {"llama8b": "[Melissa Hill, Gabrielle Day, Andrew Williams]"}, "30": {"llama8b": "[Jonathan Browning, Mrs. Melanie Webster]"}, "31": {"llama8b": "[Justin Pena, Susan Moreno, James Kline, Cameron Russell]"}, "32": {"llama8b": "[Monica Stokes, Gloria Galvan]"}, "33": {"llama8b": "[Victor Novak, Richard Kelley]"}, "34": {"llama8b": "[Jasmine Quinn, Michael Thompson]"}, "35": {"llama8b": "[Patricia Sullivan, Kelly Carpenter, Lisa Boone, Brittany Hughes, Tiffany Martinez]"}, "36": {"llama8b": "The connected components in the given social network are: [Logan Sosa, Kathleen Murray, Frank Ford, William Powell, Alyssa Arnold, Brian Liu, Samuel Taylor]\n\nExplanation: \n\n- Logan Sosa is connected to Alyssa Arnold.\n- Kathleen Murray is connected to Alyssa Arnold, Brian Liu, and Samuel Taylor.\n- Frank Ford is connected to William Powell.\n- Alyssa Arnold is connected to Logan Sosa, Kathleen Murray, Brian Liu, and Samuel Taylor.\n- Brian Liu is connected to Kathleen Murray and Alyssa Arnold.\n- Samuel Taylor is connected to Kathleen Murray and Alyssa Arnold.\n- William Powell is connected to Frank Ford.\n\nEach of these nodes is connected to at least one other node, and there are no isolated nodes. Therefore, the entire network is a single connected component."}, "37": {"llama8b": "[Ronald Williams, Laura Obrien]"}, "38": {"llama8b": "[Megan Pierce]"}, "39": {"llama8b": "[Terry Wolfe, Kimberly Smith]"}, "40": {"llama8b": "[Jason Morales, Mrs. Karen Anderson]"}, "41": {"llama8b": "[William Walker, Tracy Brady, Michelle Gonzalez, Lauren Griffith, Madeline Wiggins]"}, "42": {"llama8b": "[Johnathan Nicholson, April Burns, Christopher Smith]"}, "43": {"llama8b": "[Michelle Vasquez, Scott Bryant, Christina Cantu]"}, "44": {"llama8b": "[Chelsea Bryant, Jeremy Brown]"}, "45": {"llama8b": "[Barry Fuentes, Maria Johnson, Melinda Fisher, Jeremy Brown]"}, "46": {"llama8b": "[Christopher Cooley]"}, "47": {"llama8b": "[Andrew Miller]"}, "48": {"llama8b": "[Jason Barker]"}, "49": {"llama8b": "[Tyrone Hudson, Joyce Hanson]"}, "50": {"llama8b": "[Michael Powell, Jennifer Lawrence]"}, "51": {"llama8b": "[Samuel Patel, John Williams, Jennifer Koch, Thomas Norman]"}, "52": {"llama8b": "[Debra Rosales, Rebecca Harrington]"}, "53": {"llama8b": "[Joanna Stevens, Sarah Vaughan, Michele Johnson]"}, "54": {"llama8b": "[Andres Hall]"}, "55": {"llama8b": "[Christopher Shaw, Angela Smith]"}, "56": {"llama8b": "[Marissa Watson, Amy Jones]"}, "57": {"llama8b": "[Rodney Turner, Justin Baxter]"}, "58": {"llama8b": "After analyzing the social network, I have identified the following connected components:\n\n* Michael Page, Steven Peterson, Veronica Hunter\n* Leah Patrick, Shawn Fuller, Elizabeth Rogers, Andrew Aguirre, Brian Peterson\n* Antonio Olson, Jorge Norton DDS\n\nOne representative node from each component is:\n\n[Michael Page, Leah Patrick, Antonio Olson]"}, "59": {"llama8b": "[Ray Morris, Chelsea Williams]"}, "60": {"llama8b": "[Crystal Underwood, Justin Walsh]"}, "61": {"llama8b": "[Mark Hooper, Travis Brandt DVM, Jennifer Berg, Anthony Perez]"}, "62": {"llama8b": "[Matthew Holmes, Maria King]"}, "63": {"llama8b": "[Ms. Bethany Waller, Laura Bailey]"}, "64": {"llama8b": "[Angela Grant, Emily Johnson]"}, "65": {"llama8b": "[Tammy Martinez, Catherine Miller]"}, "66": {"llama8b": "[Regina Simmons, Rachel Collins]"}, "67": {"llama8b": "[Ann Roberts, Sara Lewis]"}, "68": {"llama8b": "[Kim Roberts, Timothy Trujillo MD]"}, "69": {"llama8b": "[Ann Hernandez]"}, "70": {"llama8b": "[John Ali]"}, "71": {"llama8b": "[Aaron Burke, Regina Simmons, Brian Rodriguez, Benjamin Luna, Christine Dixon]"}, "72": {"llama8b": "[David Austin, Kimberly Lester, Tyler Miller, Samantha Bruce, Susan Ward, Matthew Harvey, Thomas Dougherty, Benjamin Dennis]"}, "73": {"llama8b": "[Melissa Bauer, Betty Robinson]"}, "74": {"llama8b": "[Lauren Thomas, Erika Davis]"}, "75": {"llama8b": "[Sherry Ward, Anthony Rocha, Robert Avila]"}, "76": {"llama8b": "[Donald Ramsey, Christine Walker]"}, "77": {"llama8b": "[Brandon Webster, Angela Carr, Crystal Koch]"}, "78": {"llama8b": "[Anna Adams PhD, Kathleen Perry]"}, "79": {"llama8b": "[Christopher Mercer, Pamela Lee]"}, "80": {"llama8b": "[Jessica Hicks, Morgan Thompson]"}, "81": {"llama8b": "[Ruben Randall, Thomas Steele]"}, "82": {"llama8b": "The connected components in the given social network are:\n\n[Andrea Stevenson, Andrew Huynh, Anna Haynes, David Anderson, Ryan Smith]\n\nNote that all nodes in the network are connected to each other, forming a single connected component."}, "83": {"llama8b": "[Douglas Chambers, April Mcguire, Hector Mckinney, Megan Hamilton]"}, "84": {"llama8b": "[Kristy Sanders]"}, "85": {"llama8b": "[Matthew Flores]"}, "86": {"llama8b": "[Steven White, Ellen Ross, Jason Salazar, Michael Perry]"}, "87": {"llama8b": "[Ryan Beck, Anne Payne]"}, "88": {"llama8b": "[Gregory Salinas, Kevin Rogers]"}, "89": {"llama8b": "[Justin Horton, Lauren Thomas, Edward Davis, Nathan Jones, Jessica Rogers, Thomas Brown, Laurie Patterson, Allison Simpson, Don Garcia]"}, "90": {"llama8b": "The connected components in the given social network are: [Jeremy Choi, Regina Hill]."}, "91": {"llama8b": "[Tyrone Kelley, Michelle Kramer]"}, "92": {"llama8b": "The connected components in the given social network are: [Heather Williams, Anthony Tyler]."}, "93": {"llama8b": "[Barbara Walters, Timothy Torres]"}, "94": {"llama8b": "The connected components in the given social network are: [Mr. Steven Arnold, Brittney Murphy]."}, "95": {"llama8b": "[Jason Wong]"}, "96": {"llama8b": "[Eric Sims, Shannon Barr]"}, "97": {"llama8b": "After analyzing the social network, I identified the following connected components:\n\n1. [Lauren James, Kathryn Cook, Brittany Sweeney, Tony Mcbride]\n2. [Melvin Torres, Jasmine Fletcher, Ms. Erin Mendoza, Jane Green]\n\nThese two components are isolated from each other, meaning that there are no edges connecting nodes from one component to nodes from the other."}, "98": {"llama8b": "[Mr. Christopher Taylor]"}, "99": {"llama8b": "[Kaitlin Baker, Mary Jones]"}, "100": {"llama8b": "[Angel Sherman, Mrs. Jennifer Gregory]"}, "101": {"llama8b": "[Brooke Sanchez, Mariah Smith, Christopher Anderson]"}, "102": {"llama8b": "[Jason Macias, Sherry Sanders, Kim Ward]"}, "103": {"llama8b": "[Ryan Sanchez, Timothy Perez, Gina Cruz]"}, "104": {"llama8b": "[Jennifer Walker, Mary Rasmussen, David Jones]"}, "105": {"llama8b": "[Jerry Bowman, Kayla Bishop, Erika Daugherty, Jeremy Green, Jorge Brennan, Lisa Summers]"}, "106": {"llama8b": "[Rebecca Gray, Larry Martinez, Jennifer Richardson]"}, "107": {"llama8b": "[Frank Mason, Samantha Yang]"}, "108": {"llama8b": "[Kathleen Williams]"}, "109": {"llama8b": "[Brandy Mathis, Stephen Hess]"}, "110": {"llama8b": "The connected components in the given social network are:\n\n[Patricia Miller, Sandra Miller, Kelsey Mcgee, John West, Tiffany Rowland, Bryan Stewart]\n\nNote that all nodes in the network are connected to each other, forming a single connected component."}, "111": {"llama8b": "[Kimberly Warren, Gina Jenkins]"}, "112": {"llama8b": "[Kimberly Reed, Robert Day, Johnny Thompson]"}, "113": {"llama8b": "[Paul Robinson, Sarah Nelson, Timothy Gallagher, Gabrielle Morrison]"}, "114": {"llama8b": "[Kyle Larsen, Amanda Walker]"}, "115": {"llama8b": "[Ashley Ellis, Rebecca Sosa]"}, "116": {"llama8b": "[Jamie Oliver, Jessica Patel DDS, Mr. Joseph Mcclure Jr.]"}, "117": {"llama8b": "[Barbara Warren, Mackenzie Adams, Jason Brown, Lindsay Smith, Michael Bishop]"}, "118": {"llama8b": "[Gary Leon, Pamela Rivera]"}, "119": {"llama8b": "[Ryan Lloyd]"}, "120": {"llama8b": "[Anthony Wilson, Samantha Woodard]"}, "121": {"llama8b": "[Matthew Lawrence, Michael Arroyo]"}, "122": {"llama8b": "[Cynthia Smith, Carrie Rodgers]"}, "123": {"llama8b": "[Anthony Elliott, Mr. Thomas Ayala, Jessica Matthews, Pamela Johnson, Mark Elliott, Timothy Nunez, Emily Brock, Joseph Smith]"}, "124": {"llama8b": "[Benjamin Wagner, Frank Brown, Sara Shelton]"}, "125": {"llama8b": "[Deborah Wright, Jennifer Thompson, Ronald Perez, Gloria House, Mark James, James Jackson, Jill Page, David Cook, Brandon Andrade, George Jimenez]"}, "126": {"llama8b": "[Ariana Leonard, Scott Gregory]"}, "127": {"llama8b": "[Lee Jennings, Michael Lawson]"}, "128": {"llama8b": "[Evan Wright, Amanda Kidd]"}, "129": {"llama8b": "[Nicholas Arias MD, Ashley Caldwell, Sara Gray]"}, "130": {"llama8b": "[Justin Walsh, William Porter II]"}, "131": {"llama8b": "[Amber Gillespie, Kimberly Archer, Michael Baker, Matthew Paul, Craig Murphy MD, Raven Thomas, Victoria Williamson, Mathew Garza, Joshua Kane]"}, "132": {"llama8b": "[Adam Sharp, Jill Smith]"}, "133": {"llama8b": "[Charles Hill, Sarah Rodriguez, Jodi Davis]"}, "134": {"llama8b": "[Renee Brown, Richard Solis]"}, "135": {"llama8b": "[Sharon Williamson, John Davis, Sarah Smith, Andrew Price, Melissa Farley, Shane Bowers, Jordan Downs, Timothy Moore, Amanda Lucero, Anthony Daniel]"}, "136": {"llama8b": "[Bradley Roberts]"}, "137": {"llama8b": "The connected components in this network are:\n\n[Ronald Williams, Jodi Smith]\n\nExplanation: Ronald Williams is connected to all other nodes in the first component, and Jodi Smith is connected to Shawn Kline in the second component."}, "138": {"llama8b": "[Mary King, Gary Harris]"}, "139": {"llama8b": "[Terry Yates, Penny Kelley, Ryan Rodriguez, Mary Campbell, Miss Gabrielle Wright]"}, "140": {"llama8b": "[Phillip Marsh]"}, "141": {"llama8b": "[Noah Decker, Jonathan Beasley]"}, "142": {"llama8b": "[Joseph Wells, Susan Jennings]"}, "143": {"llama8b": "[Evelyn Franklin, Ryan Anderson, Jeffrey Yang]"}, "144": {"llama8b": "[Spencer Dean, Michelle Williams]"}, "145": {"llama8b": "[David Dalton, Alisha Clarke, Rebecca Randall]"}, "146": {"llama8b": "[Matthew Irwin, Stacey Owens, Alex Jones, William Lee]"}, "147": {"llama8b": "[Brett Jensen, Lee Espinoza, Margaret Murphy, Thomas Moyer, Jeremy Leon, Jody Martinez, Courtney Harris, Sean Hunter, Henry Lee, James Brown, Steven Fox, Theresa Scott, Joe Brown, John Mills, Michael Harmon]"}, "148": {"llama8b": "[Dylan Foster]"}, "149": {"llama8b": "[Tyler Keller]"}, "150": {"llama8b": "[Leah Mahoney]"}, "151": {"llama8b": "[Corey Rogers, Nathaniel Craig, Diana Lara]"}, "152": {"llama8b": "The connected components in the given social network are: [Emily Hayes, Terry Weber, Sharon Garza, Tony Willis, Rebecca Norman]."}, "153": {"llama8b": "[Maria Luna, Rebecca Jones]"}, "154": {"llama8b": "[Richard Flores]"}, "155": {"llama8b": "[Gregory Summers, Alyssa Rodriguez DVM]"}, "156": {"llama8b": "[Richard Santana]"}, "157": {"llama8b": "[Rodney Turner, Anthony Nguyen]"}, "158": {"llama8b": "[Jesse Lynch, Gabriel Odonnell]"}, "159": {"llama8b": "[Ryan Foster, Holly Smith, Brian Bishop]"}, "160": {"llama8b": "[Elizabeth Kirk]"}, "161": {"llama8b": "The connected components in this network are:\n\n[Amanda Higgins, Tammy Burgess]"}, "162": {"llama8b": "[Corey Chavez, Sandra King MD, Patricia Reed]"}, "163": {"llama8b": "[Laura Meyers, John Hart, Robert Church]"}, "164": {"llama8b": "[Eric Henderson]"}, "165": {"llama8b": "[Angela Jimenez, Daniel Barr]"}, "166": {"llama8b": "[Kimberly Peterson MD, Kayla Hall]"}, "167": {"llama8b": "[Joan Shields]"}, "168": {"llama8b": "[Eric Dawson, Jennifer Romero]"}, "169": {"llama8b": "[Kathryn Williamson, Gerald Wells]"}, "170": {"llama8b": "The connected components in the given social network are:\n\n[Michael Rowland, James Velazquez, Donna Watson, Catherine Goodwin, Angela Reid]\n\nNote that Michael Rowland is a representative node from the connected component that includes Michael Rowland, James Velazquez, Donna Watson, Catherine Goodwin, and Angela Reid."}, "171": {"llama8b": "[Duane Hall, Ms. Cynthia Bell]"}, "172": {"llama8b": "[Kristen Long]"}, "173": {"llama8b": "[Bryan Berg, Holly Wilson]"}, "174": {"llama8b": "[Joseph Patterson, Gregory Clark]"}, "175": {"llama8b": "[Destiny Simpson, Cheryl Prince]"}, "176": {"llama8b": "[Raymond Carter, Joseph Ortiz]"}, "177": {"llama8b": "[Alan Savage, Michael Collier, Jeffrey Rice]"}, "178": {"llama8b": "[Brandon Medina, Kenneth Stein]"}, "179": {"llama8b": "[Stephanie Beard, Christopher Kennedy]"}, "180": {"llama8b": "[Nicholas Roberson MD]"}, "181": {"llama8b": "[Carol Horton, Mr. Cameron Joseph]"}, "182": {"llama8b": "[Oscar Montgomery, Erika Brown]"}, "183": {"llama8b": "[Douglas Chambers, April Mcguire, Jeffery Choi]"}, "184": {"llama8b": "[Kevin Morrow]"}, "185": {"llama8b": "[Mr. Eric Mckay, Jennifer Vasquez]"}, "186": {"llama8b": "[Meghan Elliott, Stephanie Livingston, Jose Carpenter, Antonio Gutierrez]"}, "187": {"llama8b": "[Hannah Murphy]"}, "188": {"llama8b": "[Steven Collins, Stephen Mendoza]"}, "189": {"llama8b": "[Wendy Turner, Rebecca Watson, Jonathan Bailey, Laura Gordon, Jose Miller, Heidi Mcknight, Karen Robertson, David Murphy, Gary Martinez]"}, "190": {"llama8b": "The connected components in the given social network are: [Debra Greene, Margaret Wilson]."}, "191": {"llama8b": "[Anthony Carlson, Jorge Reyes]"}, "192": {"llama8b": "[Elizabeth Washington, Crystal Mathews]"}, "193": {"llama8b": "[Michelle Hernandez, Bethany Leonard]"}, "194": {"llama8b": "[Julia Phillips]"}, "195": {"llama8b": "[Nicholas Mitchell, Jennifer Peters]"}, "196": {"llama8b": "After analyzing the social network, I have identified the following connected components:\n\n* [Walter Meyer, Stephanie Bean, Brittany Burgess, Elizabeth Mullen]\n* [Debbie Meyer, John Cunningham, Michael Hopkins]\n* [Jay Walsh, Cole Green]\n\nEach of these components is a separate group of people who are connected to each other through friendships, and no one in one component can reach anyone in another component through the given friendships."}, "197": {"llama8b": "[Marisa Jackson, Sean Moreno]"}, "198": {"llama8b": "[Mark Flores, Andrew Kennedy]"}, "199": {"llama8b": "[Kevin Bowen, Mrs. Breanna Wheeler]"}, "200": {"llama8b": "[Thomas Zamora]"}, "201": {"llama8b": "[Desiree Johns, Carolyn Welch, Cathy Graham]"}, "202": {"llama8b": "[Paul Williams, Sue Schmitt]"}, "203": {"llama8b": "[Stephen Williams, Mary Lloyd DDS]"}, "204": {"llama8b": "[Roberta Jacobson, Sarah Callahan]"}, "205": {"llama8b": "[Megan Brandt]"}, "206": {"llama8b": "[Kimberly Hill, Corey Higgins, Patricia Thompson, Yolanda Becker, Beth Jackson]"}, "207": {"llama8b": "[Anna Griffin, Katie Leblanc, Rachel Valdez]"}, "208": {"llama8b": "[Travis Williams, John Robles, Matthew Goodman]"}, "209": {"llama8b": "[Janice Davidson, Mr. Jacob Wright DDS]"}, "210": {"llama8b": "[Heidi Perez]"}, "211": {"llama8b": "[Shannon Osborne, Brenda Melton]"}, "212": {"llama8b": "[Christopher Blake, Lauren Ross]"}, "213": {"llama8b": "[Ethan Mcdaniel, Sara Hamilton, Thomas Kennedy]"}, "214": {"llama8b": "[Jay Duncan, Paul Rodriguez]"}, "215": {"llama8b": "[Erica Bates]"}, "216": {"llama8b": "[David Nelson, Sean Chan]"}, "217": {"llama8b": "[Andrew Roberts, Pamela Jones, Amy Jones]"}, "218": {"llama8b": "[Harry Smith, Michael Maddox, Jessica Bishop, Shannon Mendez, Ricardo Lee, Anthony Bryan, Thomas Stevens, Daniel Nicholson]"}, "219": {"llama8b": "[Kevin Turner]"}, "220": {"llama8b": "[Shannon Patel, Christina Singleton, Frank Howard]"}, "221": {"llama8b": "[Erin Guerra]"}, "222": {"llama8b": "[Alan Wong, Martin Gallegos]"}, "223": {"llama8b": "[Danielle Pearson, John Cain, Kimberly Bolton, Robert Villanueva, Mary Reeves]"}, "224": {"llama8b": "[Michael Moore, James Parsons, Stephanie Salinas, Jeffrey Garcia, Lisa Smith, Bryan Shaw, Madison White MD, Jessica Curtis, Theresa Bradshaw, Katherine Dunn, Douglas Zavala, Brian Murray]"}, "225": {"llama8b": "[Melissa Hawkins, Jason Jenkins, Sylvia Roy]"}, "226": {"llama8b": "[Tiffany Randall, Marco Cook, Ryan Cameron]"}, "227": {"llama8b": "[Phillip Simon, Mr. Thomas Villarreal, Kim Lloyd]"}, "228": {"llama8b": "[Antonio Sims, Julian Harmon, Jennifer Lopez]"}, "229": {"llama8b": "[Nathaniel Torres, Nicholas Duncan, Heather Morales]\n\nThe connected components in the given social network are:\n\n1. Nathaniel Torres and Amanda Arias (connected through friendship)\n2. Nicholas Duncan (isolated from the others)\n3. Heather Morales (isolated from the others)\n\nSo, the answer is [Nathaniel Torres, Nicholas Duncan, Heather Morales]."}, "230": {"llama8b": "[Clinton Jensen, Melanie Johnson, Jessica Osborne, Kayla Weeks DDS, Dana Acosta]"}, "231": {"llama8b": "[Jocelyn Wang, Joseph Miller, Catherine Johnson, Brian Boyd]"}, "232": {"llama8b": "[Dean Johnson, James Brooks]"}, "233": {"llama8b": "[Alfred Williams, Rebekah Sanders]"}, "234": {"llama8b": "[Jessica Griffin, Miss Tamara Blackwell, Alicia Stephenson]"}, "235": {"llama8b": "[Christopher Johnson, James Rodriguez, Nicholas Parrish, Caroline Bell]"}, "236": {"llama8b": "[Rebecca Medina]"}, "237": {"llama8b": "[Francisco Perez]"}, "238": {"llama8b": "[Megan Weaver, Julia Bond]"}, "239": {"llama8b": "[Taylor Williams, Beth Rodriguez, Michael Marsh, Kimberly Aguilar]"}, "240": {"llama8b": "[Duane Schaefer, Connor Davis, Michael Ramsey]"}, "241": {"llama8b": "[Alison Moran, Amy Perez, Donald Jones, Stephanie Hughes]"}, "242": {"llama8b": "[Alison Chan, Erik Cline]"}, "243": {"llama8b": "[Robert Weeks, Yolanda Smith]"}, "244": {"llama8b": "[Robert Fitzgerald, Jennifer Gonzales]"}, "245": {"llama8b": "[David Murphy, George Nunez]"}, "246": {"llama8b": "[Robert Turner, Joseph Hill]"}, "247": {"llama8b": "[Kimberly Lewis, Jason Perry]"}, "248": {"llama8b": "[Christopher Knight, Kevin Myers]"}, "249": {"llama8b": "[Dakota Johnson, Shari Reeves]"}, "250": {"llama8b": "The connected components in this network are: [Matthew Lewis, Wanda Smith, Joseph Crawford]."}, "251": {"llama8b": "[Donna Freeman, Nicole Williams, Alexander Jones, Kevin Frey]"}, "252": {"llama8b": "The connected components in the given social network are: [Todd Oconnor, Ashley Jackson]."}, "253": {"llama8b": "[Michael Rhodes, Christina Lopez, Mark Parker]"}, "254": {"llama8b": "[Jennifer Scott]"}, "255": {"llama8b": "[Leah Rivera, Anna Hubbard, Jeffrey Martin, Wendy Hale, Adam Norton]"}, "256": {"llama8b": "[Christopher Porter]"}, "257": {"llama8b": "[Rodney Turner, Allen Pearson]"}, "258": {"llama8b": "After analyzing the social network, I found the following connected components:\n\n* [Bradley Wilson, Rachel Davila, Nicole Bailey, Austin Cruz, David English, Phillip Parker, Andrea Morrison, Laura Hunter, Kenneth Haynes MD]\n* [Stacey Wright]\n\nNote that Bradley Wilson is a representative node for the first connected component, and Stacey Wright is a representative node for the second connected component."}, "259": {"llama8b": "[Jessica Silva, Billy Lang]"}, "260": {"llama8b": "[Mrs. Jasmine Moran, Matthew Keith]"}, "261": {"llama8b": "The connected components in this network are: [Haley Montgomery]"}, "262": {"llama8b": "[ Lori Bell, Daniel Martinez ]"}, "263": {"llama8b": "[Cynthia Johnson, Laura Jenkins]"}, "264": {"llama8b": "[Eric Taylor PhD, Rhonda Jimenez, Jamie Castillo, Lisa Lee, Sandra Sellers]"}, "265": {"llama8b": "[Mr. Jimmy Garcia, Tracy Wong, Joseph Hayes]"}, "266": {"llama8b": "[Michael Chavez, Traci Woods]"}, "267": {"llama8b": "[Shirley Hernandez]"}, "268": {"llama8b": "[Maria Wade, Jerry Smith, Kimberly Richardson]"}, "269": {"llama8b": "[Deborah Perkins, Antonio Lucas]"}, "270": {"llama8b": "[Deborah Williams, Ashley James, Jorge Lewis]"}, "271": {"llama8b": "[Dr. Andrew Thomas, Michelle Santana, Denise Hernandez]"}, "272": {"llama8b": "[Eric Cantrell, Crystal Gentry]"}, "273": {"llama8b": "[Rita Green]"}, "274": {"llama8b": "[Edwin Walters, Michelle Moore, Jessica Brown, Carolyn Barrett, Brandi Duncan, Kathryn Jones, Chris Stein, Mark Martinez, Paul Valencia]"}, "275": {"llama8b": "[Scott Harper DDS, Elizabeth Howard, Christopher Williams]"}, "276": {"llama8b": "[David Everett, Laura Ford, Jennifer Orozco, Robert Hubbard, Linda Haney, Jacob Powell, Mrs. Stacey Mata, Nicole Mitchell, Peter Frye, Karina Perry, Maria Thompson, Joseph Roberts, Kenneth Caldwell]"}, "277": {"llama8b": "[Joseph Knight, Tanya Nicholson]"}, "278": {"llama8b": "[William Glover, Jeffrey Novak]"}, "279": {"llama8b": "[Rachel Patton, George Bell]"}, "280": {"llama8b": "[Mrs. Sandra Best, Rachel Bailey]"}, "281": {"llama8b": "[Brandon Jones, Amy Diaz]"}, "282": {"llama8b": "After analyzing the social network, I found the following connected components:\n\n* Bridget Reid, Andrew Tyler, Daniel Williams, Michele Valdez\n* Karen Johnson, Michelle Waller\n* Robert Monroe\n\nSo, the answer is: [Bridget Reid, Karen Johnson, Robert Monroe]"}, "283": {"llama8b": "[Kenneth Rogers, Jessica Logan]"}, "284": {"llama8b": "[Karen Smith]"}, "285": {"llama8b": "[Katherine Anderson]"}, "286": {"llama8b": "[Barbara Higgins, John Sullivan, Monica Carroll, Miss Audrey Miller]"}, "287": {"llama8b": "[Dr. Maria Johnston, Kelsey Valenzuela]"}, "288": {"llama8b": "[Elizabeth Mcdowell, Michael Casey]"}, "289": {"llama8b": "[Karen Martin, Carrie Richards]"}, "290": {"llama8b": "[Victoria Rojas, Meagan Soto, Curtis Allen]"}, "291": {"llama8b": "[Christina Garcia]"}, "292": {"llama8b": "[Kenneth Evans, Jennifer Taylor]"}, "293": {"llama8b": "[Angela Acosta, Jacqueline Williams, Michael Ferguson, Tricia Lawrence]"}, "294": {"llama8b": "[Alicia Morgan, Robert Fischer]"}, "295": {"llama8b": "[Jerome Franco, Roy Gonzales]"}, "296": {"llama8b": "[Michelle Rivera]"}, "297": {"llama8b": "After analyzing the social network, I have identified the connected components and their representative nodes. The answer is:\n\n[Walter Chavez, Angela Scott]\n\nExplanation: The network consists of two connected components. The first component includes Walter Chavez and Olivia Patel, who are connected to each other. The second component includes Jenna Holland, Dwayne Lewis, and Angela Scott, who are also connected to each other."}, "298": {"llama8b": "[William Miller, Dr. Kathryn Perkins]"}, "299": {"llama8b": "[Katie Kim, Anita Pierce]"}, "300": {"llama8b": "[Kevin Brown, Leslie Russo, David Miller, Jo Dorsey, Katherine Williams, Jared Hart, Heather Brady, David Baker, Lauren Blair]\n\nThe given social network is a connected graph, meaning that there is a path between every pair of nodes. Therefore, the entire network is a single connected component, and all nodes are connected to each other."}, "301": {"llama8b": "[John Singh PhD, Peter Aguirre]"}, "302": {"llama8b": "[David Williams, Peter Hayes, Casey Fernandez]"}, "303": {"llama8b": "[Steven Wood, Jane Conley MD]"}, "304": {"llama8b": "[Kaitlin Thomas, Melissa Farley]"}, "305": {"llama8b": "[Jessica King MD, Jessica Flynn, Danielle Carson, Jeffery Williams, Christine Mitchell]"}, "306": {"llama8b": "[Megan Hart, Jonathan Mitchell, Michelle Donovan, Daniel Morgan]"}, "307": {"llama8b": "[Brandon Morris, Alyssa Smith, Robert Carey]"}, "308": {"llama8b": "[Katherine Coleman]"}, "309": {"llama8b": "[Kirk Mckinney, Robert King, Nicole Park]"}, "310": {"llama8b": "[Anthony Doyle]"}, "311": {"llama8b": "[Sharon Jackson, Erin Orozco, Sara Diaz, Lori Anderson, Connie Yoder]"}, "312": {"llama8b": "[Rachel Griffin, Jennifer Perkins, Jordan Peterson]"}, "313": {"llama8b": "[Benjamin Williams, Kimberly Jones]"}, "314": {"llama8b": "[Wendy Green, George Wright, Jeremy Little]"}, "315": {"llama8b": "[Ashley Smith, Barbara Haynes, Pamela Powell, Hannah Myers, Christine Smith, Tracy Sanchez, Trevor Carlson, Theresa Mclaughlin, Thomas Young, John Thomas, Dr. Kimberly Cook DDS, Terry Lee PhD, Nathan Molina]"}, "316": {"llama8b": "[Madison Hughes, Derek Taylor, Adrian Williams]"}, "317": {"llama8b": "[Katherine Erickson, Edward Fritz, Leslie Garcia, Keith Cox, Cassie Barrett, Bruce Williams, Scott Washington, Cynthia Thompson, Amanda Barnett, Kristin Allen MD, Shawn Grant]"}, "318": {"llama8b": "[Jennifer Lewis, Shelly Garcia, Leah Lane, Mr. Marcus Porter MD, Alexander Roberson, Donna Kelly, Pamela Sims, Clifford Lewis, Drew Meadows]"}, "319": {"llama8b": "[William Newman, Melissa Jordan, Rachel Brown, Sharon Martin]"}, "320": {"llama8b": "[Mark Allen, Karen Davis, William Colon]"}, "321": {"llama8b": "[David Murray, Jamie Richmond, Samantha Murray]"}, "322": {"llama8b": "[James Hicks, Catherine Chavez]"}, "323": {"llama8b": "[Sierra Vasquez, Tom Johnston, Jaime Taylor]"}, "324": {"llama8b": "[Denise Miller, Ian Stewart, Rebecca Thompson]"}, "325": {"llama8b": "[Jose Bradford, Annette Sanchez, Brian Jones, Teresa Cooper, Alexandra Santiago]"}, "326": {"llama8b": "[Kimberly Morrow, Natasha Weber]"}, "327": {"llama8b": "[Mr. Eric Davis, Amanda Cooper]"}, "328": {"llama8b": "[Thomas Horne, Jacqueline Davis DVM]"}, "329": {"llama8b": "[Nike Owen, Justin Floyd, Olivia Carson]"}, "330": {"llama8b": "[Vanessa Becker, Brandon Edwards, Lisa Foley, Kenneth Horne, David Lucas, Jeffery Lee]"}, "331": {"llama8b": "[Shari Leonard, Gerald Miller]"}, "332": {"llama8b": "[Destiny Thompson, Ronald Bailey]"}, "333": {"llama8b": "[Brandy Jenkins]"}, "334": {"llama8b": "[Michelle Giles]"}, "335": {"llama8b": "[Laura Riley, Megan Nelson, Christopher Bradley]"}, "336": {"llama8b": "[Angela Valdez]"}, "337": {"llama8b": "[Ronald Williams, Christian Trevino]"}, "338": {"llama8b": "[Maria Thompson, Holly Williams]"}, "339": {"llama8b": "The connected components in the given social network are:\n\n[Joshua Galloway, John Taylor, Ann White, Jennifer Morrow, Kathy Flores]\n\nNote that the other nodes in the network are not connected to this component."}, "340": {"llama8b": "[Anthony Costa, Jocelyn Daniels, Samantha Wagner MD, Gregory Peterson, Lauren Johnson, Kevin Perez, Kenneth Martin, Michelle Young, Larry Wheeler, Angela Walsh, Keith King]"}, "341": {"llama8b": "[Nancy Calhoun PhD, Nathan Lopez]"}, "342": {"llama8b": "[Adam Boyer, Sandra Rodriguez]"}, "343": {"llama8b": "[Kimberly Johnston, Arthur Fritz DDS]"}, "344": {"llama8b": "[Jeffrey Ingram, Linda Kemp]"}, "345": {"llama8b": "[Robert Leon, Jacqueline Black]"}, "346": {"llama8b": "[Karen Wang, Jerome Ferguson]"}, "347": {"llama8b": "[Brett Jensen, William Mann]"}, "348": {"llama8b": "[Kristie Jacobs, Kathy Cox]"}, "349": {"llama8b": "[Terry Marshall]"}, "350": {"llama8b": "[John Mcdaniel, Jimmy Evans]"}, "351": {"llama8b": "[Matthew Sanders, Robert Douglas]"}, "352": {"llama8b": "After analyzing the social network, I found the following connected components:\n\n* [Joshua Cortez]\n* [Lauren Williams, Paul Freeman, Shelley Vargas, William Long, Jessica Ross]\n* [Brandon Fox, Danielle Johnson, Jennifer Vaughn, William Jensen]\n\nEach node in the same connected component can reach any other node in the same component through the friendship connections. Different connected components are isolated from each other."}, "353": {"llama8b": "[Eugene Berg, Jennifer Moore]"}, "354": {"llama8b": "[Joshua Chandler, Cynthia Johnson]"}, "355": {"llama8b": "[Kelly Bryant, Joseph Roach]"}, "356": {"llama8b": "[Jonathan Bailey, Madison Hogan, Dr. Lee Jackson, Brittany Davis, Jennifer Sims]"}, "357": {"llama8b": "[Rodney Turner, Kimberly Garcia]"}, "358": {"llama8b": "[James Butler, Colleen Adams]"}, "359": {"llama8b": "[Kimberly Higgins, Brandon Williams]"}, "360": {"llama8b": "[Edward Carlson, Kayla Brown, Robert Chambers]"}, "361": {"llama8b": "[Harold Liu, Teresa Harrison]"}, "362": {"llama8b": "[Jonathan Spears, Dr. Michael Cruz, Laura Jimenez MD, Brian Rangel, Chelsea Galvan, David Padilla, Christopher Herrera]"}, "363": {"llama8b": "[Jeffrey Castro, Denise Johnson]"}, "364": {"llama8b": "[Laurie Smith, Daniel Booth]"}, "365": {"llama8b": "[Mark Fry, Kathryn Daniel]"}, "366": {"llama8b": "[Jason Taylor, Gary Freeman]"}, "367": {"llama8b": "[Joseph Rice, Linda Wright]"}, "368": {"llama8b": "After analyzing the social network, I found the following connected components:\n\n* [Erica Rodriguez, Eric White, John Harmon, Karen Cook, Meagan Johnson]\n* [Bobby George, Maria Greene, Sarah Hobbs, Andrea Arnold, Elizabeth Perry]\n* [John Harmon]\n\nNote that I only output one representative node from each connected component."}, "369": {"llama8b": "[James Moses]"}, "370": {"llama8b": "[John Ayers, Jill Matthews, Anna Rodriguez]"}, "371": {"llama8b": "[Brandon White, Julie Mann]"}, "372": {"llama8b": "[David Griffith, Barbara Berry]"}, "373": {"llama8b": "[Kaylee Rocha]"}, "374": {"llama8b": "[Donna Simmons, Robert Moore]"}, "375": {"llama8b": "[Timothy Aguilar, Noah Tucker, Emily Ferguson]"}, "376": {"llama8b": "[Steven Koch, Anthony Mcdonald]"}, "377": {"llama8b": "[Justin Davis, Fernando Turner]"}, "378": {"llama8b": "[Ryan Hart, Anthony Nelson]"}, "379": {"llama8b": "[Frederick Lopez]"}, "380": {"llama8b": "[Jonathan Miller, Felicia Davis]"}, "381": {"llama8b": "[Anthony Hoover]"}, "382": {"llama8b": "[Brittany Ross]"}, "383": {"llama8b": "[Douglas Chambers, April Mcguire, Melissa Dennis]"}, "384": {"llama8b": "After analyzing the social network, I have identified the following connected components:\n\n1. [Jose Munoz]\n\t* Jose Munoz is connected to all other nodes in this component.\n2. [Lauren Baker]\n\t* Lauren Baker is connected to Julia Donovan and Jose Munoz.\n3. [Christopher Cabrera]\n\t* Christopher Cabrera is connected to Sarah Cortez and Jose Munoz.\n4. [David Yates]\n\t* David Yates is only connected to Jose Munoz.\n\nNote that the other nodes (Colin Davis, Maria Byrd, Dr. Amy Riley, Todd Davis, William Chavez, Holly Alexander, Christopher Woods, and Julia Donovan) are not connected to any other nodes, so they form separate connected components with only one node each."}, "385": {"llama8b": "[Joe Turner, Jeremy Berry]"}, "386": {"llama8b": "[Misty Torres, Stacey Thompson, Benjamin Solis]"}, "387": {"llama8b": "[Mr. Ryan Macias, Henry Carter]"}, "388": {"llama8b": "[Christian Smith]"}, "389": {"llama8b": "[Melinda Mendoza, Shelly Cole]"}, "390": {"llama8b": "After analyzing the social network, I found that there is only one connected component: [Jennifer Perez]."}, "391": {"llama8b": "[Gregory Perez, Pamela Wright]"}, "392": {"llama8b": "[Carol Kent, Sean Cunningham, Hannah Carter, Wanda Nelson, Charles Charles, James Delgado, Alexandra Hughes, Emily Fisher, Kathleen Eaton, John Ortiz, Warren Terry, Alex Griffith, Jasmine Evans]"}, "393": {"llama8b": "[John Vasquez, Leah Nelson]"}, "394": {"llama8b": "[Ashley Tate, Michael Malone]"}, "395": {"llama8b": "[Joseph Owen, Carrie Ross]"}, "396": {"llama8b": "[Vanessa Duffy, Jimmy Curtis]"}, "397": {"llama8b": "[Erik Manning, Kathryn Dawson]"}, "398": {"llama8b": "[Lauren Lee]"}, "399": {"llama8b": "[Kenneth Porter MD, Martha Hurst]"}, "400": {"llama8b": "[Donald Lewis, Tiffany Terrell, Christopher Watts]"}, "401": {"llama8b": "[Ebony Huff, Nicholas Wolf DVM, John Nolan]"}, "402": {"llama8b": "[John Malone, Melissa Long, Matthew Rangel, Jamie Carter, Andrea Glenn, Carolyn Howell, Robert Pineda, Julie Miller, Crystal Mata, Jennifer Peck]\n\nThe given social network consists of a single connected component, which is the entire network itself."}, "403": {"llama8b": "[Lauren Brown, Maria Miller]"}, "404": {"llama8b": "[Nichole Berger, Emily Martin, John Ballard]"}, "405": {"llama8b": "[Shawn Kerr]"}, "406": {"llama8b": "[Travis Johnson, Brian Smith]"}, "407": {"llama8b": "[Miranda Martinez, Allen Sanders]"}, "408": {"llama8b": "[Andrea Williams, Danny Bridges]"}, "409": {"llama8b": "[Becky Campbell]"}, "410": {"llama8b": "[David Murphy]"}, "411": {"llama8b": "[Shelly Walker, Alejandra Price, Rebecca Lam]"}, "412": {"llama8b": "[Randall Bishop, Hayden Mason, Mrs. Cindy Jacobs, Michele Parker, Abigail Wise]"}, "413": {"llama8b": "[Mary Ali, Angel Sanchez, Sarah Rodriguez, Steven Adams]"}, "414": {"llama8b": "[Katelyn Vance]"}, "415": {"llama8b": "[Mrs. Heather Becker DVM, Janice Pennington]"}, "416": {"llama8b": "[David Goodman, Jeremy Morris]"}, "417": {"llama8b": "[Stephanie Clay]"}, "418": {"llama8b": "[William Clark]"}, "419": {"llama8b": "[Mr. Patrick Wheeler, Kristine Booker]"}, "420": {"llama8b": "[Cynthia Decker, Mary Hunter]"}, "421": {"llama8b": "[Angel Dawson, Diana Miles, Christopher Brown]"}, "422": {"llama8b": "[Benjamin Rodriguez]"}, "423": {"llama8b": "[Ronald Estes, George Williams, Karen Colon, Amanda Patterson, Krista Garcia, Dustin Williams]"}, "424": {"llama8b": "[Mrs. Nancy Anderson, Beth Parker, Joanna Savage]"}, "425": {"llama8b": "[Christina Diaz, Ashley Jones, Alyssa Mitchell, Dakota King, Daniel Brown, Jeffery Garcia]"}, "426": {"llama8b": "[Devin Cole, Kaitlin Lloyd]"}, "427": {"llama8b": "[Mr. Gary Mcdonald MD, Jennifer Robinson, Ashley Myers]"}, "428": {"llama8b": "[Elizabeth Smith, Connor Knight, John Fuller]"}, "429": {"llama8b": "[Nicholas Reyes, Ronald Howell, Tracy Jones]"}, "430": {"llama8b": "[Jamie Aguilar, Mr. Mark Gonzalez]"}, "431": {"llama8b": "[Benjamin Henderson, Christopher Hernandez, Michele Johnson]"}, "432": {"llama8b": "[Katrina Smith]"}, "433": {"llama8b": "[Connor Williams, Anthony Williams]"}, "434": {"llama8b": "[Steven Romero, Daniel Bennett]"}, "435": {"llama8b": "[Michael Anderson, Veronica Stephens, Kevin Cooper, Melissa Hayes, Christy Schneider, Ryan Wilson, Madeline Johnson, Jason Davis]"}, "436": {"llama8b": "[Daniel Griffith, Michelle Pearson, Pamela Miller, Jessica Johnson, Tiffany Larson, Debra Powers]"}, "437": {"llama8b": "[Ronald Williams, Linda Mckay]"}, "438": {"llama8b": "[Martin Davis, Alexis King]"}, "439": {"llama8b": "[Terry Wolfe, Jennifer Perry, Elizabeth Barrett]"}, "440": {"llama8b": "[Mary Campbell]"}, "441": {"llama8b": "[Roberta Gay, Barbara Fletcher]"}, "442": {"llama8b": "[Dr. Kyle Riley, Linda Stephens]"}, "443": {"llama8b": "[Jennifer Bowen]"}, "444": {"llama8b": "[Andrew Sanchez, Bailey Snow]"}, "445": {"llama8b": "[Allison Olson, Marilyn Olson]"}, "446": {"llama8b": "[Andrew Lowe, Judy Yoder]"}, "447": {"llama8b": "[Luis Mitchell]"}, "448": {"llama8b": "The connected components in this network are:\n\n[Joshua Robertson, Terry Moody, Justin Gutierrez, April Barker, Mark Burns, Joseph Patel]\n\nNote that Joshua Robertson is a representative node for this connected component, as it is connected to all other nodes in the component."}, "449": {"llama8b": "[Carolyn Lloyd, Andrew Anderson]"}, "450": {"llama8b": "[Mindy Johnson]"}, "451": {"llama8b": "[Michelle Johnson, Trevor Goodman, Melissa Archer, Deborah Whitaker, Jennifer Hansen]"}, "452": {"llama8b": "[Shannon Cooper, Kelly Orr]"}, "453": {"llama8b": "[Jose Wagner, Patricia Burton]"}, "454": {"llama8b": "[Kim Castro MD]"}, "455": {"llama8b": "[Patrick Mason, Matthew Taylor]"}, "456": {"llama8b": "The connected components in this network are:\n\n[Andre Smith]\n\nExplanation: Andre Smith is connected to all other nodes in the network, making him the representative node for the only connected component."}, "457": {"llama8b": "[Rodney Turner, Amy White]"}, "458": {"llama8b": "The connected components in the given social network are: [Ryan Suarez]."}, "459": {"llama8b": "[Brittany Young, Jason Horn]"}, "460": {"llama8b": "[Amanda Anderson]"}, "461": {"llama8b": "After analyzing the social network, I found the following connected components:\n\n* Molly Blackwell, Brandon Lewis, Leah Nelson\n* Jorge Jones, Teresa Lucas\n\nSo, the answer is: [Molly Blackwell, Jorge Jones]"}, "462": {"llama8b": "[Jeffery Massey, Taylor Duncan, Timothy Peterson, Alyssa Simmons, Jacqueline Wilkinson, Stephen Rodriguez, Ian Sellers, Jenna King, Dylan Lara, Brian Nichols, Michael Mitchell, Kathleen Sutton, Jill Thompson]"}, "463": {"llama8b": "[Tiffany Sanchez, Allison Mccarthy]"}, "464": {"llama8b": "[Jennifer Hahn, Robert Fox, David Owens]"}, "465": {"llama8b": "[Sean Jackson, Jason Ryan, Adam Thompson]"}, "466": {"llama8b": "[Debra Adams, Jason Fox, Tammy Clark, Erin Phelps, Karen Garcia MD]"}, "467": {"llama8b": "[Matthew Willis, Matthew Perez]"}, "468": {"llama8b": "[Paul Davis, Robert Shields]"}, "469": {"llama8b": "[Heather Hernandez, James Fuentes]"}, "470": {"llama8b": "[Julian Park, Susan Jones, Brandon Harvey, Melissa Beltran]"}, "471": {"llama8b": "[Brittany Perez]"}, "472": {"llama8b": "[Adrian Pena, James Campbell]"}, "473": {"llama8b": "After analyzing the social network, I found the following connected components:\n\n* Michelle Carrillo, Jessica Mullins, Bonnie Young\n* Brenda Walker, Nicholas Moore\n* Michelle Fischer, Crystal Joyce\n\nSo, the answer is: [Michelle Carrillo, Brenda Walker, Michelle Fischer]"}, "474": {"llama8b": "[Ronald Lewis, Christopher Shaw]"}, "475": {"llama8b": "[Nicholas Valencia]"}, "476": {"llama8b": "[Jesse Cardenas, Corey Love, Mrs. Wendy Kline, Kelly Moore]"}, "477": {"llama8b": "[Stefanie Roman, Kimberly Evans MD]"}, "478": {"llama8b": "[Stacy Beard, Kelly Chen]"}, "479": {"llama8b": "[Dr. Justin Newton, Elizabeth Sullivan]"}, "480": {"llama8b": "[Travis Wilkerson, Darren Evans]"}, "481": {"llama8b": "[Anthony Robertson, Scott Ramirez MD]"}, "482": {"llama8b": "[Charles Roberts, Melanie Anderson]"}, "483": {"llama8b": "[David Smith, Lori Sullivan]"}, "484": {"llama8b": "[Kenneth Bryan, Erik Riddle]"}, "485": {"llama8b": "[Gary Andrade, Christine Li]"}, "486": {"llama8b": "[Michael Robinson, Alisha Flores, Susan Tapia, John Savage, Heather Ortega]"}, "487": {"llama8b": "[John Rowe Jr., Caitlin Guzman, Nicholas Stone, Lisa Baxter]"}, "488": {"llama8b": "[Heather Frazier, Lisa Scott]"}, "489": {"llama8b": "[Kim Martinez]"}, "490": {"llama8b": "The connected components in the given social network are: [Beverly Avery, Luis Chung, Terri Greene, Steven Price, Roy Cunningham, Christopher Steele]."}, "491": {"llama8b": "[Chase Thomas, Joseph Farley, Emily Garcia]"}, "492": {"llama8b": "[Paige Chen, Mark Brown, Lisa Gallagher, James Williams, Barbara Singh]"}, "493": {"llama8b": "[Nicole Gutierrez, Dr. Michael Allen PhD]"}, "494": {"llama8b": "[Amy Baker]"}, "495": {"llama8b": "[Anita Hernandez, Laura Johnson MD]"}, "496": {"llama8b": "[David Glenn, Amanda Morris, Aaron Bowman]"}, "497": {"llama8b": "[Jean Collins, John Joseph]"}, "498": {"llama8b": "[Christopher Adams, Brandon Vance, Michelle Holmes]"}, "499": {"llama8b": "[William Saunders, Erin Carlson]"}}