{"0": {"llama": "[Conrad Rau, Manfred Schmidt-Schau\u00df]"}, "1": {"llama": "[ Axel Kieninger, Ant\u00e3o Moura, Filipe Marques, Hansj\u00f6rg Fromm, Marcus Costa Sampaio, Bj\u00f6rn Schmitz, Eduardo Radziuk, Claudio Bartolini ]"}, "2": {"llama": "[A. Ghareeb]"}, "3": {"llama": "[Thomas Kirste, Thomas Heider, Terry Winograd, Karin Coninx]"}, "4": {"llama": "[Charu C. Aggarwal, Francisco Herrera, Jianyong Wang, Nitesh V. Chawla, Anil K. Jain, Haibo He, Lu\u00eds Torgo, Paula Branco, Wenyuan Wang, Sun-Jen Huang, Nathalie Japkowicz, Suphakant Phimoltares]"}, "5": {"llama": "[Paolo Torroni, Pascal Vincent, Honglak Lee]"}, "6": {"llama": "[Marzyeh Ghassemi]"}, "7": {"llama": "[None]\n\nThere are no common neighbors between Bernd Porr and Xiaodong Wu in this network. Bernd Porr only collaborates with Christian Bauer, and Xiaodong Wu collaborates with multiple authors, but not with Christian Bauer. Therefore, they do not share any common neighbors."}, "8": {"llama": "[Sang Wan Lee and Hyoyoung Jang have common neighbors: Zeungnam Bien, Z. Zenn Bien]"}, "9": {"llama": "[Sanda M. Harabagiu, Dan I. Moldovan, Christine Clark, Adrian Novischi]"}, "10": {"llama": "[None]"}, "11": {"llama": "[Samantha Huang]"}, "12": {"llama": "[Luc Giraud]"}, "13": {"llama": "[Jun Ni]"}, "14": {"llama": "[Vinod Namboodiri]"}, "15": {"llama": "[Steve Goddard]"}, "16": {"llama": "[Cleotilde Gonzalez, Christian Lebiere]"}, "17": {"llama": "[Corinne Fredouille, Daniel Moraru]"}, "18": {"llama": "[Mike H. MacGregor]"}, "19": {"llama": "[Nihal Pekergin and M. Le Coz have common neighbors: Jean-Michel Fourneau, Lynda Mokdad]"}, "20": {"llama": "[ Dani Lischinski, Kaan Y\u00fccer ]"}, "21": {"llama": "[Tao Luo]"}, "22": {"llama": "[Yiming Han and Florina M. Ciorba's common neighbors: Anthony T. Chronopoulos, George K. Papakonstantinou, Ioannis Riakiotakis, Satish Penmatsa, Theodore Andronikos]"}, "23": {"llama": "[David Gefen]"}, "24": {"llama": "[Kui Ren and Wei Yu have the following common neighbors: Cong Wang, Hui Xia, Jia Yu, Zhu Han]"}, "25": {"llama": "[Andrew V. Knyazev]"}, "26": {"llama": "[Yi Chen, Jayavel Shanmugasundaram, Guoxiang Lan]"}, "27": {"llama": "[Chuqi Yang, Qingyun Dai]"}, "28": {"llama": "[Rajkumar Buyya, Ian T. Foster, Karan Vahi, Ioan Raicu, Gaurang Mehta, Catalin L. Dumitrescu, M. Wilde, M. Sosebee]"}, "29": {"llama": "[Barend de Lange]"}, "30": {"llama": "[Heriberto Rom\u00e1n-Flores]"}, "31": {"llama": "[Charles Soussen, David Brie, Yingying Song]"}, "32": {"llama": "[Martin Fleury and Mohammed Ghanbari's common neighbors: Peter Lambert, R. Van de Walle, Thomas Wiegand, W. De Neve]"}, "33": {"llama": "[Chitta Baral, Jeremy L. Wyatt, Mohan Sridharan, Shiqi Zhang]"}, "34": {"llama": "[Arjab Singh Khuman, Janusz Kacprzyk]"}, "35": {"llama": "[Adriana Iamnitchi, Ion Stoica, Robert Morris]"}, "36": {"llama": "[Scott Shenker, Martin Casado, Nick McKeown, Guru M. Parulkar, Jennifer Rexford, Brandon Heller, Natasha Gude, Edjard Mota, Larry L. Peterson, Alexandre Passito, Ricardo Bennesby]"}, "37": {"llama": "[Daniel Krause, Nicola Henze]"}, "38": {"llama": "[Silvana Castano, Sonia Bergamaschi, Maurizio Lenzerini, Domenico Beneventano, Federica Mandreoli, Giovanni simonini, Antonio Sala]"}, "39": {"llama": "[Henri Casanova, Nhat Le]"}, "40": {"llama": "[Eibe Frank, Xin Yao, Pedro Antonio Guti\u00e9rrez, C\u00e9sar Herv\u00e1s-Mart\u00ednez]"}, "41": {"llama": "[Wanlei Zhou, Latanya Sweeney]"}, "42": {"llama": "[Celso C. Ribeiro]"}, "43": {"llama": "[Ulrike Sattler, Bernardo Cuenca Grau, Diego Calvanese, Fernando Bobillo, Fu Zhang, Peter F. Patel-Schneider]"}, "44": {"llama": "[Simon Fong, Kyungeun Cho]"}, "45": {"llama": "[Miguel A. Hinojosa, Amparo M. M\u00e1rmol]"}, "46": {"llama": "[Marco Marzovillo, Romeo Giuliano, Franco Mazzenga]"}, "47": {"llama": "[Krishnendu Chakrabarty, Sudhakar M. Reddy, Nur A. Touba, Mehrdad Nourani, Ayed Al-Qahtani]"}, "48": {"llama": "[Zhiwu Li and Libin Han have the following common neighbors: Hongye Su, Jianchao Luo, Keyi Xing, M. Fanti, MengChu Zhou, NaiQi Wu, YuFeng Chen]"}, "49": {"llama": "[Charlotte Gerritsen, Tibor Bosse, Alexei Sharpanskykh]"}, "50": {"llama": "[Vic Grout]"}, "51": {"llama": "[Trent Jaeger, Vinod Ganapathy, Abhinav Srivastava, Hayawardh Vijayakumar, Joshua Schiffman]"}, "52": {"llama": "[Tokunbo Ogunfunmi]"}, "53": {"llama": "[Francesco Bullo, Huijun Gao]"}, "54": {"llama": "[Israel Ya\u00f1ez-Vargas, Rama Chellappa, Stewart R. Santos]"}, "55": {"llama": "[Nam Phamdo, Chao Tian, Yadong Wang]"}, "56": {"llama": "[Shyi-Ming Chen, Ting-Yu Chen]"}, "57": {"llama": "[Haibo Chen]"}, "58": {"llama": "[Matthias Schurz, Martin Kronbichler, Heinz Wimmer, Fabio Richlan]"}, "59": {"llama": "[Ann Majchrzak, Kwok Kee Wei]"}, "60": {"llama": "[Pablo Garc\u00eda Bringas, Carlos Laorden]"}, "61": {"llama": "[Yamin Li, Shietung Peng, Wanming Chu, Philip Heidelberger, Pavlos Vranas, Mark E. Giampapa, Todd E. Takken]"}, "62": {"llama": "[Domenico Tegolo and Michael D. Abr\u00e0moff have the following common neighbors: Bunyarit Uyyanonvara, Meindert Niemeijer, Christopher G. Owen]"}, "63": {"llama": "[Carles Creus, Florent Jacquemard, Guillem Godoy]"}, "64": {"llama": "[Philip K. McKinley, Fabio Kon, Vinny Cahill]"}, "65": {"llama": "[Jose C. Principe, Haiquan Zhao]"}, "66": {"llama": "[Guang-Bin Huang]"}, "67": {"llama": "[Linlin Wu, Saurabh Kumar Garg]"}, "68": {"llama": "[Umit Y. Ogras and Hideharu Amano have the following common neighbors: J\u00fcrgen Teich, Radu Marculescu, Brian Towles, Jingcao Hu]"}, "69": {"llama": "[Haizhou Li, Zhizheng Wu]"}, "70": {"llama": "[Toshiaki Katayama, Susumu Goto, Yasukazu Nakamura, Raoul J. P. Bonnal, Hideaki Sugawara, Shuichi Kawashima, Pjotr Prins, Rutger Vos]"}, "71": {"llama": "[Michael N. Vrahatis]"}, "72": {"llama": "[Mehran Roshandel, Hamed Ketabdar]"}, "73": {"llama": "[Liusheng Huang, Yonglong Luo]"}, "74": {"llama": "[Marks A. Neerincx, Rosemarijn Looije]"}, "75": {"llama": "[Pan-Pan Niu, Simon Liao, Dimitris E. Koulouriotis, Miroslaw Pawlak, Hong-Ying Yang, Yongqing Xin, Jeng-Shyang Pan, Leida Li, Raveendran Paramesran]"}, "76": {"llama": "[Robert Nowicki, Emiliano Tramontana]"}, "77": {"llama": "[R\u00f3bert P\u00e1lovics]"}, "78": {"llama": "[Christos Faloutsos, Krishna P. Gummadi, Matei Ripeanu, Alan Mislove, Bimal Viswanath]"}, "79": {"llama": "[Anqi Qiu, Matthew F. Glasser]"}, "80": {"llama": "[Yong Hu, Mark Keil]"}, "81": {"llama": "[Maxim Claeys, Filip De Turck]"}, "82": {"llama": "[C. Shu]"}, "83": {"llama": "[Chenyang Lu, Ranveer Chandra]"}, "84": {"llama": "[Jun Li]"}, "85": {"llama": "[Jacopo Aleotti, Stefano Caselli, Siddhartha S. Srinivasa]"}, "86": {"llama": "[None]"}, "87": {"llama": "[Wanqing Li, Philip Ogunbona, Marwan Torki]"}, "88": {"llama": "[Anastasios D. Doulamis, Yvonne Jung, Johannes Behr, Kostas Kapetanakis, Konstantinos Kontakis, Spyros Panagiotakis, Patti Spala]"}, "89": {"llama": "[Kathrin Dentler, Bijan Parsia]"}, "90": {"llama": "[Morten Nielsen, Elin Teppa, Lindi M. Wahl, Kimmen Sj\u00f6lander, Cristina Marino Buslje]"}, "91": {"llama": "[Eldar Fischer]"}, "92": {"llama": "[Jianguo Zhao and Fran\u00e7ois Chaumette's common neighbors: Bo Song, Ning Xi, Chiu Lai]"}, "93": {"llama": "[None]"}, "94": {"llama": "[Giovanni Ponti]"}, "95": {"llama": "[Toby J. Gibson, Oliver Eulenstein]"}, "96": {"llama": "[Qianhui Liang]"}, "97": {"llama": "[David C. Van Essen, Stephen M. Smith]"}, "98": {"llama": "[Jin Keun Seo, Eung Je Woo, Ohin Kwon]"}, "99": {"llama": "[Tao Zhang, Mohammed Hasanuzzaman, Yoshiaki Shirai, Hironobu Gotoda]"}, "100": {"llama": "[Min Suk Chung, Martin Riemer]"}, "101": {"llama": "[Michele Rossi, Michele Zorzi]"}, "102": {"llama": "[Seksan Laitrakun]"}, "103": {"llama": "[Clifford R. Jack, Greig I. de Zubicaray, Matt A. Bernstein, Suh Lee]"}, "104": {"llama": "[Klaus-Robert M\u00fcller, Frank C. Meinecke, Sven D\u00e4hne, Siamac Fazli]"}, "105": {"llama": "[None]"}, "106": {"llama": "[Michael J. Carey, Donald Kossmann, Arvind Sundararajan]"}, "107": {"llama": "[K. K. Lai, Mukesh Kumar Mehlawat, Pankaj Gupta, Shouyang Wang]"}, "108": {"llama": "[Manoel G. Mendon\u00e7a, Daniela S. Cruzes, Raul Sidnei Wazlawick]"}, "109": {"llama": "[Wonpil Im, Wenbo Yu, Frank C. Pickard, E. Prabhu Raman, Sirish Kaushik Lakkaraju]"}, "110": {"llama": "[Luminita A. Vese]"}, "111": {"llama": "[Gregor Engels, Fernando Orejas, Paolo Bottoni, Juan de Lara, Hartmut Ehrig, Leen Lambers, Annegret Habel, Karl-Heinz Pennemann, Dimitrios S. Kolovos, Christopher M. Poskitt]"}, "112": {"llama": "[Jarmo Takala]"}, "113": {"llama": "[ Jos\u00e9 Cec\u00edlio, Utz Roedig, Petcharat Suriyachai ]"}, "114": {"llama": "[Alagan Anpalagan, Hamed Rasouli, Jeffrey G. Andrews]"}, "115": {"llama": "[Kiyomichi Araki, Gia Khanh Tran]"}, "116": {"llama": "[Gerhard P. Hancke, Youxian Sun, Seung Don Hong]"}, "117": {"llama": "[Jiawei Han]"}, "118": {"llama": "[None]"}, "119": {"llama": "[ Jos\u00e9 M. Mart\u00ednez ]"}, "120": {"llama": "[Arne Ludwig, Nick McKeown]"}, "121": {"llama": "[Chao Wang, Jian Yang, Jong-Sen Lee, Hiroyoshi Yamada, Toshifumi Moriyama, Yoshio Yamaguchi]"}, "122": {"llama": "[Yang Xiao, John S. Heidemann]"}, "123": {"llama": "[Johannes Niedermayer, Michael Isard]"}, "124": {"llama": "[Carla P. Gomes]"}, "125": {"llama": "[None]"}, "126": {"llama": "[Christian Jutten, Mohammad Niknazar]"}, "127": {"llama": "[Kai Man Tsui]"}, "128": {"llama": "[Jos\u00e9 A. Baiocchi, Bor-Yeh Shen]"}, "129": {"llama": "[Tim G\u00fcneysu, Sorin A. Huss, Thomas P\u00f6ppelmann, Ahmad-Reza Sadeghi, Tobias Oder]"}, "130": {"llama": "[Masato Tajima, J Daniel Costello, Koji Okino, Takashi Miyagoshi, Arvind Sridharan]"}, "131": {"llama": "[Uir\u00e1 Kulesza, Alessandro Garcia, Janet Siegmund, N\u00e9lio Cacho, Janet Feigenspan]"}, "132": {"llama": "[Noah Snavely, Richard Szeliski, Steven M. Seitz, Leonard McMillan, Timo Stich, Christian Linz, Wojciech Matusik, Simon Baker]"}, "133": {"llama": "[Yoshio Tanaka, Vinod M. Vokkarane, Satoshi Sekiguchi, Shuichi Okamoto]"}, "134": {"llama": "[Ely Porat, Moshe Lewenstein, Amihood Amir, Benny Porat, Benjamin Sach]"}, "135": {"llama": "[Tzu-Chen Lian, Gang Wang]"}, "136": {"llama": "[Xiaoxuan Lu, Hao Jiang, Hengtao Wang]"}, "137": {"llama": "[Yunhong Wang, Kevin W. Bowyer, Patrick J. Flynn, Yung-Hui Li, Anil K. Jain, Zhenan Sun, Karen Hollingsworth, John Daugman]"}, "138": {"llama": "[Pradheep Elango]"}, "139": {"llama": "[Wenzhao Lian]"}, "140": {"llama": "[Radu Prodan, Mike Surridge, Lukas K\u00f6pfle]"}, "141": {"llama": "[Mehmet Kaya, Tzung-Pei Hong, Chun-Hao Chen]"}, "142": {"llama": "[Joern Ploennigs]"}, "143": {"llama": "[Prathmesh Prabhu, Tayssir Touili, Thomas W. Reps]"}, "144": {"llama": "[Renata Teixeira, Olivier Bonaventure, Virginie Van den Schrieck]"}, "145": {"llama": "[Vladimir Kolmogorov, Takeo Kanade]"}, "146": {"llama": "[Alix Munier-Kordon, Bruno Bodin]"}, "147": {"llama": "[Konstantinos E. Parsopoulos, Aggelos K. Katsaggelos, Lisimachos P. Kondi, Angeliki V. Katsenou]"}, "148": {"llama": "[Szymon Rusinkiewicz, Radhakrishna Achanta]"}, "149": {"llama": "[Venkatasubramanian, Rengaswamy, Surya N. Kavuri, Kewen Yin]"}, "150": {"llama": "[Josep Vidal, Syed Ali Jafar, Adrian Agustin]"}, "151": {"llama": "[Bertram Lud\u00e4scher, Daniel Zinn]"}, "152": {"llama": "[Leith Abdulla, Leah Buechley]"}, "153": {"llama": "[Dragi Kocev]"}, "154": {"llama": "[Kai-Uwe Sattler, Ion Stoica, Hari Balakrishnan, Liz Ribe-Baumann, Scott Shenker]"}, "155": {"llama": "[Wei-Min Shen, Kasper Stoy]"}, "156": {"llama": "[Francesco Ricci]"}, "157": {"llama": "[Michalis Faloutsos, Scott Shenker, Hari Balakrishnan, Songwu Lu, Srikanth V. Krishnamurthy]"}, "158": {"llama": "[Marjo Kauppinen, Laura Lehtola]"}, "159": {"llama": "[Christopher W. O'Dell]"}, "160": {"llama": "[Jeremie Papon, Alexey Abramov, Babette Dellen, Florentin W\u00f6rg\u00f6tter]"}, "161": {"llama": "[Nasim Arianpoo, Janardhan R. Iyengar, Muriel Medard, Sachin Katti]"}, "162": {"llama": "[John Shawe-Taylor, Chris Watkins]"}, "163": {"llama": "[Defeng Sun]"}, "164": {"llama": "[Jing Qin, Lequan Yu, Vincent Mok]"}, "165": {"llama": "[Jure Leskovec, Deng Cai, Philip S. Yu, Xing Xie, Zhenhui Li, Wen-Chih Peng, Hari Balakrishnan, Lu An Tang, Peter Nye]"}, "166": {"llama": "[Jamie Shotton]"}, "167": {"llama": "[Edjair Mota, Leandro S. G. de Carvalho]"}, "168": {"llama": "[Jun Yan]"}, "169": {"llama": "[Lai Xu, Anton Jansen]"}, "170": {"llama": "[Krishnendu Chakrabarty, Laung-Terng Wang, Janusz Rajski, Sudhakar M. Reddy, Xiaoqing Wen]"}, "171": {"llama": "[Richard Szeliski, Wei-Chao Chen]"}, "172": {"llama": "[Huijing Zhao, Ryosuke Shibasaki]"}, "173": {"llama": "[Yuan Ren, Bangcheng Han, Yun Le]"}, "174": {"llama": "[Romain Couillet and Miguel Angel Lagunas have common neighbors: Sriram Vishwanath, Merouane Debbah]"}, "175": {"llama": "[Andrew K. Skidmore]"}, "176": {"llama": "[Ravi Ramamoorthi]"}, "177": {"llama": "[Renliang Gu, Wotao Yin, Emmanuel J. Cand\u00e8s]"}, "178": {"llama": "[Rajiv Ranjan, Florin Pop, Lizhe Wang, Abdullah Gani]"}, "179": {"llama": "[Kaliappa Ravindran, Mohammad Rabby, Arun Adiththan]"}, "180": {"llama": "[Mohamed G. Gouda, Alex X. Liu, Guru M. Parulkar]"}, "181": {"llama": "[Guilin Chen, Li-Shiuan Peh, Vassos Soteriou, Raoul Velazco]"}, "182": {"llama": "[Chau Yuen, Himal A. Suraweera]"}, "183": {"llama": "[Fan Min, William Zhu, Shiping Wang, Yiyu Yao, Wei-Zhi Wu, Yuhua Qian]"}, "184": {"llama": "[Mar\u00eda J. Lado, Emilio Garc\u00eda Rosell\u00f3]"}, "185": {"llama": "[Mina Husseinzadeh Kashan, Celal Ozturk]"}, "186": {"llama": "[Christoph Trattner]"}, "187": {"llama": "[Richard J. Simard]"}, "188": {"llama": "[Philip Hanna, George Ferguson, Xingkun Liu]"}, "189": {"llama": "[Gaurav Somani, Manoj Singh Gaur, Dheeraj Sanghi, Mauro Conti]"}, "190": {"llama": "[Anders Lyhne Christensen, Marco Dorigo, Frederick Ducatelle, Alexandre Campo, Dario Floreano]"}, "191": {"llama": "[Michele Colajanni]"}, "192": {"llama": "[Sonia Aissa, H.V. Poor]"}, "193": {"llama": "[Dan Boneh, Bharath K. Samanthula]"}, "194": {"llama": "[Michael Hecker]"}, "195": {"llama": "[Mark Barnard, Wenwu Wang, Volkan Kilic]"}, "196": {"llama": "[Long Wang, Wenwu Yu]"}, "197": {"llama": "[Karl J. Friston, Gareth R. Barnes, Robert Oostenveld]"}, "198": {"llama": "[Xingzhe Xie and Nyan Bo Bo have the following common neighbors: Wilfried Philips, Sebastian Gruenwedel, Peter Van Hese, Mohamed Y. Eldib, Jorge Oswaldo Ni\u00f1o-Casta\u00f1eda]\n\nSo, the answer is: [Wilfried Philips, Sebastian Gruenwedel, Peter Van Hese, Mohamed Y. Eldib, Jorge Oswaldo Ni\u00f1o-Casta\u00f1eda]"}, "199": {"llama": "[Yajuan Tang, Gabriel Maci\u00e1-Fern\u00e1ndez, Edmond W. W. Chan, Rocky K. C. Chang]"}, "200": {"llama": "[Hugh Robinson, Helen Sharp, Tracy Hall]"}, "201": {"llama": "[Frank Kr\u00fcger, Thomas Kirste]"}, "202": {"llama": "[Fr\u00e9d\u00e9ric Baret, Ranga B. Myneni, Robert B. Cook, Ramakrishna R. Nemani, Yuri Knyazikhin]"}, "203": {"llama": "[Christopher D. Manning, Kyunghyun Cho, Andrew Y. Ng, Tomas Mikolov, Phil Blunsom, Jianpeng Cheng, Sumit Chopra]"}, "204": {"llama": "[Yuri Gurevich, Wolfram Schulte]"}, "205": {"llama": "[Volkan Rodoplu]"}, "206": {"llama": "[Azzedine Boukerche]"}, "207": {"llama": "[Qi Wang, Sihui Qi]"}, "208": {"llama": "[John J. Rieser, Bernhard E. Riecke]"}, "209": {"llama": "[Isel Grau, Gonzalo N\u00e1poles, Rolf Kaiser]"}, "210": {"llama": "[Andrew P. Harrison, William B. Langdon]"}, "211": {"llama": "[Chandrakant D. Patel]"}, "212": {"llama": "[Elizabeth Ann Maharaj, Pierpaolo D\u2019Urso]"}, "213": {"llama": "[Dennis Gannon, Beth Plale, Yogesh Simmhan]"}, "214": {"llama": "[Wang Liu]"}, "215": {"llama": "[Kerstin Heselmeyer-Haddad, Russell Schwartz, Stanley E. Shackney]"}, "216": {"llama": "[Colin J. Fidge]"}, "217": {"llama": "[Arun Hampapur, Mubarak Shah]"}, "218": {"llama": "[Andr\u00e9 P\u00e9ninou, C. Marie-Fran\u00e7oise Canut, Florence S\u00e8des]"}, "219": {"llama": "[Barbara Kitchenham, Mario Piattini]"}, "220": {"llama": "[Henning Bruhn, Daniela K\u00fchn]"}, "221": {"llama": "[Micha\u0142 Wo\u017aniak, Tomasz Woloszynski]"}, "222": {"llama": "[Jean Vanderdonckt, Karin Coninx, Kris Luyten, Tim Clerckx]"}, "223": {"llama": "[Kimmo Rautiainen, Merc\u00e8 Vall-Llossera, Adriano Camps, Yann H. Kerr, Philippe Waldteufel, Nicolas Reul, Eric Anterrieu, Joseph Tenerelli, Andreas Colliander, Isaac Ramos-P\u00e9rez, Jacqueline Boutin, J\u00e9r\u00f4me Gourrion, Ver\u00f3nica Gonz\u00e1lez-Gambau, Claire Gruhier, Hyuk Park]"}, "224": {"llama": "[Mark D. McDowall, Rodrigo Lopez, Lincoln Stein, Mary Ann Tuli]"}, "225": {"llama": "[Yunong Zhang]"}, "226": {"llama": "[Peter C.M. van Zijl, Susumu Mori, Issel Anne L Lim]"}, "227": {"llama": "[Bart Vermeulen, Deepak Chauhan]"}, "228": {"llama": "[Narcis Pares, Judith Good]"}, "229": {"llama": "[Asaf Shapira, Daniel Kr\u00e1l, Hanno Lefmann, Nicholas C. Wormald, Oleg Pikhurko, Rudini Menezes Sampaio]"}, "230": {"llama": "[Yiorgos Makris, Salvador Mir, Florence Aza\u00efs, Aritra Banerjee]"}, "231": {"llama": "[Jane Ransom, Jarmo J. Ahonen]"}, "232": {"llama": "[Weihua Zhuang, Sachin Katti, Hongkun Li, Douglas S. J. De Couto]"}, "233": {"llama": "[Krystian Mikolajczyk, Ming-Hsuan Yang, Xuelong Li, Dorin Comaniciu, Peter Meer, Wanying Xu]"}, "234": {"llama": "[Annegret Katrin Wagler, Claudio Gentile, Anna Galluccio, Silvia M. Bianchi]"}, "235": {"llama": "[Philip J. Guo]"}, "236": {"llama": "[Ferrante Neri, Zuzana Kominkova Oplatkova]"}, "237": {"llama": "[Janusz Rajski, Bashir M. Al-Hashimi, Subhasish Mitra, Thomas W. Williams, Ahmad A. Al-Yamani]"}, "238": {"llama": "[Tet Hin Yeap, An Liu]"}, "239": {"llama": "[Wenfei Fan, Xifeng Yan]"}, "240": {"llama": "[Adrian S. Lewis]"}, "241": {"llama": "[Kazuyuki Shudo, Hiroya Nagao]"}, "242": {"llama": "[None]\n\nThere are no common neighbors between Michael Wagner and Rui Sun in this network."}, "243": {"llama": "[ Ian T. Foster, Ewa Deelman, Rajkumar Kettimuthu, Ravi K. Madduri, Kyle Chard, M. Wilde, Dinanath Sulakhe, Alex Rodriguez ]"}, "244": {"llama": "[Dan C. Ciresan, J\u00fcrgen Schmidhuber, Ueli Meier]"}, "245": {"llama": "[Yacine Challal, Abdelmadjid Bouabdallah]"}, "246": {"llama": "[Marcus Barkowsky, Alan C. Bovik, Romain Cousseau]"}, "247": {"llama": "[Tamara Dinev, Dan J. Kim, Izak Benbasat, David Gefen, Detmar W. Straub, Hans van der Heijden, Viswanath Venkatesh]"}, "248": {"llama": "[Theodora A. Varvarigou]"}, "249": {"llama": "[Peigen Li]"}, "250": {"llama": "[Emilio Delgado L\u00f3pez-C\u00f3zar, David A. Abbink]"}, "251": {"llama": "[Yang Liu, Ian T. Foster, SungHo Chin, Ioan Raicu]"}, "252": {"llama": "[Lai-Man Po, Chok-Kwan Cheung]"}, "253": {"llama": "[Xiaoping Tang, Jiang Hu, Jinjun Xiong, Jingyu Xu, John Lillis, Charles Chiang]"}, "254": {"llama": "[D. S. Guru, S. Manjunath]"}, "255": {"llama": "[Huiyong Xiao]"}, "256": {"llama": "[Guangming Shi, Weisheng Dong]"}, "257": {"llama": "[Eisuke Ito, Yoshiaki Kasahara, Naomi Fujimura]"}, "258": {"llama": "[Henrik Bj\u00f6rklund, Sergei Vorobyov, Thomas Martin Gawlitza]"}, "259": {"llama": "[Najmeh Khalili-Mahani, Tristan Glatard, Alan C. Evans, Pierre Rioux, Samir Das]"}, "260": {"llama": "[Jonas S. Almeida, Susana Vinga]"}, "261": {"llama": "[Tsang-Long Pao, Yu-Te Chen, Jiucang Hao, K. Sreenivasa Rao, Shashidhar G. Koolagudi, Wen-Yuan Liao]"}, "262": {"llama": "[Kerstin Dautenhahn, Filomena Soares]"}, "263": {"llama": "[Jason S. Chang, Jian-Cheng Wu]"}, "264": {"llama": "[John Shalf, Leonid Oliker, Richard W. Vuduc, Samuel Williams]"}, "265": {"llama": "[Xiaokang Yang and Eero P. Simoncelli have the following common neighbors: Jesus Malo, Jaime Gutierrez 0004, Francesc J. Ferri, Irene Epifanio]"}, "266": {"llama": "[Hector Garcia-Molina, Ion Stoica]"}, "267": {"llama": "[Xiaodong Zhang, Richard Szeliski]"}, "268": {"llama": "[Peyman Pouyan and Victor Zyuban's common neighbors: Pradip Bose, Antonio Rubio, Ming-Jinn Tsai, Yu-Sheng Chen]"}, "269": {"llama": "[Marco Tomassini]"}, "270": {"llama": "[Abigail Morrison, Markus Diesmann, Sonja Gr\u00fcn]"}, "271": {"llama": "[Aur\u00e9lio C. Campilho, Brent E. Nelson, Carlos Cuadrado, Javier D\u00edaz, Zhaoyi Wei]"}, "272": {"llama": "[Klaus David, Olaf Droegehorn]"}, "273": {"llama": "[John A. Stankovic]"}, "274": {"llama": "[Charles Oppenheim]"}, "275": {"llama": "[Ali Daud, Juanzi Li, Tehmina Amjad, Ying Ding]"}, "276": {"llama": "[Haijun Zhang]"}, "277": {"llama": "[Sven Casteleyn]"}, "278": {"llama": "[Kensuke Harada, Hirohisa Hirukawa, Fumio Kanehiro]"}, "279": {"llama": "[Shmuel Ur]"}, "280": {"llama": "[Tatiana Tatusova, Rodrigo Lopez, Kim D. Pruitt]"}, "281": {"llama": "[France Belanger, Brian Detlor]"}, "282": {"llama": "[Toby Walsh, Ian P. Gent, Ian Miguel, Justin Pearson, Steve Linton, Tom Kelsey]"}, "283": {"llama": "[Geert Jan Schrijen, Srinivas Devadas, Erik van der Sluis, Roel Maes, Matthias Hiller]"}, "284": {"llama": "[Tal Pupko, Nir Ben-Tal, Eric Martz]"}, "285": {"llama": "[Sean Kelly, J. Steven Hughes, Chris A. Mattmann, Sudhir Srivastava, Andrew F. Hart, Cameron Goodale, Paul M. Ramirez, Christos Patriotis, Yolanda Gil, Nenad Medvidovic, Carl Kesselman, Steve Hughes]"}, "286": {"llama": "[Christopher D. Manning, Jelena Jovanovic]"}, "287": {"llama": "[Shlomo Havlin]"}, "288": {"llama": "[Gheorghe Stefanescu, Victor Mitrana]"}, "289": {"llama": "[Dan Suciu]"}, "290": {"llama": "[Indrani Medhi, Kentaro Toyama, William Thies]"}, "291": {"llama": "[Coert Metz, Michiel Schaap]"}, "292": {"llama": "[Agn\u00e8s B\u00e9gu\u00e9]"}, "293": {"llama": "[Fotis N. Koumboulis, Sten Bay J\u00f8rgensen, Michel Gevers, Maria P. Tzamtzi, Gabriel Solari]"}, "294": {"llama": "[Giacomo Boracchi, Cesare Alippi, Manuel Roveri]"}, "295": {"llama": "[Di Huang, Gabriele Sabatino, Liming Chen]"}, "296": {"llama": "[Adolfo Ruiz-Calleja, Juan I. Asensio-P\u00e9rez]"}, "297": {"llama": "[Ralf Muhlberger]"}, "298": {"llama": "[Rolf Apweiler, J. Lynn Fink]"}, "299": {"llama": "[Liyi Wei, Jean-Claude Paul, Alexei A. Efros]"}, "300": {"llama": "[None]"}, "301": {"llama": "[Ali H. Sayed and Alfred O. Hero have two common neighbors: H.V. Poor, Yu Fang Jin]\n\nSo, the answer is: [H.V. Poor, Yu Fang Jin]"}, "302": {"llama": "[Takehiro Inohara, D.M. Kilgour, Keith W. Hipel]"}, "303": {"llama": "[Katerina Mania, Michael Wimmer, Veronica Sundstedt, George Alex Koulieris]"}, "304": {"llama": "[Zygmunt J. Haas, Rimon Barr, Emmanuel Chaput, Andr\u00e9-Luc Beylot]"}, "305": {"llama": "[Huaping Liu, Fuchun Sun]"}, "306": {"llama": "[Tao Xiong, Bruno Costa, Yufeng Shi]"}, "307": {"llama": "[Elankayer Sithirasenan, Vallipuram Muthukkumarasamy]"}, "308": {"llama": "[Thomas Wiegand, Woo-jin Han]"}, "309": {"llama": "[Kang Ryoung Park]"}, "310": {"llama": "[Richard J. Nowakowski, Pawe\u0142 Pra\u0142at, Margaret-Ellen Messinger]"}, "311": {"llama": "[Carla Manni, Paolo Costantini, Tom Lyche]"}, "312": {"llama": "[Bhaskar D. Rao, David P. Wipf, Yoram Bresler]"}, "313": {"llama": "[None]"}, "314": {"llama": "[Alireza Sepas-Moghaddam]"}, "315": {"llama": "[Xavier Hinaut, Maxime Petit]"}, "316": {"llama": "[Alberto Sanfeliu]"}, "317": {"llama": "[Mustaque Ahamad]"}, "318": {"llama": "[Chris Grier, Giovanni Vigna, Vern Paxson, Damon McCoy, Dawn Xiaodong Song, Eric Dingle]"}, "319": {"llama": "[Patrick Hild]"}, "320": {"llama": "[Valeriy Vyatkin, Vladim\u00edr Mar\u00edk, Alois Zoitl, Paulo Leit\u00e3o]"}, "321": {"llama": "[Paolo Bouquet]"}, "322": {"llama": "[Andy J. Wellings, Ana Cavalcanti, Bent Thomsen, Daniel Tang, Hans S\u00f8ndergaard, Jan Ricardo Rios, Martin Schoeberl, Ren\u00e9 Rydhof Hansen, Stephan Erbs Korsholm]"}, "323": {"llama": "[Robert J. K. Jacob]"}, "324": {"llama": "[Jochen Messner, Olaf Beyersdorff, Jakob Nordstr\u00f6m]"}, "325": {"llama": "[Kuldip Kumar Paliwal, Alok Sharma]"}, "326": {"llama": "[Leandro Navarro, Davide Vega, Bart Braem, Axel Neumann, Pau Escrich, Mennan Selimi]"}, "327": {"llama": "[Olivier Finkel]"}, "328": {"llama": "[Anand Sivasubramaniam, Andreas Weissel]"}, "329": {"llama": "[Srikanth Kandula, Songwu Lu, Chuanxiong Guo, Haitao Wu]"}, "330": {"llama": "[Scott Shenker]"}, "331": {"llama": "[Jacopo Aleotti, Danica Kragic, Stefano Caselli]"}, "332": {"llama": "[Markus H. Gross, Thomas Ertl, R\u00fcdiger Westermann]"}, "333": {"llama": "[Murray E. Jennex, Detmar W. Straub, Maryam Alavi, Murali Raman]"}, "334": {"llama": "[Jin Chen, Zhu-Hong You, Lin Zhu, Marija Rasajski]"}, "335": {"llama": "[Cordelia Schmid, Dacheng Tao, Yu Qiao]"}, "336": {"llama": "[Leen Lambers, Hartmut Ehrig, Pawe\u0142 Soboci\u0144ski, Stephen Lack, Ulrike Golas]"}, "337": {"llama": "[Holger H. Hoos, Bart Selman, Kevin Leyton-Brown, Lars Kotthoff, Maurizio Gabbrielli, Fabio Biselli, Marius Thomas Schneider, Yuri Malitsky]"}, "338": {"llama": "[Christof Paar]"}, "339": {"llama": "[None]\n\nThere are no common neighbors between Michael J. Mendenhall and Yang Xiao in this network."}, "340": {"llama": "[Kui Ren and Matt Welsh have the following common neighbors: David E. Culler, Hui Li, Yaling Yang]"}, "341": {"llama": "[Lars Hedrich, Alper Sen, Scott Little, David Walter]"}, "342": {"llama": "[Yosinori Watanabe, Daniel D. Gajski, Alberto L. Sangiovanni-Vincentelli]"}, "343": {"llama": "[Alysson Neves Bessani]"}, "344": {"llama": "[Lucian Ilie, Shunsuke Inenaga, Hideo Bannai, M. Sohel Rahman]"}, "345": {"llama": "[Dieter Fox, Antonio Sgorbissa]"}, "346": {"llama": "[M. Shanmugam]"}, "347": {"llama": "[Graham Sexton]"}, "348": {"llama": "[Sameer K. Antani, Eric Gaussier, Andrew Zisserman, Marcel Worring]"}, "349": {"llama": "[Eduardo Tavares]"}, "350": {"llama": "[Moo K. Chung, James C. Gee, Anqi Qiu, Michael I. Miller, Murray Grossman, Kim M. Dalton]"}, "351": {"llama": "[Man Zhang]"}, "352": {"llama": "[Ashish Khare]"}, "353": {"llama": "[Tomomichi Hagiwara, Denis Arzelier, Yohei Hosoe]"}, "354": {"llama": "[James R. Faeder, Michael L. Blinov, William S. Hlavacek]"}, "355": {"llama": "[Y. Charlie Hu, Hojung Cha]"}, "356": {"llama": "[Michal Irani]"}, "357": {"llama": "[Justine Cassell, Ha Trinh]"}, "358": {"llama": "[Allan D. Knies]"}, "359": {"llama": "[Anisoara Nica]"}, "360": {"llama": "[Jos\u00e9 F. Moreno, Jos\u00e9 A. Sobrino]"}, "361": {"llama": "[Yehuda Koren]"}, "362": {"llama": "[Imran Memon]"}, "363": {"llama": "[Iickho Song, Yu T. Su]"}, "364": {"llama": "[Jianbo Liu]"}, "365": {"llama": "[Wolfgang Rosenstiel]"}, "366": {"llama": "[Seong Whan Lee]"}, "367": {"llama": "[Gloria P\u00e9rez, Laureano F. Escudero]"}, "368": {"llama": "[Carrie Gates]"}, "369": {"llama": "[Francesco Ricca, Luca Pulina, Marius Thomas Lindauer, Marius Thomas Schneider, Roland Kaminski, Stefan Ziller, Thomas Eiter, Torsten Schaub, Benjamin Kaufmann]"}, "370": {"llama": "[Beatrice Palano, Daowen Qiu, Lvzhou Li]"}, "371": {"llama": "[An\u00edbal Ollero, Abdolkarim Pahliani]"}, "372": {"llama": "[Ling Feng]"}, "373": {"llama": "[John Riedl, Shilad Sen]"}, "374": {"llama": "[Silvia Corchs, Raimondo Schettini, Hamid Rahim Sheikh, Weisi Lin]"}, "375": {"llama": "[Frederic T. Stahl, Paulo J. Azevedo, Martin T. Swain, Eamonn J. Keogh, J. Rui Rodrigues]"}, "376": {"llama": "[Natalia M. Markovich, Udo R. Krieger, Michela Meo, Marco Mellia, Kave Salamatian]"}, "377": {"llama": "[Motohiko Isaka]"}, "378": {"llama": "[Ming C. Lin, Gabriel Zachmann, Rene Weller]"}, "379": {"llama": "[Christian Bienia]"}, "380": {"llama": "[Philipp Reinecke, Jeremy T. Bradley, Stephen Gilmore]"}, "381": {"llama": "[Paul M. Thompson, Arthur W. Toga, Clifford R. Jack, Margaret J. Wright, Alex D. Leow, Christophe Lenglet, Iman Aganj]"}, "382": {"llama": "[Ana Lucila Sandoval Orozco, Luis Javier Garc\u00eda Villalba]"}, "383": {"llama": "[Konstantinos Bletsas, Eduardo Tovar, Shinpei Kato]"}, "384": {"llama": "[Feng Ding and Guang-Ren Duan common neighbors: Jie Ding, Ai-Guo Wu, Masoud Hajarian]"}, "385": {"llama": "[Michael Cormier]"}, "386": {"llama": "[Friedrich Pillichshammer, Ian H. Sloan, Peter Kritzer, Xiaoqun Wang]"}, "387": {"llama": "[Simone Bacellar Leal Ferreira]"}, "388": {"llama": "[Paolo Maffezzoni, Luca Daniel]"}, "389": {"llama": "[Shuicheng Yan, Wen-Sheng Chen, Pong Chi Yuen]"}, "390": {"llama": "[Hirotaka Ono]"}, "391": {"llama": "[None]\n\nExplanation: There are no common neighbors between Oscar Reinoso and Andr\u00e9s \u00edbeda in this network. Oscar Reinoso is connected to Rafael Aracil and Jos\u00e9 Maria Azor\u00edn, while Andr\u00e9s \u00edbeda is connected to Jos\u00e9 Maria Azor\u00edn. However, they do not share any common neighbors."}, "392": {"llama": "[Azeddine Beghdadi, Amina Serir, Mohamed Cheriet, Mohamed Riad Yagoubi]"}, "393": {"llama": "[Jan Martijn E. M. van der Werf, Sjaak Brinkkemper, Fabiano Dalpiaz, Garm Lucassen]"}, "394": {"llama": "[Jiye Liang, Yuhua Qian, P. S. V. S. Sai Prasad, Richard Jensen]"}, "395": {"llama": "[Kwok-Wo Wong]"}, "396": {"llama": "[Jos\u00e9 M. Val\u00e9rio de Carvalho]"}, "397": {"llama": "[Kai Li, Yuanyuan Zhou, Xubin He, Assaf Schuster, Song Jiang, Binny S. Gill, Gala Yadgar, Dharmendra S. Modha, Xiaodong Zhang]"}, "398": {"llama": "[Andrew T. Campbell]"}, "399": {"llama": "[David C. van Moolenbroek]"}, "400": {"llama": "[Kamiar Aminian, Bijan Najafi, Philippe Robert, F. Loew]"}, "401": {"llama": "[Igor Ebrahim dos Santos, Mario Piattini]"}, "402": {"llama": "[Andruid Kerne, Rhema Linder]"}, "403": {"llama": "[Dhabaleswar K. Panda, Richard L. Graham, Matthew J. Koop]"}, "404": {"llama": "[Florian Metze, Udhyakumar Nallasamy]"}, "405": {"llama": "[Panagiotis Papadimitratos, Frank Kargl, Heekuck Oh, Rongxing Lu, Sebastian Bittl, Berke Aydinli, Pin-Han Ho, Xuemin Shen, Elmar Schoch, Maxim Raya, Giorgio Calandriello, Julien Freudiger, Michael Weber, Pim Tuyls, Zhendong Ma]"}, "406": {"llama": "[Jean-Michel Fourneau, Franck Quessette]"}, "407": {"llama": "[Kaveh Pahlavan, Prashant Krishnamurthy, Yishuang Geng, Umair Khan, Ruijun Fu]"}, "408": {"llama": "[Djoko Sigit Sayogo, Theresa A. Pardo]"}, "409": {"llama": "[Mario Gerla, Donald F. Towsley, Raffaello Secchi]"}, "410": {"llama": "[Subhash Khot, Konstantinos Georgiou, Iannis Tourlakis]"}, "411": {"llama": "[Fajie Yuan, Tao Qin]"}, "412": {"llama": "[Jun-Hong Cui, Mario Gerla, Michele Zorzi, Milica Stojanovic]"}, "413": {"llama": "[Rolf Hoffmann]"}, "414": {"llama": "[Eva Hornecker, Steve Benford]"}, "415": {"llama": "[ChengXiang Zhai, Maarten de Rijke, W. Bruce Croft, Yuanhua Lv]"}, "416": {"llama": "[Huan Liu]"}, "417": {"llama": "[Tufan Kumbasar, Hani Hagras, Engin Yesil, Ibrahim Eksin, Patricia Melin, Witold Pedrycz, Jerry M. Mendel, William W. Melek, Dongrui Wu, Woei Wan Tan, Hao Ying, Ordoyo Casado]"}, "418": {"llama": "[Salvador Luna-Ram\u00edrez, Mat\u00edas Toril, Holger Claussen, Sergio Fortes, A. Aguilar-Garcia]"}, "419": {"llama": "[Jun Tani, Pierre-Yves Oudeyer, Giulio Sandini, Chrystopher L. Nehaniv, Angelo Cangelosi, Arne Zeschel]"}, "420": {"llama": "[Victor M. Hern\u00e1ndez-Guzm\u00e1n, Aman Behal, V\u00edctor Santib\u00e1\u00f1ez]"}, "421": {"llama": "[Tim G\u00fcneysu, Christof Paar]"}, "422": {"llama": "[Igor \u0160krjanc, Mircea-Bogdan Rdac, Stefan Preitl]"}, "423": {"llama": "[M.S. Arulampalam, Neil J. Gordon, T. Clapp]"}, "424": {"llama": "[Longcheng Liu, Jianzhong Zhang, Enyu Yao, Biao Wu]"}, "425": {"llama": "[None]"}, "426": {"llama": "[Leandro L. Minku, Karel Dejaeger, Bart Baesens]"}, "427": {"llama": "[Huseyin Cavusoglu]"}, "428": {"llama": "[Judith Eckle-Kohler, Iryna Gurevych, John P. McCrae, Philipp Cimiano, Daan Broeder]"}, "429": {"llama": "[Ruth Breu]"}, "430": {"llama": "[Thomas Kunz, Bhaskar Krishnamachari]"}, "431": {"llama": "[Guttorm Sindre, Mario Piattini]"}, "432": {"llama": "[Mark A. Paskin]"}, "433": {"llama": "[Eni G. Njoku, Jeffrey R. Piepmeier]"}, "434": {"llama": "[Michel A. J. Rosien, Gerard J. M. Smit]"}, "435": {"llama": "[B.S. Rajan, Tanumay Datta, N. Srinidhi, Kenta Kasai, Anupap Meesomboon]"}, "436": {"llama": "[Gustavo Rossi, Marco Brambilla, Maristella Matera, Stefano Ceri, Marino Linaje]"}, "437": {"llama": "[Tsu-Wei Tseng and Jin-Fu Li have the following common neighbors: Cheng-Wen Wu, Chih-Wea Wang, Chi-Feng Wu, Chih-Tsun Huang, Jen-Chieh Yeh, Nicholas Axelos, Rei-Fu Huang, Chin-Lung Su]"}, "438": {"llama": "[Ramesh Raskar, Christin Seifert, Gerald Fritz, Thomas Willwacher, David G. Lowe, Radek Grzeszczuk, Benjamnin Brombach, Thanos Bismpigiannis]"}, "439": {"llama": "[Min Wu, Huaguang Zhang, Yong He, Jun Wang, Guo-Ping Liu, Jin-Hua She, Baoyong Zhang, Chuan-Ke Zhang, Ryuichi Yokoyama]"}, "440": {"llama": "[Kamal Al Nasr, Wah Chiu, Ian Rees, Richard Newman, Helen M. Berman]"}, "441": {"llama": "[Hubert Emptoz, R. Manmatha, Kengo Terasawa]"}, "442": {"llama": "[Mai Vu]"}, "443": {"llama": "[Soo Ho Chang, Schahram Dustdar, Zakaria Maamar]"}, "444": {"llama": "[Wei Hu, Francisco M. Couto, Fran\u00e7ois Scharffe, Ond\u0159ej \u0160v\u00e1b-Zamazal, Jan Noessner]"}, "445": {"llama": "[Pawe\u0142 Filipczuk, Marek Kowal, J\u00f3zef Korbicz]"}, "446": {"llama": "[Tetsuo Tomiyama]"}, "447": {"llama": "[Michal Pluhacek, Zuzana Kominkova Oplatkova, Srinivas Palanki, Dominique Bonvin]"}, "448": {"llama": "[Yuming Jiang, Chuang Lin, Dacheng Yang, Lin Sang, Zhidu Li]"}, "449": {"llama": "[Aylin Yener, Bahareh Akhbari, Mohammad Reza Aref]"}, "450": {"llama": "[Mitsuo Gen]"}, "451": {"llama": "[Basilios Gatos, Josep Llad\u00f3s, Jihad El-Sana, Umapada Pal, Abderrazak Zahour, Adel M. Alimi, Laurence Likforman-Sulem, Zhixin Shi]"}, "452": {"llama": "[Norihiro Hagita, Hiroshi Ishiguro, Shuyin Li]"}, "453": {"llama": "[Eva Onaindia]"}, "454": {"llama": "[Mahadev Satyanarayanan]"}, "455": {"llama": "[Giovanni Righini, Yuvraj Gajpal]"}, "456": {"llama": "[Wei-Hung Lin]"}, "457": {"llama": "[Bong Dae Choi, Kyung Jae Kim, Eunju Hwang, Sangkyu Baek, Yan Zhang]"}, "458": {"llama": "[David C. Schwartz]"}, "459": {"llama": "[Andrei Sabelfeld, Daniel Olmedilla, Daniel Trivellato, Marianne Winslett, Matt Blaze, Nicola Zannone, Ninghui Li, Sandro Etalle, Adam J. Lee]"}, "460": {"llama": "[Peter Stone]"}, "461": {"llama": "[Dong Hoon Lee, Dan Boneh, Fu-Kuo Tseng, Rong-Jaye Chen]"}, "462": {"llama": "[Kuan-Ching Li, Wen-Chung Shih, Ian T. Foster, Po-Chi Shih, Cheng-Fang Lin, Sung-Yi Chen, Tsui-Ting Chen]"}, "463": {"llama": "[\u00c1lvaro F. Moreira]"}, "464": {"llama": "[Yiyu Shi and Sung Kyu Lim have common neighbors: David Z. Pan, Gokul Kumar]"}, "465": {"llama": "[G. Susinder Rajan and Pramod Kumar have the following common neighbors: Petros Elia, Emanuele Viterbo, Jean-Claude Belfiore]"}, "466": {"llama": "[Giorgio Di Natale, Hideo Fujiwara]"}, "467": {"llama": "[Aristidis Likas]"}, "468": {"llama": "[Chunming Tang, Guang Gong]"}, "469": {"llama": "[Susan R. Fussell, Franco Tecchia, Bruce H. Thomas]"}, "470": {"llama": "[Tahsin M. Kur\u00e7, Joel H. Saltz]"}, "471": {"llama": "[Zhi-Hua Zhou and Xiaokang Yang's common neighbors: Wen Gao, Xuelong Li]"}, "472": {"llama": "[Jingtao Yao, Jerzy W. Grzymala-Busse, Yuhua Qian, Malcolm James Beynon]"}, "473": {"llama": "[Xiang Chen]"}, "474": {"llama": "[James F. Courtney]"}, "475": {"llama": "[Simon Harding, Julian F. Miller]"}, "476": {"llama": "[Stefan Paulus, Heiner Kuhlmann]"}, "477": {"llama": "[Mike P. Papazoglou]"}, "478": {"llama": "[Nikolaos Efthymiopoulos, Maria Efthymiopoulou]"}, "479": {"llama": "[Erik Jan Marinissen]"}, "480": {"llama": "[Jo\u00e3o Paulo Teixeira, M. B. Santos, Fabian Vargas, Isabel C. Teixeira, J. Semiao, Adriel Ziesemer, Bo Yang]"}, "481": {"llama": "[Tomasz Kornuta, Cezary Zieli\u0144ski, Tomasz Winiarski]"}, "482": {"llama": "[James J. Cimino, Suzanne Bakken, Vimla L. Patel, Sarah A. Collins, David R. Kaufman]"}, "483": {"llama": "[Jie Sun, Michel Th\u00e9ra, Jane J. Ye]"}, "484": {"llama": "[Derek Bingham]"}, "485": {"llama": "[Michael Massimi]"}, "486": {"llama": "[Muhammad Farooq]"}, "487": {"llama": "[Craig A. Stewart]"}, "488": {"llama": "[Robert Stevens, Erick Antezana]"}, "489": {"llama": "[None]\n\nThere are no common neighbors between Thorsten Steinberg and Martin Gebser in this network."}, "490": {"llama": "[Jiawei Han and Feng Pan's common neighbors: Gao Cong, Philip S. Yu, Zhanhuai Li, Mohammed J. Zaki, Anthony K. H. Tung, Bac Le]"}, "491": {"llama": "[Jian Sun, Marc Alexa, Olga Sorkine, Ariel Shamir, Bruno L\u00e9vy, Karthik Ramani, Ladislav Kavan, Tamal K. Dey, Yusu Wang]"}, "492": {"llama": "[Ming C. Lin, Lakulish Antani, Ravish Mehra, Anish Chandak, Christian Lauterbach]"}, "493": {"llama": "[Igor L. Markov, Fadi A. Aloul, Karem A. Sakallah]"}, "494": {"llama": "[Christophe Lohr, Jean-Pierre Courtiat]"}, "495": {"llama": "[Jin-Woo Kim, Yuan Xie, Gabriel H. Loh, Cheng-Wen Wu, Sung Kyu Lim, Ding-Ming Kwai]"}, "496": {"llama": "[E. Sansosti, Fausto Guzzetti, Gianfranco Fornaro, Sandro Moretti]"}, "497": {"llama": "[Krassimira Ivanova, Jo\u00e3o Gra\u00e7a]"}, "498": {"llama": "[Yilong Yin, Gongping Yang, Lu Yang, Ju Cheng Yang, Shan Juan Xie, Dong Sun Park, Xiaoming Xi, Naoto Miura, Takafumi Miyatake]"}, "499": {"llama": "[Wei Wang, Jun Zhao, Gang Feng, Lijun Long]"}}