{"0": {"llama": "[Seine-et-Marne, Montereau-Fault-Yonne, France, Vittorio De Sica]"}, "1": {"llama": "[Diameter: 3, Path: I'm a People, Nashville  TN, Country music, Love Bug (George Jones album)]"}, "2": {"llama": "[Leucophoebe albaria, Leucophoebe, Ebaeides perakensis, Polyphaga]"}, "3": {"llama": "[Pat Benatar, Invincible (Pat Benatar song), Holly Knight, Be Tender with Me Baby, Tina Turner, Tommy (1975 film)]"}, "4": {"llama": "[Oru Kochu Bhoomikulukkam, Siddique (actor), Ernakulam, Shaheen Siddique]"}, "5": {"llama": "[480i, News TV Quick Response Team, Filipino language, Mara Clara (2010 TV series), NTSC, Green Rose (Philippine TV series), Romance film]"}, "6": {"llama": "[Opava, Rudolf Chrobak, Luk\u00e1\u0161 Magera, SK Kladno, Marcel Li\u010dka, G\u00f3rnik Zabrze]"}, "7": {"llama": "[Nelson Agresta, Defensor Sporting, Ronald Lang\u00f3n]"}, "8": {"llama": "[PlayStation 2, Tekken (video game), PlayStation Network, Buzz! Junior: Jungle Party, Buzz!]"}, "9": {"llama": "[Robert Hall (gridiron football), Quarterback, Ben Bennett, Indiana Firebirds, David Caldwell (nose tackle)]"}, "10": {"llama": "[The Cowboys (TV series), Walter Brooke, A Short Drink from a Certain Fountain, Patrick O'Neal (actor), Respiratory failure]"}, "11": {"llama": "[Democratic Party (United States), Liz Swaine, Florida, Michael Yarmush, The Tofus, Bruno Bianchi (cartoonist), Saban\u2019s Gulliver\u2019s Travels, Sonja Ball]"}, "12": {"llama": "[Kenny Loggins, House at Pooh Corner (song), Mr. Bojangles (song), Thrown Away (song)]"}, "13": {"llama": "[Sturnia, Malabar starling, Thomas C. Jerdon, Grey-headed bulbul, Bulbul, Red-vented bulbul, Pycnonotus]"}, "14": {"llama": "[Dirk Flock, FC Remscheid, Marcel Podszus, Viersen]"}, "15": {"llama": "[The diameter of the graph is 3, and the corresponding path is: [Limb Music, Legendary Tales, Sascha Paeth, Symphony of Enchanted Lands].]"}, "16": {"llama": "[Dzon Delarge, Republic of the Congo, Mont Nabemba]"}, "17": {"llama": "[Netphe, Germany, Roland G\u00fcnther]"}, "18": {"llama": "[Halifax Town A.F.C., Simon Collins (footballer), Ossett Town F.C., Joel Armstrong, Chesterfield F.C.]"}, "19": {"llama": "[Red, Free Citizens, Yellow]"}, "20": {"llama": "[Diameter: 4, Path: Russia, Yuri Sedov, Soviet Union national under-21 football team, Valdas Kasparavi\u010dius, FK \u017dalgiris Vilnius]"}, "21": {"llama": "[Stranger's Soul, Fantasy, Dystopian novel, The Passage (novel), The Twelve (novel)]"}, "22": {"llama": "[ Roman Catholicism, Macedonian Argentine, Buenos Aires, Bernardo Leyenda ]"}, "23": {"llama": "[Diameter: 4, Path: Brightest e.p.02, Brightest Star, Bright (Japanese band), Japan]"}, "24": {"llama": "[Diameter: 3, Path: Qasem Qeshlaqi Nir, Nir County, Ardabil Province, Mehmandust-e Olya Nir]"}, "25": {"llama": "[CEO, Nomad Foods, Tortola, Road Town]"}, "26": {"llama": "[The Best of R.E.M., English language, Bugs Bunny's Looney Christmas Tales, June Foray, Looney Tunes Golden Collection: Volume 4, Billy Bletcher, Friz Freleng]"}, "27": {"llama": "[George Washington University, Sam Johnson, Methodism, Soong Ching-ling, Beijing, Wu Mengchang, Guangdong]"}, "28": {"llama": "[Abu Ali Mustafa, West Bank, Judea, Popular Front for the Liberation of Palestine, Anti-Zionism]"}, "29": {"llama": "[Chinese Brazilians, Macanese people, Brazil, Eduardo Roberto dos Santos]"}, "30": {"llama": "[The Wilsons, Rock music, Species Deceases, Midnight Oil, Diesel and Dust, Beds Are Burning, Peter Garrett, Randwick  New South Wales]"}, "31": {"llama": "[Kafka (film), Ian Holm, Joe Gould's Secret (film), Susan Sarandon]"}, "32": {"llama": "[2005 French Grand Prix, France, Marcill\u00e9-Raoul]"}, "33": {"llama": "[Christian Burns, Something About You (Christian Burns song), Power of You, Ti\u00ebsto, Afrojack]"}, "34": {"llama": "[Dzon Delarge, Brazzaville, Ali Bongo Ondimba, Raymond Ndong Sima]"}, "35": {"llama": "[Frederick Francis Mathers, Saint John  New Brunswick, Bud Boyce, Saskatchewan]"}, "36": {"llama": "[Maykel Galindo, Villa Clara Province, Cuba, Yoanka Gonz\u00e1lez]"}, "37": {"llama": "[The diameter of the graph is 3, and the corresponding path is: [Mohammadyar District, Tazeh Kand-e Deym, Iran, Naqadeh County].]"}, "38": {"llama": "[Legendary Assassin, Gold Label Records, Miriam Yeung New and Best Selections, Home (Miriam Yeung album), Shawn Yue]"}, "39": {"llama": "[Sommersdorf Mecklenburg-Vorpommern, Germany, Delta (Visions of Atlantis album), Napalm Records, Katra (band)]"}, "40": {"llama": "[Slippery Rock  Pennsylvania, United States, A24 (company), New York (state), Albion  Oswego County  New York, Altmar  New York]"}, "41": {"llama": "[Benin, Hubert Maga, Cotonou, Requins de l'Atlantique FC, Steve Mouni\u00e9]"}, "42": {"llama": "[ Mircea Ilie, Romania, Radu Alm\u0103\u0219an, Bra\u0219ov ]\n\nThe diameter of the graph is 3, which corresponds to the shortest path between Mircea Ilie and Bra\u0219ov."}, "43": {"llama": "[Diameter: 3, Path: Karim Debbagh, Tangier, Ibn Battuta]"}, "44": {"llama": "[Mike Mictlan, Bangarang (Doomtree song), P.O.S, Ipecac Neat]"}, "45": {"llama": "[Diameter: 4, Path: Tatay, Bwyd Time, Gorky's Zygotic Mynci, Alternative rock]"}, "46": {"llama": "[Fidelity Bank Ghana, Saving, First Direct, Credit card, Bharatiya Mahila Bank]"}, "47": {"llama": "[Draco Rosa, Menudo (band), Angelo Garcia]"}, "48": {"llama": "[Tatsuya Sakai, Japan, Satoshi Tsumabuki]"}, "49": {"llama": "[Urola furvicornis, Crambidae, Scoparia augastis]"}, "50": {"llama": "[David Bowie, The Laughing Gnome, Deram Records, Ric Lee, Rock music]"}, "51": {"llama": "[Slipknot (band), Phil Sgrosso, Nails (band), You Will Never Be One of Us]"}, "52": {"llama": "[Epic Records, Michael Organ (drummer), Sonny Landreth]"}, "53": {"llama": "[Diameter: 3, Path: Nelly, Get Like Me (Nelly song), Music download, I'm in Love with a Monster]"}, "54": {"llama": "[India, Shriya Saran, Jaggubhai, R. D. Rajasekhar, Kaakha Kaakha, Harris Jayaraj, Ko (film)]"}, "55": {"llama": "[Complicated (Rihanna song), Loud (Rihanna album), Raining Men (Rihanna song), All of the Lights, Christmas in Harlem, Cyhi the Prynce, Hip hop music]"}, "56": {"llama": "[Sumie Sakai, United States, MaxLinear, Broadband, Quikcycle]"}, "57": {"llama": "[Warning Sign (film), Hal Barwood, Film producer, Robert Luketic, Legally Blonde]"}, "58": {"llama": "[South Canara, Ratnavarma Heggade, Madras Presidency, Kudmul Ranga Rao, British India, Sufia Kamal, Bengal Presidency]"}, "59": {"llama": "[The diameter of the graph is 3, and the corresponding path is: Martin D. Wolfson, Ohio Derby, Gene St. Leon]"}, "60": {"llama": "[Cartoon Network (Germany), Munich, Here Is the News, Jeff Lynne, Time (Electric Light Orchestra album), Nightrider (song)]"}, "61": {"llama": "[Hanover, Sven Pipien, King Bee (band)]"}, "62": {"llama": "[Brad Leithauser, Massachusetts, Detroit, Donald Byrd, Royal Flush (album), Henry Ford II, Henry Ford, Ford Model A (1903\u201304), Ford Motor Company, Edsel Ford II]"}, "63": {"llama": "[George Leonard Andrews, Union Army, George K. Nash, Columbus  Ohio, Bow Wow (rapper)]"}, "64": {"llama": "[Suicide Battalion, Ronald Stein, Floyd Crosby, Suicide Battalion, American International Pictures, Devil's Angels, Bamboo Gods and Iron Men]\n\nThe diameter of the graph is 6, and the corresponding path is the one mentioned above."}, "65": {"llama": "[Dr. Vidya, Sachin Dev Burman, Nau Do Gyarah, Vijay Anand (Hindi film maker)]"}, "66": {"llama": "[Carlos Man\u00e9, Portugal, Terceira Island, Fontinhas]"}, "67": {"llama": "[China University of Geosciences, Wuhan, Hubei, Yi Lijun, Huanggang, China Standard Time, Zigong]"}, "68": {"llama": "[A.F.C. Bournemouth, Ike Whelpton, Birmingham City F.C.]"}, "69": {"llama": "[Diameter: 4, Path: Gaisberg (Heidelberg), Germany, Gro\u00dfpostwitz, Lauter (Itz), Werner Grossmann]"}, "70": {"llama": "[United States, Beau Starr, Pretend You Don't See Her (film), Hannes Jaenicke, Die Stra\u00dfen von Berlin]"}, "71": {"llama": "[Canada, Antoine-Aim\u00e9 Dorion, Sainte-Anne-de-la-P\u00e9rade, Robert Perreault, Andr\u00e9 Boisclair, Parti Qu\u00e9b\u00e9cois]"}, "72": {"llama": "[2008 Alabama Crimson Tide football team, 2008 Tennessee Volunteers football team, 2008 UCLA Bruins football team, 2008 California Golden Bears football team]"}, "73": {"llama": "[The diameter of the graph is 4, and the corresponding path is: [Serrata raoulica, Animal, Insect, Coreoidea, Pentatomomorpha].]"}, "74": {"llama": "[Kalateh-ye Hajji  Razavi Khorasan, Iran Standard Time, Shirah Ki, Salmas County, Khaneh Dam]"}, "75": {"llama": "[Andrea Drahota, The Confrontation (film), Mikl\u00f3s Jancs\u00f3, V\u00e1c, Istv\u00e1n Friedrich]"}, "76": {"llama": "[Maurice Kottelat, Telmatherina opudi, Animalia, Telmatherina celebensis, North Island k\u014dkako]"}, "77": {"llama": "[The diameter of this graph is 3, and the corresponding path is: [Pink Luv, Dance-pop, Jasmine Thompson].]"}, "78": {"llama": "[Holyoke Massachusetts, Maurice A. Donahue, Roger L. Bernashe, Maurice A. Donahue, John E. Powers]"}, "79": {"llama": "[Insect, Heterachthes, Cerambycidae, Heterachthes wappesi, Polyphaga, Omobranchus steinitzi, Chordate, Mulgara]"}, "80": {"llama": "[Sweta Keswani, Model (person), Fat Cat (singer), South Korea, N.Flying]"}, "81": {"llama": "[Tihhon \u0160i\u0161ov, Defender (football), Federico Tafani, Italy]"}, "82": {"llama": "[Tiffany Limos, Ken Park, Maeve Quinlan]"}, "83": {"llama": "[Gianni De Biasi, Cosenza Calcio 1914, Emanuele Brioschi, Italy, Patscher Spitze]"}, "84": {"llama": "[Plantae, Beccariophoenix, Cocoeae, Jubaeopsis]"}, "85": {"llama": "[Dixie McNeil, England, Birmingham, Andy Williams (footballer born 1962), Hull City A.F.C.]"}, "86": {"llama": "[The diameter of the graph is 3, and the corresponding path is: [Cosmopterix fernaldella, Animal, Netechma, Netechma lacera].]"}, "87": {"llama": "[Azerbaijan, Absurdistan (film), Veit Helmer, A Trick of Light]"}, "88": {"llama": "[Keithsburg Illinois, Illinois, Samuel Bodman, Steven Chu, University of Rochester]"}, "89": {"llama": "[Asiamordella, Animal, Arthropod, Plecoptera quadrilineata]"}, "90": {"llama": "[7%22, Behind Blue Eyes, Olympic Studios, Yellow Submarine Songtrack]"}, "91": {"llama": "[CD Mensajero, \u00c1lex Cruz, UCAM Murcia CF, Luis Tevenet, Polideportivo Ejido]"}, "92": {"llama": "[Downy woodpecker, Piciformes, Middle spotted woodpecker]"}, "93": {"llama": "[Raul Mitra, Philippines, Piolo Pascual, Till There Was You (2003 film), Judy Ann Santos, Esperanza (TV series)]"}, "94": {"llama": "[Epischnia asteris, Arthropod, Acantholycosa zinchenkoi, Pardosinae]"}, "95": {"llama": "[Elton John One Night Only \u2013 The Greatest Hits, Universal Records, If You Really Cared]"}, "96": {"llama": "[Sammy Lee (footballer), England national football team, Fred Priest, Guisborough]"}, "97": {"llama": "[Andrei Nalyotov, List of Russian football transfers summer 2014, Denis Voynov, FC Fakel Voronezh]"}, "98": {"llama": "[Animal, Hemibarbus mylodon, Chordate, Kori bustard, Otidiformes, Northern black korhaan]"}, "99": {"llama": "[Animal, Semniomima puella, Aves, Changeable hawk-eagle, Accipitriformes, Aviceda]"}, "100": {"llama": "[Animal, Anomis grisea]"}, "101": {"llama": "[Irandegan District, Irandegan Rural District, Iran, Iran Standard Time, Ab Ghamushiyeh]"}, "102": {"llama": "[Glumsl\u00f6v, Central European Time, Cristina  Badajoz, Extremadura, Sierra de Gata (comarca), Comarcas of Extremadura, Las Vegas Altas]"}, "103": {"llama": "[Dipolog, Zamboanga Peninsula, Katipunan  Zamboanga del Norte]"}, "104": {"llama": "[Animalia, Goldbar wrasse, Actinopterygii]"}, "105": {"llama": "[Dompierre  Fribourg, Domdidier, Gaston Godel]"}, "106": {"llama": "[Nashville Tennessee, Jerry Capehart, C'mon Everybody, The Eddie Cochran Memorial Album, Teenage Heaven, Boll Weevil (song)]"}, "107": {"llama": "[Gramophone record, Pretty Little Angel Eyes, Under the Moon of Love]"}, "108": {"llama": "[Sweden, M\u00e5rten Klingberg, Screenwriter, Roger Lim]"}, "109": {"llama": "[The diameter of the graph is 3, and the corresponding path is: [Brian Cvilikas, Virginia Beach Mariners, Russell Hutchison]]"}, "110": {"llama": "[London, Jennifer Kendal, Bombay Talkie, Ruth Prawer Jhabvala, Jane Austen in Manhattan]"}, "111": {"llama": "[Animal, Ceratostoma foliatum, Ceratostoma, Ocenebrinae, Gastropoda, Orania mixta]"}, "112": {"llama": "[Insect, Beraba cheilaria, Cucujiformia, Polyphaga, Tenebrionoidea, Autocrates vitalisi]"}, "113": {"llama": "[California, John Vasconcellos, Santa Clara California, Anschutz Entertainment Group, Microsoft Theater, Mercedes-Benz Arena (Shanghai), Shanghai, Pudong, China, MG GS]"}, "114": {"llama": "[Jonathan Coates, Cheltenham Town F.C., Bobby Williams (footballer  born 1940), Weymouth F.C., Tommy Henderson (footballer  born 1949)]"}, "115": {"llama": "[Beetle, Dorcadion anatolicum, Cerambycidae, Irundisaua balteata]"}, "116": {"llama": "[The diameter of the graph is 2, and the corresponding path is: [Haltom City  Texas, Mayor, Roanoke  Texas].]"}, "117": {"llama": "[Diameter: 3, Path: Franco Jara, Arsenal de Sarand\u00ed, Daniel Vega, List of Argentine Primera Divisi\u00f3n transfers July\u2013August 2010]"}, "118": {"llama": "[Artemisa Province, Mariel Cuba, Cuba, Candelaria Cuba]\n\nThe diameter of the graph is 3, which is the maximum distance between any pair of nodes. The corresponding path is [Artemisa Province, Mariel Cuba, Cuba, Candelaria Cuba]."}, "119": {"llama": "[Harmonica, Eddie Vedder, Guitar, Takuro Yoshida, Lianne La Havas]"}, "120": {"llama": "[Eudonia schwarzalis, Animal, Auxa bimaculipennis]"}, "121": {"llama": "[Eupithecia dohertyi, Animal, Paxillosida, Astropecten platyacanthus, Astropecten]"}, "122": {"llama": "[Alfred Johnson Brooks, Brooke Claxton, Canadian Army, Royal Canadian Infantry Corps]"}, "123": {"llama": "[Psychedelic music, Uriel (band), Dave Stewart (keyboardist), Jakko Jakszyk]"}, "124": {"llama": "[Arno Wallaard, Netherlands, Eygelshoven] or [Arno Wallaard, Netherlands, Jo Meynen] or [Vaalserberg, Netherlands, Eygelshoven] or [Vaalserberg, Netherlands, Jo Meynen]"}, "125": {"llama": "[Michel Fran\u00e7ois Hoguet, France, Provence-Alpes-C\u00f4te d'Azur, Forcalqueiret]"}, "126": {"llama": "[Animal, Notostigma foreli]"}, "127": {"llama": "[Sonic Underground, Jaleel White, Steve Urkel, Thomas L. Miller, Foul Play (TV series), American Broadcasting Company, Perfect Strangers (TV series), Bronson Pinchot]"}, "128": {"llama": "[Wilhelm J. Sluka, Austria, Hall bei Admont, Pistol]"}, "129": {"llama": "[Republic of Ireland, Una O'Hagan] has a distance of 1.\n[Republic of Ireland, Paul Kane] has a distance of 1.\n[Republic of Ireland, Paul Kane, Toronto] has a distance of 2.\n[Republic of Ireland, Paul Kane, Toronto, Anais Granofsky] has a distance of 3.\n[Republic of Ireland, Paul Kane, Toronto, Denison Armoury] has a distance of 3.\n\nThe diameter of the graph is 3, and the corresponding path is [Republic of Ireland, Paul Kane, Toronto, Anais Granofsky] or [Republic of Ireland, Paul Kane, Toronto, Denison Armoury]."}, "130": {"llama": "[Peter Reith, Lawyer, Ken Khachigian, Lawyer, Jacques Verg\u00e8s, France, Paris, Raymond Pr\u00e9fontaine, Longueuil Quebec]"}, "131": {"llama": "[Tolombeh-ye Ruzkuhrow, Bahreman Rural District, Rafsanjan County, Mohammadabad-e Barkhvordar, Iran, Yadollahabad]"}, "132": {"llama": "[Chrysomyxa ledi var. rhododendri, Basidiomycota, Mycena stylobates]"}, "133": {"llama": "[Kingdom of Italy, Amedeo Amadei, Fivizzano, Anna Maria Adorni Botti, Roman Catholic Church, Tomasa Ortiz Real]"}, "134": {"llama": "[Bob Archer, Defender (football), Borys Derkach, FC Mayak Kharkiv, Aleksandr Tsilyurik, Midfielder, Yevhen Troyanovskyi, FC Dynamo Kyiv]"}, "135": {"llama": "[Unreal Engine 2, Tom Clancy's Splinter Cell (video game), GameCube]"}, "136": {"llama": "[KNI A/S, Greenland, Paamiut, Frederikshavn]"}, "137": {"llama": "[Bedford Township  Bedford County  Pennsylvania, Bedford County  Pennsylvania, Pennsylvania, Chaim Potok, Buffalo  New York]"}, "138": {"llama": "[Stream, Lichau Creek, Sonoma County  California]"}, "139": {"llama": "[Insect, Pantophthalmidae, Fly, Tanytarsini]"}, "140": {"llama": "[Georfans, Haute-Sa\u00f4ne, Vantoux-et-Longevelle, Franche-Comt\u00e9]"}, "141": {"llama": "[Dave Ullrich, Toronto, Donovan Woods (musician), Sarnia, Ontario, Folk music, Folk rock, Singing, Life in Slow Motion, A New Day at Midnight, East West Records]"}, "142": {"llama": "[Gr\u00e9gory Malicki, Goalkeeper (football), Stef\u00e1n Logi Magn\u00fasson, Iceland, Eagle Egilsson, Mad City: New Day Rising, Mad City: Look Into My Eyes, Wrath of the Villains: Pinewood]"}, "143": {"llama": "[Genoplesium plumosum, Plantae, Eudicots, Mesogyne]"}, "144": {"llama": "[The diameter of the graph is 3, and the corresponding path is: [Pisa Calcio, Enrico Alfonso, A.S. Pizzighettone, Massimo Storgato].]"}, "145": {"llama": "[Dinochloa, Bambusoideae, Valiha (plant), Plantae, Nephthytis, Nephthytis swainei]"}, "146": {"llama": "[Central defender, Bevan Fransch, South Africa, Solomon Mahlangu, Mamelodi]"}, "147": {"llama": "[Summer Time Gone, Giza Studio, Your Best Friend]"}, "148": {"llama": "[Actor, Yoo Hae-jin, Henry O, A Thousand Years of Good Prayers, Mandarin Chinese, The Bedevilled (film), James Tien (actor), Lucky Stars]"}, "149": {"llama": "[Diameter: 3, Path: Ali Khan-e Kachkul, Iran Standard Time, Gohreh]"}, "150": {"llama": "[Presenter, Louis Yuen, Virtues of Harmony, Cutie Mui, My Father's Son (TV series), Stephen Chow, Legend of the Dragon (film), Danny Lee (actor), City on Fire (1987 film)]"}, "151": {"llama": "[Rotate (song), Channel 10 (album), The War Report 2: Report the War, Gangsta Rap]\n\nThe diameter of the graph is 3, and the corresponding path is Rotate (song) -> Channel 10 (album) -> The War Report 2: Report the War -> Gangsta Rap."}, "152": {"llama": "[Detroit, Curtis Fuller, Impulse!, The Cry of My People]"}, "153": {"llama": "[Actress, Joyce Jameson, Billy Barnes (composer), The Richie Rich/Scooby-Doo Show, American Broadcasting Company]"}, "154": {"llama": "[Scottish Highlands, River Tay, Perth  Scotland]"}, "155": {"llama": "[Charlie Fletcher (footballer), Homerton, Queen Elizabeth Olympic Park, Stratford London, Leyton F.C.]"}, "156": {"llama": "[Nesuhi Ertegun, Live at the Whisky a Go Go (Herbie Mann album), Jazz, Herbie Mann Plays The Roar of the Greasepaint \u2013 The Smell of the Crowd, My Kinda Groove, Atlantic Records, Lift Me Up (David Guetta song), Parlophone, Eleanor Rigby, Lennon\u2013McCartney]"}, "157": {"llama": "[Diameter: 4, Path: Yeniel Berm\u00fadez, Cuba national football team, Jos\u00e9 Miranda (footballer), Los Angeles Misioneros]"}, "158": {"llama": "[Lorestan Province, Chal Duguneh, Papi District]"}, "159": {"llama": "[Taheri Rural District, Iran, Amol, Ghasem Rezaei]"}, "160": {"llama": "[Dorothy Appleby, His Ex Marks the Spot, Felix Adler (screenwriter), Goofs and Saddles, Coca-Cola Telecommunications (1987)]"}, "161": {"llama": "[Ziarlu, Ahar County, Gurvan-e Bozorg]"}, "162": {"llama": "[The Name Game, Novelty song, Boku wa Kuma, Flavor of Life, Hikaru Utada, Ultra Blue]"}, "163": {"llama": "[Insect, Aulaconotus incorrugatus]"}, "164": {"llama": "[Thimingalam, K. P. Ummer, Pokkattadikkaari]"}, "165": {"llama": "[Red-keeled flowerpecker, Johann Hermann, Red-keeled flowerpecker, Animalia, Stagnicola]"}, "166": {"llama": "[DYMF, News, The Rundown with Jos\u00e9 Diaz-Balart, MSNBC Live]"}, "167": {"llama": "[Robert D. Mariani, Syracuse University College of Law, Tom O'Mara, Timothy M. Kennedy (politician), United States, Prospertown  New Jersey, Local government in New Jersey]"}, "168": {"llama": "[Diameter: 4, Path: [2013 Seguros Bol\u00edvar Open Barranquilla, Facundo Bagnis, 2016 Claro Open Medell\u00edn, Eduardo Struvay]]"}, "169": {"llama": "[Breakfast on Pluto, The Case of the Dirty Bird]\n\nThe diameter of the graph is 2, and the corresponding path is [Breakfast on Pluto, The Case of the Dirty Bird]."}, "170": {"llama": "[Relief of Thionville, Thionville, Illange]"}, "171": {"llama": "[ Bruce Edwards Ivins, United States Army Medical Research Institute of Infectious Diseases, Maryland, Television Hill (band), Cass McCombs, Tatyana McFadden ]"}, "172": {"llama": "[Freetown Massachusetts, Massachusetts, Attleboro Massachusetts, David Daggett, Chauncey Goodrich, Uriah Tracy]"}, "173": {"llama": "[University of Benghazi, Abu Bakr Baira, University of Missouri, Abu Bakr Baira, University of Benghazi, Benghazi]"}, "174": {"llama": "[Ali Nikzad, Iran University of Science and Technology, Iran, Kahn-e Qazi, Kuhsaran District, Hoseynabad-e Darani]"}, "175": {"llama": "[Syria, Talkhatra, Village]"}, "176": {"llama": "[Don Moen, Word Records, 4Him, Chapter One... A Decade, Michael Omartian, A Christmas to Remember, Amy Grant, Behind the Eyes (Amy Grant album)]"}, "177": {"llama": "[Abzalu, Iran, Tanbaku Kar-e Ebrahim]"}, "178": {"llama": "[One Froggy Evening, Abe Levitow, One Froggy Evening, Edward Selzer, Bugs and Thugs]"}, "179": {"llama": "[Diameter: 4, Path: Dead Is Dead, Nestor Carbonell, Cane (TV series), Cynthia Cidre]"}, "180": {"llama": "[Paul Wunderlich, J\u00f6rg Schmeisser, Pomerania] or [Paul Wunderlich, J\u00f6rg Schmeisser, Nazi Germany, Sturzkampfgeschwader 2]"}, "181": {"llama": "[Tetrameles, Angiosperms, Suessenguthiella caespitosa, Molluginaceae, Mollugo]"}, "182": {"llama": "[Chataz Ijrud, Ijrud-e Bala Rural District, Aq Bolagh Zanjan, Iran Standard Time]"}, "183": {"llama": "[Diameter: 2, Path: [Mitchel Musso, Hey (Mitchel Musso song), Pop music]]"}, "184": {"llama": "[Diameter: 3, Path: Hillbilly Girl with the Blues, Columbia Records, High Hopes (Tim Scott McConnell song) High Hopes 1, Bruce Springsteen]"}, "185": {"llama": "[Harvard Business School, William Agee, Boise State University, Butch Otter, David H. Leroy, Phil Batt, University of Idaho, Herman Welker]"}, "186": {"llama": "[MOGAS Group, United Arab Emirates, Majid Al Futtaim Group, Property, Unibail-Rodamco]"}, "187": {"llama": "[The Blind Goddess, Ernest Torrence, Frank Butler (writer), Strictly Unconventional]"}, "188": {"llama": "[Category 5 Records, United States, HGST]"}, "189": {"llama": "[Crash: Mind over Mutant, Nintendo DS, Candace Kane's Candy Factory, Microsoft Windows, Turok: Dinosaur Hunter, Turok (series), Turok: Evolution]"}, "190": {"llama": "[Paul Bales, 3 Musketeers (film), Alan Rachins, Showgirls]"}, "191": {"llama": "[Michael Bolton, Bolton Swings Sinatra, Pop (music), (Love) Compared with You, 7%22]"}, "192": {"llama": "[Eudicots, Hypericum boreale, Nathaniel Lord Britton]"}, "193": {"llama": "[Georg Lammers, Butjadingen, Germany, Michael Steinbach]"}, "194": {"llama": "[Dalbergia peltieri, Eudicots, Acacia xanthina, Plant]"}, "195": {"llama": "[Lo Esencial de Ricardo Arjona, Ricardo Arjona, Santo Pecado, El Problema, Minutos]"}, "196": {"llama": "[Living Proof (film), Halli Cauthery, Frankenstein (2015 film)]"}, "197": {"llama": "[Diameter: 3, Path: Bulgaria, Vladimir Vladimirov, FC Sportist Svoge]"}, "198": {"llama": "[Dinesh Babu, Laali, Vishnuvardhan (actor), Simha Gharjane]"}, "199": {"llama": "[David Wilson  Baron Wilson of Tillyorn, University of London, Edward Rugumayo, Fort Portal, Toro sub-region, Kyenjojo]"}, "200": {"llama": "[Co-Co (band), RCA Records, Speedy Haworth]"}, "201": {"llama": "[Daland Rural District, Turan-e Fars, Iran Standard Time, Iran]"}, "202": {"llama": "[Carlo Bernari, Italy, Giuditta Pasta]"}, "203": {"llama": "[Salim-Sulaiman, Wonder Pets, Jennifer Oxley, Go  Baby!, Josh Selig, Television director]"}, "204": {"llama": "[Quanah Parker, Cynthia Ann Parker, English American]"}, "205": {"llama": "[Kozanaq, Tabriz County, Iran, Borj-e Ziad]"}, "206": {"llama": "[1Q84, Alternate history, S. M. Stirling, The Sunrise Lands, Science fiction, Dies the Fire]"}, "207": {"llama": "[Talisia, Talisia setigera, Ludwig Adolph Timotheus Radlkofer, Paullinia navicularis, Paullinia]"}, "208": {"llama": "[Corwood Industries, The Rocks Crumble, Garage rock]"}, "209": {"llama": "[Diameter: 3, Path: Hapoel Ramat Gan, Golan Hermon, West Bank]"}, "210": {"llama": "[Fajr Sepasi F.C., Mehrdad Karimian, Pas Hamedan F.C., Mohsen Rabiekhah]"}, "211": {"llama": "[The diameter of the graph is 3, and the corresponding path is: [Kanaf Gurab, Rudboneh Rural District, Yusef Deh, Iran].]"}, "212": {"llama": "[Armadale F.C., David Steele (footballer), Bradford City A.F.C., Jimmy Harrower (footballer born 1935), Albion Rovers F.C.]"}, "213": {"llama": "[Yaaron Ki Baraat (TV series), India, Kilukil Pambaram, Kaveri (actress)]"}, "214": {"llama": "[Ansongo Cercle, Ouattagouna, Mali, Mourtala Diakit\u00e9]"}, "215": {"llama": "[Shaun Carey, Norwich City F.C., Keith Robson, Leicester City F.C., Tony Knapp]"}, "216": {"llama": "[Insect, Heterogymna, Arthropod, Typhinellus labiatus]"}, "217": {"llama": "[ Ballia, Bhrigu Nath Singh, Aerospace engineering ]"}, "218": {"llama": "[New Mexico, Rolf Cahn, Guitar, Roy Gaines, Chuck Willis, Atlantic Records]"}, "219": {"llama": "[The diameter of the graph is 2, and the corresponding path is: [Terence Fisher, Four Sided Triangle, Maurice Rootes]]"}, "220": {"llama": "[Diameter: 2, Path: Hyena (2014 film), Neil Maskell, Jack Falls]"}, "221": {"llama": "[Anel Raskaj, SFR Yugoslavia, Momir Desnica, Apatin, \u017divorad Smiljani\u0107]"}, "222": {"llama": "[The diameter of this graph is 4, and the corresponding path is: Guitar Pete Franklin, Songwriter, Chedda Da Connect, Trap music, Trap Niggas]"}, "223": {"llama": "[Los Angeles, Darcy DeMoss, Friday the 13th Part VI: Jason Lives, Paramount Pictures]"}, "224": {"llama": "[Welcome to Sky Valley, Sound City Studios, The Hunter (Mastodon album), Curl of the Burl, Reprise Records, Don't Dream It's Over]"}, "225": {"llama": "[Fran\u00e7ois Marie Daudin, Euphrates softshell turtle, Chordata, P\u00e1tzcuaro chub, Cypriniformes]"}, "226": {"llama": "[Dale A. Drozd, Anthony W. Ishii, Garland Ellis Burrell Jr., United States, Ridgewood  New Jersey, Peter Carlisle, UCLA School of Law, Infomercial, KAZD]"}, "227": {"llama": "[Rory Keane, Republic of Ireland, Dublin, James Cluskey]"}, "228": {"llama": "[Qaleh-ye Harasam, Iran Standard Time, Galikash County]"}, "229": {"llama": "[These Are the Days (TV series), Micky Dolenz, Ami Dolenz]"}, "230": {"llama": "[Diameter: 2, Path: [The Incredible True Story, DJ Dahi, Hip hop music]]"}, "231": {"llama": "[Ontario, Kelly Hoppe, Mr. Chill and The Witnesses, Blues, Wynonie Harris]"}, "232": {"llama": "[Ramrachathirat, Intharacha (king of Ayutthaya), Borommarachathirat II, Borommatrailokkanat]"}, "233": {"llama": "[City of London, A1 road (Great Britain), M62 motorway]"}, "234": {"llama": "[Jack McClinton, San Antonio Spurs, Tony Parker, Eva Longoria, Desperate Housewives]"}, "235": {"llama": "[Anthemis arvensis, Asterids, Hebe stricta, Hebe (plant), Eudicots]"}, "236": {"llama": "[Russia, Tycoon (2002 film), Germany, Mathias Surmann]"}, "237": {"llama": "[ Road 91 (Iran), Kahnuj, Iran Daylight Time, Modravan, Baft County, Gonbad-e Mahuiyeh ]"}, "238": {"llama": "[Kovel, Ukraine, Lviv Oblast, Hanna Hopko, Peremyshliany Raion]"}, "239": {"llama": "[M\u00f8re og Romsdal, Dalsnibba, Norway, Liberation of Finnmark]"}, "240": {"llama": "[Pop music, Stronger (Agnes album), Agnes Carlsson, Singing, Cody Votolato, Seattle]"}, "241": {"llama": "[Jay Parini, United States, Bess Truman, Clifton Daniel, Manhattan  New York, Bad Girl (Madonna song), Erotica (Madonna album)]"}, "242": {"llama": "[Lisa Mitchell, Said One to the Other, Folk music, David Crosby, Triad (The Byrds song), Stephen Stills, Buffalo Springfield Again, Mr. Soul]"}, "243": {"llama": "[Multi-instrumentalist, Sailor & I, Singer, Vetcho Lolas]"}, "244": {"llama": "[Dove Cameron, Washington (state), Marcus Chong, Panther (film), Bokeem Woodbine, Strapped]"}, "245": {"llama": "[Dynamite Duke, Action game, Ice Age 2 (video game)]"}, "246": {"llama": "[Dee Anthony, Rock music, Walls and Bridges]"}, "247": {"llama": "[Animal, Coralliozetus angelicus, James Erwin B\u00f6hlke, Starksia lepicoelia, Malacoctenus erdmani]"}, "248": {"llama": "[Kureh Bolagh, Iran Standard Time, Qeshlaq-e Khanlu]"}, "249": {"llama": "[Ralph Rinzler, Home Again! (Doc Watson album), Studio album, A Question of Time (album), Somethin Els]"}, "250": {"llama": "[Sumatran chocolate tiger, Arthropoda, Podalonia, Apocrita]"}, "251": {"llama": "[Houston Aeros (WHA), Duke Harris, Sarnia, Canada]"}, "252": {"llama": "[Defender (football), Rafael Amaya (soccer), Colorado Foxes, Derek Sanderson (soccer), Midfielder]"}, "253": {"llama": "[Marxism, Oromo Peoples' Democratic Organization, Addis Ababa, Ethiopian Navy]"}, "254": {"llama": "[Plu\u017eine, Montenegro, Lake Piva]"}, "255": {"llama": "[Central European Summer Time, Manises, Claudio Barrag\u00e1n, Levante UD, Duda (Portuguese footballer), Midfielder, Alvin Fortes, Feyenoord]"}, "256": {"llama": "[The diameter of the graph is 3, and the corresponding path is: [Madvillain, Madvillainy, Hip hop music, Madvillainy 2]]"}, "257": {"llama": "[Pyotr Kolodin, Soviet Union, Tupolev Tu-160, Russia, Yury Gusov]"}, "258": {"llama": "[Russia, Sretensk, Russia, Ilia Kulik, Tatiana Tarasova, Evgeni Platov]"}, "259": {"llama": "[Arthropod, Demochroa, Buprestidae]"}, "260": {"llama": "[Lukas J\u00e4ger, Defender (association football), Ulrich Wilson, FC Volendam]"}, "261": {"llama": "[Oleh Skrypka, Schlager, S\u00e4g det med en s\u00e5ng, Bj\u00f6rn Ulvaeus, The Visitors (song)]"}, "262": {"llama": "[Virginia Shehee, Southern Methodist University, Dennis Moore, Washburn University, Larry Niven]"}, "263": {"llama": "[Democratic Party (United States), William Howard Thompson, Arthur Capper, William Yoast Morgan]"}, "264": {"llama": "[Noel C. Taylor, World War II, Battle of Britain, Klaus H\u00e4berlen, Knight's Cross of the Iron Cross]"}, "265": {"llama": "[Sheikh Rajab Ali, Twelver, Muhammad Nawaz Irfani, Pakistan, Kamran Akmal]"}, "266": {"llama": "[Dancing in the Street (album), Goin' Latin, The Movie Album (Ramsey Lewis album), Ramsey Lewis, An Hour with the Ramsey Lewis Trio]"}, "267": {"llama": "[United States, Canton (village) New York, North American Eastern Time Zone]"}, "268": {"llama": "[Austria-Hungary, Otto H\u00f6nigschmid, Germany, D\u00fcsseldorf, Klaus Allofs]"}, "269": {"llama": "[87th Indiana Infantry Regiment, United States, Felix Schlag]"}, "270": {"llama": "[Garlan, France, David Vendetta]"}, "271": {"llama": "[Elizabeth I of England, Eighty Years' War, County of Flanders, Philip the Good]"}, "272": {"llama": "[Fatspine spurdog, Chordate, Animalia, Adelpherupa albescens]"}, "273": {"llama": "[L. A. Ring, Denmark, Martin S. Jensen, Odense BK, Richard M\u00f8ller Nielsen, B 1909, Svendborg fB]"}, "274": {"llama": "[Neboj\u0161a Vukoji\u010di\u0107, List of Serbian football transfers summer 2016, Alen Ma\u0161ovi\u0107, Milan Dudi\u0107, Sturm Graz]"}, "275": {"llama": "[Diameter: 5, Path: Hapoel Tzafririm Holon F.C., Florin Constantinovici, Romania, Ernest Maftei, Vlad \u021aepe\u0219 (film)]"}, "276": {"llama": "[Mazraeh-ye Shahid Chamran, Iran, Pa Baz, Ghazali Rural District]"}, "277": {"llama": "[Amblans-et-Velotte, Franche-Comt\u00e9, France, Haute-Sa\u00f4ne]"}, "278": {"llama": "[Politician, Lasantha Wickrematunge, Colombo, Alston Koch, Sri Lanka]\n\nThe diameter of the graph is 4, which is the length of the shortest path between Politician and Sri Lanka."}, "279": {"llama": "[Germany, Berlin, Reinhard Mey, Chris Jones (singer-songwriter), Germany]"}, "280": {"llama": "[Jeotgalicoccus coquinae, Bacteria, Actinomycetales, Nocardioides ginsengisoli]"}, "281": {"llama": "[Duke Ellington, Piano in the Background, Album, No Compromise]"}, "282": {"llama": "[Dhankuta, Dhankuta District, Nepal, Marwari language]"}, "283": {"llama": "[Ghost Town DJ's, So So Def Recordings, Baby Makin' Project, Contemporary R&B, Christmas Gift (EP), Alexandra Burke, Will Young]"}, "284": {"llama": "[Henry Fielding, John Fowles, Susanna Clarke, Fantasy]"}, "285": {"llama": "[Helga Anders, Tattoo (1967 film), Johannes Schaaf, Trotta (film), Maximilian Schell, The Odessa File (film)]"}, "286": {"llama": "[The diameter of the graph is 4, and the corresponding path is: G. K. Venkatesh, Bhootayyana Maga Ayyu, Siddalingaiah, Baa Nanna Preethisu, Shashikumar]"}, "287": {"llama": "[Doliops basilana, Animal, Aethes tuxtlana, Lepidoptera]"}, "288": {"llama": "[Los Angeles Rams, Ted Karras Sr., Gary Indiana, Jeffrey Luck Lucas, Chamber pop, Duke Special, Universal Music, Alternative rock, The Charlatans (UK band), Songs from the Other Side]"}, "289": {"llama": "[Art\u00e9s, Spain, La Carlota  Spain]"}, "290": {"llama": "[Fendels, Austria, Daniel Sch\u00fctz, Mooskirchen]"}, "291": {"llama": "[Trillium cernuum, Flowering plant, Hieracium villosum, Hieracium, Bentinckia condapanna, Commelinids, Monocots]"}, "292": {"llama": "[Musician, Cheo Hurtado, D. Scott Rogo, Los Angeles]"}, "293": {"llama": "[Futabayama Sadaji, Japan, Osaka, Minmi, Reggae, Hip hop music, Silkski]"}, "294": {"llama": "[Record producer, Rachael Lampa, Rachael Lampa (album), More (Crystal Lewis album), Contemporary Christian Music]"}, "295": {"llama": "[Insect, Austromusotima metastictalis, Crambidae, Pyrausta furvicoloralis, Oxycera, Oxycera pygmaea, Animal]"}, "296": {"llama": "[Eucalyptus tricarpa, Plantae, Eucalyptus youmanii]"}, "297": {"llama": "[Devil Dogs of the Air, Pat O'Brien (actor), Badge 373]"}, "298": {"llama": "[Moosthenning, Dingolfing-Landau, Germany, Cochem-Zell, Zell (Mosel), Panzweiler]"}, "299": {"llama": "[The diameter of this graph is 3, and the corresponding path is: [Just Good Friends (song), Epic Records, The Day (Babyface album), MTV Unplugged NYC 1997].]"}, "300": {"llama": "[University of Edinburgh, Doug Naysmith, Yale University]"}, "301": {"llama": "[\u010ceskosl\u00e1vokia national football team, Jaroslav Timko, \u0160K Slovan Bratislava, Bratislava, D1 motorway (Slovakia), Ko\u0161ice]"}, "302": {"llama": "[50th Battalion (Calgary) CEF, Battle of Lens, George Edwin Ellison, Battle of Loos, Guards Division (United Kingdom), Second Battle of the Somme (1918)]"}, "303": {"llama": "[Harlington Shereni, Rhodesia, Harlington Shereni, En Avant Guingamp, Christophe Lestrade, Bordeaux]"}, "304": {"llama": "[Giuseppe Patroni Griffi, Italy, A.S. Gubbio 1910]"}, "305": {"llama": "[Alberto Eliani, Udinese Calcio, Alem\u00e3o (footballer born 1989), Santos FC]"}, "306": {"llama": "[Alternate Empires, English language, Alternate Americas, Alternate Wars, Gregory Benford, Science Fiction]"}, "307": {"llama": "[Keyboards, Jeff Bass, Eminem, Purple Pills]"}, "308": {"llama": "[Ali Shaheed Muhammad, Brown Sugar (D'Angelo album), Contemporary R&B, Hard II Love, Rivals (Usher song)]"}, "309": {"llama": "[Gladiators Seven, Tony Russel, War of the Planets (1966 film), Film, Icon Productions, The Iron Lady (film), Thomas Newman]"}, "310": {"llama": "[Arthropod, Aphelinus mali, Chalcidoidea, Botryoideclava]"}, "311": {"llama": "[Associa\u00e7\u00e3o Atl\u00e9tica Ponte Preta, Som\u00e1lia (footballer  born 1984), Defender (association football), Neil Cox (footballer), Middlesbrough F.C.]"}, "312": {"llama": "[Ulrike Maier, Bavaria, Totnansberg, Bad Kissingen (district), Schondra]"}, "313": {"llama": "[Carlo Giovanardi, Modena, Isabella d'Este  Duchess of Parma, Maria Caterina Farnese, Maria d'Este]"}, "314": {"llama": "[China, Longtan Dam, Guangxi, Xiang Chinese]"}, "315": {"llama": "[Rock music, Political Science (song), Lenny Waronker, Rainy Day People]"}, "316": {"llama": "[Slash Records, Copperopolis (album), Warner Music Nashville, Once Again It's Christmas]"}, "317": {"llama": "[Album, Raffa\u00ebla (album)] or [Album, Cloudland (album), Post-punk]"}, "318": {"llama": "[Lesser Poland Voivodeship, Ojc\u00f3w Castle, Lesser Poland Voivodeship, Zygodowice, Village, Urbanki]"}, "319": {"llama": "[Mark Scott (actor), Burbank California, Walt Disney Animation Studios, Film industry, Broken Wall Films]"}, "320": {"llama": "[Robert Patrick, Ladder 49, Joaquin Phoenix, Casey Affleck]"}, "321": {"llama": "[Acoustic music, Keepin' the Horse Between Me and the Ground, Seasick Steve, Oakland California]\n\nThe diameter of the graph is 3, which is the length of the shortest path between Acoustic music and Oakland California."}, "322": {"llama": "[Erftstadt, Carl Schurz, Margarethe Schurz, Carl Schurz, James A. Garfield, Major general (United States), John A. Quitman, John Isaac Guion]"}, "323": {"llama": "[Christopher Zanella, Waldshut-Tiengen, Karl-Friedrich Merten, Niobe (schooner)]"}, "324": {"llama": "[Magdalena Municipality Beni, Bolivia, Huacaraje, Huacaraje Municipality]"}, "325": {"llama": "[Yvon Goujon, Stade Rennais FC, Fran\u00e7ois Grenet, FC Girondins de Bordeaux, Nicolas Pallois]"}, "326": {"llama": "[Diameter: 5, Path: Vijay C Chakravarthy, Parugu, Allu Arjun, Desamuduru, Puri Jagannadh]"}, "327": {"llama": "[Malvales, Phaleria perrottetiana, Phaleria, Angiosperms]"}, "328": {"llama": "[Clube Atl\u00e9tico Penapolense, Francismar Carioca de Oliveira, Kawasaki Frontale, Kyohei Sugiura, List of Japanese football transfers winter 2014\u201315]"}, "329": {"llama": "[Phytophthora medicaginis, Incertae sedis, Hoplestigma pierreanum, Hoplestigma]"}, "330": {"llama": "[Heart of Midlothian F.C., Kevin James (Scottish footballer), Scotland national under-21 football team, Mark Burchill, Esan United F.C., Kim Tae-young (footballer  born 1982), Busan IPark]"}, "331": {"llama": "[Silesia, Germany, G\u00fcnter Hirschmann, 1. FC Magdeburg, J\u00f6rg Ohm]"}, "332": {"llama": "[Ona Florida, Hardee County Florida, Florida, United States, Yelena Bonner]"}, "333": {"llama": "[Yevgeni Tyukalov, Konstantin Nahk]"}, "334": {"llama": "[Diatraea lativittalis, Lepidoptera, Gazoryctra, Animal, Insect, Mordellidae, Mordella plurinotata]"}, "335": {"llama": "[URS Corporation, Construction, Hip Hing Construction, NWS Holdings, People's Republic of China]"}, "336": {"llama": "[Phytophthora phaseoli, Incertae sedis, Piprites]"}, "337": {"llama": "[Paul Pressler (Texas), Democratic Party (United States), Kip Holden, Louisiana State University, Southern University, Marcus Hunter]"}, "338": {"llama": "[There is no need for a shortest path calculation as the graph is already a tree. The diameter of this graph is 4, and the corresponding path is: [Eudicots, Zanthoxylum oahuense, Rutaceae, Meyer lemon].]"}, "339": {"llama": "[2/2nd Commando Squadron (Australia), Bernard Callinan, Second World War, Gordon Macready]"}, "340": {"llama": "[Diameter: 4, Path: Kako to da svaki dan?, Album, Under the Gun (Poco album), Mike Flicker, Magic Man]"}, "341": {"llama": "[Championship Wrestling (video game), Fighting game, Viewtiful Joe: Red Hot Rumble, PlayStation Portable, Sony Interactive Entertainment]"}, "342": {"llama": "[Manushya Mrugam (1980 film), Baby (director), Sapthaswaragal, Thikkurissi Sukumaran Nair, Madhuram Thirumadhuram, Raghavan (actor), Arakkallan Mukkalkkallan, Malayalam Language]"}, "343": {"llama": "[Edmonton Oilers, Clark Gillies, Saskatchewan, Coronach/Scobey Border Station Airport, Scobey  Montana, Daniels County  Montana, Montana, Virginia City  Montana]"}, "344": {"llama": "[Simon Lokodo, Kampala, Justine Lumumba Kasule]"}, "345": {"llama": "[India, Ranjith (actor), Thambikku Indha Ooru, Badri (director)]"}, "346": {"llama": "[City, Plains Georgia, Hugh Carter, Americus Georgia, Lonne Elder III, Melinda (film), Rosalind Cash]"}, "347": {"llama": "[2007\u201308 Parma F.C. season, Parma F.C., Abel Gigli, 2007\u201308 A.C. Milan season, 2008\u201309 A.C. Milan season]"}, "348": {"llama": "[The diameter of this graph is 3, and the corresponding path is: Palestinian Haitians, Islam, Cel\u00e2l Bayar]"}, "349": {"llama": "[Tillandsia purpurea, Angiosperms, Bromus arizonicus]"}, "350": {"llama": "[The diameter of this graph is 3, and the corresponding path is: [NBC, Maya (TV series), MGM Television, A Man Called Shenandoah].]"}, "351": {"llama": "[Dastgerdan Rural District, Mobasherabad, Tabas County, Dehnow-ye Fatemeh Barat]"}, "352": {"llama": "[Forum Geometricorum, Florida Atlantic University, Anne M. Gannon, Barry University, Troy Edwards (soccer)]"}, "353": {"llama": "[Massachusetts Institute of Technology, Joel Moses, Marvin Minsky]"}, "354": {"llama": "[Frozen (Tami Chynn song), SRC Records, Push (Pharoahe Monch song), Funk]"}, "355": {"llama": "[Ottavio Alessi, A Woman Alone (1956 film), Ettore Manni, La Bidonata, Nieves Navarro, Emanuelle and the Last Cannibals, Donald O'Brien (actor)]"}, "356": {"llama": "[John W. Reynolds Jr., Democratic Party (United States), Charlotte Rae, Hello Down There, Milwaukee  Wisconsin, WHQG, WNRG-FM, Rhythmic Contemporary]"}, "357": {"llama": "[Dynasty (TV series), Paul Jenkins (actor), The Waltons, CBS, Ivanhoe (1982 film)]"}, "358": {"llama": "[55th Illinois Volunteer Infantry Regiment, Battle of Shiloh, American Civil War, Siege of Vicksburg, 15th Arkansas Infantry Regiment (Northwest), Battle of Pea Ridge, Sterling Price]"}, "359": {"llama": "[Valeri Aleksandrovich Sorokin, FC Spartak Kostroma, Stanislav Khan, FC Torpedo Armavir]"}, "360": {"llama": "[Thiago Cardoso, S.C. Beira-Mar, Lu\u00eds Pimenta, C.F. Uni\u00e3o de Coimbra]"}, "361": {"llama": "[Pandan cake, Singapore, Tan Wu Meng]"}, "362": {"llama": "[Malvales, Hibiscadelphus woodii, Flowering plant, Angiosperms, Parashorea, Parashorea globosa]"}, "363": {"llama": "[Animal, Dorcadion chopardi, Insect, Hypocoela tornifusca]"}, "364": {"llama": "[Drew McWeeny, John Carpenter's Cigarette Burns, Fair-Haired Child, Matt Greenberg, The Prophecy (film series), Jennifer Beals]"}, "365": {"llama": "[Adrien Ren\u00e9 Franchet, Strophanthus thollonii, Plant, Hemandradenia mannii]"}, "366": {"llama": "[FC Alania Vladikavkaz, Vasili Kulkov, Thiago Maciel, Brazil, Emerson Pereira, S\u00e3o Paulo FC]"}, "367": {"llama": "[United States, Monroe  Iowa, Iowa, Rancocas Farm, Thoroughbred horse racing]"}, "368": {"llama": "[Animal, Arthropod, Cladomyrma, Hymenoptera, Cataulacus]"}, "369": {"llama": "[Chordata, Scopoli's shearwater, Animalia, Bolivian brush finch, Passeriformes]"}, "370": {"llama": "[Atrosalarias holomelas, Atrosalarias, Perciformes, Emblemariopsis randalli]"}, "371": {"llama": "[FC Homburg, Ragnar Margeirsson, Iceland, \u00c1smundur Sveinsson, Reykjav\u00edk, Au\u00f0ur J\u00f3nsd\u00f3ttir]"}, "372": {"llama": "[Doug Collins (footballer), Sunderland A.F.C., Ronald Brebner, Chelsea F.C., Marco Ambrosio]"}, "373": {"llama": "[Valentinus (Gnostic), Saint Valentine, Grimacco, Province of Udine, Pulfero, Friuli-Venezia Giulia, Capriva del Friuli, Francesca Marsaglia]"}, "374": {"llama": "[Appenzeller Kantonalbank, Switzerland, Neuhausen am Rheinfall, Thomas Minder, Swiss People's Party, Jean-Fran\u00e7ois Rime]"}, "375": {"llama": "[Valdivia River, Argentina, Buenos Aires, La Boca, Boca Juniors]"}, "376": {"llama": "[D.Don, Lilium nepalense, Plantae, Lilium, Lilium longiflorum]"}, "377": {"llama": "[Music Corporation of America, Copperhead Road, Country, Country music, Prairie Oyster, Louisiette, Only One Moon, Richard Bennett (guitarist), Sweet Little '66]"}, "378": {"llama": "[England, John Hanson Community School, Mixed-sex education, Lakewood High School (Florida), Louis Murphy]"}, "379": {"llama": "[Epic Records, The Darling Buds, Native Records]"}, "380": {"llama": "[The Giant Gila Monster, Joel Robinson, Mitchell (film), Jerry Styner, Pajama Party (film), James H. Nicholson]"}, "381": {"llama": "[Deutsche Schule Lissabon, Lisbon, Miguel Lopes, FC Porto]"}, "382": {"llama": "[Hereford United F.C., Keith Fear, Bristol City F.C.]"}, "383": {"llama": "[Leslie Orme Wilson, John Lavarack]"}, "384": {"llama": "[Ratchet & Clank Future: Tools of Destruction, Insomniac Games, Platform game, New Super Mario Bros. Wii, Super Mario, Takashi Tezuka, Nintendo Entertainment Planning & Development, Yoshiaki Koizumi, The Legend of Zelda: Majora's Mask, Ryo Nagamatsu]"}, "385": {"llama": "[South East England, Ashford to Ramsgate (via Canterbury West) Line, Heavy rail, West Somerset, British Summer Time, Arun, River Arun, West Sussex, Rustington]"}, "386": {"llama": "[Gilort, Romania, Floren\u021ba Cr\u0103ciunescu]"}, "387": {"llama": "[Neftchi Farg'ona, Nagmetulla Kutibayev, Forward (association football), Nehemia Solossa]"}, "388": {"llama": "[Partho Ghosh, Jeevan Yudh, Ek Rishtaa: The Bond of Love, Raakhee]"}, "389": {"llama": "[Chahar Hadd, Iran Standard Time, Golestaneh Delfan, Lorestan Province, Asadabad Delfan, Iran Daylight Time, Katamak Hirmand]"}, "390": {"llama": "[Insect, Anthocharis sara thoosa]"}, "391": {"llama": "[Chordata, Australian sprat, Clupeidae, Clupeiformes, Anchovy]"}, "392": {"llama": "[\u00dcnal Alpu\u011fan, Midfielder, Pl\u00e1cido Galindo, Universitario de Deportes]"}, "393": {"llama": "[Central European Summer Time, Igalo, Montenegro, Central European Time, Podlehnik]"}, "394": {"llama": "[Dermateaceae, Diplocarpon, Ascomycetes, Rhabdocline]"}, "395": {"llama": "[Les Appalaches Regional County Municipality, Saint-Pierre-de-Broughton  Quebec, Municipality (Quebec), Rivi\u00e8re-\u00e0-Pierre  Quebec, Eastern Time Zone, Biscayne Point]"}, "396": {"llama": "[Arkansaw Wisconsin, Wisconsin, LaVern Dilweg, Milwaukee, Marquette University College of Engineering, Urban area, Bradley University, Robin Kelly]"}, "397": {"llama": "[Spread (food), Tirokafteri, Oregano, Menudo (soup)]"}, "398": {"llama": "[Rural Districts of Iran, Soltaniyeh Rural District, Mihman-e Shahr Soltaniyeh, Jegh Jegh, Kalateh-ye Mian]"}, "399": {"llama": "[Elizabeth Davis (7 Year Bitch), Punk rock, The Adverts, Crossing the Red Sea with The Adverts, Gary Gilmore's Eyes]"}, "400": {"llama": "[ Vriesea longicaulis, Vriesea, Vriesea pereirae ]"}, "401": {"llama": "[Victoriya Yermolyeva, Ukraine, Klesiv, Urban-type settlement, Rokytne  Rivne Oblast]"}, "402": {"llama": "[Josef Hladk\u00fd, Czechoslovakia, Martin Proh\u00e1szka, Czech Republic, Mohelnice nad Jizerou]"}, "403": {"llama": "[Plantae, Utricularia reticulata, Lentibulariaceae, Utricularia hamiltonii, Asterids, Trichostema]"}, "404": {"llama": "[Tall-e Mishan, Iran, Zilayi Rural District, Lal-e Mina]"}, "405": {"llama": "[Authority Zero, Atlantic Records, Save You (Simple Plan song), Simple Plan]"}, "406": {"llama": "[Jennifer Rowe, The Isle of Illusion]\n\nThe diameter of this graph is 1, and the corresponding path is [Jennifer Rowe, The Isle of Illusion]."}, "407": {"llama": "[Horace Rice, Australia, Grant Musgrove, Luke Woolmer, Molly Robson]"}, "408": {"llama": "[German School of Guayaquil, Ecuador, Gal\u00e1pagos Islands, Floreana Island]"}, "409": {"llama": "[Lansdale  Pennsylvania, Pennsylvania Route 63, Huntingdon Valley  Pennsylvania]"}, "410": {"llama": "[The High Fructose Adventures of Annoying Orange, Mike Fasolo, Robot Chicken: Star Wars Episode II]"}, "411": {"llama": "[Chinese people, Li Bin (diplomat), Kim Il-sung University, Kim Kyong-hui, Kim Jong-un, Ko Yong-hui]"}, "412": {"llama": "[Suraj (1966 film), Ajit Khan, Aadmi (1993 film), Mithun Chakraborty, Dance Dance (film), Hindi language]"}, "413": {"llama": "[Pinaki Misra, Indian National Congress, Darshan Singh Pheruman, Amritsar, Sawaare Sabke Sapne... Preeto]"}, "414": {"llama": "[Siluck Saysanasy, Laos, Hmong people, Buddhism, Kittiratt Na-Ranong]"}, "415": {"llama": "[FC Ingolstadt 04 II, Max Christiansen, Holstein Kiel, Francky Sembolo, Marco Stier, FC St. Pauli]"}, "416": {"llama": "[Time Step (album), Singer-songwriter, T'ain't What You Do (It's the Way That You Do It)]"}, "417": {"llama": "[Sancho II of Portugal, Kingdom of Castile, Urraca of Le\u00f3n, Burgos, Castile and Le\u00f3n, Salda\u00f1a de Burgos]"}, "418": {"llama": "[Argentina, Wipeout (2009 Australian game show), Josh Lawson, Brisbane, Charles Moffatt Jenkinson, Birmingham]"}, "419": {"llama": "[Dundalk F.C., Ian Foster (footballer), Galway United F.C. (1937\u20132011), Craig Reid (footballer  born 1985), Aldershot Town F.C., Jake Cole]"}, "420": {"llama": "[Diameter: 4, Path: Eudicots, Atriplex powellii, Plantae, Angiosperms]"}, "421": {"llama": "[Chah Mir  Hormozgan, Ahmadi Rural District, Qalandari  Hajjiabad, Ahmadi District]"}, "422": {"llama": "[2003\u201304 Swansea City A.F.C. season, Kenny Jackett, 2004\u201305 Swansea City A.F.C. season, Football League Two, 2014\u201315 Oxford United F.C. season]"}, "423": {"llama": "[Daniel Rossen, Los Angeles, George Marshall (director), Life Begins at 40 (film), Thomas Beck (actor)]"}, "424": {"llama": "[Lucia Palacios, Cloven Hoofed, Dietmar Post, Play Loud! Productions]"}, "425": {"llama": "[Living in Style, Korean language, The Winter's Tale (EP), Cube Entertainment, Beast Is the B2ST]"}, "426": {"llama": "[Diameter: 3, Path: [Cizeta, Giorgio Moroder, Danger Zone (song), Columbia Records]]"}, "427": {"llama": "[Voices in the Earth, Jenny Agutter, China 9 Liberty 37, Giuseppe Rotunno, Red Sonja (film)]"}, "428": {"llama": "[George Arliss, Disraeli (1929 film), Lee Garmes]"}, "429": {"llama": "[The diameter of the graph is 2, and the corresponding path is: [Tokyo Express, Battle of Cape Esperance, Charles McMorris]]"}, "430": {"llama": "[The diameter of the graph is 3, and the corresponding path is: [CMLL 71st Anniversary Show, Arena M\u00e9xico, Consejo Mundial de Lucha Libre, CMLL 70th Anniversary Show].]"}, "431": {"llama": "[Popular Front for the Liberation of Palestine, Palestinian Legislative Council, Gaza City]"}, "432": {"llama": "[Ornontowice, Poland, W\u0105dro\u017ce Wielkie]"}, "433": {"llama": "[Alectryon repandodentatus, Plantae, Nasa jungifolia, Asterids]"}, "434": {"llama": "[Herbert Druce, Josia frigida, Lepidoptera, Notodontidae, Insect]"}, "435": {"llama": "[Fermilab, Piermaria Oddone, Princeton University, Georgina Sherrington, The Worst Witch (1998 TV series), Jaime Winstone, London, Jim Marshall (Georgia politician)]"}, "436": {"llama": "[Clarinetist, Theo J\u00f6rgensmann, Hathut Records, Live in Sevilla 2000]"}, "437": {"llama": "[Albion Michigan, Jerome D. Mack, Russell Goldsmith]"}, "438": {"llama": "[Anglican, William Joyce, National Socialist German Workers' Party, Albert Speer, Mannheim]"}, "439": {"llama": "[Bolivia, Huayna Potos\u00ed, Andes, Antofalla]"}, "440": {"llama": "[Friedrich Lindenberg, Operation Barbarossa, Friedrich-Wilhelm Buschhausen, Battle of France, August Koch]"}, "441": {"llama": "[Dead Man's Party (Buffy the Vampire Slayer), Anne (Buffy the Vampire Slayer episode), Kristine Sutherland, Restless (Buffy the Vampire Slayer), George Hertzberg, Primeval (Buffy the Vampire Slayer), Conor O'Farrell, Seth Green]"}, "442": {"llama": "[Contenders (song), Virgin Records, Nothing Changes Around Here]"}, "443": {"llama": "[Soviet Union, Andriy Tovt, MFC Mykolaiv]"}, "444": {"llama": "[The Eighties (miniseries), CNN, Jake Tapper, Emmy Award, Jonathan Karl]"}, "445": {"llama": "[Chromodoris willani, Animal, Arthropod, Cychrus, Cychrus attenuatus, Johan Christian Fabricius]"}, "446": {"llama": "[Depressariidae, Arthropod, Animal, Siebenrockiella, Geoemydinae, Vietnamese three-striped box turtle, Cryptodira, Cyclemys]"}, "447": {"llama": "[Dana Howard (American football), Chicago Bears, Paul Edinger, Pittsburgh Power]"}, "448": {"llama": "[ Buffalo Commercial Bank, Private company, Redding News Review, Rob Redding, Lewis Gordon ]"}, "449": {"llama": "[ Bengaluru, Vijay Raghavendra, Khushi (2003 Kannada film), Prakash (film director), Gokula (film) ]"}, "450": {"llama": "[Dino Stamatopoulos, TV Funhouse, David Juskow, TV Funhouse, Saturday Night Live, Sports Show with Norm Macdonald]"}, "451": {"llama": "[Wilhelm Brasse, Poland, Lost Soul (band), Azarath (band)]"}, "452": {"llama": "[Politician, Felipe Amoedo, Buenos Aires] or [Government, Felipe Amoedo, Buenos Aires] or [Catholicism, Felipe Amoedo, Buenos Aires]"}, "453": {"llama": "[The 1976 Annual World's Best SF, Jack Gaughan, Escape!, Magazine]"}, "454": {"llama": "[The Crazy Companies, Andy Lau, Philips Records, Seasons in the Sun, Jacques Brel]"}, "455": {"llama": "[Rockwell Kent, Lenin Peace Prize, Oscar Niemeyer, Pritzker Prize]"}, "456": {"llama": "[Debbi Morgan, Color of the Cross, 20th Century Fox, Conan the Barbarian (1982 film), Buzz Feitshans, Color of Night]"}, "457": {"llama": "[The Pirates Who Don't Do Anything: A VeggieTales Movie, Alan Lee (illustrator), Lavondyss, The Bone Forest]"}, "458": {"llama": "[John Butler (musician), Maton, Quincy Mumford]"}, "459": {"llama": "[FK Drnovice, Bronislav \u010cervenka, List of Azerbaijan football transfers summer 2012, P\u0101vels Doro\u0161evs, FK R\u012bga, Stanislav Kitto]"}, "460": {"llama": "[Allan McDonald (Australian politician), Australia, Wangaratta, Isobelle Carmody]"}, "461": {"llama": "[Diameter: 3, Path: Wiesbaden, Carl Remigius Fresenius, University of Gie\u00dfen, Viktor von Lang]"}, "462": {"llama": "[Qazanlu, West Azerbaijan Province, Kakusan]"}, "463": {"llama": "[Henrik Ibsen, A Master Builder, Declan Quinn]"}, "464": {"llama": "[Djibouti, French Navy, Embraer EMB 121 Xingu, Brazil]"}, "465": {"llama": "[Gene Harris, Boise  Idaho, Brett Nelson, Guitar, Indie rock, Mocket]"}, "466": {"llama": "[Holcobius hawaiiensis, Arthropod, Animal, Selina (genus), Adephaga]"}, "467": {"llama": "[Operation Castor, Marcel Bigeard, 6th Marine Infantry Parachute Regiment, France, Bosgu\u00e9rard-de-Marcouville, Mavic]"}, "468": {"llama": "[Diameter: 4, Path: 1928-29 SK Rapid Wien season, Eduard Bauer, 1930-31 SK Rapid Wien season, Pfarrwiese, 1941\u201342 SK Rapid Wien season]"}, "469": {"llama": "[Only to Be, Six60 (album), Six60, Drum and bass, Breakbeat Era]"}, "470": {"llama": "[Giuseppe Orlandini, Florence, Benedetto Ghiglia, I Knew Her Well, France, Saint-Pierre-du-Chemin]"}, "471": {"llama": "[Shahsavan Kandi Rural District, Susan Naqin, Iran, Hormozgan Province, Bandar Lengeh County, Chang  Iran, Central District (Bandar Lengeh County)]"}, "472": {"llama": "[Virovitica, Croatia, Igor Lazi\u0107 (ice hockey), Zagreb]"}, "473": {"llama": "[Stade Briochin, Michel Rio (footballer), EA Guingamp, Mathieu Scarpelli]"}, "474": {"llama": "[Joseph Patrick Moore, Jazz, Jimmie Spheeris]"}, "475": {"llama": "[Dalhunden, Ernest Schultz, Striker (football), Dave McEwen, Gillingham F.C.]"}, "476": {"llama": "[Research and Development, Digital Surf, Private company, Feinwerkbau, Arms industry, Zastava Arms, Kragujevac, Pavle Popara]"}, "477": {"llama": "[Shigeko Higashikuni, Japan, Rei Matsumoto, List of Japanese football transfers winter 2014\u201315, Sunao Kasahara, Grulla Morioka]"}, "478": {"llama": "[ Ruby Wax, Ed Bye, Hammersmith ] or [ Ruby Wax, Ed Bye, Vicious (TV series) ]"}, "479": {"llama": "[Democratic Party (United States), James B. McCreary, Cumberland University]"}, "480": {"llama": "[OFC Nesebar, Ivan Tsachev, Emmanuel Baba]"}, "481": {"llama": "[The diameter of the graph is 3, and the corresponding path is: [Basadi-ye Hajj Barun, Iran Standard Time, Iran, Qaleh Emam].]"}, "482": {"llama": "[England, Goddard Lieberson, Manhattan  New York, Andrew Gross]"}, "483": {"llama": "[Diameter: 3, Path: Conversation tart, Dessert, Mississippi mud pie]"}, "484": {"llama": "[Amazing Stories (TV series), Anthology series, The Nightmare Room, Goosebumps (TV series), NHK]"}, "485": {"llama": "[Belgium national under-15 football team, Nabil Jaadi, Morocco national under-17 football team, Karim Achahbar, France]"}, "486": {"llama": "[Lu Tien-ling, Democratic Progressive Party, Hsu Hsin-liang, Huang Shin-chieh, Taiwan under Japanese rule, Chang Po-ya]"}, "487": {"llama": "[Diameter: 5, Path: Danville Illinois, Jerry Van Dyke, Annabelle's Wish, Alison Krauss, We Wish You a Merry Walrus]"}, "488": {"llama": "[Chevrolet TrailBlazer, Buick Rainier, Buick Envision]"}, "489": {"llama": "[Songwriter, Chris DeStefano, Come Through for You]"}, "490": {"llama": "[Omidiyeh Isfahan, Ardestan County, Iran Standard Time]"}, "491": {"llama": "[Geetha (actress), Peruvazhiyambalam, Ashokan (actor), Anantaram, M. B. Sreenivasan, Swathi Thirunal (film), Malayalam film]"}, "492": {"llama": "[Derek Muller, University of Sydney, David Warren (inventor), University of Melbourne, Andrew Theophanous]"}, "493": {"llama": "[Stonewall Jackson, Mary Anna Jackson, Lincoln County  North Carolina]"}, "494": {"llama": "[William Jackson Hooker, Liatris punctata, Plantae, Chamaeanthus, Epidendroideae]"}, "495": {"llama": "[Chinese history, \u00c9douard Chavannes, Paul Demi\u00e9ville, Sylvain L\u00e9vi, Paul Pelliot, French people]"}, "496": {"llama": "[James Wilson (New Zealand politician  born 1849), Hawick, Hawick Royal Albert F.C., Willie MacFarlane (footballer  born 1930), Livingston F.C.]"}, "497": {"llama": "[Como, Giuseppe Ambrosoli, Lira Uganda, Sam Engola, Politics]"}, "498": {"llama": "[The diameter of the graph is 3, and the corresponding path is: Laura Betti, Casalecchio di Reno, Italy, Unipol Arena]"}, "499": {"llama": "[Diameter: 5, Path: North Kingstown  Rhode Island, Daniel Littlefield, Herbert W. Ladd, Republican Party (United States), Jabez Bowen]"}}