{"0": {"llama8b": "[Bamako, Mali, Greenwich Mean Time, Su\u00f0uroy]"}, "1": {"llama8b": "[Bhrigu Nath Singh, Indian Institute of Technology Kanpur, Wright State University]"}, "2": {"llama8b": "[Hyena (2014 film), Neil Maskell, The Football Factory (film)]"}, "3": {"llama8b": "[Mastodon (band), The Hunter (Mastodon album), Doppler Studios]"}, "4": {"llama8b": "[United States, California, California Western School of Law, Garland Ellis Burrell Jr., California State University Los Angeles]"}, "5": {"llama8b": "[Iran, Iran Standard Time, Iran, Elayiyeh]"}, "6": {"llama8b": "[Music download, Listen to the Man, Joel Pott]\n\nThis path has a minimum number of hops, connecting Music download to Joel Pott through the intermediate entity Listen to the Man."}, "7": {"llama8b": "[San Antonio Spurs, Sean Elliott]"}, "8": {"llama8b": "[Schapen, Germany, Rastdorf]"}, "9": {"llama8b": "[Central European Time, Norway, Western Norway, Netherlands]"}, "10": {"llama8b": "[United States, Texas]"}, "11": {"llama8b": "[Singing, Vetcho Lolas, Singer]"}, "12": {"llama8b": "[Captured Live at Carnegie Hall, Dee Anthony, Music manager]"}, "13": {"llama8b": "[A Question of Time (album), Rock music, Somethin Els]"}, "14": {"llama8b": "[Haile Selassie, Ethiopia, Girma Wolde-Giorgis]"}, "15": {"llama8b": "[Defender (association football), Austria, Lukas J\u00e4ger, SC Rheindorf Altach]"}, "16": {"llama8b": "[Henry Justin Allen, Arthur Capper, Arthur Capper, Andrew Frank Schoeppel]"}, "17": {"llama8b": "[An Hour with the Ramsey Lewis Trio, Ramsey Lewis, Jazz, Argo Records]"}, "18": {"llama8b": "[United States, California, San Diego]"}, "19": {"llama8b": "[50th Battalion (Calgary)  CEF, Battle of Lens, Grenay  Pas-de-Calais]"}, "20": {"llama8b": "[Alberto Eliani, A.S.D. Chieti, S.S. Sambenedettese Calcio]"}, "21": {"llama8b": "[RCA Records, No Limit (Usher song), Usher (singer), Missin U, Trap music]"}, "22": {"llama8b": "[Neil Cox (footballer), Scunthorpe United F.C., Aston Villa F.C., Cardiff City F.C.]"}, "23": {"llama8b": "[China, Guangxi, Li Ning]"}, "24": {"llama8b": "[Walt Disney Animation Studios, Walt Disney Studios (division), Walt Disney Studios Motion Pictures, The Walt Disney Company, Burbank  California, California, United States, Entertainment industry]"}, "25": {"llama8b": "[Rutherford B. Hayes, James A. Garfield, Lawyer]"}, "26": {"llama8b": "[Limoges FC, Yvon Goujon]"}, "27": {"llama8b": "[Kashima Antlers, Japan, Hiroyuki Taniguchi, Kawasaki Frontale, List of Japanese football transfers winter 2014\u201315]"}, "28": {"llama8b": "[Fabaceae, Plant]"}, "29": {"llama8b": "[Let's Go (Pharoahe Monch song), Push (Pharoahe Monch song), 12-inch single]"}, "30": {"llama8b": "The shortest path between Lorimar Productions and CBS is: [Lorimar Productions, The Waltons, CBS]."}, "31": {"llama8b": "[Valeri Aleksandrovich Sorokin, FC Amur-2010 Blagoveshchensk, Valeri Aleksandrovich Sorokin, FC Dynamo Kirov]"}, "32": {"llama8b": "[Diotperocarpaceae, Parashorea, Parashorea globosa, Rosids]"}, "33": {"llama8b": "[\u00c1sgeir \u00c1sgeirsson, Reykjav\u00edk, Iceland]"}, "34": {"llama8b": "[Province of Udine, Friuli-Venezia Giulia, Ravascletto]"}, "35": {"llama8b": "[Monocots, Liliaceae, Plantae]"}, "36": {"llama8b": "[Florida, Lakewood High School (Florida), Mixed-sex education]"}, "37": {"llama8b": "[Joel Robinson, Mitchell (film), Benjamin Melniker]"}, "38": {"llama8b": "[United Kingdom, Denbighshire Hussars, North African Campaign, Egypt 1916\u201317]"}, "39": {"llama8b": "[South East England, Arun, Littlehampton, Littlehampton Lifeboat Station]"}, "40": {"llama8b": "[Iran, Markazi Province, Iran Standard Time]"}, "41": {"llama8b": "[Peru national football team, Peru, Lima]"}, "42": {"llama8b": "[Chaudi\u00e8re-Appalaches, Canada, Les Appalaches Regional County Municipality, Prefecture]"}, "43": {"llama8b": "[Josef Hladk\u00fd, Prague, Central European Time]"}, "44": {"llama8b": "[Pierre Bouvier, Atlantic Records, Lava Records]"}, "45": {"llama8b": "[United States, Pennsylvania, Lansdale Pennsylvania]"}, "46": {"llama8b": "[Aadmi (1993 film), Hindi]"}, "47": {"llama8b": "[Holstein Kiel, Max Christiansen, Flensburg]"}, "48": {"llama8b": "[Wipeout (2009 Australian game show), Josh Lawson, House of Lies]"}, "49": {"llama8b": "[Iran Daylight Time, Ahmadi District, Ahmadi Rural District, Chah Mir  Hormozgan, Hormozgan Province, Iran Standard Time]"}, "50": {"llama8b": "[Filmmaker, Lucia Palacios, Play Loud! Productions, A Summer Evening with Floating di Morel]"}, "51": {"llama8b": "[Oakhurst  California, California, United States, Sam Leavitt]"}, "52": {"llama8b": "[Consejo Mundial de Lucha Libre, CMLL 71st Anniversary Show, Arena M\u00e9xico, Professional wrestling]"}, "53": {"llama8b": "[Nasa jungifolia, Angiosperms, Nasa (plant), Eudicots, Plantae]"}, "54": {"llama8b": "[Princeton University, Georgina Sherrington]"}, "55": {"llama8b": "[German Empire, Paul Wegener (Gauleiter)]"}, "56": {"llama8b": "[Battle of Smolensk (1941), Battle of Smolensk (1941), Soviet Union]"}, "57": {"llama8b": "[Soviet Union, Andriy Tovt, FC Illychivets Mariupol]"}, "58": {"llama8b": "[Cryptodira, Geoemydinae, Animal]"}, "59": {"llama8b": "[Publisher, Rob Redding, Atlanta]"}, "60": {"llama8b": "[Buenos Aires, Argentina]"}, "61": {"llama8b": "[Boise  Idaho, Brett Nelson, Built to Spill]"}, "62": {"llama8b": "[State of Mind (band), Tiki Taane, The Adults]"}, "63": {"llama8b": "[Croats, Croatia, Central European Summer Time, Zadar]"}, "64": {"llama8b": "[Smooth jazz, Bob James (musician)]"}, "65": {"llama8b": "[Waseda University, Rei Matsumoto, Oita Trinita, Yokohama F. Marinos]"}, "66": {"llama8b": "[Cumberland University, James B. McCreary, Augustus Owsley Stanley]"}, "67": {"llama8b": "[More Rocktastic Music from the Film, Andrew Gross]"}, "68": {"llama8b": "[Nabil Jaadi, Morocco national under-17 football team, Stade Mohamed V]"}, "69": {"llama8b": "[Isuzu Ascender, GMT360, GMC Envoy]"}, "70": {"llama8b": "[Jose Prakash, Peruvazhiyambalam, Bharath Gopi]"}, "71": {"llama8b": "[Orchidaceae, Paphiopedilum, Paphiopedilum druryi, Richard Henry Beddome]"}, "72": {"llama8b": "[Northern Region  Uganda, Lira  Uganda, Innocent Oula]"}, "73": {"llama8b": "[Central Falls  Rhode Island, Daniel Littlefield, Republican Party (United States)]"}, "74": {"llama8b": "[Andes, Ollag\u00fce, Chile]\n\nThis path has a minimum number of hops, as it directly connects Andes to Ollag\u00fce via the mountainRange relationship, and then connects Ollag\u00fce to Chile via the locatedInArea relationship."}, "75": {"llama8b": "[Iran, Mahvelat County, Chah-e Amiq Bazmi Shomareh-ye Yek, Iran]"}, "76": {"llama8b": "[Plantae, Chaptalia, Eudicots]"}, "77": {"llama8b": "[Nymphalidae, Neptis, Neptis melicerta, Lepidoptera]"}, "78": {"llama8b": "[Disney-ABC Domestic Television, Avalon High (film), Disney Channel]"}, "79": {"llama8b": "[Oleksandr Martynenko (cyclist), Ukraine, Kiev, Donetsk]"}, "80": {"llama8b": "[Tokyo, Takayuki Hattori]"}, "81": {"llama8b": "[Kansas City  Missouri, Missouri, Cristo Rey Kansas City High School]"}, "82": {"llama8b": "[La Cucaracha (1934 film), Ray Rennahan]"}, "83": {"llama8b": "[MARC Train, Bombardier Transportation, Bombardier MultiLevel Coach, Bombardier Transportation, NSB Class 93]"}, "84": {"llama8b": "[Verkhnyaya Salda, VSMPO-AVISMA, Metallurgy]"}, "85": {"llama8b": "[Broadsheet, South Idaho Press, Idaho]"}, "86": {"llama8b": "[RCA Records, The Judds, Naomi Judd]"}, "87": {"llama8b": "[Atlanta Campaign, Scott Field (politician), Rufus Hardy (representative), Monroe County  Mississippi]"}, "88": {"llama8b": "[Aidy Boothroyd, 2007\u201308 Watford F.C. season, 2008\u201309 Watford F.C. season, Watford F.C.]"}, "89": {"llama8b": "[Irv Gotti, DMX (rapper), Swizz Beatz]"}, "90": {"llama8b": "[DJ Quik, The Way It's Goin' Down, Men of Steel (song)]"}, "91": {"llama8b": "[Tom Barrett (politician), United States, Scott L. Fitzgerald, Chicago]"}, "92": {"llama8b": "[Arneburg, Arneburg-Goldbeck]"}, "93": {"llama8b": "[Ann Cook (soccer), Midfielder, San Jose CyberRays, Women's United Soccer Association]"}, "94": {"llama8b": "[Hip hop music, Git It, Asylum Records]"}, "95": {"llama8b": "[United States, Hap Holmes, Aurora  Ontario]"}, "96": {"llama8b": "[Insect, Beetle]"}, "97": {"llama8b": "[List of French football transfers summer 2013, Franck Tabanou, List of French football transfers summer 2015, List of Spanish football transfers summer 2016]"}, "98": {"llama8b": "[Big Sir (album), Big Sir (band), Experimental music, Jazz]"}, "99": {"llama8b": "[Striker (association football), Serhiy Perepadenko]"}, "100": {"llama8b": "[Ajax Amsterdam, Nabil Abidallah, Brian Laudrup]"}, "101": {"llama8b": "[Soft rock, Love of the Common People]"}, "102": {"llama8b": "[Aquitaine, France]"}, "103": {"llama8b": "[Brussels, Belgium, Andr\u00e9 Franquin]"}, "104": {"llama8b": "[Australia, Darby Riordan]\n\nThe shortest path between Australia and Darby Riordan is directly connected via the relationship birthPlace."}, "105": {"llama8b": "[Eunidia discounivittata, Arthropod, Animal]"}, "106": {"llama8b": "[Ighiu, Alba County, Romania, Eastern European Time]"}, "107": {"llama8b": "[Spyridon Lambros, Alexandros Zaimis, Greece]"}, "108": {"llama8b": "[David T. Friendly, Priscilla Nedd-Friendly, United States, English language]"}, "109": {"llama8b": "[Insect, Animal, Arthropod, Polyphaga]"}, "110": {"llama8b": "[Dordogne, France]"}, "111": {"llama8b": "[Tony Oller, MKTO, God Only Knows (MKTO song), MKTO (album)]"}, "112": {"llama8b": "[Hardcore punk, Comeback Kid (band), Victory Records, Germany]"}, "113": {"llama8b": "[Bint Jbeil District, Lebanon, Eastern European Time, Akrotiri and Dhekelia]"}, "114": {"llama8b": "[Russia, Komi language, Komi Republic, Komi peoples, Perm Krai]"}, "115": {"llama8b": "[Central District (Kavar County), Farmeshkhan Rural District, Iran, Iran Standard Time]"}, "116": {"llama8b": "[Sophiatown (film), South Africa]"}, "117": {"llama8b": "[Iran Daylight Time, Bagh-e Hovij, Kerman Province]"}, "118": {"llama8b": "[Iyengar, Maharashtra, India, Deshastha Brahmin]"}, "119": {"llama8b": "[Swedish Football Division 2, Assyriska BK, 2016 in Swedish football]"}, "120": {"llama8b": "[Benton County Iowa, Iowa]"}, "121": {"llama8b": "[Heavy metal music, Live in Munich 1977]"}, "122": {"llama8b": "[12th edition of Systema Naturae, Asian house shrew, Animal]"}, "123": {"llama8b": "[Lawyer, Stephen Southmyd Fenn]"}, "124": {"llama8b": "[Jeff Black (singer-songwriter), B-Sides and Confessions  Volume One, Folk music]"}, "125": {"llama8b": "[Netechmodes harpago, Animal, Arthropod, Insect]"}, "126": {"llama8b": "[Gerd Basak, West Azerbaijan Province, Piranshahr County, Central District (Piranshahr County)]"}, "127": {"llama8b": "[Spain, Jos\u00e9 Su\u00e1rez, Lawless Mountain]"}, "128": {"llama8b": "[Aziza Brahim, Soutak, World music]"}, "129": {"llama8b": "[MSV Duisburg, Martin Dausch, Midfielder]"}, "130": {"llama8b": "The shortest path between Souvenirs d'un autre monde and Post-metal is: [Souvenirs d'un autre monde, Le Secret (EP), Alcest, Post-metal]."}, "131": {"llama8b": "[Ska punk, Punk rock, Dill Records]"}, "132": {"llama8b": "[Chile, Chilo\u00e9 Archipelago, Chilo\u00e9 Island, Castro  Chile, Chilo\u00e9 National Park]"}, "133": {"llama8b": "[Diptera, Araucoxenia, Arthropod, Animal]"}, "134": {"llama8b": "[Mimi Chakraborty, Bapi Bari Jaa, Bengali language]"}, "135": {"llama8b": "[For You I Will (Confidence), These Walls (Teddy Geiger song), These Walls (Teddy Geiger song), Underage Thinking, Underage Thinking, Columbia Records]"}, "136": {"llama8b": "[Soviet Union, Georgi Vinogradov, Opera]"}, "137": {"llama8b": "[Nick Nieland, Truro, Cornwall, England, United Kingdom]"}, "138": {"llama8b": "[Starship Entertainment, Soyou]"}, "139": {"llama8b": "[Forward (association football), Christopher N\u00f6the, Castrop-Rauxel, Germany]"}, "140": {"llama8b": "[Astrantia minor, Angiosperms, Astrantia minor, Asterids]\n\nThis path is the shortest because it has the minimum number of hops between Angiosperms and Asterids in the given knowledge graph."}, "141": {"llama8b": "[Insect, Animal, Arthropod, Cosmopterigidae]"}, "142": {"llama8b": "[Olle Hellbom, Sweden, Tuppen]\n\nExplanation: The shortest path between Sweden and Tuppen is through Olle Hellbom, who is connected to Sweden as his birthplace and to Tuppen as the producer of the film."}, "143": {"llama8b": "[Actinopterygii, Perciformes, Cyprinidae]"}, "144": {"llama8b": "[Iran, Kazerun County]"}, "145": {"llama8b": "[Fighter-bomber, Republic F-84 Thunderjet, Republic P-47 Thunderbolt, Alexander Kartveli]"}, "146": {"llama8b": "[WCHU-LD, United States, Florida]"}, "147": {"llama8b": "[Labour Party (Netherlands), Rotterdam, Netherlands, Vekoma]"}, "148": {"llama8b": "[Aves, Chordata, Tanimbar oriole, Oriolus]"}, "149": {"llama8b": "[Auckland, TV2 Stars]"}, "150": {"llama8b": "[Mollusca, Achatinoidea, Subulinidae]"}, "151": {"llama8b": "[Arthropod, Animal, Bembecia lomatiaeformis]"}, "152": {"llama8b": "[Chordate, Rita sacerdotum, Actinopterygii]"}, "153": {"llama8b": "[Princess Alice  Countess of Athlone, Princess Alice  Countess of Athlone, House of Windsor]"}, "154": {"llama8b": "[Hong Kong national under-23 football team, Hong Kong, Cheung Kin Fung]"}, "155": {"llama8b": "[Werner Krauss, Paracelsus (film)]"}, "156": {"llama8b": "[Jazz, Free jazz, Experimental music]"}, "157": {"llama8b": "[Nathan Fillion, Canada, United States]"}, "158": {"llama8b": "[Johnny Mercer, Capitol Records, Jimmy Mundy]"}, "159": {"llama8b": "[Navy Cross, Leo Hewlett Thebaud, United States Naval Academy Cemetery, United States Navy]"}, "160": {"llama8b": "[Orchidaceae, Asparagales]"}, "161": {"llama8b": "[Nothostele, Angiosperms, Plantae]"}, "162": {"llama8b": "[Japan, Hannan University]"}, "163": {"llama8b": "[Canada, Saskatchewan]"}, "164": {"llama8b": "[Aube (river), France]"}, "165": {"llama8b": "[Virgin Records, Genesis (band), Charisma Records, Atlantic Records]"}, "166": {"llama8b": "[Electronica, Bailey-Salgado Project, Chicago]"}, "167": {"llama8b": "[Maurice Sunguti, Express FC, Friska Viljor FC]"}, "168": {"llama8b": "[S-Bahn Rhein-Main, S9 (Rhine-Main S-Bahn), Rhein-Main-Verkehrsverbund]"}, "169": {"llama8b": "[Dombivli, BJP, Keshubhai Patel]"}, "170": {"llama8b": "[Hanazakarino Kimitachihe, Puli  Nantou, Taiwan, Chung Shan Medical University]"}, "171": {"llama8b": "[Iran, Iran Standard Time, Vaqasluy-e Olya, Iran Daylight Time]"}, "172": {"llama8b": "[U.S. Salernitana 1919, Mohamed Fofana (French striker), France]"}, "173": {"llama8b": "The shortest path between Germany and Haselbach Thuringia is: [Germany, Altenburger Land, Haselbach Thuringia]."}, "174": {"llama8b": "[Michael Marshall (skeptic), Scientific skepticism, Germany]"}, "175": {"llama8b": "[Album, A White Sport Coat and a Pink Crustacean, Country music]"}, "176": {"llama8b": "[Soviet Union, Vladimir Kesarev]"}, "177": {"llama8b": "[Madrid, Spain, Central European Time]"}, "178": {"llama8b": "[Scoparia ingratella, Animal, Arthropod]"}, "179": {"llama8b": "[Acacia simulans, Plant]"}, "180": {"llama8b": "[House of Hohenzollern, Saxe-Lauenburg, Napoleonic Wars]\n\nThis is the shortest path between House of Hohenzollern and Napoleonic Wars in the given knowledge graph."}, "181": {"llama8b": "[New Jersey, United States]"}, "182": {"llama8b": "[Caracas FC, Caracas, San Fernando de Apure]"}, "183": {"llama8b": "[Animal, Muricoidea, Gastropoda, Pagodulinae, Xymene convexus]"}, "184": {"llama8b": "[Alex Proyas, I  Robot (film)]"}, "185": {"llama8b": "[Fabriano, John dal Bastone]"}, "186": {"llama8b": "[Roy Edwards, Haldimand County, Canada, Ontario]"}, "187": {"llama8b": "[Iran Standard Time, Kerman Province, Fars Province]"}, "188": {"llama8b": "[MTV Hits (Europe), Viacom International Media Networks (Europe), MTV Hits (Italy)]"}, "189": {"llama8b": "[Brussels, 2003 Belgian Cup Final, King Baudouin Stadium]"}, "190": {"llama8b": "[FK Obili\u0107, Milorad Pekovi\u0107, FK Partizan]"}, "191": {"llama8b": "[Twin Peaks, David Lynch, Episode 29 (Twin Peaks), Mark Frost]"}, "192": {"llama8b": "[Cavalry, Massimo d'Azeglio, Strambino, Piedmont]"}, "193": {"llama8b": "[Pop music, J-pop, Mamacita (Super Junior song), Avex Trax]"}, "194": {"llama8b": "[Faryab County, Kerman Province, Bardsir County]"}, "195": {"llama8b": "[Bridlington, Mark Herman, East Riding of Yorkshire]"}, "196": {"llama8b": "[Jagathalaprathapan (1944 film), N. S. Krishnan, S. M. Sriramulu Naidu]"}, "197": {"llama8b": "[Muricoidea, Mollusca, Gastropoda]"}, "198": {"llama8b": "[Insect, Animal]"}, "199": {"llama8b": "[Mankato  Minnesota, Minnesota, John Sontag]"}, "200": {"llama8b": "[Judy Moody and the Not Bummer Summer, Judy Moody and the Not Bummer Summer, Richard Gibbs]"}, "201": {"llama8b": "[Arthropod, Animal, Insect, Argyractis]"}, "202": {"llama8b": "[Leptostylopsis, Insect, Animal, Arthropod, Leptostylopsis cristatus]"}, "203": {"llama8b": "[Stephen Dixon (ice hockey), Tappara]"}, "204": {"llama8b": "[Insect, Animal, Arthropod, Lepidoptera]"}, "205": {"llama8b": "[Nuclear War (video game), Amiga, New World Computing, Turn-based strategy]"}, "206": {"llama8b": "[Iran, Sirjan County]\n\nThe shortest path between Iran and Central District (Sirjan County) is directly connected through the relationship \"country\"."}, "207": {"llama8b": "[Philip Nitschke, Australia, South Australia]"}, "208": {"llama8b": "[Arthropod, Animal, Insect, Polyphaga, Mordellidae]"}, "209": {"llama8b": "[Fenneviller, Meurthe-et-Moselle, France, Paris]"}, "210": {"llama8b": "[Sergei Rashevsky, Russian Soviet Federative Socialist Republic, FC Ural Sverdlovsk Oblast]"}, "211": {"llama8b": "[John M. Walker, Alex. Brown & Sons]"}, "212": {"llama8b": "[El Molin\u00f3n, Sporting de Gij\u00f3n, 2014\u201315 Sporting de Gij\u00f3n season]"}, "213": {"llama8b": "[Raju Bhai, Rajiv Kanakala, India]"}, "214": {"llama8b": "[Weathermaker Music, Lionize, Clutch (band), Dan Maines]"}, "215": {"llama8b": "[Taoyuan City, Taoyuan  Taiwan]"}, "216": {"llama8b": "[United States, Democratic Party (United States)]"}, "217": {"llama8b": "[Jessie Street, Laurence Street, New South Wales, Australia]"}, "218": {"llama8b": "[Mammal, Egyptian weasel, Animal]"}, "219": {"llama8b": "[The Legend of Brown Sugar Chivalries, Yako Chan]"}, "220": {"llama8b": "[United States, Paul Slovic, Anthony Leiserowitz]"}, "221": {"llama8b": "[Bill Tung, In the Blood (1988 film), Andy Lau]"}, "222": {"llama8b": "[Arsenio Iglesias, Arteixo, Pull&Bear, Inditex, Spain, Zara (retailer)]"}, "223": {"llama8b": "[Norway, Linn Oeymo]"}, "224": {"llama8b": "[Asterids, Stylidium candelabrum]"}, "225": {"llama8b": "[Financial Services, PIMCO, Newport Beach  California, Mohamed A. El-Erian]"}, "226": {"llama8b": "[Kermanshah County, Kermanshah Province, Iran, Harsin County]"}, "227": {"llama8b": "[Arizona Terror, Martin G. Cohn, Phil Rosen]"}, "228": {"llama8b": "[Istanbul, \u00c7atalca, \u00c7atalca, Eastern European Time]"}, "229": {"llama8b": "[Iran, Gol Darreh  Kermanshah, Iran Standard Time, Iran Daylight Time]"}, "230": {"llama8b": "[South Korea, Becoming a Billionaire, 1080i]"}, "231": {"llama8b": "[Alan Parsons, Synthesizer, Electronic music]"}, "232": {"llama8b": "[Oppland, Kyrkja, Norway, Central European Time]"}, "233": {"llama8b": "[Marc Jameson, Drums, Marc Jameson, Industrial rock, Marc Jameson, Trip hop]"}, "234": {"llama8b": "[Trigonogya, Animal, Arthropod, Polyphaga, Beetle, Buprestidae]"}, "235": {"llama8b": "[Capitol Nashville, Mel McDaniel, Singer-songwriter]"}, "236": {"llama8b": "[Hard rock, Led Zeppelin]"}, "237": {"llama8b": "[Garage rock, Celebration Castle, Album]"}, "238": {"llama8b": "[FC SKAF Minsk, Uladzimir Bushma, FC Shakhtyor Salihorsk]"}, "239": {"llama8b": "[Dong Fuxiang, Boxer Rebellion, Seymour Expedition]"}, "240": {"llama8b": "[St. Boniface High School (Kimberley  South Africa), Kimberley  Northern Cape, South Africa, Denis Bowen]"}, "241": {"llama8b": "[Jimmy Buffett, Songs from St. Somewhere, Michael Utley]"}, "242": {"llama8b": "[Rudbar-e Jonubi County, Iran, Razavi Khorasan Province]\n\nThe shortest path between Montpellier\u2013M\u00e9diterran\u00e9e Airport and H\u00e9rault is: [Montpellier\u2013M\u00e9diterran\u00e9e Airport, Montpellier, France, H\u00e9rault]"}, "243": {"llama8b": "[Animalia, Perciformes, Chordata]"}, "244": {"llama8b": "[J\u00f3zef Razowski, Henricus cristobalicus, Arthropod]"}, "245": {"llama8b": "[When Can I See You, When Can I See You Again%, Walt Disney Records, Owl City, Synthpop]"}, "246": {"llama8b": "[Scream/Childhood, Michael Jackson]"}, "247": {"llama8b": "[GM LS engine, 2010 Rolex Sports Car Series  Autohaus Motorsports  5]"}, "248": {"llama8b": "[Sex and the City 2, Darren Star, Cashmere Mafia]\n\nThis path is the shortest because it has the minimum number of hops (3) between the specified start and end entities."}, "249": {"llama8b": "[Nicholas D'Agosto, Rocket Science (film)]"}, "250": {"llama8b": "[Iran, Qanqoli-ye Olya]"}, "251": {"llama8b": "[Idiochlora, Arthropod, Animal, Insect, Geometridae]"}, "252": {"llama8b": "[Wokingham Town F.C., Ted Hanney, Bradfield  Berkshire, Bradfield College]"}, "253": {"llama8b": "The shortest path between Patrick Seifert and Sebastian Uvira is: [Patrick Seifert, West Germany, Germany, Sebastian Uvira]."}, "254": {"llama8b": "[Jules Baga, Cameroon, Bafoussam]"}, "255": {"llama8b": "[Run  Buddy  Run, Talent Associates, The Glass Menagerie (1973 film)]"}, "256": {"llama8b": "[Animal, Muricoidea]"}, "257": {"llama8b": "[Croissant, Breakfast, Jack's]"}, "258": {"llama8b": "[Osteichthyes, Actinopterygii, Gobioidei, Perciformes, Periophthalmus, Chordate]"}, "259": {"llama8b": "[Iran, Saveh County, Markazi Province]"}, "260": {"llama8b": "[\u0160tefan Zo\u0161\u00e1k, List of Slovak football transfers winter 2012\u201313]"}, "261": {"llama8b": "[Insect, Polyphaga, Arthropod, Pseudodeltote]"}, "262": {"llama8b": "[Willy Birgel, Captain Wronski]"}, "263": {"llama8b": "[Asteroideae, Hesperevax, Asteraceae]"}, "264": {"llama8b": "[Associated British-Path\u00e9, Murder Without Crime, Dennis Price]"}, "265": {"llama8b": "[United Artists, Thunder in the City, 20th Century Fox]"}, "266": {"llama8b": "[Str\u00f6mstad Municipality, Str\u00f6mstad, Central European Time, Central European Summer Time]"}, "267": {"llama8b": "[Meinrad II  Prince of Hohenzollern-Sigmaringen, Sigmaringen, Karl Friedrich  Prince of Hohenzollern-Sigmaringen]"}, "268": {"llama8b": "[Austria-Hungary, Hugo von Hofmannsthal, University of Vienna]"}, "269": {"llama8b": "[Alexander Rad\u00f3, Budapest, Hungary]"}, "270": {"llama8b": "[Macos, OpenFL, IOS]"}, "271": {"llama8b": "[Germany, Baden-W\u00fcrttemberg, Reutlingen]"}, "272": {"llama8b": "[Mehed ei nuta, Enn Vetemaa]"}, "273": {"llama8b": "[S.C. Farense, Est\u00e1dio Algarve, Louletano D.C.]"}, "274": {"llama8b": "[The Dead Man's Knock, Mystery fiction, Death Turns the Tables]"}, "275": {"llama8b": "[Aeger, Animal, Arthropod, Crustacean, Malacostraca, Dendrobranchiata, Aeger tipularius]"}, "276": {"llama8b": "[City, Tempe  Arizona, Arizona State University, George Washington University]"}, "277": {"llama8b": "[Kabul, Adolph Dubs, Jimmy Carter, United States, Illinois]"}, "278": {"llama8b": "[Birkenhead, Kristian Platt, England]"}, "279": {"llama8b": "[Khojewali, Punjab  India, Ludhiana district]"}, "280": {"llama8b": "[Monocots, Iridaceae, Iris (plant)]"}, "281": {"llama8b": "[Shiraz County, Sar Mur  Fars, Mazraeh-ye Rahmatabad]"}, "282": {"llama8b": "[Gorlice-Tarn\u00f3w Offensive, 58th Infantry Division (German Empire), Battle of Verdun]"}, "283": {"llama8b": "[Jay O. Sanders, The Outer Limits (1995 TV series), The Voyage Home (The Outer Limits)]"}, "284": {"llama8b": "[Rudhra (film), Gouthami]"}, "285": {"llama8b": "[Diab al-Mashi, Aleppo Governorate, Manbij]"}, "286": {"llama8b": "[England, Great Britain, Veronica Wedgwood]"}, "287": {"llama8b": "[Allier (river), Lac de Naussac, Loz\u00e8re]"}, "288": {"llama8b": "[Lepidoptera, Ornarantia contrariana, Arthropod, Animal, Insect]"}, "289": {"llama8b": "[Tottenham Hotspur F.C. Reserves and Academy, Filip Lesniak, Slovakia national under-17 football team]"}, "290": {"llama8b": "[Amour Patrick Tignyemb, Cameroon, Tonnerre Yaound\u00e9]"}, "291": {"llama8b": "[KCAI, Air 1]"}, "292": {"llama8b": "[Roda JC Kerkrade, Arjan Swinkels, Lierse S.K.]"}, "293": {"llama8b": "[Kiss the Girl  Kiss the Girl  1, Alan Menken, Howard Ashman]"}, "294": {"llama8b": "[Canada, Jessie Van Roechoudt]"}, "295": {"llama8b": "[Lepidoptera, Pastria, Taractrocerini, Arthropod]"}, "296": {"llama8b": "[Some Mothers Do 'Ave 'Em, Michele Dotrice, The Blood on Satan's Claw]"}, "297": {"llama8b": "[Steve Dorff, My Best Friend Is a Vampire, David Warner (actor), Ren\u00e9 Auberjonois]"}, "298": {"llama8b": "[Canada, Montreal]"}, "299": {"llama8b": "[Winger (ice hockey), Krys Barch, Canada]"}, "300": {"llama8b": "[Michigan, Berrien County  Michigan, New Buffalo  Michigan]"}, "301": {"llama8b": "[Iran, Gholam Reza Azhari, Shiraz]"}, "302": {"llama8b": "[Herzegovina, Federation of Bosnia and Herzegovina, Bosnian-Podrinje Canton Gora\u017ede, Gora\u017ede, City]"}, "303": {"llama8b": "[Asterids, Asterids, Asterales, Heliantheae, Heliantheae]"}, "304": {"llama8b": "[Khuzestan Province, Iran, Qatur Rural District]"}, "305": {"llama8b": "[Wisconsin, United States, Minnesota, Northern Lights Express]"}, "306": {"llama8b": "[Astoria Stakes, Now What (horse), Next Move, Alfred G. Vanderbilt II, Arlington-Washington Lassie Stakes]"}, "307": {"llama8b": "[New York Cosmos (1971\u20131985), Erhardt Kapp, United States men's national soccer team]"}, "308": {"llama8b": "[French Montana, Diggy Simmons, Queens]"}, "309": {"llama8b": "[Let's Cheers to This, Post-hardcore, With Ears to See and Eyes to Hear, Sleeping with Sirens]"}, "310": {"llama8b": "[Plantae, Astereae, Astereae, Asterales, Olearia, Olearia lirata, Olearia, Eudicots]"}, "311": {"llama8b": "[Bangkok Glass F.C., Bangkok, TOT S.C.]"}, "312": {"llama8b": "[Russia, Rostov-on-Don, Rostov-on-Don Airport]"}, "313": {"llama8b": "[Roots rock, Dire Straits]"}, "314": {"llama8b": "[Brad Bird, Walt Stanchfield, Los Angeles  California]"}, "315": {"llama8b": "[United States, Alfred A. Knopf, Jurassic Park (novel)]"}, "316": {"llama8b": "[Rail Club du Kadiogo, Alhassane Issoufou, Raja Casablanca]"}, "317": {"llama8b": "[Ramshir, Ramshir County]"}, "318": {"llama8b": "[Polyphaga, Insect, Beetle]"}, "319": {"llama8b": "[Enga Province, Papua New Guinea, Madang Province, Time in Australia]"}, "320": {"llama8b": "[Dicrurus, Bronzed drongo, Animal]"}, "321": {"llama8b": "[Mark Montigny, United States, Bristol County  Massachusetts]"}, "322": {"llama8b": "[Laurence Rosenthal, Man of La Mancha (film), Alberto Grimaldi]"}, "323": {"llama8b": "[US Colomiers Football, Ludovic Mary, France]"}, "324": {"llama8b": "[Rahman (actor), Nilave Malare (film), Shalini]"}, "325": {"llama8b": "[Olga Taussky-Todd, Hanna Neumann, Steglitz-Zehlendorf]"}, "326": {"llama8b": "[Hip hop music, House music, Underground Sound of Lisbon, Lisbon]"}, "327": {"llama8b": "[United States, Maine, Bath  Maine, Bath Iron Works, German destroyer M\u00f6lders]"}, "328": {"llama8b": "[Japan, Ceui, J-pop]"}, "329": {"llama8b": "[Defender (football), Vladim\u00edr T\u00e1borsk\u00fd]"}, "330": {"llama8b": "[N\u00e9stor Almendros, Pauline at the Beach, France, Amanda Langlet]"}, "331": {"llama8b": "[Iran Daylight Time, Latvand-e Baraftab, Iran Standard Time]"}, "332": {"llama8b": "[Entre el amor y el deseo, Mexico, Coahuila]"}, "333": {"llama8b": "[Insect, Animal, Arthropod]"}, "334": {"llama8b": "[Eudicots, Angiosperms, Anacardiaceae, Semecarpus gardneri]"}, "335": {"llama8b": "[Bury F.C., Cameron Belford, Coventry City F.C.]"}, "336": {"llama8b": "[The Iron Ceiling, Richard Short (actor)]"}, "337": {"llama8b": "[Iran, Allahabad  Tiran and Karvan, Iran Standard Time]"}, "338": {"llama8b": "[Torpedo bomber, Blackburn Ripon, Blackburn Baffin]"}, "339": {"llama8b": "[Stachy, Prachatice District, Zbytiny]"}, "340": {"llama8b": "[Aphabutt, K Records, Indie rock, Anti-folk]"}, "341": {"llama8b": "[Leonard Matlovich, United States Air Force, Vietnam War]"}, "342": {"llama8b": "[Rosid, Myrtaceae, Acmena hemilampra, Acmena, Eudicot, Eudicots]"}, "343": {"llama8b": "[Electronic music, Tim Ward (musician), Vocals]"}, "344": {"llama8b": "[Atlantic Standard Time Zone, Humait\u00e1  Amazonas, Brazil, Time in Brazil]"}, "345": {"llama8b": "[Chordata, Veracruz whiff, Actinopterygii]"}, "346": {"llama8b": "[M\u0103ria River, M\u0103ria Mare River, Bistri\u0163a-N\u0103s\u0103ud County]"}, "347": {"llama8b": "[Problematic (album), Live Plus One, Bill Stevenson (musician), Epitaph Records, Stephen Egerton (guitarist)]"}, "348": {"llama8b": "[Fender Stratocaster, New Hollow, Rock music]"}, "349": {"llama8b": "[Animal, Chordate, Gambusia]"}, "350": {"llama8b": "[David Gordon Green, Goat (2016 film), James Franco, Ben Schnetzer, Paramount Pictures, The Film Arcade]"}, "351": {"llama8b": "[Dear My Friend, Every Little Thing (band), Necessary (song)]"}, "352": {"llama8b": "[Darreh Zeydi, Haparu Rural District, Khuzestan Province, Fars Province]"}, "353": {"llama8b": "[Arthropod, Animal, Insect, Myrmeciinae, Hymenoptera]"}, "354": {"llama8b": "[Jabalpur, Narendra Nath, Prem Nath, Prem Chopra]"}, "355": {"llama8b": "[Dezful County, Khuzestan Province, Mazmaz, Iran Daylight Time]"}, "356": {"llama8b": "[Deltocephalini, Recilia, Recilia variabilis, Membracoidea, Auchenorrhyncha, Cicadomorpha, Deltocephalinae]"}, "357": {"llama8b": "[Midfielder, Miroslav Stoch, List of Dutch football transfers summer 2009]"}, "358": {"llama8b": "[Finist\u00e8re, Saint-Servais  Finist\u00e8re, France, Paris]"}, "359": {"llama8b": "[Order of Osmanieh, Charles George Gordon, Gordon's School, England, Cornwall]"}, "360": {"llama8b": "[China, People's Republic of China, Communist Party of China]"}, "361": {"llama8b": "[Brooks Bollinger, Florida Tuskers, Brooks Bollinger, Detroit Lions]"}, "362": {"llama8b": "[LXC, Linux, KDE Software Compilation]"}, "363": {"llama8b": "[Guitar, Luiza Possi, Vocal]"}, "364": {"llama8b": "[Belarus national football team, Vadim Skripchenko, Malaryta]"}, "365": {"llama8b": "[Jeff-Denis Fehr, BSV Schwarz-Wei\u00df Rehden, Paulo Jorge Fernandes Sereno]"}, "366": {"llama8b": "[Kalomira (album), Kalomira Special Karaoke Edition, Pop music]"}, "367": {"llama8b": "[Hapoel Ashkelon F.C., Maor Janah, Maccabi Ironi Tirat HaCarmel F.C., Israel]"}, "368": {"llama8b": "[Inha University, Incheon, South Korea, Song Yoo-geun]"}, "369": {"llama8b": "[2013 U.S. National Indoor Tennis Championships, United States]"}, "370": {"llama8b": "[Arthropod, Animal]"}, "371": {"llama8b": "[Business, United States]"}, "372": {"llama8b": "[Jos\u00e9 Mar\u00eda de la Cruz, Battle of Chacabuco]"}, "373": {"llama8b": "[A Love Story in the Making, Some Things Are Meant to Be, Arista Records]"}, "374": {"llama8b": "The shortest path between Minor Watson and William Boyd (actor) is: [Minor Watson, Hidden Gold, William Boyd (actor)]."}, "375": {"llama8b": "[Fire and Stone (album), The Gray Havens, Ghost of a King]"}, "376": {"llama8b": "[Animalia, Chordata, Bolitoglossa pesrubra, Edward Harrison Taylor]"}, "377": {"llama8b": "[MilkyWay, Pop music, J-pop, Japanese pop]"}, "378": {"llama8b": "[Richmond  Virginia, Perry Moore, Tell Them Anything You Want: A Portrait of Maurice Sendak]"}, "379": {"llama8b": "[Conservative Party of Canada (historic), Louis-Rodrigue Masson]"}, "380": {"llama8b": "[France, Yvelines]"}, "381": {"llama8b": "[Belarussian SSR, Minsk, Dzmitry Kavalyonak]"}, "382": {"llama8b": "[Rondinella Calcio, Christian Rigan\u00f2, Ternana Calcio]"}, "383": {"llama8b": "[Manfred Eicher, ECM Records, The Melody at Night  with You]"}, "384": {"llama8b": "[Young Blood (Norah Jones song), It's Gonna Be, Blue Note Records]"}, "385": {"llama8b": "[Valdres, Oppland, Vinstre]"}, "386": {"llama8b": "[Insect, Arthropod, Animal]"}, "387": {"llama8b": "[Mirza Abolhassan Khan Ilchi, Fath-Ali Shah Qajar]"}, "388": {"llama8b": "[Austria, Czech Republic, Prague, Vienna]"}, "389": {"llama8b": "[Animalia, Animal, Chordata]"}, "390": {"llama8b": "[Doom engine, John Romero, Hexen: Beyond Heretic]"}, "391": {"llama8b": "[Kreatiivmootor, Tallinn, Estonia]"}, "392": {"llama8b": "[Gilan Province, Iran, Ilam Province, Karezan District, Qalandar-e Olya]"}, "393": {"llama8b": "[London School of Economics, Chris Matheson (British politician), United Kingdom, England]"}, "394": {"llama8b": "[Music download, Never Let Me Go (Florence and the Machine song), Kid Harpoon, Higher (Sigma song)]"}, "395": {"llama8b": "[Le Roi des Champs-\u00c9lys\u00e9es, Yves Mirande, Paulette Dubost, Buster Keaton]"}, "396": {"llama8b": "[Malaysian Highway Authority, Malaysia, Sultan Abdul Halim Muadzam Shah Bridge  Penang Seco  1]"}, "397": {"llama8b": "[Peter Yeldham, Victim Five, Harry Alan Towers]"}, "398": {"llama8b": "[Chordate, Collared treepie, Animal]"}, "399": {"llama8b": "[Akwa language, Benue\u2013Congo languages, Bantu languages, Bomboli language, Bantoid languages]"}, "400": {"llama8b": "[Plantae, Eremophila (plant)]"}, "401": {"llama8b": "[Chesterfield  Missouri, Missouri, Sean Dolan]"}, "402": {"llama8b": "[Sweden, Central European Time, Czech Republic, N\u00e1chod District]"}, "403": {"llama8b": "[France, Nord-Pas-de-Calais, Franche-Comt\u00e9]"}, "404": {"llama8b": "[Wales, The Little Engine That Could (1991 film), Frank Welker]"}, "405": {"llama8b": "[Canada, Toronto, Edmund Wyly Grier, Slade School of Art]"}, "406": {"llama8b": "[2014 Nebraska Cornhuskers football team, 2014 Wisconsin Badgers football team]"}, "407": {"llama8b": "[Canada, Toyota RAV4 EV Second generation 1, Fremont California]"}, "408": {"llama8b": "[Mehranrud-e Markazi Rural District, Bostanabad County, East Azerbaijan Province, Abbas-e Gharbi Rural District]"}, "409": {"llama8b": "[Madrid, 1988 Copa del Rey Final, Vicente Calder\u00f3n Stadium]"}, "410": {"llama8b": "[Insect, Animal]"}, "411": {"llama8b": "[Ed Fulton, Scarborough  Toronto, Gus Harris]"}, "412": {"llama8b": "[Rock music, Country rock, Garrison Starr]"}, "413": {"llama8b": "[Paraguay, Paraguay national football team, Gustavo G\u00f3mez, A.C. Milan]"}, "414": {"llama8b": "[Hormozgan Province, Iran, Iran, Fars Province]"}, "415": {"llama8b": "[Okahandja, South Africa, South African Standard Time]"}, "416": {"llama8b": "[Yuri Dubrovin, FC Luch-Energiya Vladivostok]"}, "417": {"llama8b": "[Otto Preminger, Where the Sidewalk Ends (film), Joseph LaShelle]"}, "418": {"llama8b": "[Iran Daylight Time, Damavand County, Jamabrud Rural District]"}, "419": {"llama8b": "[Tulisa, Camden Town]"}, "420": {"llama8b": "[Aleksei Babenko, FC Anzhi Makhachkala]"}, "421": {"llama8b": "[Party of Rights, Zagreb, Eugen Kvaternik, Rakovica  Croatia]"}, "422": {"llama8b": "[Jimmy Bowen, Billy Dean, Fire in the Dark]"}, "423": {"llama8b": "[West Coast hip hop, Hip hop music]"}, "424": {"llama8b": "[Iran Daylight Time, Iran Standard Time, Hasan Khani  Qazvin]"}, "425": {"llama8b": "[Judas (film), Johnathon Schaech, Judas (film), Michael Goi]"}, "426": {"llama8b": "[Eudicots, Rosids, Terminalia (plant), Terminalia parviflora]"}, "427": {"llama8b": "[Hama Governorate, Al-Uwayr, Al-Salamiyah Nahiyah, Al-Salamiyah District, Village]"}, "428": {"llama8b": "[Angiosperms, Plantae, Epidendroideae]"}, "429": {"llama8b": "[Moscow, Soviet Union, Dmitri Ekimov]"}, "430": {"llama8b": "[Nord (French department), France, Seine-et-Marne]\n\nThe shortest path between 1960 Scottish League Cup Final and 1959 Scottish League Cup Final in this network is: [1960 Scottish League Cup Final, Hampden Park, 1959 Scottish League Cup Final]"}, "431": {"llama8b": "[Bad Kreuznach, Germany]"}, "432": {"llama8b": "[Roland Gross, The Deep Six, William Bendix]"}, "433": {"llama8b": "[West Pomeranian Voivodeship, Poland]"}, "434": {"llama8b": "[Vancouver Canucks, Barry Wilkins, Defenceman (ice hockey)]"}, "435": {"llama8b": "[Cypriniformes, Cyprinidae]"}, "436": {"llama8b": "[Berlin Offensive, World War II, 50th Rifle Division (Soviet Union)]"}, "437": {"llama8b": "[Veracruz  Veracruz, Adriana Fonseca, Actress]"}, "438": {"llama8b": "[Iran, Bala Velayat Rural District (Bakharz County), Bala Velayat District, Deh-e Now  Bakharz]"}, "439": {"llama8b": "[Fred Johnston (writer), Northern Ireland, County Down]"}, "440": {"llama8b": "[Iran, Iran Standard Time, Omm ol Ghaffari]"}, "441": {"llama8b": "[The Black Keys, V2 Records]"}, "442": {"llama8b": "[Rudbar-e Jonubi County, Iran, Iran Standard Time, Iran Daylight Time]"}, "443": {"llama8b": "[Ak\u0131n \u00d6zt\u00fcrk, Turkish Air Force, Turkish War of Independence]"}, "444": {"llama8b": "[Aethes, Insect, Aethes macasiana]"}, "445": {"llama8b": "[Cerobasis denticulata, Trogiidae, Cerobasis, Psocodea, Insect]"}, "446": {"llama8b": "[Toronto, Advocacy for Respect for Cyclists, Cycling]"}, "447": {"llama8b": "[Arthropoda, Acrodipsas, Lepidoptera]"}, "448": {"llama8b": "[Insect, Animal, Arthropod, Apocrita, Hymenoptera, Philanthinae]"}, "449": {"llama8b": "[Plantae, Monocots, Angiosperms]"}, "450": {"llama8b": "[Arthropod, Animal, Animal, Pyralidae, Pyralidae, Crocidomera fissuralis]"}, "451": {"llama8b": "[Wallace Fox, Bowery Blitzkrieg, Bowery Blitzkrieg, Robert Golden]"}, "452": {"llama8b": "[Drama, Yeh Pyar Na Hoga Kam, Gaurav Khanna, Kanpur]"}, "453": {"llama8b": "[Defender (association football), Domingos Nascimento dos Santos Filho, Brazil]"}, "454": {"llama8b": "[Animals That Swim, Goya Dress, Nude Records]"}, "455": {"llama8b": "[The Diary of Ellen Rimbauer (miniseries), Gary Chang, United States]"}, "456": {"llama8b": "[Vertebrate, Xenocalamus transvaalensis, Animalia]"}, "457": {"llama8b": "[Central European Time, Norway, Tr\u00f8ndelag]"}, "458": {"llama8b": "[Hardcover, Crack'd Pot Trail, PS Publishing]"}, "459": {"llama8b": "[Spain, Central European Time, Catalonia, Central European Summer Time, Aragon]"}, "460": {"llama8b": "[Paul Richter, King of the Centre Forwards, Bavaria Film]"}, "461": {"llama8b": "[Winchester Nevada, Still Want You, Can't Deny My Love]"}, "462": {"llama8b": "[United States of Tara, Showtime (TV network), Tim DeLaughter]"}, "463": {"llama8b": "[KTVO, KHQA-TV, Sinclair Broadcast Group, WHOI (TV)]"}, "464": {"llama8b": "[London, London Borough of Harrow, Harrow School, United Kingdom, England]"}, "465": {"llama8b": "[George Hoellering, Kuhle Wampe, Bertolt Brecht, Hanns Eisler]"}, "466": {"llama8b": "[Battista Sforza, Guidobaldo da Montefeltro, Federico da Montefeltro, Alessandro Sforza]"}, "467": {"llama8b": "[Birt Acres, Boxing Match; or  Glove Contest]"}, "468": {"llama8b": "[Indie pop, Indie rock, Antonio Vega (singer), Madrid, Restoration (Spain)]"}, "469": {"llama8b": "[Lincolnshire, United Kingdom, Philip Norton  Baron Norton of Louth]"}, "470": {"llama8b": "[Marshall Sahlins, Morton Fried]"}, "471": {"llama8b": "[Siah Gel  Abdanan, Abdanan County, Ilam Province, Iran]"}, "472": {"llama8b": "[Ghafar Baba, Musa Hitam, Musa Hitam, Ghafar Baba, Ghafar Baba, Sunni Islam]"}, "473": {"llama8b": "[Supermini, Mini Hatch, Mini Hatch Second Generation R56 1]"}, "474": {"llama8b": "[Hamidabad  Ardabil, Ardabil County, Ardabil County, Sharqi Rural District]"}, "475": {"llama8b": "[Ed Stoppard, Zen (TV series)]"}, "476": {"llama8b": "[Eudicots, Cactoideae, Cactaceae, Mammillaria, Mammillaria schwarzii]"}, "477": {"llama8b": "[Kallinge, F 17 Kallinge, Saab 32 Lansen]"}, "478": {"llama8b": "[Burton C. Bell, Ascension of the Watchers, Ambient music]"}, "479": {"llama8b": "[Austria, Vienna International Airport, Emerald Airways, Air Transport]\n\nThis path is the shortest path between Ost Autobahn and Air Transport in the given network."}, "480": {"llama8b": "[United States, Texas, Austin  Texas, University of Texas]"}, "481": {"llama8b": "[Mehmet Altan, Turkey, Ankara, \u00c7etin Altan]"}, "482": {"llama8b": "[United States, California, Los Angeles]"}, "483": {"llama8b": "[Sharq va Gharb-e Shirgah Rural District, Savadkuh County, Bur Khani]"}, "484": {"llama8b": "[Ivan the Terrible, Moscow, Andrei Rublev]"}, "485": {"llama8b": "[Erosida formosa, Polyphaga, Insect]"}, "486": {"llama8b": "[Tenmile Creek (Catskill Creek), New York (state)]"}, "487": {"llama8b": "[Seiun Award, Daniel Keyes, Japan]"}, "488": {"llama8b": "[NASCAR, Bill France Jr., Bill France Sr.]"}, "489": {"llama8b": "[Rimini Calcio F.C., Antonio Fusari, Solbiatese Arno Calcio, Italy, Midfielder]"}, "490": {"llama8b": "[Carl Adam Petri, Darmstadt University of Technology, Germany]"}, "491": {"llama8b": "[Spain, Barcelona, Abraham bar Hiyya]"}, "492": {"llama8b": "[Sistan and Baluchestan Province, Iran, Chah-e Kalir, Iran Daylight Time]"}, "493": {"llama8b": "[Man Overboard (film), Grit Hegesa, Germany, Christian Democratic Union of Germany]"}, "494": {"llama8b": "[Iran, Baharestan Rural District, Isfahan Province, Isfahan County]"}, "495": {"llama8b": "[Coeducation, Springville-Griffith Institute, Springville  New York, North American Eastern Time Zone]"}, "496": {"llama8b": "[Verano de Esc\u00e1ndalo (2003), Monterrey, Jalisco, Zapopan  Jalisco]"}, "497": {"llama8b": "[Peacock Alley (1922 film), Oliver T. Marsh]"}, "498": {"llama8b": "[United States, California, Sacramento County  California, Parkway\u2013South Sacramento  California, Pacific Daylight Time]"}, "499": {"llama8b": "[Milan, Italy, Apulia, Anzano di Puglia]"}}