{"0": {"llama8b": "[Conrad Rau, Manfred Schmidt-Schau\u00df]"}, "1": {"llama8b": "[Axel Kieninger, Bj\u00f6rn Schmitz, Hansj\u00f6rg Fromm, Ant\u00e3o Moura, Marcus Costa Sampaio, Claudio Bartolini]"}, "2": {"llama8b": "The common neighbors of S. K. Samanta and Wenzhong Shi in this network are: [A. Ghareeb]."}, "3": {"llama8b": "[Thomas Kirste, Terry Winograd, Thomas Heider]"}, "4": {"llama8b": "[Charu C. Aggarwal, Francisco Herrera, Anil K. Jain, Nathalie Japkowicz, Jianyong Wang, Nitesh V. Chawla, Haibo He, Lu\u00eds Torgo, Paula Branco]"}, "5": {"llama8b": "[Marco Lippi, Matthew Richardson, Pascal Vincent]"}, "6": {"llama8b": "[Peter Szolovits, Marzyeh Ghassemi]"}, "7": {"llama8b": "[Christian Bauer, Milan Sonka, Pechin Lo, Eric A. Hoffman]"}, "8": {"llama8b": "[Zeungnam Bien]"}, "9": {"llama8b": "[Mitchell Bowden, Dan I. Moldovan, Christine Clark]"}, "10": {"llama8b": "[None]"}, "11": {"llama8b": "[Matti H\u00e4m\u00e4l\u00e4inen and Fa-Hsuan Lin have no common neighbors in this network.]"}, "12": {"llama8b": "[Luc Giraud]"}, "13": {"llama8b": "The common neighbors of Ge Wang and Carlos Eduardo Pereira in this network are: [Jun Ni]."}, "14": {"llama8b": "[Vinod Namboodiri]"}, "15": {"llama8b": "[Rajkumar Buyya, Steve Goddard, Jitender S. Deogun]"}, "16": {"llama8b": "Common neighbors between Jolie M. Martin and Varun Dutt: [Cleotilde Gonzalez, Christian Lebiere]"}, "17": {"llama8b": "[Corinne Fredouille, Daniel Moraru]"}, "18": {"llama8b": "The common neighbors of Laxmi N. Bhuyan and Xiaofeng Han in this network are: [Mike H. MacGregor]."}, "19": {"llama8b": "Common neighbors between Nihal Pekergin and M. Le Coz: [Jean-Michel Fourneau]"}, "20": {"llama8b": "Common neighbors between Maneesh Agrawala and Marc Pollefeys: [Dani Lischinski, Kaan Y\u00fccer]"}, "21": {"llama8b": "[Tao Luo]"}, "22": {"llama8b": "[Anthony T. Chronopoulos, George K. Papakonstantinou, Theodore Andronikos, Satish Penmatsa, Ioannis Riakiotakis]"}, "23": {"llama8b": "The common neighbors of Paul A. Pavlou and Judy E. Scott in this network are: [Judy E. Scott, David Gefen]."}, "24": {"llama8b": "The common neighbors of Kui Ren and Wei Yu in this network are: [Kui Ren, Jia Yu, Zhu Han, Hui Xia]."}, "25": {"llama8b": "[Andrew V. Knyazev]"}, "26": {"llama8b": "[Yi Chen, Guoxiang Lan, Jayavel Shanmugasundaram]"}, "27": {"llama8b": "[Qingyun Dai, Chuqi Yang]"}, "28": {"llama8b": "[Karan Vahi, Ian T. Foster, Ioan Raicu, Gaurang Mehta, M. Wilde, Catalin L. Dumitrescu, M. Sosebee]"}, "29": {"llama8b": "Common neighbors between Luis de-Marcos and Alexandra I. Cristea: [Barend de Lange]"}, "30": {"llama8b": "Heriberto Rom\u00e1n-Flores, Alexandru Mihai Bica, Reza Ezzati, Saeid Abbasbandy, Soheil Salahshour, Barnab\u00e1s Bede"}, "31": {"llama8b": "[Charles Soussen, David Brie]"}, "32": {"llama8b": "Martin Fleury and Mohammed Ghanbari have the following common neighbors: [Peter Lambert, Thomas Wiegand, W. De Neve, R. Van de Walle]"}, "33": {"llama8b": "[Chitta Baral, Jeremy L. Wyatt, Mohan Sridharan, Shiqi Zhang]"}, "34": {"llama8b": "The common neighbors of Robert John and Yingjie Yang in this network are: [Janusz Kacprzyk, Arjab Singh Khuman]."}, "35": {"llama8b": "[Ion Stoica, Robert Morris, Adriana Iamnitchi]"}, "36": {"llama8b": "[Scott Shenker, Martin Casado, Nick McKeown, Guru M. Parulkar, Jennifer Rexford, Jonathan S. Turner, Brandon Heller, Edjard Mota, Alexandre Passito, Larry L. Peterson, Natasha Gude]"}, "37": {"llama8b": "[Daniel Krause]"}, "38": {"llama8b": "Francesco Guerra and Maurizio Vincini have the following common neighbors: [Maurizio Lenzerini, Silvana Castano, Domenico Beneventano, Federica Mandreoli, Giovanni simonini, Antonio Sala, Sonia Bergamaschi]."}, "39": {"llama8b": "The common neighbors of Michihiro Koibuchi and Jos\u00e9 Duato in this network are: [Henri Casanova, Nhat Le]."}, "40": {"llama8b": "[C. Herv\u00e1s-Mart\u00ednez, Eibe Frank, Ian H. Witten, Peter Reutemann, Xin Yao]"}, "41": {"llama8b": "[Hector Garcia-Molina, Hillol Kargupta, Yun Fu, Yunhao Liu, Shree K. Nayar]"}, "42": {"llama8b": "Celso C. Ribeiro"}, "43": {"llama8b": "[Jeff Z. Pan, Bernardo Cuenca Grau, Diego Calvanese, Ulrike Sattler, Boris Motik, Fernando Bobillo, Fu Zhang, Peter F. Patel-Schneider]"}, "44": {"llama8b": "Common neighbors between Hang Yang and Raymond K. Wong: [Simon Fong, Kyungeun Cho]"}, "45": {"llama8b": "[Miguel A. Hinojosa, Amparo M. M\u00e1rmol]"}, "46": {"llama8b": "[Marco Petracca, Romeo Giuliano, Franco Mazzenga]"}, "47": {"llama8b": "[Tsubhasish Mitra, Nur A. Touba, Mehrdad Nourani]"}, "48": {"llama8b": "[Zhiwu Li, Hongye Su, MengChu Zhou, Keyi Xing]"}, "49": {"llama8b": "The common neighbors of Jan Treur and Vasco Furtado in this network are: [Tibor Bosse, Charlotte Gerritsen]."}, "50": {"llama8b": "Common neighbors between Bo Liu and John N. Davies: [Vic Grout]"}, "51": {"llama8b": "The common neighbors of Somesh Jha and Ronald Perez in this network are: [Dimitrios Pendarakis, Joshua Schiffman, David Wagner, Vinod Ganapathy, Trent Jaeger, Hayawardh Vijayakumar]."}, "52": {"llama8b": "The common neighbors of Indrajit Chakrabarti and Obianuju Ndili in this network are: [Tokunbo Ogunfunmi]."}, "53": {"llama8b": "The common neighbors of Guanrong Chen and Shengyuan Xu in this network are: [Huijun Gao, Francesco Bullo]."}, "54": {"llama8b": "[Stewart R. Santos]"}, "55": {"llama8b": "The common neighbors of Nam Phamdo and Tam\u00e1s Linder are [Yadong Wang, Chao Tian]."}, "56": {"llama8b": "The common neighbors of Robert John and Shouzhen Zeng in this network are: [Oscar Castillo, Shyi-Ming Chen, Ting-Yu Chen]."}, "57": {"llama8b": "[Haibo Chen, Haibing Guan]"}, "58": {"llama8b": "[Wolfgang Staffen, Heinz Wimmer, Martin Kronbichler, Matthias Schurz, Fabio Richlan]"}, "59": {"llama8b": "The common neighbors of Niccol\u00f2 Tempini and Dorothy E. Leidner in this network are: [Ann Majchrzak]."}, "60": {"llama8b": "The common neighbors of Gordon V. Cormack and Igor Santos are: [Pablo Garc\u00eda Bringas, Carlos Laorden, Konrad Rieck]."}, "61": {"llama8b": "[Philip Heidelberger, Yamin Li, Shietung Peng, Wanming Chu, Pavlos Vranas, Mark E. Giampapa, Todd E. Takken]"}, "62": {"llama8b": "Common neighbors between Domenico Tegolo and Michael D. Abr\u00e0moff: [Bunyarit Uyyanonvara, Meindert Niemeijer, Christopher G. Owen]"}, "63": {"llama8b": "Camille Vacher and Hubert Comon have the following common neighbors: [Carles Creus, Guillem Godoy, Florent Jacquemard]."}, "64": {"llama8b": "[Zhinan Zhou, Philip K. McKinley]"}, "65": {"llama8b": "[Jose C. Principe, Haiquan Zhao]"}, "66": {"llama8b": "[Guang-Bin Huang, Ju Cheng Yang, Dong Sun Park]"}, "67": {"llama8b": "The common neighbors of Narjes Bellamine Ben Saoud and Rajkumar Buyya in this network are: [Saurabh Kumar Garg, Linlin Wu]."}, "68": {"llama8b": "[Umit Y. Ogras, J\u00fcrgen Teich, Radu Marculescu, Brian Towles, Jingcao Hu]"}, "69": {"llama8b": "[Haizhou Li, Zhizheng Wu]"}, "70": {"llama8b": "[T. Fujisawa, Hideaki Sugawara, Susumu Goto, Toshiaki Katayama, Raoul J. P. Bonnal]"}, "71": {"llama8b": "Michael N. Vrahatis"}, "72": {"llama8b": "[Mehran Roshandel, Hamed Ketabdar]"}, "73": {"llama8b": "[Liusheng Huang, Yonglong Luo]"}, "74": {"llama8b": "[Mario Gianni, Mark A. Neerincx, Rosemarijn Looije]"}, "75": {"llama8b": "[George A. Papakostas, Xiang-Yang Wang, Chandan Singh, Ekta Walia, Pan-Pan Niu, Dimitris E. Koulouriotis, Simon Liao, Miroslaw Pawlak, Yongqing Xin]"}, "76": {"llama8b": "The common neighbors of Krzysztof Cpa\u0142ka and Christian Napoli in this network are: [Robert Nowicki, Emiliano Tramontana]."}, "77": {"llama8b": "Common neighbors between Francesco Bonchi and Istv\u00e1n Pil\u00e1szy: [R\u00f3bert P\u00e1lovics]"}, "78": {"llama8b": "[Christos Faloutsos, Krishna P. Gummadi, Alan Mislove, Matei Ripeanu]"}, "79": {"llama8b": "[Anqi Qiu, Matthew F. Glasser]"}, "80": {"llama8b": "[Jong Hu, Mark Keil]"}, "81": {"llama8b": "[Jeroen Famaey, Filip De Turck]"}, "82": {"llama8b": "The common neighbors of Y. Wang and Haibo Huang in this network are: [C. Shu]."}, "83": {"llama8b": "[Chenyang Lu, Ranveer Chandra]"}, "84": {"llama8b": "The common neighbors of Anirban Mahanti and Xiaohe Hu in this network are: [Jun Li]."}, "85": {"llama8b": "The common neighbors of Zoltan Csaba Marton and James J. Kuffner in this network are: [Jacopo Aleotti, Stefano Caselli, Siddhartha S. Srinivasa]."}, "86": {"llama8b": "[Min Jun Kim, Dal Hyung Kim]"}, "87": {"llama8b": "[Navneet Dalal, Andrew Zisserman, Andrew W. Fitzgibbon, Andrew Blake, Jean Ponce, Mat Cook, Marwan Torki, Jamie Shotton, Pushmeet Kohli, Philip Ogunbona, Jiang Wang, Junsong Yuan, Mohamed E. Hussein, Partha Niyogi, Toby Sharp]"}, "88": {"llama8b": "The common neighbors of Markos Zampoglou and Athanasios G. Malamos in this network are: [Kostas Kapetanakis, Yvonne Jung, Johannes Behr]."}, "89": {"llama8b": "[Ronald Cornet, Kathrin Dentler]"}, "90": {"llama8b": "[Cristina Marino Buslje, Morten Nielsen, Lindi M. Wahl, Kimmen Sj\u00f6lander]"}, "91": {"llama8b": "The common neighbors of Sofya Raskhodnikova and C. Seshadhri in this network are: [Sofya Raskhodnikova, Piotr Berman, Eldar Fischer]."}, "92": {"llama8b": "[Jianguo Zhao, Ning Xi, Bo Song, Chiu Lai]"}, "93": {"llama8b": "[Andrzej Drygajlo, Joaquin Gonzalez-Rodriguez]"}, "94": {"llama8b": "[Ardelio Galletti, Giovanni Ponti]"}, "95": {"llama8b": "The common neighbors of Richard Durbin and Rodrigo Lopez are [Oliver Eulenstein]."}, "96": {"llama8b": "[Patrick Martin, Quan Z. Sheng, Xuegang Hu, Wei Fan]"}, "97": {"llama8b": "The common neighbors of Arthur W. Toga and Rachid Deriche in this network are: [David C. Van Essen, Stephen M. Smith]"}, "98": {"llama8b": "[Habib Ammari, Jin Keun Seo, Eung Je Woo, Ohin Kwon]"}, "99": {"llama8b": "The common neighbors of Vuthichai Ampornaramveth and Haruki Ueno in this network are: [Vuthichai Ampornaramveth, Tao Zhang, Mohammed Hasanuzzaman, Hironobu Gotoda, Yoshiaki Shirai]."}, "100": {"llama8b": "[Jin Seo Park, Min Suk Chung]"}, "101": {"llama8b": "[Michele Rossi, Michele Zorzi, Davide Zordan, Paolo Casari, Jun Luo, J. Haupt, Robert D. Nowak, Emmanuel J. Cand\u00e8s]"}, "102": {"llama8b": "The common neighbors of Xusheng Sun and Rick S. Blum in this network are: [Seksan Laitrakun, Lang Tong]."}, "103": {"llama8b": "[Clifford R. Jack, James T. Becker, Greig I. de Zubicaray, Matt A. Bernstein]"}, "104": {"llama8b": "[Klaus-Robert M\u00fcller, Frank C. Meinecke, Sven D\u00e4hne, Siamac Fazli]"}, "105": {"llama8b": "[Rodrigo L. Carceroni]"}, "106": {"llama8b": "[Hong Su, Michael J. Carey, Donald Kossmann, Arvind Sundararajan]"}, "107": {"llama8b": "[Mukesh Kumar Mehlawat, Shouyang Wang]"}, "108": {"llama8b": "[Manoel G. Mendon\u00e7a, Daniela S. Cruzes, Raul Sidnei Wazlawick]"}, "109": {"llama8b": "[Stefan Boresch, Wonpil Im, Wenbo Yu, Frank C. Pickard, E. Prabhu Raman]"}, "110": {"llama8b": "[Luminita A. Vese, Ke Chen, Yuri Boykov, Behzad Ghanbari]"}, "111": {"llama8b": "[Arend Rensink, Gregor Engels, Fernando Orejas, Paolo Bottoni, Juan de Lara, Hartmut Ehrig, Leen Lambers, Annegret Habel, Karl-Heinz Pennemann]"}, "112": {"llama8b": "[Jarmo Takala]"}, "113": {"llama8b": "[John A. Stankovic, Jos\u00e9 Cec\u00edlio, Utz Roedig, Petcharat Suriyachai]"}, "114": {"llama8b": "[Alagan Anpalagan, Jeffrey G. Andrews, Hamed Rasouli, Brian L. Evans]"}, "115": {"llama8b": "[Kei Sakaguchi, Kiyomichi Araki, Gia Khanh Tran]"}, "116": {"llama8b": "Common neighbors between Wei Liang and Meng Zheng: [Gerhard P. Hancke, Seung Don Hong]"}, "117": {"llama8b": "[Jiawei Han]"}, "118": {"llama8b": "The common neighbors of Fabrizio Frati and William Y. C. Chen in this network are: [Toufik Mansour, V\u00edt Jel\u00ednek]."}, "119": {"llama8b": "Jos\u00e9 M. Mart\u00ednez"}, "120": {"llama8b": "Common neighbors between Apoorv Shukla and Stefan Schmid: [Nick McKeown, Arne Ludwig]"}, "121": {"llama8b": "[Chao Wang, Jian Yang, Jong-Sen Lee, Yoshio Yamaguchi, Hiroyoshi Yamada]"}, "122": {"llama8b": "[Atef Abdrabou, Yang Xiao, John S. Heidemann]"}, "123": {"llama8b": "[Johannes Niedermayer, Michael Isard]"}, "124": {"llama8b": "The common neighbors of Christian Bessiere and Bart Selman in this network are: [Carla P. Gomes]."}, "125": {"llama8b": "[Alex Pentland, Rosalind W. Picard, A. Sano]"}, "126": {"llama8b": "[Christian Jutten, Andrzej Cichocki]"}, "127": {"llama8b": "[Aimin Jiang, Shing-Chow Chan, Kai Man Tsui]"}, "128": {"llama8b": "[Jiunn-Yeu Chen, Bor-Yeh Shen, Jos\u00e9 A. Baiocchi]"}, "129": {"llama8b": "Common neighbors of Ingrid Verbauwhede and Thomas Feller: [Ingrid Verbauwhede, Thomas P\u00f6ppelmann, Tobias Oder]"}, "130": {"llama8b": "[J Daniel Costello, Koji Okino]"}, "131": {"llama8b": "[Uir\u00e1 Kulesza, Alessandro Garcia, Janet Siegmund, Janet Feigenspan, N\u00e9lio Cacho]"}, "132": {"llama8b": "[Leonard McMillan, Timo Stich, Christian Linz, Simon Baker, George Drettakis, Wojciech Matusik]"}, "133": {"llama8b": "[Masahiko Jinno, Yoshio Tanaka, Satoshi Sekiguchi, Shuichi Okamoto, Vinod M. Vokkarane]"}, "134": {"llama8b": "The common neighbors of Ely Porat and Richard Cole are: [Moshe Lewenstein, Amihood Amir, Benny Porat, Benjamin Sach]"}, "135": {"llama8b": "[None]"}, "136": {"llama8b": "[Han Zou, Xiaoxuan Lu, Hengtao Wang]"}, "137": {"llama8b": "The common neighbors of Dexin Zhang and Tieniu Tan in this network are: [Yunhong Wang, Kevin W. Bowyer, Patrick J. Flynn, Anil K. Jain, Dacheng Tao, John Daugman, Zhenan Sun]."}, "138": {"llama8b": "[Pradheep Elango, John Langford]"}, "139": {"llama8b": "The common neighbors of Ronald R. Coifman and Lawrence Carin in this network are: [Wenzhao Lian, Eric P. Xing, Yee Whye Teh, Hongyuan Zha, Zoubin Ghahramani, Matthew J. Beal]."}, "140": {"llama8b": "[Radu Prodan, Mike Surridge, Lukas K\u00f6pfle]"}, "141": {"llama8b": "[Mehmet Kaya]"}, "142": {"llama8b": "[Jorn Ploennigs]"}, "143": {"llama8b": "[Prathmesh Prabhu, Tayssir Touili, Thomas W. Reps]"}, "144": {"llama8b": "The common neighbors of Benoit Donnet and Zhuoqing Morley Mao in this network are: [Renata Teixeira, Olivier Bonaventure]."}, "145": {"llama8b": "The common neighbors of Pedro F. Felzenszwalb and Janne Heikkil\u00e4 in this network are: [Vladimir Kolmogorov, Jan Flusser, Timo Ojala, Eunelson Silva]."}, "146": {"llama8b": "[Gerard J. M. Smit, Alix Munier-Kordon, Bruno Bodin]"}, "147": {"llama8b": "[Konstantinos E. Parsopoulos, Aggelos K. Katsaggelos, Lisimachos P. Kondi, Angeliki V. Katsenou, John D. Matyjas]"}, "148": {"llama8b": "[Fang Meng, Szymon Rusinkiewicz]"}, "149": {"llama8b": "[Venkat Venkatasubramanian, Raghunathan Rengaswamy, Surya N. Kavuri, Kewen Yin]"}, "150": {"llama8b": "[Josep Vidal, Adrian Agustin, Syed Ali Jafar]"}, "151": {"llama8b": "The common neighbors of Shawn Bowers and R. A. Morris are [Bertram Lud\u00e4scher, Daniel Zinn]."}, "152": {"llama8b": "The common neighbors of Takeo Igarashi and James Fogarty in this network are: [Leith Abdulla]."}, "153": {"llama8b": "The common neighbors of John F. Elder and Jianhua Xu in this network are: [Dragi Kocev]."}, "154": {"llama8b": "[M. Frans Kaashoek, Ion Stoica, Scott Shenker, Hari Balakrishnan, Robert Morris]"}, "155": {"llama8b": "[Wei-Min Shen, Kasper Stoy]"}, "156": {"llama8b": "The common neighbors of Ke Zhou and Pearl Pu in this network are: [Francesco Ricci]."}, "157": {"llama8b": "[Michalis Faloutsos, Scott Shenker, Hari Balakrishnan, Songwu Lu, Srikanth V. Krishnamurthy]"}, "158": {"llama8b": "Common neighbors between Sari Kujala and Per Runeson: [Marjo Kauppinen, Laura Lehtola, Alan M. Davis]"}, "159": {"llama8b": "The common neighbors of Akihiko Kuze and Carol J. Bruegge in this network are: [Christopher W. O'Dell]."}, "160": {"llama8b": "The common neighbors of Minija Tamosiunaite and Eren Erdal Aksoy in this network are: [Jeremie Papon, Alexey Abramov, Babette Dellen]."}, "161": {"llama8b": "[Nasim Arianpoo and Randall Stewart have no common neighbors in this network.]"}, "162": {"llama8b": "[John Shawe-Taylor, Chris Watkins]"}, "163": {"llama8b": "[Defeng Sun]"}, "164": {"llama8b": "[Bram van Ginneken, Jing Qin]"}, "165": {"llama8b": "[Jiawei Han, Philip S. Yu, James Caverlee, Wen-Chih Peng, Zhenhui Li, Deng Cai, Jure Leskovec, Hari Balakrishnan, Xing Xie, Lu An Tang, Peter Nye]"}, "166": {"llama8b": "[Jamie Shotton, Andrew Y. Ng]"}, "167": {"llama8b": "[J\u00f6rg Ott and Lingfen Sun have two common neighbors: Edjair Mota, Leandro S. G. de Carvalho]"}, "168": {"llama8b": "The common neighbors of Raghu N. Kacker and Amit P. Sheth in this network are: [Jun Yan, John A. Miller, Toru Ishida, Krzysztof Janowicz, Kunal Verma, John Harney, Reiman Rabbani]."}, "169": {"llama8b": "[Anton Jansen, Lai Xu]"}, "170": {"llama8b": "[Laung-Terng Wang, Krishnendu Chakrabarty, Janusz Rajski, Sudhakar M. Reddy, Xiaoqing Wen]"}, "171": {"llama8b": "The common neighbors of Fr\u00e9do Durand and Natasha Gelfand in this network are: [Bernd Girod, Ravi Ramamoorthi, David G. Lowe, Richard Szeliski, Wei-Chao Chen]."}, "172": {"llama8b": "The common neighbors of Kristen Grauman and Dinesh Manocha in this network are: [Huijing Zhao, Ryosuke Shibasaki]."}, "173": {"llama8b": "[Jiancheng Fang, Yuan Ren, Bangcheng Han]"}, "174": {"llama8b": "The common neighbors of Romain Couillet and Miguel Angel Lagunas in this network are: [Sriram Vishwanath, Merouane Debbah]."}, "175": {"llama8b": "[Andrew K. Skidmore]"}, "176": {"llama8b": "[Ravi Ramamoorthi]"}, "177": {"llama8b": "[Neal Parikh, Renliang Gu, Emmanuel J. Cand\u00e8s, Wotao Yin]"}, "178": {"llama8b": "[Rajiv Ranjan, Lizhe Wang, Florin Pop, Andrzej Bargiela, Abdullah Gani]"}, "179": {"llama8b": "Kevin A. Kwiat and Michael Iannelli have the following common neighbors: [Kaliappa Ravindran, Arun Adiththan, Mohammad Rabby]"}, "180": {"llama8b": "The common neighbors of Hrishikesh B. Acharya and Kevin Yoo in this network are: [Alex X. Liu, Mohamed G. Gouda]."}, "181": {"llama8b": "[Guilin Chen, Mahmut T. Kandemir, Raoul Velazco, Vassos Soteriou, Li-Shiuan Peh]"}, "182": {"llama8b": "The common neighbors of Rui Zhang and Gordana \u00d0ordevic in this network are: [Chau Yuen, Lang Tong, Xiang-Gen Xia]."}, "183": {"llama8b": "[Shiping Wang, Fan Min, William Zhu, Wei-Zhi Wu, Yiyu Yao, Yuhua Qian]"}, "184": {"llama8b": "The common neighbors of Manuel P\u00e9rez Cota and Jacinto G. Dacosta are [Manuel P\u00e9rez Cota, Jacinto G. Dacosta]."}, "185": {"llama8b": "The common neighbors of Dervis Karaboga and Ali Husseinzadeh Kashan in this network are: [Mina Husseinzadeh Kashan, Celal Ozturk]."}, "186": {"llama8b": "[Christoph Trattner]"}, "187": {"llama8b": "The common neighbors of Pierre L'Ecuyer and Lih-Yuan Deng are [Richard J. Simard]."}, "188": {"llama8b": "The common neighbors of Donna Byron and Ian M. O'Neill are [Philip Hanna, Xingkun Liu, George Ferguson]."}, "189": {"llama8b": "[Haining Wang, Dapeng Oliver Wu, Dan Fleck, Yonghong Tian, Gaurav Somani, Manoj Singh Gaur]"}, "190": {"llama8b": "Common neighbors between Alessandro Stranieri and Manuele Brambilla: [Dario Floreano, Frederick Ducatelle, Anders Lyhne Christensen, Marco Dorigo, Alexandre Campo]"}, "191": {"llama8b": "The common neighbors of Chita R. Das and Luis Joyanes Aguilar in this network are: [Michele Colajanni]."}, "192": {"llama8b": "[H.V. Poor, Sonia Aissa, Lutz Lampe]"}, "193": {"llama8b": "[Jin Li, Dan Boneh]"}, "194": {"llama8b": "[Reinhard Guthke, Yun Chi, Michael Hecker]"}, "195": {"llama8b": "The common neighbors of Mark Barnard and Ba-Ngu Vo in this network are: [Wenwu Wang]."}, "196": {"llama8b": "[Long Wang, Wenwu Yu]"}, "197": {"llama8b": "[Alexandre Gramfort, Gareth R. Barnes, Robert Oostenveld]"}, "198": {"llama8b": "[Wilfried Philips, Sebastian Gruenwedel, Peter Van Hese, Mohamed Y. Eldib, Jorge Oswaldo Ni\u00f1o-Casta\u00f1eda]"}, "199": {"llama8b": "[Xiapu Luo, Yajuan Tang, Gabriel Maci\u00e1-Fern\u00e1ndez, Jes\u00fas E. D\u00edaz-Verdejo, Edmond W. W. Chan, Rocky K. C. Chang]"}, "200": {"llama8b": "The common neighbors of Ritu Agarwal and Sarah Beecham in this network are: [Tracy Hall, Helen Sharp]."}, "201": {"llama8b": "[Christoph Burghardt, Frank Kr\u00fcger, Thomas Kirste]"}, "202": {"llama8b": "The common neighbors of Shunlin Liang and M. Meroni in this network are: [Shunlin Liang, Fr\u00e9d\u00e9ric Baret, Ranga B. Myneni]."}, "203": {"llama8b": "[Chris Dyer, Andrew Y. Ng, Jianpeng Cheng, Kyunghyun Cho, Christopher D. Manning, Tomas Mikolov, Phil Blunsom, Sumit Chopra]"}, "204": {"llama8b": "[Wolfgang Grieskamp, Yuri Gurevich]"}, "205": {"llama8b": "[Volkan Rodoplu]"}, "206": {"llama8b": "[Nitin H. Vaidya and Eduardo Freire Nakamura have no common neighbors in this network.]"}, "207": {"llama8b": "[Qi Wang]"}, "208": {"llama8b": "[J Schulte-Pelkum, Daniel Feuereissen, John J. Rieser, Bernhard E. Riecke]"}, "209": {"llama8b": "[Niko Beerenwinkel, Isel Grau, Gonzalo N\u00e1poles, Rafael Bello]"}, "210": {"llama8b": "[Maria A Stalteri, William B. Langdon, Andrew P. Harrison]"}, "211": {"llama8b": "[Chandrakant D. Patel]"}, "212": {"llama8b": "[Elizabeth Ann Maharaj]"}, "213": {"llama8b": "Common neighbors between Michael J. Franklin and Lavanya Ramakrishnan: [Beth Plale, Yogesh Simmhan, Dennis Gannon, Ewa Deelman]"}, "214": {"llama8b": "[None]\n\nExplanation: Piyush Gupta and Brian Neil Levine do not have any common neighbors in the given network."}, "215": {"llama8b": "[Niko Beerenwinkel, Russell Schwartz, Kerstin Heselmeyer-Haddad, Stanley E. Shackney]"}, "216": {"llama8b": "Common neighbors between Karl Lermer and Tim McComb: [Colin J. Fidge]"}, "217": {"llama8b": "[Arun Hampapur]"}, "218": {"llama8b": "The common neighbors of Dieudonn\u00e9 Tchuente and Nadine Jessel in this network are: [Dieudonn\u00e9 Tchuente, Florence S\u00e8des, C. Marie-Fran\u00e7oise Canut]."}, "219": {"llama8b": "[Mario Piattini, Barbara Kitchenham]"}, "220": {"llama8b": "Common neighbors between Reinhard Diestel and Julian Pott: [Henning Bruhn]"}, "221": {"llama8b": "[Micha\u0142 Wo\u017aniak, Francisco Herrera, Tomasz Woloszynski]"}, "222": {"llama8b": "[Jean Vanderdonckt, Karin Coninx, Kris Luyten]"}, "223": {"llama8b": "[Kimmo Rautiainen, Merc\u00e8 Vall-Llossera, Adriano Camps, Yann H. Kerr, Philippe Waldteufel, Nicolas Reul, Eric Anterrieu, Joseph Tenerelli, Andreas Colliander, Isaac Ramos-P\u00e9rez, Jacqueline Boutin, J\u00e9r\u00f4me Gourrion, Claire Gruhier, Hyuk Park]"}, "224": {"llama8b": "[Uma Maheswari, Mark D. McDowall, Lincoln Stein, Rodrigo Lopez, Mary Ann Tuli]"}, "225": {"llama8b": "[Shuzhi Sam Ge, Guang-Bin Huang, Yunong Zhang]"}, "226": {"llama8b": "[Peter C.M. van Zijl, Susumu Mori, Issel Anne L Lim]"}, "227": {"llama8b": "[Deepak Chauhan]"}, "228": {"llama8b": "Common neighbors between Amaia Herv\u00e1s and Alyssa Alcorn: [Judith Good, Narcis Pares]"}, "229": {"llama8b": "[Oleg Pikhurko, Hanno Lefmann, Asaf Shapira, Daniel Kr\u00e1l]"}, "230": {"llama8b": "[Abhijit Chatterjee, Aritra Banerjee, Yiorgos Makris, Florence Aza\u00efs, Salvador Mir]"}, "231": {"llama8b": "[Magne J\u00f8rgensen, Jarmo J. Ahonen]"}, "232": {"llama8b": "The common neighbors of Yu Cheng and Dina Katabi in this network are: [Weihua Zhuang, Sachin Katti, Hongkun Li]."}, "233": {"llama8b": "[Peter Meer, Wanying Xu, Krystian Mikolajczyk, Dorin Comaniciu, Ming-Hsuan Yang, Xuelong Li]"}, "234": {"llama8b": "Common neighbors between Paolo Ventura and Thomas M. Liebling: [Annegret Katrin Wagler, Claudio Gentile, Anna Galluccio]"}, "235": {"llama8b": "[Philip J. Guo, Douglas Thain]"}, "236": {"llama8b": "[Roman Senkerik, Ferrante Neri, Zuzana Kominkova Oplatkova]"}, "237": {"llama8b": "The common neighbors of Jerzy Tyszer and Tsung-Chu Huang in this network are: [Jerzy Tyszer, Janusz Rajski, Ahmad A. Al-Yamani]."}, "238": {"llama8b": "[An Liu, Tet Hin Yeap, Stefan Windmann, Li Deng, Richard M. Stern, Marc Moonen]"}, "239": {"llama8b": "[Hong Cheng, Xiaofang Zhou, Wenfei Fan, Xifeng Yan]"}, "240": {"llama8b": "[Adrian S. Lewis]"}, "241": {"llama8b": "[M. Frans Kaashoek, Kazuyuki Shudo, Hiroya Nagao]"}, "242": {"llama8b": "The common neighbors of Michael Wagner and Rui Sun in this network are: [Elliot Moore]."}, "243": {"llama8b": "[Ian T. Foster, Ewa Deelman, Ravi K. Madduri, Kyle Chard, M. Wilde, Dinanath Sulakhe, Alex Rodriguez]"}, "244": {"llama8b": "The common neighbors of Wei Fan and Juan Manuel Alonso-Weber in this network are: [J\u00fcrgen Schmidhuber, Dan C. Ciresan, Ueli Meier]."}, "245": {"llama8b": "The common neighbors of Gene Tsudik and Hatem Bettahar in this network are: [Yacine Challal, Abdelmadjid Bouabdallah, Nadjib Badache, David Wagner]."}, "246": {"llama8b": "[Marcus Barkowsky, Alan C. Bovik, Romain Cousseau]"}, "247": {"llama8b": "[Tamara Dinev, David Gefen, Izak Benbasat, Detmar W. Straub, Hans van der Heijden, Viswanath Venkatesh]"}, "248": {"llama8b": "[Luis Rodero-Merino, Steven Tuecke, none]"}, "249": {"llama8b": "[Peigen Li]"}, "250": {"llama8b": "The common neighbors of Dimitra Dodou and Enrique Ordu\u00f1a-Malea in this network are: [Emilio Delgado L\u00f3pez-C\u00f3zar, David A. Abbink]."}, "251": {"llama8b": "The common neighbors of Steven Tuecke and Carl Kesselman in this network are: [Yang Liu, Ian T. Foster, SungHo Chin, Ioan Raicu]."}, "252": {"llama8b": "The common neighbors of Dimitrios Soudris and Lan-Rong Dung in this network are: [Lai-Man Po, Tihao Chiang, Lan-Rong Dung, Chung-Neng Wang, Chok-Kwan Cheung]."}, "253": {"llama8b": "The common neighbors of Xianlong Hong and Yici Cai in this network are: [Xiaoping Tang, Jingyu Xu, Jiang Hu]."}, "254": {"llama8b": "[Julian Fierrez-Aguilar, S. Manjunath, D. S. Guru]"}, "255": {"llama8b": "[None]\n\nExplanation: Nektarios Gioldasis and Stefan Biffl do not have any common neighbors in the given network."}, "256": {"llama8b": "The common neighbors of Guillermo Sapiro and Yujing Guan in this network are: [Guangming Shi, Weisheng Dong]."}, "257": {"llama8b": "[Eisuke Ito, Yoshiaki Kasahara, Naomi Fujimura]"}, "258": {"llama8b": "[Henrik Bj\u00f6rklund, Thomas Martin Gawlitza, Sergei Vorobyov, Sven Schewe]"}, "259": {"llama8b": "The common neighbors of Nicolas Kassis and Marc-Etienne Rousseau in this network are: [Nicolas Kassis, Alan C. Evans, Samir Das, Pierre Rioux, Tristan Glatard]."}, "260": {"llama8b": "[Jonas S. Almeida, Susana Vinga]"}, "261": {"llama8b": "[K. Sreenivasa Rao, Jiucang Hao, Shashidhar G. Koolagudi, Wen-Yuan Liao, Tsang-Long Pao, Yu-Te Chen]"}, "262": {"llama8b": "Common neighbors between Sandra Costa and Ben Robins: [Kerstin Dautenhahn, Filomena Soares]"}, "263": {"llama8b": "The common neighbors of Dekang Lin and Franz Josef Och in this network are: [Jason S. Chang]."}, "264": {"llama8b": "The common neighbors of Wen Jun Tan and Katherine A. Yelick in this network are: [John Shalf, Leonid Oliker, Samuel Williams]."}, "265": {"llama8b": "[Xiaokang Yang, Jaime Gutierrez 0004, Jesus Malo, Irene Epifanio, J. M. Artigas]"}, "266": {"llama8b": "[Hector Garcia-Molina, Wee Keong Ng, Ion Stoica]"}, "267": {"llama8b": "The common neighbors of Feng Chen and Deng Liu in this network are: [Deng Liu, Richard Szeliski, Xiaodong Zhang, Lianwen Jin]."}, "268": {"llama8b": "The common neighbors of Peyman Pouyan and Victor Zyuban in this network are: [Peyman Pouyan, Victor Zyuban, Pradip Bose, Antonio Rubio, Yu-Sheng Chen]."}, "269": {"llama8b": "[Marco Tomassini]"}, "270": {"llama8b": "[Abigail Morrison, Markus Diesmann, Ad Aertsen, Sonja Gr\u00fcn]"}, "271": {"llama8b": "[Dah-Jye Lee, Carlos Cuadrado, Aur\u00e9lio C. Campilho, Brent E. Nelson, Javier D\u00edaz]"}, "272": {"llama8b": "[J\u00e9r\u00f4me Picault, Klaus David, Olaf Droegehorn, Christian R\u00e4ck]"}, "273": {"llama8b": "Common neighbors between Diane J. Cook and Yabo Dong: [John A. Stankovic, Philip Levis]"}, "274": {"llama8b": "The common neighbors of Steve G. Probets and Mike Thelwall in this network are: [Charles Oppenheim, Michael Norris, Hans-Dieter Daniel]."}, "275": {"llama8b": "[Jie Tang, Juanzi Li, Tehmina Amjad, Ying Ding, Ali Daud]"}, "276": {"llama8b": "[Chunxiao Jiang, Haijun Zhang]"}, "277": {"llama8b": "[Sven Casteleyn]"}, "278": {"llama8b": "[Hirohisa Hirukawa, Kensuke Harada]"}, "279": {"llama8b": "[Shan Lu, Zden\u011bk Letko, Moonzoo Kim, Gerhard Weikum, Yuanyuan Zhou, Klaus Havelund, Shmuel Ur, Matt Staats, Onn Shehory, Yarden Nir, Matthew B. Dwyer]"}, "280": {"llama8b": "The common neighbors of Cathy H. Wu and Donna Maglott in this network are: [Tatiana Tatusova, Kim D. Pruitt, Rodrigo Lopez]."}, "281": {"llama8b": "[France Belanger, Brian Detlor]"}, "282": {"llama8b": "[Toby Walsh, Peter J. Stuckey, Maria J. Garc\u00eda de la Banda, Tom Kelsey, Ian P. Gent, Ian Miguel, Steve Linton, Justin Pearson]"}, "283": {"llama8b": "[Geert Jan Schrijen, Srinivas Devadas, Erik van der Sluis, Roel Maes, Matthias Hiller]"}, "284": {"llama8b": "The common neighbors of Itay Mayrose and Fabian Glaser in this network are: [Itay Mayrose, Nir Ben-Tal, Eric Martz]."}, "285": {"llama8b": "[Heather Kincaid, Daniel J. Crichton, Andrew F. Hart, Sean Kelly, J. Steven Hughes, Chris A. Mattmann, Carl Kesselman, Sudhir Srivastava, Nenad Medvidovic, Paul M. Ramirez, Christos Patriotis, Cameron Goodale, Steve Hughes]"}, "286": {"llama8b": "[Amal Zouaq, Christopher D. Manning, Jelena Jovanovic]"}, "287": {"llama8b": "[Shlomo Havlin]"}, "288": {"llama8b": "The common neighbors of Ioana Leustean and Cezara Dragoi in this network are: [Gheorghe Stefanescu, Jos\u00e9 M. Sempere, Victor Mitrana]."}, "289": {"llama8b": "[Dan Suciu, Steffen Hausmann]"}, "290": {"llama8b": "[Indrani Medhi, Kentaro Toyama, William Thies]"}, "291": {"llama8b": "The common neighbors of Ana Isabel Rodrigues Gouveia and Wiro J. Niessen are [Ana Isabel Rodrigues Gouveia, Coert Metz]."}, "292": {"llama8b": "The common neighbors of Danny Lo Seen and Christian Baron in this network are: [Agn\u00e8s B\u00e9gu\u00e9]."}, "293": {"llama8b": "[Michel Gevers, Sten Bay J\u00f8rgensen, Fotis N. Koumboulis, Maria P. Tzamtzi, Gabriel Solari]"}, "294": {"llama8b": "[Giacomo Boracchi, Cesare Alippi, Manuel Roveri]"}, "295": {"llama8b": "The common neighbors of Daniel Riccio and Javier Ruiz-del-Solar are: [Gabriele Sabatino]"}, "296": {"llama8b": "[Carlos Alario-Hoyos, Davinia Hern\u00e1ndez-Leo, Juan I. Asensio-P\u00e9rez]"}, "297": {"llama8b": "[Eduardo Reck Miranda, Ralf Muhlberger]"}, "298": {"llama8b": "[Melissa J. Davis, Rolf Apweiler, J. Lynn Fink]"}, "299": {"llama8b": "[Wen-Chieh Lin, Yaron Lipman, Li-Yi Wei, Jean-Claude Paul]"}, "300": {"llama8b": "[Hari Balakrishnan, Albert Banchs, Robert Morris, Douglas J. Leith, Albert Banchs]"}, "301": {"llama8b": "The common neighbors of Ali H. Sayed and Alfred O. Hero in this network are: [H.V. Poor, Yu Fang Jin]."}, "302": {"llama8b": "The common neighbors of Sean Walker and Keith W. Hipel in this network are: [Takehiro Inohara, D.M. Kilgour]."}, "303": {"llama8b": "[Michael Wimmer, Kurt Debattista, Katerina Mania, George Alex Koulieris]"}, "304": {"llama8b": "[Zygmunt J. Haas]"}, "305": {"llama8b": "[Huaping Liu, Fuchun Sun]"}, "306": {"llama8b": "[Wai Sun Don, Tao Xiong, Bruno Costa]"}, "307": {"llama8b": "[Todd Eavis, Elankayer Sithirasenan, Vallipuram Muthukkumarasamy, Michel Barbeau]"}, "308": {"llama8b": "The common neighbors of Heiko Schwarz and Micka\u00ebl Raulet in this network are: [Thomas Wiegand, Woo-jin Han, Jani Boutellier]."}, "309": {"llama8b": "[Young Kyoon Jang, Kang Ryoung Park]"}, "310": {"llama8b": "[Pawe\u0142 Pra\u0142at, Margaret-Ellen Messinger]"}, "311": {"llama8b": "[Carla Manni, Paolo Costantini, Tom Lyche, Mladen Rogina]"}, "312": {"llama8b": "[Bhaskar D. Rao, David P. Wipf, Yoram Bresler]"}, "313": {"llama8b": "[None]"}, "314": {"llama8b": "[Alireza Sepas-Moghaddam]"}, "315": {"llama8b": "[Xavier Hinaut]"}, "316": {"llama8b": "[Alberto Sanfeliu]"}, "317": {"llama8b": "[Christopher Kruegel, Mustaque Ahamad]"}, "318": {"llama8b": "The common neighbors of Christopher Kruegel and Dawn Song in this network are: [Christopher Kruegel, Giovanni Vigna, Chris Grier, Vern Paxson, Dawn Xiaodong Song, Damon McCoy, Eric Dingle]."}, "319": {"llama8b": "The common neighbors of Y. Renard and Barbara I. Wohlmuth in this network are: [Patrick Hild]."}, "320": {"llama8b": "[Frankisco P. Maturana, Vladim\u00edr Mar\u00edk, Alois Zoitl, Paulo Leit\u00e3o, Valeriy Vyatkin, Pavel Vrba]"}, "321": {"llama8b": "[Natalya Fridman Noy and Andrea Molinari do not have any common neighbors in this network.]"}, "322": {"llama8b": "[Andy J. Wellings, Bent Thomsen, Daniel Tang, Martin Schoeberl, Stephan Erbs Korsholm, Hans S\u00f8ndergaard, Ana Cavalcanti, Ren\u00e9 Rydhof Hansen, Juan Ricardo Rios]"}, "323": {"llama8b": "[Audrey Girouard, Robert J. K. Jacob]"}, "324": {"llama8b": "The common neighbors of Nicola Galesi and Alan L. Selman in this network are: [Olaf Beyersdorff, Jochen Messner]."}, "325": {"llama8b": "[Alok Sharma, Ronesh Sharma] have common neighbors: [Kuldip Kumar Paliwal, Abdul Sattar, Abdollah Dehzangi, James Lyons, Ke Chen, Hong-Bin Shen, Tao Yang, Kuo-Chen Chou, Hampapathalu A. Nagarajaram, Mohammad Anwaruddin, Wies\u0141aw Chmielnicki]."}, "326": {"llama8b": "Common neighbors between Roger Baig and Lu\u00eds Veiga: [Leandro Navarro, Davide Vega, Bart Braem, Axel Neumann]"}, "327": {"llama8b": "[Olivier Finkel]"}, "328": {"llama8b": "[Anand Sivasubramaniam, Andreas Weissel, Yuanyuan Zhou]"}, "329": {"llama8b": "The common neighbors of Gang Deng and Lixia Zhang in this network are: [Srikanth Kandula, Songwu Lu]."}, "330": {"llama8b": "[Xenofontas A. Dimitropoulos, Scott Shenker, Nick Feamster, Farnam Jahanian, Ethan Katz-Bassett, Anja Feldmann, Stefan Schmid, Jennifer Rexford, Nick McKeown, Christian Esteve Rothenberg, Amin Vahdat, David Walker, Sean Donovan, Michelle Sibilla]"}, "331": {"llama8b": "[Zoltan Csaba Marton, Jacopo Aleotti, Danica Kragic, Stefano Caselli]"}, "332": {"llama8b": "Common neighbors between Hans-Christian Hege and Min Chen: [Thomas Ertl, Markus H. Gross, R\u00fcdiger Westermann]"}, "333": {"llama8b": "[Dorothy E. Leidner, Lorne Olfman, Detmar W. Straub, Maryam Alavi, Murali Raman, Murray E. Jennex]"}, "334": {"llama8b": "The common neighbors of Ying-Ke Lei and De-Shuang Huang in this network are: [Xiao-Fei Zhang, Ying-Ke Lei, Marija Rasajski, Lin Zhu]."}, "335": {"llama8b": "[Cordelia Schmid, Yu Qiao, Dacheng Tao]"}, "336": {"llama8b": "[Ulrike Golas, Leen Lambers, Leila Ribeiro, Pawe\u0142 Soboci\u0144ski, Stephen Lack]"}, "337": {"llama8b": "[Roberto Amadini, Jacopo Mauro, Bart Selman, Holger H. Hoos, Kevin Leyton-Brown, Lars Kotthoff, Maurizio Gabbrielli]"}, "338": {"llama8b": "Common neighbors between Jean-Pierre Seifert and Grace Elias: [Christof Paar]"}, "339": {"llama8b": "The common neighbors of Michael J. Mendenhall and Yang Xiao are: [Michael A. Temple, Robert F. Mills]."}, "340": {"llama8b": "[Kui Ren, Hui Li, David E. Culler, Yaling Yang, Matt Welsh]"}, "341": {"llama8b": "[Sebastian Steinhorst, Rob A. Rutenbar, Lars Hedrich, Alper Sen, Chris J. Myers]"}, "342": {"llama8b": "The common neighbors of Rainer Leupers and Y. Watanabe in this network are: [Hiroyuki Okamura, Y. Watanabe]."}, "343": {"llama8b": "[M. Santos, Alysson Neves Bessani]"}, "344": {"llama8b": "[Lucian Ilie, Shunsuke Inenaga, Hideo Bannai]"}, "345": {"llama8b": "The common neighbors of Diane J. Cook and Alessandro Saffiotti in this network are: [Dieter Fox, Antonio Sgorbissa]."}, "346": {"llama8b": "Common neighbors between P. Dhavachelvan and Hassan Artail: [M. Shanmugam]"}, "347": {"llama8b": "[Graham Sexton, Robert Morris, Nauman Aslam]"}, "348": {"llama8b": "[Jean-Pierre Chevallet, Eric Gaussier, Andrew Zisserman, Marcel Worring, Joo Hwee Lim]"}, "349": {"llama8b": "The common neighbors of Paulo Romero Martins Maciel and Raimundo S. Barreto in this network are: [Eduardo Tavares]."}, "350": {"llama8b": "Common neighbors between Richard J. Davidson and Stacey M. Schaefer: [Murray Grossman, James C. Gee, Michael I. Miller, Moo K. Chung]"}, "351": {"llama8b": "The common neighbors of Grover S. Kearns and Rainer Hauser are [Man Zhang]."}, "352": {"llama8b": "The common neighbors of R. P. Maheshwari and Subrahmanyam Murala in this network are: [Ashish Khare]."}, "353": {"llama8b": "The common neighbors of Carsten W. Scherer and Patrizio Colaneri in this network are: [Tomomichi Hagiwara, Denis Arzelier, Yohei Hosoe]."}, "354": {"llama8b": "[Peter J. Hunter, James R. Faeder, Michael L. Blinov]"}, "355": {"llama8b": "[Hojung Cha, Y. Charlie Hu]"}, "356": {"llama8b": "The common neighbors of Hayder Radha and Gulcin Caner in this network are: [Michal Irani]."}, "357": {"llama8b": "[Hannes H\u00f6gni Vilhj\u00e1lmsson, Timothy W. Bickmore, Justine Cassell, Ha Trinh]"}, "358": {"llama8b": "[Nick Feamster, Allan D. Knies]"}, "359": {"llama8b": "The common neighbors of Daniel Scott Brotherston and Samuel Madden in this network are: [Anisoara Nica, Elke A. Rundensteiner, Utkarsh Srivastava, Jonathan Goldstein, Michael Stonebraker]."}, "360": {"llama8b": "The common neighbors of Shunlin Liang and Zhihao Qin are: [Jos\u00e9 F. Moreno, Jos\u00e9 A. Sobrino]."}, "361": {"llama8b": "Common neighbors between David Zhang and Liran Carmel: [Yehuda Koren, Ulrik Brandes, David Harel]"}, "362": {"llama8b": "[Muhammad Aslam Uqaili, Imran Memon]"}, "363": {"llama8b": "The common neighbors of Ying-Chang Liang and Marvin K. Simon in this network are: [Iickho Song]."}, "364": {"llama8b": "[Jianbo Liu, Luminita A. Vese, Donald Goldfarb]"}, "365": {"llama8b": "[Oliver Bringmann, Wolfgang Rosenstiel, Luca Benini]"}, "366": {"llama8b": "[Seong Whan Lee]"}, "367": {"llama8b": "[Walter Rei, Gloria P\u00e9rez, Laureano F. Escudero]"}, "368": {"llama8b": "[Carrie Gates, Leon J. Osterweil, Matt Bishop, Christian W. Probst, Sidney Karin, Sean Peisert, Huong Phan, Heather M. Conboy, Borislava I. Simidchieva]"}, "369": {"llama8b": "[Luca Pulina, Marco Maratea, Thomas Eiter, Torsten Schaub, Francesco Ricca, Roland Kaminski, Benjamin Kaufmann, Marius Thomas Schneider, Marius Thomas Lindauer, Stefan Ziller]"}, "370": {"llama8b": "[Daowen Qiu, Beatrice Palano, Lvzhou Li]"}, "371": {"llama8b": "The common neighbors of Matthijs T. J. Spaan and Pedro U. Lima are: [An\u00edbal Ollero, Abdolkarim Pahliani]"}, "372": {"llama8b": "[Ling Feng, Samuel Madden]"}, "373": {"llama8b": "[John Riedl, Shilad Sen]"}, "374": {"llama8b": "The common neighbors of Francesca Gasparini and Anish Mittal in this network are: [Silvia Corchs, Raimondo Schettini, Weisi Lin, Hamid Rahim Sheikh]."}, "375": {"llama8b": "[J. Rui Rodrigues, Eamonn J. Keogh, Paulo J. Azevedo, Martin T. Swain]"}, "376": {"llama8b": "The common neighbors of Olivier Fourmaux and Javier Mart\u00edn Hern\u00e1ndez in this network are: [Natalia M. Markovich, Udo R. Krieger]."}, "377": {"llama8b": "Common neighbors between Kana Deguchi and Hideki Imai: [Motohiko Isaka]"}, "378": {"llama8b": "[Ming C. Lin, Gabriel Zachmann]"}, "379": {"llama8b": "[Hui Wu, Keiji Yanai, Luca P. Carloni, Heiko Falk, Chun Jason Xue, Huaiyu Dai, Sabbir Mahmud, Christian Bienia, Reetuparna Das]"}, "380": {"llama8b": "[Richard A. Hayden, Philipp Reinecke, Peter G. Harrison]"}, "381": {"llama8b": "[Paul M. Thompson, Arthur W. Toga, Guillermo Sapiro, Alex D. Leow, Clifford R. Jack, Iman Aganj, Guido Gerig, Talia M. Nir, Margaret J. Wright, Christophe Lenglet]"}, "382": {"llama8b": "The common neighbors of A. L. Sandoval Orozco and L. J. Garc\u00eda Villalba in this network are: [Ana Lucila Sandoval Orozco, Luis Javier Garc\u00eda Villalba]."}, "383": {"llama8b": "[Konstantinos Bletsas, Luca Santinelli, Karthik Lakshmanan, Shinpei Kato]"}, "384": {"llama8b": "The common neighbors of Feng Ding and Guang-Ren Duan in this network are: [Jie Ding, Ai-Guo Wu]."}, "385": {"llama8b": "[Jeffrey P. Bigham, Michael Cormier]"}, "386": {"llama8b": "[Friedrich Pillichshammer, Peter Kritzer, Ian H. Sloan, Gunther Leobacher, Klaus Ritter]"}, "387": {"llama8b": "The common neighbors of Helen Petrie and Eliane Pinheiro Capra in this network are: [Simone Bacellar Leal Ferreira]."}, "388": {"llama8b": "[Paolo Maffezzoni]"}, "389": {"llama8b": "[Alejandro F. Frangi, Wen-Sheng Chen, Pong Chi Yuen, Yi Ma, Wenyi Zhao]"}, "390": {"llama8b": "The common neighbors of Luis Cereceda and Takehiro Ito in this network are: [Hirotaka Ono]."}, "391": {"llama8b": "The common neighbors of Oscar Reinoso and Andr\u00e9s \u00edbeda are: [Rafael Aracil, Jos\u00e9 Maria Azor\u00edn]."}, "392": {"llama8b": "Common neighbors between Reza Farrahi Moghaddam and Chew Lim Tan: [Mohamed Cheriet, Azeddine Beghdadi, Amina Serir, Mohamed Riad Yagoubi]"}, "393": {"llama8b": "[Jan Martijn E. M. van der Werf, Garm Lucassen, Fabiano Dalpiaz, Sjaak Brinkkemper]"}, "394": {"llama8b": "[Qinghua Hu, P. S. V. S. Sai Prasad, C. Raghavendra Rao]"}, "395": {"llama8b": "The common neighbors of Yushu Zhang and Kang Guo are: [Kwok-Wo Wong]"}, "396": {"llama8b": "[Jos\u00e9 M. Val\u00e9rio de Carvalho]"}, "397": {"llama8b": "[Michael Factor, Xiaodong Meng, Assaf Schuster, Xubin He, Yuanyuan Zhou, Xiaodong Zhang, Dharmendra S. Modha, Binny S. Gill, Gala Yadgar, Kai Li, Song Jiang, Wing-Hung Ki, Chi-Ying Tsui, Xing Li]"}, "398": {"llama8b": "[Andrew T. Campbell, Lianggui Liu]"}, "399": {"llama8b": "Herbert Bos, David C. van Moolenbroek"}, "400": {"llama8b": "[Philippe Robert, Kamiar Aminian, Bijan Najafi, F. Loew]"}, "401": {"llama8b": "[Mario Piattini, Igor Ebrahim dos Santos]"}, "402": {"llama8b": "The common neighbors of Matthew Carrasco and Andrew M. Webb in this network are: [Andruid Kerne, Rhema Linder]."}, "403": {"llama8b": "[J\u00e9r\u00f4me Vienne, Richard L. Graham, Matthew J. Koop, Dhabaleswar K. Panda]"}, "404": {"llama8b": "[Florian Metze, Udhyakumar Nallasamy]"}, "405": {"llama8b": "[Jonathan Petit, Michael Feiri, Heekuck Oh, Julien Freudiger, Panos Papadimitratos, Frank Kargl, Pim Tuyls, Pin-Han Ho, Xuemin Shen, Elmar Schoch, Panagiotis Papadimitratos, Rongxing Lu, Giorgio Calandriello, Maxim Raya, Sebastian Bittl, Berke Aydinli, Zhendong Ma, Michael Weber]"}, "406": {"llama8b": "[Jean-Michel Fourneau, Franck Quessette]"}, "407": {"llama8b": "[Kaveh Pahlavan, Prashant Krishnamurthy, Yishuang Geng, Umair Khan, Ruijun Fu, Guanqun Bao]"}, "408": {"llama8b": "The common neighbors of Paula E. Stephan and Anthony M. Cresswell in this network are: [Djoko Sigit Sayogo, Theresa A. Pardo]."}, "409": {"llama8b": "[Mario Gerla, Donald F. Towsley, Raffaello Secchi]"}, "410": {"llama8b": "[Subhash Khot, Konstantinos Georgiou, Iannis Tourlakis]"}, "411": {"llama8b": "[Fajie Yuan, Tao Qin]"}, "412": {"llama8b": "[Guangzhong Liu, Mario Gerla, Jun-Hong Cui, Michele Zorzi, Milica Stojanovic, P. Wang, Archan Misra, Muhammad, Zhong Zhou, Eugenio Magistretti]"}, "413": {"llama8b": "Common neighbors between Georgios Ch. Sirakoulis and Patrick Ediger: [Rolf Hoffmann, Mathias Halbach, Wolfgang Heenes]"}, "414": {"llama8b": "[Steve Benford, Eva Hornecker]"}, "415": {"llama8b": "[ChengXiang Zhai, Maarten de Rijke, W. Bruce Croft, Yuanhua Lv]"}, "416": {"llama8b": "The common neighbors of Carlos Guestrin and Albert Y. Zomaya in this network are: [Huan Liu, Yu Liu, Yang Xiao, Yan Zhang]."}, "417": {"llama8b": "[Tufan Kumbasar, Engin Yesil, Ibrahim Eksin, Patricia Melin, Witold Pedrycz, Jerry M. Mendel, William W. Melek, Robert John, Hani Hagras, Dongrui Wu, Woei Wan Tan, Hao Ying, Ordoyo Casado]"}, "418": {"llama8b": "The common neighbors of Raquel Barco and V\u00edctor Buenestado in this network are: [Pablo Mu\u00f1oz, Holger Claussen, Mariano Molina-Garcia, Jaime Calle-Sanchez, Salvador Luna-Ram\u00edrez, Sergio Fortes, A. Aguilar-Garcia]."}, "419": {"llama8b": "[Jun Tani, Joe Saunders, Pierre-Yves Oudeyer, Chrystopher L. Nehaniv, Giulio Sandini, Angelo Cangelosi, Arne Zeschel]"}, "420": {"llama8b": "[Victor M. Hern\u00e1ndez-Guzm\u00e1n, Aman Behal, V\u00edctor Santib\u00e1\u00f1ez]"}, "421": {"llama8b": "[Tim G\u00fcneysu, Christof Paar, Tobias Oder]"}, "422": {"llama8b": "[Radu-Emil Precup, Igor \u0160krjanc, Stefan Preitl, Mircea-Bogdan Rdac]"}, "423": {"llama8b": "[Jinxia Yu, M.S. Arulampalam, T. Clapp]"}, "424": {"llama8b": "Common neighbors between Binwu Zhang and Yong He: [Longcheng Liu, Jianzhong Zhang, Enyu Yao, Biao Wu]"}, "425": {"llama8b": "[Zeger Degraeve, Ahti Salo, Marc Peeters]"}, "426": {"llama8b": "[David Martens, Bart Baesens, Leandro L. Minku, Karel Dejaeger, Jan Vanthienen]"}, "427": {"llama8b": "[None]"}, "428": {"llama8b": "[Marc Kemps-Snijders, John P. McCrae, Iryna Gurevych, Philipp Cimiano, Judith Eckle-Kohler, Daan Broeder]"}, "429": {"llama8b": "Common neighbors between Frank Innerhofer-Oberperfler and Michael Felderer: [Ruth Breu]"}, "430": {"llama8b": "[Claude Chaudet, Thomas Kunz, Bhaskar Krishnamachari]"}, "431": {"llama8b": "[Andreas L. Opdahl, Mario Piattini, Paolo Giorgini, Yijun Yu, Guttorm Sindre]"}, "432": {"llama8b": "Common neighbors between William Schuler and Timothy A. Miller: [Mark A. Paskin]"}, "433": {"llama8b": "[Ralph Girard, Eni G. Njoku]"}, "434": {"llama8b": "The common neighbors of Hajo Broersma and Paul M. Heysters in this network are: [Gerard J. M. Smit, Michel A. J. Rosien]."}, "435": {"llama8b": "[B. Sundar Rajan, N. Srinidhi, Tanumay Datta, B.S. Rajan]"}, "436": {"llama8b": "[Piero Fraternali, Gustavo Rossi, Stefano Ceri, Marino Linaje]"}, "437": {"llama8b": "The common neighbors of Tsu-Wei Tseng and Jin-Fu Li in this network are: [Tsu-Wei Tseng, Jin-Fu Li, Cheng-Wen Wu, Jen-Chieh Yeh, Rei-Fu Huang, Chih-Wea Wang, Chi-Feng Wu, Chih-Tsun Huang, Chin-Lung Su, Nicholas Axelos]."}, "438": {"llama8b": "[Erich Bruns, Ramesh Raskar, Christin Seifert, Gerald Fritz, Thomas Willwacher, David G. Lowe, Radek Grzeszczuk, Benjamnin Brombach]"}, "439": {"llama8b": "[Zhanshan Wang, Qinglai Wei, Yong He, Min Wu, Huaguang Zhang, Guo-Ping Liu, Jun Wang]"}, "440": {"llama8b": "[Jing He, Chunmei Liu, Wah Chiu, Kamal Al Nasr]"}, "441": {"llama8b": "Josep Llad\u00f3s and Petra Bilane have the following common neighbors: [Hubert Emptoz, R. Manmatha, Kengo Terasawa]."}, "442": {"llama8b": "The common neighbors of Ying-Chang Liang and Liang-Liang Xie in this network are: [Mai Vu]."}, "443": {"llama8b": "[Adil Kenzi, Zakaria Maamar, Soo Ho Chang]"}, "444": {"llama8b": "[Pavel Shvaiko, Wei Hu, Francisco M. Couto, Fran\u00e7ois Scharffe, Ond\u0159ej \u0160v\u00e1b-Zamazal]"}, "445": {"llama8b": "The common neighbors of Andrzej Obuchowicz and Maciej Hrebie\u0144 are: [Pawe\u0142 Filipczuk, Andrzej Obuchowicz, Marek Kowal, J\u00f3zef Korbicz]."}, "446": {"llama8b": "[Tetsuo Tomiyama, Yoshiki Shimomura]"}, "447": {"llama8b": "[Ivan Zelinka, Michal Pluhacek, Zuzana Kominkova Oplatkova, Srinivas Palanki, Dominique Bonvin]"}, "448": {"llama8b": "[Chuang Lin, Yuming Jiang, Dacheng Yang, Lin Sang, Zhidu Li]"}, "449": {"llama8b": "[Aylin Yener, Bahareh Akhbari, Ari Juels, Sa\u0161a Radomirovi\u0107, Pedro Peris-Lopez, Philippe Gaborit]"}, "450": {"llama8b": "Behnam Fahimnia and Sameer Agarwal do not have any common neighbors in this network."}, "451": {"llama8b": "[Bruno Taconet, Josep Llad\u00f3s, Umapada Pal, Laurence Likforman-Sulem, Abderrazak Zahour, Jihad El-Sana, Oriol Ramos Terrades]"}, "452": {"llama8b": "The common neighbors of Kerstin Dautenhahn and Anders Green in this network are: [Hiroshi Ishiguro, Shuyin Li]."}, "453": {"llama8b": "[Eva Onaindia, Luis Castillo, Derek Long]"}, "454": {"llama8b": "[None]"}, "455": {"llama8b": "The common neighbors of Luiz Satoru Ochi and Anand Subramanian in this network are: [Giovanni Righini, Yuvraj Gajpal]."}, "456": {"llama8b": "The common neighbors of Selin Aviyente and Xiaowei Song in this network are: [Wei-Hung Lin]."}, "457": {"llama8b": "[Jin Soo Park, Kyung Jae Kim, Bong Dae Choi, Giuseppe Bianchi]"}, "458": {"llama8b": "[David C. Schwartz]"}, "459": {"llama8b": "[William H. Winsborough, Marianne Winslett, Nicola Zannone, Daniel Olmedilla, Ninghui Li, Adam J. Lee, Daniel Trivellato, Fred Spiessens, Sandro Etalle]"}, "460": {"llama8b": "[Peter Stone]"}, "461": {"llama8b": "[Dan Boneh, Fu-Kuo Tseng, Rong-Jaye Chen]"}, "462": {"llama8b": "[Carl Kesselman, Ian T. Foster, Sung-Yi Chen, Cheng-Fang Lin, Po-Chi Shih, Kuan-Ching Li, Wen-Chung Shih, Tsui-Ting Chen]"}, "463": {"llama8b": "[Rafik Bouaziz, \u00c1lvaro F. Moreira, Federica Mandreoli, Marco Mesiti, Carlo Zaniolo, Nina Edelweiss]"}, "464": {"llama8b": "The common neighbors of Yiyu Shi and Sung Kyu Lim are [David Z. Pan, Gokul Kumar]."}, "465": {"llama8b": "[G. Susinder Rajan, Pramod Kumar]"}, "466": {"llama8b": "[M. Tebranipoor, Hideo Fujiwara, Giorgio Di Natale]"}, "467": {"llama8b": "[None]"}, "468": {"llama8b": "[Kui Ren, Jin Li, Chunming Tang, Craig Gentry, Guang Gong]"}, "469": {"llama8b": "[Heide Lukosch, Franco Tecchia, Susan R. Fussell]"}, "470": {"llama8b": "[Joel H. Saltz, Tahsin M. Kur\u00e7]"}, "471": {"llama8b": "The common neighbors of Zhi-Hua Zhou and Xiaokang Yang in this network are: [Wen Gao, Xuelong Li]"}, "472": {"llama8b": "The common neighbors of Wojciech Ziarko and Dun Liu are: [Jingtao Yao, Jerzy W. Grzymala-Busse, Malcolm James Beynon]."}, "473": {"llama8b": "[Xiang Chen]"}, "474": {"llama8b": "[Merrill Warkentin, James F. Courtney, Shaofeng Liu, Alex H. B. Duffy, Steve Culley, Iain Boyle]"}, "475": {"llama8b": "Simon Harding, Julian F. Miller"}, "476": {"llama8b": "[Fumiki Hosoi, Stefan Paulus, Heiner Kuhlmann]"}, "477": {"llama8b": "Common neighbors between Yan Jin and Brian J. Corbitt: [Mike P. Papazoglou]"}, "478": {"llama8b": "[Kannan Ramchandran, Maria Efthymiopoulou]"}, "479": {"llama8b": "[Matthieu Tuna, Erik Jan Marinissen]"}, "480": {"llama8b": "[V\u00edctor H. Champac, Jo\u00e3o Paulo Teixeira, M. B. Santos, Fabian Vargas, Isabel C. Teixeira]"}, "481": {"llama8b": "[Herman Bruyninckx, Tomasz Kornuta, Cezary Zieli\u0144ski, Tomasz Winiarski]"}, "482": {"llama8b": "The common neighbors of Enrico Coiera and David W. Bates in this network are: [Vimla L. Patel, Suzanne Bakken, Sarah A. Collins]."}, "483": {"llama8b": "[Jie Sun, Michel Th\u00e9ra, Yiran He]"}, "484": {"llama8b": "The common neighbors of James C. Cavendish and Robert D. Ryne in this network are: [Derek Bingham, Jerry Chi-Yuan Chou, Kesheng Wu, Yu Su, E. Wes Bethel]."}, "485": {"llama8b": "[Michael Massimi]"}, "486": {"llama8b": "Muhammad Farooq"}, "487": {"llama8b": "[Eric Coulter]"}, "488": {"llama8b": "The common neighbors of Matthew Horridge and Emily Dimmer in this network are: [Robert Stevens, Erick Antezana]."}, "489": {"llama8b": "[Thorsten Steinberg, Niels Grabe, Hartmut Dickhaus]"}, "490": {"llama8b": "[Jiawei Han, Yan Huang, Gao Cong, Ge Yu, Philip S. Yu, Anthony K. H. Tung, Mohammed J. Zaki, Bac Le, Zhanhuai Li]"}, "491": {"llama8b": "[Jian Sun, Szymon Rusinkiewicz, Mikhail Belkin, Marc Alexa, Olga Sorkine, Tamal K. Dey, Yusu Wang, Ariel Shamir, Bruno L\u00e9vy]"}, "492": {"llama8b": "[Ming C. Lin, Christian Lauterbach, Lakulish Antani, Ravish Mehra, Anish Chandak]"}, "493": {"llama8b": "[Igor L. Markov, Fadi A. Aloul, Karem A. Sakallah]"}, "494": {"llama8b": "[Christophe Lohr]"}, "495": {"llama8b": "[Jin-Fu Li, Paul D. Franzon, Jin-Fu Li and Ding-Ming Kwai, Jin-Fu Li and Mukesh Agrawal, Jin-Fu Li and Gabriel H. Loh, Jin-Fu Li and Jin-Woo Kim, Jin-Fu Li and Yuan Xie, Jin-Fu Li and Paul D. Franzon, Jin-Fu Li and Sung Kyu Lim, Jin-Fu Li and Cheng-Wen Wu, Jin-Fu Li and Shyue-Kung Lu, Jin-Fu Li and Hang-Kaung Shu, Paul D. Franzon and Ding-Ming Kwai, Paul D. Franzon and Yuan Xie, Paul D. Franzon and Gabriel H. Loh, Paul D. Franzon and Sung Kyu Lim, Paul D. Franzon and Cheng-Wen Wu, Ding-Ming Kwai, Mukesh Agrawal, Shyue-Kung Lu] -> [Ding-Ming Kwai, Mukesh Agrawal, Gabriel H. Loh, Yuan Xie, Sung Kyu Lim, Cheng-Wen Wu]"}, "496": {"llama8b": "The common neighbors of P. Berardino and Riccardo Lanari in this network are: [Gianfranco Fornaro, E. Sansosti, Fausto Guzzetti]."}, "497": {"llama8b": "[Kuzman Ganchev, Peter Stanchev, Jo\u00e3o Gra\u00e7a]"}, "498": {"llama8b": "[Lu Yang, Yilong Yin, Gongping Yang, Xiaoming Xi, Naoto Miura, Ju Cheng Yang, Shan Juan Xie, Dong Sun Park]"}, "499": {"llama8b": "[Guo-Ping Liu, Wei Wang, Jun Zhao, Gang Feng, Lijun Long]"}}