{"0": {"mixtral": " [Bamako, Mali, Su\u00f0uroy]"}, "1": {"mixtral": " [Bhrigu Nath Singh, Wright State University]"}, "2": {"mixtral": " [Elizabeth Karlsen, Hyena (2014 film), Neil Maskell, The Football Factory (film)]"}, "3": {"mixtral": " [Mastodon (band), Roadrunner Records, The Hunter (Mastodon album), Doppler Studios]"}, "4": {"mixtral": " [United States, California, California State University  Los Angeles]"}, "5": {"mixtral": " [Iran Standard Time, Iran, Kermanshah Province, Elayiyeh]"}, "6": {"mixtral": " The shortest path between Music download and Joel Pott is: [Music download, Listen to the Man, Joel Pott]"}, "7": {"mixtral": " [Patty Mills, San Antonio Spurs, Sean Elliott]"}, "8": {"mixtral": " [Schapen, Emsland, Rastdorf]"}, "9": {"mixtral": " [Central European Time, Norway, TimeZone, Netherlands]"}, "10": {"mixtral": " The shortest path between Texas and United States is: [Texas, Cody Votolato, United States]"}, "11": {"mixtral": " [Singing, Vetcho Lolas, Singer]"}, "12": {"mixtral": " [Captured Live at Carnegie Hall, Dee Anthony, Music manager]"}, "13": {"mixtral": " [A Question of Time (album), Studio album, Somethin Els] or [A Question of Time (album), Jack Bruce, Somethin Els] or [A Question of Time (album), Cities of the Heart, Somethin Els] are the shortest paths between A Question of Time (album) and Somethin Els in this network."}, "14": {"mixtral": " [Haile Selassie, Addis Ababa, Girma Wolde-Giorgis]"}, "15": {"mixtral": " [Defender (association football), Lukas J\u00e4ger, SC Rheindorf Altach]"}, "16": {"mixtral": " [Henry Justin Allen, Republican Party (United States), Andrew Frank Schoeppel]"}, "17": {"mixtral": " [An Hour with the Ramsey Lewis Trio, Argo Records]"}, "18": {"mixtral": " [United States, Eileen Collins, Administrative divisions of New York, New York (state), California, San Diego]\n\nExplanation:\n\n1. Start with the United States and Eileen Collins, who is a citizen of the United States.\n2. Next, go to the Administrative divisions of New York, as it is an administrative division of New York state.\n3. Then, move to New York (state), which is the higher-level administrative division of the Administrative divisions of New York.\n4. After that, go to California, which is connected to New York state through Jack Friedman's deathPlace.\n5. Finally, reach San Diego, which is connected to California via the seeAlso relationship.\n\nThis path has the minimum number of hops between the United States and San Diego in this network."}, "19": {"mixtral": " [50th Battalion (Calgary) CEF, Battle of Lens, Grenay Pas-de-Calais]"}, "20": {"mixtral": " [Alberto Eliani, Ascoli Calcio 1898, managerClub, Alberto Eliani, managerClub, S.S. Sambenedettese Calcio] or [Alberto Eliani, Trieste, birthPlace, Alberto Eliani, managerClub, S.S. Sambenedettese Calcio] or [Alberto Eliani, San Benedetto del Tronto, deathPlace, Alberto Eliani, managerClub, S.S. Sambenedettese Calcio] or [Alberto Eliani, ACF Fiorentina, team, Alberto Eliani, managerClub, S.S. Sambenedettese Calcio] or [Alberto Eliani, A.S. Roma, team, Alberto Eliani, managerClub, S.S. Sambenedettese Calcio]\n\nExplanation:\nAlberto Eliani is directly connected to Ascoli Calcio 1898, ACF Fiorentina, A.S. Roma, and U.S. Massese 1919 through the managerClub relationship, and directly connected to San Benedetto del Tronto and Trieste through the birthPlace and deathPlace relationships, respectively. S.S. Sambenedettese Calcio is directly connected to San Benedetto del Tronto through the ground relationship and to Alberto Eliani through the managerClub relationship. Therefore, there are multiple shortest paths between Alberto Eliani and S.S. Sambenedettese Calcio, as listed above."}, "21": {"mixtral": " [RCA Records, Future (rapper), Hip hop music, Trap music] or [RCA Records, Usher (singer), Hard II Love, Contemporary R&B, Hip hop music, Trap music] or [RCA Records, No Limit (Usher song), Trap music]\n\nThese are the shortest paths between RCA Records and Trap music in the network, with a length of 4 hops."}, "22": {"mixtral": " [Neil Cox (footballer), Cardiff City F.C.]"}, "23": {"mixtral": " The shortest path between China and Li Ning is: [China, Guangxi, Li Ning]"}, "24": {"mixtral": " [Walt Disney Animation Studios, Entertainment industry]"}, "25": {"mixtral": " [Rutherford B. Hayes, James A. Garfield, Lawyer]\n\nExplanation:\n\n- Rutherford B. Hayes is connected to James A. Garfield via the relationship successor.\n- James A. Garfield is connected to Lawyer via the relationship profession.\n\nSo, the shortest path between Rutherford B. Hayes and Lawyer is: [Rutherford B. Hayes, James A. Garfield, Lawyer]"}, "26": {"mixtral": " [Limoges FC, Yvon Goujon]"}, "27": {"mixtral": " [List of Japanese football transfers winter 2014-15, Hiroyuki Taniguchi, Kawasaki Frontale, Japan, Kashima Antlers]"}, "28": {"mixtral": " [Fabaceae, Plant]"}, "29": {"mixtral": " [Let's Go (Pharoahe Monch song), 12-inch single]"}, "30": {"mixtral": " [Lorimar Productions, The Waltons, CBS] or [Warner Bros. Television, The Waltons, CBS]\n\nExplanation:\nThe shortest path between Lorimar Productions and CBS is through their shared connection to the television series \"The Waltons.\" This path has a length of 2 hops. The alternative path through Warner Bros. Television also has a length of 2 hops."}, "31": {"mixtral": " [FC Amur-2"}, "32": {"mixtral": " [Dipterocarpaceae, Malvales, Rosids]"}, "33": {"mixtral": " [\u00c1sgeir \u00c1sgeirsson, Iceland]"}, "34": {"mixtral": " [Province of Udine, Friuli-Venezia Giulia, Ravascletto]"}, "35": {"mixtral": " [Monocots, Liliales, Plantae] or [Monocots, Lilium, Plantae] or [Monocots, Liliaceae, Plantae]\n\nExplanation:\nThe shortest path between Monocots and Plantae can be achieved through any of the following paths:\n1. Monocots -> Liliales -> Plantae\n2. Monocots -> Lilium -> Plantae\n3. Monocots -> Liliaceae -> Plantae\nEach of these paths has a length of 3 hops, which is the minimum possible for this knowledge graph."}, "36": {"mixtral": " [Florida, Lakewood High School (Florida), Mixed-sex education]"}, "37": {"mixtral": " [Joel Robinson, Mitchell (film), Benjamin Melniker]"}, "38": {"mixtral": " Here is the shortest path between United Kingdom and Egypt 1916-1917 in the given knowledge graph:\n\n[United Kingdom, Denbighshire Hussars, Egypt 1916-1917]\n\nExplanation:\n\n* United Kingdom is connected to Denbighshire Hussars via the relationship country.\n* Denbighshire Hussars is connected to Egypt 1916-1917 via the relationship battle.\n* Therefore, the shortest path between United Kingdom and Egypt 1916-1917 is [United Kingdom, Denbighshire Hussars, Egypt 1916-1917]."}, "39": {"mixtral": " [South East England, Arun, Littlehampton Lifeboat Station]"}, "40": {"mixtral": " The shortest path between Chahar Hadd and Iran Standard Time is: [Chahar Hadd, Iran Standard Time]\n\nExplanation:\n- Chahar Hadd is directly connected to Iran Standard Time via the relationship timeZone. Therefore, there is no need for any intermediate entities, and the shortest path is a direct connection between these two entities."}, "41": {"mixtral": " [Peru national football team, Peru, Lima]"}, "42": {"mixtral": " [Chaudi\u00e8re-Appalaches, Les Appalaches Regional County Municipality, Prefecture]"}, "43": {"mixtral": " [Josef Hladk\u00fd, Czechoslovakia, Prague, Central European Summer Time]"}, "44": {"mixtral": " [Pierre Bouvier, Atlantic Records, Lava Records]"}, "45": {"mixtral": " [United States, Pennsylvania, Lansdale Pennsylvania]"}, "46": {"mixtral": " [Harish Kumar, Aadmi (1993 film), Hindi]"}, "47": {"mixtral": " [Holstein Kiel, Max Christiansen, Flensburg]"}, "48": {"mixtral": " [Wipeout (2009 Australian game show), Nine Network, House of Lies]"}, "49": {"mixtral": " [Iran Daylight Time, Ahmadi District, Iran Standard Time]"}, "50": {"mixtral": " [Filmmaker, Dietmar Post, Play Loud! Productions, A Summer Evening with Floating di Morel] or [Filmmaker, Lucia Palacios, Play Loud! Productions, A Summer Evening with Floating di Morel]\n\nThe shortest path between Filmmaker and A Summer Evening with Floating di Morel is through either Dietmar Post or Lucia Palacios, as they are both filmmakers and founders of Play Loud! Productions, which produced A Summer Evening with Floating di Morel."}, "51": {"mixtral": " [Oakhurst California, Lori Martin, Glendale California, Sam Leavitt]"}, "52": {"mixtral": " [Consejo Mundial de Lucha Libre, Arena M\u00e9xico, Professional wrestling]"}, "53": {"mixtral": " [Angiosperms, Nasa (plant), Nasa jungifolia]"}, "54": {"mixtral": " [Princeton University, Georgina Sherrington]"}, "55": {"mixtral": " [National Socialist German Workers' Party, Martin Mutschmann, German Empire, Paul Wegener (Gauleiter)]"}, "56": {"mixtral": " [Battle of Smolensk (1941), Soviet Union]"}, "57": {"mixtral": " [Soviet Union, Andriy Tovt, FC Illychivets Mariupol]"}, "58": {"mixtral": " [Cryptodira, Reptilia, Geoemydinae, Geoemydidae, Testudines, Animalia, Animal]"}, "59": {"mixtral": " [Publisher, Rob Redding, Atlanta]"}, "60": {"mixtral": " [Buenos Aires, Argentina, Argentine]"}, "61": {"mixtral": " Here is the shortest path between Boise  Idaho and Built to Spill in this network: [Boise  Idaho, Brett Nelson, Built to Spill]"}, "62": {"mixtral": " [State of Mind (band), Tiki Taane, The Adults]"}, "63": {"mixtral": " [Croats, Croatia, Zadar]"}, "64": {"mixtral": " [Smooth jazz, Jazz fusion, Bob James (musician)]"}, "65": {"mixtral": " [Yokohama F. Marinos, Koichi Hashiratani, Forward (association football), Japan, Hokkaido, Waseda University]"}, "66": {"mixtral": " [Cumberland University, James B. McCreary, Augustus Owsley Stanley]"}, "67": {"mixtral": " [More Rocktastic Music from the Film, Andrew Gross]"}, "68": {"mixtral": " [Nabil Jaadi, Morocco national under-17 football team, Stade Mohamed V]"}, "69": {"mixtral": " [Isuzu Ascender, GMT360, GMC Envoy]"}, "70": {"mixtral": " [Jose Prakash, Peruvazhiyambalam, Bharath Gopi]"}, "71": {"mixtral": " [Orchidaceae, Paphiopedilum druryi, Richard Henry Beddome]"}, "72": {"mixtral": " [Northern Region  Uganda, Lira  Uganda, Innocent Oula]"}, "73": {"mixtral": " [Central Falls  Rhode Island, Daniel Littlefield, Republican Party (United States)]"}, "74": {"mixtral": " [Andes, Bolivia, Ollag\u00fce, Chile]"}, "75": {"mixtral": " [Iran, Iran Standard Time]"}, "76": {"mixtral": " [Plantae, Chaptalia, Eudicots]"}, "77": {"mixtral": " [Nymphalidae, Neptis, Lepidoptera]"}, "78": {"mixtral": " [Disney-ABC Domestic Television, Avalon High (film), Disney Channel]"}, "79": {"mixtral": " [Oleksandr Martynenko (cyclist), Donetsk]"}, "80": {"mixtral": " The shortest path between Tokyo and Takayuki Hattori is: [Tokyo, Takayuki Hattori]"}, "81": {"mixtral": " [Kansas City Missouri, Cristo Rey Kansas City High School]"}, "82": {"mixtral": " [Don Alvarado, La Cucaracha (1934 film), Ray Rennahan]"}, "83": {"mixtral": " [MARC Train, Bombardier Transportation, NSB Class 93]"}, "84": {"mixtral": " [Verkhnyaya Salda, VSMPO-AVISMA, Metallurgy]"}, "85": {"mixtral": " [Broadsheet, South Idaho Press, Idaho]"}, "86": {"mixtral": " [Curb Records, The Judds, Naomi Judd], or [RCA Records, The Judds, Naomi Judd]"}, "87": {"mixtral": " [Atlanta Campaign, Scott Field (politician), Democratic Party (United States), United States, Monroe County  Mississippi]"}, "88": {"mixtral": " [2007\u201308 Watford F.C. season, Watford F.C., Aidy Boothroyd] or [2007\u201308 Watford F.C. season, Aidy Boothroyd]"}, "89": {"mixtral": " [Irv Gotti, Hip hop music, East Coast hip hop, Flesh of My Flesh  Blood of My Blood, Swizz Beatz]"}, "90": {"mixtral": " [DJ Quik, The Way It's Goin' Down, Men of Steel (song)]"}, "91": {"mixtral": " [Tom Barrett (politician), United States, Chicago]"}, "92": {"mixtral": " [Arneburg, Arneburg-Goldbeck]"}, "93": {"mixtral": " [Ann Cook (soccer), San Jose CyberRays, Women's United Soccer Association]"}, "94": {"mixtral": " [Hip hop music, Bun B, Asylum Records]\n\nHere's the reasoning:\n1. Hip hop music is connected to Bun B through the genre relationship.\n2. Bun B is connected to Asylum Records through the recordLabel relationship.\n3. Therefore, the shortest path between Hip hop music and Asylum Records is [Hip hop music, Bun B, Asylum Records]."}, "95": {"mixtral": " [United States, Hap Holmes, Canada, Aurora Ontario]\n\nExplanation:\n\n1. The shortest path between United States and Aurora Ontario should go through the common entity Hap Holmes, who has a direct relationship with both entities.\n2. The path is: [United States, Hap Holmes, Canada, Aurora Ontario].\n3. United States is connected to Hap Holmes via the relationship deathPlace.\n4. Hap Holmes is connected to Canada via the relationship birthPlace.\n5. Hap Holmes is connected to Aurora Ontario via the relationship birthPlace.\n6. This path has a length of 3 hops, which is the minimum number of hops required to connect United States and Aurora Ontario in this knowledge graph."}, "96": {"mixtral": " [Adetus striatopunctatus, Beetle]"}, "97": {"mixtral": " [List of French football transfers summer 2013, Franck Tabanou, List of Spanish football transfers summer 2016]"}, "98": {"mixtral": " [Jazz, Big Sir (album)]"}, "99": {"mixtral": " [Striker (association football), Serhiy Perepadenko]"}, "100": {"mixtral": " [Ajax Amsterdam, Brian Laudrup]"}, "101": {"mixtral": " [Soft rock, Love of the Common People]"}, "102": {"mixtral": " The shortest path between France and Aquitaine is: [France, Aquitaine]"}, "103": {"mixtral": " [Brussels, Belgium, Andr\u00e9 Franquin]\nHere's the reasoning:\n1. Brussels is connected to Belgium through the relationship largestCity.\n2. Belgium is connected to Andr\u00e9 Franquin through the relationship nationality.\n3. Therefore, the shortest path between Brussels and Andr\u00e9 Franquin is [Brussels, Belgium, Andr\u00e9 Franquin]."}, "104": {"mixtral": " [Australia, Mackay Queensland, Darby Riordan]"}, "105": {"mixtral": " [Eunidia discounivittata, Beetle, Arthropod, Animal]"}, "106": {"mixtral": " [Ighiu, Romania, Eastern European Time]"}, "107": {"mixtral": " [Spyridon Lambros, Alexandros Zaimis, Greece]"}, "108": {"mixtral": " [David T. Friendly, Priscilla Nedd-Friendly, Don Rhymer, English language]"}, "109": {"mixtral": " [Beetle, Ischionodonta, Polyphaga] or [Beetle, Polyphaga]"}, "110": {"mixtral": " [Dordogne, France]"}, "111": {"mixtral": " [Tony Oller, MKTO]"}, "112": {"mixtral": " [Hardcore punk, Comeback Kid (band), Victory Records, Germany] or [Hardcore punk, Through the Noise, Germany]\n\nExplanation:\n1. The shortest path from Hardcore punk to Germany involves two intermediate entities.\n2. There are two possible paths:\n   - Hardcore punk -> Comeback Kid (band) -> Victory Records -> Germany\n   - Hardcore punk -> Through the Noise -> Germany\n3. Both paths have the same number of hops (3), so either one is a valid shortest path."}, "113": {"mixtral": " [Bint Jbeil District, Lebanon, Akrotiri and Dhekelia]"}, "114": {"mixtral": " [Russia, Komi Republic, Komi peoples, Perm Krai] or [Russia, Perm Krai]\n\nExplanation:\nThe shortest path between Russia and Perm Krai is directly connected, but I also included an alternative path that goes through Komi Republic, Komi peoples to demonstrate an alternative route involving more entities."}, "115": {"mixtral": " [Central District (Kavar County), Iran, Iran Standard Time]"}, "116": {"mixtral": " [Sophiatown (film), South Africa]"}, "117": {"mixtral": " [Iran Daylight Time, Bagh-e Hovij, Kerman Province, Iran]"}, "118": {"mixtral": " [Iyengar, Karnataka, India, Deshastha Brahmin]\n\nExplanation:\n\n1. Iyengar is directly connected to Karnataka via the populationPlace relationship.\n2. Karnataka is directly connected to India via the country relationship.\n3. India is directly connected to Deshastha Brahmin via the seeAlso relationship (although this is not a standard relationship type, it can still be considered a connection for the purpose of this problem).\n\nTherefore, the shortest path between Iyengar and Deshastha Brahmin is [Iyengar, Karnataka, India, Deshastha Brahmin]."}, "119": {"mixtral": " [Swedish Football Division 2, Sweden, 2016 in Swedish football]"}, "120": {"mixtral": " [Benton County, Iowa, United States, Iowa]\n\nExplanation:\nThe shortest path between Benton County, Iowa and Iowa in this network is:\n1. Benton County is connected to Iowa via the relationship state.\n2. Iowa is connected to United States via the relationship country.\n3. United States is connected to Iowa via the relationship country.\nSo, the shortest path is [Benton County, Iowa, United States, Iowa]. However, since the question asks for the path to reach \"Iowa\" from \"Benton County, Iowa\", we should include \"Iowa\" in the path."}, "121": {"mixtral": " [Heavy metal music, Live in Munich 1977]"}, "122": {"mixtral": " [12th edition of Systema Naturae, Asian house shrew, Chordata, Animal]"}, "123": {"mixtral": " [Lawyer, Stephen Southmyd Fenn]"}, "124": {"mixtral": " [Jeff Black (singer-songwriter), Folk music]"}, "125": {"mixtral": " [Netechmodes harpago, Arthropod, Insect]"}, "126": {"mixtral": " [Gerd Basak, Central District (Piranshahr County)]"}, "127": {"mixtral": " [Spain, Miguel Lluch, Lawless Mountain]"}, "128": {"mixtral": " [Aziza Brahim, Soutak, World music] or [Aziza Brahim, Traditional music, World music] or [Aziza Brahim, Folk music, World music]"}, "129": {"mixtral": " The shortest path between MSV Duisburg and Midfielder is: [MSV Duisburg, Martin Dausch, Midfielder]"}, "130": {"mixtral": " [Souvenirs d'un autre monde, Alcest, Post-metal]"}, "131": {"mixtral": " [Ska punk, Punk rock, Dill Records]"}, "132": {"mixtral": " [Chilo\u00e9 National Park, Chile]"}, "133": {"mixtral": " [Diptera, Insect, Animal]"}, "134": {"mixtral": " [Bengali language, Bapi Bari Jaa, Mimi Chakraborty]"}, "135": {"mixtral": " [For You I Will (Confidence), Columbia Records]"}, "136": {"mixtral": " [Soviet Union, Georgi Vinogradov, Opera]"}, "137": {"mixtral": " [Nick Nieland, Cornwall, United Kingdom]"}, "138": {"mixtral": " [Starship Entertainment, Soyou]"}, "139": {"mixtral": " [Forward (association football), Alfred Niepieklo, Borussia Dortmund, Germany]"}, "140": {"mixtral": " [Angiosperms, Astrantia minor, Asterids]"}, "141": {"mixtral": " [Polyphaga, Insect, Arthropod, Cosmopterigidae]"}, "142": {"mixtral": " [Sweden, Olle Hellbom, Tuppen]"}, "143": {"mixtral": " [Perciformes, Actinopterygii, Callionymidae, Bluespotted dragonet, Callionymus, Actinopterygii, Cypriniformes, Cyprinidae]"}, "144": {"mixtral": " [Iran Daylight Time, Nuhi, Kazerun County]"}, "145": {"mixtral": " [Fighter-bomber, Republic P-47 Thunderbolt, Alexander Kartveli]"}, "146": {"mixtral": " [WCHU-LD, MTV Tres, Florida]"}, "147": {"mixtral": " [Labour Party (Netherlands), Rotterdam, Central European Time, Netherlands, Vekoma]"}, "148": {"mixtral": " [Aves, Tanimbar oriole, Oriolus] or [Aves, Oriolus]\n\nExplanation:\n\nThe entities Aves and Oriolus are directly connected through the class relationship. Therefore, one shortest path between Aves and Oriolus is [Aves, Oriolus].\n\nHowever, since the problem asks for all possible shortest paths, there is another path that includes Tanimbar oriole: [Aves, Tanimbar oriole, Oriolus]. This path is also a shortest path because Tanimbar oriole is directly connected to both Aves and Oriolus, and the maximum number of hops is two."}, "149": {"mixtral": " [Auckland, TV2 Stars]"}, "150": {"mixtral": " [Mollusca, Achatinoidea, Subulinidae]"}, "151": {"mixtral": " [Animal, Arthropod, Bembecia lomatiaeformis] or [Animal, Bembecia lomatiaeformis]"}, "152": {"mixtral": " [Chordate, Animal, Rita rita, Actinopterygii] or [Chordate, Animal, Rita sacerdotum, Actinopterygii]\n\nBoth paths have a length of 4 hops, which is the shortest distance between Chordate and Actinopterygii in this network."}, "153": {"mixtral": " [Princess Alice Countess of Athlone, House of Windsor]"}, "154": {"mixtral": " [Hong Kong national under-23 football team, Cheung Kin Fung]"}, "155": {"mixtral": " [Werner Krauss, Paracelsus (film)]"}, "156": {"mixtral": " [Jazz, Free jazz, Experimental music]"}, "157": {"mixtral": " [Nathan Fillion, The Outer Limits (1995 TV series), United States]"}, "158": {"mixtral": " [Johnny Mercer, Capitol Records, Jimmy Mundy]"}, "159": {"mixtral": " [Leo Hewlett Thebaud, United States Navy]"}, "160": {"mixtral": " [Orchidaceae, Asparagales]"}, "161": {"mixtral": " [Nothostele, Monocots, Angiosperms, Plantae]"}, "162": {"mixtral": " [Japan, Go Nishida, Hannan University]"}, "163": {"mixtral": " [Canada, Regina Saskatchewan, Saskatchewan]"}, "164": {"mixtral": " [Aube (river), France]"}, "165": {"mixtral": " [Virgin Records, Charisma Records, Atlantic Records]"}, "166": {"mixtral": " [Electronica, Bailey-Salgado Project, Chicago]"}, "167": {"mixtral": " [Maurice Sunguti, Express FC, Tusker F.C., Friska Viljor FC]"}, "168": {"mixtral": " [S-Bahn Rhein-Main, Rhein-Main-Verkehrsverbund]"}, "169": {"mixtral": " [Dombivli, BJP, Keshubhai Patel]"}, "170": {"mixtral": " [Hanazakarino Kimitachihe, Puli Nantou, Taiwan, Chung Shan Medical University]"}, "171": {"mixtral": " [Iran Standard Time, Vaqasluy-e Olya, Iran Daylight Time] or [Iran Standard Time, West Azerbaijan Province, Iran Daylight Time] or [Iran Standard Time, Urmia County, Iran Daylight Time]\n\nThese are the shortest paths between Iran Standard Time and Iran Daylight Time, as they all involve 2 hops."}, "172": {"mixtral": " [U.S. Salernitana 1919, Mohamed Fofana (French striker), France]"}, "173": {"mixtral": " [Germany, Haselbach Thuringia]"}, "174": {"mixtral": " [Michael Marshall (skeptic), Scientific skepticism, Apostacon, United States, Germany]"}, "175": {"mixtral": " [Album, A White Sport Coat and a Pink Crustacean, Country music]"}, "176": {"mixtral": " [Soviet Union, Vladimir Kesarev]"}, "177": {"mixtral": " [Madrid, Spain, Central European Time]"}, "178": {"mixtral": " [Scoparia ingratella, Arthropod]"}, "179": {"mixtral": " [Acacia simulans, Plant]"}, "180": {"mixtral": " [House of Hohenzollern, Saxe-Lauenburg, Napoleonic Wars]"}, "181": {"mixtral": " The shortest path between New Jersey and United States is: [New Jersey, United States]"}, "182": {"mixtral": " [Caracas FC, Caracas, Venezuela, San Fernando de Apure]"}, "183": {"mixtral": " [Animal, Muricoidea, Gastropoda, Xymene convexus]"}, "184": {"mixtral": " [Alex Proyas, I Robot (film)]"}, "185": {"mixtral": " [Fabriano, John dal Bastone]\n\nJustification: The relationship between Fabriano and John dal Bastone is explicitly given as birthPlace. This is a direct connection, so there are no intermediate entities to include in the path."}, "186": {"mixtral": " [Roy Edwards, Ontario]"}, "187": {"mixtral": " [Iran Standard Time, Golestan Province, Iran] or [Iran Standard Time, Kerman Province, Jiroft County, Esfandaqeh Rural District, Abbasabad  Esfandaqeh, Iran] or [Iran Standard Time, Fars Province, Iran]\n\nExplanation:\n\n1. There are three paths from Iran Standard Time to Fars Province.\n2. The first path is through Golestan Province: [Iran Standard Time, Golestan Province, Iran].\n3. The second path is through Kerman Province and Jiroft County: [Iran Standard Time, Kerman Province, Jiroft County, Esfandaqeh Rural District, Abbasabad  Esfandaqeh, Iran].\n4. The third path is directly connected: [Iran Standard Time, Fars Province, Iran].\n5. All three paths have the same number of hops, which is the minimum.\n6. Therefore, the shortest paths are: [Iran Standard Time, Golestan Province, Iran], [Iran Standard Time, Kerman Province, Jiroft County, Esfandaqeh Rural District, Abbasabad  Esfandaqeh, Iran], and [Iran Standard Time, Fars Province, Iran]."}, "188": {"mixtral": " [MTV Hits (Europe), Viacom International Media Networks (Europe), MTV Hits (Italy)]"}, "189": {"mixtral": " [Brussels, King Baudouin Stadium]"}, "190": {"mixtral": " The shortest path between FK Obili\u0107 and FK Partizan is: [FK Obili\u0107, Milorad Pekovi\u0107, FK Partizan]"}, "191": {"mixtral": " The shortest path between Twin Peaks and Mark Frost is: [Twin Peaks, Mark Frost]"}, "192": {"mixtral": " [Cavalry, Massimo d'Azeglio, Piedmont]"}, "193": {"mixtral": " [Pop music, J-pop, Avex Trax]"}, "194": {"mixtral": " [Faryab County, Iran, Kerman Province, Bardsir County]"}, "195": {"mixtral": " [Bridlington, East Riding of Yorkshire]"}, "196": {"mixtral": " [Jagathalaprathapan (1944 film), S. M. Sriramulu Naidu]"}, "197": {"mixtral": " [Muricoidea, Gastropoda]"}, "198": {"mixtral": " [Anelaphus, Beetle, Arthropod, Animal]"}, "199": {"mixtral": " [Mankato Minnesota, John Sontag]"}, "200": {"mixtral": " [Judy Moody and the Not Bummer Summer, Richard Gibbs, Heather Graham]"}, "201": {"mixtral": " [Arthropod, Animal, Argyractis]"}, "202": {"mixtral": " [Leptostylopsis, Lamiinae, Longhorn beetle, Cerambycidae, Leptostylopsis cristatus]"}, "203": {"mixtral": " [Bryn\u00e4s IF, Stephen Dixon (ice hockey), Tappara]"}, "204": {"mixtral": " [Insect, Animal, Arthropod, Aiyura (moth), Lepidoptera] or [Insect, Crambidae, Arthropod, Aiyura (moth), Lepidoptera]\n\nThese are the two shortest paths between Insect and Lepidoptera, with a minimum of 5 hops."}, "205": {"mixtral": " [Nuclear War (video game), Turn-based strategy]"}, "206": {"mixtral": " [Iran, Kerman Province, Sirjan County, Central District (Sirjan County)]"}, "207": {"mixtral": " [Philip Nitschke, University of Sydney, Australia, South Australia]"}, "208": {"mixtral": " [Arthropod, Insect, Mordellidae]"}, "209": {"mixtral": " [Fenneviller, Meurthe-et-Moselle, France, Paris]"}, "210": {"mixtral": " The shortest path between Sergei Rashevsky and FC Ural Sverdlovsk Oblast is: [Sergei Rashevsky, FC Ural Sverdlovsk Oblast]"}, "211": {"mixtral": " [John M. Walker, Major, Alex. Brown & Sons]"}, "212": {"mixtral": " [El Molin\u00f3n, 2014-15 Sporting de Gij\u00f3n season]"}, "213": {"mixtral": " [Raju Bhai, Rajiv Kanakala, India]"}, "214": {"mixtral": " [Weathermaker Music, Lionize, Clutch (band), Dan Maines]"}, "215": {"mixtral": " [Taoyuan City, Yangmei District, Taoyuan Taiwan]"}, "216": {"mixtral": " [United States, Democratic Party (United States)]"}, "217": {"mixtral": " [Jessie Street, Australia]"}, "218": {"mixtral": " [Mammal, Egyptian weasel, Animal]"}, "219": {"mixtral": " [Brown Sugar Macchiato, The Legend of Brown Sugar Chivalries, Yako Chan]"}, "220": {"mixtral": " Here is the shortest path between United States and Anthony Leiserowitz in this network: [United States, Paul Slovic, Anthony Leiserowitz]. This path has a length of 2 hops."}, "221": {"mixtral": " [Bill Tung, In the Blood (1988 film), Andy Lau]"}, "222": {"mixtral": " [Arsenio Iglesias, Arteixo, Zara (retailer)]"}, "223": {"mixtral": " The shortest path between Norway and Linn Oeymo is: [Norway, Linn Oeymo]"}, "224": {"mixtral": " [Asterids, Angiosperms, Eudicots, Stylidium candelabrum]"}, "225": {"mixtral": " The shortest path between PIMCO and Financial Services is: [PIMCO, Chief executive officer, Financial Services]"}, "226": {"mixtral": " [Kermanshah County, Kermanshah Province, Harsin County]"}, "227": {"mixtral": " [Arizona Terror, Phil Rosen]"}, "228": {"mixtral": " [Istanbul, Eastern European Time]"}, "229": {"mixtral": " The shortest path between Iran Daylight Time and Iran is: [Iran Daylight Time, Gol Darreh Kermanshah, Iran]"}, "230": {"mixtral": " [South Korea, Becoming a Billionaire, 1080i]"}, "231": {"mixtral": " [Electronic music, Synthesizer, Alan Parsons]"}, "232": {"mixtral": " [Oppland, Kyrkja, Norway, Central European Time]"}, "233": {"mixtral": " [Trip hop, Marc Jameson, Genre]"}, "234": {"mixtral": " [Trigonogya, Insect, Animal, Buprestidae]\n\nExplanation:\n\n- Trigonogya and Insect are directly connected via the relationship class.\n- Insect and Animal are directly connected via the relationship kingdom.\n- Animal and Buprestidae are directly connected via the relationship kingdom.\n\nThis results in a shortest path of three hops: [Trigonogya, Insect, Animal, Buprestidae]."}, "235": {"mixtral": " [Capitol Nashville, Mel McDaniel, Singer-songwriter] or [Capitol Nashville, Russell Smith (singer), Singer-songwriter]"}, "236": {"mixtral": " [Hard rock, Led Zeppelin II, Led Zeppelin]"}, "237": {"mixtral": " [Garage rock, Turn the Lights Out, Matador Records, Album] or [Garage rock, Celebration Castle, Album]\n\nThese two paths are the shortest paths between Garage rock and Album, with each path having a length of 3 hops."}, "238": {"mixtral": " [FC SKAF Minsk, Uladzimir Bushma, FC Shakhtyor Salihorsk]"}, "239": {"mixtral": " [Dong Fuxiang, Seymour Expedition]"}, "240": {"mixtral": " [St. Boniface High School (Kimberley South Africa), Kimberley Northern Cape, Denis Bowen]"}, "241": {"mixtral": " [Songs from St. Somewhere, Michael Utley]"}, "242": {"mixtral": " [Montpellier\u2013M\u00e9diterran\u00e9e Airport, Montpellier, H\u00e9rault]"}, "243": {"mixtral": " [Animalia, Perciformes, Chordata]"}, "244": {"mixtral": " [J\u00f3zef Razowski, Henricus cristobalicus, Arthropod]"}, "245": {"mixtral": " [When Can I See You Again%, Synthpop]"}, "246": {"mixtral": " [Scream/Childhood, Michael Jackson]"}, "247": {"mixtral": " [GM LS engine, 2010 Rolex Sports Car Series  Autohaus Motorsports  5]"}, "248": {"mixtral": " [Sex and the City 2, Darren Star, Cashmere Mafia]"}, "249": {"mixtral": " [Nicholas D'Agosto, Rocket Science (film)]"}, "250": {"mixtral": " [Iran Standard Time, Qanqoli-ye Olya]"}, "251": {"mixtral": " [Idiochlora, Geometridae]"}, "252": {"mixtral": " [Wokingham Town F.C., Ted Hanney, Bradfield  Berkshire, Bradfield College]"}, "253": {"mixtral": " [Patrick Seifert, West Germany, Germany, Sebastian Uvira]"}, "254": {"mixtral": " [Jules Baga, Cameroon, Bafoussam]"}, "255": {"mixtral": " [Run  Buddy  Run, Talent Associates, The Glass Menagerie (1973 film)]"}, "256": {"mixtral": " [Neothais, Neothais harpa, Muricoidea]"}, "257": {"mixtral": " [Croissant, France, Breakfast, Jack's]"}, "258": {"mixtral": " [Osteichthyes, Actinopterygii, Perciformes, Periophthalmus, Chordate]"}, "259": {"mixtral": " [Iran, Markazi Province]"}, "260": {"mixtral": " [List of Slovak football transfers winter 2"}, "261": {"mixtral": " [Insect, Polyphaga, Insect, Pseudodeltote] or [Insect, Arthropod, Insect, Pseudodeltote]"}, "262": {"mixtral": " [Willy Birgel, Captain Wronski]"}, "263": {"mixtral": " [Asteroideae, Asteraceae]"}, "264": {"mixtral": " [Associated British-Path\u00e9, Murder Without Crime, Dennis Price]"}, "265": {"mixtral": " [Kiss Me  Stupid, Felicia Farr, The First Texan, 20th Century Fox]\n[Kiss Me  Stupid, United Artists, Thunder in the City, Aben Kandel, They Won't Forget, Aben Kandel, Time Table (film), United Artists, 20th Century Fox]\n[Kiss Me  Stupid, United Artists, Time Table (film), Aben Kandel, They Won't Forget, Aben Kandel, The Last Wagon (1956 film), 20th Century Fox]\n[Kiss Me  Stupid, Felicia Farr, The Last Wagon (1956 film), 20th Century Fox]\n[Kiss Me  Stupid, United Artists, Time Table (film), United Artists, 20th Century Fox]\n\nThere are 5 shortest paths with 4 hops and 1 shortest path with 5 hops between Kiss Me  Stupid and 20th Century Fox."}, "266": {"mixtral": " [Str\u00f6mstad Municipality, Str\u00f6mstad, Central European Time, Central European Summer Time]"}, "267": {"mixtral": " [Meinrad II Prince of Hohenzollern-Sigmaringen, Sigmaringen, Karl Friedrich Prince of Hohenzollern-Sigmaringen]"}, "268": {"mixtral": " [Austria-Hungary, Hugo von Hofmannsthal, University of Vienna]"}, "269": {"mixtral": " [Alexander Rad\u00f3, Hungary]"}, "270": {"mixtral": " [MacOS, OpenFL, IOS]"}, "271": {"mixtral": " [Germany, Reutlingen]"}, "272": {"mixtral": " [Mehed ei nuta, Enn Vetemaa]"}, "273": {"mixtral": " [S.C. Farense, Est\u00e1dio Algarve, Louletano D.C.]"}, "274": {"mixtral": " [The Dead Man's Knock, Detective fiction, Death Turns the Tables]\n\nExplanation:\n\nThe Dead Man's Knock and Death Turns the Tables share a common literaryGenre, Detective fiction. So, the shortest path between these two entities is:\n\n1. The Dead Man's Knock\n2. Detective fiction\n3. Death Turns the Tables"}, "275": {"mixtral": " [Aeger, Malacostraca, Crustacean, Arthropod, Aeger tipularius]"}, "276": {"mixtral": " [City, Tempe Arizona, David Schapira, George Washington University]"}, "277": {"mixtral": " [Kabul, Adolph Dubs, Illinois]"}, "278": {"mixtral": " [Birkenhead, Kristian Platt, England]"}, "279": {"mixtral": " [Khojewali, Panchayati raj (India), India, Ludhiana district]\n\nExplanation:\n1. Khojewali is directly connected to Panchayati raj (India) and India.\n2. To reach Ludhiana district, we need to traverse through India, which is a common connection between Khojewali and Ludhiana district.\n3. Finally, Ludhiana district is directly connected to India.\n\nTherefore, the shortest path between Panchayati raj (India) and Ludhiana district is [Khojewali, Panchayati raj (India), India, Ludhiana district]."}, "280": {"mixtral": " [Monocots, Iridaceae, Iris (plant)] or [Monocots, Iris histrio, Iris (plant)] or [Monocots, Iridoideae, Iris (plant)]\n\nThese are the shortest paths between Monocots and Iris (plant) as they only require traversing 3 edges. Other paths may exist, but they will not be shorter than these."}, "281": {"mixtral": " [Shiraz County, Fars Province, Sar Mur  Fars, Qarah Chaman Rural District, Mazraeh-ye Rahmatabad]"}, "282": {"mixtral": " [Gorlice-Tarn\u00f3w Offensive, 58th Infantry Division (German Empire), German Army (German Empire), World War I, Battle of Verdun]"}, "283": {"mixtral": " [Jay O. Sanders, The Voyage Home (The Outer Limits)]"}, "284": {"mixtral": " [Rudhra (film), Gouthami]"}, "285": {"mixtral": " [Diab al-Mashi, Manbij]"}, "286": {"mixtral": " The shortest path between England and Veronica Wedgwood is: [England, London, Veronica Wedgwood]"}, "287": {"mixtral": " [Allier (river), Loz\u00e8re]"}, "288": {"mixtral": " [Lepidoptera, Ornarantia contrariana, Arthropod, Insect]"}, "289": {"mixtral": " Here is the shortest path between Tottenham Hotspur F.C. Reserves and Academy and Slovakia national under-17 football team:\n\n[Tottenham Hotspur F.C. Reserves and Academy, Filip Lesniak, Slovakia national under-17 football team]\n\nThis path is shortest because it only has 3 hops, and there are no other paths with fewer hops between these two entities."}, "290": {"mixtral": " [Amour Patrick Tignyemb, Tonnerre Yaound\u00e9]"}, "291": {"mixtral": " [KCAI, Air 1]"}, "292": {"mixtral": " [Roda JC Kerkrade, Arjan Swinkels, Lierse S.K.]"}, "293": {"mixtral": " [Kiss the Girl  Kiss the Girl  1, Howard Ashman]"}, "294": {"mixtral": " [Canada, Jessie Van Roechoudt]"}, "295": {"mixtral": " [Arthropod, Insect, Lepidoptera]\n\nExplanation:\n\n1. Lepidoptera and Insect are both part of the same class (Insect), so one shortest path between them is [Lepidoptera, Insect].\n2. Arthropod and Insect are connected through the kingdom relationship, and Insect is already a part of the path. Therefore, the shortest path between Arthropod and Lepidoptera is [Arthropod, Insect, Lepidoptera]."}, "296": {"mixtral": " [Some Mothers Do 'Ave 'Em, Michele Dotrice, The Blood on Satan's Claw]"}, "297": {"mixtral": " [Steve Dorff, My Best Friend Is a Vampire, David Warner (actor), Ren\u00e9 Auberjonois]"}, "298": {"mixtral": " [Canada, Montreal]"}, "299": {"mixtral": " [Winger (ice hockey), Krys Barch, Canada]"}, "300": {"mixtral": " [Michigan, Berrien County Michigan, New Buffalo Michigan]"}, "301": {"mixtral": " [Iran, Gholam Reza Azhari, Shiraz]"}, "302": {"mixtral": " [Herzegovina, Federation of Bosnia and Herzegovina, Bosnia and Herzegovina, City]"}, "303": {"mixtral": " [Asterids, Heliantheae]"}, "304": {"mixtral": " [Iran, West Azerbaijan Province, Razi West Azerbaijan, Qatur Rural District]"}, "305": {"mixtral": " [Wisconsin, United States, Northern Lights Express]"}, "306": {"mixtral": " [Astoria Stakes, Now What (horse), Arlington-Washington Lassie Stakes]"}, "307": {"mixtral": " [New York Cosmos (1971\u20131985), Erhardt Kapp, United States men's national soccer team]"}, "308": {"mixtral": " [French Montana, Diggy Simmons, Queens]"}, "309": {"mixtral": " [Sleeping with Sirens, With Ears to See and Eyes to Hear, Let's Cheers to This]"}, "310": {"mixtral": " [Plantae, Eudicots]"}, "311": {"mixtral": " [Bangkok Glass F.C., Thailand, TOT S.C.]"}, "312": {"mixtral": " [Sochi International Airport, Donavia, Rostov-on-Don Airport]"}, "313": {"mixtral": " [Roots rock, Dire Straits]"}, "314": {"mixtral": " [Brad Bird, Walt Stanchfield, Los Angeles California]"}, "315": {"mixtral": " [United States, Alfred A. Knopf, Jurassic Park (novel)]"}, "316": {"mixtral": " [JS du T\u00e9n\u00e9r\u00e9, Niamey, Raja Casablanca]"}, "317": {"mixtral": " [Ramshir, Ramshir County]"}, "318": {"mixtral": " [Polyphaga, Insect, Beetle]"}, "319": {"mixtral": " [Enga Province, Papua New Guinea, Madang Province, Time in Australia]"}, "320": {"mixtral": " [Dicrurus, Bronzed drongo, Chordata, Animal]"}, "321": {"mixtral": " [Mark Montigny, Bristol County Massachusetts]"}, "322": {"mixtral": " [Laurence Rosenthal, Man of La Mancha (film), Alberto Grimaldi]"}, "323": {"mixtral": " [US Colomiers Football, Ludovic Mary, Suresnes, France] or [US Colomiers Football, Championnat de France Amateur, France]"}, "324": {"mixtral": " [Rahman (actor), Nilave Malare (film), Shalini]"}, "325": {"mixtral": " [Olga Taussky-Todd, Hanna Neumann, University of G\u00f6ttingen, Steglitz-Zehlendorf]"}, "326": {"mixtral": " [Hip hop music, Ithaka Darin Pappas, Underground Sound of Lisbon, Lisbon]"}, "327": {"mixtral": " [United States, Maine, Bath Maine, Bath Iron Works, German destroyer M\u00f6lders]"}, "328": {"mixtral": " [Japan, Ceui, J-pop]"}, "329": {"mixtral": " [Defender (football), Vladim\u00edr T\u00e1borsk\u00fd]]"}, "330": {"mixtral": " [France, Amanda Langlet, Pauline at the Beach, N\u00e9stor Almendros]"}, "331": {"mixtral": " [Iran Daylight Time, Latvand-e Baraftab, Iran Standard Time]"}, "332": {"mixtral": " [Entre el amor y el deseo, Mexico, Coahuila]"}, "333": {"mixtral": " [Orthops campestris, Arthropod]"}, "334": {"mixtral": " [Eudicots, Anacardiaceae, Semecarpus gardneri]\n\nExplanation:\n\n1. Eudicots is directly connected to Anacardiaceae.\n2. Anacardiaceae is directly connected to Semecarpus gardneri.\n3. Therefore, the shortest path between Eudicots and Semecarpus gardneri is: [Eudicots, Anacardiaceae, Semecarpus gardneri]"}, "335": {"mixtral": " [Bury F.C., Cameron Belford, Coventry City F.C.]"}, "336": {"mixtral": " [The Iron Ceiling, Richard Short (actor)]"}, "337": {"mixtral": " [Iran, Allahabad Tiran and Karvan, Iran Standard Time]"}, "338": {"mixtral": " [CAC Woomera, Torpedo bomber, Blackburn Baffin] or [Blackburn Ripon, Blackburn Baffin]\n\nThe shortest path between CAC Woomera and Blackburn Baffin can be achieved through the Torpedo bomber entity, which connects them directly. Alternatively, they are also connected indirectly through the Blackburn Ripon entity, as Blackburn Ripon is a predecessor of Blackburn Baffin and both are manufactured by Blackburn Aircraft."}, "339": {"mixtral": " [Stachy, South Bohemian Region, Zbytiny]"}, "340": {"mixtral": " [Alphabutt, K Records, Indie rock, Anti-folk] or [Alphabutt, Kimya Dawson, Remember That I Love You, Anti-folk]"}, "341": {"mixtral": " [Leonard Matlovich, United States Air Force, Vietnam War]"}, "342": {"mixtral": " [Myrtaceae, Acmena ingens, Rosid] or [Myrtaceae, Acmena, Rosid] or [Myrtaceae, Acmena hemilampra, Rosid]"}, "343": {"mixtral": " [Electronic music, Tim Ward (musician), Vocals]"}, "344": {"mixtral": " [Atlantic Standard Time Zone, Humait\u00e1 Amazonas, Time in Brazil]"}, "345": {"mixtral": " [Chordata, Veracruz whiff, Actinopterygii]"}, "346": {"mixtral": " [M\u0103ria River, Bistri\u0163a-N\u0103s\u0103ud County]"}, "347": {"mixtral": " [Problematic (album), Bill Stevenson (musician), Stephen Egerton (guitarist)] or [Problematic (album), Epitaph Records, Stephen Egerton (guitarist)]"}, "348": {"mixtral": " [Fender Stratocaster, New Hollow, Rock music]"}, "349": {"mixtral": " [Gambusia, Animal]"}, "350": {"mixtral": " [David Gordon Green, Goat (2016 film), The Film Arcade]"}, "351": {"mixtral": " [Dear My Friend, Mitsuru Igarashi, Every Little Thing (band), Necessary (song)]"}, "352": {"mixtral": " [Darreh Zeydi, Bagh-e Malek County, Khuzestan Province, Fars Province]"}, "353": {"mixtral": " [Arthropod, Animal, Myrmeciinae, Hymenoptera]\n\nHere's the reasoning:\n\n1. Start with Arthropod.\n2. Arthropod is connected to Animal via the relationship kingdom.\n3. Animal is connected to Myrmeciinae via the relationship kingdom.\n4. Myrmeciinae is connected to Hymenoptera via the relationship order.\n5. Therefore, the shortest path between Arthropod and Hymenoptera is [Arthropod, Animal, Myrmeciinae, Hymenoptera]."}, "354": {"mixtral": " [Jabalpur, Narendra Nath, Prem Chopra]"}, "355": {"mixtral": " [Dezful County, Khuzestan Province, Iran, Iran Daylight Time]"}, "356": {"mixtral": " [Deltocephalini, Hemiptera, Arthropod, Animal, Insect, Deltocephalinae]"}, "357": {"mixtral": " [Midfielder, Miroslav Stoch, List of Dutch football transfers summer 2009]"}, "358": {"mixtral": " [Finist\u00e8re, France, Paris]"}, "359": {"mixtral": " [Order of Osmanieh, Charles George Gordon, How Few Remain  Second Mexican War  1, Queen Victoria, United Kingdom, Cornwall]"}, "360": {"mixtral": " [People's Republic of China, Communist Party of China]"}, "361": {"mixtral": " [Florida Tuskers, Brooks Bollinger, New York Jets, Detroit Lions]"}, "362": {"mixtral": " [LXC, Linux, KDE Software Compilation]"}, "363": {"mixtral": " [Guitar, Luiza Possi, Vocal]"}, "364": {"mixtral": " [Belarus national football team, Vadim Skripchenko, Malaryta]"}, "365": {"mixtral": " [Jeff-Denis Fehr, BSV Schwarz-Wei\u00df Rehden, Paulo Jorge Fernandes Sereno]"}, "366": {"mixtral": " [Pop music, Pop rock, Kalomira (album)]"}, "367": {"mixtral": " [Hapoel Ashkelon F.C., Maor Janah]"}, "368": {"mixtral": " [Inha University, Song Yoo-geun]"}, "369": {"mixtral": " [2013 U.S. National Indoor Tennis Championships, United States]"}, "370": {"mixtral": " [Arthropod, Insect, Animal]"}, "371": {"mixtral": " [Business, William T. Moore (Texas politician), United States]"}, "372": {"mixtral": " [Jos\u00e9 Mar\u00eda de la Cruz, Battle of Chacabuco]"}, "373": {"mixtral": " [Some Things Are Meant to Be, Linda Davis, Arista Records]"}, "374": {"mixtral": " [Hidden Gold, William Boyd (actor)]"}, "375": {"mixtral": " [Fire and Stone (album), The Gray Havens, Ghost of a King]"}, "376": {"mixtral": " [Bolitoglossa pesrubra, Edward Harrison Taylor]"}, "377": {"mixtral": " [MilkyWay, Pop music, J-pop, Japanese pop]"}, "378": {"mixtral": " [Richmond Virginia, Perry Moore, Children's literature, Tell Them Anything You Want: A Portrait of Maurice Sendak]"}, "379": {"mixtral": " [Conservative Party of Canada (historic), Louis-Rodrigue Masson]"}, "380": {"mixtral": " [France, Yvelines]"}, "381": {"mixtral": " [Belarussian SSR, Dzmitry Kavalyonak, Minsk] or [Belarussian SSR, Dzmitry Kavalyonak, FC Dinamo Minsk] are the shortest paths between Belarussian SSR and Dzmitry Kavalyonak in this network."}, "382": {"mixtral": " [Rondinella Calcio, Christian Rigan\u00f2, Ternana Calcio]"}, "383": {"mixtral": " [Manfred Eicher, ECM Records, The Melody at Night with You]"}, "384": {"mixtral": " [Young Blood (Norah Jones song), It's Gonna Be, Blue Note Records]"}, "385": {"mixtral": " [Valdres, Oppland, Vinstre]"}, "386": {"mixtral": " [Insect, Animal]"}, "387": {"mixtral": " The shortest path between Mohammad Shah Qajar and Fath-Ali Shah Qajar is: [Mohammad Shah Qajar, Fath-Ali Shah Qajar]\n\nExplanation:\n- Mohammad Shah Qajar is directly connected to Fath-Ali Shah Qajar via the relationship successor."}, "388": {"mixtral": " [Olomouc Region, Czech Republic, Vienna]"}, "389": {"mixtral": " [Passeriformes, Bird, Chordata]"}, "390": {"mixtral": " [Doom engine, Hexen: Beyond Heretic]"}, "391": {"mixtral": " [Kreatiivmootor, Tallinn, Estonia]"}, "392": {"mixtral": " [Gilan Province, Iran Standard Time, Iran, Iran Standard Time, Ilam Province, Ilam Province isPartOf Qalandar-e Olya] or [Gilan Province, Iran Standard Time, Iran, Iran Daylight Time, Iran, Iran Daylight Time, Ilam Province, Ilam Province isPartOf Qalandar-e Olya]\n\nBoth paths have the same number of entities (hops), so either one could be considered the shortest. The difference between the two paths is due to the fact that Gilan Province and Qalandar-e Olya are connected through two different time zones (Iran Standard Time and Iran Daylight Time) depending on the time of the year."}, "393": {"mixtral": " [London School of Economics, Chris Matheson (British politician), United Kingdom, England]"}, "394": {"mixtral": " [Music download, Higher (Sigma song)]"}, "395": {"mixtral": " [Le Roi des Champs-\u00c9lys\u00e9es, Buster Keaton]"}, "396": {"mixtral": " [Malaysian Highway Authority, Sultan Azlan Shah Bridge, Malaysian Highway Authority, Sultan Abdul Halim Muadzam Shah Bridge  Penang Seco  1]\n\nOR\n\n[Malaysian Highway Authority, Sultan Abdul Halim Muadzam Shah Bridge  Penang Seco  1]\n\nThese are the shortest paths between Malaysian Highway Authority and Sultan Abdul Halim Muadzam Shah Bridge  Penang Seco  1, as there is a bi-directional relationship between Malaysian Highway Authority and these two bridges."}, "397": {"mixtral": " [Peter Yeldham, Victim Five, Harry Alan Towers]"}, "398": {"mixtral": " [Chordate, Collared treepie, Bird, Animal]"}, "399": {"mixtral": " [Akwa language, Bantoid languages]"}, "400": {"mixtral": " [Plantae, Eremophila (plant)]"}, "401": {"mixtral": " The shortest path between Chesterfield  Missouri and Sean Dolan is: [Chesterfield  Missouri, Sean Dolan]"}, "402": {"mixtral": " [Sweden, Central European Time, N\u00e1chod District]"}, "403": {"mixtral": " [France, Franche-Comt\u00e9]"}, "404": {"mixtral": " [The Little Engine That Could (1991 film), Wales, Frank Welker]"}, "405": {"mixtral": " [Canada, Edmund Wyly Grier, Slade School of Art]"}, "406": {"mixtral": " [2014 Nebraska Cornhuskers football team, 2014 Wisconsin Badgers football team]"}, "407": {"mixtral": " [Canada, Toyota RAV4 EV  Second generation  1, Fremont  California]"}, "408": {"mixtral": " [Mehranrud-e Markazi Rural District, East Azerbaijan Province, Bostanabad County, Abbas-e Gharbi Rural District]"}, "409": {"mixtral": " [Madrid, Vicente Calder\u00f3n Stadium]"}, "410": {"mixtral": " [Microcrambus, Insect, Animal] or [Microcrambus, Arthropod, Animal]\n\nExplanation:\nThe shortest path between Microcrambus and Animal can be achieved in two ways with a length of 2 hops. \n\n1. Microcrambus (order Lepidoptera) -> Insect (kingdom Animal) -> Animal\n2. Microcrambus (order Lepidoptera, phylum Arthropod) -> Arthropod (kingdom Animal) -> Animal\n\nBoth paths are equally short, and the choice between them depends on the context or desired granularity of the path."}, "411": {"mixtral": " [Ed Fulton, Scarborough Toronto, Gus Harris]"}, "412": {"mixtral": " [Rock music, Cho Dependent, Garrison Starr]\n\nExplanation:\n\n1. Start with the entity Rock music.\n2. The shortest path to reach Garrison Starr is through the entity Cho Dependent, as they are directly connected via the relationship genre.\n3. Therefore, the shortest path between Rock music and Garrison Starr is: [Rock music, Cho Dependent, Garrison Starr]"}, "413": {"mixtral": " [Paraguay, Gustavo G\u00f3mez, A.C. Milan]"}, "414": {"mixtral": " [Hajjiabad County, Hormozgan Province, Iran, Fars Province]"}, "415": {"mixtral": " [Okahandja, South African Standard Time]"}, "416": {"mixtral": " [Yuri Dubrovin, FC Luch-Energiya Vladivostok]"}, "417": {"mixtral": " [Otto Preminger, Where the Sidewalk Ends (film), Joseph LaShelle]"}, "418": {"mixtral": " [Iran Daylight Time, Tehran Province, Jamabrud Rural District]"}, "419": {"mixtral": " [Tulisa, The X Factor (UK TV series), Camden Town] or [Tulisa, N-Dubz, Camden Town]\n\nThe shortest path between Tulisa and Camden Town is through either \"The X Factor (UK TV series)\" or \"N-Dubz\" with a length of 2 hops in both cases."}, "420": {"mixtral": " [FC KAMAZ-Chally Naberezhnye Chelny, Aleksei Babenko, FC Anzhi Makhachkala]"}, "421": {"mixtral": " [Party of Rights, Zagreb, Eugen Kvaternik, Rakovica Croatia]"}, "422": {"mixtral": " [Jimmy Bowen, Men'll Be Boys, Fire in the Dark]"}, "423": {"mixtral": " [West Coast hip hop, Hip hop music]"}, "424": {"mixtral": " [Iran Daylight Time, Iran, Iran Standard Time, Qazvin County, Hasan Khani  Qazvin]"}, "425": {"mixtral": " [Johnathon Schaech, Judas (film), Michael Goi]"}, "426": {"mixtral": " [Eudicots, Terminalia (plant), Terminalia parviflora]"}, "427": {"mixtral": " [Hama Governorate, Al-Uwayr, Village]"}, "428": {"mixtral": " [Angiosperms, Bulbophyllum manarae, Epidendroideae]"}, "429": {"mixtral": " [Moscow, Dmitri Ekimov]"}, "430": {"mixtral": " [1960 Scottish League Cup Final, 1959 Scottish League Cup Final]"}, "431": {"mixtral": " [County of Sponheim, Bad Kreuznach, Germany]"}, "432": {"mixtral": " [Roland Gross, The Deep Six, William Bendix]"}, "433": {"mixtral": " [West Pomeranian Voivodeship, Poland]"}, "434": {"mixtral": " [Vancouver Canucks, Barry Wilkins, Defenceman (ice hockey)]"}, "435": {"mixtral": " [Cypriniformes, Cyprinidae]"}, "436": {"mixtral": " [Berlin Offensive, 50th Rifle Division (Soviet Union)]"}, "437": {"mixtral": " [Veracruz Veracruz, Adriana Fonseca, Actress]"}, "438": {"mixtral": " [Iran, Razavi Khorasan Province, Bala Velayat District, Bala Velayat Rural District (Bakharz County), Deh-e Now Bakharz]"}, "439": {"mixtral": " [Fred Johnston (writer), Belfast, Northern Ireland, County Down]"}, "440": {"mixtral": " The shortest path between Iran and Omm ol Ghaffari is: [Iran, Iran Standard Time, Omm ol Ghaffari]"}, "441": {"mixtral": " [Patrick Carney, The Black Keys, V2 Records]"}, "442": {"mixtral": " [Balu West Azerbaijan, Iran, Iran Daylight Time]"}, "443": {"mixtral": " [Ak\u0131n \u00d6zt\u00fcrk, Turkish Air Force, Turkish War of Independence]"}, "444": {"mixtral": " [Aethes, Aethes macasiana]"}, "445": {"mixtral": " [Cerobasis denticulata, Psocodea, Insect]"}, "446": {"mixtral": " The shortest path between Toronto and Cycling is: [Toronto, Community Bicycle Network, Cycling]"}, "447": {"mixtral": " [Arthropoda, Acrodipsas aurata, Lepidoptera]"}, "448": {"mixtral": " [Cerceris, Cerceris fumipennis, Philanthinae]\n\nExplanation:\n\n1. Cerceris is connected to Cerceris fumipennis via the relationship genus.\n2. Cerceris fumipennis is connected to Philanthinae via the relationship family.\n\nTherefore, the shortest path between Cerceris and Philanthinae is [Cerceris, Cerceris fumipennis, Philanthinae]."}, "449": {"mixtral": " [Plantae, Bulbophyllum lemnifolium, Angiosperms]"}, "450": {"mixtral": " [Arthropod, Insect, Crocidomera, Crocidomera fissuralis]"}, "451": {"mixtral": " [Wallace Fox, Bowery Blitzkrieg, Robert Golden]"}, "452": {"mixtral": " [Drama, Tere Bin (TV series), Mumbai, India, Kanpur]"}, "453": {"mixtral": " [Defender (association football), Domingos Nascimento dos Santos Filho, Brazil]"}, "454": {"mixtral": " [Animals That Swim, Goya Dress, Nude Records]"}, "455": {"mixtral": " [The Diary of Ellen Rimbauer (miniseries), Gary Chang, United States]"}, "456": {"mixtral": " [Vertebrata, Vertebrate, Chordata, Chordate, Animalia]"}, "457": {"mixtral": " [Central European Time, Leira S\u00f8r-Tr\u00f8ndelag, Tr\u00f8ndelag]"}, "458": {"mixtral": " [Hardcover, Crack'd Pot Trail, PS Publishing]"}, "459": {"mixtral": " [Spain, Aragon]"}, "460": {"mixtral": " [Paul Richter, King of the Centre Forwards, Bavaria Film]"}, "461": {"mixtral": " [Winchester  Nevada, Still Want You, Music download, Can't Deny My Love]"}, "462": {"mixtral": " [United States of Tara, Overland Park Kansas, Tim DeLaughter]"}, "463": {"mixtral": " [KTVO, Sinclair Broadcast Group, WHOI (TV)]"}, "464": {"mixtral": " [Pakistani community of London, London Borough of Harrow, Stanmore College, England]"}, "465": {"mixtral": " [Kuhle Wampe, George Hoellering, Hanns Eisler]\n\nHere's the reasoning:\n\n1. Barbara Brecht-Schall is not directly or indirectly connected to George Hoellering or Hanns Eisler.\n2. G\u00fcnther Krampf is not directly connected to George Hoellering or Hanns Eisler, but he is connected to Kuhle Wampe.\n3. Ernst Ottwalt is not directly connected to George Hoellering or Hanns Eisler, but he is connected to Kuhle Wampe.\n4. Bertolt Brecht is not directly connected to George Hoellering or Hanns Eisler, but he is connected to Kuhle Wampe and East Germany.\n5. Slatan Dudow is connected to Kuhle Wampe, The Captain from Cologne, Unser t\u00e4glich Brot (1949 film), and Hanns Eisler.\n6. Kuhle Wampe is connected to George Hoellering and Hanns Eisler.\n\nThe shortest path between George Hoellering and Hanns Eisler is through Kuhle Wampe, as they are both directly connected to it.\n\n[Kuhle Wampe, George Hoellering, Hanns Eisler]"}, "466": {"mixtral": " [Battista Sforza, Federico da Montefeltro, Alessandro Sforza]"}, "467": {"mixtral": " [Birt Acres, Boxing Match; or Glove Contest]"}, "468": {"mixtral": " [Indie pop, Indie rock, Alternative rock, Antonio Vega (singer), Spain, Restoration (Spain)]"}, "469": {"mixtral": " [Lincolnshire, Philip Norton Baron Norton of Louth]"}, "470": {"mixtral": " [Marshall Sahlins, Anthropology, Morton Fried]"}, "471": {"mixtral": " [Siah Gel  Abdanan, Abdanan County, Ilam Province, Iran]"}, "472": {"mixtral": " [Ghafar Baba, Sunni Islam]"}, "473": {"mixtral": " [Supermini, Mini Hatch, Mini Hatch  Second Generation R56  1]"}, "474": {"mixtral": " [Hamidabad Ardabil, Sharqi Rural District]"}, "475": {"mixtral": " [Ed Stoppard, Zen (TV series)]"}, "476": {"mixtral": " [Eudicots, Mammillaria, Mammillaria schwarzii]"}, "477": {"mixtral": " [Kallinge, F 17 Kallinge, Saab 32 Lansen]"}, "478": {"mixtral": " [Burton C. Bell, Ambient music]"}, "479": {"mixtral": " [Ost Autobahn, Vienna International Airport, Air Transport]"}, "480": {"mixtral": " [United States, Texas, Austin Texas, University of Texas]"}, "481": {"mixtral": " [Mehmet Altan, Turkey, Ankara, \u00c7etin Altan]"}, "482": {"mixtral": " [United States, California, Los Angeles County  California, Los Angeles, Koreatown  Los Angeles, Los Angeles]"}, "483": {"mixtral": " [Sharq va Gharb-e Shirgah Rural District, Savadkuh County, Bur Khani]"}, "484": {"mixtral": " [Ivan the Terrible, Kolomenskoye, Pyotr Baranovsky, Andrei Rublev]"}, "485": {"mixtral": " [Insect, Polyphaga, Erosida formosa]"}, "486": {"mixtral": " [Tenmile Creek (Catskill Creek), New York (state)]"}, "487": {"mixtral": " [Daniel Keyes, Seiun Award, Japan]"}, "488": {"mixtral": " [NASCAR, Bill France Jr., Bill France Sr.]"}, "489": {"mixtral": " [Rimini Calcio F.C., Antonio Fusari, Midfielder]"}, "490": {"mixtral": " Here is the shortest path between Carl Adam Petri and Germany: [Carl Adam Petri, Darmstadt University of Technology, Germany]"}, "491": {"mixtral": " [Spain, Barcelona, Abraham bar Hiyya]"}, "492": {"mixtral": " [Sistan and Baluchestan Province, Iranshahr County, Iran Daylight Time]"}, "493": {"mixtral": " [Man Overboard (film), Grit Hegesa, Christian Democratic Union of Germany]"}, "494": {"mixtral": " The shortest path between Iran and Isfahan County is: [Iran, Isfahan Province, Isfahan County]"}, "495": {"mixtral": " [Coeducation, Springville-Griffith Institute, Springville New York, Erie County New York, New York (state), North American Eastern Time Zone]"}, "496": {"mixtral": " [Verano de Esc\u00e1ndalo (2003), Monterrey, Nuevo Le\u00f3n, Jalisco, Zapopan Jalisco]"}, "497": {"mixtral": " [Silent film, Peacock Alley (1922 film), Oliver T. Marsh] or [Silent film, Soul Mates (film), Oliver T. Marsh]"}, "498": {"mixtral": " [Parkway\u2013South Sacramento  California, Sacramento County  California, Pacific Daylight Time]"}, "499": {"mixtral": " [Milan, Italy, Metropolitan City of Bari, Apulia, Anzano di Puglia]"}}