{"0": {"qwen": "The shortest path between Bamako and Su\u00f0uroy in this network is: [Bamako, Mali, Greenwich Mean Time, Su\u00f0uroy]"}, "1": {"qwen": "The shortest path between Bhrigu Nath Singh and Wright State University is: [Bhrigu Nath Singh, Aerospace engineering, Wright State University]"}, "2": {"qwen": "[Elizabeth Karlsen, Hyena (2014 film), Neil Maskell, The Football Factory (film)]"}, "3": {"qwen": "[The Hunter (Mastodon album), Doppler Studios]"}, "4": {"qwen": "[United States, California, California State University  Los Angeles]"}, "5": {"qwen": "[Iran Standard Time, Iran, Kermanshah Province, Elayiyeh]"}, "6": {"qwen": "[Music download, Listen to the Man, Joel Pott]"}, "7": {"qwen": "[Patty Mills, San Antonio Spurs, Sean Elliott]"}, "8": {"qwen": "The shortest path between Schapen and Rastdorf is: [Schapen, Emsland, Rastdorf]"}, "9": {"qwen": "[Central European Time, Norway, Netherlands]"}, "10": {"qwen": "[Texas, United States]"}, "11": {"qwen": "[Singing, Vetcho Lolas, Singer]"}, "12": {"qwen": "[Captured Live at Carnegie Hall, New York City, Tony Bennett, Dee Anthony, Music manager]"}, "13": {"qwen": "[A Question of Time (album), Jack Bruce, Somethin Els]"}, "14": {"qwen": "[Haile Selassie, Addis Ababa, Girma Wolde-Giorgis]"}, "15": {"qwen": "[Defender (association football), Lukas J\u00e4ger, SC Rheindorf Altach]"}, "16": {"qwen": "[Henry Justin Allen, Arthur Capper, Andrew Frank Schoeppel]"}, "17": {"qwen": "[An Hour with the Ramsey Lewis Trio, Ramsey Lewis, Jazz, Argo Records]"}, "18": {"qwen": "[United States, California, San Diego]"}, "19": {"qwen": "[50th Battalion (Calgary)  CEF, Battle of Lens, Archduke Leopold Wilhelm of Austria, Franco-Spanish War (1635\u201359), Grenay  Pas-de-Calais]"}, "20": {"qwen": "[Alberto Eliani, Ascoli Calcio 1898, Defender (football), Modena F.C., Italy, San Benedetto del Tronto, S.S. Sambenedettese Calcio]"}, "21": {"qwen": "[RCA Records, Hard II Love, Usher (singer), Missin U, Trap music]"}, "22": {"qwen": "[Neil Cox (footballer), Bolton Wanderers F.C., Middlesbrough F.C., Cardiff City F.C.]"}, "23": {"qwen": "[China, Guangxi, Li Ning]"}, "24": {"qwen": "[Walt Disney Animation Studios, Walt Disney Studios (division), Entertainment industry]"}, "25": {"qwen": "[Rutherford B. Hayes, Republican Party (United States), Carl Schurz, Lawyer]"}, "26": {"qwen": "[Limoges FC, Yvon Goujon]"}, "27": {"qwen": "[Japan, Hiroyuki Taniguchi, Kawasaki Frontale, Kashima Antlers]"}, "28": {"qwen": "[Fabaceae, Plant]"}, "29": {"qwen": "[Let's Go (Pharoahe Monch song), 12-inch single]"}, "30": {"qwen": "[Lorimar Productions, The Waltons, CBS]"}, "31": {"qwen": "[FC Amur-2010 Blagoveshchensk, Valeri Aleksandrovich Sorokin, FC Dynamo Kirov]"}, "32": {"qwen": "The shortest path between Dipterocarpaceae and Rosids is: [Dipterocarpaceae, Eudicots, Rosids]"}, "33": {"qwen": "The shortest path between \u00c1sgeir \u00c1sgeirsson and Iceland is: [\u00c1sgeir \u00c1sgeirsson, Reykjav\u00edk, Iceland]"}, "34": {"qwen": "[Province of Udine, Friuli-Venezia Giulia, Ravascletto]"}, "35": {"qwen": "[Monocots, Liliaceae, Lilium, Plantae]"}, "36": {"qwen": "[Florida, United States, Lakewood High School (Florida), Mixed-sex education]"}, "37": {"qwen": "[Joel Robinson, Mitchell (film), Benjamin Melniker]"}, "38": {"qwen": "[United Kingdom, Denbighshire Hussars, Egypt 1916\u201317]"}, "39": {"qwen": "[South East England, Arun, Littlehampton Lifeboat Station]"}, "40": {"qwen": "[Chahar Hadd, Kharqan District, Duzaj Rural District, Zarandieh County, Iran Standard Time]"}, "41": {"qwen": "[Peru national football team, Peru, Lima]"}, "42": {"qwen": "[Chaudi\u00e8re-Appalaches, Canada, Les Appalaches Regional County Municipality, Prefecture]"}, "43": {"qwen": "[Josef Hladk\u00fd, Czechoslovakia, Prague, Central European Summer Time]"}, "44": {"qwen": "[Pierre Bouvier, Atlantic Records, Lava Records]"}, "45": {"qwen": "[United States, Pennsylvania, Montgomery County  Pennsylvania, Lansdale  Pennsylvania]"}, "46": {"qwen": "[Harish Kumar, Aadmi (1993 film), Hindi]"}, "47": {"qwen": "[Holstein Kiel, Max Christiansen, Flensburg]"}, "48": {"qwen": "[Sea Patrol, Josh Lawson, House of Lies]"}, "49": {"qwen": "The shortest path between Iran Daylight Time and Iran Standard Time is: [Iran Daylight Time, Ahmadi District, Ahmadi Rural District, Hormozgan Province, Iran Standard Time]"}, "50": {"qwen": "[Filmmaker, Lucia Palacios, Play Loud! Productions, A Summer Evening with Floating di Morel]"}, "51": {"qwen": "The shortest path between Oakhurst  California and Sam Leavitt is: [Oakhurst  California, California, United States, Cape Fear (1962 film), Sam Leavitt]"}, "52": {"qwen": "[Consejo Mundial de Lucha Libre, CMLL 71st Anniversary Show, Professional wrestling]"}, "53": {"qwen": "[Angiosperms, Nasa (plant), Nasa jungifolia]"}, "54": {"qwen": "[Princeton University, Georgina Sherrington]"}, "55": {"qwen": "[Paul Wegener (Gauleiter), Germany, National Socialist German Workers' Party, Martin Mutschmann]"}, "56": {"qwen": "[Battle of Smolensk (1941), Soviet Union]"}, "57": {"qwen": "[Andriy Tovt, FC Krasyliv, Andriy Tovt, FC Illychivets Mariupol]"}, "58": {"qwen": "[Animal, Geoemydinae, Chordata, Cryptodira]"}, "59": {"qwen": "[Publisher, Rob Redding, Atlanta]"}, "60": {"qwen": "[Buenos Aires, Argentina]"}, "61": {"qwen": "[Boise  Idaho, Brett Nelson, Built to Spill]"}, "62": {"qwen": "[State of Mind (band), Tiki Taane, The Adults]"}, "63": {"qwen": "[Croats, Croatia, Zadar]"}, "64": {"qwen": "[Smooth jazz, Jazz fusion, Crossover jazz, Bob James (musician)]"}, "65": {"qwen": "[Oita Trinita, Rei Matsumoto, Waseda University]"}, "66": {"qwen": "[Democratic Party (United States), Augustus Owsley Stanley, Cumberland University]"}, "67": {"qwen": "[More Rocktastic Music from the Film, Andrew Gross]"}, "68": {"qwen": "[Nabil Jaadi, Morocco national under-17 football team, Stade Mohamed V]"}, "69": {"qwen": "[Isuzu Ascender, GMT360, Buick Rainier, GMC Envoy]"}, "70": {"qwen": "The shortest path between Jose Prakash and Bharath Gopi is: [Jose Prakash, Peruvazhiyambalam, Bharath Gopi]"}, "71": {"qwen": "[Orchidaceae, Paphiopedilum, Paphiopedilum druryi, Richard Henry Beddome]"}, "72": {"qwen": "[Northern Region  Uganda, Lira  Uganda, Innocent Oula]"}, "73": {"qwen": "[Central Falls Rhode Island, Daniel Littlefield, Republican Party (United States)]"}, "74": {"qwen": "[Andes, Bolivia, Ollag\u00fce, Chile]"}, "75": {"qwen": "[Iran Standard Time, Razavi Khorasan Province, Iran]"}, "76": {"qwen": "[Plantae, Chaptalia, Eudicots]"}, "77": {"qwen": "The shortest path between Nymphalidae and Lepidoptera in this network is: [Nymphalidae, Neptis, Lepidoptera]"}, "78": {"qwen": "[Disney-ABC Domestic Television, Avalon High (film), Disney Channel]"}, "79": {"qwen": "[Oleksandr Martynenko (cyclist), Donetsk]"}, "80": {"qwen": "[Tokyo, Takayuki Hattori]"}, "81": {"qwen": "[Missouri, Kansas City Missouri, Cristo Rey Kansas City High School]"}, "82": {"qwen": "The shortest path between Don Alvarado and Ray Rennahan in this network is: [Don Alvarado, La Cucaracha (1934 film), Ray Rennahan]"}, "83": {"qwen": "[MARC Train, Bombardier Transportation, NSB Class 93]"}, "84": {"qwen": "[Verkhnyaya Salda, VSMPO-AVISMA, Metallurgy]"}, "85": {"qwen": "[Broadsheet, South Idaho Press, Idaho]"}, "86": {"qwen": "[RCA Records, The Judds, Naomi Judd]"}, "87": {"qwen": "[Atlanta Campaign, Scott Field (politician), Rufus Hardy (representative), Monroe County  Mississippi]"}, "88": {"qwen": "[2007\u201308 Watford F.C. season, Watford F.C., 2008\u201309 Watford F.C. season, Aidy Boothroyd]"}, "89": {"qwen": "[Irv Gotti, Hip hop music, DMX (rapper), Swizz Beatz]"}, "90": {"qwen": "[DJ Quik, Strait Playin', Men of Steel (song)]"}, "91": {"qwen": "[Tom Barrett (politician), Wisconsin, United States, Chicago]"}, "92": {"qwen": "[Arneburg, Germany, Werben (Elbe), Arneburg-Goldbeck]"}, "93": {"qwen": "[Ann Cook (soccer), San Jose CyberRays, Women's United Soccer Association]"}, "94": {"qwen": "[Hip hop music, Southern hip hop, Trill (album), Bun B, Asylum Records]"}, "95": {"qwen": "[United States, Hap Holmes, Aurora Ontario]"}, "96": {"qwen": "[Adetus striatopunctatus, Insect, Beetle]"}, "97": {"qwen": "[List of French football transfers summer 2013, Franck Tabanou, Le Havre AC, France, List of Spanish football transfers summer 2016]"}, "98": {"qwen": "[Big Sir (album), Big Sir (band), Jazz]"}, "99": {"qwen": "[Striker (association football), Serhiy Perepadenko]"}, "100": {"qwen": "[Ajax Amsterdam, Brian Laudrup]"}, "101": {"qwen": "[Soft rock, Love of the Common People]"}, "102": {"qwen": "[France, Aquitaine]"}, "103": {"qwen": "[Brussels, Belgium, Andr\u00e9 Franquin]"}, "104": {"qwen": "[Australia, Mackay  Queensland, Darby Riordan]"}, "105": {"qwen": "[Eunidia discounivittata, Beetle, Arthropod, Animal]"}, "106": {"qwen": "[Ighiu, Romania, Eastern European Time]"}, "107": {"qwen": "[Spyridon Lambros, Alexandros Zaimis, Greece]"}, "108": {"qwen": "[David T. Friendly, Big Momma's House 2, United States, English language]"}, "109": {"qwen": "[Beetle, Order, Polyphaga]"}, "110": {"qwen": "The shortest path between Dordogne and France is: [Dordogne, France]"}, "111": {"qwen": "[Tony Oller, MKTO]"}, "112": {"qwen": "[Hardcore punk, Comeback Kid (band), Victory Records, Broadcasting..., Germany]"}, "113": {"qwen": "[Bint Jbeil District, Lebanon, Eastern European Time, Akrotiri and Dhekelia]"}, "114": {"qwen": "The shortest path between Russia and Perm Krai in this network is: [Russia, Komi language, Perm Krai]"}, "115": {"qwen": "[Central District (Kavar County), Farmeshkhan Rural District, Mazraeh-ye Masud Barani va Shorkadh, Iran Standard Time]"}, "116": {"qwen": "[Sophiatown (film), South Africa]"}, "117": {"qwen": "[Iran Daylight Time, Bagh-e Hovij, Kerman Province]"}, "118": {"qwen": "[Iyengar, Karnataka, Tamil Nadu, Kanyakumari Brahmins, Hinduism, Deshastha Brahmin]"}, "119": {"qwen": "[Swedish Football Division 2, Assyriska BK, 2016 in Swedish football]"}, "120": {"qwen": "[Benton County Iowa, Iowa]"}, "121": {"qwen": "[Heavy metal music, Live in Munich 1977]"}, "122": {"qwen": "[12th edition of Systema Naturae, Asian house shrew, Animal]"}, "123": {"qwen": "[Lawyer, George Ainslie (delegate), Stephen Southmyd Fenn]"}, "124": {"qwen": "[Jeff Black (singer-songwriter), B-Sides and Confessions  Volume One, Folk music]"}, "125": {"qwen": "[Netechmodes harpago, Insect]"}, "126": {"qwen": "[Gerd Basak, Piranshahr County, Central District (Piranshahr County)]"}, "127": {"qwen": "[Spain, Spanish language, Lawless Mountain]"}, "128": {"qwen": "[Aziza Brahim, Soutak, Folk music, World music]"}, "129": {"qwen": "[MSV Duisburg, Martin Dausch, Midfielder]"}, "130": {"qwen": "The shortest path between Souvenirs d'un autre monde and Post-metal is: [Souvenirs d'un autre monde, Alcest, Post-metal]"}, "131": {"qwen": "The shortest path between Ska punk and Dill Records is: [Ska punk, Punk rock, Skankin' Pickle, Dill Records]"}, "132": {"qwen": "[Chilo\u00e9 National Park, Chilo\u00e9 Archipelago, Chile]"}, "133": {"qwen": "[Diptera, Araucoxenia, Animal]"}, "134": {"qwen": "[ Bengali language, Bapi Bari Jaa, Mimi Chakraborty ]"}, "135": {"qwen": "[For You I Will (Confidence), Teddy Geiger, These Walls (Teddy Geiger song), Underage Thinking, Columbia Records]"}, "136": {"qwen": "[Georgi Vinogradov, Soviet Union, Opera]"}, "137": {"qwen": "[Nick Nieland, Cornwall, United Kingdom]"}, "138": {"qwen": "[Starship Entertainment, K-pop, Soyou]"}, "139": {"qwen": "[Forward (association football), Christopher N\u00f6the, Borussia Dortmund, Castrop-Rauxel, Germany]"}, "140": {"qwen": "[Angiosperms, Eudicots, Asterids]"}, "141": {"qwen": "[Polyphaga, Animal, Insect, Ascalenia, Cosmopterigidae]"}, "142": {"qwen": "[Sweden, Swedish language, Pippi on the Run, Olle Hellbom, Tuppen]"}, "143": {"qwen": "[Perciformes, Actinopterygii, Chordata, Cyprinidae]"}, "144": {"qwen": "[Tehran, Iran Standard Time, Kazerun County]"}, "145": {"qwen": "[Fighter-bomber, Republic P-47 Thunderbolt, Alexander Kartveli]"}, "146": {"qwen": "[WCHU-LD, MTV Tres, United States, Florida]"}, "147": {"qwen": "[Labour Party (Netherlands), Rotterdam, Netherlands, Vekoma]"}, "148": {"qwen": "The shortest path between Aves and Oriolus can be found by tracing a path that connects them with the fewest number of hops. Here's one possible shortest path:\n\n[Aves, Oriolus]\n\nThis path has only one hop, as Aves is directly connected to Oriolus via the relationship class."}, "149": {"qwen": "[Auckland, TV2 Stars]"}, "150": {"qwen": "[Animal, Mollusca, Achatinoidea, Subulinidae]"}, "151": {"qwen": "[Bembecia lomatiaeformis, Animal]"}, "152": {"qwen": "[Chordate, Actinopterygii]"}, "153": {"qwen": "[Princess Alice  Countess of Athlone, Frogmore, House of Windsor]"}, "154": {"qwen": "The shortest path between Hong Kong national under-23 football team and Cheung Kin Fung is: [Hong Kong national under-23 football team, Cheung Kin Fung]"}, "155": {"qwen": "[Werner Krauss, Paracelsus (film)]"}, "156": {"qwen": "[Free jazz, Jazz, Armen Nalbandian, Experimental music]"}, "157": {"qwen": "[Nathan Fillion, Canada, United States]"}, "158": {"qwen": "[Johnny Mercer, Capitol Records, Trav'lin' Light (song), Jimmy Mundy]"}, "159": {"qwen": "[Leo Hewlett Thebaud, United States Navy]"}, "160": {"qwen": "[Orchidaceae, Monocots, Asparagales]"}, "161": {"qwen": "[Nothostele, Plantae]"}, "162": {"qwen": "[Japan, Go Nishida, Hannan University]"}, "163": {"qwen": "[Canada, Saskatchewan]"}, "164": {"qwen": "The shortest path between Aube (river) and France in this network is: [Aube (river), Seine, France]"}, "165": {"qwen": "[Virgin Records, Charisma Records, Genesis (band), Atlantic Records]"}, "166": {"qwen": "[Electronica, Bailey-Salgado Project, Jos\u00e9 Francisco Salgado, Puerto Rico, Ponce  Puerto Rico, United States, Chicago]"}, "167": {"qwen": "[Maurice Sunguti, Express FC, Vietnam, Ch\u00e2u Phong H\u00f2a, Vissai Ninh B\u00ecnh F.C., Tr\u1ea7n M\u1ea1nh D\u0169ng, Nam \u0110\u1ecbnh F.C., Friska Viljor FC]"}, "168": {"qwen": "[S-Bahn Rhein-Main, S5 (Rhine-Main S-Bahn), Rhein-Main-Verkehrsverbund]"}, "169": {"qwen": "[Dombivli, BJP, Keshubhai Patel]"}, "170": {"qwen": "The shortest path between Hanazakarino Kimitachihe and Chung Shan Medical University is: [Hanazakarino Kimitachihe, Puli  Nantou, Nantou County, Taiwan, Taichung, Chung Shan Medical University]"}, "171": {"qwen": "[Iran Standard Time, Iran, West Azerbaijan Province, Vaqasluy-e Olya, Iran Daylight Time]"}, "172": {"qwen": "[U.S. Salernitana 1919, Mohamed Fofana (French striker), France]"}, "173": {"qwen": "[Germany, Altenburger Land, Haselbach  Thuringia]"}, "174": {"qwen": "The shortest path between Michael Marshall (skeptic) and Germany in this network is: [Michael Marshall (skeptic), Scientific skepticism, Apostacon, United States, California, Britt Marie Hermes, Germany]"}, "175": {"qwen": "[Album, A White Sport Coat and a Pink Crustacean, Country music]"}, "176": {"qwen": "[\u82cf\u8054, \u5f17\u62c9\u57fa\u7c73\u5c14\u00b7\u514b\u8428\u96f7\u592b]"}, "177": {"qwen": "[Madrid, Spain, Central European Time]"}, "178": {"qwen": "[Scoparia ingratella, Insect, Arthropod]"}, "179": {"qwen": "[Acacia simulans, Eudicots, Angiosperms, Plant]"}, "180": {"qwen": "[House of Hohenzollern, Saxe-Lauenburg, Napoleonic Wars]"}, "181": {"qwen": "[New Jersey, United States]"}, "182": {"qwen": "The shortest path between Caracas FC and San Fernando de Apure in this network is: [Caracas FC, Venezuela, San Fernando de Apure]"}, "183": {"qwen": "[Xymene convexus, Muricoidea, Animal]"}, "184": {"qwen": "[Alex Proyas, I  Robot (film)]"}, "185": {"qwen": "The shortest path between Fabriano and John dal Bastone is: [Fabriano, John dal Bastone]"}, "186": {"qwen": "[Roy Edwards, Ontario]"}, "187": {"qwen": "[Iran Standard Time, Kerman Province, Esfandaqeh Rural District, Darreh Garma, Central District (Jiroft County), Jiroft County, Fars Province]"}, "188": {"qwen": "[MTV Hits (Europe), Viacom International Media Networks (Europe), MTV Hits (Italy)]"}, "189": {"qwen": "[Brussels, King Baudouin Stadium]"}, "190": {"qwen": "[FK Obili\u0107, Milorad Pekovi\u0107, FK Partizan]"}, "191": {"qwen": "[Twin Peaks, Mark Frost]"}, "192": {"qwen": "[Cavalry, Massimo d'Azeglio, Strambino, Piedmont]"}, "193": {"qwen": "[Pop music, Galjeung (A Man in Love), Super Junior, Mamacita (Super Junior song), Avex Trax]"}, "194": {"qwen": "[Faryab County, Central District (Faryab County), Shurani, Kerman Province, Bardsir County]"}, "195": {"qwen": "[Brighlington, East Riding of Yorkshire]"}, "196": {"qwen": "[ Jagathalaprathapan (1944 film), N. S. Krishnan, S. M. Sriramulu Naidu ]"}, "197": {"qwen": "[Muricoidea, Mollusca, Gastropoda]"}, "198": {"qwen": "[Anelaphus, Arthropod, Animal]"}, "199": {"qwen": "[Mankato  Minnesota, John Sontag]"}, "200": {"qwen": "[Heather Graham, Judy Moody and the Not Bummer Summer, Richard Gibbs]"}, "201": {"qwen": "[Arthropod, Insect, Argyractis]"}, "202": {"qwen": "[Leptostylopsis, Leptostylopsis cristatus]"}, "203": {"qwen": "The shortest path between Bryn\u00e4s IF and Tappara in this network is: [Bryn\u00e4s IF, Stephen Dixon (ice hockey), Tappara]"}, "204": {"qwen": "[Insect, Arthropod, Lepidoptera]"}, "205": {"qwen": "[Nuclear War (video game), Turn-based strategy]"}, "206": {"qwen": "[Iran, Kerman Province, Sirjan County, Central District (Sirjan County)]"}, "207": {"qwen": "[Philip Nitschke, Australia, South Australia]"}, "208": {"qwen": "[Arthropod, Insect, Mordellidae]"}, "209": {"qwen": "[Arrondissement of Lun\u00e9ville, Fenneviller, Meurthe-et-Moselle, France, Paris]"}, "210": {"qwen": "[Serhiy Rashevsky, FC Ural Sverdlovsk Oblast]"}, "211": {"qwen": "[Major, John M. Walker, Alex. Brown & Sons]"}, "212": {"qwen": "[El Molin\u00f3n, Sporting de Gij\u00f3n, 2014\u201315 Sporting de Gij\u00f3n season]"}, "213": {"qwen": "[ Raju Bhai, Rajiv Kanakala, Telangana, India ]"}, "214": {"qwen": "[Weathermaker Music, Clutch (band), Dan Maines]"}, "215": {"qwen": "The shortest path between Taoyuan City and Taoyuan  Taiwan is: [Taoyuan City, Yangmei District, Taoyuan  Taiwan]"}, "216": {"qwen": "[United States, Democratic Party (United States)]"}, "217": {"qwen": "The shortest path between Jessie Street and Australia is: [Jessie Street, India, Australia]"}, "218": {"qwen": "The shortest path between Mammal and Animal in this network is: [Mammal, Egyptian weasel, Animal]"}, "219": {"qwen": "[The Legend of Brown Sugar Chivalries, Yako Chan]"}, "220": {"qwen": "[United States, Paul Slovic, Anthony Leiserowitz]"}, "221": {"qwen": "[Bill Tung, In the Blood (1988 film), Andy Lau]"}, "222": {"qwen": "[Arsenio Iglesias, Arteixo, Pull&Bear, Zara (retailer)]"}, "223": {"qwen": "[Norway, Linn Oeymo]"}, "224": {"qwen": "[Asterids, Stylidium candelabrum]"}, "225": {"qwen": "[PIMCO, Financial Services]"}, "226": {"qwen": "[Kermanshah County, Poshtdarband Rural District, Deh-e Kharan, Harsin County]"}, "227": {"qwen": "[Arizona Terror, Phil Rosen]"}, "228": {"qwen": "[Istanbul, Eastern European Time]"}, "229": {"qwen": "[Iran Daylight Time, Gol Darreh Kermanshah, Iran]"}, "230": {"qwen": "The shortest path between South Korea and 1080i is: [South Korea, Becoming a Billionaire, 1080i]"}, "231": {"qwen": "[Electronic music, Indie rock, Alan Parsons]"}, "232": {"qwen": "[Oppland, Kyrkja, Norway, Central European Time]"}, "233": {"qwen": "[Marc Jameson, Genre, Trip hop]"}, "234": {"qwen": "[Buprestidae, Insect, Trigonogya]"}, "235": {"qwen": "[Capitol Nashville, Take Me to the Country, Mel McDaniel, Singer-songwriter]"}, "236": {"qwen": "[Hard rock, Led Zeppelin II, Led Zeppelin]"}, "237": {"qwen": "[Garage rock, Indie rock, Turn the Lights Out, Album]"}, "238": {"qwen": "The shortest path between FC SKAF Minsk and FC Shakhtyor Salihorsk is: [FC SKAF Minsk, Uladzimir Bushma, FC Shakhtyor Salihorsk]"}, "239": {"qwen": "[Dong Fuxiang, Boxer Rebellion, Seymour Expedition]"}, "240": {"qwen": "[St. Boniface High School (Kimberley  South Africa), Kimberley  Northern Cape, Denis Bowen]"}, "241": {"qwen": "[Songs from St. Somewhere, Mac McAnally, Jimmy Buffett, Michael Utley]"}, "242": {"qwen": "[Montpellier\u2013M\u00e9diterran\u00e9e Airport, Mauguio, H\u00e9rault]"}, "243": {"qwen": "[Animalia, Chordata]"}, "244": {"qwen": "[J\u00f3zef Razowski, Henricus cristobalicus, Arthropod]"}, "245": {"qwen": "[When Can I See You, When Can I See You Again%3F, Synthpop]"}, "246": {"qwen": "The shortest path between Scream/Childhood and Michael Jackson is: [Scream/Childhood, HIStory: Past  Present and Future  Book I, Michael Jackson]"}, "247": {"qwen": "[GM LS engine, 2010 Rolex Sports Car Series  Autohaus Motorsports  5]"}, "248": {"qwen": "[Sex and the City 2, Darren Star, Cashmere Mafia]"}, "249": {"qwen": "[ Nicholas D'Agosto, Rocket Science (film) ]"}, "250": {"qwen": "[Iran Standard Time, Iran, Qanqoli-ye Olya]"}, "251": {"qwen": "[Idiochlora, Lepidoptera, Geometridae]"}, "252": {"qwen": "[Wokingham Town F.C., Ted Hanney, Bradfield  Berkshire, Bradfield College]"}, "253": {"qwen": "[Patrick Seifert, West Germany, Germany, Sebastian Uvira]"}, "254": {"qwen": "[Cameroon, Jules Baga, Ghomala' language, Cameroon, Bafoussam]"}, "255": {"qwen": "[Run  Buddy  Run, Talent Associates, The Glass Menagerie (1973 film)]"}, "256": {"qwen": "[Neothais, Muricidae, Muricoidea]"}, "257": {"qwen": "[France, Croissant, Breakfast, Jack's]"}, "258": {"qwen": "[Osteichthyes, Shuttles hoppfish, Chordate]"}, "259": {"qwen": "[Iran, Markazi Province]"}, "260": {"qwen": "[\u0160tefan Zo\u0161\u00e1k, List of Slovak football transfers winter 2012\u201313]"}, "261": {"qwen": "[Pseudodeltote, Lepidoptera, Insect]"}, "262": {"qwen": "[Willy Birgel, Captain Wronski]"}, "263": {"qwen": "The shortest path between Asteroideae and Asteraceae in this network is: [Asteroideae, Asterids, Hesperevax, Asteraceae]"}, "264": {"qwen": "[Associated British-Path\u00e9, Murder Without Crime, Dennis Price]"}, "265": {"qwen": "The shortest path between Kiss Me  Stupid and 20th Century Fox is: [Kiss Me  Stupid, United Artists, Time Table (film), Aben Kandel, The Last Wagon (1956 film), 20th Century Fox]"}, "266": {"qwen": "[Str\u00f6mstad Municipality, Sweden, Central European Summer Time]"}, "267": {"qwen": "[Meinrad II  Prince of Hohenzollern-Sigmaringen, Joseph Friedrich Ernst  Prince of Hohenzollern-Sigmaringen, Karl Friedrich  Prince of Hohenzollern-Sigmaringen]"}, "268": {"qwen": "[Hugo von Hofmannsthal, Austria, University of Vienna]"}, "269": {"qwen": "[Alexander Rad\u00f3, \u00dajpest, Budapest, Hungary]"}, "270": {"qwen": "[MacOS, OpenFL, IOS]"}, "271": {"qwen": "[Germany, Baden-W\u00fcrttemberg, Reutlingen]"}, "272": {"qwen": "[Mehed ei nuta, Estonian language, Setos, Enn Vetemaa]"}, "273": {"qwen": "The shortest path between S.C. Farense and Louletano D.C. is: [S.C. Farense, Est\u00e1dio Algarve, Louletano D.C.]"}, "274": {"qwen": "[The Dead Man's Knock, Detective fiction, Death Turns the Tables]"}, "275": {"qwen": "[Aeger, Dendrobranchiata, Malacostraca, Aeger tipularius]"}, "276": {"qwen": "[City, Mesa  Arizona, United States, George Washington University]"}, "277": {"qwen": "[Adolph Dubs, United States, Illinois]"}, "278": {"qwen": "[Birkenhead, Kristian Platt, England]"}, "279": {"qwen": "The shortest path between Panchayati raj (India) and Ludhiana district is: [Panchayati raj (India), Khojewali, Ludhiana district]"}, "280": {"qwen": "[Monocots, Iridaceae, Iris (plant)]"}, "281": {"qwen": "[Shiraz County, Fars Province, Qarah Chaman Rural District, Mazraeh-ye Rahmatabad]"}, "282": {"qwen": "The shortest path between Gorlice-Tarn\u00f3w Offensive and Battle of Verdun is: [Gorlice-Tarn\u00f3w Offensive, 58th Infantry Division (German Empire), Battle of Verdun]"}, "283": {"qwen": "[Jay O. Sanders, The Voyage Home (The Outer Limits)]"}, "284": {"qwen": "[Gouthami, Rudhra (film)]"}, "285": {"qwen": "[Diab al-Mashi, Syria, Manbij]"}, "286": {"qwen": "[England, London, Veronica Wedgwood]"}, "287": {"qwen": "[Allier (river), France, Loz\u00e8re]"}, "288": {"qwen": "[Lepidoptera, Ornarantia contrariana, Arthropod, Insect]"}, "289": {"qwen": "The shortest path between Tottenham Hotspur F.C. Reserves and Academy and Slovakia national under-17 football team in this network is: [Tottenham Hotspur F.C. Reserves and Academy, Filip Lesniak, Slovakia national under-17 football team]"}, "290": {"qwen": "[Amour Patrick Tignyemb, Coton Sport FC de Garoua, St\u00e9phane Kingu\u00e9 Mpondo, Tonnerre Yaound\u00e9]"}, "291": {"qwen": "The shortest path between KCAI and Air 1 is: [KCAI, Educational Media Foundation, Air 1]"}, "292": {"qwen": "[Arjan Swinkels]"}, "293": {"qwen": "[Kiss the Girl  Kiss the Girl  1, The Little Mermaid (soundtrack), Howard Ashman]"}, "294": {"qwen": "[Canada, Jessie Van Roechoudt]"}, "295": {"qwen": "[Lepidoptera, Pastria, Hesperiidae, Taractrocerini, Arthropod]"}, "296": {"qwen": "[Some Mothers Do 'Ave 'Em, Michele Dotrice, The Blood on Satan's Claw]"}, "297": {"qwen": "[Steve Dorff, My Best Friend Is a Vampire, Ren\u00e9 Auberjonois]"}, "298": {"qwen": "[Canada, Montreal]"}, "299": {"qwen": "[Winger (ice hockey), Krys Barch, Canada]"}, "300": {"qwen": "The shortest path between Michigan and New Buffalo  Michigan in this network is: [Michigan, Berrien County  Michigan, New Buffalo  Michigan]"}, "301": {"qwen": "[Iran, Shiraz]"}, "302": {"qwen": "[Herzegovina, Federation of Bosnia and Herzegovina, Bosnia and Herzegovina, Gora\u017ede, City]"}, "303": {"qwen": "The shortest path between Asterids and Heliantheae is: [Asterids, Heliantheae]"}, "304": {"qwen": "[Khuzestan Province, Iran, West Azerbaijan Province, Qatur Rural District]"}, "305": {"qwen": "[Wisconsin, United States, Minnesota, Northern Lights Express]"}, "306": {"qwen": "[Astoria Stakes, Now What (horse), Chance Play, Fair Play (horse), Next Move, Alfred G. Vanderbilt II, Now What (horse), Arlington-Washington Lassie Stakes]"}, "307": {"qwen": "[New York Cosmos (1971\u20131985), Erhardt Kapp, United States men's national soccer team]"}, "308": {"qwen": "The shortest path between French Montana and Queens is: [French Montana, Diggy Simmons, Queens]"}, "309": {"qwen": "[Let's Cheers to This, Post-hardcore, With Ears to See and Eyes to Hear, Sleeping with Sirens]"}, "310": {"qwen": "[Plantae, Eudicots]"}, "311": {"qwen": "[Bangkok Glass F.C., Sarawut Konglarp, TOT S.C.]"}, "312": {"qwen": "[Sochi International Airport, Russia, Donavia, Rostov-on-Don Airport]"}, "313": {"qwen": "[Roots rock, Sultans of Swing: The Very Best of Dire Straits, Dire Straits]"}, "314": {"qwen": "[Brad Bird, Walt Stanchfield, Los Angeles  California]"}, "315": {"qwen": "[United States, Alfred A. Knopf, Jurassic Park (novel)]"}, "316": {"qwen": "[JS du T\u00e9n\u00e9r\u00e9, Alhassane Issoufou, Niger national football team, Raja Casablanca]"}, "317": {"qwen": "[ Ramshir, Ramshir County ]"}, "318": {"qwen": "The shortest path between Polyphaga and Beetle is: [Polyphaga, Arthropod, Beetle]"}, "319": {"qwen": "[Enga Province, Papua New Guinea, Time in Australia]"}, "320": {"qwen": "[Dicrurus, Bronzed drongo, Animal]"}, "321": {"qwen": "[Mark Montigny, Bristol County Massachusetts]"}, "322": {"qwen": "[Laurence Rosenthal, Man of La Mancha (film), Alberto Grimaldi]"}, "323": {"qwen": "[US Colomiers Football, Ludovic Mary, Suresnes, France]"}, "324": {"qwen": "[ Rahman (actor), Nilave Malare (film), Shalini ]"}, "325": {"qwen": "[Olga Taussky-Todd, Hanna Neumann, University of G\u00f6ttingen, Germany, Steglitz-Zehlendorf]"}, "326": {"qwen": "[Hip hop music, Ithaka Darin Pappas, Underground Sound of Lisbon, Lisbon]"}, "327": {"qwen": "[United States, Maine, Bath  Maine, Bath Iron Works, German destroyer M\u00f6lders]"}, "328": {"qwen": "[Japan, Ceui, J-pop]"}, "329": {"qwen": "[Defender (football), Vladim\u00edr T\u00e1borsk\u00fd]"}, "330": {"qwen": "The shortest path between France and N\u00e9stor Almendros is: [France, \u00c9ric Rohmer, Pauline at the Beach, N\u00e9stor Almendros]"}, "331": {"qwen": "The shortest path between Iran Daylight Time and Iran Standard Time is: [Iran Daylight Time, Latvand-e Baraftab, Iran Standard Time]"}, "332": {"qwen": "[Entre el amor y el deseo, Mexico, Coahuila]"}, "333": {"qwen": "[Orthops campestris, Hemiptera, Arthropod]"}, "334": {"qwen": "[Semecarpus gardneri, Anacardiaceae, Eudicots]"}, "335": {"qwen": "[Bury F.C., Cameron Belford, Coventry City F.C.]"}, "336": {"qwen": "[The Iron Ceiling, Richard Short (actor)]"}, "337": {"qwen": "[Iran, Allahabad  Tiran and Karvan, Iran Standard Time]"}, "338": {"qwen": "[CAC Woomera, Torpedo bomber, Blackburn Ripon, Blackburn Baffin]"}, "339": {"qwen": "[Stachy, South Bohemian Region, Zbytiny]"}, "340": {"qwen": "[Alphabutt, K Records, Indie rock, Anti-folk]"}, "341": {"qwen": "[Leonard Matlovich, United States Air Force, Vietnam War]"}, "342": {"qwen": "[Myrtaceae, Acmena, Rosid]"}, "343": {"qwen": "[Electronic music, Drone music, Guitar, Vocals]"}, "344": {"qwen": "[Atlantic Standard Time Zone, Humait\u00e1  Amazonas, Time in Brazil]"}, "345": {"qwen": "[Chordata, Veracruz whiff, Actinopterygii]"}, "346": {"qwen": "The shortest path between M\u0103ria River and Bistri\u0163a-N\u0103s\u0103ud County is: [M\u0103ria River, Suhard Mountains, Bistri\u0163a-N\u0103s\u0103ud County]"}, "347": {"qwen": "[Problematic (album), Stephen Egerton (guitarist)]"}, "348": {"qwen": "The shortest path between Fender Stratocaster and Rock music is: [Fender Stratocaster, New Hollow, Rock music]"}, "349": {"qwen": "[Animal, Gambusia]"}, "350": {"qwen": "[David Gordon Green, Goat (2016 film), The Film Arcade]"}, "351": {"qwen": "[Dear My Friend, Mitsuru Igarashi, Necessary (song)]"}, "352": {"qwen": "The shortest path between Darreh Zeydi and Fars Province is: [Darreh Zeydi, Bagh-e Malek County, Central District (Bagh-e Malek County), Loran  Iran, Iran, Fars Province]"}, "353": {"qwen": "[Arthropod, Myrmecia hilli, Hymenoptera]"}, "354": {"qwen": "[Jabalpur, Narendra Nath, Prem Chopra]"}, "355": {"qwen": "[Dezful County, Mazmaz, Seyyedvaliyeddin Rural District, Iran Daylight Time]"}, "356": {"qwen": "[Deltocephalini, Deltocephalinae]"}, "357": {"qwen": "[Midfielder, Miroslav Stoch, List of Dutch football transfers summer 2009]"}, "358": {"qwen": "[Finist\u00e8re, France, Paris]"}, "359": {"qwen": "[Order of Osmanieh, Charles George Gordon, Gordon's School, England, Cornwall]"}, "360": {"qwen": "[China, Communist Party of China]"}, "361": {"qwen": "[Florida Tuskers, Brooks Bollinger, Detroit Lions]"}, "362": {"qwen": "[LXC, Linux, KDE Software Compilation]"}, "363": {"qwen": "[ Guitar, Luiza Possi, Vocal ]"}, "364": {"qwen": "[Belarus national football team, Vadim Skripchenko, Malaryta]"}, "365": {"qwen": "[Jeff-Denis Fehr, BSV Schwarz-Wei\u00df Rehden, Paulo Jorge Fernandes Sereno]"}, "366": {"qwen": "[Pop music, Kalomira (album)]"}, "367": {"qwen": "[Hapoel Ashkelon F.C., Maor Janah]"}, "368": {"qwen": "[Inha University, South Korea, Song Yoo-geun]"}, "369": {"qwen": "[2013 U.S. National Indoor Tennis Championships, Memphis  Tennessee, United States]"}, "370": {"qwen": "[Arthropod, Animal]"}, "371": {"qwen": "[Business, William T. Moore (Texas politician), Texas, United States]"}, "372": {"qwen": "[Jos\u00e9 Mar\u00eda de la Cruz, Battle of Yungay, War of the Confederation, Chilean War of Independence, Battle of Chacabuco]"}, "373": {"qwen": "[Some Things Are Meant to Be, Linda Davis, A Love Story in the Making, Arista Records]"}, "374": {"qwen": "[Minor Watson, Hidden Gold, William Boyd (actor)]"}, "375": {"qwen": "[Fire and Stone (album), The Gray Havens, Ghost of a King]"}, "376": {"qwen": "[Bolitoglossa pesrubra, Edward Harrison Taylor]"}, "377": {"qwen": "[MilkyWay, Zetima, Kimi ga Iru, Japanese pop]"}, "378": {"qwen": "[Richmond Virginia, Perry Moore, Tell Them Anything You Want: A Portrait of Maurice Sendak]"}, "379": {"qwen": "[Conservative Party of Canada (historic), Louis-Rodrigue Masson]"}, "380": {"qwen": "[France, Yvelines]"}, "381": {"qwen": "[Belarussian SSR, Dzmitry Kavalyonak]"}, "382": {"qwen": "[Rondinella Calcio, Christian Rigan\u00f2, Ternana Calcio]"}, "383": {"qwen": "[Manfred Eicher, ECM Records, The Melody at Night  with You]"}, "384": {"qwen": "[Young Blood (Norah Jones song), It's Gonna Be, Blue Note Records]"}, "385": {"qwen": "The shortest path between Valdres and Vinstre is: [Valdres, Oppland, Vinstre]"}, "386": {"qwen": "[Insect, Animal]"}, "387": {"qwen": "The shortest path between Mohammad Shah Qajar and Fath-Ali Shah Qajar is: [Mohammad Shah Qajar, Mirza Abolhassan Khan Ilchi, Fath-Ali Shah Qajar]"}, "388": {"qwen": "[Olomouc Region, Czech Republic, Prague, Vienna]"}, "389": {"qwen": "[Passeriformes, Bird, Chordata]"}, "390": {"qwen": "[Doom engine, Hexen: Beyond Heretic]"}, "391": {"qwen": "[Kreatiivmootor, Tallinn, Estonia]"}, "392": {"qwen": "[Gilan Province, Iran, Sirvan County, Qalandar-e Olya]"}, "393": {"qwen": "[London School of Economics, Chris Matheson (British politician), United Kingdom, England]"}, "394": {"qwen": "[Music download, Higher (Sigma song)]"}, "395": {"qwen": "[Le Roi des Champs-\u00c9lys\u00e9es, Paulette Dubost, France, Colette Darfeuil, Le Roi des Champs-\u00c9lys\u00e9es, Buster Keaton]"}, "396": {"qwen": "[Malaysian Highway Authority, Sultan Azlan Shah Bridge, Malaysia, Sultan Abdul Halim Muadzam Shah Bridge  Penang Seco  1]"}, "397": {"qwen": "The shortest path between Peter Yeldham and Harry Alan Towers is: [Peter Yeldham, Victim Five, Harry Alan Towers]"}, "398": {"qwen": "[Chordate, Collared treepie, Animal]"}, "399": {"qwen": "[Bantu languages, Bantoid languages]"}, "400": {"qwen": "[Plantae, Eremophila (plant)]"}, "401": {"qwen": "[Chesterfield  Missouri, Sean Dolan]"}, "402": {"qwen": "[Sweden, Central European Time, Central European Summer Time, N\u00e1chod District]"}, "403": {"qwen": "[France, Nord (French department), Nord-Pas-de-Calais, Franche-Comt\u00e9]"}, "404": {"qwen": "[The Little Engine That Could (1991 film), Frank Welker]"}, "405": {"qwen": "[Canada, Edmund Wyly Grier, Slade School of Art]"}, "406": {"qwen": "[2014 Nebraska Cornhuskers football team, 2014 Minnesota Golden Gophers football team, 2014 Wisconsin Badgers football team]"}, "407": {"qwen": "[Canada, Toyota RAV4 EV  Second generation  1, Fremont California]"}, "408": {"qwen": "[Mehranrud-e Markazi Rural District, Bostanabad County, Tekmeh Dash District, Abbas-e Gharbi Rural District]"}, "409": {"qwen": "[Madrid, Vicente Calder\u00f3n Stadium]"}, "410": {"qwen": "[Microcrambus, Animal]"}, "411": {"qwen": "[Ed Fulton, Ontario, Scarborough  Toronto, Gus Harris]"}, "412": {"qwen": "[Rock music, Genre, Cho Dependent, Producer, Garrison Starr]"}, "413": {"qwen": "[Paraguay, Gustavo G\u00f3mez, A.C. Milan]"}, "414": {"qwen": "[Hajjiabad County, Kaheh  Hormozgan, Hormozgan Province, Iran, Fars Province]"}, "415": {"qwen": "[Okahandja, South Africa, South African Standard Time]"}, "416": {"qwen": "[FC Lada Togliatti, Yuri Dubrovin, FC Luch-Energiya Vladivostok]"}, "417": {"qwen": "[Otto Preminger, Where the Sidewalk Ends (film), Joseph LaShelle]"}, "418": {"qwen": "The shortest path between Iran Daylight Time and Jamabrud Rural District is: [Iran Daylight Time, Damavand County, Central District (Damavand County), Jamabrud Rural District]"}, "419": {"qwen": "[Tulisa, Camden Town]"}, "420": {"qwen": "[FC KAMAZ-Chally Naberezhnye Chelny, Aleksei Babenko, FC Anzhi Makhachkala]"}, "421": {"qwen": "[Party of Rights, Zagreb, Eugen Kvaternik, Rakovica Croatia]"}, "422": {"qwen": "[Jimmy Bowen, Greatest Hits (Billy Dean album), Fire in the Dark]"}, "423": {"qwen": "[West Coast hip hop, Hip hop music]"}, "424": {"qwen": "[Iran Daylight Time, Iran, Hasan Khani  Qazvin]"}, "425": {"qwen": "[Johnathon Schaech, Judas (film), Michael Goi]"}, "426": {"qwen": "The shortest path between Eudicots and Terminalia parviflora is: [Eudicots, Terminalia (plant), Terminalia parviflora]"}, "427": {"qwen": "[Hama Governorate, Al-Uwayr, Village]"}, "428": {"qwen": "[Angiosperms, Bulbophyllum manarae, Epidendroideae]"}, "429": {"qwen": "[Moscow, Dmitri Ekimov]"}, "430": {"qwen": "[1960 Scottish League Cup Final, Glasgow, Hampden Park, 1959 Scottish League Cup Final]"}, "431": {"qwen": "[County of Sponheim, Bad Kreuznach, Germany]"}, "432": {"qwen": "[The Deep Six, Roland Gross, William Bendix]"}, "433": {"qwen": "[West Pomeranian Voivodeship, Poland]"}, "434": {"qwen": "[Barry Wilkins, Vancouver Canucks, Edmonton Oilers, National Hockey League, Defenceman (ice hockey)]"}, "435": {"qwen": "[Cypriniformes, Cyprinidae]"}, "436": {"qwen": "[Berlin Offensive, 50th Rifle Division (Soviet Union)]"}, "437": {"qwen": "[Veracruz  Veracruz, Adriana Fonseca, Actress]"}, "438": {"qwen": "[Iran, Bala Velayat Rural District (Bakharz County), Deh-e Now  Bakharz]"}, "439": {"qwen": "[Fred Johnston (writer), Belfast, Northern Ireland, County Down]"}, "440": {"qwen": "Based on the given relationships, the shortest path between Iran and Omm ol Ghaffari is:\n\n[Iran, Iran Standard Time, Omm ol Ghaffari]"}, "441": {"qwen": "[Patrick Carney, The Black Keys, V2 Records]"}, "442": {"qwen": "[Balu  West Azerbaijan, Iran, Iran Daylight Time]"}, "443": {"qwen": "[Ak\u0131n \u00d6zt\u00fcrk, Turkish Air Force, Turkish War of Independence]"}, "444": {"qwen": "[Aethes, Lepidoptera, Aethes macasiana]"}, "445": {"qwen": "The shortest path between Cerobasis denticulata and Insect is: [Cerobasis denticulata, Arthropod, Animal, Insect]"}, "446": {"qwen": "The shortest path between Toronto and Cycling in this network is: [Toronto, Canada, Advocacy for Respect for Cyclists, Cycling]"}, "447": {"qwen": "[Arthropoda, Acrodipsas, Lepidoptera]"}, "448": {"qwen": "The shortest path between Cerceris and Philanthinae in this network is: [Cerceris, Crabronidae, Philanthinae]"}, "449": {"qwen": "[Plantae, Bulbophyllum, Angiosperms]"}, "450": {"qwen": "[Arthropod, Insect, Pyralidae, Crocidomera, Crocidomera fissuralis]"}, "451": {"qwen": "[Wallace Fox, Bowery Blitzkrieg, Robert Golden]"}, "452": {"qwen": "[Drama, Yeh Pyar Na Hoga Kam, Gaurav Khanna, Uttar Pradesh, Kanpur]"}, "453": {"qwen": "[Defender (association football), Domingos Nascimento dos Santos Filho, Bahia, Brazil]"}, "454": {"qwen": "[Animals That Swim, Goya Dress, Nude Records]"}, "455": {"qwen": "[The Diary of Ellen Rimbauer (miniseries), Gary Chang, United States]"}, "456": {"qwen": "[Vertebrate, Chordata, Xenocalamus transvaalensis, Animalia]"}, "457": {"qwen": "[Central European Time, Norway, Tr\u00f8ndelag]"}, "458": {"qwen": "[Hardcover, Crack'd Pot Trail, PS Publishing]"}, "459": {"qwen": "The shortest path between Spain and Aragon in this network is: [Spain, Aragon]"}, "460": {"qwen": "[Paul Richter, King of the Centre Forwards, Bavaria Film]"}, "461": {"qwen": "[Winchester Nevada, Still Want You, Brandon Flowers, Can't Deny My Love]"}, "462": {"qwen": "[United States of Tara, Showtime (TV network), Tim DeLaughter]"}, "463": {"qwen": "[KTVO, KHQA-TV, WHOI (TV)]"}, "464": {"qwen": "The shortest path between Pakistani community of London and England is: [Pakistani community of London, London Borough of Harrow, England]"}, "465": {"qwen": "[George Hoellering, Kuhle Wampe, Hanns Eisler]"}, "466": {"qwen": "The shortest path between Battista Sforza and Alessandro Sforza is: [Battista Sforza, Guidobaldo da Montefeltro, Alessandro Sforza]"}, "467": {"qwen": "[Birt Acres, Boxing Match; or Glove Contest]"}, "468": {"qwen": "[Indie pop, Indie rock, Alternative rock, Antonio Vega (singer), Madrid, Restoration (Spain)]"}, "469": {"qwen": "[Philip Norton  Baron Norton of Louth, Lincolnshire]"}, "470": {"qwen": "[Marshall Sahlins, Morton Fried]"}, "471": {"qwen": "[Siah Gel  Abdanan, Abdanan County, Ilam Province, Iran]"}, "472": {"qwen": "The shortest path between Ghafar Baba and Sunni Islam is: [Ghafar Baba, Sunni Islam]"}, "473": {"qwen": "[Supermini, Mini Clubman, Mini Hatch  Second Generation R56  1]"}, "474": {"qwen": "[Hamidabad  Ardabil, Ardabil County, Sharqi Rural District]"}, "475": {"qwen": "[Ed Stoppard, Zen (TV series)]"}, "476": {"qwen": "[Eudicots, Mammillaria, Mammillaria schwarzii]"}, "477": {"qwen": "[Kallinge, F 17 Kallinge, Saab 32 Lansen]"}, "478": {"qwen": "[Burton C. Bell, Ascension of the Watchers, Ambient music]"}, "479": {"qwen": "The shortest path between Ost Autobahn and Air Transport is: [Ost Autobahn, Vienna International Airport, Emerald Airways, Air Transport]"}, "480": {"qwen": "[United States, Texas, Austin  Texas, University of Texas]"}, "481": {"qwen": "[Mehmet Altan, Turkey, \u00c7etin Altan]"}, "482": {"qwen": "[United States, California, Los Angeles]"}, "483": {"qwen": "[Sharq va Gharb-e Shirgah Rural District, Savadkuh County, Lafur Rural District, Bur Khani]"}, "484": {"qwen": "The shortest path between Ivan the Terrible and Andrei Rublev is: [Ivan the Terrible, Moscow, Andrei Rublev]"}, "485": {"qwen": "[Erosida formosa, Polyphaga, Insect]"}, "486": {"qwen": "[Tenmile Creek (Catskill Creek), United States, New York (state)]"}, "487": {"qwen": "[Daniel Keyes, Seiun Award, Japan]"}, "488": {"qwen": "[NASCAR, Bill France Jr., Bill France Sr.]"}, "489": {"qwen": "[Rimini Calcio F.C., Antonio Fusari, Midfielder]"}, "490": {"qwen": "[Carl Adam Petri, Darmstadt University of Technology, Germany]"}, "491": {"qwen": "[Spain, Barcelona, Abraham bar Hiyya]"}, "492": {"qwen": "[Sistan and Baluchestan Province, Iran, Iran Daylight Time]"}, "493": {"qwen": "[Man Overboard (film), Grit Hegesa, Germany, Christian Democratic Union of Germany]"}, "494": {"qwen": "[Iran, Isfahan Province, Isfahan County]"}, "495": {"qwen": "[Coeducation, Springville-Griffith Institute, Springville  New York, North American Eastern Time Zone]"}, "496": {"qwen": "[Verano de Esc\u00e1ndalo (2003), Nuevo Le\u00f3n, Mexico, Jalisco, Zapopan  Jalisco]"}, "497": {"qwen": "[Silent film, Peacock Alley (1922 film), Oliver T. Marsh]"}, "498": {"qwen": "[Parkway\u2013South Sacramento California, California, Sacramento County California, Pacific Daylight Time]"}, "499": {"qwen": "[Milan, Italy, Apulia, Anzano di Puglia]"}}