{"0": {"qwen": "[Manfred Schmidt-Schau\u00df]"}, "1": {"qwen": "The common neighbors of Jacques Philippe Sauv\u00e9 and Gerhard Satzger in this network are: [Axel Kieninger, Bj\u00f6rn Schmitz, Hansj\u00f6rg Fromm, Marcus Costa Sampaio, Jo\u00e3o Jornada, Eduardo Radziuk, Ant\u00e3o Moura, Filipe Marques]"}, "2": {"qwen": "The common neighbors of S. K. Samanta and Wenzhong Shi in this network are A. Ghareeb and Zeshui Xu. Therefore, the answer is:\n\n[A. Ghareeb, Zeshui Xu]"}, "3": {"qwen": "The common neighbors of Clifton Forlines and Brad Johanson in this network are: [Terry Winograd, Thomas Kirste, Thomas Heider]"}, "4": {"qwen": "[Charu C. Aggarwal, Francisco Herrera, Anil K. Jain, Nitesh V. Chawla, Haibo He]"}, "5": {"qwen": "The common neighbors of Marco Lippi and Cordelia Schmid in this network are: [Paolo Torroni, Matthew Richardson, Pascal Vincent, Honglak Lee]"}, "6": {"qwen": "The common neighbors between Mat\u00edas Za\u00f1artu and Rohit Joshi are:\n[Marzyeh Ghassemi]"}, "7": {"qwen": "The common neighbors between Bernd Porr and Xiaodong Wu in this network are: [Christian Bauer, Pechin Lo]"}, "8": {"qwen": "The common neighbors of Sang Wan Lee and Hyoyoung Jang in this network are [Zeungnam Bien]."}, "9": {"qwen": "The common neighbors between Mitchell Bowden and Marta Tatu in the given network are:\n\n[Marian Olteanu, Dan I. Moldovan, Sanda M. Harabagiu, Adrian Novischi, Christine Clark]"}, "10": {"qwen": "The common neighbors between Sandra Duni Eksioglu and Mark S. Daskin are Mohammad Marufuzzaman. So the answer is:\n\n[Mohammad Marufuzzaman]"}, "11": {"qwen": "The common neighbors between Matti H\u00e4m\u00e4l\u00e4inen and Fa-Hsuan Lin in this network are Samantha Huang. So the answer is:\n[Samantha Huang]"}, "12": {"qwen": "The common neighbors between Pascal H\u00e9non and G\u00e9rard Meurant are: [Luc Giraud]"}, "13": {"qwen": "The common neighbors between Ge Wang and Carlos Eduardo Pereira in this network are [Jun Ni]."}, "14": {"qwen": "[Vinod Namboodiri]"}, "15": {"qwen": "The common neighbors between Rajkumar Buyya and Jiazheng Shi are Steve Goddard. Therefore, the answer is:\n\n[Steve Goddard]"}, "16": {"qwen": "The common neighbors between Jolie M. Martin and Varun Dutt in this network are [Cleotilde Gonzalez, Christian Lebiere]."}, "17": {"qwen": "[Daniel Moraru, Corinne Fredouille]"}, "18": {"qwen": "The common neighbors of Laxmi N. Bhuyan and Xiaofeng Han in the network are: [Mike H. MacGregor]."}, "19": {"qwen": "[Jean-Michel Fourneau]"}, "20": {"qwen": "The common neighbors of Maneesh Agrawala and Marc Pollefeys in this network are:\n\n[Dani Lischinski, Kaan Y\u00fccer]"}, "21": {"qwen": "The common neighbors between Qiulin Tan and Masayuki Miyashita are:\n\n[Tao Luo]"}, "22": {"qwen": "The common neighbors between Yiming Han and Florina M. Ciorba are: [George K. Papakonstantinou, Theodore Andronikos, Anthony T. Chronopoulos, Satish Penmatsa, Ioannis Riakiotakis]"}, "23": {"qwen": "[David Gefen]"}, "24": {"qwen": "The common neighbors of Kui Ren and Wei Yu in this network are: [Cong Wang, Zhu Han, Hui Xia]"}, "25": {"qwen": "[Andrew V. Knyazev]"}, "26": {"qwen": "[Guoxiang Lan, Yi Chen, Jayavel Shanmugasundaram]"}, "27": {"qwen": "[Bingo Wing-Kuen Ling, Qingyun Dai]"}, "28": {"qwen": "The common neighbors of Rajkumar Buyya and Douglas Thain in this network are: [Ian T. Foster, Karan Vahi, Ioan Raicu, Gaurang Mehta, Catalin L. Dumitrescu, M. Wilde, M. Sosebee]"}, "29": {"qwen": "[Luis de-Marcos, Barend de Lange]"}, "30": {"qwen": "The common neighbors between Rodney Carlos Bassanezi and Tofigh Allahviranloo in this network are:\n\n[Heriberto Rom\u00e1n-Flores]"}, "31": {"qwen": "[David Brie, Yingying Song]"}, "32": {"qwen": "[Martin Fleury, Rik Van de Walle, Peter Lambert, Mohammed Ghanbari]"}, "33": {"qwen": "The common neighbors of Zenon Colaco and Michael Gelfond in this network are: [Chitta Baral, Jeremy L. Wyatt, Mohan Sridharan, Shiqi Zhang]"}, "34": {"qwen": "The common neighbors between Robert John and Yingjie Yang in this network are [Janusz Kacprzyk, Arjab Singh Khuman]."}, "35": {"qwen": "[M. Frans Kaashoek, Ion Stoica, Robert Morris, Adriana Iamnitchi]"}, "36": {"qwen": "The common neighbors between Teemu Koponen and Justin Pettit in the given network are:\n[Scott Shenker, Martin Casado, Nick McKeown, Guru M. Parulkar, Jennifer Rexford, Brandon Heller, Edjard Mota, Natasha Gude, Larry L. Peterson, Ricardo Bennesby, Alexandre Passito]"}, "37": {"qwen": "The common neighbors between Matthew Johnson and Anupriya Ankolekar are the authors they have both collaborated with. Based on the given collaborations:\n\nMatthew Johnson has collaborated with:\n- Nicola Henze\n- Jeffrey M. Bradshaw\n- Daniel Krause\n\nAnupriya Ankolekar has collaborated with:\n- Daniel Krause\n\nTherefore, the common neighbor between Matthew Johnson and Anupriya Ankolekar is:\n[Daniel Krause]"}, "38": {"qwen": "The common neighbors between Francesco Guerra and Maurizio Vincini are: [Sonia Bergamaschi, Silvana Castano, Maurizio Lenzerini, Domenico Beneventano, Federica Mandreoli, Philip A. Bernstein, Giovanni simonini, Antonio Sala]"}, "39": {"qwen": "The common neighbors of Michihiro Koibuchi and Jos\u00e9 Duato in this network are [Henri Casanova, Nhat Le]."}, "40": {"qwen": "The common neighbors of Ian H. Witten and C. Herv\u00e1s-Mart\u00ednez in this network are:\n[Eibe Frank, Xin Yao, Pedro Antonio Guti\u00e9rrez, C\u00e9sar Herv\u00e1s-Mart\u00ednez]"}, "41": {"qwen": "The common neighbors between Christopher Kruegel and Latanya Sweeney in this network are: [Wanlei Zhou, Latanya Sweeney]"}, "42": {"qwen": "The common neighbors of Reinaldo Vallejos and Kaspar Riesen in the given network are:\n\n[Celso C. Ribeiro]"}, "43": {"qwen": "The common neighbors of Jeff Z. Pan and Z. M. Ma in this network are:\n[Fernando Bobillo, Fu Zhang, Bernardo Cuenca Grau, Diego Calvanese, Peter F. Patel-Schneider, M. Amparo Vila, Olga Pons]"}, "44": {"qwen": "[Simon Fong, Kyungeun Cho]"}, "45": {"qwen": "The common neighbors between Ruud Hendrickx and Justo Puerto in this network are:\n\n[Miguel A. Hinojosa, Amparo M. M\u00e1rmol]"}, "46": {"qwen": "[Marco Marzovillo, Romeo Giuliano, Franco Mazzenga]"}, "47": {"qwen": "The common neighbors of Aiman H. El-Maleh and Subhasish Mitra in this network are: [Krishnendu Chakrabarty, Sudhakar M. Reddy, Nur A. Touba, Mehrdad Nourani]"}, "48": {"qwen": "The common neighbors of Zhiwu Li and Libin Han in this network are:\n[MengChu Zhou, Keyi Xing, NaiQi Wu, Hongye Su]"}, "49": {"qwen": "[Charlotte Gerritsen, Tibor Bosse]"}, "50": {"qwen": "The common neighbors of Bo Liu and John N. Davies in this network are [Vic Grout]."}, "51": {"qwen": "The common neighbors of Somesh Jha and Ronald Perez in this network are: [Abhinav Srivastava, Trent Jaeger, Vinod Ganapathy, Joshua Schiffman, Hayawardh Vijayakumar]"}, "52": {"qwen": "[Tokunbo Ogunfunmi]"}, "53": {"qwen": "The common neighbors of Guanrong Chen and Shengyuan Xu in this network are: [Huijun Gao, Francesco Bullo]"}, "54": {"qwen": "[Israel Ya\u00f1ez-Vargas, Rama Chellappa, Stewart R. Santos]"}, "55": {"qwen": "[Chao Tian]"}, "56": {"qwen": "[Oscar Castillo, Ting-Yu Chen, Shyi-Ming Chen, Jerry M. Mendel]"}, "57": {"qwen": "The common neighbors of Michael Ferdman and Stefan Savage in this network are: [Haibo Chen]"}, "58": {"qwen": "The common neighbors between Wolfgang Staffen and Gunther Ladurner are: [Martin Kronbichler, Matthias Schurz, Fabio Richlan, Heinz Wimmer]"}, "59": {"qwen": "The common neighbors of Niccol\u00f2 Tempini and Dorothy E. Leidner in this network are [Ann Majchrzak]."}, "60": {"qwen": "The common neighbors of Gordon V. Cormack and Igor Santos in this network are: [Pablo Garc\u00eda Bringas, Carlos Laorden]"}, "61": {"qwen": "The common neighbors between Matthias A. Blumrich and Keiichi Kaneko are: [Yamin Li, Shietung Peng, Wanming Chu]"}, "62": {"qwen": "The common neighbors of Domenico Tegolo and Michael D. Abr\u00e0moff in the given network are: [Meindert Niemeijer, Christopher G. Owen]"}, "63": {"qwen": "[Carles Creus, Guillem Godoy, Florent Jacquemard]"}, "64": {"qwen": "[Philip K. McKinley]"}, "65": {"qwen": "[Chen B, Haiquan Zhao]"}, "66": {"qwen": "The common neighbors of Zheng Yan and Xiaojian Ding in this network are:\n[Guang-Bin Huang, Dong Sun Park]"}, "67": {"qwen": "[None]"}, "68": {"qwen": "The common neighbors of Umit Y. Ogras and Hideharu Amano in this network are: [J\u00fcrgen Teich, Radu Marculescu, Brian Towles, Jingcao Hu]"}, "69": {"qwen": "The common neighbors between Steven Du and Yao Qian in this network are: [Haizhou Li, Zhizheng Wu]"}, "70": {"qwen": "[Toshiaki Katayama, Shuichi Kawashima, Susumu Goto, Raoul J. P. Bonnal, Yasukazu Nakamura, Pjotr Prins, Rutger Vos, Hideaki Sugawara]"}, "71": {"qwen": "The common neighbors between Gerasimos S. Antzoulatos and Guangquan Zhang are:\n[Michael N. Vrahatis, Konstantinos E. Parsopoulos]"}, "72": {"qwen": "The common neighbors between Alex Butler and Kamer Ali Yuksel are the authors they have both collaborated with. Analyzing the given collaborations, we find that they have both worked with the following authors:\n\n- Mehran Roshandel\n- Hamed Ketabdar\n\nSo, the common neighbors of Alex Butler and Kamer Ali Yuksel are:\n[Mehran Roshandel, Hamed Ketabdar]"}, "73": {"qwen": "[Liusheng Huang, Yonglong Luo]"}, "74": {"qwen": "The common neighbors of Mario Gianni and Junchao Xu in the given network are:\n\n[Mark A. Neerincx, Rosemarijn Looije]"}, "75": {"qwen": "[Chandan Singh, Ekta Walia, Pan-Pan Niu, Simon Liao, Dimitris E. Koulouriotis, Miroslaw Pawlak, Hong-Ying Yang, Yongqing Xin]"}, "76": {"qwen": "[Emiliano Tramontana]"}, "77": {"qwen": "[none]"}, "78": {"qwen": "The common neighbors between Michael Kaminsky and Yuval Elovici are: [Christos Faloutsos, Krishna P. Gummadi, Alan Mislove, Bimal Viswanath]"}, "79": {"qwen": "[Anqi Qiu, Matthew F. Glasser, David C. Van Essen]"}, "80": {"qwen": "The common neighbors of Linda G. Wallace and Xizhu Mo in this network are [Yong Hu, Mark Keil]."}, "81": {"qwen": "[Maxim Claeys]"}, "82": {"qwen": "The common neighbors of Y. Wang and Haibo Huang in this network are: [C. Shu]"}, "83": {"qwen": "The common neighbors between Mahbubur Rahman and Wei Wang in this network are:\n\n[Mehdi Amirijoo, Chenyang Lu, Ranveer Chandra]"}, "84": {"qwen": "The common neighbors of Anirban Mahanti and Xiaohe Hu in the network are:\n[Jun Li]"}, "85": {"qwen": "The common neighbors of Zoltan Csaba Marton and James J. Kuffner in this network are: [Siddhartha S. Srinivasa, Jacopo Aleotti, Stefano Caselli]"}, "86": {"qwen": "[ Dal Hyung Kim ]"}, "87": {"qwen": "The common neighbors of Bill Triggs and Mohammad Abdelaziz Gowayyed in the given network are: [Wanqing Li, Philip Ogunbona, Marwan Torki]"}, "88": {"qwen": "The common neighbors of Markos Zampoglou and Athanasios G. Malamos in this network are:\n[Anastasios D. Doulamis, Yvonne Jung, Johannes Behr, Kostas Kapetanakis, Konstantinos Kontakis, Spyros Panagiotakis, Patti Spala]"}, "89": {"qwen": "The common neighbors between Ronald Cornet and Stefan Schlobach in this network are: [Bijan Parsia, Kathrin Dentler]"}, "90": {"qwen": "[Morten Nielsen, Elin Teppa, Rainer Merkl]"}, "91": {"qwen": "The common neighbors between Sofya Raskhodnikova and C. Seshadhri in this network are: [Eldar Fischer]"}, "92": {"qwen": "[Bo Song, Ning Xi, Chiu Lai]"}, "93": {"qwen": "The common neighbors between Philip Rose and Yasushi Makihara in this network are [Andrzej Drygajlo, Joaquin Gonzalez-Rodriguez]."}, "94": {"qwen": "[Anish Das Sarma, Giovanni Ponti]"}, "95": {"qwen": "The common neighbors of Richard Durbin and Rodrigo Lopez in this network are [Toby J. Gibson]."}, "96": {"qwen": "The common neighbors between Wei Fan and Michael N. Huhns are: [Qianhui Liang, Quan Z. Sheng]"}, "97": {"qwen": "The common neighbors of Arthur W. Toga and Rachid Deriche in this network are: [David C. Van Essen, Stephen M. Smith]"}, "98": {"qwen": "The common neighbors of Habib Ammari and Sungwhan Kim in the given network are: [Eung Je Woo, Jin Keun Seo, Ohin Kwon, Adrian Nachman]"}, "99": {"qwen": "[Vuthichai Ampornaramveth, Mohammed Hasanuzzaman, Yoshiaki Shirai, Hironobu Gotoda]"}, "100": {"qwen": "The common neighbors of Jin Seo Park and Karl Heinz H\u00f6hne in this network are:\n\n[Min Suk Chung]"}, "101": {"qwen": "The common neighbors of Albert F. Harris and Terence Tao in this network are: [Michele Rossi, Michele Zorzi, Giorgio Quer, Riccardo Masiero]"}, "102": {"qwen": "The common neighbors between Xusheng Sun and Rick S. Blum in this network are [Seksan Laitrakun]."}, "103": {"qwen": "[Clifford R. Jack, Greig I. de Zubicaray, Matt A. Bernstein, Suh Lee]"}, "104": {"qwen": "The common neighbors between Klaus Robert M\u00fcller and Gregor Rainer in this network are: [Frank C. Meinecke, Sven D\u00e4hne, Siamac Fazli]"}, "105": {"qwen": "The common neighbors between Daniel Wedge and Xenophon Zabulis in this network are:\n\n[Fl\u00e1vio L. C. P\u00e1dua, Rodrigo L. Carceroni]"}, "106": {"qwen": "The common neighbors between Hong Su and Elke A. Rundensteiner in this network are:\n\n[Michael J. Carey, Donald Kossmann, Arvind Sundararajan]"}, "107": {"qwen": "The common neighbors between Garima Mittal and A. I. Marqu\u00e9s in this network are: [K. K. Lai, Shouyang Wang]"}, "108": {"qwen": "The common neighbors of Carol Passos and Cristiano Tolfo in this network are: [Manoel G. Mendon\u00e7a, Daniela S. Cruzes]"}, "109": {"qwen": "The common neighbors between Stefan Boresch and Alexander D. MacKerell in this network are:\n\n[Wonpil Im, Wenbo Yu, Sirish Kaushik Lakkaraju, Frank C. Pickard, E. Prabhu Raman]"}, "110": {"qwen": "[Ke Chen, Luminita A. Vese]"}, "111": {"qwen": "[Arend Rensink, Gabriele Taentzer, Fernando Orejas, Paolo Bottoni, Juan de Lara, Hartmut Ehrig, Annegret Habel, Karl-Heinz Pennemann, Leen Lambers]"}, "112": {"qwen": "[Joseph R. Cavallaro, Jarmo Takala]"}, "113": {"qwen": "[Vasos Vassiliou, Jos\u00e9 Cec\u00edlio, Utz Roedig, Petcharat Suriyachai]"}, "114": {"qwen": "[Alagan Anpalagan, Jeffrey G. Andrews, Hamed Rasouli]"}, "115": {"qwen": "[Kei Sakaguchi, Kiyomichi Araki, Gia Khanh Tran]"}, "116": {"qwen": "The common neighbors of Wei Liang and Meng Zheng in this network are [Gerhard P. Hancke, Youxian Sun, Seung Don Hong]."}, "117": {"qwen": "[Ming Li, Jiawei Han]"}, "118": {"qwen": "The common neighbors of Fabrizio Frati and William Y. C. Chen in the network are:\n[V\u00edt Jel\u00ednek]"}, "119": {"qwen": "The common neighbors between Klaus Leopold and Anthony Vetro in this network are:\n\n[Jos\u00e9 M. Mart\u00ednez]"}, "120": {"qwen": "[Apoorv Shukla, Rebecca Steinert, Arne Ludwig]"}, "121": {"qwen": "The common neighbors between Thomas L. Ainsworth and Hong Zhang in this network are: [Jian Yang, Chao Wang, Jong-Sen Lee, Yoshio Yamaguchi, Eric Pottier, Hiroyoshi Yamada, Toshifumi Moriyama, Motoki Masaka]"}, "122": {"qwen": "The common neighbors of Atef Abdrabou and Hari Balakrishnan in this network are:\n\n[Yang Xiao, John S. Heidemann]"}, "123": {"qwen": "Error!"}, "124": {"qwen": "The common neighbors of Christian Bessiere and Bart Selman in this network are:\n[Carla P. Gomes]"}, "125": {"qwen": "The common neighbors between Wei Pan and Mary Czerwinski in this network are: [Rosalind W. Picard, A. Sano]"}, "126": {"qwen": "[B. De Moor, Christian Jutten]"}, "127": {"qwen": "The common neighbors of Aimin Jiang and Shing-Chow Chan in this network are [Kai Man Tsui]."}, "128": {"qwen": "[Jos\u00e9 A. Baiocchi]"}, "129": {"qwen": "The common neighbors between Ingrid Verbauwhede and Thomas Feller are: [Thomas P\u00f6ppelmann, Tobias Oder]"}, "130": {"qwen": "The common neighbors between Masato Tajima and Deepak Sridhara in this network are: [J Daniel Costello, Koji Okino, Arvind Sridharan]"}, "131": {"qwen": "The common neighbors between Gunter Saake and Mario Monteiro are: [Ui\u00e1 Kulesza, Alessandro Garcia, Janet Siegmund, N\u00e9lio Cacho, Janet Feigenspan]"}, "132": {"qwen": "The common neighbors between Chris Buehler and George Drettakis are: [Richard Szeliski, Noah Snavely, Steven M. Seitz, Leonard McMillan, Timo Stich, Christian Linz, Simon Baker, George Drettakis]"}, "133": {"qwen": "The common neighbors of Masahiko Jinno and Tomohiro Kudoh in this network are: [Yoshio Tanaka, Vinod M. Vokkarane, Satoshi Sekiguchi, Shuichi Okamoto]"}, "134": {"qwen": "The common neighbors of Ely Porat and Richard Cole in this network are: [Amihood Amir, Benny Porat, Benjamin Sach]"}, "135": {"qwen": "The common neighbors between Hing-Cheung So and Mohammad Reza Gholami in this network are:\n\n[Tzu-Chen Lian, Gang Wang]"}, "136": {"qwen": "The common neighbors between Qing-Shan Jia and Han Zou in this network are: [Hao Jiang, Xiaoxuan Lu, Hengtao Wang]"}, "137": {"qwen": "[Dacheng Tao, Xiaogang Wang, Kevin W. Bowyer, Patrick J. Flynn, Anil K. Jain, Karen Hollingsworth, Yung-Hui Li, Zhenan Sun]"}, "138": {"qwen": "Mayur Datar and David Isaac Wolinsky have no direct collaboration. However, they are both connected through Pradheep Elango.\n\nCommon neighbors between Mayur Datar and David Isaac Wolinsky: [Pradheep Elango]"}, "139": {"qwen": "[Lawrence Carin, Wenzhao Lian]"}, "140": {"qwen": "[Vlad Nae, Radu Prodan, Mike Surridge, Lukas K\u00f6pfle]"}, "141": {"qwen": "The common neighbors between Yusuke Nojima and Saurabh Sinha in this network are: [Mehmet Kaya]"}, "142": {"qwen": "The common neighbors between Jorge Ortiz and Klaus Kabitzsch are the authors they both collaborate with. Analyzing the given collaborations:\n\n- Jorge Ortiz collaborates with Joern Ploennigs.\n- Klaus Kabitzsch collaborates with Joern Ploennigs.\n\nTherefore, the common neighbor between Jorge Ortiz and Klaus Kabitzsch is:\n\n[Joern Ploennigs]"}, "143": {"qwen": "[Thomas W. Reps]"}, "144": {"qwen": "The common neighbors between Benoit Donnet and Zhuoqing Morley Mao in this network are:\n\n[Renata Teixeira, Olivier Bonaventure, Virginie Van den Schrieck]"}, "145": {"qwen": "The common neighbors of Pedro F. Felzenszwalb and Janne Heikkil\u00e4 in the given network are: [Vladimir Kolmogorov, Tsuhan Chen, Takeo Kanade, Mubarak Shah]"}, "146": {"qwen": "[None]"}, "147": {"qwen": "The common neighbors of Kenneth Rose and James W. Modestino are:\n[Aggelos K. Katsaggelos, Rui Zhang, Konstantinos E. Parsopoulos, Lisimachos P. Kondi, Angeliki V. Katsenou]"}, "148": {"qwen": "The common neighbors of Fang Meng and Markus H. Gross in this network are [Szymon Rusinkiewicz, Radhakrishna Achanta]."}, "149": {"qwen": "[Venkat Venkatasubramanian, Raghunathan Rengaswamy, Surya N. Kavuri, Kewen Yin]"}, "150": {"qwen": "The common neighbors between Chinmay S. Vaze and Marc Torrellas in this network are: [Josep Vidal, Syed Ali Jafar, Adrian Agustin]"}, "151": {"qwen": "[Daniel Zinn]"}, "152": {"qwen": "[Leith Abdulla]"}, "153": {"qwen": "The common neighbors of John F. Elder and Jianhua Xu in this network are [Dragi Kocev]."}, "154": {"qwen": "[M. Frans Kaashoek, Kai-Uwe Sattler, Ion Stoica, Scott Shenker, Hari Balakrishnan, Robert Morris, Liz Ribe-Baumann]"}, "155": {"qwen": "[Wei-Min Shen, Kasper Stoy]"}, "156": {"qwen": "The common neighbors of Ke Zhou and Pearl Pu in this network are:\n\n[Francesco Ricci]"}, "157": {"qwen": "[Michalis Faloutsos, Scott Shenker, Hari Balakrishnan, Srikanth V. Krishnamurthy]"}, "158": {"qwen": "The common neighbors of Sari Kujala and Per Runeson in this network are: [Marjo Kauppinen, Laura Lehtola]."}, "159": {"qwen": "The common neighbors of Akihiko Kuze and Carol J. Bruegge in this network are [Christopher W. O'Dell]."}, "160": {"qwen": "The common neighbors between Minija Tamosiunaite and Eren Erdal Aksoy are:\n\n[Florentin W\u00f6rg\u00f6tter, Jeremie Papon, Alexey Abramov, Babette Dellen]"}, "161": {"qwen": "Common neighbors between Nasim Arianpoo and Randall Stewart: [Janardhan R. Iyengar]"}, "162": {"qwen": "The common neighbors between Jun Suzuki and Corinna Cortes are:\n[John Shawe-Taylor, Chris Watkins, Mehmet G\u00f6nen]"}, "163": {"qwen": "Since there is no direct collaboration between Zheng-Hai Huang and Shaoyan Guo, they have no common neighbors in this network. The answer is an empty list:\n\n[]"}, "164": {"qwen": "The common neighbors of Bram van Ginneken and Pheng-Ann Heng in this network are: [Jing Qin, Lequan Yu, Vincent Mok]"}, "165": {"qwen": "The common neighbors between Jiawei Han and Wei Wang in the network are: [Philip S. Yu, Wen-Chih Peng, Zhenhui Li, Deng Cai, Hari Balakrishnan, Xing Xie, Jure Leskovec, Peter Nye, Raymond Chi-Wing Wong]"}, "166": {"qwen": "Error!"}, "167": {"qwen": "Based on the given research collaborations:\n\n- J\u00f6rg Ott and Edjair Mota have collaborated.\n- Lingfen Sun and Leandro S. G. de Carvalho have collaborated.\n- Lingfen Sun and Edjair Mota have collaborated.\n- Edjair Mota and Leandro S. G. de Carvalho have collaborated.\n\nThe common neighbors between J\u00f6rg Ott and Lingfen Sun are the authors they have both collaborated with, which are:\n\n[Edjair Mota]"}, "168": {"qwen": "The common neighbors of Raghu N. Kacker and Amit P. Sheth are:\n[Jun Yan]"}, "169": {"qwen": "The common neighbors between P. Radha Krishna and Paris Avgeriou in this network are: [Lai Xu]"}, "170": {"qwen": "The common neighbors between Patrick Girard and Shianling Wu in this network are:\n\n[Xiaoqing Wen, Laung-Terng Wang, Sudhakar M. Reddy, Janusz Rajski]"}, "171": {"qwen": "[Richard Szeliski, Ravi Ramamoorthi, Natasha Gelfand, Wei-Chao Chen]"}, "172": {"qwen": "The common neighbors of Kristen Grauman and Dinesh Manocha are the authors they both collaborate with. From the given collaborations:\n\n- Kristen Grauman collaborates with: Huijing Zhao, Ryosuke Shibasaki\n- Dinesh Manocha collaborates with: Huijing Zhao, Ryosuke Shibasaki\n\nTherefore, the common neighbors are:\n[Huijing Zhao, Ryosuke Shibasaki]"}, "173": {"qwen": "[Jiancheng Fang, Yuan Ren]"}, "174": {"qwen": "The common neighbors between Romain Couillet and Miguel Angel Lagunas in this network are [Sriram Vishwanath]."}, "175": {"qwen": "The common neighbors between C.A.J.M. de Bie and Clement Atzberger are:\n\n[Andrew K. Skidmore]"}, "176": {"qwen": "The common neighbors between Shr-Ching Weng and Jeffrey Ho are the authors they have both collaborated with. From the given collaborations:\n\n- Shr-Ching Weng collaborated with Ravi Ramamoorthi.\n- Jeffrey Ho collaborated with Ravi Ramamoorthi.\n\nTherefore, the common neighbors of Shr-Ching Weng and Jeffrey Ho are:\n[Ravi Ramamoorthi]"}, "177": {"qwen": "[Renliang Gu, Emmanuel J. Cand\u00e8s]"}, "178": {"qwen": "The common neighbors of Rajkumar Buyya and Dan Chen in this network are: [Lizhe Wang, Abdullah Gani, Dan Chen]"}, "179": {"qwen": "The common neighbors of Kevin A. Kwiat and Michael Iannelli in this network are: [Kaliappa Ravindran, Mohammad Rabby]"}, "180": {"qwen": "[Hrishikesh B. Acharya, Mohamed G. Gouda, Alex X. Liu, Guru M. Parulkar]"}, "181": {"qwen": "[Guilin Chen, Vassos Soteriou, Li-Shiuan Peh]"}, "182": {"qwen": "The common neighbors of Rui Zhang and Gordana \u00d0ordevic in this network are:\n\n[Himal A. Suraweera, Chau Yuen]"}, "183": {"qwen": "The common neighbors between Anjing Fan and Daren Yu are [Fan Min, William Zhu]."}, "184": {"qwen": "The common neighbors of Manuel P\u00e9rez Cota and Jacinto G. Dacosta in this network are:\n[Mar\u00eda J. Lado, Emilio Garc\u00eda Rosell\u00f3]"}, "185": {"qwen": "[Dervis Karaboga, Celal Ozturk, Mina Husseinzadeh Kashan]"}, "186": {"qwen": "The common neighbors between Rui Li and Keith Andrews in this network are:\n\n[Christoph Trattner]"}, "187": {"qwen": "The common neighbors of Pierre L'Ecuyer and Lih-Yuan Deng in this network are: [Richard J. Simard]"}, "188": {"qwen": "[Philip Hanna, George Ferguson, Xingkun Liu]"}, "189": {"qwen": "The common neighbors between Haining Wang and Ludmila Cherkasova are: [Gaurav Somani]"}, "190": {"qwen": "The common neighbors of Alessandro Stranieri and Manuele Brambilla in this network are:\n[Anders Lyhne Christensen, Marco Dorigo, Frederick Ducatelle, Alexandre Campo]"}, "191": {"qwen": "The common neighbors of Chita R. Das and Luis Joyanes Aguilar in this network are [Michele Colajanni]."}, "192": {"qwen": "The common neighbors of Behnaam Aazhang and Lutz Lampe in this network are: [Sonia Aissa, H.V. Poor]"}, "193": {"qwen": "The common neighbors of Jin Li and Baodong Qin in this network are [Dan Boneh, Bharath K. Samanthula]."}, "194": {"qwen": "The common neighbors between Richard R. Muntz and Reinhard Guthke in this network are:\n\n[Michael Hecker]"}, "195": {"qwen": "The common neighbors of Mark Barnard and Ba-Ngu Vo in this network are the authors they both collaborate with. From the given collaborations:\n\n- Mark Barnard collaborates with: Wenwu Wang, Ba-Ngu Vo, Volkan Kilic\n- Ba-Ngu Vo collaborates with: Mark Barnard, Wenwu Wang, Volkan Kilic\n\nSince they collaborate with each other as well as with Wenwu Wang and Volkan Kilic, their common neighbors are:\n\n[Volkan Kilic, Wenwu Wang]"}, "196": {"qwen": "[Long Wang, Wenwu Yu]"}, "197": {"qwen": "[Robert Oostenveld, Karl J. Friston, Gareth R. Barnes]"}, "198": {"qwen": "[Xingzhe Xie, Wilfried Philips, Mohamed Y. Eldib, Sebastian Gruenwedel, Peter Van Hese]"}, "199": {"qwen": "[Xiapu Luo, Yajuan Tang, Pedro Garc\u00eda-Teodoro, Gabriel Maci\u00e1-Fern\u00e1ndez, Jes\u00fas E. D\u00edaz-Verdejo, Edmond W. W. Chan, Rocky K. C. Chang]"}, "200": {"qwen": "[Ritu Agarwal, Sarah Beecham, Helen Sharp]"}, "201": {"qwen": "[Frank Kr\u00fcger, Thomas Kirste]"}, "202": {"qwen": "[Fr\u00e9d\u00e9ric Baret, Ranga B. Myneni]"}, "203": {"qwen": "[Andrew Y. Ng, Kyunghyun Cho, Christopher D. Manning, Tomas Mikolov, Phil Blunsom, Sumit Chopra, Jianpeng Cheng]"}, "204": {"qwen": "The common neighbors between Loredana Tec and Egon B\u00f6rger are: [Wolfram Schulte, Yuri Gurevich]"}, "205": {"qwen": "The common neighbors between Wei Tang and Min Kyoung Park are Volkan Rodoplu. So the answer is:\n\n[Volkan Rodoplu]"}, "206": {"qwen": "[None]"}, "207": {"qwen": "The common neighbors between Theodore S. Rappaport and Yang Yang in this network are Qi Wang and Sihui Qi.\n\n[Qi Wang, Sihui Qi]"}, "208": {"qwen": "The common neighbors between J Schulte-Pelkum and Markus Lappe in this network are:\n\n[Bernhard E. Riecke, John J. Rieser]"}, "209": {"qwen": "The common neighbors of Niko Beerenwinkel and Rafael Bello in the given network are:\n\n[Isel Grau, Gonzalo N\u00e1poles, Rolf Kaiser]"}, "210": {"qwen": "[Maria A Stalteri, Graham J. G. Upton, William B. Langdon, Andrew P. Harrison]"}, "211": {"qwen": "The common neighbors between Jason Mars and Ivan Rodero in this network are [Chandrakant D. Patel]."}, "212": {"qwen": "[Elizabeth Ann Maharaj]"}, "213": {"qwen": "[Daniel A. Reed, Beth Plale, Yogesh Simmhan, Dennis Gannon]"}, "214": {"qwen": "The common neighbors of Piyush Gupta and Brian Neil Levine in this network are Wang Liu. Therefore, the answer is:\n\n[Wang Liu]"}, "215": {"qwen": "[Stanley E. Shackney, Kerstin Heselmeyer-Haddad]"}, "216": {"qwen": "The common neighbors between Karl Lermer and Tim McComb in this network are [Colin J. Fidge]."}, "217": {"qwen": "The common neighbors of Yongdong Zhang and Mubarak Shah in this network are [Arun Hampapur]."}, "218": {"qwen": "[Andr\u00e9 P\u00e9ninou, C. Marie-Fran\u00e7oise Canut]"}, "219": {"qwen": "The common neighbors between Marcela Genero and Sandra Fabbri in this network are: [Barbara Kitchenham]"}, "220": {"qwen": "The common neighbors of Reinhard Diestel and Julian Pott in this network are [Henning Bruhn]."}, "221": {"qwen": "[Marek Kurzynski, Francisco Herrera, Tomasz Woloszynski, Jiafu Tang, Xing-Gang Luo, Zhong-Liang Zhang]"}, "222": {"qwen": "[Jean Vanderdonckt, Kris Luyten, Karin Coninx]"}, "223": {"qwen": "[Kimmo Rautiainen, Merc\u00e8 Vall-Llossera, Adriano Camps, Yann H. Kerr, Philippe Waldteufel, Nicolas Reul, Eric Anterrieu, Joseph Tenerelli, Andreas Colliander, Isaac Ramos-P\u00e9rez, Jacqueline Boutin, J\u00e9r\u00f4me Gourrion, Ver\u00f3nica Gonz\u00e1lez-Gambau, Claire Gruhier, Hyuk Park]"}, "224": {"qwen": "The common neighbors of Uma Maheswari and Michael Paulini in this network are: [Rodrigo Lopez, Lincoln Stein, Mark D. McDowall, Mary Ann Tuli]"}, "225": {"qwen": "The common neighbors between Dongsheng Guo and Fuhai Zhang in this network are: [Yunong Zhang]"}, "226": {"qwen": "[Dzung L. Pham, Arthur W. Toga, Peter C.M. van Zijl, Susumu Mori, Issel Anne L Lim]"}, "227": {"qwen": "[Deepak Chauhan, Bart Vermeulen]"}, "228": {"qwen": "The common neighbors of Amaia Herv\u00e1s and Alyssa Alcorn in this network are [Judith Good, Narcis Pares]."}, "229": {"qwen": "The common neighbors of Carlos Hoppen and Yoshiharu Kohayakawa in this network are:\n\n[Hanno Lefmann, Rudini Menezes Sampaio, Asaf Shapira, Oleg Pikhurko, Daniel Kr\u00e1l]"}, "230": {"qwen": "[Camelia Hora, Aritra Banerjee, Yiorgos Makris, Salvador Mir]"}, "231": {"qwen": "[Jane Ransom, Jarmo J. Ahonen]"}, "232": {"qwen": "The common neighbors between Yu Cheng and Dina Katabi in this network are: [Weihua Zhuang, Sachin Katti, Hongkun Li]"}, "233": {"qwen": "The common neighbors of Krystian Mikolajczyk and Visvanathan Ramesh are:\n[Ming-Hsuan Yang, Xuelong Li, Dorin Comaniciu, Peter Meer, Wanying Xu]"}, "234": {"qwen": "The common neighbors between Paolo Ventura and Thomas M. Liebling are:\n[Anna Galluccio, Claudio Gentile]"}, "235": {"qwen": "[Philip J. Guo]"}, "236": {"qwen": "[Ivan Zelinka, Zuzana Kominkova Oplatkova]"}, "237": {"qwen": "The common neighbors between Jerzy Tyszer and Tsung-Chu Huang are: [Janusz Rajski, Ahmad A. Al-Yamani, Peter Wohl, Thomas W. Williams, Krishnendu Chakrabarty]"}, "238": {"qwen": "[An Liu, Tet Hin Yeap]"}, "239": {"qwen": "The common neighbors of Hong Cheng and Shaoxu Song in this network are: [Xiaofang Zhou, Wenfei Fan, Xifeng Yan]"}, "240": {"qwen": "The common neighbors of Guoyin Li and J\u00e9r\u00f4me Malick in this network are [Adrian S. Lewis]."}, "241": {"qwen": "[M. Frans Kaashoek, Hiroya Nagao, Kazuyuki Shudo]"}, "242": {"qwen": "The common neighbors of Michael Wagner and Rui Sun are the authors they have both collaborated with. Analyzing the given collaborations:\n\n- Michael Wagner collaborated with: Mark A. Clements, Elliot Moore, Sharifa Alghowinem, Jyoti Joshi\n- Rui Sun collaborated with: Elliot Moore\n\nFrom these, the common neighbor between Michael Wagner and Rui Sun is [Elliot Moore]."}, "243": {"qwen": "[Ian T. Foster, Ewa Deelman, Rajkumar Kettimuthu, M. Wilde, Kyle Chard, Dinanath Sulakhe, Alex Rodriguez]"}, "244": {"qwen": "The common neighbors between Wei Fan and Juan Manuel Alonso-Weber in the given network are:\n\n[J\u00fcrgen Schmidhuber, Dan C. Ciresan, Ueli Meier]"}, "245": {"qwen": "The common neighbors between Gene Tsudik and Hatem Bettahar in this network are:\n[Yacine Challal, Abdelmadjid Bouabdallah]"}, "246": {"qwen": "Common neighbors between Marcus Barkowsky and Margaret H. Pinson: [Alan C. Bovik]"}, "247": {"qwen": "The common neighbors between Tamara Dinev and Elena Karahanna in the given network are:\n[Tamara Dinev, Dan J. Kim, Izak Benbasat, Detmar W. Straub, Viswanath Venkatesh, David Gefen]"}, "248": {"qwen": "[Luis Rodero-Merino, Theodora A. Varvarigou]"}, "249": {"qwen": "[Peigen Li]"}, "250": {"qwen": "[Emilio Delgado L\u00f3pez-C\u00f3zar]"}, "251": {"qwen": "The common neighbors of Steven Tuecke and Carl Kesselman in this network are [Yang Liu, Ian T. Foster, SungHo Chin, Ioan Raicu]."}, "252": {"qwen": "[Dimitrios Soudris, Chok-Kwan Cheung]"}, "253": {"qwen": "[Xiaoping Tang, Charles Chiang, John Lillis, Jingyu Xu, Jiang Hu]"}, "254": {"qwen": "[Donato Impedovo, D. S. Guru, S. Manjunath]"}, "255": {"qwen": "Since there is no direct collaboration between Nektarios Gioldasis and Stefan Biffl, their common neighbors are the authors they have both collaborated with. From the given collaborations:\n\n- Nektarios Gioldasis collaborates with Huiyong Xiao.\n- Stefan Biffl collaborates with Huiyong Xiao.\n\nTherefore, the common neighbor between Nektarios Gioldasis and Stefan Biffl is Huiyong Xiao.\n\nAnswer: [Huiyong Xiao]"}, "256": {"qwen": "[Guangming Shi, Weisheng Dong]"}, "257": {"qwen": "[Takuya Kawatani, Eisuke Ito, Yoshiaki Kasahara, Naomi Fujimura]"}, "258": {"qwen": "[Henrik Bj\u00f6rklund, Sergei Vorobyov]"}, "259": {"qwen": "The common neighbors between Nicolas Kassis and Marc-Etienne Rousseau are: [Najmeh Khalili-Mahani, Tristan Glatard, Alan C. Evans, Pierre Rioux, Samir Das]"}, "260": {"qwen": "The common neighbors between Shuhei Kimura and Stavros Konstantinidis are:\n\n[Jonas S. Almeida, Susana Vinga]"}, "261": {"qwen": "The common neighbors of Jun-Heng Yeh and K. M. Chan in this network are: [Tsang-Long Pao, Yu-Te Chen, Shashidhar G. Koolagudi]"}, "262": {"qwen": "The common neighbors between Sandra Costa and Ben Robins in this network are: [Kerstin Dautenhahn, Filomena Soares]."}, "263": {"qwen": "[Dekang Lin, Jason S. Chang]"}, "264": {"qwen": "The common neighbors of Wen Jun Tan and Katherine A. Yelick in this network are:\n[John Shalf, Leonid Oliker, Richard W. Vuduc, Samuel Williams]"}, "265": {"qwen": "[Jaime Gutierrez 0004, Francesc J. Ferri, Irene Epifanio]"}, "266": {"qwen": "The common neighbors between Frank Dabek and Jiawei Han in this network are:\n\n[Hector Garcia-Molina, Ion Stoica]"}, "267": {"qwen": "The common neighbors between Feng Chen and Deng Liu in this network are [Richard Szeliski, Xiaodong Zhang, Deng Liu]."}, "268": {"qwen": "The common neighbors between Peyman Pouyan and Victor Zyuban in this network are:\n[Antonio Rubio, Pradip Bose]"}, "269": {"qwen": "[Marco Tomassini]"}, "270": {"qwen": "[Abigail Morrison, Markus Diesmann]"}, "271": {"qwen": "[Dah-Jye Lee, Eduardo Ros, Aur\u00e9lio C. Campilho, Carlos Cuadrado, Javier D\u00edaz, Brent E. Nelson, Zhaoyi Wei]"}, "272": {"qwen": "The common neighbors of J\u00e9r\u00f4me Picault and Michael Sutterer in this network are: [Klaus David, Olaf Droegehorn, Christian R\u00e4ck]"}, "273": {"qwen": "The common neighbors between Diane J. Cook and Yabo Dong in this network are: [John A. Stankovic, Philip Levis]"}, "274": {"qwen": "The common neighbors between Steve G. Probets and Mike Thelwall are:\n\n[Elizabeth Gadd, Charles Oppenheim]"}, "275": {"qwen": "[Juanzi Li, Ali Daud, Ying Ding, Tehmina Amjad]"}, "276": {"qwen": "The common neighbors of Yan Chen and Chunxiao Jiang in this network are: [Haijun Zhang]"}, "277": {"qwen": "The common neighbors of Peter Brusilovsky and Saar Brockmans in this network are [Sven Casteleyn]."}, "278": {"qwen": "[Hirohisa Hirukawa, Fumio Kanehiro]"}, "279": {"qwen": "The common neighbors between Aviad Zlotnick and Eitan Farchi in the given network are: [Shmuel Ur]"}, "280": {"qwen": "[Cathy H. Wu, Tatiana Tatusova, Rodrigo Lopez, Donna Maglott, Kim D. Pruitt]"}, "281": {"qwen": "[Lemuria Carter, Brian Detlor]"}, "282": {"qwen": "[Toby Walsh, Ian Miguel, Steve Linton, Justin Pearson, Christopher Jefferson]"}, "283": {"qwen": "The common neighbors of Ingrid Verbauwhede and Vincent van der Leest in this network are:\n\n[Geert Jan Schrijen, Srinivas Devadas, Erik van der Sluis, Roel Maes, Matthias Hiller]"}, "284": {"qwen": "[Itay Mayrose, Nir Ben-Tal, Eric Martz]"}, "285": {"qwen": "The common neighbors of Daniel J. Crichton and Heather Kincaid in this network are:\n\n[Sean Kelly, J. Steven Hughes, Chris A. Mattmann, Sudhir Srivastava, Steve Hughes, Andrew F. Hart]"}, "286": {"qwen": "[Christopher D. Manning, Jelena Jovanovic]"}, "287": {"qwen": "The common neighbors of Guido Caldarelli and Ming Tang in this network are [Shlomo Havlin]."}, "288": {"qwen": "The common neighbors between Ioana Leustean and Cezara Dragoi in this network are:\n\n[Gheorghe Stefanescu]"}, "289": {"qwen": "The common neighbors between Sebastian Schaffert and Fran\u00e7ois Bry in this network are:\n[Dan Suciu]"}, "290": {"qwen": "[Indrani Medhi, Kentaro Toyama]"}, "291": {"qwen": "[Coert Metz]"}, "292": {"qwen": "The common neighbors of Danny Lo Seen and Christian Baron in this network are [Agn\u00e8s B\u00e9gu\u00e9]."}, "293": {"qwen": "The common neighbors between Roland Hildebrand and Andrea Lecchini are:\n\n[Fotis N. Koumboulis, Sten Bay J\u00f8rgensen, Michel Gevers, Maria P. Tzamtzi, Gabriel Solari]"}, "294": {"qwen": "[Albert Bifet, Jo\u00e3o Gama, Giacomo Boracchi, Cesare Alippi, Manuel Roveri]"}, "295": {"qwen": "The common neighbors of Daniel Riccio and Javier Ruiz-del-Solar in this network are: [Gabriele Sabatino]"}, "296": {"qwen": "The common neighbors of Christian Bizer and Carlos Alario-Hoyos in this network are:\n\n[Adolfo Ruiz-Calleja, Juan I. Asensio-P\u00e9rez]"}, "297": {"qwen": "[None]"}, "298": {"qwen": "[Melissa J. Davis, Rolf Apweiler, J. Lynn Fink]"}, "299": {"qwen": "The common neighbors of Wen-Chieh Lin and Yaron Lipman in the given network are: [Jean-Claude Paul, Li-Yi Wei, Alexei A. Efros]"}, "300": {"qwen": "The common neighbors between Daniel Corujo and Lin Dai in this network are: [Hari Balakrishnan, Albert Banchs]"}, "301": {"qwen": "The common neighbors of Ali H. Sayed and Alfred O. Hero in this network are [H.V. Poor]."}, "302": {"qwen": "The common neighbors between Sean Walker and Keith W. Hipel are: [D.M. Kilgour, Takehiro Inohara]"}, "303": {"qwen": "The common neighbors between Laurent Itti and George Drettakis are: [Veronica Sundstedt, Michael Wimmer, Katerina Mania, George Alex Koulieris]"}, "304": {"qwen": "The common neighbors between Zygmunt J. Haas and Jens-Peter Redlich in this network are [Rimon Barr, Andr\u00e9-Luc Beylot]."}, "305": {"qwen": "The common neighbors of Bill Triggs and Juan Greco in this network are: [Huaping Liu, Fuchun Sun]."}, "306": {"qwen": "[Wai Sun Don, Bruno Costa, Tao Xiong]"}, "307": {"qwen": "The common neighbors between Todd Eavis and Jeyanthi Hall are: [Elankayer Sithirasenan, Vallipuram Muthukkumarasamy]"}, "308": {"qwen": "[Thomas Wiegand, Woo-jin Han]"}, "309": {"qwen": "The common neighbors between Dae Sik Jeong and Jaihie Kim in this network are:\n\n[Kang Ryoung Park]"}, "310": {"qwen": "The common neighbors of Przemys\u0142aw Gordinowicz and Anthony Bonato in this network are: [Pawe\u0142 Pra\u0142at, Margaret-Ellen Messinger]"}, "311": {"qwen": "[Hendrik Speleers, Carla Manni, Paolo Costantini, Tom Lyche]"}, "312": {"qwen": "The common neighbors of Bhaskar D. Rao and Ok Kyun Lee in this network are [David P. Wipf, Yoram Bresler]."}, "313": {"qwen": "The common neighbors of Sebastian Thrun and Mark A. Minor in this network are: [Moritz Werling]"}, "314": {"qwen": "[Alireza Sepas-Moghaddam]"}, "315": {"qwen": "[Mantas Luko\u0161evi\u010dius, Xavier Hinaut]"}, "316": {"qwen": "Based on the given information, Yasushi Fukazawa and Anil K. Jain have a common collaboration with Alberto Sanfeliu. Therefore, the common neighbors of Yasushi Fukazawa and Anil K. Jain are:\n\n[Alberto Sanfeliu]"}, "317": {"qwen": "The common neighbors between Engin Kirda and Vijay A. Balasubramaniyan in this network are:\n\n[Christopher Kruegel, Mustaque Ahamad]"}, "318": {"qwen": "[Christopher Kruegel, Dawn Song, Giovanni Vigna, Vern Paxson, Damon McCoy, Chris Grier, Dawn Xiaodong Song, Eric Dingle]"}, "319": {"qwen": "The common neighbors of Y. Renard and Barbara I. Wohlmuth in this network are [Patrick Hild]."}, "320": {"qwen": "[Paulo Leit\u00e3o, Vladim\u00edr Mar\u00edk, Alois Zoitl]"}, "321": {"qwen": "[Natalya Fridman Noy, Paolo Bouquet]"}, "322": {"qwen": "[Ren\u00e9 Rydhof Hansen, Bent Thomsen, Martin Schoeberl, Ana Cavalcanti, Stephan Erbs Korsholm, Hans S\u00f8ndergaard, Andy J. Wellings, Juan Ricardo Rios, Daniel Tang]"}, "323": {"qwen": "[Robert J. K. Jacob]"}, "324": {"qwen": "The common neighbors of Nicola Galesi and Alan L. Selman in this network are: [Jakob Nordstr\u00f6m, Jochen Messner, Olaf Beyersdorff]"}, "325": {"qwen": "The common neighbors between Alok Sharma and Ronesh Sharma are: [Kuldip Kumar Paliwal, Abdul Sattar, Ke Chen, James Lyons, Mohammad Anwaruddin]"}, "326": {"qwen": "[Leandro Navarro, Davide Vega, Bart Braem, Axel Neumann, Pau Escrich, Mennan Selimi]"}, "327": {"qwen": "[Olivier Finkel]"}, "328": {"qwen": "The common neighbors between Chris Gniady and Canturk Isci in the given network are: [Anand Sivasubramaniam, Andreas Weissel, Alper Buyuktosunoglu]"}, "329": {"qwen": "The common neighbors of Gang Deng and Lixia Zhang in the given network are: [Srikanth Kandula, Songwu Lu]"}, "330": {"qwen": "[Scott Shenker, Nick Feamster, Farnam Jahanian, Anja Feldmann, Stefan Schmid, Jennifer Rexford]"}, "331": {"qwen": "[Jacopo Aleotti, Stefano Caselli]"}, "332": {"qwen": "The common neighbors of Hans-Christian Hege and Min Chen in this network are: [Markus H. Gross, Thomas Ertl, R\u00fcdiger Westermann]"}, "333": {"qwen": "The common neighbors of Dorothy E. Leidner and Viswanath Venkatesh are:\n[Murray E. Jennex, Lorne Olfman, Detmar W. Straub, Maryam Alavi, Murali Raman]"}, "334": {"qwen": "The common neighbors of Ying-Ke Lei and De-Shuang Huang in this network are:\n[Marija Rasajski, Lin Zhu]"}, "335": {"qwen": "[Yangqing Jia, Dacheng Tao, Sihui Luo]"}, "336": {"qwen": "The common neighbors between Ulrike Prange and Andrea Corradini are: [Hartmut Ehrig, Leen Lambers, Leila Ribeiro, Pawe\u0142 Soboci\u0144ski, Stephen Lack, Ulrike Golas]"}, "337": {"qwen": "[Holger H. Hoos, Kevin Leyton-Brown, Lars Kotthoff, Maurizio Gabbrielli]"}, "338": {"qwen": "The common neighbors between Jean-Pierre Seifert and Grace Elias in this network are [Christof Paar]."}, "339": {"qwen": "The common neighbors of Michael J. Mendenhall and Yang Xiao in this network are:\n\n[Robert F. Mills, Jing Liu]"}, "340": {"qwen": "The common neighbors between Kui Ren and Matt Welsh in this network are:\n[Hui Li, David E. Culler, Yaling Yang]"}, "341": {"qwen": "[Sebastian Steinhorst, Rob A. Rutenbar, Lars Hedrich]"}, "342": {"qwen": "The common neighbors of Rainer Leupers and Y. Watanabe in this network are: [Daniel D. Gajski, Yosinori Watanabe]"}, "343": {"qwen": "[M. Santos, Alysson Neves Bessani]"}, "344": {"qwen": "The common neighbors between Gonzalo Navarro and Simon J. Puglisi are:\n[Lucian Ilie, Shunsuke Inenaga, Hideo Bannai]"}, "345": {"qwen": "[Diane J. Cook, Dieter Fox, Antonio Sgorbissa]"}, "346": {"qwen": "Since there is no direct collaboration between P. Dhavachelvan and Hassan Artail, we need to look for authors who have collaborated with both of them. In this case, M. Shanmugam is the only author that collaborates with both P. Dhavachelvan and Hassan Artail.\n\nTherefore, the common neighbors of P. Dhavachelvan and Hassan Artail are:\n[M. Shanmugam]"}, "347": {"qwen": "The common neighbors between Qiang Shen and Li Zhang in this network are: [Graham Sexton, Robert Morris]"}, "348": {"qwen": "The common neighbors between Jean-Pierre Chevallet and Chih-Jen Lin are:\n\n[Sameer K. Antani, Eric Gaussier, Andrew Zisserman, Marcel Worring]"}, "349": {"qwen": "[Paulo Romero Martins Maciel, Eduardo Tavares]"}, "350": {"qwen": "[James C. Gee, Anqi Qiu, Michael I. Miller, Murray Grossman, Kim M. Dalton]"}, "351": {"qwen": "The common neighbors of Grover S. Kearns and Rainer Hauser in this network are Man Zhang. Therefore, the answer is:\n\n[Man Zhang]"}, "352": {"qwen": "[R. P. Maheshwari, Ashish Khare]"}, "353": {"qwen": "[Yohei Hosoe, Tomomichi Hagiwara, Denis Arzelier]"}, "354": {"qwen": "[Michael L. Blinov, James R. Faeder, William S. Hlavacek]"}, "355": {"qwen": "[Y. Charlie Hu, Hojung Cha]"}, "356": {"qwen": "[Michal Irani]"}, "357": {"qwen": "The common neighbors of Hannes H\u00f6gni Vilhj\u00e1lmsson and Timothy W. Bickmore in this network are:\n[Justine Cassell, Ha Trinh]"}, "358": {"qwen": "The common neighbors of Nick Feamster and Gianluca Iannaccone in this network are:\n\n[Allan D. Knies]"}, "359": {"qwen": "The common neighbors between Daniel Scott Brotherston and Samuel Madden in this network are: [Anisoara Nica]"}, "360": {"qwen": "The common neighbors of Shunlin Liang and Zhihao Qin in the network are: [Jos\u00e9 A. Sobrino, Jos\u00e9 F. Moreno]"}, "361": {"qwen": "[David Harel, Yehuda Koren]"}, "362": {"qwen": "The common neighbors between Muhammad Aslam Uqaili and Willy Susilo in this network are [Imran Memon]."}, "363": {"qwen": "The common neighbors of Ying-Chang Liang and Marvin K. Simon are the authors they have both collaborated with. From the given collaborations:\n\n- Ying-Chang Liang collaborates with: Marvin K. Simon, Iickho Song, Yu T. Su\n- Marvin K. Simon collaborates with: Ying-Chang Liang, Iickho Song\n\nTheir common neighbors are [Iickho Song]."}, "364": {"qwen": "The common neighbors of Dragan Djurdjanovic and Stanley Osher in this network are: [Jianbo Liu]"}, "365": {"qwen": "[Orna Grumberg, Wolfgang Rosenstiel]"}, "366": {"qwen": "The common neighbors between Horst Bunke and Bon-Woo Hwang are Seong Whan Lee. Therefore, the answer is:\n\n[Seong Whan Lee]"}, "367": {"qwen": "The common neighbors between Walter Rei and Laureano F. Escudero are: [Gloria P\u00e9rez]"}, "368": {"qwen": "The common neighbors of Masato Terada and Lori A. Clarke are:\n\n[Vern Paxson, Carrie Gates, Hiroaki Kikuchi]"}, "369": {"qwen": "[Francesco Ricca, Torsten Schaub, Luca Pulina, Roland Kaminski, Marius Thomas Schneider, Marius Thomas Lindauer]"}, "370": {"qwen": "[Daowen Qiu, Beatrice Palano, Lvzhou Li]"}, "371": {"qwen": "The common neighbors of Matthijs T. J. Spaan and Pedro U. Lima in the given network are:\n\n[An\u00edbal Ollero, Abdolkarim Pahliani]"}, "372": {"qwen": "The common neighbors between I-Ning Yeh and Samuel Madden are Ling Feng and Peter M. G. Apers.\n\n[ Ling Feng, Peter M. G. Apers ]"}, "373": {"qwen": "The common neighbors between Matthew Soukup and Yehuda Koren in this network are:\n\n[John Riedl, Shilad Sen]"}, "374": {"qwen": "The common neighbors between Francesca Gasparini and Anish Mittal are: [Silvia Corchs, Raimondo Schettini, Weisi Lin]"}, "375": {"qwen": "[C\u00e2ndida G. Silva, Frederic T. Stahl, Paulo J. Azevedo, Martin T. Swain, Eamonn J. Keogh, J. Rui Rodrigues]"}, "376": {"qwen": "The common neighbors between Olivier Fourmaux and Javier Mart\u00edn Hern\u00e1ndez are:\n\n[Natalia M. Markovich, Udo R. Krieger, Philipp M. Eittenberger]"}, "377": {"qwen": "The common neighbors of Kana Deguchi and Hideki Imai in this network are Motohiko Isaka. Therefore, the answer is:\n\n[Motohiko Isaka]"}, "378": {"qwen": "The common neighbors of Min Tang and Sean Curtis in this network are: [Ming C. Lin, Gabriel Zachmann, Rene Weller]"}, "379": {"qwen": "The common neighbors of Hui Wu and Jaswinder Pal Singh in this network are: [Christian Bienia]"}, "380": {"qwen": "The common neighbors of Richard A. Hayden and Markus Siegle in this network are:\n[Philipp Reinecke, Jeremy T. Bradley, Stephen Gilmore]"}, "381": {"qwen": "[Paul M. Thompson, Arthur W. Toga, Talia M. Nir, Clifford R. Jack, Alex D. Leow, Christophe Lenglet, Iman Aganj]"}, "382": {"qwen": "The common neighbors of A. L. Sandoval Orozco and L. J. Garc\u00eda Villalba in this network are:\n\n[Ana Lucila Sandoval Orozco, Luis Javier Garc\u00eda Villalba]"}, "383": {"qwen": "The common neighbors between Kostiantyn Berezovskyi and Fengxiang Zhang in this network are:\n\n[Eduardo Tovar, Konstantinos Bletsas, Shinpei Kato]"}, "384": {"qwen": "The common neighbors of Feng Ding and Guang-Ren Duan in this network are: [Jie Ding, Ai-Guo Wu, Masoud Hajarian]"}, "385": {"qwen": "The common neighbors of Yevgen Borodin and Jeffrey P. Bigham in this network are:\n[Michael Cormier]"}, "386": {"qwen": "[Frances Y. Kuo, Friedrich Pillichshammer, Ian H. Sloan, Peter Kritzer, Xiaoqun Wang]"}, "387": {"qwen": "The common neighbors of Helen Petrie and Eliane Pinheiro Capra in this network are:\n\n[Simone Bacellar Leal Ferreira]"}, "388": {"qwen": "The common neighbors of Wha Wil Schilders and O. De Feo in this network are:\n\n[Paolo Maffezzoni]"}, "389": {"qwen": "[Shuicheng Yan, Wen-Sheng Chen, Pong Chi Yuen]"}, "390": {"qwen": "[Luis Cereceda, Hirotaka Ono]"}, "391": {"qwen": "The common neighbors of Oscar Reinoso and Andr\u00e9s \u00edbeda in this network are [Jos\u00e9 Maria Azor\u00edn]."}, "392": {"qwen": "The common neighbors between Reza Farrahi Moghaddam and Chew Lim Tan are: [Mohamed Cheriet, Azeddine Beghdadi, Amina Serir]"}, "393": {"qwen": "[Jan Martijn E. M. van der Werf, Sjaak Brinkkemper, Fabiano Dalpiaz, Garm Lucassen]"}, "394": {"qwen": "[Richard Jensen, P. S. V. S. Sai Prasad, Jiye Liang, Yuhua Qian]"}, "395": {"qwen": "The common neighbors of Yushu Zhang and Kang Guo in this network are [Kwok-Wo Wong]."}, "396": {"qwen": "[Jos\u00e9 M. Val\u00e9rio de Carvalho]"}, "397": {"qwen": "The common neighbors between Michael Factor and Xiaodong Meng in the network are:\n\n[Assaf Schuster, Binny S. Gill, Dharmendra S. Modha, Gala Yadgar, Kai Li, Song Jiang, Xubin He, Yuanyuan Zhou]"}, "398": {"qwen": "[Gahng-Seop Ahn, Andrew T. Campbell, Turgay Korkmaz]"}, "399": {"qwen": "The common neighbors between Garth R. Goodson and Philip Homburg in this network are [David C. van Moolenbroek]."}, "400": {"qwen": "The common neighbors between Albert Sam\u00e0 and Nigel H. Lovell in this network are: [Philippe Robert, Kamiar Aminian, Bijan Najafi, F. Loew]"}, "401": {"qwen": "The common neighbors between Emilia Mendes and Victor R. Basili in this network are [Igor Ebrahim dos Santos, Mario Piattini]."}, "402": {"qwen": "The common neighbors of Matthew Carrasco and Andrew M. Webb in this network are: [Rhema Linder, Andruid Kerne]"}, "403": {"qwen": "[J\u00e9r\u00f4me Vienne, Pete Wyckoff, Richard L. Graham, Matthew J. Koop]"}, "404": {"qwen": "The common neighbors between Matthew Kam and Philip C. Woodland in this network are [Florian Metze, Udhyakumar Nallasamy]."}, "405": {"qwen": "The common neighbors of Jonathan Petit and Michael Feiri in the given network are: [Frank Kargl, Heekuck Oh, Panagiotis Papadimitratos, Rongxing Lu, Xuemin Shen]."}, "406": {"qwen": "[Jean-Michel Fourneau, Franck Quessette]"}, "407": {"qwen": "The common neighbors between Kamran Sayrafian and Yunxing Ye in this network are: [Prashant Krishnamurthy, Yishuang Geng, Umair Khan, Ruijun Fu, Kaveh Pahlavan]"}, "408": {"qwen": "The common neighbors between Paula E. Stephan and Anthony M. Cresswell are:\n\n[Theresa A. Pardo, Djoko Sigit Sayogo]"}, "409": {"qwen": "[Vishal Misra, Raffaello Secchi]"}, "410": {"qwen": "The common neighbors between Siavosh Benabbas and Prasad Raghavendra in this network are: [Subhash Khot, Konstantinos Georgiou, Iannis Tourlakis]."}, "411": {"qwen": "The common neighbors between Fajie Yuan and Ming-Feng Tsai in this network are: [Tao Qin]"}, "412": {"qwen": "The common neighbors of Guangzhong Liu and P. Wang in this network are: [Michele Zorzi, Milica Stojanovic]"}, "413": {"qwen": "[Patrick Ediger, Rolf Hoffmann]"}, "414": {"qwen": "[Steve Benford, Eva Hornecker]"}, "415": {"qwen": "[ChengXiang Zhai, Maarten de Rijke, W. Bruce Croft, Yuanhua Lv]"}, "416": {"qwen": "The common neighbors of Carlos Guestrin and Albert Y. Zomaya in this network are [Huan Liu]."}, "417": {"qwen": "The common neighbors of Tufan Kumbasar and Mujde Guzelkaya in the given network are:\n[Hani Hagras, Engin Yesil, Patricia Melin, Witold Pedrycz, Jerry M. Mendel, William W. Melek, Robert John, Dongrui Wu, Woei Wan Tan, Ibrahim Eksin, Hao Ying, Ordoyo Casado]"}, "418": {"qwen": "The common neighbors between Raquel Barco and V\u00edctor Buenestado are: [Holger Claussen, Salvador Luna-Ram\u00edrez, Mat\u00edas Toril, Sergio Fortes, A. Aguilar-Garcia]"}, "419": {"qwen": "[Jun Tani, Pierre-Yves Oudeyer, Giulio Sandini, Chrystopher L. Nehaniv, Arne Zeschel]"}, "420": {"qwen": "The common neighbors between Darren M. Dawson and Arturo Zavala-R\u00edo in this network are:\n[V\u00edctor Santib\u00e1\u00f1ez, Victor M. Hern\u00e1ndez-Guzm\u00e1n, Aman Behal]"}, "421": {"qwen": "The common neighbors of Sujoy Sinha Roy and Thomas P\u00f6ppelmann in this network are:\n\n[Tim G\u00fcneysu, Christof Paar, Tobias Oder]"}, "422": {"qwen": "[Stefan Preitl, Igor \u0160krjanc, Mircea-Bogdan Rdac]"}, "423": {"qwen": "The common neighbors of Jinxia Yu and Zhuohua Duan in this network are: [Sebastian Thrun, Neil J. Gordon, M.S. Arulampalam, T. Clapp]"}, "424": {"qwen": "The common neighbors of Binwu Zhang and Yong He in this network are: [Jianzhong Zhang, Enyu Yao, Biao Wu, Longcheng Liu]"}, "425": {"qwen": "[Marc Peeters]"}, "426": {"qwen": "[Leandro L. Minku, Karel Dejaeger, Bart Baesens, Jan Vanthienen]"}, "427": {"qwen": "The common neighbors between Sebastian Sowa and Srinivasan Raghunathan in this network are:\n\n[Huseyin Cavusoglu, Lara Khansa, Erez Zadok]"}, "428": {"qwen": "The common neighbors of Menzo Windhouwer and Marc Kemps-Snijders in this network are:\n\n[Iryna Gurevych, John P. McCrae, Philipp Cimiano, Judith Eckle-Kohler, Daan Broeder]"}, "429": {"qwen": "The common neighbors of Frank Innerhofer-Oberperfler and Michael Felderer in this network are: [Ruth Breu, Rafael Accorsi]"}, "430": {"qwen": "[Cormac J. Sreenan, Thomas Kunz]"}, "431": {"qwen": "[Andreas L. Opdahl, Duminda Wijesekera, Guttorm Sindre]"}, "432": {"qwen": "The common neighbors between William Schuler and Timothy A. Miller in this network are: [Mark A. Paskin]"}, "433": {"qwen": "The common neighbors of Peggy E. O'Neill and Ralph Girard in this network are [Eni G. Njoku]."}, "434": {"qwen": "The common neighbors of Hajo Broersma and Paul M. Heysters in this network are:\n[Gerard J. M. Smit, Michel A. J. Rosien]"}, "435": {"qwen": "[B.S. Rajan, N. Srinidhi, Tanumay Datta, Anupap Meesomboon]"}, "436": {"qwen": "[Maristella Matera, Gustavo Rossi, Marco Brambilla, Marino Linaje, Stefano Ceri]"}, "437": {"qwen": "The common neighbors of Tsu-Wei Tseng and Jin-Fu Li in this network are:\n[Jin-Fu Li, Cheng-Wen Wu, Jen-Chieh Yeh, Rei-Fu Huang, Chih-Wea Wang, Chi-Feng Wu, Chih-Tsun Huang, Chin-Lung Su, Nicholas Axelos]"}, "438": {"qwen": "[Erich Bruns, Oliver Bimber, Christin Seifert, Gerald Fritz, Thomas Willwacher, David G. Lowe, Radek Grzeszczuk, Benjamnin Brombach, Thanos Bismpigiannis]"}, "439": {"qwen": "The common neighbors of Zhanshan Wang and Cheng-De Zheng in this network are: [Min Wu, Huaguang Zhang, Yong He, Guo-Ping Liu, Jin-Hua She, Baoyong Zhang, Chuan-Ke Zhang]"}, "440": {"qwen": "The common neighbors between Jing He and Chunmei Liu in this network are [Kamal Al Nasr, Wah Chiu]."}, "441": {"qwen": "The common neighbors between Josep Llad\u00f3s and Petra Bilane in the network are: [Hubert Emptoz, R. Manmatha, Kengo Terasawa]"}, "442": {"qwen": "The common neighbors of Ying-Chang Liang and Liang-Liang Xie in this network are:\n[Mai Vu]"}, "443": {"qwen": "[Adil Kenzi, Soo Ho Chang]"}, "444": {"qwen": "The common neighbors of Pavel Shvaiko and Yuzhong Qu are: [Wei Hu, Francisco M. Couto, Fran\u00e7ois Scharffe, Ond\u0159ej \u0160v\u00e1b-Zamazal, Juan Pane]"}, "445": {"qwen": "The common neighbors between Andrzej Obuchowicz and Maciej Hrebie\u0144 in this network are: [Pawe\u0142 Filipczuk, Marek Kowal, J\u00f3zef Korbicz]"}, "446": {"qwen": "[None]"}, "447": {"qwen": "[Ivan Zelinka, Michal Pluhacek, Roman Senkerik, Zuzana Kominkova Oplatkova, Srinivas Palanki, Dominique Bonvin]"}, "448": {"qwen": "The common neighbors of Yuehong Gao and Pengxiang Li in this network are: [Yuming Jiang, Chuang Lin, Dacheng Yang, Lin Sang, Zhidu Li]"}, "449": {"qwen": "[Abbas El Gamal, Mohammad Reza Aref, Aylin Yener, Bahareh Akhbari]"}, "450": {"qwen": "[Behnam Fahimnia, Sameer Agarwal, Mitsuo Gen]"}, "451": {"qwen": "The common neighbors between Bruno Taconet and Venu Govindaraju are: [Umapada Pal, Jihad El-Sana, Laurence Likforman-Sulem, Abderrazak Zahour]"}, "452": {"qwen": "The common neighbors of Kerstin Dautenhahn and Anders Green in this network are all the authors they have both collaborated with. From the given collaborations:\n\n- Kerstin Dautenhahn collaborates with: Anders Green, Norihiro Hagita, Hiroshi Ishiguro, and Shuyin Li.\n- Anders Green collaborates with: Kerstin Dautenhahn, Norihiro Hagita, Hiroshi Ishiguro, and Shuyin Li.\n\nSince they have collaborated with all the same authors, their common neighbors are:\n\n[Shuyin Li, Norihiro Hagita, Hiroshi Ishiguro]"}, "453": {"qwen": "The common neighbors between Paolo Terenziani and Juan Fdez-Olivares in the given network are:\n\n[Juan Fdez-Olivares, Eva Onaindia]"}, "454": {"qwen": "[Mahadev Satyanarayanan]"}, "455": {"qwen": "The common neighbors of Luiz Satoru Ochi and Anand Subramanian in this network are [Giovanni Righini, Yuvraj Gajpal]."}, "456": {"qwen": "The common neighbors of Selin Aviyente and Xiaowei Song in this network are [Wei-Hung Lin]."}, "457": {"qwen": "[Jin Soo Park, Bong Dae Choi, Kyung Jae Kim]"}, "458": {"qwen": "The common neighbors of Yu Zhang and Yu-Chi Liu in this network are: [David C. Schwartz]"}, "459": {"qwen": "The common neighbors of William H. Winsborough and Moritz Y. Becker in this network are:\n[Andrei Sabelfeld, Daniel Olmedilla, Ninghui Li, Nicola Zannone, Sandro Etalle]"}, "460": {"qwen": "The common neighbors of Bernhard Pfahringer and Daniel M. Reeves in this network are Peter Stone. Therefore, the answer is:\n\n[Peter Stone]"}, "461": {"qwen": "[Dan Boneh]"}, "462": {"qwen": "The common neighbors of Carl Kesselman and Chao-Tung Yang in this network are:\n[Ian T. Foster, Kuan-Ching Li, Wen-Chung Shih, Cheng-Fang Lin, Sung-Yi Chen, Tsui-Ting Chen]"}, "463": {"qwen": "The common neighbors of Rafik Bouaziz and Rafael H. Bordini are: [\u00c1lvaro F. Moreira, Marco Mesiti, Carlo Zaniolo, Nina Edelweiss]"}, "464": {"qwen": "[David Z. Pan, Gokul Kumar]"}, "465": {"qwen": "The common neighbors of G. Susinder Rajan and Pramod Kumar in this network are:\n[Emanuele Viterbo, Petros Elia, Jean-Claude Belfiore]"}, "466": {"qwen": "The common neighbors of M. Tebranipoor and Bruno Rouzeyre in this network are:\n\n[Hideo Fujiwara, Giorgio Di Natale]"}, "467": {"qwen": "[Aristsidis Likas]"}, "468": {"qwen": "The common neighbors between Kui Ren and Sihem Mesnager are: [Chunming Tang, Guang Gong, Alexander Kholosha, Nian Li]"}, "469": {"qwen": "[Heide Lukosch, Susan R. Fussell, Franco Tecchia]"}, "470": {"qwen": "[M. B. Spencer, Tahsin M. Kur\u00e7, Joel H. Saltz]"}, "471": {"qwen": "The common neighbors of Zhi-Hua Zhou and Xiaokang Yang in this network are: [Wen Gao, Xuelong Li]"}, "472": {"qwen": "The common neighbors of Wojciech Ziarko and Dun Liu in this network are:\n[Jingtao Yao, Dun Liu, Jerzy W. Grzymala-Busse, Malcolm James Beynon]"}, "473": {"qwen": "The common neighbors of Tinne Tuytelaars and Aaron Mavrinac in this network are: [Xiang Chen, Rhys Hill]"}, "474": {"qwen": "[Merrill Warkentin, James F. Courtney, Alex H. B. Duffy]"}, "475": {"qwen": "[Larry Bull, Simon Harding, Julian F. Miller]"}, "476": {"qwen": "The common neighbors of Fumiki Hosoi and Anne-Katrin Mahlein in this network are [Stefan Paulus, Heiner Kuhlmann]."}, "477": {"qwen": "[Mike P. Papazoglou]"}, "478": {"qwen": "The common neighbors between Kannan Ramchandran and Jiajun Wang in this network are:\n\n[Nikolaos Efthymiopoulos, Maria Efthymiopoulou]"}, "479": {"qwen": "Based on the given research collaborations:\n\n- Krishnendu Chakrabarty collaborates with Erik Jan Marinissen.\n- Habib Mehrez collaborates with Matthieu Tuna.\n- Erik Jan Marinissen also collaborates with Matthieu Tuna.\n\nThe common neighbor between Krishnendu Chakrabarty and Matthieu Tuna is Erik Jan Marinissen.\n\nAnswer: [Erik Jan Marinissen]"}, "480": {"qwen": "[V\u00edctor H. Champac, Shidhartha Das, Jo\u00e3o Paulo Teixeira, M. B. Santos, Fabian Vargas, Isabel C. Teixeira, J. Semiao]"}, "481": {"qwen": "The common neighbors of Herman Bruyninckx and Witold Czajewski in this network are: [Tomasz Kornuta, Cezary Zieli\u0144ski, Tomasz Winiarski]"}, "482": {"qwen": "[David R. Kaufman, Vimla L. Patel, Suzanne Bakken, Sarah A. Collins]"}, "483": {"qwen": "The common neighbors of Kung Fu Ng and Zili Wu in this network are [Yiran He, Jie Sun, Michel Th\u00e9ra, Jane J. Ye]."}, "484": {"qwen": "The common neighbors of James C. Cavendish and Robert D. Ryne are:\n[Derek Bingham]"}, "485": {"qwen": "[Michael Massimi]"}, "486": {"qwen": "The common neighbors between Christoph Grimm and Luca Daniel in this network are [Edward Sazonov, Muhammad Farooq]."}, "487": {"qwen": "[Craig A. Stewart]"}, "488": {"qwen": "The common neighbors of Matthew Horridge and Emily Dimmer in this network are: [Robert Stevens, Erick Antezana]"}, "489": {"qwen": "[ Niels Grabe ]"}, "490": {"qwen": "The common neighbors between Jiawei Han and Feng Pan are: [Gao Cong, Philip S. Yu, Mohammed J. Zaki, Anthony K. H. Tung]"}, "491": {"qwen": "[Jian Sun, Marc Alexa, Olga Sorkine, Ariel Shamir, Bruno L\u00e9vy]"}, "492": {"qwen": "[Ming C. Lin, Lakulish Antani, Ravish Mehra, Anish Chandak, Christian Lauterbach]"}, "493": {"qwen": "The common neighbors between Lintao Zhang and Niklas S\u00f6rensson in the given network are:\n\n[Igor L. Markov, Fadi A. Aloul, Karem A. Sakallah]"}, "494": {"qwen": "The common neighbors between Paulo Nazareno Maia Sampaio and Renaud Pacalet are:\n\n[Christophe Lohr, Jean-Pierre Courtiat]"}, "495": {"qwen": "The common neighbors of Jin-Fu Li and Paul D. Franzon in this network are:\n[Ding-Ming Kwai, Yuan Xie, Gabriel H. Loh, Sung Kyu Lim, Cheng-Wen Wu]"}, "496": {"qwen": "The common neighbors between P. Berardino and Riccardo Lanari in this network are:\n\n[Gianfranco Fornaro, E. Sansosti, Sandro Moretti]"}, "497": {"qwen": "[Jo\u00e3o Gra\u00e7a]"}, "498": {"qwen": "[Yilong Yin, Gongping Yang, Lu Yang, Ju Cheng Yang, Shan Juan Xie, Dong Sun Park, Xiaoming Xi, Naoto Miura, Ramachandra Raghavendra]"}, "499": {"qwen": "The common neighbors of Guo-Ping Liu and Tong Heng Lee in the given network are: [Wei Wang, Jun Zhao, Gang Feng, Lijun Long]"}}