{"0": {"gemma": "[Seine-et-Marne, France, Vittorio De Sica]"}, "1": {"gemma": "[Nashville TN, I'm a People, Country music]"}, "2": {"gemma": "[Ebaeides perakensis, Polyphaga, Leucophoebe albaria, Leucophoebe]"}, "3": {"gemma": "[Pop music, Rock music, Folk rock]"}, "4": {"gemma": "[Oru Kochu Bhoomikulukkam, Ernakulam, Siddique (actor), Shaheen Siddique]"}, "5": {"gemma": "**Diameter:** 2\n\n**Path:** [News TV Quick Response Team, Green Rose (Philippine TV series), Filipino language]"}, "6": {"gemma": "[SK Kladno, Luk\u00e1\u0161 Magera, FK Mlad\u00e1 Boleslav]"}, "7": {"gemma": "[Ronald Lang\u00f3n, Uruguay national football team, Uruguay, Montevideo, Defensor Sporting]"}, "8": {"gemma": "[PlayStation 2, Tekken (video game), PlayStation Network]"}, "9": {"gemma": "[David Caldwell (nose tackle), Indiana Firebirds, Quarterback, Ben Bennett]"}, "10": {"gemma": "[Walter Brooke, The Cowboys (TV series), A Short Drink from a Certain Fountain, Patrick O'Neal (actor)]"}, "11": {"gemma": "[Democratic Party (United States), Florida, Liz Swaine]"}, "12": {"gemma": "[Mr. Bojangles (song), Kenny Loggins, House at Pooh Corner (song)]"}, "13": {"gemma": "[Sturnia, Malabar starling]"}, "14": {"gemma": "[VfB Speldorf, Marcel Podszus, FC Remscheid, Dirk Flock, SC Fortuna K\u00f6ln]"}, "15": {"gemma": "**Diameter:** 2\n\n**Path:** [Sascha Paeth, Legendary Tales, Symphony of Enchanted Lands]"}, "16": {"gemma": "[Dzon Delarge, Republic of the Congo, Brazzaville]"}, "17": {"gemma": "[Rotherbaum, Germany, Roland G\u00fcnther]"}, "18": {"gemma": "[Halifax Town A.F.C., Simon Collins (footballer), Ossett Town F.C., Joel Armstrong, Chesterfield F.C.]"}, "19": {"gemma": "**Diameter:** 2\n\n**Path:** [Red, Free Citizens, Yellow]"}, "20": {"gemma": "[Russia, Yuri Sedov, Soviet Union national under-21 football team, FC Zenit Leningrad, Georgi Zharkov]"}, "21": {"gemma": "[Fantasy, Stranger's Soul, The Twelve (novel), The Passage (novel)]"}, "22": {"gemma": "**Diameter:** 2\n\n**Path:** [Roman Catholicism, Buenos Aires, Diego Ramos]"}, "23": {"gemma": "**Diameter:** 2\n\n**Path:** [Brightest e.p.02, Bright (Japanese band), Japan]"}, "24": {"gemma": "[Golujeh  Nir, Ardabil Province, Nir County, Qasem Qeshlaqi  Nir]"}, "25": {"gemma": "[CEO, Nomad Foods, Limited company, Foods, Road Town]"}, "26": {"gemma": "[Looney Tunes Golden Collection: Volume 4, English language, Bugs Bunny's Looney Christmas Tales, June Foray]"}, "27": {"gemma": "[Guangdong, Qing Dynasty, Wu Mengchang, Beijing]"}, "28": {"gemma": "[Abu Ali Mustafa, Popular Front for the Liberation of Palestine, West Bank]"}, "29": {"gemma": "[Eduardo Roberto dos Santos, Brazil, Esporte Clube Vit\u00f3ria, Valmir Ribeiro Siqueira]"}, "30": {"gemma": "[The Wilsons, Rock music, Midnight Oil, Diesel and Dust, Columbia Records, Species Deceases]"}, "31": {"gemma": "**Diameter:** 2\n\n**Path:** [Kafka (film), Ian Holm]"}, "32": {"gemma": "[Ga\u00ebl, Ille-et-Vilaine, France, Le Tronchet  Ille-et-Vilaine]"}, "33": {"gemma": "[Afrojack, R3hab, Ti\u00ebsto]"}, "34": {"gemma": "The diameter of the knowledge graph is **2**. The path representing the diameter is: **[Dzon Delarge, Brazzaville, Ali Bongo Ondimba]**."}, "35": {"gemma": "[New Brunswick, Jeremiah Smith Boies De Veber, Saint John  New Brunswick, Gordie Drillon]"}, "36": {"gemma": "[Yoanka Gonz\u00e1lez, Cuba, Villa Clara Province]"}, "37": {"gemma": "[Mohammadyar District, Iran, Tazeh Kand-e Deym, Naqadeh County]"}, "38": {"gemma": "[Shawn Yue, Cantopop, Home (Miriam Yeung album), Miriam Yeung New and Best Selections]"}, "39": {"gemma": "**Diameter:** 2\n\n**Path:** [Delta (Visions of Atlantis album), Germany, Sommersdorf  Mecklenburg-Vorpommern]"}, "40": {"gemma": "[United States, Altmar  New York, Oswego County  New York]"}, "41": {"gemma": "[Benin, Steve Mouni\u00e9, Benin, Hubert Maga, Cotonou]"}, "42": {"gemma": "[Mircea Ilie, Romania, Bra\u0219ov]"}, "43": {"gemma": "[Karim Debbagh, Tangier, Ibn Battuta]"}, "44": {"gemma": "[Mike Mictlan, P.O.S, Doomtree, Paper Tiger]"}, "45": {"gemma": "[Tatay, Ankst, Gorky's Zygotic Mynci, Alternative rock]"}, "46": {"gemma": "[Oslo, Gjensidige, Pension, SpareBank 1]"}, "47": {"gemma": "[Draco Rosa, Menudo (band), The Clutch, Angelo Garcia]"}, "48": {"gemma": "[Tatsuya Sakai, Japan, Satoshi Tsumabuki, Japan, Taruho Inagaki, Japan]"}, "49": {"gemma": "[Urola furvicornis, Crambidae, Scoparia (moth), Scoparia augastis]"}, "50": {"gemma": "[The Laughing Gnome, David Bowie, Ric Lee]"}, "51": {"gemma": "**Diameter:** 2\n\n**Path:** [Slipknot (band), Phil Sgrosso, Nails (band)]"}, "52": {"gemma": "[Epic Records, Rock music, Michael Organ (drummer), Sonny Landreth]"}, "53": {"gemma": "[Nelly, Get Like Me (Nelly song), Music download]"}, "54": {"gemma": "[Jaggubhai, India, R. D. Rajasekhar]"}, "55": {"gemma": "[Hip hop, Raining Men (Rihanna song), Moment 4 Life]"}, "56": {"gemma": "[Sky Ireland, Pay TV, Broadband]"}, "57": {"gemma": "[Film producer, Robert Luketic, Screenwriter, Hal Barwood]"}, "58": {"gemma": "[South Canara, Ratnavarma Heggade, Karnataka, Jainism, Madras Presidency]"}, "59": {"gemma": "[Martin D. Wolfson, Ohio Derby, Gene St. Leon]"}, "60": {"gemma": "[Together in Electric Dreams, Munich, Musicland Studios, Time (Electric Light Orchestra album)]"}, "61": {"gemma": "[Hanover, Wilhelm Brenneke, Sven Pipien, King Bee (band)]"}, "62": {"gemma": "[Roman Catholicism, Henry Ford II, Detroit, Edsel Ford II, William Clay Ford Jr.]"}, "63": {"gemma": "[Bow Wow (rapper), Columbus  Ohio, George K. Nash]"}, "64": {"gemma": "[Suicide Battalion, Ronald Stein, American International Pictures]"}, "65": {"gemma": "[Vijay Anand (Hindi film maker), Nau Do Gyarah, Sachin Dev Burman, Manzil (1960 film), Dev Anand]"}, "66": {"gemma": "[Lajes das Flores, Portugal, Fort of Santo Ant\u00f3nio do Monte Brasil, Angra do Hero\u00edsmo]"}, "67": {"gemma": "[Wuhan, China, Hu Jia (diver)]"}, "68": {"gemma": "[A.F.C. Bournemouth, Tony Pulis, Ike Whelpton, Birmingham City F.C.]"}, "69": {"gemma": "[Gaisberg (Heidelberg), Germany, Gro\u00dfpostwitz]"}, "70": {"gemma": "[United States, Beau Starr, Pretend You Don't See Her (film), Hannes Jaenicke]"}, "71": {"gemma": "[Canada, Robert Perreault, Sainte-Anne-de-la-P\u00e9rade]"}, "72": {"gemma": "[2008 Alabama Crimson Tide football team, 2008 Tennessee Volunteers football team]"}, "73": {"gemma": "[Insect, Coreoidea, Bothrostethus annulipes, Pentatomomorpha]"}, "74": {"gemma": "[Kalateh-ye Hajji  Razavi Khorasan, Iran Standard Time, Shirah Ki, Salmas County, Khaneh Dam]"}, "75": {"gemma": "**Diameter:** 2\n\n**Path:** [The Confrontation (film), Mikl\u00f3s Jancs\u00f3, V\u00e1c]"}, "76": {"gemma": "[North Island k\u014dkako, Animalia, Telmatherinidae]"}, "77": {"gemma": "[Pink Luv, Dance-pop, Love on Your Side \u2013 The Best of Thompson Twins]"}, "78": {"gemma": "[Roger L. Bernashe, Maurice A. Donahue, Kevin B. Harrington]"}, "79": {"gemma": "[Insect, Heterachthes, Family, Order, Kingdom]"}, "80": {"gemma": "[Fat Cat (singer), South Korea, Model (person), Sweta Keswani, N.Flying]"}, "81": {"gemma": "[Tihhon \u0160i\u0161ov, Defender (football), Federico Tafani]"}, "82": {"gemma": "[Tiffany Limos, Ken Park, Maeve Quinlan]"}, "83": {"gemma": "[Gianni De Biasi, Italy, Cosenza Calcio 1914, Emanuele Brioschi]"}, "84": {"gemma": "[Beccariophoenix madagascariensis, Plantae, Beccariophoenix]"}, "85": {"gemma": "[England, Andy Williams (footballer  born 1962), Birmingham, Huddersfield Town A.F.C.]"}, "86": {"gemma": "**Diameter:** 2\n\n**Path:** [Cosmopterix fernaldella, Animal, Netechma]"}, "87": {"gemma": "**Diameter:** 2\n\n**Path:** [Veit Helmer, Germany, Azerbaijan, Absurdistan (film)]"}, "88": {"gemma": "[Illinois, Steven Chu, Cornell University, University of Rochester]"}, "89": {"gemma": "[Insect, Arthropod, Ypthima sakra, Ypthima]"}, "90": {"gemma": "[Olympic Studios, Behind Blue Eyes, 7%22]"}, "91": {"gemma": "[Luis Tevenet, UCAM Murcia CF]"}, "92": {"gemma": "[Downy woodpecker, Piciformes, Middle spotted woodpecker, Carl Linnaeus]"}, "93": {"gemma": "[Philippines, Raul Mitra, Till There Was You (2003 film), Judy Ann Santos]"}, "94": {"gemma": "[Acantholycosa zinchenkoi, Spider, Acantholycosa paraplumalis, Pardosinae]"}, "95": {"gemma": "[Elton John One Night Only \u2013 The Greatest Hits, Universal Records]"}, "96": {"gemma": "[Fred Priest, England national football team, Sammy Lee (footballer)]"}, "97": {"gemma": "[Andrei Nalyotov, List of Russian football transfers summer 2014, FC Domodedovo Moscow]"}, "98": {"gemma": "[Animal, Kori bustard, Otidiformes, Ardeotis, Chordate]"}, "99": {"gemma": "[Animal, Accipitriformes, Aviceda]"}, "100": {"gemma": "[Animal, Arthropod, Kanetisa digna]"}, "101": {"gemma": "[Iran, Kerman Province, Mowtowr-e Reza Hajjabi Chah Hasan]"}, "102": {"gemma": "[Cristina Badajoz, Spain, Las Vegas Altas, Central European Time]"}, "103": {"gemma": "[Dipolog, Zamboanga Peninsula, Katipunan  Zamboanga del Norte]"}, "104": {"gemma": "[Animalia, Goldbar wrasse, Labridae, Actinopterygii]"}, "105": {"gemma": "[Oleyres, Vaud, Orbe, Domdidier]"}, "106": {"gemma": "[Jerry Capehart, Nashville  Tennessee, Rock and roll, The Eddie Cochran Memorial Album, C'mon Everybody]"}, "107": {"gemma": "**Diameter:** 2\n\n**Path:** [Gramophone record, Air War, Doo-wop]"}, "108": {"gemma": "[Sweden, Screenwriter, Roger Lim]"}, "109": {"gemma": "[Brian Cvilikas, Virginia Beach Mariners, Russell Hutchison]"}, "110": {"gemma": "[Jennifer Kendal, Bombay Talkie, Ruth Prawer Jhabvala]"}, "111": {"gemma": "[Animal, Mollusca, Ceratostoma, Muricoidea, Muricidae, Orania mixta]"}, "112": {"gemma": "[Insect, Abdera (beetle), Beetle, Melandryidae, Abdera flexuosa]"}, "113": {"gemma": "[California, John Vasconcellos, Santa Clara California, Microsoft Theater]"}, "114": {"gemma": "[Bobby Williams (footballer  born 1940), Weymouth F.C., Cheltenham Town F.C.]"}, "115": {"gemma": "**Diameter:** 2\n\n**Path:** [Beetle, Cerambycidae, Irundisaua balteata]"}, "116": {"gemma": "[Roanoke  Texas, Mayor]"}, "117": {"gemma": "[Franco Jara, List of Argentine Primera Divisi\u00f3n transfers July\u2013August 2010, Arsenal de Sarand\u00ed]"}, "118": {"gemma": "**Diameter:** 2\n\n**Path:** [Artemisa Province, Cuba]"}, "119": {"gemma": "[Takuro Yoshida, Folk music, Guitar, Eddie Vedder]"}, "120": {"gemma": "[Auxa bimaculipennis, Animal, Arthropod, Sybra pfanneri]"}, "121": {"gemma": "[Paxillosida, Animal, Astropecten]"}, "122": {"gemma": "[Canadian Army, Royal Canadian Infantry Corps, Brooke Claxton]"}, "123": {"gemma": "**Diameter:** 2\n\n**Path:** [Psychedelic music, Jazz fusion, Jakko Jakszyk]"}, "124": {"gemma": "[Eygelshoven, Netherlands, Arno Wallaard]"}, "125": {"gemma": "[Cr\u00e9quy, France, Provence-Alpes-C\u00f4te d'Azur, Forcalqueiret, France]"}, "126": {"gemma": "[Animal, Polyergus samurai, Polyergus, Formicidae, Notostigma foreli]"}, "127": {"gemma": "[Bronson Pinchot, Perfect Strangers (TV series), Step by Step (TV series)]"}, "128": {"gemma": "[Austria, Steyr Mannlicher, Sankt Ulrich bei Steyr]"}, "129": {"gemma": "[Republic of Ireland, Paul Kane, Toronto, Anais Granofsky]"}, "130": {"gemma": "[Peter Reith, Fred Chaney, Raymond Pr\u00e9fontaine, James Cochrane (mayor)]"}, "131": {"gemma": "**Diameter:** 2\n\n**Path:** [Iran, Rafsanjan County, Bahreman Rural District, Tolombeh-ye Ruzkuhrow]"}, "132": {"gemma": "[Mycena stylobates, Agaricales, Tricholoma penangense, Tricholoma]"}, "133": {"gemma": "**Diameter:** 3\n\n**Path:** [Kingdom of Italy, Amedeo Amadei, Grand Duchy of Tuscany]"}, "134": {"gemma": "[Defender (football), Borys Derkach, FC Dynamo Kyiv, Midfielder, Mikhail Aleksandrov]"}, "135": {"gemma": "The diameter of the knowledge graph is **2**. \n\nThe path representing the diameter is: **[Unreal Engine 2, Tom Clancy's Splinter Cell (video game), GameCube]**."}, "136": {"gemma": "[KNI A/S, Greenland, Sisimiut]"}, "137": {"gemma": "[Bedford Township Bedford County Pennsylvania, Bedford County Pennsylvania, Pennsylvania]"}, "138": {"gemma": "[Stream, Lichau Creek, Sonoma County California]"}, "139": {"gemma": "[Insect, Chironominae, Tanytarsini, Rheotanytarsus, Fly]"}, "140": {"gemma": "[Vantoux-et-Longevelle, Haute-Sa\u00f4ne, Georfans]"}, "141": {"gemma": "[Sarnia, Donovan Woods (musician), Ontario, Folk rock, A New Day at Midnight]"}, "142": {"gemma": "[Iceland, Eagle Egilsson, Mad City: New Day Rising, Gotham (TV series)]"}, "143": {"gemma": "[Eudicots, Strychnos millepunctata, Angiosperms, Deinandra palmeri]"}, "144": {"gemma": "[Pisa Calcio, Enrico Alfonso, A.S. Pizzighettone]"}, "145": {"gemma": "[Valiha (plant), Bambusoideae, Plantae, Nephthytis]"}, "146": {"gemma": "**Diameter:** 2\n\n**Path:** [Bevan Fransch, South Africa, Solomon Mahlangu]"}, "147": {"gemma": "[Summer Time Gone, Giza Studio, Time After Time (Hana Mau Machi de), Maxi Single]"}, "148": {"gemma": "[Actor, Henry O, James Tien (actor)]"}, "149": {"gemma": "**Diameter:** 2\n\n**Path:** [Ali Khan-e Kachkul, Iran Standard Time, Gohreh]"}, "150": {"gemma": "[Presenter, Louis Yuen, Stephen Chow, Legend of the Dragon (film)]"}, "151": {"gemma": "**Diameter:** 2\n\n**Path:** [Channel 10 (album), Gangsta Rap]"}, "152": {"gemma": "[Detroit, Curtis Fuller, Impulse!, The Cry of My People]"}, "153": {"gemma": "[Actress, Joyce Jameson, Swinging Spiketaculars, Robert Scheerer, Joyce Jameson]"}, "154": {"gemma": "[Ben Lui, River Earn, River Isla  Perthshire, Perth  Scotland, Scottish Highlands, River Tummel, River Tay]"}, "155": {"gemma": "[Charlie Fletcher (footballer), Homerton, Queen Elizabeth Olympic Park, Stratford  London]"}, "156": {"gemma": "[Nesuhi Ertegun, Herbie Mann Plays The Roar of the Greasepaint \u2013 The Smell of the Crowd, My Kinda Groove]"}, "157": {"gemma": "[Yeniel Berm\u00fadez, Cuba national football team, Jos\u00e9 Miranda (footballer), Orange County Blues, Los Angeles Misioneros]"}, "158": {"gemma": "**Diameter:** 2\n\n**Path:** [Lorestan Province, Iran Standard Time, Chal Duguneh]"}, "159": {"gemma": "[Taheri Rural District, Iran, Amol]"}, "160": {"gemma": "[Felix Adler (screenwriter), Bubble Trouble (film), Shemp Howard]"}, "161": {"gemma": "[Ahar County, Ziarlu, Central District (Ahar County), Gurvan-e Bozorg]"}, "162": {"gemma": "[Flavor of Life, Hikaru Utada, Boku wa Kuma, Colors (Utada Hikaru song), Ultra Blue]"}, "163": {"gemma": "[Insect, Animal, Arthropod, Evimantius]"}, "164": {"gemma": "[Thimingalam, K. P. Ummer, Pokkattadikkaari]"}, "165": {"gemma": "[Red-keeled flowerpecker, Animalia, Stagnicola]"}, "166": {"gemma": "[DYMF, News, The Rundown with Jos\u00e9 Diaz-Balart, MSNBC Live]"}, "167": {"gemma": "[Robert D. Mariani, Syracuse University College of Law, United States, Timothy M. Kennedy (politician)]"}, "168": {"gemma": "[2013 Seguros Bol\u00edvar Open Barranquilla, Facundo Bagnis, 2016 Claro Open Medell\u00edn, Eduardo Struvay]"}, "169": {"gemma": "[Republic of Ireland, Breakfast on Pluto, English language, The Case of the Dirty Bird, Novel]"}, "170": {"gemma": "[Relief of Thionville, Thirty Years' War, Isaac Manasses de Pas Marquis de Feuquieres, Thionville, Illange]"}, "171": {"gemma": "**Diameter:** 2\n\n**Path:** [Bruce Edwards Ivins, United States Army Medical Research Institute of Infectious Diseases, Maryland]"}, "172": {"gemma": "[Attleboro  Massachusetts, David Daggett, Federalist Party, Massachusetts]"}, "173": {"gemma": "**Diameter:** 2\n\n**Path:** [University of Benghazi, Abu Bakr Baira, University of Missouri]"}, "174": {"gemma": "[Ali Nikzad, Iran, Iran University of Science and Technology, Shahrak-e Darya Sar, Ahmadabad-e Abbaskhan, Iran Standard Time, Deh Nar-e Hajj Esmail, Kuhsaran District]"}, "175": {"gemma": "[Syria, Idlib Governorate, Eastern European Time, Eastern European Summer Time]"}, "176": {"gemma": "[Don Moen, Word Records, Shout to the Lord 2000, Amy Grant]"}, "177": {"gemma": "[Abzalu, Iran, Shahrak-e Bardbaran, Central District (Izeh County)]"}, "178": {"gemma": "[Abe Levitow, One Froggy Evening, Edward Selzer]"}, "179": {"gemma": "**Diameter:** 2\n\n**Path:** [Dead Is Dead, Nestor Carbonell, Cane (TV series)]"}, "180": {"gemma": "[Paul Wunderlich, J\u00f6rg Schmeisser, Nazi Germany, Sturzkampfgeschwader 2]"}, "181": {"gemma": "[Eudicots, Suessenguthiella caespitosa, Molluginaceae, Angiosperms, Tetrameles]"}, "182": {"gemma": "[Iran, Ijrud County, Aq Bolagh  Zanjan, Central District (Ijrud County), Iran Standard Time]"}, "183": {"gemma": "The diameter of the knowledge graph is **2**. \n\nThe shortest path between 'Pop music' and 'Laura Branigan', 'Pop music' and 'Foolish Lullaby', and 'Pop music' and 'Hey (Mitchel Musso song)' all have a distance of 1. The longest shortest paths in the graph are those passing through 'Pop music' and require 2 edges. \n\n**Path representing the diameter:** [Pop music, Laura Branigan]"}, "184": {"gemma": "[Ron Aniello, Columbia Records, High Hopes (Tim Scott McConnell song) High Hopes 1]"}, "185": {"gemma": "[United States, Steven Thayn, Boise State University]"}, "186": {"gemma": "[Majid Al Futtaim Group, United Arab Emirates, Retail, Property, Unibail-Rodamco]"}, "187": {"gemma": "**Diameter:** 2\n\n**Path:** [Sporting Blood, Ernest Torrence, The Blind Goddess]"}, "188": {"gemma": "[United States, Category 5 Records, San Jose  California]"}, "189": {"gemma": "[Spintires, Microsoft Windows, Turok: Evolution, Turok (series), Turok: Dinosaur Hunter]"}, "190": {"gemma": "[Paul Bales, 3 Musketeers (film), Alan Rachins]"}, "191": {"gemma": "**Diameter:** 2\n\n**Path:** [Michael Bolton, Bolton Swings Sinatra, Pop (music)]"}, "192": {"gemma": "[Eudicots, Dipterocarpaceae, Shorea rugosa]"}, "193": {"gemma": "[Georg Lammers, Butjadingen, Germany, Michael Steinbach]"}, "194": {"gemma": "[Eudicots, Acacia, Plant]"}, "195": {"gemma": "[Santo Pecado, Ricardo Arjona, Mojado (song)]"}, "196": {"gemma": "[Living Proof (film), Halli Cauthery, Scared Shrekless, Dean Edwards, New York City]"}, "197": {"gemma": "[Bulgaria, Vladimir Vladimirov, FC Sportist Svoge]"}, "198": {"gemma": "[Dinesh Babu, Laali, Rockline Venkatesh, Vishnuvardhan (actor)]"}, "199": {"gemma": "[Kyenjojo, Edward Rugumayo, University of London, Allen Sheppard  Baron Sheppard of Didgemere]"}, "200": {"gemma": "[Co-Co (band), RCA Records, Speedy Haworth]"}, "201": {"gemma": "[Iran, Iran Standard Time, Gomeyn  East Azerbaijan]"}, "202": {"gemma": "[Cicagna, Italy, Carlo Bernari]"}, "203": {"gemma": "**Diameter:** 2\n\n**Path:** [Salim-Sulaiman, Wonder Pets, Jennifer Oxley, Go  Baby!]"}, "204": {"gemma": "[Quanah Parker, Herman Lehmann, Cynthia Ann Parker]"}, "205": {"gemma": "[Kozanaq, Iran, Iran Standard Time, Borj-e Ziad]"}, "206": {"gemma": "[Alternate history, S. M. Stirling, Science fiction, Dies the Fire]"}, "207": {"gemma": "**Diameter:** 2\n\n**Path:** [Talisia, Ludwig Adolph Timotheus Radlkofer, Talisia setigera]"}, "208": {"gemma": "[Interstellar Discussion, The Rocks Crumble, Album]"}, "209": {"gemma": "[Hapoel Ramat Gan, Ronen Harazi, Golan Hermon]"}, "210": {"gemma": "[Fajr Sepasi F.C., Mehrdad Karimian, Pas Hamedan F.C., Midfielder]"}, "211": {"gemma": "[Iran, Yusef Deh, Rudboneh Rural District, Kanaf Gurab]"}, "212": {"gemma": "[Armadale F.C., David Steele (footballer), Bradford City A.F.C.]"}, "213": {"gemma": "[Yaaron Ki Baraat (TV series), India, Kilukil Pambaram]"}, "214": {"gemma": "[Mourtala Diakit\u00e9, Mali, Ouattagouna, Ansongo Cercle]"}, "215": {"gemma": "[Tony Knapp, Leicester City F.C., 2009\u201310 Queens Park Rangers F.C. season, 2010\u201311 Queens Park Rangers F.C. season]"}, "216": {"gemma": "[Insect, Heterogymna, Lepidoptera]"}, "217": {"gemma": "[Ballia, Bhrigu Nath Singh, Uttar Pradesh]"}, "218": {"gemma": "[New Mexico, Rolf Cahn, Peter Skellern]"}, "219": {"gemma": "[Terence Fisher, Four Sided Triangle, Malcolm Arnold]"}, "220": {"gemma": "[Hyena (2014 film), Neil Maskell, Jack Falls]"}, "221": {"gemma": "[SFR Yugoslavia, Momir Desnica, Apatin, \u017divorad Smiljani\u0107]"}, "222": {"gemma": "**Diameter:** 2\n\n**Path:** [Guitar Pete Franklin, Songwriter, Chedda Da Connect]"}, "223": {"gemma": "[Friday the 13th Part VI: Jason Lives, Paramount Pictures, Los Angeles]"}, "224": {"gemma": "[Curl of the Burl, Atlanta, Mastodon (band), The Hunter (Mastodon album)]"}, "225": {"gemma": "**Diameter:** 3\n\n**Path:** [Cypriniformes, Sinocyclocheilus liboensis, Chordata]"}, "226": {"gemma": "[United States, Anthony W. Ishii, Dale A. Drozd]"}, "227": {"gemma": "[Republic of Ireland, Dublin, Something Happens]"}, "228": {"gemma": "[Central District (Sahneh County), Yek Jofti, Kermanshah Province, Elayiyeh]"}, "229": {"gemma": "[These Are the Days (TV series), Jackie Earle Haley, Micky Dolenz]"}, "230": {"gemma": "[The Incredible True Story, Hip hop music, DJ Dahi]"}, "231": {"gemma": "[Axel Zwingenberger, Blues, Wanted on Voyage, Cam Blackwood]"}, "232": {"gemma": "[Ramrachathirat, Intharacha, Borommarachathirat II]"}, "233": {"gemma": "[A1 road (Great Britain), M62 motorway, M18 motorway (Great Britain)]"}, "234": {"gemma": "**Diameter:** 2\n\n**Path:** [Ryan Richards, San Antonio Spurs, Eva Longoria]"}, "235": {"gemma": "[Eudicots, Hebe (plant), Asterids]"}, "236": {"gemma": "[Russia, Germany, Tycoon (2002 film)]"}, "237": {"gemma": "[Road 91 (Iran), Kerman, Kerman Province, Road 84 (Iran)]"}, "238": {"gemma": "[Kovel, Ukraine, Khyriv]"}, "239": {"gemma": "**Diameter:** 2\n\n**Path:** [M\u00f8re og Romsdal, Norway, Liberation of Finnmark]"}, "240": {"gemma": "[United States, Society 1, Cody Votolato]"}, "241": {"gemma": "[Jay Parini, United States, Bess Truman, Clifton Daniel, Manhattan  New York, Bad Girl (Madonna song), Erotica (Madonna album)]"}, "242": {"gemma": "[Lisa Mitchell, Folk music, Said One to the Other, Stephen Stills]"}, "243": {"gemma": "[Multi-instrumentalist, Vetcho Lolas, Singing, Matt Jaffe, Gospel music]"}, "244": {"gemma": "[Marcus Chong, Washington (state), Panther (film), Bokeem Woodbine]"}, "245": {"gemma": "**Diameter:** 2\n\n**Path:** [Hertz, Dynamite Duke, Action game]"}, "246": {"gemma": "[Walls and Bridges, Rock music, Dee Anthony]"}, "247": {"gemma": "[Animal, Chordate, Coralliozetus angelicus, James Erwin B\u00f6hlke]"}, "248": {"gemma": "[Kanchubeh, Iran Standard Time, Meshgin Shahr County]"}, "249": {"gemma": "[A Question of Time (album), Jazz-rock, Somethin Els]"}, "250": {"gemma": "[Animal, Podalonia, Apocrita, Sphecidae, Arthropoda]"}, "251": {"gemma": "**Diameter:** 2\n\n**Path:** [Sarnia, Canada, Duke Harris]"}, "252": {"gemma": "[Derek Sanderson (soccer), Colorado Foxes, Steve Patterson (soccer), Midfielder]"}, "253": {"gemma": "[Ethiopia, Ethiopian Civil War, Addis Ababa, Mengistu Haile Mariam]"}, "254": {"gemma": "**Diameter:** 2\n\n**Path:** [Plu\u017eine, Montenegro, Lake Piva]"}, "255": {"gemma": "**Diameter:** 2\n\n**Path:** [Levante UD, Claudio Barrag\u00e1n, Manises]"}, "256": {"gemma": "[Madvillainy, Madvillain, Madvillainy 2]"}, "257": {"gemma": "[Soviet Union, Tupolev Tu-160, Russia, Yury Gusov]"}, "258": {"gemma": "[Russia, Sernur, Tatiana Tarasova]"}, "259": {"gemma": "**Diameter:** 2\n\n**Path:** [Arthropod, Chalcophlocteis, Buprestidae]"}, "260": {"gemma": "[Lukas J\u00e4ger, Defender (association football), Ulrich Wilson]"}, "261": {"gemma": "[S\u00e4g det med en s\u00e5ng, Stig Anderson, Schlager, Benny Andersson, I Have a Dream (song), Bj\u00f6rn Ulvaeus]"}, "262": {"gemma": "[Virginia Shehee, Southern Methodist University, James M. Collins, World War II]"}, "263": {"gemma": "**Diameter:** 2\n\n**Path:** [Democratic Party (United States), William Howard Thompson]"}, "264": {"gemma": "[Klaus H\u00e4berlen, Battle of Kursk, Josef Karl, German Army (Wehrmacht)]"}, "265": {"gemma": "[Sheikh Rajab Ali, Sheikh Ali Madad, Muhammad Nawaz Irfani, Pakistan]"}, "266": {"gemma": "[An Hour with the Ramsey Lewis Trio, Ramsey Lewis, The Movie Album (Ramsey Lewis album)]"}, "267": {"gemma": "**Diameter:** 2\n\n**Path:** [United States, Blacklick Township Cambria County Pennsylvania]"}, "268": {"gemma": "[Hans-Georg Gadamer, Germany, Wilhelm Dilthey]"}, "269": {"gemma": "[United States, 87th Indiana Infantry Regiment, The Walkmen]"}, "270": {"gemma": "[Garlan, France, David Vendetta]"}, "271": {"gemma": "**Diameter:** 2\n\n**Path:** [Elizabeth I of England, Eighty Years' War, Battle of Dahlen]"}, "272": {"gemma": "[Fatspine spurdog, Chordate, Squaliformes, Lined lanternshark]"}, "273": {"gemma": "[Denmark, Richard M\u00f8ller Nielsen, Odense BK]"}, "274": {"gemma": "[Neboj\u0161a Vukoji\u010di\u0107, List of Serbian football transfers summer 2016, Alen Ma\u0161ovi\u0107, FK Sloga Kraljevo]"}, "275": {"gemma": "**Diameter:** 2\n\n**Path:** [Hapoel Tzafririm Holon F.C., Florin Constantinovici, FC Politehnica Timi\u0219oara]"}, "276": {"gemma": "[Mazraeh-ye Shahid Chamran, Iran, Nowabad  Razavi Khorasan, Ghazali Rural District]"}, "277": {"gemma": "[Franche-Comt\u00e9, France, Amblans-et-Velotte, Haute-Sa\u00f4ne]"}, "278": {"gemma": "[Colombo, Sri Lanka, Lasantha Wickrematunge]"}, "279": {"gemma": "**Diameter:** 2\n\n**Path:** [Germany, Chris Jones (singer-songwriter), Wie vor Jahr und Tag]"}, "280": {"gemma": "[Actinomycetales, Bacteria, Nocardioides ginsengisoli]"}, "281": {"gemma": "[No Compromise, Album, Piano in the Background]"}, "282": {"gemma": "**Diameter:** 2\n\n**Path:** [Dhankuta, Nepal, Marwari language]"}, "283": {"gemma": "[Ghost Town DJ's, So So Def Recordings, RCA Records, Contemporary R&B]"}, "284": {"gemma": "[Henry Fielding, John Fowles, Susanna Clarke]"}, "285": {"gemma": "[Helga Anders, Tattoo (1967 film), Johannes Schaaf]"}, "286": {"gemma": "[G. K. Venkatesh, Aasha (1983 film), Bhootayyana Maga Ayyu]"}, "287": {"gemma": "**Diameter:** 2\n\n**Path:** [Animal, Lepidoptera]"}, "288": {"gemma": "[Bryan Barker, Sean Landeta, Los Angeles Rams]"}, "289": {"gemma": "[Art\u00e9s, Spain, Nacho Mart\u00ednez]"}, "290": {"gemma": "[Austria, Jan Marc Riegler, Mooskirchen]"}, "291": {"gemma": "**Diameter:** 2\n\n**Path:** [Trillium cernuum, Monocots, Bentinckia condapanna]"}, "292": {"gemma": "[Musician, D. Scott Rogo, Journalist, Los Angeles]"}, "293": {"gemma": "[Futabayama Sadaji, Japan, Osaka, Reggae, Freddie McGregor, Robbie Lyn]"}, "294": {"gemma": "[Word Records, Rachael Lampa (album), Pop (music), Blessed: The Best of Rachael Lampa]"}, "295": {"gemma": "[Insect, Oxycera, Stratiomyinae, Odontomyia tigrina, Crambidae, Austromusotima metastictalis]"}, "296": {"gemma": "[Eucalyptus tricarpa, Rosid, Eucalyptus]"}, "297": {"gemma": "[Devil Dogs of the Air, Pat O'Brien (actor), Warner Bros.]"}, "298": {"gemma": "[Niederviehbach, Germany, Cochem-Zell, Panzweiler]"}, "299": {"gemma": "The diameter of the knowledge graph is **2**. \n\nThe path representing the diameter is: **[Epic Records, MTV Unplugged NYC 1997, The Day (Babyface album)]**."}, "300": {"gemma": "[University of Edinburgh, David J. Lockwood, Yale University]"}, "301": {"gemma": "[Ko\u0161ice, Tom\u00e1\u0161 Medve\u010f, Slovakia national football team, Jaroslav Timko, \u0160K Slovan Bratislava, Bratislava]"}, "302": {"gemma": "[50th Battalion (Calgary) CEF, Second Battle of the Somme (1918), Battle of Lens, Battle of Loos, Guards Division (United Kingdom)]"}, "303": {"gemma": "[Bordeaux, Christophe Lestrade, En Avant Guingamp]"}, "304": {"gemma": "[Pigra, Italy]"}, "305": {"gemma": "[Alberto Eliani, Udinese Calcio, Alem\u00e3o (footballer born 1989)]"}, "306": {"gemma": "[Alternate Americas, English language, Alternate Wars, Gregory Benford, Alternate Empires]"}, "307": {"gemma": "**Diameter:** 2\n\n**Path:** [Eminem, Jeff Bass, Keyboards]"}, "308": {"gemma": "[Football Song (song), Music download, Hard II Love, Rivals (Usher song)]"}, "309": {"gemma": "[Gladiator Seven, Tony Russel, Wild  Wild Planet, War of the Planets (1966 film), Film]"}, "310": {"gemma": "[Arthropod, Aphelinus mali, Chalcidoidea, Botryoideclava]"}, "311": {"gemma": "[Som\u00e1lia (footballer  born 1984), Defender (association football), Neil Cox (footballer)]"}, "312": {"gemma": "[Veddel, Germany, Bavaria, Unterallg\u00e4u, Bad Kissingen (district), Totnansberg]"}, "313": {"gemma": "[Carlo Giovanardi, Modena, Christian Democracy (Italy), Parma, Isabella d'Este  Duchess of Parma]"}, "314": {"gemma": "**Diameter:** 2\n\n**Path:** [Guangxi, China, Longtan Dam]"}, "315": {"gemma": "**Diameter:** 2\n\n**Path:** [Reprise Records, Political Science (song), Randy Newman]"}, "316": {"gemma": "[Slash Records, Copperopolis (album), Easy (Sheryl Crow song)]"}, "317": {"gemma": "Error!"}, "318": {"gemma": "Error!"}, "319": {"gemma": "[Mark Scott (actor), Burbank  California, Walt Disney Studios (division), Disneynature]"}, "320": {"gemma": "[Robert Patrick, Ladder 49, John Travolta, This Christmas (John Travolta and Olivia Newton-John album), John Travolta]"}, "321": {"gemma": "[Oakland  California, Seasick Steve, Sonic Soul Surfer, Keepin' the Horse Between Me and the Ground, Blues, Acoustic music]"}, "322": {"gemma": "[Carl Schurz, James A. Garfield, United States Army, Major general (United States)]"}, "323": {"gemma": "**Diameter:** 2\n\n**Path:** [Christopher Zanella, Christian Democratic Union of Germany, Waldshut-Tiengen]"}, "324": {"gemma": "[Huacaraje, Bolivia, Huacaraje Municipality]"}, "325": {"gemma": "[Yvon Goujon, Stade Rennais FC, Fran\u00e7ois Grenet, FC Girondins de Bordeaux]"}, "326": {"gemma": "[Vijay C Chakravarthy, Parugu, Allu Arjun]"}, "327": {"gemma": "**Diameter:** 2\n\n**Path:** [Malvales, Phaleria perrottetiana, Angiosperms]"}, "328": {"gemma": "[Clube Atl\u00e9tico Penapolense, Rui Komatsu, List of Japanese football transfers winter 2014\u201315]"}, "329": {"gemma": "[Phytophthora medicaginis, Incertae sedis, Hoplestigma pierreanum, Hoplestigma]"}, "330": {"gemma": "[Heart of Midlothian F.C., Kevin James (Scottish footballer), Scotland national under-21 football team, Mark Burchill]"}, "331": {"gemma": "[Silesia, Germany, East Germany national football team, Horst Weigang]"}, "332": {"gemma": "[United States, Florida, Sports Authority]"}, "333": {"gemma": "[Yevgeni Tyukalov, FC Infonet, Striker (association football)]"}, "334": {"gemma": "[Insect, Hepialidae, Gazoryctra confusus, Eukarya]"}, "335": {"gemma": "[People's Republic of China, NWS Holdings, Hong Kong]"}, "336": {"gemma": "[Phytophthora phaseoli, Incertae sedis, Piprites]"}, "337": {"gemma": "[United States, Democratic Party (United States), Kip Holden, Louisiana State University]"}, "338": {"gemma": "[Eudicots, Rutaceae, Meyer lemon]"}, "339": {"gemma": "[Gordon Macready, Second World War, Bernard Callinan, Mentioned in Despatches]"}, "340": {"gemma": "[Azazel: Book of Angels Volume 2, Nancy Wilson (guitarist), Magic Man]"}, "341": {"gemma": "[Capcom, Apollo Justice: Ace Attorney, Viewtiful Joe: Red Hot Rumble, TMNT (video game)]"}, "342": {"gemma": "[Malayalam Language, Kandavarundo, Sreekumaran Thampi, Madhuram Thirumadhuram, Raghavan (actor)]"}, "343": {"gemma": "[Saskatchewan, Clark Gillies, Montana]"}, "344": {"gemma": "[Simon Lokodo, Uganda, Kampala]"}, "345": {"gemma": "[India, Ranjith (actor), Thambikku Indha Ooru, Badri (director)]"}, "346": {"gemma": "[Rosalind Cash, Melinda (film), Lonne Elder III, Plains  Georgia]"}, "347": {"gemma": "[2007\u201308 Parma F.C. season, 2007\u201308 Serie A, 2008\u201309 A.C. Milan season]"}, "348": {"gemma": "[Palestinian Haitians, Islam, Cel\u00e2l Bayar]"}, "349": {"gemma": "[Rosids, Acacia, Fabales, Angiosperms]"}, "350": {"gemma": "**Diameter:** 2\n\n**Path:** [NBC, MGM Television]"}, "351": {"gemma": "[Keshit Kerman, Iran Standard Time, Iran Daylight Time, Dehnow-ye Fatemeh Barat]"}, "352": {"gemma": "[Democratic Party (United States), United States, Florida, Barry University]"}, "353": {"gemma": "[Massachusetts Institute of Technology, Frank A. McClintock, Joel Moses, Marvin Minsky]"}, "354": {"gemma": "[Push (Pharoahe Monch song), Pharoahe Monch, Joe Zawinul, Rape (song), Pharoahe Monch]"}, "355": {"gemma": "[Smooth Velvet  Raw Silk, Al Cliver, Laura Gemser]"}, "356": {"gemma": "[WHQG, Milwaukee  Wisconsin, WKLH]"}, "357": {"gemma": "[Dead Run (The Twilight Zone), Paul Jenkins (actor), The Waltons, Paul Jenkins (actor)]"}, "358": {"gemma": "[Sterling Price, Second Battle of Corinth, 15th Arkansas Infantry Regiment (Northwest), Siege of Vicksburg, John Warden, American Civil War]"}, "359": {"gemma": "[Valeri Aleksandrovich Sorokin, FC Spartak Kostroma, Stanislav Khan, FC Torpedo Armavir]"}, "360": {"gemma": "[S.C. Espinho, Milton Mendes, Filipe Melo (footballer)]"}, "361": {"gemma": "[Tan Wu Meng, Singapore, Chew Chor Meng, The Day It Rained on Our Parade, The Legendary Swordsman, The Day It Rained on Our Parade, Singapore]"}, "362": {"gemma": "[Malvales, Parashorea, Angiosperms]"}, "363": {"gemma": "**Diameter:** 2\n\n**Path:** [Insect, Animal, Hypocoela tornifusca]"}, "364": {"gemma": "[Drew McWeeny, John Carpenter's Cigarette Burns, Fair-Haired Child, Matt Greenberg]"}, "365": {"gemma": "[Adrien Ren\u00e9 Franchet, Strophanthus thollonii, Plant]"}, "366": {"gemma": "[Ricardo Souza Silva, Brazil, Olaria Atl\u00e9tico Clube, Nacional Atl\u00e9tico Clube (SP), S\u00e3o Paulo FC, Tim (footballer)]"}, "367": {"gemma": "**Diameter:** 2\n\n**Path:** [United States, Iowa]"}, "368": {"gemma": "[Insect, Arthropod, Cladomyrma, Hymenoptera, Fly]"}, "369": {"gemma": "[Animalia, Atlapetes, Bolivian brush finch, Passeriformes]"}, "370": {"gemma": "**Diameter:** 2\n\n**Path:** [Perciformes, Atrosalarias, Atrosalarias holomelas]"}, "371": {"gemma": "[FC Homburg, Ragnar Margeirsson, Iceland, Reykjav\u00edk]"}, "372": {"gemma": "[Doug Collins (footballer), Sunderland A.F.C., Ronald Brebner]"}, "373": {"gemma": "[Pulfero, Friuli-Venezia Giulia, Italy]"}, "374": {"gemma": "[Appenzeller Kantonalbank, Switzerland, Thomas Minder, Swiss People's Party, Switzerland]"}, "375": {"gemma": "[Boca Juniors, Buenos Aires, La Boca]"}, "376": {"gemma": "[Lilium nepalense, Plantae, Lilium]"}, "377": {"gemma": "[Nashville  Tennessee, Richard Bennett (guitarist), Sweet Little '66]"}, "378": {"gemma": "[England, John Hanson Community School, Secondary school, Red Bend Catholic College, Lakewood High School (Florida), Louis Murphy]"}, "379": {"gemma": "**Diameter:** 2\n\n**Path:** [Epic Records, The Darling Buds, London]"}, "380": {"gemma": "[American Broadcast Company, Glitter (TV series), Jerry Styner]"}, "381": {"gemma": "[Deutsche Schule Lissabon, Lisbon, Miguel Lopes]"}, "382": {"gemma": "[Hereford United F.C., Keith Fear, Bristol City F.C.]"}, "383": {"gemma": "[Leslie Orme Wilson, Second Boer War, Edward Cecil Bethune, Denbighshire Hussars, France and Flanders 1918]"}, "384": {"gemma": "[Ryo Nagamatsu, Nintendo, New Super Mario Bros. Wii, Super Mario]"}, "385": {"gemma": "[South East England, Ashford to Ramsgate (via Canterbury West) Line, Heavy rail, West Sussex]"}, "386": {"gemma": "[Gilort, Romania, Suplacu de Barc\u0103u, Homorod  Bra\u0219ov, Criciova]"}, "387": {"gemma": "**Diameter:** 2\n\n**Path:** [Neftchi Farg'ona, Timur Kapadze, Uzbekistan national football team]"}, "388": {"gemma": "[Raakhee, Jeevan Yudh, Partho Ghosh]"}, "389": {"gemma": "[Iran, Chahar Hadd, Lorestan Province]"}, "390": {"gemma": "**Diameter:** 2\n\n**Path:** [Insect, Anthocharis sara thoosa]"}, "391": {"gemma": "**Diameter:** 2\n\n**Path:** [Anchovy, Clupeiformes, Australian sprat]"}, "392": {"gemma": "[\u00dcnal Alpu\u011fan, Midfielder, Pl\u00e1cido Galindo, Universitario de Deportes]"}, "393": {"gemma": "**Diameter:** 2\n\n**Path:** [Montenegro, Central European Time, Central European Summer Time]"}, "394": {"gemma": "[Dermateaceae, Diplocarpon, Ascomycetes]"}, "395": {"gemma": "[Biscayne Point, Eastern Time Zone, Saint-Jacques-de-Leeds  Quebec, Les Appalaches Regional County Municipality]"}, "396": {"gemma": "[Wandrille Lef\u00e8vre, Urban area, Coll\u00e8ge Stanislas (Quebec)]"}, "397": {"gemma": "[Tirokafteri, Oregano, Chili pepper, Menudo (soup)]"}, "398": {"gemma": "[Rural Districts of Iran, Chenaran Rural District, Kalateh-ye Mian]"}, "399": {"gemma": "[Elizabeth Davis (7 Year Bitch), Punk rock, The Adverts]"}, "400": {"gemma": "[Vriesea longicaulis, Poales, Angiosperms]"}, "401": {"gemma": "[Klesiv, Rivne Oblast, Ukraine, Rokytne Raion  Rivne Oblast, Ukraine]"}, "402": {"gemma": "[Ra\u0161\u00edn, Central European Time, Prague, Czech Republic, Mohelnice nad Jizerou]"}, "403": {"gemma": "**Diameter:** 3\n\n**Path:** [Eudicots, Utricularia hamiltonii, Asterids]"}, "404": {"gemma": "[Zilayi Rural District, Iran, Pachat-e Charbiyun, Iran Standard Time, Lal-e Mina]"}, "405": {"gemma": "[Atlantic Records, Authority Zero, Simple Plan]"}, "406": {"gemma": "[Jennifer Rowe, The Dreamstone (novel), English language, Fantasy literature, The Isle of Illusion]"}, "407": {"gemma": "[Horace Rice, Australia, Sydney]"}, "408": {"gemma": "[Ecuador, Gal\u00e1pagos Islands, Pinz\u00f3n Island]"}, "409": {"gemma": "[Lansdale  Pennsylvania, Pennsylvania Route 63, Huntingdon Valley  Pennsylvania]"}, "410": {"gemma": "The diameter of the knowledge graph is **2**. The path representing the diameter is: **[The High Fructose Adventures of Annoying Orange, Mike Fasolo, Robot Chicken: Star Wars Episode II]**."}, "411": {"gemma": "**Diameter:** 2\n\n**Path:** [Chinese people, Li Bin (diplomat), Kim Il-sung University]"}, "412": {"gemma": "[Mithun Chakraborty, Dance Dance (film), Hindi language]"}, "413": {"gemma": "[Punjab Province (British India), Darshan Singh Pheruman, Sikhism, Amritsar, Punjab  India]"}, "414": {"gemma": "[Siluck Saysanasy, Laos, Hmong people, Buddhism]"}, "415": {"gemma": "[FC St. Pauli, Dirk Zander, Marco Stier, Hallescher FC, Max Christiansen]"}, "416": {"gemma": "The diameter of the knowledge graph is **2**. \n\nThe path representing the diameter is: **[Chrysalis Records, Time Step (album), Leo Kottke]**."}, "417": {"gemma": "[Burgos, Urraca of Le\u00f3n, Castile and Le\u00f3n]"}, "418": {"gemma": "[Brisbane, Josh Lawson, Wipeout (2009 Australian game show), Romantically Challenged]"}, "419": {"gemma": "[Ian Foster (footballer), Liverpool F.C., Galway United F.C. (1937\u20132011), Dundalk F.C.]"}, "420": {"gemma": "[Eudicots, Amaranthaceae, Amaranth, Caryophyllales, Angiosperms]"}, "421": {"gemma": "[Chah Mir  Hormozgan, Ahmadi Rural District, Ahmadi District]"}, "422": {"gemma": "[2003\u201304 Swansea City A.F.C. season, Kenny Jackett, 2004\u201305 Swansea City A.F.C. season, Football League Two, 2014\u201315 Oxford United F.C. season]"}, "423": {"gemma": "**Diameter:** 2\n\n**Path:** [George Marshall (director), Los Angeles]"}, "424": {"gemma": "[Cloven Hoofed, Dietmar Post, Play Loud! Productions]"}, "425": {"gemma": "[Beast Is the B2ST, Cube Entertainment, Korean language, The Winter's Tale (EP), Extended play, Remember That (EP)]"}, "426": {"gemma": "[Cizeta, Giorgio Moroder, Danger Zone (song)]"}, "427": {"gemma": "[Martin Balsam, Cape Fear (1962 film), Voices in the Earth]"}, "428": {"gemma": "[George Arliss, Disraeli (1929 film), Warner Bros.]"}, "429": {"gemma": "[Tokyo Express, Charles McMorris, Battle of Cape Esperance]"}, "430": {"gemma": "[CMLL 71st Anniversary Show, Consejo Mundial de Lucha Libre, Arena M\u00e9xico]"}, "431": {"gemma": "[Palestinian Legislative Council, Popular Front for the Liberation of Palestine]"}, "432": {"gemma": "[Poland, Lower Silesian Voivodeship]"}, "433": {"gemma": "[Nasa jungifolia, Loasaceae, Asterids]"}, "434": {"gemma": "[Insect, Animal, Elachista apina, Lepidoptera, Notodontidae, Herbert Druce]"}, "435": {"gemma": "[Jim Marshall (Georgia politician), Princeton University, London, The Worst Witch (1998 TV series), ITV (TV network)]"}, "436": {"gemma": "[Theo J\u00f6rgensmann, Avant-garde jazz, Free improvisation, Live in Sevilla 2000]"}, "437": {"gemma": "[Albion  Michigan, Jerome D. Mack, Karen Mack, Russell Goldsmith]"}, "438": {"gemma": "[National Socialist German Workers' Party, William Joyce, Anglican, Philipp Bouhler, Albert Speer]"}, "439": {"gemma": "**Diameter:** 2\n\n**Path:** [Bolivia, Andes, Antofalla]"}, "440": {"gemma": "[Friedrich Lindenberg, Operation Barbarossa, Battle of France, August Koch, Knight's Cross of the Iron Cross]"}, "441": {"gemma": "[Dead Man's Party (Buffy the Vampire Slayer), Anne (Buffy the Vampire Slayer episode), Kristine Sutherland]"}, "442": {"gemma": "**Diameter:** 2\n\n**Path:** [Contenders (song), Virgin Records, Nothing Changes Around Here]"}, "443": {"gemma": "**Diameter:** 2\n\n**Path:** [Soviet Union, Vitali Prokhorov, Andriy Tovt]"}, "444": {"gemma": "[CNN, Emmy Award, Jonathan Karl, Jake Tapper]"}, "445": {"gemma": "[Insect, Cychrus attenuatus, Cychrus, Carabinae, Senegalisia]"}, "446": {"gemma": "[Siebenrockiella, Cryptodira, Chinese box turtle]"}, "447": {"gemma": "**Diameter:** 2\n\n**Path:** [Pittsburgh Power, Paul Edinger, Chicago Bears]"}, "448": {"gemma": "[Buffalo Commercial Bank, Private company, Enwave]"}, "449": {"gemma": "[Bengaluru, Vijay Raghavendra, Khushi (2003 Kannada film), Prakash (film director)]"}, "450": {"gemma": "[Dino Stamatopoulos, TV Funhouse, Saturday Night Live, Sports Show with Norm Macdonald]"}, "451": {"gemma": "[Roman Catholic Diocese of Sosnowiec, Poland, Alfred Budner]"}, "452": {"gemma": "[Government, Felipe Amoedo, Catholicism]"}, "453": {"gemma": "[1976 Annual World's Best SF, Science fiction, Escape!]"}, "454": {"gemma": "[Marieke (album), Jacques Brel, Seasons in the Sun, Philips Records]"}, "455": {"gemma": "**Diameter:** 2\n\n**Path:** [Rockwell Kent, Lenin Peace Prize, Oscar Niemeyer]"}, "456": {"gemma": "[Debbi Morgan, Color of the Cross, Conan the Barbarian (1982 film)]"}, "457": {"gemma": "[The Bone Forest, Lavondyss, Mythago Wood, Robert Holdstock]"}, "458": {"gemma": "[John Butler (musician), Maton, Tim Rogers (musician)]"}, "459": {"gemma": "[Bronislav \u010cervenka, List of Azerbaijan football transfers summer 2012, P\u0101vels Doro\u0161evs]"}, "460": {"gemma": "[Allan McDonald (Australian politician), Australia, Wangaratta, Isobelle Carmody]"}, "461": {"gemma": "**Diameter:** 2\n\n**Path:** [Wiesbaden, Carl Remigius Fresenius, University of Gie\u00dfen]"}, "462": {"gemma": "**Diameter:** 2\n\n**Path:** [Qazanlu, West Azerbaijan Province, Kakusan]"}, "463": {"gemma": "**Diameter:** 2\n\n**Path:** [Henrik Ibsen, A Master Builder, Jonathan Demme]"}, "464": {"gemma": "[French Navy, Louis-Philippe de Vaudreuil, Jacques F\u00e9lix Emmanuel Hamelin]"}, "465": {"gemma": "[Boise  Idaho, Brett Nelson, Indie rock]"}, "466": {"gemma": "[Animal, Arthropod, Adephaga]"}, "467": {"gemma": "[Mavic, France, Operation Castor, 6th Marine Infantry Parachute Regiment, Marcel Bigeard]"}, "468": {"gemma": "[1930-31 SK Rapid Wien season, Eduard Bauer, 1928-29 SK Rapid Wien season]"}, "469": {"gemma": "[Six60 (album), Tiki Taane, Drum and bass, Breakbeat Era]"}, "470": {"gemma": "[Giuseppe Orlandini, Florence, France, Saint-Pierre-du-Chemin]"}, "471": {"gemma": "[Hormozgan Province, Iran, Bandar Lengeh County, Sharbati]"}, "472": {"gemma": "[Virovitica, Croatia, Zagreb, Tomislav Iv\u010di\u0107]"}, "473": {"gemma": "[EA Guingamp, Mathieu Scarpelli, Michel Rio (footballer)]"}, "474": {"gemma": "**Diameter:** 2\n\n**Path:** [Joseph Patrick Moore, Jazz, Ibrahim Maalouf]"}, "475": {"gemma": "[Gillingham F.C., Dave McEwen, Tottenham Hotspur F.C., Striker (football)]"}, "476": {"gemma": "[Research and Development, Digital Surf, Private company, Arms industry, Feinwerkbau]"}, "477": {"gemma": "[Sunao Kasahara, List of Japanese football transfers winter 2014\u201315, Japan, Shigeko Higashikuni]"}, "478": {"gemma": "[Ruby Wax, Ed Bye, Vicious (TV series)]"}, "479": {"gemma": "[Democratic Party (United States), Preston Leslie]"}, "480": {"gemma": "[Emmanuel Baba, PFC Spartak 1918, Midfielder]"}, "481": {"gemma": "[Iran, Qaleh Emam, Iran Standard Time, Basadi-ye Hajj Barun]"}, "482": {"gemma": "[England, Goddard Lieberson, Manhattan New York]"}, "483": {"gemma": "**Diameter:** 2\n\n**Path:** [Conversation tart, Dessert, Mississippi mud pie]"}, "484": {"gemma": "[Amazing Stories (TV series), Anthology series, The Nightmare Room, Adventure]"}, "485": {"gemma": "[Stade Mohamed V, Morocco national under-17 football team, Nabil Jaadi, Ali Yasar, Defender (association football), Mohamed El Bouazzati, Morocco national under-17 football team]"}, "486": {"gemma": "[Huang Shin-chieh, Taiwan under Japanese rule, Hsu Hsin-liang]"}, "487": {"gemma": "[Jim Varney, Jerry Van Dyke, Annabelle's Wish]"}, "488": {"gemma": "[Chevrolet TrailBlazer, Rear-wheel drive, Buick Rainier, Buick Envision]"}, "489": {"gemma": "[Chase Rice, Ignite the Night, Ready Set Roll, Sony Music Nashville]"}, "490": {"gemma": "[Ardestan County, Iran, Iran Standard Time]"}, "491": {"gemma": "[M. B. Sreenivasan, Anantaram, Ashokan (actor)]"}, "492": {"gemma": "[Derek Muller, University of Sydney, Los Angeles, David Warren (inventor), University of Melbourne]"}, "493": {"gemma": "[Stonewall Jackson, Mary Anna Jackson, Lincoln County North Carolina]"}, "494": {"gemma": "[William Jackson Hooker, Liatris punctata, Paphiopedilum druryi, Plantae, Asparagales, Paphiopedilum]"}, "495": {"gemma": "[Paul Demi\u00e9ville, \u00c9douard Chavannes]"}, "496": {"gemma": "[Livingston F.C., Roddy McKenzie, Willie MacFarlane (footballer  born 1930), Hawick Royal Albert F.C.]"}, "497": {"gemma": "[Lira  Uganda, Sam Engola, Uganda]"}, "498": {"gemma": "[Laura Betti, Italy, Casalecchio di Reno, Unipol Arena]"}, "499": {"gemma": "[North Kingstown  Rhode Island, Daniel Littlefield, Republican Party (United States), Herbert W. Ladd]"}}