{"0": {"gemma": "[Veronica Garcia, Katherine Brennan, Angel Chavez, Steven Martin, Brett Johnson, Julia Dominguez, Rachel Mitchell]"}, "1": {"gemma": "[Michelle Nelson, Kevin Brooks, Eric Davis, Toni Suarez]"}, "2": {"gemma": "[Briana Bush, Jeffery Sanford, Christopher Decker, Mark Johnson, Shawn Grant]"}, "3": {"gemma": "[Monica Watkins, Cheryl Ellis, Dr. Nicholas Fleming DDS, Samantha Dickerson, Cesar Byrd]"}, "4": {"gemma": "[Carolyn Hall, Judith James, Russell Russell, Jessica Alexander, Curtis Meza, Anne Cooper, Roger Martin]"}, "5": {"gemma": "[Jessica Sullivan, Valerie Patrick, Kathryn Castillo, Chad Stewart, Shelly White, Kendra Miller]"}, "6": {"gemma": "[Elizabeth Davenport, Thomas Duncan, Elizabeth Vargas]"}, "7": {"gemma": "[Shelby Saunders, Robin Gray, Christina Marshall, Greg Kirk, Isabella Pratt, Kimberly Brown, Edward Tucker, Stephen Edwards, Susan Cole, Jennifer Roy, William Chen]"}, "8": {"gemma": "[Kristi Morris, Michael Schwartz, Diane Humphrey, Tricia Wall, Daniel Rosario]"}, "9": {"gemma": "[David Jones, Melanie Santiago, Renee Mitchell, Tanya Sanchez, Zachary Weber, Haley Dawson]"}, "10": {"gemma": "[Joshua Thomas, Rachel Frank, Michael Johnson, John Schultz, Morgan Barnes, Savannah Johnson, Jonathan Gonzalez, James Bowers, Kevin King, Peter Tapia]"}, "11": {"gemma": "[Carl Robinson, Kevin Bowen, Guy Gonzalez, Jason Salinas, Vincent Martinez, Rebecca Murray, Dr. Olivia Juarez, Justin Henry]"}, "12": {"gemma": "[Margaret Morris, Barbara Garcia MD, Michael Hernandez, Natasha Robinson, Amy Gentry, Deborah Bates, Dominique Rodriguez]"}, "13": {"gemma": "[Dr. Elizabeth Sullivan, Brian Wright, Haley Berry, Derek Morales]"}, "14": {"gemma": "[Robert Bell, Ashley Williams, Stephanie Collier, Patrick Hoffman]"}, "15": {"gemma": "[Joseph Bowman, Marilyn Simmons, Shelley Jones, Michael Stevens, Troy Butler]"}, "16": {"gemma": "[Ronald Cervantes, Mr. Matthew Christian, Paul Davis, Courtney Willis, Jeffery Smith, Karen Lee]"}, "17": {"gemma": "[Kelsey Elliott, Jose Alexander, Susan Greene, Matthew Ball, Patrick Higgins, Richard Conrad, Michael Young, Derrick Jackson Jr., Tony Alvarez]"}, "18": {"gemma": "[Glenn Young, Crystal Campbell, Anna Green, Eric Coleman]"}, "19": {"gemma": "[Juan French, Tracy Bauer]"}, "20": {"gemma": "[Cynthia Kirk, Christina Li, Jack Alexander, Maurice Miller, Jordan White]"}, "21": {"gemma": "[John Brown, Yvonne Bailey, Zachary Cannon]"}, "22": {"gemma": "[Heather Barrett, Wendy Williams, Zachary Potter, Amy Watson]"}, "23": {"gemma": "[Heidi Kennedy, Joseph Martinez, Robert Mullins, Kristen Gutierrez, Mitchell Roberts]"}, "24": {"gemma": "[Jonathan Santiago, Kristen Gardner, Daniel Jenkins]"}, "25": {"gemma": "[Christopher Williams, Elizabeth Jones, Courtney Mckinney, Nathan Lester, Lauren Phillips, Benjamin Walker, Maria Lam, Alyssa Johnson, Nicholas Atkins]"}, "26": {"gemma": "[Steven Mills, Chad Olson, Derek Payne, Caitlin Bond]"}, "27": {"gemma": "[Mary Reynolds, Bryan Smith, Katelyn Watson, Michelle Walker]"}, "28": {"gemma": "[Lisa Henry, John Ward, Michael Lee, Haley Gibson]"}, "29": {"gemma": "[Gabrielle Day, Andrew Williams]"}, "30": {"gemma": "[Mark Thompson, Jill Brady, Jonathan Browning]"}, "31": {"gemma": "[Susan Moreno, James Kline, Jessica Crane, Justin Washington, Cameron Russell]"}, "32": {"gemma": "[Monica Stokes, Amber Andrews, Kenneth Powell, Sandra James, Gloria Galvan]"}, "33": {"gemma": "[Sarah Estrada, Brianna Anderson, Richard Kelley]"}, "34": {"gemma": "[Jasmine Quinn, Eric Miller, Amber Nelson, Andrew Evans, Michael Thompson]"}, "35": {"gemma": "[Lisa Boone, Tiffany Martinez, Kelly Carpenter, Brittany Hughes, Patricia Sullivan]"}, "36": {"gemma": "[Logan Sosa, Alyssa Arnold, Kathleen Murray, Brian Liu, William Powell]"}, "37": {"gemma": "[Laura Obrien, Lori Cohen, Kyle Estrada, Julie Frazier, Luis Webb, Kathleen Brown, Andrea Miller MD, Tiffany Mcdonald, Jeff Smith]"}, "38": {"gemma": "[Amy Garcia, Scott Herrera, Stacy Hernandez, Meagan Pierce]"}, "39": {"gemma": "[Jessica Martinez, Lisa Hernandez, Michael Patrick, Adam Gross]"}, "40": {"gemma": "[Cole Thompson, Jason Morales, Darius Stevens, Jamie King, Andrea Willis, Brian Perez, Corey Carter]"}, "41": {"gemma": "[William Walker, Tracy Brady, Michelle Gonzalez, Lauren Griffith, Madeline Wiggins]"}, "42": {"gemma": "[Lynn Weaver, Blake Long, Stacy Mahoney, Shawn Jones, Stephen Riggs, Ricardo Harris, Christopher Smith, Johnathan Nicholson]"}, "43": {"gemma": "[Michelle Vasquez, Scott Bryant, Christina Cantu]"}, "44": {"gemma": "[Chelsea Bryant, Laura Johnson, Nicole Nelson, Brittany Dyer, Dwayne West, Austin Mcknight, Jeremy Brown]"}, "45": {"gemma": "[Barry Fuentes, Maria Johnson, Kevin Miller, Tyler Perkins, Melinda Fisher]"}, "46": {"gemma": "[Damon Miller, Seth Alexander]"}, "47": {"gemma": "[Andrew Miller, Robert Johnston, Corey Benjamin, Jonathan Thompson]"}, "48": {"gemma": "[Haley Gomez, Crystal Johnson, Jason Barker]"}, "49": {"gemma": "[Christopher Stephens, Joyce Hanson, Amanda Estrada, Megan Campbell, Glenda Harvey]"}, "50": {"gemma": "[Tiffany Thomas, Michael Powell, Ian Henry, Susan Bowen, Craig Shaw, Carly King, Jennifer Lawrence, Joshua Evans, Kathy Peterson, Justin Wilson IV]"}, "51": {"gemma": "[Samuel Patel, Cheyenne Peterson, Nicholas Wilkerson, Jennifer Koch]"}, "52": {"gemma": "[Katherine Chung, Debra Rosales, Mark Mason, Rebecca Harrington, William Hill, Jacqueline Parker, Kathy Robinson]"}, "53": {"gemma": "[Catherine Stewart, Sarah Vaughan, Amy Hill]"}, "54": {"gemma": "[Andres Hall, Stephen Valentine, Jennifer Owens, Annette Edwards, Aaron Thornton, Mark Greer, Gary Mills, Deanna Scott, Kathy Tran, Daniel Knox]"}, "55": {"gemma": "[Christopher Shaw, Anthony Thompson, Gordon Thomas, Angela Smith]"}, "56": {"gemma": "[Marissa Watson, Jason Wilson, Amy Jones]"}, "57": {"gemma": "[Elizabeth Cruz, Justin Baxter, Wanda Smith, Anthony Dean, Chad Wilson, Betty Whitaker DDS]"}, "58": {"gemma": "[Michael Page, Steven Peterson, Antonio Olson, Veronica Hunter, Brian Peterson]"}, "59": {"gemma": "[Amanda Garcia, Ethan Walter, Terry White, Ray Morris, Linda Wong, Chelsea Williams]"}, "60": {"gemma": "[Crystal Underwood, Mr. Scott Mendoza, Christopher Coleman, Justin Walsh, Michael Johnson]"}, "61": {"gemma": "[Mark Hooper, Randy Ward, Travis Brandt DVM, Mike Santos, Jennifer Berg, Joshua Anderson, Sherri Jones, Anthony Perez]"}, "62": {"gemma": "[Matthew Holmes, Brian Wheeler, Tara Lester, Jamie Strickland, Vincent Burke, Maria King, Jeffrey Parker MD, Mr. Harry Larsen]"}, "63": {"gemma": "[Toni Calhoun, Tonya Russell, Laura Bailey, Ms. Bethany Waller]"}, "64": {"gemma": "[Angela Grant, Danielle Fox, Emily Johnson, Peggy Perry]"}, "65": {"gemma": "[Catherine Miller, Hannah Randall, Stephanie Mueller, Tammy Martinez]"}, "66": {"gemma": "[Regina Simmons, Vincent Harris, Michael Stanton, Mark Sims, Rachel Collins]"}, "67": {"gemma": "[Ann Roberts, Sara Lewis, Sheri Rowe, Garrett Hinton, Dustin Valdez DDS]"}, "68": {"gemma": "[Kim Roberts, Steven Lee, Matthew Ballard, David Lee, Charles Long]"}, "69": {"gemma": "[Sean Hall, Heather Torres, Jared Smith, Ann Hernandez]"}, "70": {"gemma": "[Colleen Lee, Richard Soto, Timothy Stewart, Destiny Ramos, John Ali]"}, "71": {"gemma": "[Aaron Burke, Regina Simmons, Robert White, April Robertson, Anthony Jones, Michelle Davis, Brian Fernandez, Paul Mccoy, Chad Taylor, Christine Dixon, Jimmy Aguilar]"}, "72": {"gemma": "[Cindy Bennett, Matthew Harvey, Thomas Dougherty, Benjamin Dennis, Samantha Bruce, Susan Ward]"}, "73": {"gemma": "[Melissa Bauer, Samantha Baker, Nicole Moreno, Belinda Orozco, Betty Robinson, Lauren White]"}, "74": {"gemma": "[Lauren Thomas, Andrea Barajas, Brandi Evans, Steven Haynes, Erika Davis]"}, "75": {"gemma": "[Sherry Ward, Jennifer Harrell, Anthony Rocha]"}, "76": {"gemma": "[Pamela Burgess, Donald Ramsey, Christine Walker]"}, "77": {"gemma": "[Brandon Webster, Corey Bullock, Angela Carr, Thomas Carroll, Crystal Koch]"}, "78": {"gemma": "[Anna Adams PhD, Brian Garcia, David Taylor]"}, "79": {"gemma": "[Christopher Mercer, Pamela Lee, Peter Wheeler, Jason Morgan, Robert Gomez]"}, "80": {"gemma": "[Jessica Hicks, Morgan Thompson]"}, "81": {"gemma": "[Ruben Randall, Thomas Steele, Jennifer Richardson]"}, "82": {"gemma": "[Andrea Stevenson, Anna Haynes, David Anderson, Andrew Huynh, Ryan Smith]"}, "83": {"gemma": "[Hector Mckinney, James Russell, Ryan Holmes, Alexis Thomas]"}, "84": {"gemma": "[Joseph Carter PhD, Christopher Rodriguez, Kristy Sanders]"}, "85": {"gemma": "[Gina Nunez, Matthew Flores, Kristin Chapman, Nicole Santiago]"}, "86": {"gemma": "[Steven White, Joseph Day, Christopher Whitaker, Ellen Ross, Jorge Anthony, Michael Perry]"}, "87": {"gemma": "[Julia Oneill, Michael Green, Mary Williams, Melissa Wilcox, Randy Jones, Sarah Powell, Ricardo Harris, Ryan Beck, Rodney Baker, Anne Payne]"}, "88": {"gemma": "[Gregory Salinas, Jennifer Anderson MD, Kevin Rogers]"}, "89": {"gemma": "[Justin Horton, Lauren Thomas, Sheila Peters, Nathan Jones, Jessica Rogers, Thomas Brown, Laurie Patterson, Allison Simpson, Edward Davis]"}, "90": {"gemma": "[Regina Hill, Jeremy Choi, Erin Holt, Ruben Buck, Kenneth Harding]"}, "91": {"gemma": "[Michelle Kramer, Tyrone Kelley, Kelly Dominguez, Jessica Bennett]"}, "92": {"gemma": "[Heather Williams, Matthew Ryan, Wendy Huffman, Janice Little, Anthony Tyler]"}, "93": {"gemma": "[Timothy Torres, Barbara Walters, Bruce Graves, Jessica Taylor, Denise Harrington]"}, "94": {"gemma": "[Mr. Steven Arnold, Robert Hamilton, Jose Peters, Brittney Murphy]"}, "95": {"gemma": "[Alexandra Morales, Kelly Carson]"}, "96": {"gemma": "[Eric Sims, Shannon Barr, Michelle Simon]"}, "97": {"gemma": "[Lauren James, Brittany Sweeney, Tony Mcbride, Melvin Torres, Jane Green, Ms. Erin Mendoza]"}, "98": {"gemma": "[Mr. Christopher Taylor, Donna Jenkins, Jeffery Kane, Jennifer Duncan]"}, "99": {"gemma": "[Kaitlin Baker, Michael Garcia, Mary Jones, Sandra Mcguire]"}, "100": {"gemma": "[Jared Robles, Angel Sherman, Jessica Chavez, Amy Moore, Tyler Saunders MD, Benjamin Schroeder, Mrs. Jennifer Gregory]"}, "101": {"gemma": "[Brooke Sanchez, Mariah Smith, Michael Roman, Ray Sweeney, Steven Freeman, Sandy Mclaughlin, Christopher Anderson]"}, "102": {"gemma": "[Jason Macias, Victoria Kidd, Lindsey Wolf, Kim Ward, Sherry Sanders, Julia Jones, Fernando Gallegos]"}, "103": {"gemma": "[Ryan Sanchez, Jenna Farley, Derek Lopez, Gina Cruz, Chase Cohen, Michael Stein]"}, "104": {"gemma": "[Jennifer Walker, John Frost, Mary Rasmussen, David Jones, Mr. Matthew Christian, Timothy Sanchez, Christy Adams]"}, "105": {"gemma": "[Jerry Bowman, Nicole Henry, Eric Daniels, Anne Salas, Ashley Davis, Kayla May, Jeremy Green]"}, "106": {"gemma": "[Rebecca Gray, Lynn Cervantes, Larry Martinez, Jamie Carpenter, Manuel Lynch]"}, "107": {"gemma": "[Frank Mason, Steven Miller, Theresa Schultz]"}, "108": {"gemma": "[Robert Lewis, Erika Coleman, Kathleen Williams, Jenna Green]"}, "109": {"gemma": "[Brandy Mathis, Michael Roberts, Timothy Gonzalez, Jonathan Brown, Stephen Hess]"}, "110": {"gemma": "[Sandra Miller, Kelsey Mcgee, Patricia Miller, Bryan Stewart, John West, Tiffany Rowland]"}, "111": {"gemma": "[Kimberly Warren, Gene Bennett, Vincent Moore]"}, "112": {"gemma": "[Kimberly Reed, Robert Day, Chelsea Morrow, Johnny Thompson, Cameron Roberts, Samantha Harding]"}, "113": {"gemma": "[Sarah Nelson, Paul Robinson]"}, "114": {"gemma": "[Benjamin Johnson, Zachary Moore, Amanda Walker]"}, "115": {"gemma": "[Daniel Ellis, Matthew Schroeder, Jose Hamilton, Rebecca Sosa, Shannon Sanchez, Andrew Robertson, Lisa Rice, Christine Collins, Wendy Taylor, Sherry Ford, Patricia Walker]"}, "116": {"gemma": "[Jamie Oliver, Jessica Patel DDS, Brianna Jackson, William Collins, Martin Parker, Charles Sloan, Audrey Sharp, Steven Schaefer, Mr. Joseph Mcclure Jr.]"}, "117": {"gemma": "[Barbara Warren, Mackenzie Adams, Jason Brown, Amanda Davis, Lindsay Smith, Michael Bishop]"}, "118": {"gemma": "[Gary Leon, Valerie Taylor, Michael Young]"}, "119": {"gemma": "[Ryan Lloyd, Debra Weiss, Melanie Kelly, Patrick Romero]"}, "120": {"gemma": "[Sara Ramirez, Samantha Woodard, Brian Werner, Anthony Wilson]"}, "121": {"gemma": "[Matthew Lawrence, Jordan Morgan MD, Michael Arroyo, Malik Harris, Krista Shields]"}, "122": {"gemma": "[Cynthia Smith, Jason Sanders, Nancy Lawrence, Anna Sullivan, Lori Chavez]"}, "123": {"gemma": "[Anthony Elliott, Mr. Thomas Ayala, Jessica Matthews, Pamela Johnson, Mark Elliott, Timothy Nunez, Emily Brock, Joseph Smith]"}, "124": {"gemma": "[Samuel Bell, Frank Brown, Carlos Kelly, Benjamin Wagner, Sara Shelton]"}, "125": {"gemma": "[Danielle Briggs, George Jimenez, Brandon Andrade, David Cook, Mark James, James Jackson, Deborah Wright, Jill Page]"}, "126": {"gemma": "[Craig Collins, Kiara Johnson, David Martin]"}, "127": {"gemma": "[Lee Jennings, Kim Griffith, Jonathan Rowe, Carolyn Rogers, Michelle Smith]"}, "128": {"gemma": "[Kristen Burns, Amanda Kidd, Evan Wright, Joshua Rivers]"}, "129": {"gemma": "[Steven Arias MD, Ashley Caldwell, Calvin Watson]"}, "130": {"gemma": "[Cheyenne Zamora, Sean Young, Justin Walsh]"}, "131": {"gemma": "[Amber Gillespie, Michael Baker, Joshua Kane, Victoria Williamson, Craig Murphy MD]"}, "132": {"gemma": "[Adam Sharp, Courtney Miller, Tyler Patterson, Jill Smith]"}, "133": {"gemma": "[Charles Hill, Amber Warren, Ray Lara, Caitlin Ballard, Jodi Davis, William Hernandez]"}, "134": {"gemma": "[Richard Solis, Robert Fitzgerald, Kyle Best]"}, "135": {"gemma": "[Sharon Williamson, John Davis, Sarah Smith, Amanda Lucero, Anthony Daniel, Andrew Price, Shane Bowers, Jordan Downs, Timothy Moore]"}, "136": {"gemma": "[Bradley Roberts, Alexis Thomas, Vincent Fisher]"}, "137": {"gemma": "[Micheal Clark, Jodi Smith, Shawn Kline]"}, "138": {"gemma": "[Brittany King, Chelsea Nguyen, Christopher Scott, Cristina Young, Gary Harris]"}, "139": {"gemma": "[Debbie Yates, Penny Kelley, Ryan Rodriguez, Antonio Singleton, Jesse Johnson, Stephanie Cortez, Mary Campbell]"}, "140": {"gemma": "[Courtney Escobar, Grant Murray, Edward Rangel, James Ware, Laura Lang]"}, "141": {"gemma": "[Noah Decker, Jonathan Beasley, Ashley Collins]"}, "142": {"gemma": "[Susan Jennings, Joseph Wells, Lynn Hardy, Jessica Hawkins, Jacqueline Perry, Mary Scott]"}, "143": {"gemma": "[Susan Gomez, Jessica Brewer, Evelyn Franklin, Ryan Anderson, Jeffrey Yang, Mrs. Teresa Ward DDS]"}, "144": {"gemma": "[Lisa Douglas, Spencer Dean, Michelle Williams, Maurice Francis]"}, "145": {"gemma": "[David Dalton, Travis Swanson, Alisha Clarke, Rebecca Randall]"}, "146": {"gemma": "[Matthew Irwin, Stacey Owens, Alex Jones, William Lee]"}, "147": {"gemma": "[Lee Espinoza, Margaret Murphy, Steven Fox, Sean Hunter, Theresa Scott, Henry Lee, Michael Harmon, James Brown]"}, "148": {"gemma": "[Dylan Foster, Devon Morgan, Lindsay Hughes, Emily Collins, Joseph Williams]"}, "149": {"gemma": "[Mark Payne, Ashley Gray, Amanda Thomas, Roberta Smith, Tyler Keller]"}, "150": {"gemma": "[Peter May, Brandon Tucker, Dana Roberts, Leah Mahoney]"}, "151": {"gemma": "[Corey Rogers, Sara Jones, Kyle Davila, Philip Shepherd]"}, "152": {"gemma": "[Terry Weber, Sharon Garza, Tony Willis, Rebecca Norman]"}, "153": {"gemma": "[Maria Luna, David Barber, Rebecca Jones]"}, "154": {"gemma": "[Kristen Douglas, Michael Gay, Gina Anderson]"}, "155": {"gemma": "[Gregory Summers, Joseph Mcguire, Stephanie Cordova, Jennifer Hurst, Darlene Boone, Amber Thompson, Alyssa Rodriguez DVM, Charles Davis, Perry Holt]"}, "156": {"gemma": "[Amy Smith, David Robbins, Richard Santana, Vincent Green, William Paul]"}, "157": {"gemma": "[Elizabeth Hurst, Charles Meyer, Anthony Nguyen, Amy Odonnell, Diane Jimenez, Mrs. Marcia Macias DDS, Jodi Gibson, Deborah Bowman, Dalton Morrison]"}, "158": {"gemma": "[Dana Harrison, Gabriel Odonnell, Ashley Bell, Christopher Ramirez, Bethany Price]"}, "159": {"gemma": "[Ryan Foster, Sergio Shaw, Jacqueline Cochran, John Savage, Christina Singh, Holly Smith, Nicole Young, Mark Barnes]"}, "160": {"gemma": "[Dorothy Miller, Julie Pearson, Ashley Garcia, Ruben Simmons, Nancy Scott, Brittney Fernandez, Mary Jackson, Kathy Warner, Chelsea Mitchell, Jon Marshall, Elizabeth Kirk, Danielle Griffin]"}, "161": {"gemma": "[Tammy Burgess, James Aguirre, Anthony Kelley, Sarah Morales]"}, "162": {"gemma": "Error!"}, "163": {"gemma": "Error!"}, "164": {"gemma": "Error!"}, "165": {"gemma": "Error!"}, "166": {"gemma": "Error!"}, "167": {"gemma": "Error!"}, "168": {"gemma": "Error!"}, "169": {"gemma": "Error!"}, "170": {"gemma": "Error!"}, "171": {"gemma": "Error!"}, "172": {"gemma": "Error!"}, "173": {"gemma": "Error!"}, "174": {"gemma": "Error!"}, "175": {"gemma": "Error!"}, "176": {"gemma": "Error!"}, "177": {"gemma": "Error!"}, "178": {"gemma": "Error!"}, "179": {"gemma": "Error!"}, "180": {"gemma": "Error!"}, "181": {"gemma": "Error!"}, "182": {"gemma": "Error!"}, "183": {"gemma": "Error!"}, "184": {"gemma": "Error!"}, "185": {"gemma": "Error!"}, "186": {"gemma": "Error!"}, "187": {"gemma": "Error!"}, "188": {"gemma": "Error!"}, "189": {"gemma": "Error!"}, "190": {"gemma": "Error!"}, "191": {"gemma": "Error!"}, "192": {"gemma": "Error!"}, "193": {"gemma": "Error!"}, "194": {"gemma": "Error!"}, "195": {"gemma": "Error!"}, "196": {"gemma": "Error!"}, "197": {"gemma": "Error!"}, "198": {"gemma": "Error!"}, "199": {"gemma": "Error!"}, "200": {"gemma": "Error!"}, "201": {"gemma": "Error!"}, "202": {"gemma": "Error!"}, "203": {"gemma": "Error!"}, "204": {"gemma": "Error!"}, "205": {"gemma": "Error!"}, "206": {"gemma": "Error!"}, "207": {"gemma": "Error!"}, "208": {"gemma": "Error!"}, "209": {"gemma": "Error!"}, "210": {"gemma": "Error!"}, "211": {"gemma": "Error!"}, "212": {"gemma": "Error!"}, "213": {"gemma": "Error!"}, "214": {"gemma": "Error!"}, "215": {"gemma": "Error!"}, "216": {"gemma": "Error!"}, "217": {"gemma": "[Andrew Roberts, Anthony Lynch, Andrew Bryant, Pamela Jones, James Collins, Tara Morse, Amy Jones]"}, "218": {"gemma": "[Harry Smith, Michael Maddox, Daniel Nicholson, Anthony Bryan, Jessica Bishop, Shannon Mendez, Ricardo Lee]"}, "219": {"gemma": "[Daniel Hunter, Katherine Gomez, Kevin Turner]"}, "220": {"gemma": "[Brian Barrera, Rebecca Rhodes, Sean Torres, Frank Howard, Christina Singleton, Shannon Patel]"}, "221": {"gemma": "[Erin Guerra, Lisa Taylor, Sandra Anderson, David Gonzales, Jonathan Benitez, Janet Beltran, Heather Thompson, Beth Vega, Joel Dalton, Susan Mitchell DDS, Colton Guzman, Misty Beck]"}, "222": {"gemma": "[Crystal Chavez, Joseph Parker, Martin Gallegos, Adam Brewer, Brent Lewis Jr.]"}, "223": {"gemma": "[Danielle Pearson, Richard Mccarty, John Cain, Nicholas Heath, Kimberly Bolton, Robert Villanueva, Steven Hart, Mr. Joshua Shaw, Bryan Foster, David Warner]"}, "224": {"gemma": "[Michael Moore, Katherine Dunn, Theresa Bradshaw, Stephanie Salinas, Douglas Zavala, Brian Murray, Jeffrey Garcia, Jessica Curtis, Teresa Jordan, Madison White MD, Lisa Smith]"}, "225": {"gemma": "[Melissa Hawkins, Tracy Richardson, Jason Jenkins]"}, "226": {"gemma": "[Ryan Cameron, Michelle Medina, Ethan Thompson, Carrie Walsh, Marc Merritt]"}, "227": {"gemma": "[Phillip Simon, Mr. Thomas Villarreal, Darren Powers, Kim Lloyd, Abigail Turner, Daniel Rowland, Kathleen Hopkins, Daniel Lynch]"}, "228": {"gemma": "[Antonio Sims, Julian Harmon, Jennifer Lopez, John Johnson, Elizabeth Gonzalez]"}, "229": {"gemma": "[Diane Hansen, Daniel Estrada, Matthew Beck]"}, "230": {"gemma": "Error!"}, "231": {"gemma": "Error!"}, "232": {"gemma": "Error!"}, "233": {"gemma": "Error!"}, "234": {"gemma": "Error!"}, "235": {"gemma": "Error!"}, "236": {"gemma": "Error!"}, "237": {"gemma": "Error!"}, "238": {"gemma": "Error!"}, "239": {"gemma": "Error!"}, "240": {"gemma": "Error!"}, "241": {"gemma": "Error!"}, "242": {"gemma": "Error!"}, "243": {"gemma": "Error!"}, "244": {"gemma": "Error!"}, "245": {"gemma": "Error!"}, "246": {"gemma": "Error!"}, "247": {"gemma": "Error!"}, "248": {"gemma": "Error!"}, "249": {"gemma": "Error!"}, "250": {"gemma": "Error!"}, "251": {"gemma": "Error!"}, "252": {"gemma": "Error!"}, "253": {"gemma": "Error!"}, "254": {"gemma": "Error!"}, "255": {"gemma": "Error!"}, "256": {"gemma": "Error!"}, "257": {"gemma": "Error!"}, "258": {"gemma": "Error!"}, "259": {"gemma": "Error!"}, "260": {"gemma": "Error!"}, "261": {"gemma": "Error!"}, "262": {"gemma": "Error!"}, "263": {"gemma": "[James Marquez, Matthew Pierce, Cynthia Johnson, Laura Jenkins]"}, "264": {"gemma": "[Eric Taylor PhD, Rhonda Jimenez, Kevin Mclaughlin, Michael Stein, Alice Silva, Robert Moore, Lisa Lee]"}, "265": {"gemma": "[Mr. Jimmy Garcia, Tracy Wong, Jason Schneider, Carmen Brown, Joseph Hayes]"}, "266": {"gemma": "[John Huffman, Mercedes Powell, James Riley, Traci Woods]"}, "267": {"gemma": "[Dwayne Mason, Christina Torres, Roberto Strickland]"}, "268": {"gemma": "[Maria Wade, Jerry Smith, Bradley Smith, Dustin Acosta, Jon Hoffman, Brent Garcia, Jesse Armstrong]"}, "269": {"gemma": "[David Moore, Deborah Perkins, Antonio Lucas, Julie Escobar]"}, "270": {"gemma": "[Deborah Williams, Ashley James, Brenda Hart, Kenneth Newman, Jorge Lewis]"}, "271": {"gemma": "[Noah Flores, Madeline Morales, Nicholas Mcintyre, Dr. Andrew Thomas, Eric Rowland, Edwin Ross, Justin Hoffman, Catherine Kelley, Michelle Santana, Andrea Thomas, Denise Hernandez]"}, "272": {"gemma": "Error!"}, "273": {"gemma": "Error!"}, "274": {"gemma": "Error!"}, "275": {"gemma": "Error!"}, "276": {"gemma": "Error!"}, "277": {"gemma": "Error!"}, "278": {"gemma": "Error!"}, "279": {"gemma": "Error!"}, "280": {"gemma": "Error!"}, "281": {"gemma": "Error!"}, "282": {"gemma": "Error!"}, "283": {"gemma": "Error!"}, "284": {"gemma": "Error!"}, "285": {"gemma": "Error!"}, "286": {"gemma": "Error!"}, "287": {"gemma": "[Gary Green, Karen Gonzalez, Kelsey Valenzuela, Dr. Maria Johnston, Patricia Page]"}, "288": {"gemma": "[Elizabeth Mcdowell, Jose Burnett, Allison Sanders, Ryan Richardson, Michael Casey]"}, "289": {"gemma": "[Karen Martin, Sarah Smith, Ellen Christian, Austin Tran, Carrie Richards, Rhonda Ross]"}, "290": {"gemma": "[Zachary Sanchez, Anthony Cook, Jeffrey Wheeler, Hannah Escobar, Victoria Rojas, Meagan Soto, Benjamin Williams, Duane Thompson, Ann Ortiz, Megan Madden, Curtis Allen]"}, "291": {"gemma": "[Christina Garcia, Kelly Lynch, Todd Riddle]"}, "292": {"gemma": "[John Charles, David Chavez, Wendy Huffman, Jennifer Taylor, Cynthia Gonzalez, Angela Klein]"}, "293": {"gemma": "[Jacqueline Williams, Angela Acosta, Kevin Scott, Michael Ferguson]"}, "294": {"gemma": "[Alicia Morgan, Sharon Taylor, Douglas Jimenez]"}, "295": {"gemma": "[Roy Gonzales, Jerome Franco, Christopher Thompson, Marcus Riggs]"}, "296": {"gemma": "[Eric Wood, Michelle Rivera, Barbara Randolph]"}, "297": {"gemma": "[Olivia Patel, Dwayne Lewis]"}, "298": {"gemma": "[Krystal Li, William Miller, Julie Roberts, Michele Meyer, Andrea Smith]"}, "299": {"gemma": "[Anita Pierce, Sharon Rose, Katie Kim, Cindy Morton, Nancy Strong, Steven Brown, Mitchell Perez]"}, "300": {"gemma": "Error!"}, "301": {"gemma": "Error!"}, "302": {"gemma": "Error!"}, "303": {"gemma": "[Steven Wood, Samuel Mcconnell, Karen Johnson]"}, "304": {"gemma": "[Kaitlin Thomas, Alexandra Reeves, Matthew Estrada, Melissa Farley]"}, "305": {"gemma": "[Jessica King MD, Alan Ross, Danielle Carson, Jeffery Williams, Cheryl Kelly, Rachel Villa, Donna Duncan]"}, "306": {"gemma": "[Megan Hart, Jonathan Mitchell, David Terry, Michelle Donovan, Austin Wood, Daniel Morgan]"}, "307": {"gemma": "[Brandon Morris, William Johnson, Scott Carlson, Courtney Smith, Robert Carey]"}, "308": {"gemma": "[Daniel Nunez, Michelle Craig, Laura Hawkins, Dawn Henson, Julie James, Katherine Coleman, Nathaniel Anderson, Tracy Kelly]"}, "309": {"gemma": "[Elizabeth Bailey DDS, Anna Mcdonald, James Owen, Kirk Mckinney, Robert King]"}, "310": {"gemma": "[Stephanie Mullins, Anthony Doyle, Shirley Rowe, Brian Rivera, Mark Baker]"}, "311": {"gemma": "[Sharon Jackson, Erin Orozco, Sara Diaz, Justin Gutierrez, Deborah Downs, Lori Anderson, Tiffany Williams]"}, "312": {"gemma": "[Rachel Griffin, Kayla Washington, Jordan Peterson, Gabrielle Little, Jennifer Perkins]"}, "313": {"gemma": "[Benjamin Williams, Douglas Martin, Caleb Garcia, Kimberly Jones]"}, "314": {"gemma": "[Wendy Green, George Wright]"}, "315": {"gemma": "[Thomas Young, Barbara Haynes, Pamela Powell, Hannah Myers, Terry Lee PhD, Dr. Kimberly Cook DDS]"}, "316": {"gemma": "[Madison Hughes, Sandra Farrell, Dominique Watkins, Derek Taylor, Joanna Simmons, Stacey Snyder, Adrian Williams]"}, "317": {"gemma": "[Katherine Erickson, Edward Fritz, Leslie Garcia, Keith Cox, Bruce Williams, Cynthia Thompson, Amanda Barnett, Shawn Grant]"}, "318": {"gemma": "[Jennifer Lewis, Shelly Garcia, Leah Lane, Mr. Marcus Porter MD, Alexander Roberson, Donna Kelly, Pamela Sims, Clifford Lewis, Drew Meadows]"}, "319": {"gemma": "[William Newman, Amy Joseph, Melissa Jordan, Andrew Cook, Rachel Brown]"}, "320": {"gemma": "[Mark Allen, Samantha Tate, Taylor Baker, Ruth Landry, Andre Dean, Karen Davis, Joann Bradley, Vanessa Black, Karen Solis]"}, "321": {"gemma": "[Angela Nguyen, David Murray, James Powers, Antonio Moore, Jamie Richmond, Gabriel Cole, Sarah Franklin, Samantha Murray]"}, "322": {"gemma": "[John Le, Christopher Durham, Catherine Chavez, James Hicks]"}, "323": {"gemma": "[Sierra Vasquez, Tom Johnston, Jaime Taylor]"}, "324": {"gemma": "[Ian Stewart, Kristina Manning, Denise Miller, Tiffany Santos]"}, "325": {"gemma": "[Alexandra Santiago, Derrick Jones, Jose Bradford, Kathleen Perry, Annette Sanchez, Brian Jones]"}, "326": {"gemma": "[Natasha Weber, Lisa Simpson, Kimberly Morrow, Adam Smith, Rose Moore]"}, "327": {"gemma": "[Mr. Eric Davis, Megan Lopez, Brian Woodard, Michael Bryant, Robert Robinson, Christopher Davis, Amber Wilson]"}, "328": {"gemma": "[Thomas Horne, Jacqueline Davis DVM, Kiara Santana, Mr. William Merritt, Jeremy Clark, Crystal Case, Mary Daniels, Michael Sanchez, Robert Sullivan]"}, "329": {"gemma": "[Kyle Green, Justin Floyd, Olivia Carson, Mike Owen, Brian Wu]"}, "330": {"gemma": "[Brenda King, Rachel Steele, Kenneth Horne, David Lucas, Jeffery Lee, Vanessa Parker, Andrew Marshall, Brandon Edwards, Lisa Foley]"}, "331": {"gemma": "[Shari Leonard, Andrew Berry, Jacob Rivera, Elizabeth Collins, David Sutton]"}, "332": {"gemma": "[Destiny Thompson, Ronald Bailey, Christopher Lowe]"}, "333": {"gemma": "[Brandy Jenkins, Mary Jones]"}, "334": {"gemma": "[Tricia Frey, Kristopher Edwards, Carolyn Wilson, Haley Garza, Michelle Giles]"}, "335": {"gemma": "[Laura Riley, Megan Nelson, Joann Miller, Michael Patterson, Natalie Hensley]"}, "336": {"gemma": "[Jason Johnson, Angela Valdez, Taylor Diaz]"}, "337": {"gemma": "[Christian Trevino, Kristin Mitchell, William Anderson, Ann Johnson]"}, "338": {"gemma": "[Desiree Larson, Alexander Thompson, Scott Brown, Theresa Proctor, Holly Williams]"}, "339": {"gemma": "[Kristen Perez, Craig Peterson, Joshua Galloway, Jennifer Morrow, Kathy Flores, Ann White, John Taylor]"}, "340": {"gemma": "[Jocelyn Daniels, Larry Wheeler, Anthony Costa, Michelle Young, Lauren Johnson, Angela Walsh, Kevin Perez, Kenneth Martin]"}, "341": {"gemma": "[Nancy Calhoun PhD, Nathan Lopez, Kayla Brown]"}, "342": {"gemma": "[Sandra Rodriguez, Adam Boyer, Pamela Brady]"}, "343": {"gemma": "[Mark Carroll, Kimberly Johnston, Alyssa Shepherd, James Rios, Arthur Fritz DDS]"}, "344": {"gemma": "[Jeffrey Ingram, Mark West, Hailey Campbell, Laura Noble, Morgan Riley, Linda Kemp]"}, "345": {"gemma": "[Robert Leon, Jacqueline Black, John Sparks, John Rowland, Kathryn Manning]"}, "346": {"gemma": "[Karen Wang, Jerome Ferguson, Tracy Hawkins]"}, "347": {"gemma": "[Nicole Gill, William Mann, Cody Wheeler, Elizabeth Smith, Tracie Friedman, Christopher Robinson, Katelyn Turner]"}, "348": {"gemma": "[Kristie Jacobs, Johnny Fields, Taylor Hoover, Kathy Cox]"}, "349": {"gemma": "[Matthew Villa, Rebecca Smith MD]"}, "350": {"gemma": "[John Mcdaniel, Christine Moran, Amanda Bryant, Jennifer Castillo]"}, "351": {"gemma": "[Matthew Sanders, Crystal Gomez, Robert Douglas]"}, "352": {"gemma": "[Joshua Cortez, Lauren Williams, Brandon Fox, Jennifer Vaughn, Paul Freeman, Danielle Johnson, Jessica Ross]"}, "353": {"gemma": "[Eugene Berg, Kimberly Lopez, Jennifer Moore, Tonya Johnson]"}, "354": {"gemma": "[Alexandra Daniels, Samantha Anderson, Tyler Horn, Joshua Chandler, Cynthia Johnson, Travis Ayala, Matthew Estrada]"}, "355": {"gemma": "[Samuel Lopez, Kelly Bryant, David Gonzalez, Justin Robles, Gavin Lewis, Kaitlyn Willis]"}, "356": {"gemma": "[Jonathan Bailey, Madison Hogan, Dr. Lee Jackson, Brittany Davis, Jennifer Sims]"}, "357": {"gemma": "[Kimberly Garcia, Michelle Mills, Darren Fernandez, Tracy Lawson, Andrew Soto]"}, "358": {"gemma": "[Valerie Perry, James Butler, Colleen Adams, April Hendrix, Jennifer Scott, Katie Lee, Ryan Webb MD, Charles Valdez]"}, "359": {"gemma": "[Gina Dixon, Kimberly Higgins, Brandon Williams, Wanda Woods]"}, "360": {"gemma": "[Tara Graham, Isaiah Cobb, Edward Carlson, Kayla Brown, William Decker]"}, "361": {"gemma": "[Ryan Phillips, Leslie Wilson, Olivia Cowan, Gary Huerta, Rebecca Sanchez, Debra Butler, Lindsey Mitchell, Tiffany Wilson, Madison Gardner, Harold Liu]"}, "362": {"gemma": "[Jillian Rodriguez, Mr. Kyle Romero DDS, Zachary Mcdaniel, Mark Oconnor, Dr. Michael Cruz, Jonathan Spears, Christopher Herrera, Laura Jimenez MD, Chelsea Galvan, Brian Rangel, David Padilla]"}, "363": {"gemma": "[Tiffany Cox, Denise Johnson, Tasha Whitaker]"}, "364": {"gemma": "[Laurie Smith, Frank Glenn, Daniel Booth]"}, "365": {"gemma": "[Bryan Ho, Kathryn Daniel, Louis Williams]"}, "366": {"gemma": "[Mary Smith, Sandra Lopez, Shawn Marshall, Rita Mcdonald, James Wood, Gary Freeman]"}, "367": {"gemma": "[Joseph Rice, Shawn Yoder]"}, "368": {"gemma": "[Erica Rodriguez, John Harmon, Karen Cook, Bobby George, Maria Greene, Sarah Hobbs, Andrea Arnold, Eric White, Elizabeth Perry, Meagan Johnson]"}, "369": {"gemma": "[April Chan, James Moses]"}, "370": {"gemma": "[John Ayers, Tammy Kelley, James Todd, Jill Matthews, Anna Rodriguez, Courtney Davis, Paul Robertson]"}, "371": {"gemma": "[Brandon White, Julie Mann, Jamie Yang, Anita Williams MD, Susan Freeman, Emily Castillo]"}, "372": {"gemma": "[David Griffith, James Johnson, Brian David, Kim Nelson]"}, "373": {"gemma": "[Cynthia Chaney, Dylan Martinez, John Hudson, William Beltran, David Bailey, Patrick Peterson, Joshua Wong, Fernando Gallegos, Dustin Marsh, Kaylee Rocha]"}, "374": {"gemma": "[Donna Simmons, Sandra Hubbard, Michael Smith, Robert Moore, Jeremy Griffin]"}, "375": {"gemma": "[Timothy Aguilar, Noah Tucker, Eric Robertson, Ashley Williams]"}, "376": {"gemma": "[Steven Koch, Craig Padilla, Anthony Mcdonald]"}, "377": {"gemma": "[Justin Davis, Olivia Taylor, Stacy Gutierrez]"}, "378": {"gemma": "[Ricardo Myers, Courtney Taylor, Mary Smith, Amy Herrera, Patrick Osborn, Anthony Nelson]"}, "379": {"gemma": "[Susan White, Frederick Lopez, Kimberly Moreno PhD, Richard Cruz, Jaime Green, Michael Ramos, Michael Andrews, Eric Hall]"}, "380": {"gemma": "[Stephanie Carter, Jonathan Miller, Felicia Davis, Christopher Adams, Sara Carr, Gregory Holmes]"}, "381": {"gemma": "[Anthony Hoover, Bruce Green, Joseph Howard, Leslie Rodriguez, Tyler Johnson, Joe Andrade]"}, "382": {"gemma": "[Brittany Ross, Gabrielle Martinez, Jacqueline Cochran, Derek Porter, Julie Stevens, Stacey Campbell, Amanda Jenkins]"}, "383": {"gemma": "Error!"}, "384": {"gemma": "Error!"}, "385": {"gemma": "[Joe Turner, Mark Park, Jeremy Berry, Craig Hoover, Philip Vargas]"}, "386": {"gemma": "[Misty Torres, Benjamin Solis, Stacey Thompson, Natalie Brown, Nicholas Reed]"}, "387": {"gemma": "Error!"}, "388": {"gemma": "Error!"}, "389": {"gemma": "Error!"}, "390": {"gemma": "Error!"}, "391": {"gemma": "Error!"}, "392": {"gemma": "Error!"}, "393": {"gemma": "Error!"}, "394": {"gemma": "Error!"}, "395": {"gemma": "Error!"}, "396": {"gemma": "Error!"}, "397": {"gemma": "Error!"}, "398": {"gemma": "Error!"}, "399": {"gemma": "Error!"}, "400": {"gemma": "Error!"}, "401": {"gemma": "[Ebony Huff, Charles Ward, Nicholas Wolf DVM, Jennifer Collins, Angel Kane, Bradley Moreno, Matthew Ramos, John Nolan, Johnathan White]"}, "402": {"gemma": "[John Malone, Melissa Long, Matthew Rangel, Jamie Carter, Andrea Glenn, Carolyn Howell, Robert Pineda, Julie Miller]"}, "403": {"gemma": "[Nathaniel Washington, Crystal Sanders, Julie Hall, Barbara Gonzales]"}, "404": {"gemma": "[Nichole Berger, Nathan Vazquez, Emily Martin, Brandon Greene, John Ballard, David Gamble, Patricia Wright]"}, "405": {"gemma": "[Shawn Kerr, Wyatt Ferguson, Peter Richmond, Peggy Woods]"}, "406": {"gemma": "[Brian Smith, Travis Johnson, Dr. Tyler Johnson, Nancy Bryan]"}, "407": {"gemma": "[Miranda Martinez, Zachary Mora, Rachael Padilla, Jessica Patrick]"}, "408": {"gemma": "[Danny Bridges, Andrea Williams]"}, "409": {"gemma": "[Adam Willis, Becky Campbell, Courtney Willis, Scott Short]"}, "410": {"gemma": "[Courtney Rubio, David Murphy, Kevin Johnson, Lance Palmer]"}, "411": {"gemma": "[Shelly Walker, Curtis Fitzpatrick, Michelle Bolton]"}, "412": {"gemma": "[Randall Bishop, Jordan Grant, Mrs. Cindy Jacobs, Michele Parker, Abigail Wise]"}, "413": {"gemma": "Error!"}, "414": {"gemma": "Error!"}, "415": {"gemma": "Error!"}, "416": {"gemma": "Error!"}, "417": {"gemma": "[Stephanie Clay, Matthew Mills, Laura Reed, Ryan Smith, Holly Goodman, Raymond Lam, Earl Hicks, Allison Travis, Amy Berg, Gregory Banks, Philip King, Bruce Wright, Cory King]"}, "418": {"gemma": "[William Clark, Matthew Murray, Ryan Lawson, Michelle Welch, James White]"}, "419": {"gemma": "[Mr. Patrick Wheeler, Edgar Williams, Patrick Sims, Dr. Leon Roberts Jr., Austin Collins, Randall Gross, Kristine Booker]"}, "420": {"gemma": "[Cynthia Decker, Antonio Anderson, Rachel Reed, Mary Hunter]"}, "421": {"gemma": "[Angel Dawson, Joshua Herman, Christopher Brown, Diana Miles, Joseph Mayer]"}, "422": {"gemma": "[Mr. Joshua Farmer, Karen Nash, Benjamin Rodriguez, Steven Novak, Brian Johnson]"}, "423": {"gemma": "[Richard Dunn, Ronald Estes, Amanda Patterson, Karen Colon, George Williams]"}, "424": {"gemma": "[Beth Parker, Daniel Webster, Joanna Savage]"}, "425": {"gemma": "[Christina Diaz, Ashley Jones, Alyssa Mitchell, Dakota King, Jeffery Garcia, Daniel Brown]"}, "426": {"gemma": "[Nancy Thomas, Mark Carroll, Andrew Collins, Kaitlin Lloyd, Julie Wilson]"}, "427": {"gemma": "[Maria Miller, Tiffany Gray, Mr. Gary Mcdonald MD, Jennifer Robinson, Jesse Stark, Bryan David, Mariah Nelson, Christian Rogers, Ashley Myers, Dennis Shannon]"}, "428": {"gemma": "[Elizabeth Smith, Connor Knight, John Fuller, Autumn Hawkins, Robert Curry]"}, "429": {"gemma": "[Nicholas Reyes, Ronald Howell, Tracy Jones]"}, "430": {"gemma": "[Randy Crawford, Kathy Galvan, Susan Duran, Jamie Aguilar]"}, "431": {"gemma": "[Benjamin Henderson, Christopher Hernandez, Daniel Williams, Todd Mullins, Angel Watkins]"}, "432": {"gemma": "[Katrina Smith, Bonnie Greer, Angela Mcneil]"}, "433": {"gemma": "[Ryan Thomas, Connor Williams, Kerry Chapman, Anthony Williams]"}, "434": {"gemma": "[Jennifer Brown, Cassidy Nelson, David Beasley, John Lewis, Jay Bolton, Taylor Robinson, Nicholas Gregory]"}, "435": {"gemma": "[Michael Anderson, Melissa Hayes, Veronica Stephens, David Page, Terry Howell, Christy Schneider, Ryan Wilson, Madeline Johnson, Kevin Cooper, Jason Davis]"}, "436": {"gemma": "[Curtis Gonzalez, Jessica Johnson, Brandi Hawkins, Alexander Wright IV, Debra Powers]"}, "437": {"gemma": "[Linda Mckay, David Murray, Marc Wiley, Jamie Richmond, Richard Russo, Mr. Robert Ford MD]"}, "438": {"gemma": "[John Davis, Brian Kim, Alexis King, Cesar Fox]"}, "439": {"gemma": "[Susan Stewart, Mitchell Salas, Andrew Hess, Elizabeth Barrett, Patricia Russell]"}, "440": {"gemma": "[Mary Campbell, Brendan Armstrong, Sabrina Martin]"}, "441": {"gemma": "[Evan Griffin, Barbara Fletcher, David Jones, Jessica Hall, Roberta Gay]"}, "442": {"gemma": "[Dr. Kyle Riley, Russell Ford, Elizabeth Terry, Hunter Zimmerman, Linda Stephens]"}, "443": {"gemma": "[Angela Franklin, Jennifer Bowen, Monica Stark, Mark Sanders, Alexis Rice]"}, "444": {"gemma": "[Andrew Sanchez, Mark Bradshaw, Matthew Johnson, Anthony Johnson, Juan Paul, Lori Swanson]"}, "445": {"gemma": "[Allison Olson, Cynthia Jones, Emma Scott]"}, "446": {"gemma": "[Tina Rivera, Maria Lopez, Andrew Lowe, Brian Haley, Judy Yoder]"}, "447": {"gemma": "[Luis Mitchell, Wyatt Brown, Stephen Villa]"}, "448": {"gemma": "[Terry Moody, Joshua Robertson, Justin Gutierrez, April Barker, Mark Burns, Joseph Patel]"}, "449": {"gemma": "[Carolyn Lloyd, Susan Salinas, Jessica Erickson, Denise Joseph, Cynthia Baker, Andrew Anderson]"}, "450": {"gemma": "[Mindy Johnson, Alan Fox, Bryan Holmes, Cody Norris]"}, "451": {"gemma": "[Michelle Johnson, Jennifer Hansen, Heather Smith, Deborah Whitaker, Melissa Archer]"}, "452": {"gemma": "[Haley Pierce, Kelly Orr, Jacob Campbell]"}, "453": {"gemma": "[Jose Wagner, Warren Peck, Gerald Curry, Patricia Burton]"}, "454": {"gemma": "[Kim Castro MD, Ian Rodriguez, Jose Martin, Kristin Morgan]"}, "455": {"gemma": "[Patrick Mason, Amanda Frye, Isaiah Zhang]"}, "456": {"gemma": "[Daniel Smith, Joseph White, Brittany Snyder, Andre Smith, Stephen Rich]"}, "457": {"gemma": "[Kathryn Smith, Amy White, Isabel Heath, David Herman]"}, "458": {"gemma": "[Kevin Cox, John Cohen, Ryan Suarez, Melissa Flores]"}, "459": {"gemma": "[Brittany Young, David Coffey, Jessica Gates, Melissa Williams, Mary Lam, Gary Contreras, Jason Horn, Joshua Salazar, Erica Gordon, Kimberly Roberts, Bethany Klein]"}, "460": {"gemma": "[Peter Schwartz, Christine Saunders, Rebekah Lawson, Debbie Baird, Warren Maynard, Melody Sexton, Jonathan Ross, Sabrina Fitzgerald, Kevin Day, Cindy Russell, Kara Khan, Amanda Anderson]"}, "461": {"gemma": "[Molly Blackwell, Brandon Lewis, Jorge Jones]"}, "462": {"gemma": "[Timothy Peterson, Jeffery Massey, Kathleen Sutton, Ian Sellers, Jenna King, Jill Thompson]"}, "463": {"gemma": "[Daniel Smith, Tiffany Sanchez, Allison Mccarthy]"}, "464": {"gemma": "[Dustin Doyle, Robert Fox, David Owens, Alan Kaufman, Jennifer Hahn]"}, "465": {"gemma": "[Sean Jackson, Douglas Malone, Adam Thompson, Jason Ryan, Raymond Maddox]"}, "466": {"gemma": "[Heidi Murillo, Debra Adams, Jason Fox, Tammy Clark, Debbie Vaughn, Karen Garcia MD]"}, "467": {"gemma": "[Mark Sampson, Christopher Morgan, Michael Hernandez, Matthew Willis]"}, "468": {"gemma": "[Paul Davis, Michael Clark, Robert Shields]"}, "469": {"gemma": "[Heather Hernandez, William Jackson, Diane Liu, James Fuentes, Angel Jimenez]"}, "470": {"gemma": "[Lori Campbell, Susan Jones, Taylor Cortez, Brandon Harvey, Calvin Bennett, Michelle Sandoval]"}, "471": {"gemma": "[Brittany Perez, Craig Booker]"}, "472": {"gemma": "[Amanda Mathews, Kristen Perry, Jeffery Thomas, James Campbell, Adrian Pena, Joyce Navarro, Kristina Howe]"}, "473": {"gemma": "[Michelle Carrillo, Brenda Walker, Michelle Fischer, Crystal Joyce, Bonnie Young]"}, "474": {"gemma": "[Robert Bell, Christopher Shaw, Carrie Aguirre PhD, Ronald Lewis, Russell Thompson]"}, "475": {"gemma": "[Karen Hendricks, Nicholas Valencia, John Sanchez]"}, "476": {"gemma": "[Jesse Cardenas, Madison Garcia, Julia Taylor, Debbie Garcia]"}, "477": {"gemma": "[Kristy Tucker, Kimberly Evans MD, Hector Knight, Michelle Cooper, David Lozano, Manuel Nelson]"}, "478": {"gemma": "[Amy Scott, Richard Reynolds, James Edwards, Christian Baker]"}, "479": {"gemma": "[Dr. Justin Newton, Ashley Sherman, Catherine Jones, Elizabeth Sullivan, Cody Miller]"}, "480": {"gemma": "[Travis Wilkerson, Darren Evans, Nathan Dunn, Cynthia James, Sheri Boyer MD]"}, "481": {"gemma": "[Catherine Ross, Anthony Robertson, Lisa Carey, Katherine Henry, Scott Ramirez MD, Benjamin Weiss, Victoria Harris]"}, "482": {"gemma": "[Charles Roberts, James Barber, Ryan Williams, Elizabeth Smith]"}, "483": {"gemma": "[Lori Sullivan, Joseph Hanson, David Smith]"}, "484": {"gemma": "[Connor Dennis, Erik Riddle, Christopher Fry]"}, "485": {"gemma": "[Gary Andrade, Jerry Mcneil, Melissa Perez, Christine Li, Kari Brown, Mary Wallace, Daniel Townsend]"}, "486": {"gemma": "[Zachary Sanchez, Susan Tapia, Heather Ortega, Lawrence Ryan, John Savage, Michael Robinson, Nicholas Gonzalez, Heather Morris, Alisha Flores, Sandra Rodriguez]"}, "487": {"gemma": "[John Rowe Jr., Kimberly Marshall, Rachel Schroeder, Alisha Murray, Dakota Sims]"}, "488": {"gemma": "[Heather Frazier, Michael Sanders, Breanna Cummings]"}, "489": {"gemma": "[Jennifer Roman, Kim Martinez]"}, "490": {"gemma": "[Beverly Avery, Roy Cunningham, Christopher Steele]\n[Luis Chung, Steven Price]"}, "491": {"gemma": "[Chase Thomas, Joseph Farley, Michele Calhoun, William Gray, Casey Peterson, Mercedes Freeman, Sheri Herrera, Jennifer Fletcher]"}, "492": {"gemma": "[Paige Chen, Mark Brown, Sarah Richard, Mr. Jesus Jackson, Albert Hendrix]"}, "493": {"gemma": "[Nicole Gutierrez, Joseph Gordon, Blake Long, Dr. Michael Allen PhD]"}, "494": {"gemma": "[Elizabeth Davis, Lindsey Torres, Brandy Good]"}, "495": {"gemma": "[Anita Hernandez, Manuel Sanders, Alexander Snow, Laura Johnson MD, Natalie Stewart]"}, "496": {"gemma": "[David Glenn, Jason Smith, Cheryl Jenkins, Amanda Morris, Aaron Bowman]"}, "497": {"gemma": "[Jean Collins, Linda Becker, John Joseph, Justin Rocha]"}, "498": {"gemma": "[Monica Sparks, Brandon Obrien, Brandon Vance, Gregory Collins]"}, "499": {"gemma": "[William Saunders, Erin Carlson, Brandon Valenzuela]"}}