{"0": {"llama": "[Seine-et-Marne, France, Vittorio De Sica]"}, "1": {"llama": "[2, Nashville TN, I'm a People, Country music]"}, "2": {"llama": "[3, Ebaeides perakensis, Polyphaga, Leucophoebe albaria, Leucophoebe]"}, "3": {"llama": "[Invincible (Pat Benatar song), Holly Knight, Be Tender with Me Baby]"}, "4": {"llama": "[Ernakulam, Shaheen Siddique, Siddique (actor), Oru Kochu Bhoomikulukkam]"}, "5": {"llama": "[480i, News TV Quick Response Team, Filipino language, Mara Clara (2010 TV series)]"}, "6": {"llama": "[SK Kladno, Avdija Vr\u0161ajevi\u0107, Luk\u00e1\u0161 Magera, FK Mlad\u00e1 Boleslav, Tom\u00e1\u0161 Kulvajt]\n\nThe diameter of this knowledge graph is 4."}, "7": {"llama": "[Nelson Agresta, Defensor Sporting, Ronald Lang\u00f3n]"}, "8": {"llama": "[PlayStation 2, Buzz! Junior: Jungle Party, Buzz!]"}, "9": {"llama": "[David Caldwell (nose tackle), Indiana Firebirds, Ben Bennett]"}, "10": {"llama": "[The Cowboys (TV series), Walter Brooke, A Short Drink from a Certain Fountain, Patrick O'Neal (actor), Respiratory failure]"}, "11": {"llama": "[Diana Swaine, Florida, Michael Yarmush]"}, "12": {"llama": "[Thrown Away (song), Liberty Records, Uncle Charlie & His Dog Teddy, Nitty Gritty Dirt Band]"}, "13": {"llama": "[Sturnia, Malabar starling, Thomas C. Jerdon, Grey-headed bulbul, Bulbul, Red-vented bulbul, Pycnonotus]"}, "14": {"llama": "[Dirk Flock, FC Remscheid, Marcel Podszus, Viersen]"}, "15": {"llama": "[Sascha Paeth, Legendary Tales, Limb Music]"}, "16": {"llama": "[Dzon Delarge, Republic of the Congo, Makoua]"}, "17": {"llama": "[Rotherbaum, Germany, Bevern  Schleswig-Holstein]"}, "18": {"llama": "[Halifax Town A.F.C., Simon Collins (footballer), Ossett Town F.C., Joel Armstrong, Chesterfield F.C.]"}, "19": {"llama": "[Yellow, Free Citizens, Panhellenic Citizen Chariot]"}, "20": {"llama": "[FK \u017dalgiris Vilnius, Valdas Kasparavi\u010dius, Soviet Union national under-21 football team, Yuri Sedov, Russia]"}, "21": {"llama": "[Stranger's Soul, Fantasy, The Twelve (novel), The Passage (novel)]\n\nThe diameter of this knowledge graph is 3."}, "22": {"llama": "[Diego Ramos, Buenos Aires, Macedonian Argentine, Roman Catholicism]"}, "23": {"llama": "[Brightest e.p.02, Brightest Star, Bright (Japanese band), Japan]"}, "24": {"llama": "[Qasem Qeshlaqi Nir, Nir County, Ardabil Province, Buran Ardabil]"}, "25": {"llama": "[CEO, Nomad Foods, Tortola, Road Town]"}, "26": {"llama": "[The Best of R.E.M., English language, Bugs Bunny's Looney Christmas Tales, Friz Freleng, Looney Tunes Golden Collection: Volume 4]"}, "27": {"llama": "[Guangdong, Wu Mengchang, Beijing, Lao She]"}, "28": {"llama": "[Abu Ali Mustafa, West Bank, Judea] or [Judea, West Bank, Abu Ali Mustafa] or [Popular Front for the Liberation of Palestine, Anti-Zionism, Abu Ali Mustafa] or [Abu Ali Mustafa, Popular Front for the Liberation of Palestine, Anti-Zionism]"}, "29": {"llama": "[Chinese Brazilians, Macanese people, Brazil, Eduardo Roberto dos Santos]"}, "30": {"llama": "[The Wilsons, Rock music, Species Deceases, Midnight Oil, Diesel and Dust]"}, "31": {"llama": "[Kafka (film), Ian Holm, Joe Gould's Secret (film), Susan Sarandon]"}, "32": {"llama": "[2005 French Grand Prix, France, Ille-et-Vilaine, Le Tronchet  Ille-et-Vilaine]"}, "33": {"llama": "[Christian Burns, Ti\u00ebsto, Power of You, Something About You (Christian Burns song)]"}, "34": {"llama": "[Dzon Delarge, Brazzaville, Ali Bongo Ondimba, Raymond Ndong Sima]"}, "35": {"llama": "[New Brunswick, Bud Boyce, Saskatchewan]"}, "36": {"llama": "[Maykel Galindo, Villa Clara Province, Cuba, Cayo Guillermo]"}, "37": {"llama": "[Iran, Tazeh Kand-e Deym, Naqadeh County, Mohammadyar District]"}, "38": {"llama": "[Legendary Assassin, Gold Label Records, Miriam Yeung New and Best Selections, Home (Miriam Yeung album), Cantopop, Shawn Yue]"}, "39": {"llama": "[Sommersdorf  Mecklenburg-Vorpommern, Germany, Delta (Visions of Atlantis album)]"}, "40": {"llama": "[Slippery Rock  Pennsylvania, United States, A24 (company)]"}, "41": {"llama": "[Steve Mouni\u00e9, Benin, Hubert Maga]\n\nThe diameter of this knowledge graph is 2."}, "42": {"llama": "[ Mircea Ilie, Romania, Bra\u0219ov, Vilmo\u0219 Szabo ]\n\nThe diameter of this knowledge graph is 3."}, "43": {"llama": "[Exit Marrakech, Karim Debbagh, Tangier, Ibn Battuta]"}, "44": {"llama": "[Mike Mictlan, Bangarang (Doomtree song), Doomtree, Ipecac Neat]"}, "45": {"llama": "[Tatay, Bwyd Time, Y Niwl]"}, "46": {"llama": "[Oslo, Gjensidige, Pension, SpareBank 1]"}, "47": {"llama": "[Angelo Garcia, Menudo (band), Os Ultimos Herois]"}, "48": {"llama": "[Tatsuya Sakai, Japan, Taruho Inagaki]"}, "49": {"llama": "[Urola furvicornis, Crambidae, Scoparia augastis]"}, "50": {"llama": "[The Laughing Gnome, David Bowie, Ric Lee, Chrysalis Records]"}, "51": {"llama": "[Slipknot (band), Phil Sgrosso, Nails (band), You Will Never Be One of Us]"}, "52": {"llama": "[Epic Records, Michael Organ (drummer), Sonny Landreth]"}, "53": {"llama": "[3, I'm in Love with a Monster, Music download, Get Like Me (Nelly song), Nelly]"}, "54": {"llama": "[Kaakha Kaakha, R. D. Rajasekhar, Jaggubhai, India]"}, "55": {"llama": "[Christmas in Harlem, Cyhi the Prynce, Hip hop music]"}, "56": {"llama": "[Sumie Sakai, United States, MaxLinear, Broadband, Sky Ireland]"}, "57": {"llama": "[Legally Blonde, Robert Luketic, Hal Barwood, Warning Sign (film)]"}, "58": {"llama": "[South Canara, Kudmul Ranga Rao, British India, Sufia Kamal]"}, "59": {"llama": "[Martin D. Wolfson, Ohio Derby, Gene St. Leon]"}, "60": {"llama": "[Cartoon Network (Germany), Munich, Nightrider (song)]"}, "61": {"llama": "[Wilhelm Brenneke, Hanover, Sven Pipien, King Bee (band)]\n\nThe diameter of this knowledge graph is 3."}, "62": {"llama": "[Brad Leithauser, Massachusetts, Detroit, Henry Ford II, Roman Catholicism]"}, "63": {"llama": "[George Leonard Andrews, Union Army, George K. Nash]"}, "64": {"llama": "[Suicide Battalion, Floyd Crosby, Bamboo Gods and Iron Men]"}, "65": {"llama": "[Dr. Vidya, Sachin Dev Burman, Charanjit Singh (musician)]"}, "66": {"llama": "[Carlos Man\u00e9, Portugal, Lajes das Flores, C\u00e2mara Municipal]"}, "67": {"llama": "[Wuhan, Yao Hanlin, China]"}, "68": {"llama": "[Lincoln City F.C., Ike Whelpton, A.F.C. Bournemouth, Tony Pulis]"}, "69": {"llama": "[3, Gaisberg (Heidelberg), Germany, Gro\u00dfpostwitz]"}, "70": {"llama": "[United States, Beau Starr, Pretend You Don't See Her (film), Hannes Jaenicke]"}, "71": {"llama": "[Andr\u00e9 Boisclair, Parti Qu\u00e9b\u00e9cois, Canada, Sainte-Anne-de-la-P\u00e9rade]"}, "72": {"llama": "[2008 California Golden Bears football team, 2008 UCLA Bruins football team, 2008 Tennessee Volunteers football team, 2008 Alabama Crimson Tide football team]"}, "73": {"llama": "[Serrata raoulica, Animal, Bothrostethus annulipes, Coreoidea, Pentatomomorpha]"}, "74": {"llama": "[Kalateh-ye Hajji  Razavi Khorasan, Iran Standard Time, Salmas County, Ayan  Iran]"}, "75": {"llama": "[Andrea Drahota, The Confrontation (film), Mikl\u00f3s Jancs\u00f3, V\u00e1c, Istv\u00e1n Friedrich]"}, "76": {"llama": "[Maurice Kottelat, Telmatherina opudi, Animalia, Telmatherina celebensis]"}, "77": {"llama": "[3, Pink Luv, Dance-pop, Jasmine Thompson]"}, "78": {"llama": "[Holyoke Massachusetts, Maurice A. Donahue, Roger L. Bernashe]"}, "79": {"llama": "[Insect, Animal, Mulgara]"}, "80": {"llama": "[Sweta Keswani, Model (person), Fat Cat (singer), South Korea, N.Flying]"}, "81": {"llama": "[Tihhon \u0160i\u0161ov, Defender (football), Federico Tafani]"}, "82": {"llama": "[Tiffany Limos, Ken Park, Maeve Quinlan, United States]"}, "83": {"llama": "[Gianni De Biasi, Cosenza Calcio 1914, Emanuele Brioschi, Italy, Patscher Spitze]"}, "84": {"llama": "[Beccariophoenix madagascariensis, Cocoeae, Jubaeopsis]"}, "85": {"llama": "[England, Dixie McNeil, Coventry City F.C., Andy Williams (footballer born 1962), Huddersfield Town A.F.C.]"}, "86": {"llama": "[ Cosmopterix fernaldella, Animal, Netechma lacera ]"}, "87": {"llama": "[Azerbaijan, Absurdistan (film), Veit Helmer, A Trick of Light]"}, "88": {"llama": "[Keithsburg Illinois, Illinois, Samuel Bodman, Steven Chu, University of Rochester]"}, "89": {"llama": "[Asiamordella, Animal, Arthropod, Ypthima sakra, Lepidoptera, Plecoptera quadrilineata]"}, "90": {"llama": "[7%22, Behind Blue Eyes, Olympic Studios, Yellow Submarine Songtrack]\n\nThe diameter of this knowledge graph is 3."}, "91": {"llama": "[Luis Tevenet, UCAM Murcia CF, \u00c1lex Cruz, Midfielder]"}, "92": {"llama": "[Carl Linnaeus, Downy woodpecker, Picidae, Middle spotted woodpecker]"}, "93": {"llama": "[Raul Mitra, Philippines, Judy Ann Santos]"}, "94": {"llama": "[Epischnia asteris, Arthropod, Acantholycosa zinchenkoi, Pardosinae]"}, "95": {"llama": "[Elton John One Night Only \u2013 The Greatest Hits, Universal Records, If You Really Cared]"}, "96": {"llama": "[Sammy Lee (footballer), England national football team, Fred Priest, Guisborough]"}, "97": {"llama": "[Andrei Nalyotov, List of Russian football transfers summer 2014, Denis Voynov, FC Fakel Voronezh]\n\nThe diameter of this knowledge graph is 3."}, "98": {"llama": "[Archips socotranus, Animal, Hemibarbus mylodon]"}, "99": {"llama": "[Animal, Semniomima puella]"}, "100": {"llama": "[Satyrini, Kanetisa digna, Arthropod, Anomis grisea]"}, "101": {"llama": "[Irandegan District, Irandegan Rural District, Genzerig, Ab Ghamushiyeh]\n\nThe diameter of this knowledge graph is 3."}, "102": {"llama": "[Glumsl\u00f6v, Central European Time, Cristina  Badajoz, Extremadura, Sierra de Gata (comarca), Comarcas of Extremadura]"}, "103": {"llama": "[Dipolog, Zamboanga Peninsula, Katipunan  Zamboanga del Norte]"}, "104": {"llama": "[Animalia, Goldbar wrasse, Actinopterygii]"}, "105": {"llama": "[Gaston Godel, Domdidier, Oleyres, Vaud, Valeyres-sous-Rances]"}, "106": {"llama": "[Albert Lee, Rock and roll, Jerry Capehart, Nashville  Tennessee]"}, "107": {"llama": "[Gramophone record, Pretty Little Angel Eyes, Under the Moon of Love]"}, "108": {"llama": "[Sweden, M\u00e5rten Klingberg, Screenwriter, Roger Lim]"}, "109": {"llama": "[Virginia Beach Mariners, Brian Cvilikas, Minnesota Thunder]"}, "110": {"llama": "[Jennifer Kendal, London, Ruth Prawer Jhabvala, Jane Austen in Manhattan]"}, "111": {"llama": "[Animal, Ceratostoma, Ceratostoma foliatum]"}, "112": {"llama": "[Insect, Beraba cheilaria, Cucujiformia, Polyphaga, Abdera flexuosa]"}, "113": {"llama": "[California, John Vasconcellos, Santa Clara  California]"}, "114": {"llama": "[Jonathan Coates, Cheltenham Town F.C., Bobby Williams (footballer born 1940), Weymouth F.C., Tommy Henderson (footballer born 1949)]"}, "115": {"llama": "[Dorcadion anatolicum, Beetle, Irundisaua balteata]"}, "116": {"llama": "[Gen Fukunaga, Roanoke  Texas, Mayor, Haltom City  Texas]"}, "117": {"llama": "[Daniel Vega, List of Argentine Primera Divisi\u00f3n transfers July\u2013August 2010, Franco Jara, Villa Mar\u00eda]"}, "118": {"llama": "[Artemisa Province, Mariel  Cuba, Cuba, Candelaria  Cuba]\n\nThe diameter of this knowledge graph is 3."}, "119": {"llama": "[Takuro Yoshida, Harmonica, Eddie Vedder]"}, "120": {"llama": "[Sybra pfanneri, Animal, Auxa bimaculipennis]"}, "121": {"llama": "[Eupithecia dohertyi, Animal, Paxillosida, Astropecten, Astropecten platyacanthus]\n\nThe diameter of this knowledge graph is 4."}, "122": {"llama": "[Alfred Johnson Brooks, Brooke Claxton, Canadian Army]"}, "123": {"llama": "[Psychedelic music, Uriel (band), Dave Stewart (keyboardist), Jakko Jakszyk]"}, "124": {"llama": "[Eygelshoven, Netherlands, Vaalserberg]"}, "125": {"llama": "[Michel Fran\u00e7ois Hoguet, France, Provence-Alpes-C\u00f4te d'Azur, Forcalqueiret]"}, "126": {"llama": "[Animal, Notostigma foreli]"}, "127": {"llama": "[Sonic Underground, Jaleel White, Steve Urkel, Thomas L. Miller, Perfect Strangers (TV series)]"}, "128": {"llama": "[Hall bei Admont, Austria, Wilhelm J. Sluka]"}, "129": {"llama": "[Denison Armoury, Toronto, Anais Granofsky, Paul Kane, Republic of Ireland, Una O'Hagan]"}, "130": {"llama": "[Peter Reith, Lawyer, Ken Khachigian]"}, "131": {"llama": "[Tolombeh-ye Ruzkuhrow, Bahreman Rural District, Yadollahabad]"}, "132": {"llama": "[Chrysomyxa ledi var. rhododendri, Basidiomycota, Mycena stylobates]"}, "133": {"llama": "[Francis II Holy Roman Emperor, Grand Duchy of Tuscany, Anna Maria Adorni Botti, Roman Catholic Church, Tomasa Ortiz Real]"}, "134": {"llama": "[Defender (football), Borys Derkach, FC Dynamo Kyiv, Yevhen Troyanovskyi, Midfielder, Mikhail Aleksandrov]"}, "135": {"llama": "[Unreal Engine 2, Tom Clancy's Splinter Cell (video game), GameCube]"}, "136": {"llama": "[Frederikshavn, Paamiut, Greenland, Sisimiut, KNI A/S]"}, "137": {"llama": "[Bedford Township  Bedford County  Pennsylvania, Bedford County  Pennsylvania, Pennsylvania, Buffalo  New York]"}, "138": {"llama": "[Stream, Lichau Creek, Sonoma County  California]"}, "139": {"llama": "[Pantophthalmidae, Fly, Tanytarsini]"}, "140": {"llama": "[Haute-Sa\u00f4ne, Vantoux-et-Longevelle, Franche-Comt\u00e9, Georfans]"}, "141": {"llama": "[Dave Ullrich, Toronto, Donovan Woods (musician), Sarnia]"}, "142": {"llama": "[Gr\u00e9gory Malicki, Goalkeeper (football), Stef\u00e1n Logi Magn\u00fasson, Iceland, Eagle Egilsson, Mad City: New Day Rising, Gotham (TV series), Wrath of the Villains: Pinewood]"}, "143": {"llama": "[Eudicots, Mesogyne, Plantae, Bulbophyllum masonii]"}, "144": {"llama": "[Pisa Calcio, Enrico Alfonso, A.S. Pizzighettone, Massimo Storgato]"}, "145": {"llama": "[Valiha (plant), Plantae, Nephthytis swainei, Nephthytis]"}, "146": {"llama": "[Bevan Fransch, South Africa, Solomon Mahlangu, Mamelodi]"}, "147": {"llama": "[Summer Time Gone, Giza Studio, Your Best Friend]"}, "148": {"llama": "[O. Henry, Henry O, Actor, Yoo Hae-jin]"}, "149": {"llama": "[Ali Khan-e Kachkul, Iran Standard Time, Gohreh] or [Ali Khan-e Kachkul, Iran Daylight Time, Gohreh]"}, "150": {"llama": "[Presenter, Louis Yuen, Virtues of Harmony, Stephen Chow, Legend of the Dragon (film), Danny Lee (actor), City on Fire (1987 film)]"}, "151": {"llama": "[Rotate (song), Channel 10 (album), The War Report 2: Report the War]"}, "152": {"llama": "[Detroit, Curtis Fuller, Impulse!, The Cry of My People]"}, "153": {"llama": "[Bill Dana (comedian), Swinging Spiketaculars, Joyce Jameson, Billy Barnes (composer)]"}, "154": {"llama": "[Ben Lui, River Tay, Perth Scotland]"}, "155": {"llama": "[Charlie Fletcher (footballer), Homerton, Queen Elizabeth Olympic Park, Stratford  London]\n\nThe diameter of this knowledge graph is 3, and the path that represents this diameter is from Charlie Fletcher (footballer) to Stratford  London, passing through Homerton and Queen Elizabeth Olympic Park."}, "156": {"llama": "[ Nesuhi Ertegun, Live at the Whisky a Go Go (Herbie Mann album), Jazz, Lift Me Up (David Guetta song), Parlophone, Eleanor Rigby ]"}, "157": {"llama": "[Yeniel Berm\u00fadez, Cuba national football team, Jos\u00e9 Miranda (footballer), Los Angeles Misioneros]"}, "158": {"llama": "[Lorestan Province, Chal Duguneh, Papi District]"}, "159": {"llama": "[Taheri Rural District, Iran, Amol, Ghasem Rezaei]"}, "160": {"llama": "[Dorothy Appleby, His Ex Marks the Spot, Felix Adler (screenwriter), Goofs and Saddles, Coca-Cola Telecommunications (1987)]"}, "161": {"llama": "[Ziarlu, Ahar County, Central District (Ahar County), Gurvan-e Bozorg]"}, "162": {"llama": "[The Name Game, Novelty song, Boku wa Kuma, Hikaru Utada, Flavor of Life]"}, "163": {"llama": "[Animal, Arthropod, Evimantius, Buprestoidea]"}, "164": {"llama": "[Thimingalam, Crossbelt Mani, Pokkattadikkaari]"}, "165": {"llama": "[Red-keeled flowerpecker, Animalia, Stagnicola]"}, "166": {"llama": "[DYMF, News, The Rundown with Jos\u00e9 Diaz-Balart, MSNBC Live]"}, "167": {"llama": "[Robert D. Mariani, Syracuse University College of Law, Tom O'Mara, Timothy M. Kennedy (politician)]"}, "168": {"llama": "[Eduardo Struvay, 2016 Claro Open Medell\u00edn, Facundo Bagnis, 2013 Seguros Bol\u00edvar Open Barranquilla, Barranquilla]"}, "169": {"llama": "[The Case of the Dirty Bird, Novel, Breakfast on Pluto, Patrick McCabe (novelist)]"}, "170": {"llama": "[Relief of Thionville, Thionville, Illange]"}, "171": {"llama": "[Tatyana McFadden, Maryland, Television Hill (band), Cass McCombs]"}, "172": {"llama": "[Greenfield Massachusetts, Massachusetts, Attleboro Massachusetts, David Daggett, Chauncey Goodrich, Uriah Tracy]"}, "173": {"llama": "[University of Missouri, Abu Bakr Baira, University of Benghazi, Benghazi]"}, "174": {"llama": "[Ali Nikzad, Iran University of Science and Technology, Iran, Kahn-e Qazi, Kuhsaran District, Hoseynabad-e Darani]"}, "175": {"llama": "[F\u0131nd\u0131kl\u0131  Rize, Eastern European Time, Syria, Village, Talkhatra]"}, "176": {"llama": "[Don Moen, Word Records, Michael Omartian, Chapter One... A Decade]"}, "177": {"llama": "[Abzalu, Iran, Tanbaku Kar-e Ebrahim]"}, "178": {"llama": "[One Froggy Evening, Edward Selzer, Bugs and Thugs]"}, "179": {"llama": "[Cynthia Cidre, Cane (TV series), Nestor Carbonell, Dead Is Dead]"}, "180": {"llama": "[Paul Wunderlich, J\u00f6rg Schmeisser, Nazi Germany, Sturzkampfgeschwader 2]"}, "181": {"llama": "[Acacia microneura, Eudicots, Mollugo, Angiosperms, Tetrameles]"}, "182": {"llama": "[Chataz Ijrud, Ijrud-e Bala Rural District, Aq Bolagh Zanjan, Iran Daylight Time]"}, "183": {"llama": "[Laura Branigan, Foolish Lullaby, Mitchel Musso]"}, "184": {"llama": "[Aspects of the Sensual World, Columbia Records, Hillbilly Girl with the Blues]"}, "185": {"llama": "[Harvard Business School, William Agee, Boise State University, Butch Otter, David H. Leroy, University of Idaho, Herman Welker]\n\nThe diameter of this knowledge graph is 6."}, "186": {"llama": "[MOGAS Group, United Arab Emirates, Majid Al Futtaim Group, Property, Unibail-Rodamco]"}, "187": {"llama": "[Frank Butler (writer), Strictly Unconventional, Ernest Torrence]"}, "188": {"llama": "[Category 5 Records, United States, San Jose California, HGST]"}, "189": {"llama": "[Spintires, Microsoft Windows, Candace Kane's Candy Factory, Nintendo DS, Crash: Mind over Mutant]\n\nThe diameter of this knowledge graph is 4."}, "190": {"llama": "[Showgirls, Alan Rachins, 3 Musketeers (film), Paul Bales]"}, "191": {"llama": "[7%22, (Love) Compared with You, Pop (music)]"}, "192": {"llama": "[Shorea rugosa, Dipterocarpaceae, Eudicots, Hypericum boreale, Nathaniel Lord Britton]"}, "193": {"llama": "[Georg Lammers, Butjadingen, Wesermarsch, Michael Steinbach]"}, "194": {"llama": "[Acacia xanthina, Acacia, Plant]"}, "195": {"llama": "[Santo Pecado, Ricardo Arjona, Mojado (song)]"}, "196": {"llama": "[Dean Edwards, New York City, Living Proof (film), Halli Cauthery, Frankenstein (2015 film)]"}, "197": {"llama": "[2, Nedzhmi Ali, Bulgaria, Vladimir Vladimirov, FC Sportist Svoge]"}, "198": {"llama": "[Dinesh Babu, Laali, Vishnuvardhan (actor), Simha Gharjane]"}, "199": {"llama": "[Kyenjojo, Edward Rugumayo, University of London]"}, "200": {"llama": "[Speedy Haworth, RCA Records, Co-Co (band), Bucks Fizz (band)]"}, "201": {"llama": "[Daland Rural District, Turan-e Fars, Iran Standard Time, Gomeyn  East Azerbaijan]\n\nThe diameter of this knowledge graph is 3."}, "202": {"llama": "[Carlo Bernari, Italy, Giuditta Pasta]"}, "203": {"llama": "[Salim-Sulaiman, Wonder Pets, Jennifer Oxley, Go  Baby!, Josh Selig]"}, "204": {"llama": "[English American, Cynthia Ann Parker, Quanah Parker, Herman Lehmann]"}, "205": {"llama": "[ Borj-e Ziad, Iran, Kozanaq, Tabriz County ]\n\nThe diameter of this knowledge graph is 3, and the path representing this diameter is from Borj-e Ziad to Tabriz County, passing through Iran and Kozanaq."}, "206": {"llama": "[1Q84, Alternate history, S. M. Stirling, The Sunrise Lands]"}, "207": {"llama": "[Talisia, Talisia setigera, Ludwig Adolph Timotheus Radlkofer, Paullinia navicularis]"}, "208": {"llama": "[Garage rock, The Rocks Crumble, Corwood Industries]"}, "209": {"llama": "[West Bank, Golan Hermon, Hapoel Ramat Gan, Ronen Harazi]"}, "210": {"llama": "[Fajr Sepasi F.C., Mehrdad Karimian, Pas Hamedan F.C., Mohsen Rabiekhah]"}, "211": {"llama": "[Yusef Deh, Rudboneh Rural District, Kanaf Gurab]"}, "212": {"llama": "[Armadale F.C., David Steele (footballer), Bradford City A.F.C.]"}, "213": {"llama": "[Kaveri (actress), Kilukil Pambaram, India, Yaaron Ki Baraat (TV series)]"}, "214": {"llama": "[Mourtala Diakit\u00e9, Mali, Ansongo Cercle]"}, "215": {"llama": "[Tony Knapp, Leicester City F.C., Keith Robson, Norwich City F.C., Shaun Carey]"}, "216": {"llama": "[Insect, Heterogymna, Arthropod, Typhinellus labiatus]"}, "217": {"llama": "[Aerospace engineering, Bhrigu Nath Singh, Ballia]"}, "218": {"llama": "[New Mexico, Rolf Cahn, Guitar, Roy Gaines, Chuck Willis, Atlantic Records]"}, "219": {"llama": "[Terence Fisher, Four Sided Triangle, Maurice Rootes]"}, "220": {"llama": "[Hyena (2014 film), Neil Maskell, Jack Falls]"}, "221": {"llama": "[Anel Raskaj, SFR Yugoslavia, Apatin, \u017divorad Smiljani\u0107]"}, "222": {"llama": "[ Guitar Pete Franklin, Songwriter, Chedda Da Connect, Trap music, Trap Niggas ]"}, "223": {"llama": "[Los Angeles, Darcy DeMoss, Friday the 13th Part VI: Jason Lives]"}, "224": {"llama": "[Welcome to Sky Valley, Sound City Studios, The Hunter (Mastodon album), Curl of the Burl]"}, "225": {"llama": "[Li Wie-Xian, Sinocyclocheilus liboensis, Sinocyclocheilus guanduensis, Chordata, Euphrates softshell turtle, Fran\u00e7ois Marie Daudin]\n\nThe diameter of this knowledge graph is 6."}, "226": {"llama": "[Infomercial, KZAK-LD, United States, Bergen County  New Jersey, Ridgewood  New Jersey, Peter Carlisle]"}, "227": {"llama": "[Rory Keane, Republic of Ireland, James Cluskey]"}, "228": {"llama": "[Qaleh-ye Harasam, Kermanshah Province, Hojr Rural District, Elayiyeh]"}, "229": {"llama": "[Ami Dolenz, Micky Dolenz, These Are the Days (TV series), Jackie Earle Haley]"}, "230": {"llama": "[DJ Dahi, The Incredible True Story, Fade Away (Logic song)]"}, "231": {"llama": "[Axel Zwingenberger, Blues, Wynonie Harris]"}, "232": {"llama": "[Ramesuan (king of Ayutthaya), Ramrachathirat, Intharacha (king of Ayutthaya), Borommarachathirat II, Borommatrailokkanat]"}, "233": {"llama": "[City of London, A1 road (Great Britain), M62 motorway]"}, "234": {"llama": "[Jack McClinton, San Antonio Spurs, Tony Parker, Eva Longoria, Desperate Housewives]"}, "235": {"llama": "[Eudicots, Hebe (plant), Hebe acutiflora]"}, "236": {"llama": "[Russia, Tycoon (2002 film), Germany, Mathias Surmann]"}, "237": {"llama": "[Modravan, Central District (Baft County), Gonbad-e Mahuiyeh, Kerman Province, Road 84 (Iran), Road 91 (Iran), Kahnuj]\n\nThe diameter of this knowledge graph is 6."}, "238": {"llama": "[Kovel, Ukraine, Lviv Oblast, Hanna Hopko, Peremyshliany Raion]"}, "239": {"llama": "[M\u00f8re og Romsdal, Dalsnibba, Norway, Liberation of Finnmark]"}, "240": {"llama": "[Seattle, Cody Votolato, Society 1, United States]"}, "241": {"llama": "[Jay Parini, United States, Clifton Daniel, Manhattan  New York, Bad Girl (Madonna song), Erotica (Madonna album)]"}, "242": {"llama": "[Mr. Soul, Buffalo Springfield Again, Stephen Stills, Atlantic Records, David Crosby, Triad (The Byrds song), V\u00e9ronique Sanson]"}, "243": {"llama": "[Multi-instrumentalist, Sailor & I, Singer]"}, "244": {"llama": "[Dove Cameron, Washington (state), Marcus Chong, Panther (film), Bokeem Woodbine, Strapped]"}, "245": {"llama": "[Seibu Kaihatsu, Dynamite Duke, Ice Age 2 (video game)]\n\nThe diameter of this knowledge graph is 2."}, "246": {"llama": "[Dee Anthony, Rock music, Walls and Bridges, Number 9 Dream]\n\nThe diameter of this knowledge graph is 3."}, "247": {"llama": "[Malacoctenus erdmani, Labrisomidae, Chaenopsidae, Coralliozetus angelicus, Animal]"}, "248": {"llama": "[Kureh Bolagh, Iran Standard Time, Qeshlaq-e Khanlu]"}, "249": {"llama": "[Home Again! (Doc Watson album), Ralph Rinzler, Home Again! (Doc Watson album), Studio album, A Question of Time (album), Somethin Els]"}, "250": {"llama": "[Sumatran chocolate tiger, Arthropoda, Insecta, Podalonia hirsuta, Giovanni Antonio Scopoli]"}, "251": {"llama": "[Sarnia, Duke Harris, Houston Aeros (WHA)]"}, "252": {"llama": "[Derek Sanderson (soccer), Midfielder, Bill Sedgewick, Colorado Foxes, Rafael Amaya (soccer)]"}, "253": {"llama": "[Marxism, Oromo Peoples' Democratic Organization, Addis Ababa, Ethiopian Navy]"}, "254": {"llama": "[Plu\u017eine, Montenegro, Lake Piva]"}, "255": {"llama": "[UD Salamanca, Claudio Barrag\u00e1n, Manises]"}, "256": {"llama": "[Hip hop music, Madvillainy 2, Madvillain]"}, "257": {"llama": "[Pyotr Kolodin, Soviet Union, Russia, Aleksandr Ilyin (footballer), FC Dynamo Moscow]"}, "258": {"llama": "[Sadig Dadashov, Russia, Ilia Kulik, Michael Christian Martinez, John Nicks]"}, "259": {"llama": "[Demochroa, Arthropod, Chalcophlocteis]"}, "260": {"llama": "[Lukas J\u00e4ger, Defender (association football), Ulrich Wilson, FC Volendam]"}, "261": {"llama": "[Oleh Skrypka, Schlager, S\u00e4g det med en s\u00e5ng, Benny Andersson, I Have a Dream (song)]\n\nThe diameter of this knowledge graph is 4."}, "262": {"llama": "[Virginia Shehee, Southern Methodist University, James M. Collins, World War II]"}, "263": {"llama": "[William Yoast Morgan, Arthur Capper, William Howard Thompson]"}, "264": {"llama": "[Noel C. Taylor, World War II, Josef Karl, German Army (Wehrmacht), Klaus H\u00e4berlen]"}, "265": {"llama": "[Sheikh Rajab Ali, Sheikh Ali Madad, Muhammad Nawaz Irfani, Kamran Akmal]"}, "266": {"llama": "[Dancing in the Street (album), Goin' Latin, Ramsey Lewis, An Hour with the Ramsey Lewis Trio]"}, "267": {"llama": "[Township (Pennsylvania), Blacklick Township  Cambria County  Pennsylvania, Canton (village)  New York]"}, "268": {"llama": "[Otto H\u00f6nigschmid, Austria-Hungary, Wilhelm Dilthey, Hans-Georg Gadamer]"}, "269": {"llama": "[87th Indiana Infantry Regiment, United States, Hamburg  Pennsylvania]\n\nThe diameter of this knowledge graph is 2."}, "270": {"llama": "[Garlan, France, David Vendetta]"}, "271": {"llama": "[Elizabeth I of England, Eighty Years' War, County of Flanders]"}, "272": {"llama": "[Fatspine spurdog, Chordate, Animalia, Adelpherupa albescens]"}, "273": {"llama": "[Odense BK, Richard M\u00f8ller Nielsen, B 1909]"}, "274": {"llama": "[Neboj\u0161a Vukoji\u010di\u0107, List of Serbian football transfers summer 2016, Alen Ma\u0161ovi\u0107]"}, "275": {"llama": "[Hapoel Tzafririm Holon F.C., Florin Constantinovici, FC Politehnica Timi\u0219oara, Marius Bila\u0219co]"}, "276": {"llama": "[Mazraeh-ye Shahid Chamran, Iran, Pa Baz, Ghazali Rural District]"}, "277": {"llama": "[Haute-Sa\u00f4ne, Amblans-et-Velotte, Franche-Comt\u00e9]"}, "278": {"llama": "[Journalist, Lasantha Wickrematunge, Law]"}, "279": {"llama": "[Wie vor Jahr und Tag, Reinhard Mey, Berlin, Germany]"}, "280": {"llama": "[Jeotgalicoccus coquinae, Bacteria, Actinomycetales, Kribbella, Nocardioidaceae, Nocardioides ginsengisoli]"}, "281": {"llama": "[Duke Ellington, Piano in the Background, Album, No Compromise]"}, "282": {"llama": "[Dhankuta, Dhankuta District, Nepal, Marwari language]\n\nThe diameter of this knowledge graph is 3."}, "283": {"llama": "[Ghost Town DJ's, So So Def Recordings, Baby Makin' Project]"}, "284": {"llama": "[Henry Fielding, John Fowles, Susanna Clarke, Fantasy]"}, "285": {"llama": "[Helga Anders, Tattoo (1967 film), Johannes Schaaf, Trotta (film), Maximilian Schell]\n\nThe diameter of this knowledge graph is 4."}, "286": {"llama": "[Edurmaneli Ganda Pakkadmaneli Hendthi, Shashikumar, Baa Nanna Preethisu, Siddalingaiah, Bhootayyana Maga Ayyu, G. K. Venkatesh, Aasha (1983 film)]"}, "287": {"llama": "[Doliops basilana, Animal, Eurema mandarinula, Lepidoptera]"}, "288": {"llama": "[Los Angeles Rams, Ted Karras Sr., Gary Indiana, Jeffrey Luck Lucas]"}, "289": {"llama": "[Art\u00e9s, Spain, Nacho Mart\u00ednez] or [Art\u00e9s, Spain, La Carlota  Spain] or [Art\u00e9s, Spain, Guadarrama National Park] or [Art\u00e9s, Spain, Manuel Orantes]\n\nThe diameter of this knowledge graph is 2."}, "290": {"llama": "[Ernst Kozlicek, SK Sturm Graz, Austria, Fendels]"}, "291": {"llama": "[Trillium cernuum, Flowering plant, Hieracium villosum, Hieracium]"}, "292": {"llama": "[Cheo Hurtado, Musician, D. Scott Rogo, Los Angeles]"}, "293": {"llama": "[Futabayama Sadaji, Japan, Osaka, Minmi]"}, "294": {"llama": "[One Voice (Barbra Streisand album), Pop (music), Rachael Lampa (album), Rachael Lampa, Record producer]\n\nThe diameter of this knowledge graph is 4."}, "295": {"llama": "[Insect, Animal, Arthropod, Oxycera, Oxycera dives]"}, "296": {"llama": "[Eucalyptus jutsonii, Rosid, Eucalyptus tricarpa, Plantae]"}, "297": {"llama": "[Pat O'Brien (actor), Devil Dogs of the Air, Warner Bros., Act One (film), Arthur J. Ornitz, Badge 373]\n\nThe diameter of this knowledge graph is 5."}, "298": {"llama": "[Moosthenning, Dingolfing-Landau, Germany, Cochem-Zell, Panzweiler]"}, "299": {"llama": "[Just Good Friends (song), Epic Records, MTV Unplugged NYC 1997]"}, "300": {"llama": "[Yale University, Doug Naysmith, University of Edinburgh, David J. Lockwood]"}, "301": {"llama": "[Jaroslav Timko, Czechoslovakia national football team, Tom\u00e1\u0161 St\u00fapala, Bratislava]"}, "302": {"llama": "[50th Battalion (Calgary) CEF, Second Battle of the Somme (1918), Guards Division (United Kingdom), Battle of Loos, George Edwin Ellison]"}, "303": {"llama": "[Bordeaux, Christophe Lestrade, En Avant Guingamp, Harlington Shereni]"}, "304": {"llama": "[Giuseppe Patroni Griffi, Italy, Lombardy, Pigra]"}, "305": {"llama": "[Alberto Eliani, Udinese Calcio, Alem\u00e3o (footballer born 1989), Santos FC]"}, "306": {"llama": "[Alternate Empires, Gregory Benford, Alternate Americas]"}, "307": {"llama": "[Athan Hilaki, Keyboards, Jeff Bass, Eminem]"}, "308": {"llama": "[Ali Shaheed Muhammad, Brown Sugar (D'Angelo album), Contemporary R&B, Hard II Love, Rivals (Usher song)]"}, "309": {"llama": "[Gladiators Seven, Tony Russel, War of the Planets (1966 film)]"}, "310": {"llama": "[Arthropod, Aphelinus mali, Chalcidoidea, Botryoideclava]"}, "311": {"llama": "[Associa\u00e7\u00e3o Atl\u00e9tica Ponte Preta, Som\u00e1lia (footballer  born 1984), Defender (association football), Neil Cox (footballer)]"}, "312": {"llama": "[Ulrike Maier, Bavaria, Totnansberg]"}, "313": {"llama": "[Carlo Giovanardi, Modena, Isabella d'Este  Duchess of Parma, Maria Caterina Farnese, Maria d'Este]"}, "314": {"llama": "[Guangxi, Xiang Chinese, China, Longtan Dam]"}, "315": {"llama": "[Reprise Records, Lenny Waronker, Rainy Day People]"}, "316": {"llama": "[Once Again It's Christmas, Warner Music Nashville, Footloose (soundtrack), Slash Records, Copperopolis (album)]"}, "317": {"llama": "[Album, Cloudland (album), Post-punk]"}, "318": {"llama": "[Ojc\u00f3w Castle, Lesser Poland Voivodeship, Zygodowice, Village, Urbanki]"}, "319": {"llama": "[Mark Scott (actor), Burbank  California, Walt Disney Animation Studios, Film industry, Broken Wall Films]"}, "320": {"llama": "[Casey Affleck, Joaquin Phoenix, Ladder 49, Bra\u015fov, A Snowflake Fell (and It Felt Like a Kiss), Christmas music, This Christmas (John Travolta and Olivia Newton-John album), John Travolta]"}, "321": {"llama": "[Acoustic music, Keepin' the Horse Between Me and the Ground, Seasick Steve, Oakland California]"}, "322": {"llama": "[Erftstadt, Carl Schurz, James A. Garfield, Major general (United States), John A. Quitman, John Isaac Guion]\n\nThe diameter of this knowledge graph is 5."}, "323": {"llama": "[Christopher Zanella, Waldshut-Tiengen, Karl-Friedrich Merten, Niobe (schooner)]"}, "324": {"llama": "[Magdalena Municipality  Beni, Bolivia, Huacaraje]"}, "325": {"llama": "[Yvon Goujon, Stade Rennais FC, Fran\u00e7ois Grenet, FC Girondins de Bordeaux]"}, "326": {"llama": "[Heropanti, Parugu, Allu Arjun, Desamuduru, Puri Jagannadh]"}, "327": {"llama": "[Malvales, Phaleria, Angiosperms]"}, "328": {"llama": "[F\u00e1bio Gomes, Atl\u00e9tico Clube Goianiense, Francismar Carioca de Oliveira, Kawasaki Frontale, Kyohei Sugiura, List of Japanese football transfers winter 2014\u201315]"}, "329": {"llama": "[Phytophthora medicaginis, Incertae sedis, Hoplestigma pierreanum, Hoplestigma]"}, "330": {"llama": "[Busan IPark, Kim Tae-young (footballer born 1982), Songkhla United F.C.]"}, "331": {"llama": "[Silesia, Horst Weigang, East Germany national football team]"}, "332": {"llama": "[W\u00fda\u00e7eslaw Krendelew, Ashgabat, Turkmen SSR, Yelena Bonner, United States, John Mariucci]"}, "333": {"llama": "[2, Yevgeni Tyukalov, FC Infonet, Konstantin Nahk]"}, "334": {"llama": "[Insect, Gazoryctra, Gazoryctra confusus, Eukarya]"}, "335": {"llama": "[URS Corporation, Construction, Hip Hing Construction, NWS Holdings, People's Republic of China]"}, "336": {"llama": "[Phytophthora phaseoli, Incertae sedis, Piprites]"}, "337": {"llama": "[Paul Pressler (Texas), Democratic Party (United States), Kip Holden, Southern University, Marcus Hunter]"}, "338": {"llama": "[Erigeron aphanactis, Eudicots, Zanthoxylum oahuense]\n\nThe diameter of this knowledge graph is 2."}, "339": {"llama": "[2/2nd Commando Squadron (Australia), Bernard Callinan, Gordon Macready]"}, "340": {"llama": "[Kako to da svaki dan?, Album, Mike Flicker, Magic Man]"}, "341": {"llama": "[Disney's Party, Nintendo GameCube, TMNT (video game), PlayStation Portable, Sony Interactive Entertainment]\n\nThe diameter of this knowledge graph is 5."}, "342": {"llama": "[Manushya Mrugam (1980 film), Baby (director), Sapthaswaragal, Thikkurissi Sukumaran Nair, Madhuram Thirumadhuram]"}, "343": {"llama": "[Virginia City  Montana, Montana, Scobey  Montana, Coronach/Scobey Border Station Airport, Saskatchewan, Clark Gillies, Edmonton Oilers]"}, "344": {"llama": "[Justine Lumumba Kasule, Kampala, Simon Lokodo, LGBT rights]"}, "345": {"llama": "[India, Ranjith (actor), Thambikku Indha Ooru, Badri (director)]"}, "346": {"llama": "[Rosalind Cash, Melinda (film), Lonne Elder III, Americus  Georgia, Hugh Carter, Plains  Georgia]"}, "347": {"llama": "[Abel Gigli, Parma F.C., 2007\u201308 Parma F.C. season, 2007\u201308 Serie A, 2007\u201308 A.C. Milan season, 2008\u201309 A.C. Milan season]"}, "348": {"llama": "[Arabic language, Palestinian Haitians, Islam, Cel\u00e2l Bayar]"}, "349": {"llama": "[Tillandsia purpurea, Angiosperms, Bromus arizonicus]"}, "350": {"llama": "[ NBC, Maya (TV series), MGM Television, A Man Called Shenandoah ]"}, "351": {"llama": "[Keshit  Kerman, Iran Standard Time, Dehnow-ye Fatemeh Barat]"}, "352": {"llama": "[Scottish-Indian, Irish Indians, Catholicism, Anne M. Gannon, Barry University, Troy Edwards (soccer), United States]"}, "353": {"llama": "[Massachusetts Institute of Technology, Joel Moses, Marvin Minsky]"}, "354": {"llama": "[Push (Pharoahe Monch song), SRC Records, Frozen (Tami Chynn song)]"}, "355": {"llama": "[Ottavio Alessi, A Woman Alone (1956 film), Ettore Manni, La Bidonata, Luciano Ercoli, Nieves Navarro, Emanuelle and the Last Cannibals, Donald O'Brien (actor)]"}, "356": {"llama": "[Charlotte Rae, Milwaukee  Wisconsin, John W. Reynolds Jr., Democratic Party (United States)]"}, "357": {"llama": "[Dynasty (TV series), Paul Jenkins (actor), Dead Run (The Twilight Zone), Brent Spiner]"}, "358": {"llama": "[55th Illinois Volunteer Infantry Regiment, Battle of Shiloh, American Civil War, Siege of Vicksburg, 15th Arkansas Infantry Regiment (Northwest), Battle of Pea Ridge, Sterling Price]"}, "359": {"llama": "[Valeri Aleksandrovich Sorokin, FC Spartak Kostroma, Stanislav Khan, FC Torpedo Armavir]"}, "360": {"llama": "[Lu\u00eds Pimenta, C.F. Uni\u00e3o de Coimbra, S.C. Beira-Mar, Milton Mendes, A.D. Camacha]"}, "361": {"llama": "[Pandan cake, Singapore, Tan Wu Meng]"}, "362": {"llama": "[Flowering plant, Hibiscadelphus woodii, Malvales, Parashorea, Angiosperms]"}, "363": {"llama": "[Animal, Insect, Dorcadion chopardi]"}, "364": {"llama": "[Drew McWeeny, John Carpenter's Cigarette Burns, Fair-Haired Child, Matt Greenberg]"}, "365": {"llama": "[Adrien Ren\u00e9 Franchet, Strophanthus thollonii, Plant, Hemandradenia mannii]"}, "366": {"llama": "[ Vasili Kulkov, FC Alania Vladikavkaz, Thiago Maciel, Brazil, Waldemar de Brito, S\u00e3o Paulo FC ]"}, "367": {"llama": "[Monroe  Iowa, Iowa, United States, Rancocas Farm, Thoroughbred horse racing]\n\nThe diameter of this knowledge graph is 4, and the path that represents this diameter is [Monroe  Iowa, Iowa, United States, Rancocas Farm, Thoroughbred horse racing]."}, "368": {"llama": "[Animal, Arthropod, Cladomyrma, Hymenoptera, Cataulacus]"}, "369": {"llama": "[Scopoli's shearwater, Chordata, Animalia, Bolivian brush finch]"}, "370": {"llama": "[Emblemariopsis randalli, Perciformes, Atrosalarias, Atrosalarias holomelas]"}, "371": {"llama": "[FC Homburg, Ragnar Margeirsson, Iceland, Reykjav\u00edk]"}, "372": {"llama": "[Doug Collins (footballer), Sunderland A.F.C., Ronald Brebner, Chelsea F.C., Marco Ambrosio]"}, "373": {"llama": "[Valentinus (Gnostic), Saint Valentine, Grimacco, Province of Udine, Pulfero]"}, "374": {"llama": "[Appenzeller Kantonalbank, Switzerland, Neuhausen am Rheinfall, Thomas Minder]"}, "375": {"llama": "[Valdivia River, Argentina, Tom\u00e1s Yankelevich]"}, "376": {"llama": "[D.Don, Lilium nepalense, Plantae, Lilium, Lilium longiflorum]"}, "377": {"llama": "[Music Corporation of America, Copperhead Road, Country, Sweet Little '66]"}, "378": {"llama": "[England, John Hanson Community School, Mixed-sex education, Lakewood High School (Florida), Louis Murphy]"}, "379": {"llama": "[Epic Records, The Darling Buds, Native Records]"}, "380": {"llama": "[James H. Nicholson, Pajama Party (film), Jerry Styner, Mitchell (film), Linda Evans, Dynasty: The Reunion, American Broadcast Company]"}, "381": {"llama": "[Deutsche Schule Lissabon, Lisbon, Miguel Lopes, FC Porto]"}, "382": {"llama": "[Hereford United F.C., Keith Fear, Bristol City F.C.]"}, "383": {"llama": "[Leslie Orme Wilson, John Lavarack]"}, "384": {"llama": "[Ratchet & Clank Future: Tools of Destruction, Insomniac Games, Yoshiaki Koizumi, Nintendo, New Super Mario Bros. Wii, Super Mario]"}, "385": {"llama": "[West Somerset, British Summer Time, Arun, River Arun, West Sussex, Southwater railway station]"}, "386": {"llama": "[Gilort, Romania, Mircea Rus]"}, "387": {"llama": "[Nehemia Solossa, Forward (association football), Nagmetulla Kutibayev, Neftchi Farg'ona]"}, "388": {"llama": "[Partho Ghosh, Jeevan Yudh, Raakhee, Ek Rishtaa: The Bond of Love]"}, "389": {"llama": "[Chahar Hadd, Iran, Golestaneh  Delfan, Asadabad  Delfan]\n\nThe diameter of this knowledge graph is 3."}, "390": {"llama": "[Anthocharis sara thoosa, Insect, Crambidae, Talanga iridomelaena]"}, "391": {"llama": "[Chordata, Australian sprat]"}, "392": {"llama": "[\u00dcnal Alpu\u011fan, Midfielder, Pl\u00e1cido Galindo, Universitario de Deportes]"}, "393": {"llama": "[Podlehnik, Central European Summer Time, Igalo, Montenegro]"}, "394": {"llama": "[Dermateaceae, Diplocarpon, Ascomycetes, Rhabdocline]"}, "395": {"llama": "[Biscayne Point, Eastern Time Zone, Rivi\u00e8re-\u00e0-Pierre  Quebec]"}, "396": {"llama": "[Arkansaw Wisconsin, Wisconsin, LaVern Dilweg, Milwaukee, Marquette University College of Engineering, Urban area, Bradley University, Robin Kelly]"}, "397": {"llama": "[Spread (food), Tirokafteri, Oregano, Menudo (soup)]"}, "398": {"llama": "[Rural Districts of Iran, Soltaniyeh Rural District, Mihman-e Shahr Soltaniyeh, Kalateh-ye Mian]"}, "399": {"llama": "[Elizabeth Davis (7 Year Bitch), Punk rock, The Adverts, Crossing the Red Sea with The Adverts]"}, "400": {"llama": "[Poales, Vriesea pereirae, Vriesea, Vriesea longicaulis]"}, "401": {"llama": "[Dubrovytsia Raion, Yasynets, Rivne Oblast, Klesiv, Urban-type settlement, Rokytne  Rivne Oblast]"}, "402": {"llama": "[Josef Hladk\u00fd, Czechoslovakia, Martin Proh\u00e1szka]"}, "403": {"llama": "[Eudicots, Trichostema ovatum, Trichostema]"}, "404": {"llama": "[Tall-e Mishan, Iran, Zilayi Rural District, Lal-e Mina]"}, "405": {"llama": "[Authority Zero, Atlantic Records, Save You (Simple Plan song), Simple Plan]\n\nThe diameter of this knowledge graph is 3."}, "406": {"llama": "[Jennifer Rowe, The Isle of Illusion]"}, "407": {"llama": "[Horace Rice, Australia, Ethel Pedley]"}, "408": {"llama": "[German School of Guayaquil, Ecuador, Gal\u00e1pagos Islands, Floreana Island]"}, "409": {"llama": "[Lansdale Pennsylvania, Pennsylvania Route 63, Huntingdon Valley Pennsylvania] or [Lansdale Pennsylvania, Pennsylvania Route 63, Bensalem Township Pennsylvania]"}, "410": {"llama": "[The High Fructose Adventures of Annoying Orange, Mike Fasolo, Robot Chicken: Star Wars Episode II]"}, "411": {"llama": "[Chinese people, Li Bin (diplomat), Kim Il-sung University, Choe Yong-rim]"}, "412": {"llama": "[Mithun Chakraborty, Aadmi (1993 film), Ajit Khan, Suraj (1966 film)]"}, "413": {"llama": "[Pinaki Misra, Indian National Congress, Darshan Singh Pheruman, Amritsar, Sawaare Sabke Sapne... Preeto]\n\nThe diameter of this knowledge graph is 5."}, "414": {"llama": "[Siluck Saysanasy, Laos, Thongbanh Sengaphone, Lao People's Revolutionary Party, Kittiratt Na-Ranong]"}, "415": {"llama": "[FC St. Pauli, Marco Stier, Holstein Kiel, Max Christiansen]"}, "416": {"llama": "[Leo Kottke, Time Step (album), Chrysalis Records, T'ain't What You Do (It's the Way That You Do It)]"}, "417": {"llama": "[Sancho II of Portugal, Kingdom of Castile, Urraca of Le\u00f3n, Salda\u00f1a de Burgos]"}, "418": {"llama": "[Charles Moffatt Jenkinson, Birmingham, Argentina, Wipeout (2009 Australian game show), Josh Lawson, Sea Patrol]"}, "419": {"llama": "[Galway United F.C. (1937\u20132011), Ian Foster (footballer), Craig Reid (footballer  born 1985), Aldershot Town F.C., Jake Cole]"}, "420": {"llama": "[Eudicots, Salsola, Amaranthaceae, Amaranth, Caryophyllales, Plantae, Atriplex powellii, Angiosperms, Astereae, Asterales, Baccharis malibuensis, Verbesina villonacoensis]"}, "421": {"llama": "[Chah Mir  Hormozgan, Ahmadi Rural District, Qalandari  Hajjiabad, Ahmadi District]"}, "422": {"llama": "[2014\u201315 Oxford United F.C. season, Football League Two, 2004\u201305 Swansea City A.F.C. season, 2003\u201304 Swansea City A.F.C. season]"}, "423": {"llama": "[Daniel Rossen, Los Angeles, George Marshall (director), Life Begins at 40 (film), Thomas Beck (actor)]"}, "424": {"llama": "[Lucia Palacios, Cloven Hoofed, Dietmar Post, Play Loud! Productions]"}, "425": {"llama": "[Living in Style, Korean language, Remember That (EP), Extended play, 456132015]\n\nThe diameter of this knowledge graph is 4."}, "426": {"llama": "[Giorgio Moroder, Danger Zone (song), Columbia Records]"}, "427": {"llama": "[Oakhurst California, Lori Martin, Cape Fear (1962 film), Martin Balsam, Voices in the Earth, Jenny Agutter, China 9 Liberty 37]"}, "428": {"llama": "[Lee Garmes, Disraeli (1929 film), Warner Bros., The Millionaire (1931 film), George Arliss]"}, "429": {"llama": "[Tokyo Express, Battle of Cape Esperance, Charles McMorris, World War II]"}, "430": {"llama": "[ CMLL 71st Anniversary Show, Arena M\u00e9xico, Consejo Mundial de Lucha Libre, CMLL 70th Anniversary Show ]"}, "431": {"llama": "[ Gaza City, Palestinian Legislative Council, Democratic Front for the Liberation of Palestine ]"}, "432": {"llama": "[Ornontowice, Poland, W\u0105dro\u017ce Wielkie]"}, "433": {"llama": "[2, Alectryon repandodentatus, Plantae, Nasa jungifolia]"}, "434": {"llama": "[Herbert Druce, Josia frigida, Lepidoptera, Elachista apina]"}, "435": {"llama": "[CBK-FM, Canadian Broadcasting Corporation, The Worst Witch (1998 TV series), Georgina Sherrington, Princeton University, Jim Marshall (Georgia politician)]"}, "436": {"llama": "[Clarinetist, Theo J\u00f6rgensmann, Hathut Records]"}, "437": {"llama": "[Albion  Michigan, Jerome D. Mack, Karen Mack, Russell Goldsmith]"}, "438": {"llama": "[Anglican, William Joyce, National Socialist German Workers' Party, Albert Speer, Mannheim]"}, "439": {"llama": "[Bolivia, Huayna Potos\u00ed, Andes, Antofalla]"}, "440": {"llama": "[Friedrich Lindenberg, Operation Barbarossa, August Koch, Knight's Cross of the Iron Cross]"}, "441": {"llama": "[Dead Man's Party (Buffy the Vampire Slayer), Anne (Buffy the Vampire Slayer episode), Kristine Sutherland, Restless (Buffy the Vampire Slayer), Primeval (Buffy the Vampire Slayer)]"}, "442": {"llama": "[Contenders (song), Virgin Records, Nothing Changes Around Here]\n\nThe diameter of this knowledge graph is 2."}, "443": {"llama": "[Soviet Union, Andriy Tovt, MFC Mykolaiv]"}, "444": {"llama": "[The Eighties (miniseries), CNN, Jake Tapper, Jonathan Karl]"}, "445": {"llama": "[Chromodoris willani, Animal, Arthropod, Cychrus, Cychrus attenuatus]"}, "446": {"llama": "[Depressariidae, Arthropod, Animal, Siebenrockiella, Cryptodira, Cyclemys]"}, "447": {"llama": "[Dana Howard (American football), Chicago Bears, Paul Edinger, Pittsburgh Power]"}, "448": {"llama": "[DXMF, News, Redding News Review, Rob Redding, Lewis Gordon]"}, "449": {"llama": "[ Bengaluru, Vijay Raghavendra, Khushi (2003 Kannada film), Avinash, Doddmane Hudga, Srinivasa Murthy ]"}, "450": {"llama": "[Dino Stamatopoulos, TV Funhouse, Saturday Night Live, Sports Show with Norm Macdonald]"}, "451": {"llama": "[Wilhelm Brasse, Poland, Lost Soul (band), Azarath (band)]"}, "452": {"llama": "[Politician, Felipe Amoedo, Catholicism]"}, "453": {"llama": "[Jack Gaughan, The 1976 Annual World's Best SF, Escape!, Magazine]\n\nThe diameter of this knowledge graph is 4."}, "454": {"llama": "[The Crazy Companies, Andy Lau, Philips Records, Seasons in the Sun, Jacques Brel, Marieke (album)]"}, "455": {"llama": "[Rockwell Kent, Lenin Peace Prize, Oscar Niemeyer, Pritzker Prize]"}, "456": {"llama": "[Debbi Morgan, Color of the Cross, 20th Century Fox, Conan the Barbarian (1982 film), Buzz Feitshans, Color of Night]"}, "457": {"llama": "[The Pirates Who Don't Do Anything: A VeggieTales Movie, Alan Lee (illustrator), Lavondyss, Yamirukka Bayamen (TV series)]"}, "458": {"llama": "[John Butler (musician), Maton, Quincy Mumford]"}, "459": {"llama": "[Stanislav Kitto, FK R\u012bga, P\u0101vels Doro\u0161evs, List of Azerbaijan football transfers summer 2012, Bronislav \u010cervenka]"}, "460": {"llama": "[Allan McDonald (Australian politician), Australia, Wangaratta, Isobelle Carmody]"}, "461": {"llama": "[Wiesbaden, Carl Remigius Fresenius, University of Gie\u00dfen, Viktor von Lang]"}, "462": {"llama": "[Qazanlu, West Azerbaijan Province, Kakusan]"}, "463": {"llama": "[Henrik Ibsen, A Master Builder, Declan Quinn]"}, "464": {"llama": "[Bob Denard, French Navy, Embraer EMB 121 Xingu, Brazil]"}, "465": {"llama": "[Gene Harris, Boise  Idaho, Brett Nelson, Butterfly Train, Up Records, Mocket]"}, "466": {"llama": "[Holcobius hawaiiensis, Arthropod, Selina (genus), Adephaga]"}, "467": {"llama": "[MIGI Clothing, Subsidiary, Mavic, France, Bosgu\u00e9rard-de-Marcouville]"}, "468": {"llama": "[1928-29 SK Rapid Wien season, Eduard Bauer, 1930-31 SK Rapid Wien season, Pfarrwiese, 1941\u201342 SK Rapid Wien season]"}, "469": {"llama": "[Breakbeat Era, Drum and bass, Tiki Taane, Six60 (album)]"}, "470": {"llama": "[Giuseppe Orlandini, Florence, Benedetto Ghiglia, I Knew Her Well, France, Saint-Pierre-du-Chemin]"}, "471": {"llama": "[Anjir Darmian, Iran, Hormozgan Province, Chang  Iran, Central District (Bandar Lengeh County)]"}, "472": {"llama": "[Virovitica, Croatia, Tomislav Iv\u010di\u0107]"}, "473": {"llama": "[Stade Briochin, Michel Rio (footballer), EA Guingamp, Mathieu Scarpelli]"}, "474": {"llama": "[Joseph Patrick Moore, Jazz, Jazz-rock fusion, Ibrahim Maalouf]"}, "475": {"llama": "[London Borough of Hackney, Dave McEwen, Dulwich Hamlet F.C., Tony Sinclair (footballer), Gillingham F.C.]"}, "476": {"llama": "[Research and Development, Digital Surf, Private company, Feinwerkbau]"}, "477": {"llama": "[Shigeko Higashikuni, Japan, Sunao Kasahara, Grulla Morioka]"}, "478": {"llama": "[ Ruby Wax, Ed Bye, Hammersmith ]"}, "479": {"llama": "[Dematic Party (United States), James B. McCreary, Cumberland University]"}, "480": {"llama": "[OFC Nesebar, Ivan Tsachev, PFC Spartak 1918, Emmanuel Baba]"}, "481": {"llama": "[Qaleh Emam, Iran, Basadi-ye Hajj Barun]"}, "482": {"llama": "[England, Goddard Lieberson, Manhattan  New York, Andrew Gross]"}, "483": {"llama": "[Mississippi mud pie, Dessert, Conversation tart, J\u00e9suite]"}, "484": {"llama": "[Amazing Stories (TV series), Anthology series, The Nightmare Room, Adventure]"}, "485": {"llama": "[Belgium national under-15 football team, Nabil Jaadi, Morocco national under-17 football team, Karim Achahbar, France]"}, "486": {"llama": "[Lu Tien-ling, Democratic Progressive Party, Hsu Hsin-liang, Huang Shin-chieh, Taiwan under Japanese rule, Chang Po-ya]"}, "487": {"llama": "[Danville  Illinois, Jerry Van Dyke, Annabelle's Wish]"}, "488": {"llama": "[Chevrolet TrailBlazer, Rear-wheel drive, Buick Rainier, Buick Envision]"}, "489": {"llama": "[Songwriter, Chris DeStefano, Come Through for You]"}, "490": {"llama": "[Ardestan County, Omidiyeh  Isfahan]"}, "491": {"llama": "[M. B. Sreenivasan, Anantaram, Ashokan (actor), Peruvazhiyambalam]"}, "492": {"llama": "[Andrew Theophanous, University of Melbourne, David Warren (inventor), University of Sydney, Derek Muller, Los Angeles]"}, "493": {"llama": "[Stonewall Jackson, Mary Anna Jackson, Lincoln County  North Carolina]"}, "494": {"llama": "[William Jackson Hooker, Liatris punctata, Plantae, Chamaeanthus, Epidendroideae]"}, "495": {"llama": "[Chinese history, \u00c9douard Chavannes, Paul Demi\u00e9ville]"}, "496": {"llama": "[James Wilson (New Zealand politician  born 1849), Hawick, Hawick Royal Albert F.C., Willie MacFarlane (footballer  born 1930), Livingston F.C.]"}, "497": {"llama": "[Como, Giuseppe Ambrosoli, Lira Uganda, Sam Engola, Politics]"}, "498": {"llama": "[ Laura Betti, Casalecchio di Reno, Unipol Arena ] or [ Laura Betti, Casalecchio di Reno, List of twin towns ] or [ Laura Betti, Italy, Casalecchio di Reno, Unipol Arena ] or [ Laura Betti, Italy, Casalecchio di Reno, List of twin towns ]"}, "499": {"llama": "[North Kingstown  Rhode Island, Daniel Littlefield, Central Falls  Rhode Island]"}}