{"0": {"llama8b": "[Veronica Garcia, Katherine Brennan, Angel Chavez, Steven Martin, Julia Dominguez]"}, "1": {"llama8b": "[Michele Nelson, Kevin Brooks, Toni Suarez]"}, "2": {"llama8b": "[Shawn Grant, Jeffery Sanford]"}, "3": {"llama8b": "[Monica Watkins, Valerie Armstrong]"}, "4": {"llama8b": "[Curtis Meza, Roger Martin, Judith James]"}, "5": {"llama8b": "[Jessica Sullivan, Valerie Patrick, Kathryn Bernard]"}, "6": {"llama8b": "[Elizabeth Davenport, Rebekah Brooks]"}, "7": {"llama8b": "[Shelby Saunders, Mrs. Jessica Moore, Dr. Bailey Thompson, Kelsey Doyle, Jennifer Roy, Edward Tucker, William Chen, Stephen Edwards, Kimberly Brown, Susan Cole, Robin Gray, Christina Marshall, Greg Kirk, Isabella Pratt]"}, "8": {"llama8b": "[Kristi Morris, Michael Schwartz, Daniel Rosario]"}, "9": {"llama8b": "[Melanie Santiago, David Jones]"}, "10": {"llama8b": "[Joshua Thomas, Michael Johnson, John Schultz]"}, "11": {"llama8b": "[Carl Robinson, Kevin Bowen, Dr. Olivia Juarez]"}, "12": {"llama8b": "[Margaret Morris, Barbara Garcia MD, Deborah Bates]"}, "13": {"llama8b": "[Ms. Amy Duncan, Dr. Elizabeth Sullivan, Brian Wright, Haley Berry, Derek Morales, Bethany Hunter]"}, "14": {"llama8b": "[Robert Bell, Miss Heather Ware, Ashley Williams]"}, "15": {"llama8b": "[Joseph Bowman, Jamie Garcia, Marilyn Simmons, Troy Butler]"}, "16": {"llama8b": "[Ronald Cervantes, Mr. Matthew Christian, Karen Lee]"}, "17": {"llama8b": "[Jose Alexander, Kelsey Elliott, Susan Greene, Michael Young, Patrick Higgins, Richard Conrad, Matthew Ball, Tony Alvarez, Shannon Ford, Johnathan Jones, Derrick Jackson Jr.]"}, "18": {"llama8b": "[Anna Green, Crystal Campbell]"}, "19": {"llama8b": "[Todd Kramer, Juan French]"}, "20": {"llama8b": "[Jack Alexander, Christina Li, Cynthia Kirk]"}, "21": {"llama8b": "[John Brown, Yvonne Bailey]"}, "22": {"llama8b": "[Heather Barrett, Zachary Potter]"}, "23": {"llama8b": "[Heidi Kennedy, Kristen Gutierrez]"}, "24": {"llama8b": "[Leslie Johnson, Jonathan Santiago]"}, "25": {"llama8b": "[Christopher Williams, Elizabeth Jones, Courtney Mckinney, Alyssa Johnson]"}, "26": {"llama8b": "[Steven Mills, Chad Olson]"}, "27": {"llama8b": "[Mary Reynolds, Rebecca Gillespie]"}, "28": {"llama8b": "[John Ward, Michael Lee, Anthony Johnson DDS]"}, "29": {"llama8b": "[Andrew Williams, Gabrielle Day]"}, "30": {"llama8b": "[Mrs. Melanie Webster, Jonathan Browning]"}, "31": {"llama8b": "[Justin Washington, Cameron Russell, James Kline]"}, "32": {"llama8b": "[Monica Stokes, Gloria Galvan, Kevin Parker]"}, "33": {"llama8b": "[Sarah Estrada, Brianna Anderson]"}, "34": {"llama8b": "[Jasmine Quinn, Eric Miller, Andrew Evans]"}, "35": {"llama8b": "[Patricia Sullivan, Lisa Boone]"}, "36": {"llama8b": "[Logan Sosa, Kathleen Murray, Frank Ford]"}, "37": {"llama8b": "[Laura Obrien, Kathleen Brown, Tiffany Mcdonald, Andrea Miller MD]"}, "38": {"llama8b": "[Amy Garcia, Meagan Pierce]"}, "39": {"llama8b": "[Randy Cook, Jessica Martinez, Kimberly Smith]"}, "40": {"llama8b": "From the given social network, we can identify the following connected components:\n\n- The first component includes Cole Thompson, Mrs. Karen Anderson, Jason Morales, Darius Stevens, Jamie King, Patricia Cameron, and Corey Carter. By selecting one representative node from this component, we have Jason Morales.\n- The second component includes Andrea Willis and Brian Perez. By selecting one representative node from this component, we have Andrea Willis.\n\nTherefore, the answer is [Jason Morales, Andrea Willis]."}, "41": {"llama8b": "[William Walker, Michelle Gonzalez, Kimberly Le]"}, "42": {"llama8b": "[Lynn Weaver, Blake Long, Stephen Riggs, Johnathan Nicholson]"}, "43": {"llama8b": "[Michelle Vasquez, Christina Cantu]"}, "44": {"llama8b": "From the given connections, we can identify the following connected components:\n\nThe first component includes Chelsea Bryant, Laura Johnson, Nicole Nelson, and Brittany Dyer. They are all connected to Dwayne West, who is the central node in this component.\n\nThe second component includes Dwayne West, Michael Tran, Cheyenne Branch, Austin Mcknight, Veronica Rodriguez, and Jeremy Brown. They are all connected to Dwayne West, who is the central node in this component.\n\nThe third component includes only one node, which is Michael Tran. He has no connections to any other nodes.\n\nBy selecting one representative node from each connected component, we have Dwayne West from the first component, Dwayne West from the second component, and Michael Tran from the third component. Therefore, the answer is [Dwayne West, Dwayne West, Michael Tran]."}, "45": {"llama8b": "[Barry Fuentes, Maria Johnson]"}, "46": {"llama8b": "[Christopher Cooley, Seth Alexander]"}, "47": {"llama8b": "[Andrew Miller, Robert Johnston]"}, "48": {"llama8b": "[Jason Barker, Haley Gomez, Crystal Johnson]"}, "49": {"llama8b": "[Christopher Stephens, Joyce Hanson]"}, "50": {"llama8b": "[Tiffany Thomas, Michael Powell, Jessica Gibson]"}, "51": {"llama8b": "[Samuel Patel, Nicholas Wilkerson, Jennifer Koch]"}, "52": {"llama8b": "[Katherine Chung, Lisa Harris, Rebecca Harrington]"}, "53": {"llama8b": "[Catherine Stewart, Michele Johnson, Amy Hill]"}, "54": {"llama8b": "[Andres Hall, Gary Mills, Ashley Leonard]"}, "55": {"llama8b": "[Christopher Shaw, Derrick Huber, Christopher Jones]"}, "56": {"llama8b": "[Jason Wilson, Amy Jones, Michael Rogers]"}, "57": {"llama8b": "[Elizabeth Cruz, Justin Baxter, Betty Whitaker DDS]"}, "58": {"llama8b": "[Michael Page, Steven Peterson, Jorge Norton DDS]"}, "59": {"llama8b": "[Ray Morris, Linda Wong, Robert Edwards, Stanley Fields, Sonya Allison, Chelsea Williams]"}, "60": {"llama8b": "[Crystal Underwood, Mr. Scott Mendoza, Christopher Coleman]"}, "61": {"llama8b": "[Mark Hooper, Travis Brandt DVM, Jennifer Berg, Ronald Mitchell, Mike Santos, Joshua Anderson, Sherri Jones, Anita Williams, Tony White, Anthony Perez]"}, "62": {"llama8b": "[Tara Lester, Jamie Strickland, Jeffrey Parker MD, Mr. Harry Larsen]"}, "63": {"llama8b": "[Toni Calhoun, Ms. Bethany Waller]"}, "64": {"llama8b": "[Angela Grant, Danielle Fox, Erin Washington]"}, "65": {"llama8b": "[Catherine Miller, Hannah Randall]"}, "66": {"llama8b": "[Mark Sims, Regina Simmons]"}, "67": {"llama8b": "[Ann Roberts, Sara Lewis]"}, "68": {"llama8b": "[Kim Roberts, Steven Lee, Timothy Trujillo MD]"}, "69": {"llama8b": "[Heather Torres, Sean Hall]"}, "70": {"llama8b": "[John Ali]"}, "71": {"llama8b": "[Aaron Burke, Regina Simmons, Michelle Davis, Brian Fernandez, Anne Newton, Jimmy Aguilar, Anthony Jones, Christine Dixon, Paul Mccoy, Chad Taylor, Benjamin Luna]"}, "72": {"llama8b": "[Teresa Cooper, Susan Ward, Benjamin Dennis]"}, "73": {"llama8b": "[Melissa Bauer, Samantha Baker, Amanda Lawson, Lauren White]"}, "74": {"llama8b": "[Lauren Thomas, Erika Davis]"}, "75": {"llama8b": "[Sherry Ward, Jennifer Harrell]"}, "76": {"llama8b": "[Donald Ramsey, Christine Walker, Pamela Burgess]"}, "77": {"llama8b": "[Brandon Webster, Corey Bullock, Thomas Carroll, Crystal Koch]"}, "78": {"llama8b": "[Anna Adams PhD, Brian Garcia]"}, "79": {"llama8b": "[Christopher Mercer, Pamela Lee]"}, "80": {"llama8b": "[Morgan Thompson, Jessica Hicks, Jeffrey Roach]"}, "81": {"llama8b": "[Ruben Randall, Taylor Smith, Jennifer Richardson]"}, "82": {"llama8b": "[Andrea Stevenson, Andrew Huynh]"}, "83": {"llama8b": "[James Russell, Hector Mckinney]"}, "84": {"llama8b": "[Joseph Carter PhD, Kristy Sanders, Craig Marshall]"}, "85": {"llama8b": "[Gina Nunez, Matthew Flores]"}, "86": {"llama8b": "[Becky Francis, Jason Salazar, Michael Perry]"}, "87": {"llama8b": "[Julia Oneill, Rodney Baker, Sarah Powell, Anne Payne]"}, "88": {"llama8b": "[Gregory Salinas, Mckenzie Ponce, Jennifer Anderson MD]"}, "89": {"llama8b": "[Justin Horton, Lauren Thomas, Sheila Peters, Edward Davis]"}, "90": {"llama8b": "[Regina Hill, Jeremy Choi]"}, "91": {"llama8b": "[Michelle Kramer, Kelly Dominguez]"}, "92": {"llama8b": "[Tamara Garcia, Heather Williams, Anthony Tyler]"}, "93": {"llama8b": "[Barbara Walters, Timothy Torres]"}, "94": {"llama8b": "[Jose Peters, Mr. Steven Arnold]"}, "95": {"llama8b": "[Jason Wong, Alexandra Morales]"}, "96": {"llama8b": "[Eric Sims, Shannon Barr, Patrick Salinas]"}, "97": {"llama8b": "[Lauren James, Melvin Torres, Ms. Erin Mendoza]"}, "98": {"llama8b": "[Mr. Christopher Taylor, Jennifer Duncan]"}, "99": {"llama8b": "[Kaitlin Baker, Mary Jones]"}, "100": {"llama8b": "[Jared Robles, Amy Moore, Mrs. Jennifer Gregory, Tyler Saunders MD]"}, "101": {"llama8b": "[Brooke Sanchez, Mariah Smith, Christopher Anderson]"}, "102": {"llama8b": "[Victoria Kidd, Jason Macias, Sherry Sanders, Fernando Gallegos]"}, "103": {"llama8b": "[Jon Burton, Timothy Perez, Gina Cruz]"}, "104": {"llama8b": "[Jennifer Walker, John Frost, Mary Rasmussen]"}, "105": {"llama8b": "[Jerry Bowman, Kayla Bishop, Erika Daugherty, Jeremy Green]"}, "106": {"llama8b": "[Rebecca Gray, Larry Martinez, Jennifer Richardson]"}, "107": {"llama8b": "[Theresa Schultz, Samantha Yang]"}, "108": {"llama8b": "[Erika Coleman, Robert Lewis, Kathleen Williams, Jenna Green]"}, "109": {"llama8b": "[Brandy Mathis, Michael Roberts]"}, "110": {"llama8b": "[Tiffany Rowland, Sandra Miller]"}, "111": {"llama8b": "[Kimberly Warren, Vincent Moore]"}, "112": {"llama8b": "[Kimberly Reed, Cameron Roberts, Samantha Harding]"}, "113": {"llama8b": "[Paul Robinson, Sarah Nelson, Gabrielle Morrison, Joel Martin]"}, "114": {"llama8b": "[Benjamin Johnson, Zachary Moore]"}, "115": {"llama8b": "[Rebecca Sosa, Jose Hamilton, Matthew Schroeder]"}, "116": {"llama8b": "[Jamie Oliver, Brianna Jackson, Jessica Patel DDS, Mr. Joseph Mcclure Jr.]"}, "117": {"llama8b": "[Barbara Warren, Mackenzie Adams, Lindsay Smith]"}, "118": {"llama8b": "[Jordan Franco, Pamela Rivera]"}, "119": {"llama8b": "[Ryan Lloyd, Patrick Romero]"}, "120": {"llama8b": "[Anthony Wilson, Sara Ramirez, Samantha Woodard]"}, "121": {"llama8b": "[Matthew Lawrence, Jordan Morgan MD, Krista Shields]"}, "122": {"llama8b": "[Cynthia Smith, Jason Sanders, Nancy Lawrence]"}, "123": {"llama8b": "[Anthony Elliott, Mr. Thomas Ayala, Joseph Smith]"}, "124": {"llama8b": "[Samuel Bell, Frank Brown, Sara Shelton]"}, "125": {"llama8b": "[Deborah Wright, Danielle Briggs, Jennifer Thompson, Ronald Perez, Gloria House, David Cook, James Jackson, Jill Page, Mark James, George Jimenez, Brandon Andrade]"}, "126": {"llama8b": "[Craig Collins, Kiara Johnson, David Martin]"}, "127": {"llama8b": "[Lee Jennings, Michael Lawson]"}, "128": {"llama8b": "[Evan Wright, Amanda Kidd, Kristen Burns]"}, "129": {"llama8b": "[Steven Arias MD, Ashley Caldwell]"}, "130": {"llama8b": "[Justin Ramirez, Sean Young]"}, "131": {"llama8b": "[Matthew Paul, Craig Murphy MD]"}, "132": {"llama8b": "[Adam Sharp, Jill Smith, Tyler Patterson]"}, "133": {"llama8b": "[Charles Hill, Amber Warren, Sarah Rodriguez, William Hernandez]"}, "134": {"llama8b": "[Renee Brown, Richard Solis]"}, "135": {"llama8b": "[Sharon Williamson, John Davis, Timothy Moore, Amanda Lucero, Anthony Daniel, Andrew Price, Shane Bowers, Jordan Downs, Melissa Farley, Sarah Smith]"}, "136": {"llama8b": "[Bradley Roberts, Alexis Thomas, Vincent Fisher]"}, "137": {"llama8b": "[Micheal Clark, Shawn Kline]"}, "138": {"llama8b": "[Chelsea Nguyen, Brittany King, Gary Harris]"}, "139": {"llama8b": "[Debbie Yates, Ryan Rodriguez, Miss Gabrielle Wright]"}, "140": {"llama8b": "[Phillip Marsh, Courtney Escobar, James Ware]"}, "141": {"llama8b": "[Noah Decker, Nicole Huynh, Melinda Orr]"}, "142": {"llama8b": "[Joseph Wells, Susan Jennings]"}, "143": {"llama8b": "[Andrew Brown, Evelyn Franklin, Mrs. Teresa Ward DDS]"}, "144": {"llama8b": "[Lisa Douglas, Michelle Williams, Maurice Francis]"}, "145": {"llama8b": "[David Dalton, Travis Swanson, Alisha Clarke]"}, "146": {"llama8b": "[Matthew Irwin, William Lee]"}, "147": {"llama8b": "[Lee Espinoza, Margaret Murphy, Thomas Moyer, Jeremy Leon, Jody Martinez, Courtney Harris, Sean Hunter, Henry Lee, James Brown, Steven Fox, Joe Brown, John Mills, Michael Harmon, Theresa Scott]"}, "148": {"llama8b": "[Dylan Foster, Devon Morgan, Emily Collins]"}, "149": {"llama8b": "[Mark Payne, Ashley Gray, Roberta Smith]"}, "150": {"llama8b": "[Leah Mahoney, Peter May]"}, "151": {"llama8b": "[Corey Rogers, Sara Jones, Diana Lara, Kyle Davila, Philip Shepherd]"}, "152": {"llama8b": "[Terry Weber, Sharon Garza, Rebecca Norman]"}, "153": {"llama8b": "[Maria Luna, David Barber, Brian Diaz]"}, "154": {"llama8b": "[Richard Flores, Kristen Douglas, Michael Gay]"}, "155": {"llama8b": "[Gregory Summers, Alyssa Rodriguez DVM]"}, "156": {"llama8b": "[Richard Santana, Amy Smith, Vincent Green, William Paul]"}, "157": {"llama8b": "[Elizabeth Hurst, Anthony Nguyen, Mrs. Marcia Macias DDS, Deborah Bowman, Dalton Morrison]"}, "158": {"llama8b": "[Gabriel Odonnell, Tara Perez]"}, "159": {"llama8b": "[Mark Barnes, Ryan Foster, Holly Smith, Brian Bishop]"}, "160": {"llama8b": "[Elizabeth Kirk, Ruben Simmons, Dorothy Miller]"}, "161": {"llama8b": "[Tammy Burgess, James Aguirre]"}, "162": {"llama8b": "[Michelle Sandoval, Heather Smith, Jamie Scott]"}, "163": {"llama8b": "[Laura Meyers, John Hart, Melissa Coleman, Robert Church, Christopher Wilson]"}, "164": {"llama8b": "[Eric Henderson, Mary Preston, Kimberly Huynh, Alexandra Carey, James Taylor, Victor Morgan]"}, "165": {"llama8b": "[Heather Ortiz, Angela Jimenez, Alfred Williams, Daniel Barr]"}, "166": {"llama8b": "[Kimberly Peterson MD, Kim Garcia, Kayla Hall]"}, "167": {"llama8b": "[Joan Shields, Richard Blair]"}, "168": {"llama8b": "[Eric Dawson, Kathy Williams, Darrell May]"}, "169": {"llama8b": "[Jason Brown, Mr. Mitchell Johnson DDS, Heather Rhodes, Lori Curry, Shirley Morrison, Gerald Wells, Melissa Morrow]"}, "170": {"llama8b": "[Michael Rowland, James Velazquez, Angela Reid]"}, "171": {"llama8b": "[Duane Hall, Ms. Cynthia Bell]"}, "172": {"llama8b": "[Kristen Long, Brandon Tucker, Nicole Williams, Dustin Lucas]"}, "173": {"llama8b": "[Nathan Allison, Susan Austin, Holly Wilson, Christopher Harding, Sara George, Kelly Ford, Danielle Reynolds, Joyce Jones, Bryan Berg]"}, "174": {"llama8b": "[Joseph Patterson, Vincent Price]"}, "175": {"llama8b": "[Destiny Simpson, Cheryl Prince]"}, "176": {"llama8b": "[Raymond Carter, Christina Campbell, Joseph Schwartz]"}, "177": {"llama8b": "[Alicia Robinson, Michael Collier, Erin Wise, John Moore, Gina Horton, Jeffrey Rice, Michelle Hansen, Rachel Wilson, Alan Savage]"}, "178": {"llama8b": "[Michael Ellis, Brandon Medina]"}, "179": {"llama8b": "[Jenny Swanson, Anthony Smith]"}, "180": {"llama8b": "[Nicholas Roberson MD, Gregory Hughes, Daniel Brown]"}, "181": {"llama8b": "[Carol Horton, Mr. Cameron Joseph, Dr. Tim Alvarado]"}, "182": {"llama8b": "[Oscar Montgomery, Kristin Burgess, Blake Banks, Erika Brown]"}, "183": {"llama8b": "From the given connections, we can identify three isolated connected components. The first component includes Jeffery Choi, Jessica Sanchez, Michelle Holmes, Joseph Nguyen, Mackenzie Clark, and Mr. Mark Richards. The second component includes Michelle Burnett and Mark George. The third component includes no nodes (since there are no connections). By selecting one representative node from each connected component, we have Jeffery Choi from the first component, Michelle Burnett from the second component, and no node from the third component (since there are no nodes). Therefore, the answer is [Jeffery Choi, Michelle Burnett]."}, "184": {"llama8b": "[Kevin Morrow, Sherri Bruce, James Robles]"}, "185": {"llama8b": "[Joy Weber, Joshua Moore, Mr. Eric Mckay]"}, "186": {"llama8b": "[Jose Carpenter, Stephanie Livingston, Antonio Gutierrez]"}, "187": {"llama8b": "[William Williams, Hannah Murphy]"}, "188": {"llama8b": "[Steven Collins, Claudia Harris, Stephen Mendoza]"}, "189": {"llama8b": "[Wendy Turner, Sarah Blankenship, Rebecca Watson, Jonathan Bailey, Laura Gordon, Shawn Schultz, Isaac Jennings, Edward Phillips, Pamela Miller, Jose Miller, Heidi Mcknight, Karen Robertson, David Murphy, Gary Martinez]"}, "190": {"llama8b": "[Debra Greene, Margaret Wilson]"}, "191": {"llama8b": "[Anthony Carlson, Jorge Reyes, Denise Fleming]"}, "192": {"llama8b": "[Elizabeth Washington, Gregory Olson MD, Erik Sanchez]"}, "193": {"llama8b": "[Michelle Hernandez, Samuel Clark]"}, "194": {"llama8b": "From the given social network, we can identify the following connected components:\n\n1. Component 1: Julia Phillips, Lori Daniel, Rachel Johnson, Jeremy Pace, Jeremiah Mason MD, James Perez\n   Representative node: Lori Daniel\n\n2. Component 2: Joshua Mccoy, Miss Annette Pruitt\n   Representative node: Julia Phillips\n\nTherefore, the answer is [Lori Daniel, Julia Phillips]."}, "195": {"llama8b": "[Nicholas Mitchell, Jennifer Peters, Vincent Ruiz]"}, "196": {"llama8b": "[Walter Meyer, Stephanie Bean, John Cunningham]"}, "197": {"llama8b": "[Marisa Jackson, Sean Moreno]"}, "198": {"llama8b": "[Mark Flores, Andrew Kennedy, Cynthia Buck]"}, "199": {"llama8b": "[Teresa Morrison, Jeffrey Henry, Jeremy Wagner, Matthew Carlson, Stefanie Boyle, Jeremy Peterson, Mark Hickman, Suzanne Moody, Mrs. Breanna Wheeler]"}, "200": {"llama8b": "[Thomas Zamora, Catherine Smith, Nathan Rangel]"}, "201": {"llama8b": "[Desiree Johns, Jessica Miller, Andrew Soto, Cathy Graham, Nicole Guerra]"}, "202": {"llama8b": "[Tanya Bernard, Jeffrey Curry, Jonathan Henderson]"}, "203": {"llama8b": "[Patricia Castro, Trevor Morrison]"}, "204": {"llama8b": "[Roberta Jacobson, Erin Nguyen, Samuel Henderson]"}, "205": {"llama8b": "[Sandra Thomas, Megan Brandt, Charles Mann]"}, "206": {"llama8b": "[Kenneth Turner, Lisa Wood, James Mcdonald, Yolanda Becker, Patricia Thompson, Corey Higgins, Jessica Jones, Dwayne Anderson, Beth Jackson]"}, "207": {"llama8b": "[Anna Griffin, Katie Leblanc, Eric Brooks]"}, "208": {"llama8b": "[Travis Williams, Christopher Olsen, John Robles]"}, "209": {"llama8b": "[Janice Davidson, Mr. Jacob Wright DDS]"}, "210": {"llama8b": "[Heidi Perez, Brett Arnold]"}, "211": {"llama8b": "[Xavier Mitchell, Brenda Melton]"}, "212": {"llama8b": "[Christopher Blake, Lauren Ross, Brittany Hawkins]"}, "213": {"llama8b": "[Ethan Mcdaniel, Sara Hamilton, Thomas Kennedy]"}, "214": {"llama8b": "[Jay Duncan, Paul Rodriguez]"}, "215": {"llama8b": "[Erica Bates, Amy Johnson]"}, "216": {"llama8b": "[David Nelson, Madeline Collier, Jennifer Ramos]"}, "217": {"llama8b": "[Andrew Roberts, Pamela Jones, Andrew Bryant]"}, "218": {"llama8b": "[Harry Smith, Michael Maddox, Shannon Mendez]"}, "219": {"llama8b": "[Deborah Torres]"}, "220": {"llama8b": "[Shannon Patel, Christina Singleton, Frank Howard]"}, "221": {"llama8b": "[Erin Guerra, Lisa Taylor, Susan Mitchell DDS, Janet Beltran, Heather Thompson, Beth Vega, Joel Dalton, Misty Beck, Colton Guzman, David Gonzales, Jonathan Benitez]"}, "222": {"llama8b": "[Crystal Chavez, Monique Hale, Adam Brewer, Alan Wong]"}, "223": {"llama8b": "[Richard Mccarty, Robert Villanueva, Mary Reeves, Kimberly Bolton, Mr. Joshua Shaw, Bryan Foster, David Warner, Regina Le, John Cain]"}, "224": {"llama8b": "[Michael Moore, Katherine Dunn, Bryan Shaw, Lisa Smith, Teresa Jordan]"}, "225": {"llama8b": "[Melissa Hawkins, Tracy Richardson]"}, "226": {"llama8b": "[Michelle Medina, Ryan Cameron]"}, "227": {"llama8b": "[Phillip Simon, Mr. Thomas Villarreal]"}, "228": {"llama8b": "[Antonio Sims, Julian Harmon, John Johnson]"}, "229": {"llama8b": "[Diane Hansen, Daniel Estrada]"}, "230": {"llama8b": "[Jason Morris, Mr. Dale Allen, Dana Acosta, Melanie Johnson, Brian Lawson, Clinton Jensen, Kiara Snyder, Jessica Osborne, Kayla Weeks DDS]"}, "231": {"llama8b": "From the given connections, we can identify three isolated connected components. The first component includes Joseph Miller, Jocelyn Wang, Catherine Johnson, and Kari Lawson. The second component includes Carlos Bryant and Dawn Contreras. The third component includes Brian Boyd.\n\nBy selecting one representative node from each connected component, we have Joseph Miller from the first component, Carlos Bryant from the second component, and Brian Boyd from the third component. Therefore, the answer is [Joseph Miller, Carlos Bryant, Brian Boyd]."}, "232": {"llama8b": "[Dean Johnson, James Brooks, Joshua Salazar]"}, "233": {"llama8b": "[Alfred Williams, Douglas Martinez, Rebekah Sanders]"}, "234": {"llama8b": "[Jessica Griffin, Alicia Stephenson, Miss Tamara Blackwell]"}, "235": {"llama8b": "[Christopher Johnson, Caroline Bell]"}, "236": {"llama8b": "[Rebecca Medina, Michelle Ray, Mr. Adrian Hayes]"}, "237": {"llama8b": "[Joanna Baker, Francisco Perez]"}, "238": {"llama8b": "[Kendra Weaver, Julia Bond]"}, "239": {"llama8b": "[Deborah Williams, Nicole Graham]"}, "240": {"llama8b": "[Duane Schaefer, Michael Ramsey, Erin Ballard]"}, "241": {"llama8b": "[Amy Perez, Kelly Warren, Donald Jones, Alison Moran, Stephanie Hughes, Joseph Griffin, Roberto Jones, Stacie Robinson, Roy Allen]"}, "242": {"llama8b": "[Alison Chan, Joshua Pennington]"}, "243": {"llama8b": "[Robert Weeks, Yolanda Smith]"}, "244": {"llama8b": "[Robert Fitzgerald, Phillip Morris, Jennifer Gonzales]"}, "245": {"llama8b": "[David Murphy, Jacob Graves, George Nunez]"}, "246": {"llama8b": "[Donna Wheeler, Robert Turner]"}, "247": {"llama8b": "[Kimberly Lewis, Jason Perry]"}, "248": {"llama8b": "[Kevin Myers, Megan Hernandez, Christopher Knight]"}, "249": {"llama8b": "[Dakota Johnson, Shari Reeves]"}, "250": {"llama8b": "[Joseph Crawford, Wanda Smith, Tracy Conrad]"}, "251": {"llama8b": "[Donna Freeman, Nicole Williams, Kevin Frey]"}, "252": {"llama8b": "[Todd Oconnor, Ashley Jackson, Daniel Wright]"}, "253": {"llama8b": "[Michael Rhodes, Joshua Carrillo, Brenda Kramer]"}, "254": {"llama8b": "[Jennifer Scott, Gina Baker]"}, "255": {"llama8b": "[Leah Rivera, Frank Hill, Wendy Hale, Adam Norton]"}, "256": {"llama8b": "[Connie Gordon, Deanna Smith]"}, "257": {"llama8b": "[Emily Taylor, Morgan Oconnor, Allen Nash]"}, "258": {"llama8b": "[Stacey Wright, Bradley Wilson, Eric Quinn]"}, "259": {"llama8b": "[Jessica Silva, Billy Lang, Charles Wise]"}, "260": {"llama8b": "[Mrs. Jasmine Moran, Matthew Keith, Anthony Lee]"}, "261": {"llama8b": "[Melissa Brown, Thomas David]"}, "262": {"llama8b": "[Lori Bell, Daniel Martinez]"}, "263": {"llama8b": "[James Marquez, Laura Jenkins]"}, "264": {"llama8b": "[Michael Stein, Rhonda Jimenez, Eric Taylor PhD]"}, "265": {"llama8b": "[Mr. Jimmy Garcia, Tracy Wong]"}, "266": {"llama8b": "[John Huffman, Michael Chavez, Traci Woods]"}, "267": {"llama8b": "[Dwayne Mason, Shirley Hernandez]"}, "268": {"llama8b": "[Maria Wade, Jerry Smith, Kimberly Richardson]"}, "269": {"llama8b": "[Deborah Perkins, Antonio Lucas]"}, "270": {"llama8b": "[Deborah Williams, Ashley James, Jorge Lewis]"}, "271": {"llama8b": "[Madeline Morales, Michelle Santana, Denise Hernandez, Dr. Andrew Thomas, Noah Flores, Nicholas Mcintyre, Eric Rowland, Justin Hoffman]"}, "272": {"llama8b": "[Eric Cantrell, Lisa Frazier, Elizabeth Luna]"}, "273": {"llama8b": "[Rita Green, Kathleen White]"}, "274": {"llama8b": "[Emma Paul, Michelle Moore, Jonathan Rivera, Chris Stein, Carolyn Barrett, Brandi Duncan, Kathryn Jones, Mark Martinez, Paul Valencia, Jessica Brown, Edwin Walters]"}, "275": {"llama8b": "[Scott Harper DDS, Elizabeth Howard, Laura Bailey, Christopher Williams, Shawn James MD]"}, "276": {"llama8b": "[Kenneth Caldwell, David Everett, Joseph Roberts]"}, "277": {"llama8b": "[Tanya Nicholson, Karen Thompson]"}, "278": {"llama8b": "[William Glover, Lisa Austin, Jeffrey Novak]"}, "279": {"llama8b": "[Jamie Larsen, Raymond Jones, Rachel Patton]"}, "280": {"llama8b": "[Mrs. Sandra Best, Rachel Bailey]"}, "281": {"llama8b": "[Jeffrey Watson, Brian Bowen, Matthew Fischer]"}, "282": {"llama8b": "[Robert Monroe, Michelle Waller, Daniel Williams]"}, "283": {"llama8b": "[Shawn Webster, Sandra Dominguez]"}, "284": {"llama8b": "[Heather Davis, Michael Lopez, Karen Smith]"}, "285": {"llama8b": "[Katherine Anderson, Sheri Kaiser, Ronald James]"}, "286": {"llama8b": "[Barbara Higgins, John Sullivan, Monica Carroll, Miss Audrey Miller]"}, "287": {"llama8b": "[Dr. Maria Johnston, Kelsey Valenzuela]"}, "288": {"llama8b": "[Jose Burnett, Elizabeth Mcdowell, Michael Casey]"}, "289": {"llama8b": "[Ellen Christian, Karen Martin, Sarah Smith, Austin Tran, Nicholas Monroe, Stephen Cunningham, Carrie Richards, Leah Mays, Rhonda Ross]"}, "290": {"llama8b": "[Victoria Rojas, Curtis Allen, Ann Ortiz]"}, "291": {"llama8b": "[Christina Garcia]"}, "292": {"llama8b": "[John Charles, Nicole Jones, Jennifer Taylor]"}, "293": {"llama8b": "[Angela Acosta, Michael Ferguson, Tricia Lawrence]"}, "294": {"llama8b": "[Alicia Morgan, Sharon Taylor, Douglas Jimenez]"}, "295": {"llama8b": "[Roy Gonzales, Marcus Riggs]"}, "296": {"llama8b": "[Michelle Rivera, Michelle Lawrence, Barbara Randolph]"}, "297": {"llama8b": "[Olivia Patel, Walter Chavez, Jenna Holland, Dwayne Lewis, Angela Scott]\n\nExplanation: In this social network, we have the following names and connections: Olivia Patel, Walter Chavez, Jenna Holland, Dwayne Lewis, and Angela Scott. The connections are: Olivia Patel to Walter Chavez, Olivia Patel to Jenna Holland, and Dwayne Lewis to Angela Scott. From these connections, we can identify one isolated connected component. The component includes all the nodes in the network, as every node is connected to at least one other node. Therefore, the answer is [Olivia Patel, Walter Chavez, Jenna Holland, Dwayne Lewis, Angela Scott]."}, "298": {"llama8b": "[Julie Roberts, Dr. Kathryn Perkins]"}, "299": {"llama8b": "[Anita Pierce, Katie Kim]"}, "300": {"llama8b": "[Kevin Brown, Leslie Russo, David Miller]"}, "301": {"llama8b": "[John Singh PhD, Larry Parks]"}, "302": {"llama8b": "[Michael House, David Williams, Raymond Olson]"}, "303": {"llama8b": "[Steven Wood, Jane Conley MD]"}, "304": {"llama8b": "[Kaitlin Thomas, Melissa Farley, Matthew Estrada]"}, "305": {"llama8b": "[Jessica King MD, Jessica Flynn, Danielle Carson]"}, "306": {"llama8b": "[Megan Hart, Michelle Donovan, Daniel Morgan]"}, "307": {"llama8b": "[Brandon Morris, Robert Carey, Clarence Reynolds]"}, "308": {"llama8b": "[Daniel Nunez, Michelle Craig, Dr. John Woods, Julie James, Tracy Kelly]"}, "309": {"llama8b": "[Elizabeth Bailey DDS, Andrew Neal, Nicole Park, Robert King]"}, "310": {"llama8b": "[Anthony Doyle, Stephanie Mullins]"}, "311": {"llama8b": "[Sharon Jackson, Erin Orozco, Lori Anderson]"}, "312": {"llama8b": "From the given connections, we can identify three isolated connected components. The first component includes Rachel Griffin, Kayla Washington, and Jordan Peterson, the second component includes Gabrielle Little, and the third component includes Jennifer Perkins and Larry Johnson Jr. By selecting one representative node from each connected component, we have Rachel Griffin from the first component, Gabrielle Little from the second component, and Jennifer Perkins from the third component. Therefore, the answer is [Rachel Griffin, Gabrielle Little, Jennifer Perkins]."}, "313": {"llama8b": "[Benjamin Williams, Kimberly Jones]"}, "314": {"llama8b": "[Wendy Green, George Wright]"}, "315": {"llama8b": "[Thomas Young, Pamela Powell, Barbara Haynes, Dr. Kimberly Cook DDS, John Thomas, Terry Lee PhD, Nathan Molina, Hannah Myers, Christine Smith, Tracy Sanchez, Trevor Carlson, Theresa Mclaughlin]"}, "316": {"llama8b": "[Madison Hughes, Sandra Farrell, Derek Taylor]"}, "317": {"llama8b": "[Katherine Erickson, Edward Fritz, Leslie Garcia, Keith Cox, Cassie Barrett, Bruce Williams, Scott Washington, Amanda Barnett, Cynthia Thompson, Kristin Allen MD, Shawn Grant]"}, "318": {"llama8b": "[Jennifer Lewis, Shelly Garcia, Leah Lane]"}, "319": {"llama8b": "[William Newman, Melissa Jordan, Rachel Brown]"}, "320": {"llama8b": "[Ruth Landry, Karen Davis, Mark Allen]"}, "321": {"llama8b": "[Angela Nguyen, David Murray, James Powers, Antonio Moore, Jamie Richmond, Gabriel Cole, Samantha Murray, Sarah Franklin]"}, "322": {"llama8b": "[John Le, Christopher Durham, Catherine Chavez]"}, "323": {"llama8b": "[Sierra Vasquez, Jaime Taylor]"}, "324": {"llama8b": "[Denise Miller, Ian Stewart, Rebecca Thompson]"}, "325": {"llama8b": "[Madison Medina, Derrick Jones, Annette Sanchez, Kathleen Perry, Brian Jones]"}, "326": {"llama8b": "[Kimberly Morrow, Lisa Simpson, Daniel Garcia]"}, "327": {"llama8b": "[Mr. Eric Davis, Amanda Cooper]"}, "328": {"llama8b": "[Thomas Horne, Kiara Santana, Jacqueline Davis DVM]"}, "329": {"llama8b": "[Kyle Green, Brian Wu]"}, "330": {"llama8b": "From the given connections, we can identify the following connected components:\n\n1. Brenda King, Vanessa Becker, Vanessa Parker, Andrew Marshall, Brandon Edwards, and Lisa Foley are all connected to Brenda King. Therefore, they are all in the same connected component.\n2. Rachel Steele and Kenneth Horne are connected to each other.\n3. David Lucas and Jeffery Lee are connected to each other.\n\nBy selecting one representative node from each connected component, we have Brenda King from the first component, Rachel Steele from the second component, and David Lucas from the third component. Therefore, the answer is [Brenda King, Rachel Steele, David Lucas]."}, "331": {"llama8b": "[Shari Leonard, Gerald Miller]"}, "332": {"llama8b": "[Ronald Bailey, Valerie Maldonado, Christopher Lowe]"}, "333": {"llama8b": "[Brandy Jenkins, Mary Taylor]"}, "334": {"llama8b": "[Michelle Giles, Tricia Frey]"}, "335": {"llama8b": "[Laura Riley, Megan Nelson, Christopher Bradley]"}, "336": {"llama8b": "[Angela Valdez, Jason Johnson, Ariel Hansen]"}, "337": {"llama8b": "[Ann Johnson, Christian Trevino, William Anderson]"}, "338": {"llama8b": "[Desiree Larson, Alexander Thompson]"}, "339": {"llama8b": "[Joshua Galloway, Kristen Perez]"}, "340": {"llama8b": "[Anthony Costa, Michelle Young, Kevin Perez]"}, "341": {"llama8b": "[Nancy Calhoun PhD, Kayla Brown]"}, "342": {"llama8b": "[Devon Esparza, Adam Boyer]"}, "343": {"llama8b": "[Kimberly Johnston, Mark Carroll]"}, "344": {"llama8b": "[Jeffrey Ingram, Mark West, Lindsey Wheeler DDS]"}, "345": {"llama8b": "[John Sparks, Jacqueline Black, Robert Leon]"}, "346": {"llama8b": "[Karen Wang, Jerome Ferguson, Benjamin Wilson]"}, "347": {"llama8b": "[William Mann, Tracie Friedman]"}, "348": {"llama8b": "[Taylor Hoover, Johnny Fields, Kathy Cox]"}, "349": {"llama8b": "[Rebecca Smith MD, Matthew Villa]"}, "350": {"llama8b": "[Jennifer Castillo, Jimmy Evans]"}, "351": {"llama8b": "[Crystal Gomez, Matthew Sanders]"}, "352": {"llama8b": "[William Jensen, Shelley Vargas, William Long]"}, "353": {"llama8b": "[Eugene Berg, Jennifer Moore]"}, "354": {"llama8b": "[Joshua Chandler, Alexandra Daniels]"}, "355": {"llama8b": "[Samuel Lopez, Joseph Roach]"}, "356": {"llama8b": "[Dr. Lee Jackson, Christine Sanders, Jonathan Bailey]"}, "357": {"llama8b": "[Kimberly Garcia, Andrew Soto]"}, "358": {"llama8b": "[Colleen Adams, James Butler]"}, "359": {"llama8b": "[Gina Dixon, Brandon Williams]"}, "360": {"llama8b": "[Tara Graham, Isaiah Cobb, Robert Chambers]"}, "361": {"llama8b": "[Rebecca Sanchez, Ryan Phillips, Leslie Wilson, Olivia Cowan, Gary Huerta, Debra Butler, Lindsey Mitchell, Madison Gardner, Harold Liu, Teresa Harrison, Tiffany Wilson]"}, "362": {"llama8b": "[Jonathan Spears, Dr. Michael Cruz, Mr. Kyle Romero DDS]"}, "363": {"llama8b": "[Tiffany Cox, Denise Johnson]"}, "364": {"llama8b": "[Ariana Carlson, Frank Glenn, Daniel Booth]"}, "365": {"llama8b": "[Lisa Bryan, Bryan Ho]"}, "366": {"llama8b": "[Jason Taylor, Mary Smith, Sandra Lopez, James Wood, Gary Freeman]"}, "367": {"llama8b": "[Joseph Rice, Linda Wright]"}, "368": {"llama8b": "[Eric White, Maria Greene, Erica Rodriguez]"}, "369": {"llama8b": "[April Chan, James Moses]"}, "370": {"llama8b": "[James Todd, Rachael Mcdonald, Anna Rodriguez]"}, "371": {"llama8b": "[Brandon White, Anita Williams MD, Emily Castillo]"}, "372": {"llama8b": "[John Ward, Barbara Berry, David Griffith]"}, "373": {"llama8b": "[Kaylee Rocha, Cynthia Chaney, John Hudson, William Beltran, David Bailey, Patrick Peterson, Joshua Wong, Dustin Marsh]"}, "374": {"llama8b": "[Donna Simmons, Michael Smith, Robert Moore]"}, "375": {"llama8b": "[Timothy Aguilar, Ashley Williams]"}, "376": {"llama8b": "[Steven Koch, Sara Ramirez, Anthony Mcdonald]"}, "377": {"llama8b": "[Justin Davis, Stacy Gutierrez]"}, "378": {"llama8b": "From the given connections, we can identify the following connected components:\n\n1. Ricardo Myers, Courtney Taylor, Mary Smith, Amy Herrera, Nicole Henderson, and Anthony Nelson are all connected to each other. Therefore, this is one connected component.\n2. Patrick Osborn is not connected to any other node. Therefore, this is another connected component.\n\nBy selecting one representative node from each connected component, we have Mary Smith from the first component and Patrick Osborn from the second component. Therefore, the answer is [Mary Smith, Patrick Osborn]."}, "379": {"llama8b": "From the given connections, we can identify one connected component that includes all the nodes: Susan White, Kimberly Moreno PhD, Richard Cruz, Jaime Green, Michael Ramos, Michael Andrews, Eric Hall, and Frederick Lopez. By selecting one representative node from this connected component, we have Frederick Lopez. Therefore, the answer is [Frederick Lopez]."}, "380": {"llama8b": "[Jonathan Miller, Felicia Davis, Stephanie Carter]"}, "381": {"llama8b": "[Anthony Hoover, Joe Andrade]"}, "382": {"llama8b": "[Julie Stevens, Gabrielle Martinez]"}, "383": {"llama8b": "[Melissa Dennis, Sabrina Holmes]"}, "384": {"llama8b": "[Jose Munoz, Julia Donovan, Christopher Woods]"}, "385": {"llama8b": "[Joe Turner, Mark Park, Philip Vargas]"}, "386": {"llama8b": "[Misty Torres, Benjamin Solis, Stacey Thompson]"}, "387": {"llama8b": "[Mr. Ryan Macias, Henry Carter]"}, "388": {"llama8b": "[Christian Smith, Christopher Johnson, Luis Moore]"}, "389": {"llama8b": "[Melinda Mendoza, Frank Clark]"}, "390": {"llama8b": "[Whitney Martinez, Bryan Anderson, Melissa Burns, Sarah Adams]"}, "391": {"llama8b": "[Gregory Perez, Pamela Wright]"}, "392": {"llama8b": "[James Delgado, Kathleen Eaton, Hannah Carter]"}, "393": {"llama8b": "[John Vasquez, Mandy Hoffman, William Harris]"}, "394": {"llama8b": "[Michael Malone, Natalie Goodman]"}, "395": {"llama8b": "[Joseph Owen, Carrie Ross]"}, "396": {"llama8b": "[Vanessa Duffy, Jimmy Curtis, Robert Williams]"}, "397": {"llama8b": "[Matthew Munoz, Erik Manning, Kathryn Dawson]"}, "398": {"llama8b": "[Terry Jimenez, Lauren Lee, Erica Richardson, Suzanne Brown, Emily Griffin, Ryan Aguirre, Melissa Cross]\n\nExplanation: From the given connections, we can identify one connected component that includes all the nodes in the network. This is because Lauren Lee is connected to all other nodes, and each of these nodes is also connected to each other. Therefore, there is only one connected component in this network, and we can select any node from this component as the representative."}, "399": {"llama8b": "[Martha Hurst, Austin Petersen DDS, Mrs. Jennifer Collins, Crystal Nelson, Amanda Casey]"}, "400": {"llama8b": "[Amanda Holden, Bruce Mosley, Natalie Rhodes]"}, "401": {"llama8b": "[John Nolan, Jennifer Collins, Angel Kane]"}, "402": {"llama8b": "[John Malone, Melissa Long, Matthew Rangel, Jamie Carter, Andrea Glenn, Carolyn Howell, Robert Pineda, Julie Miller, Crystal Mata, Jennifer Peck]\n\nThe given social network has the following names and connections: John Malone, Melissa Long, Matthew Rangel, Jamie Carter, Andrea Glenn, Carolyn Howell, Robert Pineda, Julie Miller, Crystal Mata, and Jennifer Peck. The connections are: John Malone to Crystal Mata, Melissa Long to Julie Miller, Matthew Rangel to Robert Pineda, Jamie Carter to Jennifer Peck, Jamie Carter to Robert Pineda, Andrea Glenn to Julie Miller, Carolyn Howell to Julie Miller, and Robert Pineda to Jennifer Peck.\n\nFrom these connections, we can identify the following isolated connected components: John Malone and Crystal Mata, Melissa Long, Julie Miller, and Andrea Glenn, Matthew Rangel and Robert Pineda, Jamie Carter and Jennifer Peck, and Carolyn Howell (who has no connections).\n\nBy selecting one representative node from each connected component, we have John Malone from the first component, Melissa Long from the second component, Matthew Rangel from the third component, Jamie Carter from the fourth component, and Carolyn Howell from the fifth component. Therefore, the answer is [John Malone, Melissa Long, Matthew Rangel, Jamie Carter, Carolyn Howell]."}, "403": {"llama8b": "[Nathaniel Washington, Lauren Brown, Megan Oconnell DVM, Julie Hall, Barbara Gonzales]"}, "404": {"llama8b": "[Nichole Berger, Emily Martin, Brandon Greene, David Gamble]"}, "405": {"llama8b": "[Shawn Kerr, Peggy Woods]"}, "406": {"llama8b": "[Dr. Tyler Johnson, Nancy Bryan]"}, "407": {"llama8b": "[Miranda Martinez, Allen Sanders]"}, "408": {"llama8b": "[Brandon Moore, Andrea Williams, Danny Bridges]"}, "409": {"llama8b": "[Becky Campbell, Adam Willis]"}, "410": {"llama8b": "[David Murphy, Courtney Rubio, Kevin Johnson]"}, "411": {"llama8b": "[Alejandra Price, Shelly Walker]"}, "412": {"llama8b": "[Randall Bishop, Jordan Grant, Michele Parker]"}, "413": {"llama8b": "[Mary Ali, Steven Adams]"}, "414": {"llama8b": "[Tom Bowman, Katelyn Vance]"}, "415": {"llama8b": "[Mrs. Heather Becker DVM, Katie Crawford]"}, "416": {"llama8b": "[Debra Bailey, David Goodman, Lawrence King]"}, "417": {"llama8b": "[Stephanie Clay, Philip King, Laura Reed]"}, "418": {"llama8b": "[Matthew Murray, William Clark]"}, "419": {"llama8b": "[Mr. Patrick Wheeler, Edgar Williams, Austin Collins]"}, "420": {"llama8b": "[Cynthia Decker, Rachel Reed, Mary Hunter]"}, "421": {"llama8b": "[Angel Dawson, Joshua Herman, Christopher Brown, Joseph Mayer]"}, "422": {"llama8b": "[Mr. Joshua Farmer, Brian Johnson]"}, "423": {"llama8b": "[Ronald Estes, Richard Dunn]"}, "424": {"llama8b": "[Daniel Webster, Mrs. Nancy Anderson, Beth Parker]"}, "425": {"llama8b": "[Christina Diaz, Ashley Jones]"}, "426": {"llama8b": "[Nancy Thomas, Mark Carroll, Andrew Collins]"}, "427": {"llama8b": "[Maria Miller, Mr. Gary Mcdonald MD, Jennifer Robinson, Jesse Stark, Ashley Myers, Bryan David, Dennis Shannon, Christian Rogers, Mariah Nelson, Tiffany Gray]"}, "428": {"llama8b": "[Elizabeth Smith, Connor Knight, John Fuller]"}, "429": {"llama8b": "[Nicholas Reyes, Ronald Howell, Jeffrey Schwartz]"}, "430": {"llama8b": "[Randy Crawford, Kathy Galvan, Mr. Mark Gonzalez]"}, "431": {"llama8b": "[Benjamin Henderson, Christopher Hernandez, Michele Johnson]"}, "432": {"llama8b": "[Katrina Smith, Angela Mcneil, Troy Mullins]"}, "433": {"llama8b": "[Connor Williams, Ryan Thomas]"}, "434": {"llama8b": "[Jennifer Brown, Steven Romero, Daniel Bennett]"}, "435": {"llama8b": "[Michael Anderson, Terry Howell, Melissa Hayes, Kevin Cooper, Jason Davis]"}, "436": {"llama8b": "[Daniel Griffith, Michelle Pearson, Pamela Miller, Tiffany Larson, Debra Powers]"}, "437": {"llama8b": "[David Murray, Linda Mckay, Gregory Jones, Mr. Robert Ford MD, Jamie Richmond]"}, "438": {"llama8b": "[John Davis, Brian Kim, Cesar Fox]"}, "439": {"llama8b": "[Andrew Hess, Patricia Russell]"}, "440": {"llama8b": "[Mary Campbell, Brendan Armstrong, Sabrina Martin]"}, "441": {"llama8b": "[Evan Griffin, Matthew Brown, Roberta Gay]"}, "442": {"llama8b": "[Elizabeth Terry, Russell Ford, Anthony Holder]"}, "443": {"llama8b": "[Angela Franklin, Jennifer Bowen]"}, "444": {"llama8b": "[Matthew Johnson, Anthony Johnson, Mr. Reginald Gould]"}, "445": {"llama8b": "[Allison Olson, Sean White, Emma Scott]"}, "446": {"llama8b": "[Tina Rivera, Brian Haley]"}, "447": {"llama8b": "[Luis Mitchell, Wyatt Brown]"}, "448": {"llama8b": "[Joshua Robertson, Michelle Boyd, Jeffrey Harrington]"}, "449": {"llama8b": "[Carolyn Lloyd, Andrew Anderson]"}, "450": {"llama8b": "[Mindy Johnson, Bryan Holmes]"}, "451": {"llama8b": "[Michelle Johnson, Heather Smith, Tiffany Craig]"}, "452": {"llama8b": "[Anthony Morris, Kelly Orr, Jacob Campbell]"}, "453": {"llama8b": "[Jose Wagner, Patricia Burton]"}, "454": {"llama8b": "[Kim Castro MD, Ian Rodriguez, Jose Martin, Kristin Morgan, Nicole Diaz, Patricia Day]"}, "455": {"llama8b": "[Patrick Mason, Malik May]"}, "456": {"llama8b": "[Andre Smith, Mark Franklin, Daniel Smith]"}, "457": {"llama8b": "[Karen Clark, Kathryn Smith, Amy White, Sara Munoz, Isabel Heath, David Herman]"}, "458": {"llama8b": "[Kevin Cox, Ryan Suarez, Melissa Flores]"}, "459": {"llama8b": "[David Coffey, Melissa Williams, Bethany Klein]"}, "460": {"llama8b": "[Amanda Anderson, Peter Schwartz, Christine Saunders, Rebekah Lawson, Debbie Baird, Warren Maynard, Melody Sexton, Jonathan Ross, Sabrina Fitzgerald, Kevin Day, Cindy Russell, Kara Khan, Hector Oneal, Amanda Daniels]"}, "461": {"llama8b": "[Molly Blackwell, Brandon Lewis, Jorge Jones, Teresa Lucas]"}, "462": {"llama8b": "[Taylor Duncan, Timothy Peterson, Jacqueline Wilkinson, Stephen Rodriguez, Ian Sellers, Jenna King, Dylan Lara, Brian Nichols, Michael Mitchell, Jill Thompson]"}, "463": {"llama8b": "[Tiffany Sanchez, Daniel Smith]"}, "464": {"llama8b": "[Dustin Doyle, Robert Fox, Jennifer Hahn]"}, "465": {"llama8b": "[Sean Jackson, Douglas Malone, Adam Thompson]"}, "466": {"llama8b": "[Debra Adams, Karen Garcia MD, Heidi Murillo]"}, "467": {"llama8b": "[Mark Sampson, Matthew Willis]"}, "468": {"llama8b": "[Paul Davis, Michael Clark, Robert Shields]"}, "469": {"llama8b": "[Heather Hernandez, William Jackson, James Fuentes]"}, "470": {"llama8b": "[Julian Park, Lori Campbell, Susan Jones]"}, "471": {"llama8b": "[Tara Stone, Craig Booker]"}, "472": {"llama8b": "[Adrian Pena, Kristen Perry, James Campbell]"}, "473": {"llama8b": "[Michelle Fischer, Michelle Carrillo, Brenda Walker]"}, "474": {"llama8b": "[Carrie Aguirre PhD, Robert Bell]"}, "475": {"llama8b": "[Nicholas Valencia, John Sanchez]"}, "476": {"llama8b": "[Jesse Cardenas, Madison Garcia, Mrs. Wendy Kline]"}, "477": {"llama8b": "[Kristy Tucker, Stefanie Roman]"}, "478": {"llama8b": "[Stacy Beard, Kelly Chen, Amy Scott]"}, "479": {"llama8b": "[Dr. Justin Newton, Elizabeth Sullivan]"}, "480": {"llama8b": "[Travis Wilkerson, Cynthia James]"}, "481": {"llama8b": "[Anthony Robertson, Catherine Ross, Scott Ramirez MD]"}, "482": {"llama8b": "[Charles Roberts, Melanie Anderson, Ryan Williams, Elizabeth Smith, James Barber, Eric Valenzuela, Jason Walker]"}, "483": {"llama8b": "[Lori Sullivan, David Smith]"}, "484": {"llama8b": "[Erik Riddle, Connor Dennis, Charles Molina]"}, "485": {"llama8b": "[Christine Li, Gary Andrade, Mary Wallace, Daniel Townsend]"}, "486": {"llama8b": "[Heather Ortega, Zachary Sanchez, Susan Tapia, John Savage, Nicholas Gonzalez, Heather Morris, Alisha Flores, Sandra Rodriguez, Michael Robinson, Lawrence Ryan, Shannon Howard]"}, "487": {"llama8b": "[John Rowe Jr., Kimberly Marshall, Caitlin Guzman, Hannah Butler, Nicholas Stone, Rachel Schroeder, Alisha Murray, Dakota Sims, Lisa Baxter, Joseph Robbins]\n\nThe given social network consists of the following names and connections: John Rowe Jr., Kimberly Marshall, Caitlin Guzman, Hannah Butler, Nicholas Stone, Rachel Schroeder, Alisha Murray, Dakota Sims, Lisa Baxter, and Joseph Robbins. The connections are: John Rowe Jr. to Rachel Schroeder, Kimberly Marshall to Rachel Schroeder, Caitlin Guzman to Hannah Butler, Caitlin Guzman to Dakota Sims, Hannah Butler to Alisha Murray, Hannah Butler to Dakota Sims, Nicholas Stone to Lisa Baxter, Rachel Schroeder to Joseph Robbins, and Alisha Murray to Dakota Sims.\n\nFrom these connections, we can identify one connected component that includes all the nodes in the network. By selecting one representative node from this component, we have John Rowe Jr. Therefore, the answer is [John Rowe Jr.]."}, "488": {"llama8b": "[Heather Frazier, Lisa Scott, Michael Sanders]"}, "489": {"llama8b": "[Aaron Richardson MD, Jennifer Roman]"}, "490": {"llama8b": "[Sharon Moore, Roy Cunningham, Luis Chung]"}, "491": {"llama8b": "[Chase Thomas, Joseph Farley, Sheri Herrera]"}, "492": {"llama8b": "[Teresa King, Paige Chen, Mark Brown]"}, "493": {"llama8b": "[Joseph Gordon, Nicole Gutierrez, Dr. Michael Allen PhD]"}, "494": {"llama8b": "[Amy Baker, Elizabeth Davis, Christopher Richards]"}, "495": {"llama8b": "[Anita Hernandez, Laura Johnson MD]"}, "496": {"llama8b": "[David Glenn, Amanda Morris, Latasha Cunningham]"}, "497": {"llama8b": "[Jean Collins, Linda Becker, John Joseph]"}, "498": {"llama8b": "[Monica Sparks, Brandon Vance, Dawn Lucas]"}, "499": {"llama8b": "[William Saunders, Brandon Valenzuela]"}}