{"0": {"gemma": "[Seine-et-Marne, France, Vittorio De Sica]"}, "1": {"gemma": "[Nashville TN, I'm a People, Country music]"}, "2": {"gemma": "[Ebaeides perakensis, Polyphaga, Leucophoebe albaria, Leucophoebe]"}, "3": {"gemma": "[Pop music, Love Explosion (album), Rough (album), Folk rock]"}, "4": {"gemma": "[Ernakulam, Siddique (actor), Shaheen Siddique]"}, "5": {"gemma": "[Green Rose (Philippine TV series), NTSC, Filipino language]"}, "6": {"gemma": "[SK Kladno, Luk\u00e1\u0161 Magera, FK Mlad\u00e1 Boleslav]"}, "7": {"gemma": "[Ronald Lang\u00f3n, Uruguay national football team, Uruguay, Montevideo, Defensor Sporting, Hugo Bagnulo]"}, "8": {"gemma": "[PlayStation 2, Tekken (video game), PlayStation Network]"}, "9": {"gemma": "[Robert Hall (gridiron football), Indiana Firebirds, Quarterback, Ben Bennett]"}, "10": {"gemma": "[Walter Brooke, The Cowboys (TV series), A Short Drink from a Certain Fountain, Patrick O'Neal (actor)]"}, "11": {"gemma": "[Democratic Party (United States), Florida, Liz Swaine, The Tofus, Daniel Brochu, Michael Yarmush]"}, "12": {"gemma": "[Mr. Bojangles (song), Kenny Loggins, House at Pooh Corner (song)]"}, "13": {"gemma": "[Sturnia, Malabar starling]"}, "14": {"gemma": "[VfB Speldorf, Marcel Podszus, FC Kleve, SC Fortuna K\u00f6ln]"}, "15": {"gemma": "[Sascha Paeth, Legendary Tales, Limb Music, Symphony of Enchanted Lands]"}, "16": {"gemma": "[Dzon Delarge, Republic of the Congo, Brazzaville, Roman Catholic Archdiocese of Brazzaville, Roman Catholic Diocese of Gamboma]"}, "17": {"gemma": "[Rotherbaum, Germany, Roland G\u00fcnther]"}, "18": {"gemma": "[Halifax Town A.F.C., Simon Collins (footballer), Ossett Town F.C., Joel Armstrong, Chesterfield F.C.]"}, "19": {"gemma": "[Red, Free Citizens, Panhellenic Citizen Chariot, Yellow]"}, "20": {"gemma": "[Russia, Yuri Sedov]"}, "21": {"gemma": "[Fantasy, Stranger's Soul]"}, "22": {"gemma": "[Roman Catholicism, Macedonian Argentine, Buenos Aires]"}, "23": {"gemma": "[Brightest e.p.02, Bright (Japanese band), Japan]"}, "24": {"gemma": "[Golujeh  Nir, Ardabil Province, Nir County, Qasem Qeshlaqi  Nir]"}, "25": {"gemma": "[CEO, Nomad Foods, Limited company, Foods, Road Town]"}, "26": {"gemma": "[Looney Tunes Golden Collection: Volume 4, June Foray, Friz Freleng]"}, "27": {"gemma": "[Guangdong, Qing Dynasty, Wu Mengchang, Beijing]"}, "28": {"gemma": "[Abu Ali Mustafa, Popular Front for the Liberation of Palestine, Anti-Zionism]"}, "29": {"gemma": "[Brazil, Eduardo Roberto dos Santos, Esporte Clube Vit\u00f3ria]"}, "30": {"gemma": "[The Wilsons, Rock music, Midnight Oil, Diesel and Dust, Beds Are Burning, Columbia Records, Species Deceases]"}, "31": {"gemma": "[Kafka (film), Ian Holm]"}, "32": {"gemma": "[Ga\u00ebl, Ille-et-Vilaine, France, Le Tronchet  Ille-et-Vilaine]"}, "33": {"gemma": "[Afrojack, R3hab, Ti\u00ebsto]"}, "34": {"gemma": "[Dzon Delarge, Brazzaville, Ali Bongo Ondimba, Raymond Ndong Sima]"}, "35": {"gemma": "[New Brunswick, Jeremiah Smith Boies De Veber, Saint John  New Brunswick, Gordie Drillon]"}, "36": {"gemma": "[Yoanka Gonz\u00e1lez, Cuba, Villa Clara Province]"}, "37": {"gemma": "[Mohammadyar District, Iran, Naqadeh County]"}, "38": {"gemma": "[Shawn Yue, Cantopop, Home (Miriam Yeung album), Miriam Yeung New and Best Selections]"}, "39": {"gemma": "[Delta (Visions of Atlantis album), Germany, Sommersdorf  Mecklenburg-Vorpommern]"}, "40": {"gemma": "[United States, Altmar  New York, Oswego County  New York]"}, "41": {"gemma": "[Benin, Steve Mouni\u00e9, Cotonou, Hubert Maga]"}, "42": {"gemma": "[Mircea Ilie, Romania, Radu Alm\u0103\u0219an, Bra\u0219ov]"}, "43": {"gemma": "[Karim Debbagh, Tangier, Ibn Battuta]"}, "44": {"gemma": "[Mike Mictlan, Doomtree, P.O.S]"}, "45": {"gemma": "[Tatay, Ankst, Gorky's Zygotic Mynci, Alternative rock]"}, "46": {"gemma": "[Oslo, Gjensidige, Pension, SpareBank 1]"}, "47": {"gemma": "[Draco Rosa, Menudo (band), The Clutch, Angelo Garcia]"}, "48": {"gemma": "[Tatsuya Sakai, Japan, Satoshi Tsumabuki, Japan, Taruho Inagaki, Japan]"}, "49": {"gemma": "[Urola furvicornis, Crambidae, Scoparia (moth), Scoparia augastis]"}, "50": {"gemma": "[The Laughing Gnome, David Bowie, Deram Records, Ric Lee]"}, "51": {"gemma": "[Slipknot (band), Phil Sgrosso, Nails (band), You Will Never Be One of Us]"}, "52": {"gemma": "[Epic Records, Rock music, Michael Organ (drummer), Sonny Landreth]"}, "53": {"gemma": "[Nelly, Get Like Me (Nelly song), Music download]"}, "54": {"gemma": "[Jaggubhai, India, R. D. Rajasekhar]"}, "55": {"gemma": "[Hip hop, Raining Men (Rihanna song), Moment 4 Life, All of the Lights, Hip hop music]"}, "56": {"gemma": "[Sky Ireland, Pay TV, Broadband]"}, "57": {"gemma": "[Film producer, Robert Luketic, Screenwriter, Hal Barwood]"}, "58": {"gemma": "[South Canara, Ratnavarma Heggade, Karnataka, Jainism, Madras Presidency]"}, "59": {"gemma": "[Martin D. Wolfson, Ohio Derby, Gene St. Leon]"}, "60": {"gemma": "[Together in Electric Dreams, Munich, Musicland Studios, Time (Electric Light Orchestra album), Jeff Lynne]"}, "61": {"gemma": "[Hanover, Wilhelm Brenneke, Sven Pipien, King Bee (band)]"}, "62": {"gemma": "Error!"}, "63": {"gemma": "[Bow Wow (rapper), Columbus  Ohio, George K. Nash]"}, "64": {"gemma": "[Suicide Battalion, American International Pictures, Bamboo Gods and Iron Men]"}, "65": {"gemma": "[Vijay Anand (Hindi film maker), Nau Do Gyarah, Sachin Dev Burman, Manzil (1960 film), Dev Anand]"}, "66": {"gemma": "[Lajes das Flores, C\u00e2mara Municipal, Angra do Hero\u00edsmo, Portugal]"}, "67": {"gemma": "[Wuhan, China, Hu Jia (diver)]"}, "68": {"gemma": "[A.F.C. Bournemouth, Tony Pulis, Ike Whelpton, Birmingham City F.C.]"}, "69": {"gemma": "[Gaisberg (Heidelberg), Germany, Gro\u00dfpostwitz]"}, "70": {"gemma": "[United States, Beau Starr, Pretend You Don't See Her (film), Hannes Jaenicke]"}, "71": {"gemma": "[Canada, Robert Perreault, Sainte-Anne-de-la-P\u00e9rade]"}, "72": {"gemma": "[2008 Alabama Crimson Tide football team, 2008 Tennessee Volunteers football team]"}, "73": {"gemma": "[Animal, Coreoidea, Bothrostethus annulipes, Pentatomomorpha]"}, "74": {"gemma": "[Kalateh-ye Hajji  Razavi Khorasan, Iran Standard Time, Shirah Ki, Salmas County, Khaneh Dam]"}, "75": {"gemma": "[The Confrontation (film), Mikl\u00f3s Jancs\u00f3, V\u00e1c, Gyula Hern\u00e1di]"}, "76": {"gemma": "[North Island k\u014dkako, Animalia, Telmatherinidae]"}, "77": {"gemma": "[Pink Luv, Dance-pop, Love on Your Side \u2013 The Best of Thompson Twins]"}, "78": {"gemma": "[Roger L. Bernashe, Maurice A. Donahue, Kevin B. Harrington]"}, "79": {"gemma": "[Insect, Heterachthes, Family, Genus, Order, Kingdom]"}, "80": {"gemma": "[Fat Cat (singer), South Korea, Model (person), Sweta Keswani, N.Flying]"}, "81": {"gemma": "[Tihhon \u0160i\u0161ov, Defender (football), Federico Tafani]"}, "82": {"gemma": "[Tiffany Limos, Ken Park, Maeve Quinlan]"}, "83": {"gemma": "[Gianni De Biasi, Italy, Cosenza Calcio 1914, Emanuele Brioschi]"}, "84": {"gemma": "[Beccariophoenix madagascariensis, Plantae, Beccariophoenix]"}, "85": {"gemma": "[England, Birmingham, Andy Williams (footballer born 1962), Hull City A.F.C.]"}, "86": {"gemma": "[Cosmopterix fernaldella, Animal, Netechma, Netechma lacera]"}, "87": {"gemma": "[Veit Helmer, Azerbaijan, Absurdistan (film)]"}, "88": {"gemma": "[Illinois, Steven Chu, University of Rochester]"}, "89": {"gemma": "[Insect, Arthropod, Ypthima sakra, Lepidoptera, Plecoptera reflexa]"}, "90": {"gemma": "[Olympic Studios, Yellow Submarine Songtrack, Behind Blue Eyes]"}, "91": {"gemma": "[Luis Tevenet, UCAM Murcia CF, \u00c1lex Cruz, Midfielder]"}, "92": {"gemma": "Error!"}, "93": {"gemma": "Error!"}, "94": {"gemma": "Error!"}, "95": {"gemma": "Error!"}, "96": {"gemma": "Error!"}, "97": {"gemma": "Error!"}, "98": {"gemma": "Error!"}, "99": {"gemma": "Error!"}, "100": {"gemma": "Error!"}, "101": {"gemma": "[Iran, Kerman Province, Mowtowr-e Reza Hajjabi Chah Hasan]"}, "102": {"gemma": "[Cristina Badajoz, Spain, Las Vegas Altas, Central European Time]"}, "103": {"gemma": "[Dipolog, Zamboanga Peninsula, Katipunan  Zamboanga del Norte]"}, "104": {"gemma": "[Animalia, Goldbar wrasse, Labridae, Actinopterygii]"}, "105": {"gemma": "[Vaud, Orbe, Domdidier]"}, "106": {"gemma": "[Jerry Capehart, Nashville  Tennessee, Rock and roll, The Eddie Cochran Memorial Album, C'mon Everybody]"}, "107": {"gemma": "[Gramophone record, Pretty Little Angel Eyes, Under the Moon of Love]"}, "108": {"gemma": "[Sweden, Film director, Screenwriter, Roger Lim]"}, "109": {"gemma": "[Brian Cvilikas, Virginia Beach Mariners, Russell Hutchison]"}, "110": {"gemma": "[Jennifer Kendal, Bombay Talkie, London]"}, "111": {"gemma": "[Animal, Mollusca, Ceratostoma, Ceratostoma foliatum]"}, "112": {"gemma": "[Insect, Melandryidae, Abdera (beetle)]"}, "113": {"gemma": "[California, John Vasconcellos, Santa Clara  California, Microsoft Theater]"}, "114": {"gemma": "[Bobby Williams (footballer  born 1940), Weymouth F.C., Cheltenham Town F.C.]"}, "115": {"gemma": "[Beetle, Cerambycidae, Irundisaua balteata]"}, "116": {"gemma": "[Haltom City Texas, Mayor]"}, "117": {"gemma": "[Arsenal de Sarand\u00ed, Franco Jara, List of Argentine Primera Divisi\u00f3n transfers July\u2013August 2010]"}, "118": {"gemma": "[Artemisa Province, Cuba, Mariel  Cuba]"}, "119": {"gemma": "[Takuro Yoshida, Folk music, Eddie Vedder]"}, "120": {"gemma": "[Auxa bimaculipennis, Animal, Arthropod, Doliops octomaculata, Animal]"}, "121": {"gemma": "[Paxillosida, Astropecten, Astropecten platyacanthus, Astropectinidae]"}, "122": {"gemma": "[Canadian Army, Royal Canadian Infantry Corps, Brooke Claxton]"}, "123": {"gemma": "[Psychedelic music, Uriel (band), Dave Stewart (keyboardist), Jakko Jakszyk]"}, "124": {"gemma": "[Eygelshoven, Netherlands, Arno Wallaard]"}, "125": {"gemma": "[Cr\u00e9quy, France, Provence-Alpes-C\u00f4te d'Azur, Forcalqueiret, France]"}, "126": {"gemma": "[Animal, Polyergus samurai, Polyergus]"}, "127": {"gemma": "[Bronson Pinchot, Perfect Strangers (TV series), Step by Step (TV series)]"}, "128": {"gemma": "[Austria, Steyr Mannlicher, Sankt Ulrich bei Steyr]"}, "129": {"gemma": "[Republic of Ireland, Paul Kane, Toronto, Anais Granofsky]"}, "130": {"gemma": "[Peter Reith, Fred Chaney, Raymond Pr\u00e9fontaine, James Cochrane (mayor)]"}, "131": {"gemma": "[Iran, Rafsanjan County, Tolombeh-ye Ruzkuhrow]"}, "132": {"gemma": "[Mycena stylobates, Basidiomycota, Agaricomycetes, Tricholoma penangense, Tricholoma]"}, "133": {"gemma": "[Kingdom of Italy, Amedeo Amadei, Kingdom of Italy, Anna Maria Adorni Botti]"}, "134": {"gemma": "[Defender (football), Borys Derkach, FC Dynamo Kyiv, Midfielder, Mikhail Aleksandrov]"}, "135": {"gemma": "[Unreal Engine 2, Tom Clancy's Splinter Cell (video game), GameCube]"}, "136": {"gemma": "[KNI A/S, Greenland, Sisimiut]"}, "137": {"gemma": "[Bedford Township Bedford County Pennsylvania, Bedford County Pennsylvania, Pennsylvania]"}, "138": {"gemma": "[Stream, Lichau Creek, Sonoma County California]"}, "139": {"gemma": "[Insect, Chironominae, Rheotanytarsus, Tanytarsini]"}, "140": {"gemma": "[Vantoux-et-Longevelle, Haute-Sa\u00f4ne, Georfans]"}, "141": {"gemma": "[Sarnia, Donovan Woods (musician), Folk rock, A New Day at Midnight]"}, "142": {"gemma": "[Gr\u00e9gory Malicki, Goalkeeper (football), Mad City: New Day Rising, Mad City: Look Into My Eyes, Gotham (TV series)]"}, "143": {"gemma": "[Eudicots, Strychnos millepunctata, Plantae, Angiosperms, Deinandra palmeri]"}, "144": {"gemma": "[Pisa Calcio, Enrico Alfonso, A.S. Pizzighettone]"}, "145": {"gemma": "[Valiha, Bambusoideae, Plantae]"}, "146": {"gemma": "[Bevan Fransch, South Africa, Solomon Mahlangu, Mamelodi]"}, "147": {"gemma": "[Summer Time Gone, Giza Studio, Time After Time (Hana Mau Machi de), Maxi Single]"}, "148": {"gemma": "[Actor, Henry O, The Bedevilled (film), James Tien (actor)]"}, "149": {"gemma": "[Ali Khan-e Kachkul, Iran Standard Time, Gohreh]"}, "150": {"gemma": "[Presenter, Louis Yuen, My Father's Son (TV series), Stephen Chow]"}, "151": {"gemma": "[Channel 10 (album), Gangsta Rap, The War Report 2: Report the War]"}, "152": {"gemma": "[Detroit, Curtis Fuller, Impulse!, The Cry of My People]"}, "153": {"gemma": "[Actress, Joyce Jameson, Swinging Spiketaculars, Robert Scheerer, Joyce Jameson]"}, "154": {"gemma": "[Ben Lui, River Earn, River Tay, Perth  Scotland, Scottish Highlands, River Tummel]"}, "155": {"gemma": "[Charlie Fletcher (footballer), Homerton, Stratford  London]"}, "156": {"gemma": "[Nesuhi Ertegun, Jazz, My Kinda Groove]"}, "157": {"gemma": "[Puerto Rico United, Jos\u00e9 Miranda (footballer), Orange County Blues, Cuba national football team]"}, "158": {"gemma": "[Lorestan Province, Iran Standard Time, Chal Duguneh, Papi District]"}, "159": {"gemma": "[Taheri Rural District, Iran, Amol, Ghasem Rezaei]"}, "160": {"gemma": "[Felix Adler (screenwriter), Bubble Trouble (film), Flagpole Jitters, His Ex Marks the Spot]"}, "161": {"gemma": "[Ahar County, Ziarlu, Central District (Ahar County), Gurvan-e Bozorg]"}, "162": {"gemma": "[Flavor of Life, Boku wa Kuma, Colors (Utada Hikaru song), Ultra Blue]"}, "163": {"gemma": "[Insect, Arthropod, Evimantius, Buprestoidea]"}, "164": {"gemma": "[Thimingalam, K. P. Ummer, Pokkattadikkaari]"}, "165": {"gemma": "[Red-keeled flowerpecker, Animalia, Stagnicola]"}, "166": {"gemma": "[DYMF, News, The Rundown with Jos\u00e9 Diaz-Balart, MSNBC Live]"}, "167": {"gemma": "[Robert D. Mariani, Syracuse University College of Law, United States, Tom O'Mara, Timothy M. Kennedy (politician)]"}, "168": {"gemma": "[2013 Seguros Bol\u00edvar Open Barranquilla, Facundo Bagnis, 2016 Claro Open Medell\u00edn, Eduardo Struvay]"}, "169": {"gemma": "[Republic of Ireland, Breakfast on Pluto, English language, Novel]"}, "170": {"gemma": "[Relief of Thionville, Isaac Manasses de Pas Marquis de Feuquieres, Thirty Years' War, Thionville, Illange]"}, "171": {"gemma": "[Bruce Edwards Ivins, United States Army Medical Research Institute of Infectious Diseases, Maryland]"}, "172": {"gemma": "[Attleboro  Massachusetts, Massachusetts, Federalist Party, Solomon Strong]"}, "173": {"gemma": "[University of Benghazi, Abu Bakr Baira, University of Missouri]"}, "174": {"gemma": "[Ali Nikzad, Iran, Iran University of Science and Technology, Shahrak-e Darya Sar, Ahmadabad-e Abbaskhan, Iran Standard Time]"}, "175": {"gemma": "[Syria, Idlib Governorate, Eastern European Time]"}, "176": {"gemma": "[Don Moen, Word Records, Shout to the Lord 2000, Amy Grant]"}, "177": {"gemma": "[Abzalu, Iran, Shahrak-e Bardbaran, Central District (Izeh County)]"}, "178": {"gemma": "[Abe Levitow, One Froggy Evening, Edward Selzer]"}, "179": {"gemma": "[Dead Is Dead, Nestor Carbonell, Cane (TV series)]"}, "180": {"gemma": "[Paul Wunderlich, J\u00f6rg Schmeisser, Nazi Germany, Sturzkampfgeschwader 2]"}, "181": {"gemma": "[Eudicots, Suessenguthiella caespitosa, Angiosperms, Tetrameles]"}, "182": {"gemma": "[Iran, Ijrud County, Aq Bolagh  Zanjan, Central District (Ijrud County), Ijrud-e Bala Rural District, Owch Tappeh  Zanjan]"}, "183": {"gemma": "[Pop music, Laura Branigan, Foolish Lullaby]"}, "184": {"gemma": "[Ron Aniello, Bruce Springsteen, High Hopes (Tim Scott McConnell song) High Hopes 1]"}, "185": {"gemma": "[United States, Steven Thayn, Boise State University]"}, "186": {"gemma": "[Majid Al Futtaim Group, United Arab Emirates, Retail, Entertainment, Property]"}, "187": {"gemma": "[Sporting Blood, Ernest Torrence, The Blind Goddess]"}, "188": {"gemma": "[HGST, United States, San Jose California]"}, "189": {"gemma": "[Candace Kane's Candy Factory, Microsoft Windows, Turok: Evolution, Turok (series), Turok: Dinosaur Hunter]"}, "190": {"gemma": "[Paul Bales, 3 Musketeers (film), Alan Rachins]"}, "191": {"gemma": "[Michael Bolton, Bolton Swings Sinatra, Pop (music)]"}, "192": {"gemma": "[Eudicots, Dipterocarpaceae, Malpighiales]"}, "193": {"gemma": "[Butjadingen, Germany, Michael Steinbach]"}, "194": {"gemma": "[Eudicots, Acacia, Plant]"}, "195": {"gemma": "[Santo Pecado, Ricardo Arjona, Mojado (song)]"}, "196": {"gemma": "[Living Proof (film), Halli Cauthery, Scared Shrekless, Dean Edwards, New York City]"}, "197": {"gemma": "[Bulgaria, Vladimir Vladimirov, FC Sportist Svoge]"}, "198": {"gemma": "[Dinesh Babu, Laali, Rockline Venkatesh, Vishnuvardhan (actor), Simha Gharjane]"}, "199": {"gemma": "[Kyenjojo, Edward Rugumayo, Uganda, London School of Economics, Allen Sheppard  Baron Sheppard of Didgemere]"}, "200": {"gemma": "[Co-Co (band), RCA Records, Speedy Haworth]"}, "201": {"gemma": "[Iran, Iran Standard Time, Turan-e Fars, Daland Rural District]"}, "202": {"gemma": "[Cicagna, Italy, Christian Murro, Saronno, Giuditta Pasta]"}, "203": {"gemma": "[Salim-Sulaiman, Wonder Pets, Jennifer Oxley, Go  Baby!, Josh Selig]"}, "204": {"gemma": "[Quanah Parker, Herman Lehmann, Cynthia Ann Parker]"}, "205": {"gemma": "[Kozanaq, Iran, Iran Standard Time, Borj-e Ziad]"}, "206": {"gemma": "[Alternate history, S. M. Stirling, Science fiction, Dies the Fire]"}, "207": {"gemma": "[Talisia, Talisia setigera]"}, "208": {"gemma": "[Interstellar Discussion, The Rocks Crumble, Album]"}, "209": {"gemma": "[Hapoel Ramat Gan, Ronen Harazi]"}, "210": {"gemma": "[Fajr Sepasi F.C., Mehrdad Karimian, Pas Hamedan F.C., Midfielder]"}, "211": {"gemma": "[Iran, Kanaf Gurab]"}, "212": {"gemma": "[Armadale F.C., David Steele (footballer), Bradford City A.F.C.]"}, "213": {"gemma": "[Yaaron Ki Baraat (TV series), India, Kilukil Pambaram]"}, "214": {"gemma": "[Mourtala Diakit\u00e9, Mali, Ouattagouna, Ansongo Cercle]"}, "215": {"gemma": "[Tony Knapp, Leicester City F.C., 2009\u201310 Queens Park Rangers F.C. season, 2010\u201311 Queens Park Rangers F.C. season, Arthur Chandler (footballer), Notts County F.C.]"}, "216": {"gemma": "[Insect, Heterogymna, Arthropod, Heterogymna, Lepidoptera]"}, "217": {"gemma": "[Ballia, Uttar Pradesh, Bhrigu Nath Singh]"}, "218": {"gemma": "[New Mexico, Rolf Cahn, Singing, Peter Skellern]"}, "219": {"gemma": "[Terence Fisher, Four Sided Triangle, Malcolm Arnold, Exclusive Films]"}, "220": {"gemma": "[Hyena (2014 film), Neil Maskell, Jack Falls]"}, "221": {"gemma": "[SFR Yugoslavia, Momir Desnica, Apatin, \u017divorad Smiljani\u0107]"}, "222": {"gemma": "[Guitar Pete Franklin, Songwriter, Chedda Da Connect]"}, "223": {"gemma": "[Friday the 13th Part VI: Jason Lives, Paramount Pictures, Los Angeles]"}, "224": {"gemma": "[Curl of the Burl, Atlanta, Mastodon (band), The Hunter (Mastodon album)]"}, "225": {"gemma": "[Chordata, Sinocyclocheilus liboensis, Sinocyclocheilus guanduensis]"}, "226": {"gemma": "[United States, KAZD, Garland Ellis Burrell Jr., Anthony W. Ishii, Morrison C. England Jr.]"}, "227": {"gemma": "[Republic of Ireland, Dublin, Something Happens]"}, "228": {"gemma": "[Central District (Sahneh County), Hojr Rural District, Kermanshah Province, Iran Standard Time, Iran Daylight Time, Yek Jofti]"}, "229": {"gemma": "[These Are the Days (TV series), Jackie Earle Haley, Micky Dolenz]"}, "230": {"gemma": "[The Incredible True Story, Hip hop music, DJ Dahi, Fade Away (Logic song)]"}, "231": {"gemma": "[Axel Zwingenberger, Blues, Wanted on Voyage, Cam Blackwood]"}, "232": {"gemma": "[Ramrachathirat, Intharacha, Borommarachathirat II]"}, "233": {"gemma": "[A1 road (Great Britain), M62 motorway, M18 motorway (Great Britain)]"}, "234": {"gemma": "[Ryan Richards, San Antonio Spurs, Tony Parker, Eva Longoria]"}, "235": {"gemma": "[Eudicots, Hebe (plant), Asterids]"}, "236": {"gemma": "[Russia, Germany, Tycoon (2002 film)]"}, "237": {"gemma": "[Road 91 (Iran), Kerman Province, Kerman]"}, "238": {"gemma": "[Kovel, Ukraine, Khyriv, Lviv Oblast]"}, "239": {"gemma": "[M\u00f8re og Romsdal, Norway, Liberation of Finnmark]"}, "240": {"gemma": "[United States, Society 1, Cody Votolato]"}, "241": {"gemma": "[Jay Parini, United States, Bess Truman, Clifton Daniel, Manhattan  New York, Bad Girl (Madonna song), Erotica (Madonna album)]"}, "242": {"gemma": "[Lisa Mitchell, Folk music, Said One to the Other, Stephen Stills, Triad (The Byrds song), David Crosby]"}, "243": {"gemma": "[Multi-instrumentalist, Vetcho Lolas, Gospel music, Matt Jaffe]"}, "244": {"gemma": "[Marcus Chong, Washington (state), Panther (film)]"}, "245": {"gemma": "[Dynamite Duke, Sega, Action game]"}, "246": {"gemma": "[Walls and Bridges, Rock music, Dee Anthony]"}, "247": {"gemma": "[Animal, Chordate, Coralliozetus angelicus, James Erwin B\u00f6hlke]"}, "248": {"gemma": "[Kureh Bolagh, Iran Standard Time, Qeshlaq-e Khanlu]"}, "249": {"gemma": "[A Question of Time (album), Jazz-rock, Somethin Els]"}, "250": {"gemma": "[Animal, Podalonia hirsuta, Apocrita, Sphecidae, Podalonia]"}, "251": {"gemma": "[Sarnia, Canada, Duke Harris]"}, "252": {"gemma": "[Derek Sanderson (soccer), Colorado Foxes, Midfielder]"}, "253": {"gemma": "[Ethiopia, Ethiopian Civil War, Mengistu Haile Mariam, Ethiopian Navy]"}, "254": {"gemma": "[Plu\u017eine, Montenegro, Lake Piva]"}, "255": {"gemma": "[Levante UD, Claudio Barrag\u00e1n, Manises]"}, "256": {"gemma": "[Madvillainy, Madvillain, Hip hop music, Madvillainy 2]"}, "257": {"gemma": "[Soviet Union, Russia, Tupolev Tu-160, Yury Gusov]"}, "258": {"gemma": "[Russia, Sretensk, Ilia Kulik, Tatiana Tarasova]"}, "259": {"gemma": "[Arthropod, Chalcophlocteis, Buprestidae]"}, "260": {"gemma": "[Lukas J\u00e4ger, Defender (association football), Ulrich Wilson]"}, "261": {"gemma": "[S\u00e4g det med en s\u00e5ng, Stig Anderson, Schlager, Benny Andersson, I Have a Dream (song), Bj\u00f6rn Ulvaeus]"}, "262": {"gemma": "[Virginia Shehee, Southern Methodist University, James M. Collins, World War II, Southern Methodist University]"}, "263": {"gemma": "[Democratic Party (United States), William Howard Thompson]"}, "264": {"gemma": "[Klaus H\u00e4berlen, Battle of Britain, World War II, German Army (Wehrmacht), Battle of Kursk]"}, "265": {"gemma": "[Sheikh Rajab Ali, Gilgit, Twelver, Pakistan, Kamran Akmal]"}, "266": {"gemma": "[An Hour with the Ramsey Lewis Trio, Ramsey Lewis, Stretching Out, Goin' Latin, The Movie Album (Ramsey Lewis album)]"}, "267": {"gemma": "[United States, Blacklick Township Cambria County Pennsylvania, North American Eastern Time Zone]"}, "268": {"gemma": "[Hans-Georg Gadamer, Germany, Wilhelm Dilthey]"}, "269": {"gemma": "[United States, The Walkmen, You & Me (The Walkmen album)]"}, "270": {"gemma": "[Garlan, France, David Vendetta]"}, "271": {"gemma": "[Elizabeth I of England, Eighty Years' War, Battle of Dahlen]"}, "272": {"gemma": "[Fatspine spurdog, Chordate, Squaliformes, Lined lanternshark]"}, "273": {"gemma": "[Denmark, Richard M\u00f8ller Nielsen, Svendborg fB, Odense BK]"}, "274": {"gemma": "[Neboj\u0161a Vukoji\u010di\u0107, List of Serbian football transfers summer 2016, Alen Ma\u0161ovi\u0107, FK Sloga Kraljevo]"}, "275": {"gemma": "[Hapoel Tzafririm Holon F.C., Florin Constantinovici, FC Politehnica Timi\u0219oara, Marius Bila\u0219co, Romania]"}, "276": {"gemma": "[Mazraeh-ye Shahid Chamran, Iran, Ghazali Rural District]"}, "277": {"gemma": "[Franche-Comt\u00e9, France, Amblans-et-Velotte, Haute-Sa\u00f4ne]"}, "278": {"gemma": "[Colombo, Lasantha Wickrematunge, Sri Lanka]"}, "279": {"gemma": "[Germany, Chris Jones (singer-songwriter), Wie vor Jahr und Tag]"}, "280": {"gemma": "[Actinomycetales, Bacteria, Nocardioides ginsengisoli]"}, "281": {"gemma": "[No Compromise, Album, Piano in the Background]"}, "282": {"gemma": "[Dhankuta, Nepal, Marwari language]"}, "283": {"gemma": "[Ghost Town DJ's, So So Def Recordings, RCA Records, Contemporary R&B]"}, "284": {"gemma": "[Henry Fielding, John Fowles, Susanna Clarke]"}, "285": {"gemma": "[Helga Anders, Tattoo (1967 film), Johannes Schaaf]"}, "286": {"gemma": "[G. K. Venkatesh, Aasha (1983 film), Bhootayyana Maga Ayyu]"}, "287": {"gemma": "[Animal, Lepidoptera]"}, "288": {"gemma": "[Bryan Barker, Punter (American football), Sean Landeta, Los Angeles Rams]"}, "289": {"gemma": "[Art\u00e9s, Spain, Nacho Mart\u00ednez]"}, "290": {"gemma": "[Austria, Jan Marc Riegler, Austria, Mattersburg, Austria]"}, "291": {"gemma": "[Trillium cernuum, Monocots, Commelinids, Bentinckia condapanna, Flowering plant, Hieracium villosum, Hieracium]"}, "292": {"gemma": "[Musician, D. Scott Rogo, Journalist, Los Angeles]"}, "293": {"gemma": "[Futabayama Sadaji, Japan, Osaka, Japan, Reggae, Freddie McGregor, Robbie Lyn]"}, "294": {"gemma": "[Word Records, Rachael Lampa (album), Pop (music), Blessed: The Best of Rachael Lampa]"}, "295": {"gemma": "[Insect, Oxycera, Stratiomyinae, Odontomyia tigrina, Crambidae, Austromusotima metastictalis]"}, "296": {"gemma": "[Eucalyptus tricarpa, Rosid, Eucalyptus]"}, "297": {"gemma": "[Devil Dogs of the Air, Warner Bros., Pat O'Brien (actor)]"}, "298": {"gemma": "[Niederviehbach, Germany, Dingolfing-Landau, Germany, Cochem-Zell, Germany, Panzweiler]"}, "299": {"gemma": "[Epic Records, MTV Unplugged NYC 1997, The Day (Babyface album)]"}, "300": {"gemma": "[University of Edinburgh, David J. Lockwood]"}, "301": {"gemma": "[Ko\u0161ice, Tom\u00e1\u0161 Medve\u010f, Bratislava]"}, "302": {"gemma": "[50th Battalion (Calgary) CEF, Battle of Lens, George Edwin Ellison, Second Battle of the Somme (1918)]"}, "303": {"gemma": "[Bordeaux, Christophe Lestrade, En Avant Guingamp]"}, "304": {"gemma": "[Pigra, Italy]"}, "305": {"gemma": "[Alberto Eliani, Udinese Calcio, Alem\u00e3o (footballer born 1989)]"}, "306": {"gemma": "[Alternate Americas, Gregory Benford, Alternate Wars, Alternate Empires]"}, "307": {"gemma": "[Keyboards, Athan Hilaki, Jeff Bass, Purple Pills]"}, "308": {"gemma": "[Football Song (song), Music download, Contemporary R&B, Hard II Love, Rivals (Usher song)]"}, "309": {"gemma": "[Gladiator Seven, Tony Russel, Wild  Wild Planet, War of the Planets (1966 film), Film]"}, "310": {"gemma": "[Arthropod, Aphelinus mali, Chalcidoidea, Botryoideclava]"}, "311": {"gemma": "[Som\u00e1lia (footballer  born 1984), Defender (association football), Neil Cox (footballer)]"}, "312": {"gemma": "[Veddel, Germany, Bavaria, Totnansberg]"}, "313": {"gemma": "[Parma, Modena, Maria d'Este]"}, "314": {"gemma": "[Guangxi, Xiang Chinese, Longtan Dam]"}, "315": {"gemma": "[Reprise Records, Political Science (song), Randy Newman]"}, "316": {"gemma": "[Slash Records, Copperopolis (album), Easy (Sheryl Crow song)]"}, "317": {"gemma": "[Album, Cloudland (album), Post-punk]"}, "318": {"gemma": "[Lesser Poland Voivodeship, Ojc\u00f3w Castle, Zygodowice]"}, "319": {"gemma": "[Mark Scott (actor), Burbank  California, Walt Disney Studios (division), Disneynature]"}, "320": {"gemma": "[Robert Patrick, Ladder 49, John Travolta]"}, "321": {"gemma": "[Oakland  California, Seasick Steve, Sonic Soul Surfer, Keepin' the Horse Between Me and the Ground, Blues, Hubcap Music]"}, "322": {"gemma": "[Carl Schurz, James A. Garfield, United States Army, Major general (United States)]"}, "323": {"gemma": "[Christopher Zanella, Christian Democratic Union of Germany, Waldshut-Tiengen, Karl-Friedrich Merten, Niobe (schooner)]"}, "324": {"gemma": "[Huacaraje, Bolivia, Huacaraje Municipality]"}, "325": {"gemma": "[Yvon Goujon, Stade Rennais FC, Fran\u00e7ois Grenet, FC Girondins de Bordeaux]"}, "326": {"gemma": "[Vijay C Chakravarthy, Parugu, Allu Arjun]"}, "327": {"gemma": "[Malvales, Phaleria perrottetiana, Angiosperms]"}, "328": {"gemma": "[Clube Atl\u00e9tico Penapolense, Kawasaki Frontale, Rui Komatsu, List of Japanese football transfers winter 2014\u201315]"}, "329": {"gemma": "[Phytophthora medicaginis, Incertae sedis, Hoplestigma pierreanum, Hoplestigma]"}, "330": {"gemma": "Error!"}, "331": {"gemma": "Error!"}, "332": {"gemma": "Error!"}, "333": {"gemma": "Error!"}, "334": {"gemma": "Error!"}, "335": {"gemma": "Error!"}, "336": {"gemma": "Error!"}, "337": {"gemma": "Error!"}, "338": {"gemma": "Error!"}, "339": {"gemma": "[Gordon Macready, Second World War, Bernard Callinan, Mentioned in Despatches]"}, "340": {"gemma": "[Azazel: Book of Angels Volume 2, Mike Flicker, Magic Man, Album]"}, "341": {"gemma": "[Nintendo GameCube, TMNT (video game), PlayStation Portable, Viewtiful Joe: Red Hot Rumble]"}, "342": {"gemma": "[Malayalam Language, Kandavarundo, Adoor Bhasi, Sapthaswaragal, V. Dakshinamoorthy, Sreekumaran Thampi, Madhuram Thirumadhuram, Thikkurissi Sukumaran Nair]"}, "343": {"gemma": "[Edmonton Oilers, Clark Gillies, Montana, Great Falls  Montana]"}, "344": {"gemma": "[Simon Lokodo, Uganda, Kampala, Justine Lumumba Kasule]"}, "345": {"gemma": "[India, Ranjith (actor), Thambikku Indha Ooru]"}, "346": {"gemma": "[Rosalind Cash, Melinda (film), Hugh Carter, Plains  Georgia]"}, "347": {"gemma": "[2007\u201308 Parma F.C. season, 2007\u201308 Serie A, 2008\u201309 A.C. Milan season]"}, "348": {"gemma": "[Palestinian Haitians, Islam, Cel\u00e2l Bayar]"}, "349": {"gemma": "[Rosids, Acacia, Fabales, Angiosperms]"}, "350": {"gemma": "[NBC, Maya (TV series), MGM Television]"}, "351": {"gemma": "[Keshit Kerman, Iran Standard Time, Iran Daylight Time, Dehnow-ye Fatemeh Barat]"}, "352": {"gemma": "Error!"}, "353": {"gemma": "Error!"}, "354": {"gemma": "Error!"}, "355": {"gemma": "Error!"}, "356": {"gemma": "Error!"}, "357": {"gemma": "Error!"}, "358": {"gemma": "Error!"}, "359": {"gemma": "Error!"}, "360": {"gemma": "Error!"}, "361": {"gemma": "Error!"}, "362": {"gemma": "Error!"}, "363": {"gemma": "Error!"}, "364": {"gemma": "[Drew McWeeny, John Carpenter's Cigarette Burns, Fair-Haired Child, Matt Greenberg]"}, "365": {"gemma": "[Adrien Ren\u00e9 Franchet, Strophanthus thollonii, Plant]"}, "366": {"gemma": "[Ricardo Souza Silva, Brazil, Olaria Atl\u00e9tico Clube, Tim (footballer), S\u00e3o Paulo FC, Emerson Pereira]"}, "367": {"gemma": "[United States, Iowa, Rancocas Farm]"}, "368": {"gemma": "[Insect, Arthropod, Cladomyrma, Hymenoptera, Fly]"}, "369": {"gemma": "[Animalia, Atlapetes, Bolivian brush finch, Passeriformes]"}, "370": {"gemma": "[Perciformes, Atrosalarias, Atrosalarias holomelas]"}, "371": {"gemma": "[FC Homburg, Ragnar Margeirsson, Iceland, Reykjav\u00edk]"}, "372": {"gemma": "[Doug Collins (footballer), Sunderland A.F.C., Ronald Brebner]"}, "373": {"gemma": "[Pulfero, Friuli-Venezia Giulia, Italy]"}, "374": {"gemma": "[Appenzeller Kantonalbank, Switzerland, Thomas Minder, Swiss People's Party, Switzerland]"}, "375": {"gemma": "[Boca Juniors, Buenos Aires, La Boca]"}, "376": {"gemma": "[Lilium nepalense, Lilium, Lilium longiflorum]"}, "377": {"gemma": "[Nashville Tennessee, Richard Bennett (guitarist), Sweet Little '66, Country, Copperhead Road, Music Corporation of America]"}, "378": {"gemma": "[England, John Hanson Community School, Secondary school, Red Bend Catholic College, Lakewood High School (Florida), Louis Murphy]"}, "379": {"gemma": "[Epic Records, Erotica (The Darling Buds album), London]"}, "380": {"gemma": "[American Broadcast Company, Glitter (TV series), Jerry Styner]"}, "381": {"gemma": "[Deutsche Schule Lissabon, Lisbon, Miguel Lopes]"}, "382": {"gemma": "[Hereford United F.C., Keith Fear, Bristol City F.C.]"}, "383": {"gemma": "[Leslie Orme Wilson, Second Boer War, Edward Cecil Bethune, Denbighshire Hussars, France and Flanders 1918, John Lavarack]"}, "384": {"gemma": "[Ryo Nagamatsu, Nintendo, New Super Mario Bros. Wii, Super Mario]"}, "385": {"gemma": "[South East England, Ashford to Ramsgate (via Canterbury West) Line, Heavy rail, West Sussex]"}, "386": {"gemma": "[Gilort, Romania, Suplacu de Barc\u0103u, Homorod  Bra\u0219ov, Criciova]"}, "387": {"gemma": "[Neftchi Farg'ona, Timur Kapadze, Uzbekistan national football team]"}, "388": {"gemma": "[Raakhee, Ek Rishtaa: The Bond of Love, Jeevan Yudh, Partho Ghosh]"}, "389": {"gemma": "[Iran, Chahar Hadd, Katamak  Hirmand]"}, "390": {"gemma": "[Insect, Crambidae, Talanga iridomelaena]"}, "391": {"gemma": "[Anchovy, Clupeiformes, Australian sprat]"}, "392": {"gemma": "[\u00dcnal Alpu\u011fan, Midfielder, Pl\u00e1cido Galindo, Universitario de Deportes]"}, "393": {"gemma": "[Central European Summer Time, Igalo, Montenegro, Central European Time]"}, "394": {"gemma": "[Dermateaceae, Diplocarpon, Ascomycetes, Diplocarpon mali]"}, "395": {"gemma": "[Biscayne Point, Eastern Time Zone, Saint-Jacques-de-Leeds  Quebec, Les Appalaches Regional County Municipality, Saint-Pierre-de-Broughton  Quebec]"}, "396": {"gemma": "[Wandrille Lef\u00e8vre, Coll\u00e8ge Stanislas (Quebec), Milwaukee, Wisconsin, Urban area]"}, "397": {"gemma": "[Tirokafteri, Oregano, Chili pepper, Menudo (soup)]"}, "398": {"gemma": "[Rural Districts of Iran, Chenaran Rural District, Kalateh-ye Mian, Soltaniyeh District]"}, "399": {"gemma": "[Elizabeth Davis (7 Year Bitch), Punk rock, The Adverts]"}, "400": {"gemma": "[Vriesea longicaulis, Angiosperms, Poales, Vriesea pereirae]"}, "401": {"gemma": "[Klesiv, Rivne Oblast, Ukraine]"}, "402": {"gemma": "[Ra\u0161\u00edn, Czech Republic, Prague, Mohelnice nad Jizerou]"}, "403": {"gemma": "[Eudicots, Trichostema, Plantae, Utricularia hamiltonii, Asterids]"}, "404": {"gemma": "[Zilayi Rural District, Iran, Geshur-e Zilayi]"}, "405": {"gemma": "[Atlantic Records, Authority Zero, Simple Plan]"}, "406": {"gemma": "[Jennifer Rowe, The Dreamstone (novel), English language, Fantasy literature, The Isle of Illusion]"}, "407": {"gemma": "[Horace Rice, Australia, Sydney, Australia, Peter St. Albans]"}, "408": {"gemma": "[Ecuador, Gal\u00e1pagos Islands, Pinz\u00f3n Island]"}, "409": {"gemma": "[Lansdale  Pennsylvania, Pennsylvania Route 63, Huntingdon Valley  Pennsylvania]"}, "410": {"gemma": "[The High Fructose Adventures of Annoying Orange, Rachel Bloom, Mike Fasolo, Robot Chicken: Star Wars Episode II]"}, "411": {"gemma": "[Chinese people, Li Bin (diplomat), Kim Il-sung University, Kim Jong-un, Ko Yong-hui]"}, "412": {"gemma": "[Mithun Chakraborty, Shapath, Dance Dance (film), Hindi language]"}, "413": {"gemma": "[Punjab Province (British India), Darshan Singh Pheruman, Sikhism, Amritsar, Indian National Congress]"}, "414": {"gemma": "[Siluck Saysanasy, Laos, Hmong people, Buddhism]"}, "415": {"gemma": "[FC St. Pauli, Dirk Zander, Marco Stier, Hallescher FC, Max Christiansen]"}, "416": {"gemma": "[Time Step (album), Leo Kottke, Singer-songwriter]"}, "417": {"gemma": "[Burgos, Urraca of Le\u00f3n, Alfonso VI of Le\u00f3n and Castile, Castile and Le\u00f3n]"}, "418": {"gemma": "[Sea Patrol, Josh Lawson, Brisbane, Charles Moffatt Jenkinson, Birmingham, Romantically Challenged]"}, "419": {"gemma": "[Ian Foster (footballer), Liverpool F.C., Galway United F.C. (1937\u20132011), Dundalk F.C.]"}, "420": {"gemma": "[Eudicots, Amaranthaceae, Salsola, Caryophyllales, Angiosperms]"}, "421": {"gemma": "[Chah Mir  Hormozgan, Ahmadi Rural District, Ahmadi District]"}, "422": {"gemma": "[2004\u201305 Swansea City A.F.C. season, Kenny Jackett, 2003\u201304 Swansea City A.F.C. season]"}, "423": {"gemma": "[George Marshall (director), Life Begins at 40 (film), Los Angeles]"}, "424": {"gemma": "[Cloven Hoofed, Dietmar Post, Play Loud! Productions]"}, "425": {"gemma": "[Beast Is the B2ST, Cube Entertainment, Korean language, The Winter's Tale (EP), Extended play, Remember That (EP)]"}, "426": {"gemma": "[Cizeta, Giorgio Moroder, Danger Zone (song)]"}, "427": {"gemma": "[Martin Balsam, Cape Fear (1962 film), Voices in the Earth, Giuseppe Rotunno]"}, "428": {"gemma": "[George Arliss, Disraeli (1929 film), Warner Bros.]"}, "429": {"gemma": "[Charles McMorris, Battle of Cape Esperance, World War II]"}, "430": {"gemma": "[CMLL 71st Anniversary Show, Consejo Mundial de Lucha Libre, Arena M\u00e9xico]"}, "431": {"gemma": "[Palestinian Legislative Council, Unicameral, Popular Front for the Liberation of Palestine]"}, "432": {"gemma": "[Poland, Lower Silesian Voivodeship]"}, "433": {"gemma": "[Nasa jungifolia, Loasaceae, Asterids]"}, "434": {"gemma": "[Insect, Animal, Elachista apina, Lepidoptera, Notodontidae]"}, "435": {"gemma": "[Jim Marshall (Georgia politician), Princeton University, Piermaria Oddone, Fermilab, The New Avengers (TV series)]"}, "436": {"gemma": "[Theo J\u00f6rgensmann, Avant-garde jazz, Free improvisation, Hathut Records]"}, "437": {"gemma": "[Albion  Michigan, Jerome D. Mack, Karen Mack, Russell Goldsmith]"}, "438": {"gemma": "[National Socialist German Workers' Party, Rudolf Hess, Albert Speer, Philipp Bouhler, William Joyce]"}, "439": {"gemma": "[Bolivia, Andes, Antofalla]"}, "440": {"gemma": "[Friedrich Lindenberg, Operation Barbarossa, Battle of France, August Koch, Knight's Cross of the Iron Cross]"}, "441": {"gemma": "[Dead Man's Party (Buffy the Vampire Slayer), Anne (Buffy the Vampire Slayer episode), Kristine Sutherland]"}, "442": {"gemma": "[Contenders (song), Virgin Records, Fanfare (album)]"}, "443": {"gemma": "[Soviet Union, Vitali Prokhorov, MFC Mykolaiv]"}, "444": {"gemma": "[CNN, Emmy Award, Jonathan Karl, Jake Tapper]"}, "445": {"gemma": "[Insect, Arthropod, Cychrus attenuatus, Cychrus]"}, "446": {"gemma": "[Siebenrockiella, Cryptodira, Chinese box turtle, Vietnamese three-striped box turtle, Geoemydinae, Chinese box turtle]"}, "447": {"gemma": "[Pittsburgh Power, Paul Edinger, Minnesota Vikings, Anthony Prior, Chicago Bears, Dana Howard (American football)]"}, "448": {"gemma": "[Buffalo Commercial Bank, Private company, Enwave]"}, "449": {"gemma": "[Bengaluru, Vijay Raghavendra, Khushi (2003 Kannada film), Prakash (film director)]"}, "450": {"gemma": "[Dino Stamatopoulos, TV Funhouse, Saturday Night Live, Sports Show with Norm Macdonald]"}, "451": {"gemma": "[Roman Catholic Diocese of Sosnowiec, Poland, Alfred Budner]"}, "452": {"gemma": "[Politician, Felipe Amoedo, Catholicism]"}, "453": {"gemma": "[1976 Annual World's Best SF, Science fiction, Escape!]"}, "454": {"gemma": "[Marieke (album), Jacques Brel, Seasons in the Sun, Philips Records]"}, "455": {"gemma": "[Rockwell Kent, Lenin Peace Prize, Oscar Niemeyer]"}, "456": {"gemma": "[Debbi Morgan, Color of the Cross, Conan the Barbarian (1982 film)]"}, "457": {"gemma": "[The Bone Forest, Robert Holdstock, Mythago Wood, Lavondyss]"}, "458": {"gemma": "[John Butler (musician), Maton, Tim Rogers (musician)]"}, "459": {"gemma": "[Bronislav \u010cervenka, Czechoslovakia, Czech Republic national under-21 football team, FK Drnovice]"}, "460": {"gemma": "[Allan McDonald (Australian politician), Australia, Wangaratta, Isobelle Carmody]"}, "461": {"gemma": "[Wiesbaden, Carl Remigius Fresenius, University of Gie\u00dfen]"}, "462": {"gemma": "[Qazanlu, West Azerbaijan Province, Kakusan]"}, "463": {"gemma": "[Henrik Ibsen, A Master Builder, Declan Quinn]"}, "464": {"gemma": "**Diameter:** 2\n\n**Path:** [Brazil, Embraer EMB 121 Xingu, French Navy, Jacques F\u00e9lix Emmanuel Hamelin, Ferdinand-Alphonse Hamelin]"}, "465": {"gemma": "[Boise  Idaho, Brett Nelson, Indie rock, Mocket]"}, "466": {"gemma": "[Animal, Arthropod, Adephaga]"}, "467": {"gemma": "[Mavic, France, Operation Castor, 6th Marine Infantry Parachute Regiment, Marcel Bigeard]"}, "468": {"gemma": "[1930-31 SK Rapid Wien season, Eduard Bauer, Pfarrwiese]"}, "469": {"gemma": "[Six60, Tiki Taane, Drum and bass, Breakbeat Era]"}, "470": {"gemma": "[Giuseppe Orlandini, Florence, Benedetto Ghiglia, To Forget Venice]"}, "471": {"gemma": "[Hormozgan Province, Iran, Bandar Lengeh County]"}, "472": {"gemma": "[Virovitica, Croatia, Zagreb, Tomislav Iv\u010di\u0107]"}, "473": {"gemma": "[Stade Briochin, Jean-Pierre Brucato, Michel Rio]"}, "474": {"gemma": "[Joseph Patrick Moore, Jazz, Ibrahim Maalouf]"}, "475": {"gemma": "[Gillingham F.C., Dave McEwen, Hertford Town F.C., Tony Sinclair (footballer)]"}, "476": {"gemma": "[Research and Development, Private company, Arms industry, Feinwerkbau, Digital Surf]"}, "477": {"gemma": "[Japan, Rei Matsumoto, List of Japanese football transfers winter 2014\u201315, Sunao Kasahara]"}, "478": {"gemma": "[Ruby Wax, Ed Bye, Vicious (TV series)]"}, "479": {"gemma": "[Democratic Party (United States), Preston Leslie]"}, "480": {"gemma": "[Emmanuel Baba, Midfielder, PFC Spartak 1918]"}, "481": {"gemma": "[Iran, Qaleh Emam, Iran Standard Time, Basadi-ye Hajj Barun]"}, "482": {"gemma": "[England, Goddard Lieberson, Manhattan New York]"}, "483": {"gemma": "[Conversation tart, Dessert, Mississippi mud pie]"}, "484": {"gemma": "[Amazing Stories (TV series), Anthology series, The Nightmare Room, Adventure]"}, "485": {"gemma": "[Stade Mohamed V, Morocco national under-17 football team, Nabil Jaadi, Ali Yasar, Karim Achahbar, France]"}, "486": {"gemma": "[Huang Shin-chieh, Taiwan under Japanese rule, Hsu Hsin-liang]"}, "487": {"gemma": "[Jim Varney, Annabelle's Wish, Brian Cummings, Alison Krauss, Steve Mackall]"}, "488": {"gemma": "[Chevrolet TrailBlazer, Rear-wheel drive, Buick Rainier, Buick Envision]"}, "489": {"gemma": "[Chase Rice, Ready Set Roll, Ignite the Night, Sony Music Nashville]"}, "490": {"gemma": "[Ardestan County, Iran, Iran Standard Time]"}, "491": {"gemma": "[M. B. Sreenivasan, Anantaram, Ashokan (actor)]"}, "492": {"gemma": "[Derek Muller, University of Sydney, Los Angeles]"}, "493": {"gemma": "[Stonewall Jackson, Mary Anna Jackson, Lincoln County North Carolina]"}, "494": {"gemma": "[William Jackson Hooker, Liatris punctata, Paphiopedilum druryi, Paphiopedilum]"}, "495": {"gemma": "[Paul Demi\u00e9ville, \u00c9douard Chavannes]"}, "496": {"gemma": "[Livingston F.C., Roddy McKenzie, Willie MacFarlane (footballer  born 1930), Hawick Royal Albert F.C.]"}, "497": {"gemma": "[Lira  Uganda, Giuseppe Ambrosoli, Uganda]"}, "498": {"gemma": "[Laura Betti, Italy, Casalecchio di Reno, Unipol Arena]"}, "499": {"gemma": "[North Kingstown  Rhode Island, Daniel Littlefield, Republican Party (United States), Herbert W. Ladd]"}}