{"0": {"llama8b": "[Veronica Garcia, Megan Banks, Julia Dominguez, Rachel Mitchell]"}, "1": {"llama8b": "[Michelle Nelson, Kevin Brooks, Toni Suarez]"}, "2": {"llama8b": "[Shawn Grant, Briana Bush, Mark Johnson, Christopher Decker]"}, "3": {"llama8b": "From the given social network, we can identify the following connected components: \n\n- The first component includes Monica Watkins, Brandon Klein, Cheryl Ellis, Dr. Nicholas Fleming DDS, Samantha Dickerson, and Cesar Byrd. \n- The second component includes Valerie Armstrong and Sarah Garza.\n\nBy selecting one representative node from each connected component, we have Monica Watkins from the first component and Valerie Armstrong from the second component. Therefore, the answer is [Monica Watkins, Valerie Armstrong]."}, "4": {"llama8b": "From the given connections, we can identify three isolated connected components. The first component includes Carolyn Hall, Judith James, and Russell Russell, and the second component includes Jessica Alexander and Curtis Meza. The third component includes Anne Cooper and Roger Martin. By selecting one representative node from each connected component, we have Carolyn Hall from the first component, Curtis Meza from the second component, and Anne Cooper from the third component. Therefore, the answer is [Carolyn Hall, Curtis Meza, Anne Cooper]."}, "5": {"llama8b": "From the given connections, we can identify the following connected components:\n\nThe first component includes Jessica Sullivan, Valerie Patrick, Kathryn Castillo, and Chad Stewart. We can select one representative node from this component, which is Valerie Patrick.\n\nThe second component includes Kelsey Ryan, Kathryn Bernard, Shelly White, and Kendra Miller. We can select one representative node from this component, which is Kelsey Ryan.\n\nTherefore, the answer is [Valerie Patrick, Kelsey Ryan]."}, "6": {"llama8b": "[Elizabeth Davenport, Elizabeth Vargas]"}, "7": {"llama8b": "[Shelby Saunders, Mrs. Jessica Moore, Dr. Bailey Thompson]"}, "8": {"llama8b": "[Kristi Morris, Daniel Rosario]"}, "9": {"llama8b": "From the given connections, we can identify one connected component. The connections are: David Jones to Melanie Santiago, Melanie Santiago to Renee Mitchell, Melanie Santiago to Tanya Sanchez, Melanie Santiago to Zachary Weber, Melanie Santiago to Haley Dawson. From these connections, we can see that all the nodes are connected to Melanie Santiago. Therefore, the answer is [Melanie Santiago]."}, "10": {"llama8b": "[Joshua Thomas, Rachel Frank, John Schultz]"}, "11": {"llama8b": "[Carl Robinson, Kevin Bowen]"}, "12": {"llama8b": "[Margaret Morris, Barbara Garcia MD, Deborah Bates, Dominique Rodriguez]"}, "13": {"llama8b": "[Dr. Elizabeth Sullivan, Ms. Amy Duncan, Brian Wright, Haley Berry, Derek Morales, Bethany Hunter]"}, "14": {"llama8b": "From the given connections, we can identify the following connected components:\n\nThe first component includes Robert Bell, Patrick Hoffman, Ashley Williams, and Stephanie Collier, as they are all connected to each other.\n\nThe second component includes Miss Heather Ware, who is only connected to Stephanie Collier.\n\nBy selecting one representative node from each connected component, we have Stephanie Collier from the first component and Miss Heather Ware from the second component. Therefore, the answer is [Miss Heather Ware, Stephanie Collier]."}, "15": {"llama8b": "After analyzing the given social network, I can identify the following connected components:\n\n1. Component 1: Joseph Bowman, Jamie Garcia, Melissa Mitchell, Shelley Jones, Allison Alvarez\n2. Component 2: Jerry Larson, Marilyn Simmons, Troy Butler, Michael Stevens\n\nBy selecting one representative node from each connected component, I can output the following answer:\n\n[Troy Butler, Joseph Bowman]"}, "16": {"llama8b": "[Ronald Cervantes, Mr. Matthew Christian]"}, "17": {"llama8b": "[Jose Alexander, Susan Greene, Michael Young, Patrick Higgins, Derrick Jackson Jr., Tony Alvarez, Matthew Ball, Shannon Ford, Kelsey Elliott, Johnathan Jones, Richard Conrad]"}, "18": {"llama8b": "[Anna Green, Glenn Young]"}, "19": {"llama8b": "[Todd Kramer, Juan French]"}, "20": {"llama8b": "[Jordan White, Cynthia Kirk, Christina Li]"}, "21": {"llama8b": "[John Brown, Yvonne Bailey, Gregory Harper]"}, "22": {"llama8b": "[Heather Barrett, Zachary Potter]"}, "23": {"llama8b": "[Heidi Kennedy, Mitchell Roberts]"}, "24": {"llama8b": "[Leslie Johnson, Jonathan Santiago]"}, "25": {"llama8b": "[Lauren Phillips, Michael Travis, Joseph Gilmore, Nicholas Atkins]"}, "26": {"llama8b": "[Steven Mills, Caitlin Bond]"}, "27": {"llama8b": "[Mary Reynolds, Bryan Smith]"}, "28": {"llama8b": "[Lisa Henry, Michael Lee]"}, "29": {"llama8b": "[Melissa Hill, Gabrielle Day]"}, "30": {"llama8b": "[Mark Thompson, Jill Brady]"}, "31": {"llama8b": "[Justin Washington, Susan Moreno, James Kline, Cameron Russell]"}, "32": {"llama8b": "[Monica Stokes, Gloria Galvan]"}, "33": {"llama8b": "[Victor Novak, Richard Kelley, Elizabeth Harmon]"}, "34": {"llama8b": "[Donna Davis, Jasmine Quinn, Michael Thompson]"}, "35": {"llama8b": "[Tiffany Martinez, Lisa Boone]"}, "36": {"llama8b": "[Logan Sosa, Kathleen Murray, Frank Ford]"}, "37": {"llama8b": "[Laura Obrien, Kathleen Brown, Tiffany Mcdonald, Andrea Miller MD]"}, "38": {"llama8b": "[Stacy Hernandez, Amy Garcia]"}, "39": {"llama8b": "[Randy Cook, Jessica Martinez, Kimberly Smith]"}, "40": {"llama8b": "[Jason Morales, Mrs. Karen Anderson]"}, "41": {"llama8b": "[William Walker, Tracy Brady, Michelle Gonzalez, Madeline Wiggins]"}, "42": {"llama8b": "[Johnathan Nicholson, Lynn Weaver, Shawn Jones, April Burns]"}, "43": {"llama8b": "[Michelle Vasquez, Scott Bryant]"}, "44": {"llama8b": "[Chelsea Bryant, Dwayne West]"}, "45": {"llama8b": "[Barry Fuentes, Maria Johnson, Melinda Fisher]"}, "46": {"llama8b": "[Christopher Cooley, Seth Alexander]"}, "47": {"llama8b": "[Andrew Miller, Robert Johnston]"}, "48": {"llama8b": "[Timothy Jones, Haley Gomez]"}, "49": {"llama8b": "[Christopher Stephens, Joyce Hanson, Glenda Harvey]"}, "50": {"llama8b": "[Michael Powell, Jennifer Lawrence, Tiffany Thomas]"}, "51": {"llama8b": "[Samuel Patel, Nicholas Wilkerson]"}, "52": {"llama8b": "[Katherine Chung, Mark Mason]"}, "53": {"llama8b": "[Catherine Stewart, Sarah Vaughan, Amy Hill]"}, "54": {"llama8b": "[Andres Hall, Gary Mills, Ashley Leonard]"}, "55": {"llama8b": "[Christopher Shaw, Derrick Huber]"}, "56": {"llama8b": "[Marissa Watson, Amy Jones]"}, "57": {"llama8b": "From the given connections, we can identify the following connected components:\n\nThe first component includes Elizabeth Cruz, Justin Baxter, Wanda Smith, Jennifer Valdez PhD, Anthony Dean, and Chad Wilson. This is because Justin Baxter is connected to all these users.\n\nThe second component includes Betty Whitaker DDS (who has no connections).\n\nBy selecting one representative node from each connected component, we have Justin Baxter from the first component and Betty Whitaker DDS from the second component. Therefore, the answer is [Justin Baxter, Betty Whitaker DDS]."}, "58": {"llama8b": "From the given connections, we can identify the following connected components:\n\n1. Michael Page, Steven Peterson, Veronica Hunter: These three nodes are connected to each other.\n2. Leah Patrick, Shawn Fuller, Elizabeth Rogers, Andrew Aguirre: These four nodes are connected to each other.\n3. Antonio Olson, Brian Peterson: These two nodes are connected to each other.\n4. Jorge Norton DDS: This node is not connected to any other node.\n\nBy selecting one representative node from each connected component, we have Michael Page from the first component, Leah Patrick from the second component, Antonio Olson from the third component, and Jorge Norton DDS from the fourth component. Therefore, the answer is [Michael Page, Leah Patrick, Antonio Olson, Jorge Norton DDS]."}, "59": {"llama8b": "[Terry White, Amanda Garcia]"}, "60": {"llama8b": "[Crystal Underwood, Mr. Scott Mendoza, Christopher Coleman]"}, "61": {"llama8b": "[Mark Hooper, Travis Brandt DVM, Jennifer Berg, Anthony Perez]"}, "62": {"llama8b": "[Matthew Holmes, Jamie Strickland]"}, "63": {"llama8b": "[Toni Calhoun, Ms. Bethany Waller]"}, "64": {"llama8b": "[Angela Grant, Erin Washington]"}, "65": {"llama8b": "[Catherine Miller, Hannah Randall, Tammy Martinez]"}, "66": {"llama8b": "[Regina Simmons, Mark Sims]"}, "67": {"llama8b": "[Ann Roberts, Sara Lewis]"}, "68": {"llama8b": "[Kim Roberts, Steven Lee]"}, "69": {"llama8b": "[Ann Hernandez, Heather Torres]"}, "70": {"llama8b": "[John Ali, Colleen Lee]"}, "71": {"llama8b": "[Aaron Burke, Regina Simmons]"}, "72": {"llama8b": "From the given connections, we can identify the following connected components:\n\n1. Cindy Bennett, Nichole Becker, Jacob Gordon, Matthew Harvey, Peter Stewart, David Austin, Teresa Cooper, Kimberly Lester, Samantha Bruce, Susan Ward, Tyler Miller, Benjamin Dennis\n2. Thomas Dougherty\n\nBy selecting one representative node from each connected component, we have Susan Ward from the first component and Thomas Dougherty from the second component. Therefore, the answer is [Susan Ward, Thomas Dougherty]."}, "73": {"llama8b": "[Melissa Bauer, Samantha Jordan, Lauren White]"}, "74": {"llama8b": "[Lauren Thomas, Erika Davis]"}, "75": {"llama8b": "[Sherry Ward, Jennifer Harrell]"}, "76": {"llama8b": "[Donald Ramsey, Christine Walker]"}, "77": {"llama8b": "[Thomas Carroll, Angela Carr, Brandon Webster]"}, "78": {"llama8b": "[Anna Adams PhD, Brian Garcia]"}, "79": {"llama8b": "[Christopher Mercer, Pamela Lee]"}, "80": {"llama8b": "[Morgan Thompson, Jessica Hicks]"}, "81": {"llama8b": "[Ruben Randall, Taylor Smith, Jennifer Richardson]"}, "82": {"llama8b": "[Andrea Stevenson, Andrew Huynh]"}, "83": {"llama8b": "[Hector Mckinney, James Russell]"}, "84": {"llama8b": "[Joseph Carter PhD, Kristy Sanders]"}, "85": {"llama8b": "[Matthew Flores, Kristin Chapman, Gina Nunez]"}, "86": {"llama8b": "[Steven White, Anna Hull, Jason Salazar, Michael Perry]"}, "87": {"llama8b": "[Julia Oneill, Rodney Baker]"}, "88": {"llama8b": "[Mckenzie Ponce, Jennifer Anderson MD]"}, "89": {"llama8b": "[Justin Horton, Lauren Thomas, Edward Davis, Kristen Petty, Allison Simpson, Laurie Patterson, Thomas Brown, Jessica Rogers, Nathan Jones, Don Garcia, Sheila Peters]"}, "90": {"llama8b": "[Erin Holt, Regina Hill, Kenneth Harding]"}, "91": {"llama8b": "[Tyrone Kelley, Michelle Kramer]"}, "92": {"llama8b": "[Heather Williams, Anthony Tyler]"}, "93": {"llama8b": "[Barbara Walters, Timothy Torres, Erin Middleton]"}, "94": {"llama8b": "[Mr. Steven Arnold, Jose Peters]"}, "95": {"llama8b": "[Alexandra Morales, Jason Wong]"}, "96": {"llama8b": "[Eric Sims, Patrick Salinas]"}, "97": {"llama8b": "[Lauren James, Melvin Torres, Ms. Erin Mendoza]"}, "98": {"llama8b": "[Mr. Christopher Taylor, Jennifer Duncan]"}, "99": {"llama8b": "[Michael Garcia, Kaitlin Baker]"}, "100": {"llama8b": "[Angel Sherman, Mrs. Jennifer Gregory]"}, "101": {"llama8b": "[Brooke Sanchez, Mariah Smith, Christopher Anderson]"}, "102": {"llama8b": "[Victoria Kidd, Jason Macias, Sherry Sanders, Kim Ward]"}, "103": {"llama8b": "From the given connections, we can identify the following connected components:\n\n1. Ryan Sanchez, Jon Burton, Jenna Farley, Timothy Perez - These nodes are all connected to each other through the given connections.\n2. Derek Lopez, Gina Cruz, Bruce Matthews, Albert Ritter, Michael Stein, Chase Cohen - These nodes are all connected to each other through the given connections.\n\nBy selecting one representative node from each connected component, we have Jon Burton from the first component and Gina Cruz from the second component. Therefore, the answer is [Jon Burton, Gina Cruz]."}, "104": {"llama8b": "[Jennifer Walker, Mary Rasmussen, David Jones]"}, "105": {"llama8b": "[Jerry Bowman, Kayla Bishop, Erika Daugherty, Jeremy Green]"}, "106": {"llama8b": "From the given connections, we can identify three isolated connected components. The first component includes Rebecca Gray, Lynn Cervantes, and Larry Martinez, the second component includes Jennifer Richardson, Jamie Carpenter, and Manuel Lynch, and the third component includes Alison Alexander and Randall Bright (who have no connections). By selecting one representative node from each connected component, we have Rebecca Gray from the first component, Jennifer Richardson from the second component, and Alison Alexander from the third component. Therefore, the answer is [Rebecca Gray, Jennifer Richardson, Alison Alexander]."}, "107": {"llama8b": "[Theresa Schultz, Christopher Fuentes]"}, "108": {"llama8b": "[Erika Coleman, Robert Lewis]"}, "109": {"llama8b": "[Brandy Mathis, Michael Roberts, Stephen Hess]"}, "110": {"llama8b": "[Patricia Miller, Sandra Miller, John West, Bryan Stewart]"}, "111": {"llama8b": "[Gene Bennett, Kimberly Warren]"}, "112": {"llama8b": "From the given connections, we can identify three isolated connected components. The first component includes Kimberly Reed and Kristi Matthews, the second component includes Robert Day, Samantha Harding, and Chelsea Morrow, and the third component includes Johnny Thompson, Cameron Roberts. By selecting one representative node from each connected component, we have Kimberly Reed from the first component, Samantha Harding from the second component, and Cameron Roberts from the third component. Therefore, the answer is [Kimberly Reed, Samantha Harding, Cameron Roberts]."}, "113": {"llama8b": "[Paul Robinson, Sarah Nelson, Gabrielle Morrison, Timothy Gallagher, Joel Martin]"}, "114": {"llama8b": "[Benjamin Johnson, Connie Williams]"}, "115": {"llama8b": "[Rebecca Sosa, Jose Hamilton, Matthew Schroeder]"}, "116": {"llama8b": "[Jamie Oliver, Mr. Joseph Mcclure Jr.]"}, "117": {"llama8b": "[Barbara Warren, Mackenzie Adams, Lindsay Smith]"}, "118": {"llama8b": "[Valerie Taylor, Gary Leon, Michael Young]"}, "119": {"llama8b": "[Ryan Lloyd, Patrick Romero]"}, "120": {"llama8b": "[Anthony Wilson, Sara Ramirez]"}, "121": {"llama8b": "[Matthew Lawrence, Michael Arroyo, Malik Harris]"}, "122": {"llama8b": "[Cynthia Smith, Jason Sanders, Carrie Rodgers]"}, "123": {"llama8b": "[Timothy Nunez, Anthony Elliott, Joseph Smith]"}, "124": {"llama8b": "[Samuel Bell, Frank Brown]"}, "125": {"llama8b": "[George Jimenez, Jennifer Thompson, James Jackson]"}, "126": {"llama8b": "[Scott Gregory, Craig Collins, Kiara Johnson]"}, "127": {"llama8b": "[Michelle Smith, Michael Lawson]"}, "128": {"llama8b": "[Kristen Burns, Joshua Rivers]"}, "129": {"llama8b": "[Steven Arias MD, Ashley Caldwell, Sara Gray]"}, "130": {"llama8b": "[Justin Ramirez, Sean Young]"}, "131": {"llama8b": "[Matthew Paul, Craig Murphy MD]"}, "132": {"llama8b": "[Adam Sharp, Jill Smith]"}, "133": {"llama8b": "[Ray Lara, Sarah Rodriguez, William Hernandez]"}, "134": {"llama8b": "[Renee Brown, Richard Solis, Selena Castillo]"}, "135": {"llama8b": "[Sharon Williamson, John Davis]"}, "136": {"llama8b": "[Bradley Roberts, Tim Gomez]"}, "137": {"llama8b": "[Micheal Clark, Jodi Smith, Nina Guerrero]"}, "138": {"llama8b": "From the given connections, we can identify the following connected components:\n\n1. Component 1: Brittany King, Christopher Scott, Cristina Young, Kathleen Mcdonald DDS, Gary Harris\n   - This component is connected because Brittany King is connected to Christopher Scott, Chelsea Nguyen is connected to Kathleen Mcdonald DDS, Christopher Scott is connected to Kathleen Mcdonald DDS, Cristina Young is connected to Kathleen Mcdonald DDS, and Kathleen Mcdonald DDS is connected to Gary Harris.\n\n2. Component 2: Chelsea Nguyen\n   - This component is isolated because Chelsea Nguyen is only connected to Kathleen Mcdonald DDS, but Kathleen Mcdonald DDS is already part of Component 1.\n\n3. Component 3: None\n   - There is no other isolated component because all other nodes are already part of Component 1.\n\nBy selecting one representative node from each connected component, we have Kathleen Mcdonald DDS from Component 1 and Chelsea Nguyen from Component 2. Therefore, the answer is [Chelsea Nguyen, Kathleen Mcdonald DDS]."}, "139": {"llama8b": "[Debbie Yates, Ryan Rodriguez, Miss Gabrielle Wright]"}, "140": {"llama8b": "[Phillip Marsh, Courtney Escobar]"}, "141": {"llama8b": "[Noah Decker, Jonathan Beasley, Kayla Wilson]"}, "142": {"llama8b": "From the given connections, we can identify the following connected components:\n\nThe first component includes Susan Jennings, Joseph Wells, Lynn Hardy, Jessica Hawkins, Jacqueline Perry, Erica Webb, and Mary Scott. This is because Joseph Wells is connected to all these nodes, and they are all connected to each other through Joseph Wells.\n\nThe second component includes Mark Torres Jr. (who has no connections to the first component).\n\nTherefore, the answer is [Mark Torres Jr., Joseph Wells]."}, "143": {"llama8b": "[Jeffrey Yang, Evelyn Franklin, Ryan Anderson, Miss Kathleen Parrish, Mrs. Teresa Ward DDS, Susan Gomez, James Davis, Darrell Terry, Jasmine Anderson, Richard Cortez, Andrew Brown, Jessica Brewer]"}, "144": {"llama8b": "[Lisa Douglas, Maurice Francis]"}, "145": {"llama8b": "[David Dalton, Travis Swanson, Alisha Clarke]"}, "146": {"llama8b": "[Stacey Owens, William Lee]"}, "147": {"llama8b": "[Lee Espinoza, Margaret Murphy, Thomas Moyer, Jeremy Leon, Jody Martinez, Courtney Harris, Sean Hunter, Henry Lee, James Brown, Steven Fox, Theresa Scott, Joe Brown, John Mills, Michael Harmon]"}, "148": {"llama8b": "[Joseph Williams, Tyler Hansen DDS]"}, "149": {"llama8b": "[Mark Payne, Ashley Gray, Roberta Smith]"}, "150": {"llama8b": "[Leah Mahoney, Peter May]"}, "151": {"llama8b": "[Corey Rogers, Sara Jones]"}, "152": {"llama8b": "[Tony Willis, Sharon Garza]"}, "153": {"llama8b": "[Maria Luna, Rebecca Jones, Brian Diaz]"}, "154": {"llama8b": "From the given social network, we have the following names and connections: Richard Flores, Kristen Douglas, Michael Martinez, Christopher Black, Gina Anderson, Marcus Johnson, Kari Byrd, and Michael Gay. The connections are: Kristen Douglas to Michael Gay, and Gina Anderson to Michael Gay. \n\nFrom these connections, we can identify three isolated connected components. The first component includes Kristen Douglas, Gina Anderson, and Michael Gay, the second component includes Richard Flores, Michael Martinez, Christopher Black, and Marcus Johnson, and the third component includes Kari Byrd (who has no connections). \n\nBy selecting one representative node from each connected component, we have Michael Gay from the first component, Richard Flores from the second component, and Kari Byrd from the third component. Therefore, the answer is [Kari Byrd, Richard Flores, Michael Gay]."}, "155": {"llama8b": "[Gregory Summers, Jennifer Hurst, Alyssa Rodriguez DVM]"}, "156": {"llama8b": "From the given connections, we can identify one connected component that includes Amy Smith, Kimberly Olsen, Richard Santana, Vincent Green, and William Paul."}, "157": {"llama8b": "[Elizabeth Hurst, Anthony Nguyen, Mrs. Marcia Macias DDS, Deborah Bowman]"}, "158": {"llama8b": "[Christopher Ramirez, Gabriel Odonnell, Dana Harrison]"}, "159": {"llama8b": "From the given connections, we can identify the following connected components:\n\n1. Ryan Foster, John Savage, Mark Barnes, Brian Bishop: These nodes are all connected to each other.\n2. Sergio Shaw, Holly Smith, Christina Singh, Nicole Young, Jacqueline Cochran: These nodes are all connected to each other.\n3. Jacqueline Cochran is already included in the second component, so we can ignore her in this component.\n4. The remaining nodes, Ryan Foster, John Savage, Mark Barnes, and Brian Bishop, are already in the first component.\n\nTherefore, the answer is [Ryan Foster, Sergio Shaw]."}, "160": {"llama8b": "[Elizabeth Kirk, Ruben Simmons, Dorothy Miller]"}, "161": {"llama8b": "[Tammy Burgess, James Aguirre, Sarah Morales]"}, "162": {"llama8b": "[Corey Chavez, Lori Campbell, Heather Smith]"}, "163": {"llama8b": "[Melissa Coleman, Christopher Wilson]"}, "164": {"llama8b": "[Eric Henderson, Mary Preston]"}, "165": {"llama8b": "[Heather Ortiz, Dylan Ball, Alfred Williams]"}, "166": {"llama8b": "[Kimberly Peterson MD, Kim Garcia, Kayla Hall]"}, "167": {"llama8b": "[Joan Shields, Richard Blair]"}, "168": {"llama8b": "[Eric Dawson, Jennifer Romero]"}, "169": {"llama8b": "[Jason Brown, Heather Rhodes, Mr. Mitchell Johnson DDS]"}, "170": {"llama8b": "From the given connections, we can identify three isolated connected components. The first component includes Michael Rowland, James Velazquez, and Michael Dixon, the second component includes Donna Watson, Catherine Goodwin, and Angela Reid, and the third component includes none (since there are no connections). By selecting one representative node from each connected component, we have Michael Rowland from the first component, Catherine Goodwin from the second component, and none from the third component (since there are no nodes in this component). Therefore, the answer is [Michael Rowland, Catherine Goodwin]."}, "171": {"llama8b": "[Ellen Welch, James Johnson]"}, "172": {"llama8b": "[Kristen Long]"}, "173": {"llama8b": "[Nathan Allison, Susan Austin, Bryan Berg, Holly Wilson]"}, "174": {"llama8b": "[Joseph Patterson, Melissa Cook]"}, "175": {"llama8b": "[Destiny Simpson, Cheryl Prince]"}, "176": {"llama8b": "[Raymond Carter, Christina Campbell]"}, "177": {"llama8b": "From the given connections, we can identify the following connected components:\n\nThe first component includes Alan Savage, Michael Collier, and Alicia Robinson. The second component includes Erin Wise, Michelle Hansen, John Moore, and Gina Horton. The third component includes Jeffrey Rice and Rachel Wilson.\n\nBy selecting one representative node from each connected component, we have Alicia Robinson from the first component, Erin Wise from the second component, and Rachel Wilson from the third component.\n\nTherefore, the answer is [Alicia Robinson, Erin Wise, Rachel Wilson]."}, "178": {"llama8b": "[Brandon Medina, Michael Ellis]"}, "179": {"llama8b": "[Jenny Swanson, Anthony Smith]"}, "180": {"llama8b": "[Nicholas Roberson MD, Gregory Hughes]"}, "181": {"llama8b": "[Carol Horton, Mr. Cameron Joseph, Laura Garcia]"}, "182": {"llama8b": "[Oscar Montgomery, Kristin Burgess, Erika Brown]"}, "183": {"llama8b": "[Jeffery Choi, Michelle Holmes]"}, "184": {"llama8b": "[Jason Kaufman, Kevin Morrow, Sherri Bruce]"}, "185": {"llama8b": "[Jennifer Vasquez, Mr. Eric Mckay, Joy Weber]"}, "186": {"llama8b": "[Jose Carpenter, Amber Raymond]"}, "187": {"llama8b": "[William Hanna, Hannah Murphy]"}, "188": {"llama8b": "[Steven Collins, Stephen Mendoza]"}, "189": {"llama8b": "[Wendy Turner, Sarah Blankenship, Rebecca Watson, Laura Gordon, Heidi Mcknight, Karen Robertson, David Murphy, Edward Phillips, Pamela Miller, Jose Miller, Isaac Jennings, Gary Martinez, Shawn Schultz]"}, "190": {"llama8b": "[Debra Greene, Margaret Wilson]"}, "191": {"llama8b": "[Anthony Carlson, Jorge Reyes, Denise Fleming, John Maldonado, Isaiah Powell, Daniel Cantu, Shelley Oconnell, Michele Stephens, Lori Henderson]"}, "192": {"llama8b": "[Elizabeth Washington, Gregory Olson MD]"}, "193": {"llama8b": "[Samuel Clark, Jill Garrett, Michelle Hernandez]"}, "194": {"llama8b": "From the given social network, we can identify the following connected components:\n\nThe first component includes Julia Phillips, Lori Daniel, Rachel Johnson, Jeremy Pace, Jeremiah Mason MD, and James Perez. By selecting one representative node from this component, we have Lori Daniel.\n\nThe second component includes Joshua Mccoy and Miss Annette Pruitt. By selecting one representative node from this component, we have Joshua Mccoy.\n\nTherefore, the answer is [Lori Daniel, Joshua Mccoy]."}, "195": {"llama8b": "[Nicholas Mitchell, Jennifer Peters, Jacob Lee]"}, "196": {"llama8b": "[Walter Meyer, Stephanie Bean, John Cunningham, Elizabeth Mullen, Michael Hopkins]"}, "197": {"llama8b": "[Brandy Conner, Lauren Barajas, Marisa Jackson]"}, "198": {"llama8b": "[Mark Flores, Cynthia Buck, Andrew Kennedy]"}, "199": {"llama8b": "[Teresa Morrison, Jeremy Wagner, Mrs. Breanna Wheeler]"}, "200": {"llama8b": "[Catherine Smith, Thomas Zamora]"}, "201": {"llama8b": "[Jessica Miller, Carolyn Welch, Cathy Graham]"}, "202": {"llama8b": "[Paul Williams, Jennifer Chaney, Sue Schmitt]"}, "203": {"llama8b": "From the given connections, we can identify the following connected components:\n\n1. Patricia Castro, Jessica Buckley, Stephen Williams, Trevor Morrison, Sarah Massey, Stephanie Fernandez, and Mary Lloyd DDS are all connected to each other through Stephen Williams. Therefore, this is a single connected component.\n2. There are no other nodes that are not connected to this component, so this is the only connected component in the network.\n\nBy selecting one representative node from each connected component, we have Stephen Williams from the only component. Therefore, the answer is [Stephen Williams]."}, "204": {"llama8b": "[Roberta Jacobson, Samuel Henderson]"}, "205": {"llama8b": "[Megan Brandt, Breanna Stone, Sandra Thomas]"}, "206": {"llama8b": "[Kimberly Hill, Patricia Thompson, Beth Jackson]"}, "207": {"llama8b": "[Anna Griffin, Eric Brooks]"}, "208": {"llama8b": "[Travis Williams, John Robles, Matthew Goodman]"}, "209": {"llama8b": "[Janice Davidson, Diana Brown, Mr. Jacob Wright DDS]"}, "210": {"llama8b": "[Heidi Perez, Brett Arnold]"}, "211": {"llama8b": "[Xavier Mitchell, Brenda Melton]"}, "212": {"llama8b": "[Christopher Blake, Brittany Hawkins]"}, "213": {"llama8b": "[Ethan Mcdaniel, Sara Hamilton, Amanda Mcmahon]"}, "214": {"llama8b": "[Lucas Madden, Joseph Vazquez]"}, "215": {"llama8b": "[Erica Bates, Amy Johnson]"}, "216": {"llama8b": "[David Nelson, Jennifer Ramos, Sean Chan]"}, "217": {"llama8b": "[Andrew Roberts, Pamela Jones, Andrew Bryant]"}, "218": {"llama8b": "[Harry Smith, Michael Maddox, Jessica Bishop]"}, "219": {"llama8b": "[Deborah Torres]"}, "220": {"llama8b": "[Shannon Patel, Brian Barrera]"}, "221": {"llama8b": "[Erin Guerra, Lisa Taylor, Susan Mitchell DDS, Janet Beltran, Heather Thompson, Beth Vega, Joel Dalton, Colton Guzman, Misty Beck]"}, "222": {"llama8b": "[Crystal Chavez, Alan Wong, Martin Gallegos]"}, "223": {"llama8b": "[Mr. Joshua Shaw, Regina Le, Kimberly Bolton, Mary Reeves, Robert Villanueva, John Cain, Nicholas Heath, Danielle Pearson, Richard Mccarty, Bryan Foster, David Warner, Steven Hart]"}, "224": {"llama8b": "[Michael Moore, Lisa Smith, Bryan Shaw, Teresa Jordan]"}, "225": {"llama8b": "[Tracy Richardson, Melissa Hawkins, Sylvia Roy]"}, "226": {"llama8b": "[Michelle Medina, Ryan Cameron, Carrie Walsh]"}, "227": {"llama8b": "[Phillip Simon, Mr. Thomas Villarreal]"}, "228": {"llama8b": "[Antonio Sims, John Johnson, Elizabeth Gonzalez]"}, "229": {"llama8b": "[Diane Hansen, Matthew Beck]"}, "230": {"llama8b": "[Jason Morris, Mr. Dale Allen, Dana Acosta, Melanie Johnson, Brian Lawson, Clinton Jensen, Krista Mitchell, Kiara Snyder, Jessica Osborne, Kayla Weeks DDS]"}, "231": {"llama8b": "[Joseph Miller, Dawn Contreras]"}, "232": {"llama8b": "[Dean Johnson, James Brooks]"}, "233": {"llama8b": "[Alfred Williams, Rebekah Sanders, Douglas Martinez]"}, "234": {"llama8b": "[Jessica Griffin, Alicia Stephenson, Miss Tamara Blackwell]"}, "235": {"llama8b": "[Christopher Johnson, Caroline Bell]"}, "236": {"llama8b": "[Rebecca Medina, Mr. Adrian Hayes]"}, "237": {"llama8b": "[Joanna Baker, Kimberly Irwin, Francisco Perez]"}, "238": {"llama8b": "[Kendra Weaver, Julia Bond]"}, "239": {"llama8b": "[Deborah Williams, Michael Marsh]"}, "240": {"llama8b": "[Duane Schaefer, Michael Ramsey, Erin Ballard]"}, "241": {"llama8b": "[Amy Perez, Kelly Warren, Donald Jones, Stephanie Hughes, Joseph Griffin, Stacie Robinson, Alison Moran, Roy Allen, Roberto Jones, Alison Wilcox]"}, "242": {"llama8b": "[Alison Chan, Tyler Porter]"}, "243": {"llama8b": "[Robert Weeks, Yolanda Smith]"}, "244": {"llama8b": "[Robert Fitzgerald, Jennifer Gonzales]"}, "245": {"llama8b": "From the given connections, we can identify the following connected components:\n\n1. The first component includes Jacob Graves, David Murphy, Dwayne Lam, Ricardo Johnson, and Jeremy Jackson. This is because David Murphy is connected to all these nodes.\n2. The second component includes George Nunez and William Ortiz. This is because George Nunez is connected to William Ortiz.\n3. The third component includes Molly Le (who has no connections).\n\nBy selecting one representative node from each connected component, we have David Murphy from the first component, George Nunez from the second component, and Molly Le from the third component. Therefore, the answer is [David Murphy, George Nunez, Molly Le]."}, "246": {"llama8b": "[Donna Wheeler, Robert Turner]"}, "247": {"llama8b": "[Julie Davis, Stephen Hutchinson]"}, "248": {"llama8b": "[Kevin Myers, Christopher Knight]"}, "249": {"llama8b": "[Dakota Johnson, Rachel Wallace, Shari Reeves]"}, "250": {"llama8b": "From the given connections, we can identify the following connected components:\n\nThe first component includes Matthew Lewis, Wanda Smith, William Reed, Larry Ingram, Tracy Conrad, Sara Ramos, and Jade Williams. This is because each of these nodes is connected to Joseph Crawford, who is connected to all of them.\n\nThe second component includes Joseph Crawford, who is connected to all the nodes in the first component.\n\nSince each node in the first component is connected to Joseph Crawford, we can select any node from the first component as a representative. Let's choose Wanda Smith.\n\nThe answer is [Wanda Smith]."}, "251": {"llama8b": "[Donna Freeman, Kevin Frey]"}, "252": {"llama8b": "[Todd Oconnor, Ashley Jackson]"}, "253": {"llama8b": "[Michael Rhodes, Mark Parker, Brenda Kramer]"}, "254": {"llama8b": "[Jennifer Scott, Gina Baker]"}, "255": {"llama8b": "From the given connections, we can identify the following connected components:\n\n1. Leah Rivera, Anna Hubbard, Jeffrey Martin, Frank Hill, Kelly Sanchez, Michael English: These nodes are all connected to Jeffrey Martin, who is connected to the others. Therefore, they form a single connected component.\n2. Wendy Hale, Nicholas Conrad, Adam Norton: These nodes are all connected to each other, forming a separate connected component.\n\nBy selecting one representative node from each connected component, we have Jeffrey Martin from the first component and Wendy Hale from the second component. Therefore, the answer is [Jeffrey Martin, Wendy Hale]."}, "256": {"llama8b": "[Deanna Smith, Christopher Porter]"}, "257": {"llama8b": "[Morgan Oconnor, Jonathan Parsons, Emily Taylor]"}, "258": {"llama8b": "[Stacey Wright, Bradley Wilson, Eric Quinn]"}, "259": {"llama8b": "[Jessica Silva, Billy Lang]"}, "260": {"llama8b": "[Mrs. Jasmine Moran, Paul Rodriguez]"}, "261": {"llama8b": "[Thomas David, Melissa Brown, Joshua Martinez, Rachel Simpson, Nicole Pratt]"}, "262": {"llama8b": "[Lori Bell, Sarah Mendez]"}, "263": {"llama8b": "[James Marquez, Laura Jenkins]"}, "264": {"llama8b": "[Eric Taylor PhD, Michael Stein]"}, "265": {"llama8b": "[Mr. Jimmy Garcia, Tracy Wong, Joseph Hayes]"}, "266": {"llama8b": "[John Huffman, James Riley]"}, "267": {"llama8b": "[Dwayne Mason, Shirley Hernandez]"}, "268": {"llama8b": "[Maria Wade, Jerry Smith, Kimberly Richardson]"}, "269": {"llama8b": "[David Moore, Deborah Perkins, Antonio Lucas]"}, "270": {"llama8b": "From the given connections, we can identify the following connected components:\n\nThe first component includes Deborah Williams, Ronnie Ramirez, Brenda Hart, Jorge Lewis, and Kenneth Newman. This is because Deborah Williams is connected to Ronnie Ramirez, and then Ronnie Ramirez is connected to Brenda Hart, who is connected to Jorge Lewis and Kenneth Newman.\n\nThe second component includes Ashley James. This is because Ashley James is not connected to any other node in the network.\n\nTherefore, the answer is [Ashley James, Deborah Williams]."}, "271": {"llama8b": "[Madeline Morales, Michelle Santana, Denise Hernandez, Andrea Thomas]"}, "272": {"llama8b": "[Eric Cantrell, Crystal Gentry]"}, "273": {"llama8b": "[Rita Green, Jasmine Smith, Kathleen White]"}, "274": {"llama8b": "[Edwin Walters, Michelle Moore, Jessica Brown, Carolyn Barrett, Brandi Duncan]"}, "275": {"llama8b": "[Scott Harper DDS, Elizabeth Howard, Laura Bailey, Christopher Williams, Shawn James MD]"}, "276": {"llama8b": "[Kenneth Caldwell, David Everett, Laura Ford, Joseph Roberts, Jacob Powell, Robert Hubbard, Jennifer Orozco, Peter Frye, Nicole Mitchell, Linda Haney, Mrs. Stacey Mata, Karina Perry, Maria Thompson]"}, "277": {"llama8b": "[Tanya Nicholson, Nicole Hickman, Joseph Knight]"}, "278": {"llama8b": "[William Glover, Lisa Austin, Jeffrey Novak]"}, "279": {"llama8b": "From the given connections, we can identify the following connected components:\n\n1. Jamie Larsen, Raymond Jones, Sylvia Morgan, and Rachel Patton are all connected to each other. This is because Jamie Larsen is connected to Sylvia Morgan, Raymond Jones is connected to Sylvia Morgan and Rachel Patton, and Jeremy Alexander is connected to Sylvia Morgan.\n2. Jeremy Alexander and George Bell are connected to each other.\n\nBy selecting one representative node from each connected component, we have Sylvia Morgan from the first component and Jeremy Alexander from the second component. Therefore, the answer is [Sylvia Morgan, Jeremy Alexander]."}, "280": {"llama8b": "[Mrs. Sandra Best, Lindsey Wheeler DDS]"}, "281": {"llama8b": "[Brandon Jones, Kelly Ritter, Jeffrey Watson]"}, "282": {"llama8b": "[Robert Monroe, Karen Johnson, Michele Valdez]"}, "283": {"llama8b": "[Shawn Webster, Sandra Dominguez]"}, "284": {"llama8b": "From the given connections, we can identify the following connected components:\n\nThe first component includes Heather Davis, Jeffery Anderson, Kim Nelson, Donald Fuller, Gina Flowers, and Jessica Michael. By selecting one representative node from this component, we have Heather Davis.\n\nThe second component includes Michael Lopez, Karen Smith, Sarah Smith.\n\nThe third component includes none, as there are no connections between these nodes.\n\nTherefore, the answer is [Heather Davis, Michael Lopez]."}, "285": {"llama8b": "[Katherine Anderson, Sheri Kaiser, Dr. Kathryn Perkins]"}, "286": {"llama8b": "[Barbara Higgins, John Sullivan, Monica Carroll, Miss Audrey Miller]"}, "287": {"llama8b": "[Kelsey Valenzuela, Dr. Maria Johnston]"}, "288": {"llama8b": "From the given connections, we can identify three isolated connected components. The first component includes Elizabeth Mcdowell and Jose Burnett, the second component includes Mary Mckinney and Michael Casey, and the third component includes Allison Sanders, Andrew Dunn, and Ryan Richardson. By selecting one representative node from each connected component, we have Elizabeth Mcdowell from the first component, Mary Mckinney from the second component, and Ryan Richardson from the third component. Therefore, the answer is [Elizabeth Mcdowell, Mary Mckinney, Ryan Richardson]."}, "289": {"llama8b": "[Ellen Christian, Carrie Richards, Austin Tran]"}, "290": {"llama8b": "[Anthony Cook, Victoria Rojas, Zachary Sanchez]"}, "291": {"llama8b": "[Christina Garcia]"}, "292": {"llama8b": "[Kenneth Evans, John Charles, David Chavez, Jennifer Taylor, Matthew Cabrera]"}, "293": {"llama8b": "[Angela Acosta, Michael Ferguson, Tricia Lawrence]"}, "294": {"llama8b": "[Sharon Taylor, Alicia Morgan]"}, "295": {"llama8b": "[Jerome Franco, Roy Gonzales]"}, "296": {"llama8b": "[Michelle Lawrence, Barbara Randolph]"}, "297": {"llama8b": "[Olivia Patel, Walter Chavez, Angela Scott]"}, "298": {"llama8b": "[Julie Roberts, Dr. Kathryn Perkins, Krystal Li]"}, "299": {"llama8b": "From the given connections, we can identify the following connected components:\n\n1. Anita Pierce, Sharon Rose, Katie Kim, Cindy Morton, Nancy Strong: These nodes are all connected to each other, so they form a single connected component.\n2. Mitchell Perez, Steven Brown: These nodes are not connected to any of the other nodes, so they form a separate connected component.\n\nBy selecting one representative node from each connected component, we have Anita Pierce from the first component and Mitchell Perez from the second component. Therefore, the answer is [Anita Pierce, Mitchell Perez]."}, "300": {"llama8b": "[Kevin Brown, Leslie Russo]"}, "301": {"llama8b": "[John Singh PhD, Larry Parks, Steve Wang]"}, "302": {"llama8b": "From the given connections, we can identify the following connected components:\n\n1. Component 1: David Williams, Juan Hawkins, Michael House\n2. Component 2: Raymond Olson, Mitchell Peterson\n3. Component 3: Peter Hayes, Denise Garcia, Casey Fernandez\n\nBy selecting one representative node from each connected component, we have:\n\n[David Williams, Raymond Olson, Peter Hayes]"}, "303": {"llama8b": "[Jane Conley MD, Steven Wood]"}, "304": {"llama8b": "[Kaitlin Thomas, Melissa Farley]"}, "305": {"llama8b": "[Jessica King MD, Jessica Flynn, Danielle Carson]"}, "306": {"llama8b": "[Megan Hart, Michelle Donovan, David Terry]"}, "307": {"llama8b": "From the given connections, we can identify the following connected components:\n\n1. Brandon Morris, William Johnson, Alyssa Smith, Courtney Smith, Robert Carey, and Clarence Reynolds are all connected to each other. Therefore, this is one connected component.\n2. Theresa Phillips is not connected to any other node. Therefore, this is another connected component.\n\nBy selecting one representative node from each connected component, we have Robert Carey from the first component and Theresa Phillips from the second component. Therefore, the answer is [Theresa Phillips, Robert Carey]."}, "308": {"llama8b": "[Daniel Nunez, Dr. John Woods, Julie James, Katherine Coleman, Tracy Kelly]"}, "309": {"llama8b": "[Elizabeth Bailey DDS, Andrew Neal, Nicole Park, Robert King]"}, "310": {"llama8b": "[Stephanie Mullins, Anthony Doyle]"}, "311": {"llama8b": "[Tiffany Williams, Sharon Jackson]"}, "312": {"llama8b": "From the given connections, we can identify three isolated connected components. The first component includes Rachel Griffin, Kayla Washington, and Jordan Peterson. The second component includes Gabrielle Little. The third component includes Jennifer Perkins and Larry Johnson Jr. By selecting one representative node from each connected component, we have Rachel Griffin from the first component, Gabrielle Little from the second component, and Jennifer Perkins from the third component. Therefore, the answer is [Rachel Griffin, Gabrielle Little, Jennifer Perkins]."}, "313": {"llama8b": "[Benjamin Williams, Kimberly Jones]"}, "314": {"llama8b": "[Wendy Green, Jeremy Little]"}, "315": {"llama8b": "[Barbara Haynes, Dr. Kimberly Cook DDS, Nathan Molina, John Thomas, Terry Lee PhD]"}, "316": {"llama8b": "[Madison Hughes, Sandra Farrell]"}, "317": {"llama8b": "[Katherine Erickson, Edward Fritz, Cynthia Thompson]"}, "318": {"llama8b": "[Jennifer Lewis, Shelly Garcia, Leah Lane]"}, "319": {"llama8b": "[William Newman, Andrew Cook, Rachel Brown, Sharon Martin]"}, "320": {"llama8b": "[Mark Allen, Karen Davis]"}, "321": {"llama8b": "[Angela Nguyen, David Murray, James Powers, Jamie Richmond, Samantha Murray]"}, "322": {"llama8b": "[John Le, Christopher Durham, Catherine Chavez]"}, "323": {"llama8b": "[Sierra Vasquez, Tom Johnston]"}, "324": {"llama8b": "[Denise Miller, Ian Stewart]"}, "325": {"llama8b": "[Madison Medina, Teresa Cooper, Brian Jones]"}, "326": {"llama8b": "From the given connections, we can identify the following connected components:\n\nThe first component includes Natasha Weber, Lisa Simpson, Daniel Garcia, Adam Smith, and Rose Moore. This is because Lisa Simpson is connected to all these users, and they are all connected to each other through Lisa Simpson.\n\nThe second component includes Kimberly Morrow. This is because Kimberly Morrow is only connected to Adam Smith, and Adam Smith is already part of the first component.\n\nBy selecting one representative node from each connected component, we have Lisa Simpson from the first component and Kimberly Morrow from the second component. Therefore, the answer is [Lisa Simpson, Kimberly Morrow]."}, "327": {"llama8b": "From the given connections, we can identify the following connected components:\n\n1. The first component includes Mr. Eric Davis, Megan Lopez, Brian Woodard, Michael Bryant, Robert Robinson, Christopher Davis, and Amber Wilson. By selecting one representative node from this component, we have Mr. Eric Davis.\n\n2. The second component includes Amanda Cooper and Emily Underwood. By selecting one representative node from this component, we have Amanda Cooper.\n\nTherefore, the answer is [Mr. Eric Davis, Amanda Cooper]."}, "328": {"llama8b": "[Jacqueline Davis DVM, Mary Daniels]"}, "329": {"llama8b": "From the given connections, we can identify one connected component. The component includes all the nodes: Kyle Green, Justin Floyd, Olivia Carson, Mike Owen, and Brian Wu. By selecting one representative node from this connected component, we have Kyle Green. Therefore, the answer is [Kyle Green]."}, "330": {"llama8b": "From the given social network, we can identify the following connected components:\n\nThe first component includes Brenda King, Vanessa Becker, Vanessa Parker, Andrew Marshall, Brandon Edwards, and Lisa Foley. This is because Brenda King is connected to each of these users, and they are all connected to each other through Brenda King.\n\nThe second component includes Rachel Steele, Kenneth Horne, David Lucas, and Jeffery Lee. This is because Rachel Steele is connected to Kenneth Horne, and David Lucas is connected to Jeffery Lee.\n\nSince there are no other connections between the users, we can conclude that these two components are isolated from each other.\n\nBy selecting one representative node from each connected component, we have Brenda King from the first component and Rachel Steele from the second component. Therefore, the answer is [Brenda King, Rachel Steele]."}, "331": {"llama8b": "[Shari Leonard, Andrew Berry]"}, "332": {"llama8b": "[Destiny Thompson, Ronald Bailey]"}, "333": {"llama8b": "From the given connections, we can identify two isolated connected components. The first component includes Brandy Jenkins and Jennifer Moreno, and the second component includes Mary Taylor, Angela Kane, and Mary Jones. By selecting one representative node from each connected component, we have Brandy Jenkins from the first component and Mary Taylor from the second component. Therefore, the answer is [Brandy Jenkins, Mary Taylor]."}, "334": {"llama8b": "[Tricia Frey, Michelle Giles]"}, "335": {"llama8b": "[Laura Riley, Megan Nelson, Christopher Bradley]"}, "336": {"llama8b": "[Amy Hernandez, Angela Valdez, Ariel Hansen]"}, "337": {"llama8b": "[Christian Trevino, Kristin Mitchell, Ann Johnson]"}, "338": {"llama8b": "[Desiree Larson, Alexander Thompson]"}, "339": {"llama8b": "From the given social network, we can identify the following connected components:\n\n1. Kristen Perez, Ryan Anderson, Linda Bradford, Jennifer Morrow, Kathy Flores, Ann White, John Taylor\n   - The connections are: Craig Peterson to Joshua Galloway, Joshua Galloway to Jennifer Morrow, Joshua Galloway to Kathy Flores, Joshua Galloway to John Taylor, Joshua Galloway to Ann White, Ann White to John Taylor\n   - From these connections, we can identify one connected component that includes all these names.\n\n2. None (since there are no isolated nodes)\n\nBy selecting one representative node from each connected component, we have John Taylor from the first component. Therefore, the answer is [John Taylor]."}, "340": {"llama8b": "[Jocelyn Daniels, Larry Wheeler, Michelle Young, Angela Walsh, Kevin Perez]"}, "341": {"llama8b": "[Nancy Calhoun PhD, Kayla Brown, Leslie Wade]"}, "342": {"llama8b": "From the given connections, we can identify three isolated connected components. The first component includes Sandra Rodriguez, Devon Esparza, and Margaret Hendricks, the second component includes Adam Boyer and Pamela Brady, and the third component includes Amy Cook (who has no connections). By selecting one representative node from each connected component, we have Sandra Rodriguez from the first component, Adam Boyer from the second component, and Amy Cook from the third component. Therefore, the answer is [Amy Cook, Sandra Rodriguez, Adam Boyer]."}, "343": {"llama8b": "[Kimberly Johnston, Mark Carroll]"}, "344": {"llama8b": "[Jeffrey Ingram, Morgan Riley]"}, "345": {"llama8b": "[John Sparks, Jacqueline Black, Robert Leon]"}, "346": {"llama8b": "[Devin Roberson, Benjamin Wilson]"}, "347": {"llama8b": "[Jerry Garcia, Elizabeth Smith]"}, "348": {"llama8b": "[Kristie Jacobs, Kathy Cox]"}, "349": {"llama8b": "[Terry Marshall, Matthew Villa, Daniel Mckenzie]"}, "350": {"llama8b": "[John Mcdaniel, Tara Harris, Jimmy Evans]"}, "351": {"llama8b": "[Crystal Gomez, Matthew Sanders]"}, "352": {"llama8b": "[Joshua Cortez, Lauren Williams, Jennifer Vaughn, William Long]"}, "353": {"llama8b": "[Eugene Berg, Kimberly Lopez, Jennifer Moore]"}, "354": {"llama8b": "[Travis Ayala, Alexandra Daniels]"}, "355": {"llama8b": "[Samuel Lopez, Joseph Roach]"}, "356": {"llama8b": "[Dr. Lee Jackson, Christine Sanders]"}, "357": {"llama8b": "[Kimberly Garcia, Kimberly Garcia]"}, "358": {"llama8b": "[Colleen Adams, James Butler]"}, "359": {"llama8b": "[Gina Dixon, Brandon Williams]"}, "360": {"llama8b": "[Tara Graham, Robert Chambers]"}, "361": {"llama8b": "[Harold Liu, Tiffany Wilson, Teresa Harrison]"}, "362": {"llama8b": "[Mr. Kyle Romero DDS, Jillian Rodriguez, Dr. Michael Cruz, Laura Jimenez MD, Brian Rangel]"}, "363": {"llama8b": "[Tiffany Cox, Jeffrey Castro]"}, "364": {"llama8b": "[Ariana Carlson]"}, "365": {"llama8b": "[Lisa Bryan, Mark Fry, Kathryn Daniel]"}, "366": {"llama8b": "[Jason Taylor, Mary Smith, Gary Freeman, Hector Curry]"}, "367": {"llama8b": "[Joseph Rice, Linda Wright]"}, "368": {"llama8b": "[Eric White, Sarah Hobbs, Erica Rodriguez]"}, "369": {"llama8b": "[James Moses, April Chan, Melissa Obrien, Brandy Hunt]"}, "370": {"llama8b": "[John Ayers, Jill Matthews, Rachael Mcdonald, Anna Rodriguez]"}, "371": {"llama8b": "From the given connections, we can identify the following connected components:\n\n1. Component 1: Brandon White, Jamie Yang, Anita Williams MD, Emily Castillo\n   - This component is connected because Brandon White is connected to Jamie Yang, Jamie Yang is connected to Anita Williams MD, Anita Williams MD is connected to Emily Castillo, and Brandon White is connected to Emily Castillo.\n\n2. Component 2: Julie Mann, Susan Freeman\n   - This component is connected because Julie Mann is connected to Susan Freeman.\n\nBy selecting one representative node from each connected component, we have Emily Castillo from the first component and Julie Mann from the second component. Therefore, the answer is [Emily Castillo, Julie Mann]."}, "372": {"llama8b": "[David Griffith, Barbara Berry]"}, "373": {"llama8b": "[Cynthia Chaney, Dylan Martinez, John Hudson, William Beltran, David Bailey, Patrick Peterson, Joshua Wong, Dustin Marsh, Kaylee Rocha]"}, "374": {"llama8b": "[Donna Simmons, Michael Smith, Robert Moore]"}, "375": {"llama8b": "[Timothy Aguilar, Ashley Williams]"}, "376": {"llama8b": "[Steven Koch, Anthony Mcdonald]"}, "377": {"llama8b": "From the given connections, we can identify three isolated connected components. The first component includes Justin Davis, Taylor Jones, and Norman Stanley, the second component includes Stacy Gutierrez and Olivia Taylor, and the third component includes Fernando Turner and Norman Stanley (who has no connections). By selecting one representative node from each connected component, we have Justin Davis from the first component, Stacy Gutierrez from the second component, and Fernando Turner from the third component. Therefore, the answer is [Justin Davis, Stacy Gutierrez, Fernando Turner]."}, "378": {"llama8b": "From the given connections, we can identify the following connected components:\n\n1. Ricardo Myers, Courtney Taylor, Mary Smith, Amy Herrera, Nicole Henderson, Patrick Osborn, Anthony Nelson\n   - This is the only connected component in the network, as all these nodes are connected to each other through the given connections.\n\nTherefore, the answer is [Mary Smith]."}, "379": {"llama8b": "From the given connections, we can identify one connected component that includes all the nodes: Susan White, Kimberly Moreno PhD, Richard Cruz, Jaime Green, Michael Ramos, Michael Andrews, Eric Hall, and Frederick Lopez. By selecting one representative node from this connected component, we have Frederick Lopez. Therefore, the answer is [Frederick Lopez]."}, "380": {"llama8b": "From the given connections, we can identify three isolated connected components. The first component includes Stephanie Carter and Jonathan Miller, the second component includes Sara Carr, Sarah Nelson, and Gregory Holmes, and the third component includes Felicia Davis and Christopher Adams. By selecting one representative node from each connected component, we have Jonathan Miller from the first component, Sarah Nelson from the second component, and Felicia Davis from the third component. Therefore, the answer is [Jonathan Miller, Sarah Nelson, Felicia Davis]."}, "381": {"llama8b": "From the given connections, we can identify one connected component that includes all the nodes: Anthony Hoover, Joe Andrade, Bruce Green, Leslie Rodriguez, Joseph Howard, Tyler Johnson, and Laura Lynch. This is because Anthony Hoover is connected to all the other nodes, and each of these nodes is also connected to each other through Anthony Hoover. Therefore, the answer is [Anthony Hoover]."}, "382": {"llama8b": "[Brittany Ross, Gabrielle Martinez]"}, "383": {"llama8b": "[Melissa Dennis, Sabrina Holmes]"}, "384": {"llama8b": "[Jose Munoz, Julia Donovan]"}, "385": {"llama8b": "[Mark Park, Jeremy Berry, Joe Turner]"}, "386": {"llama8b": "[Misty Torres, Benjamin Solis, Nicholas Reed]"}, "387": {"llama8b": "[Mr. Ryan Macias, Henry Carter]"}, "388": {"llama8b": "[Christian Smith, Christopher Johnson]"}, "389": {"llama8b": "[Melinda Mendoza, Shelly Cole]"}, "390": {"llama8b": "[Whitney Martinez, Bryan Anderson, Melissa Burns, Sarah Adams, Jennifer Perez]"}, "391": {"llama8b": "[Tammy Martin, Pamela Wright]"}, "392": {"llama8b": "[Jasmine Evans, Sean Cunningham, Charles Charles, Wanda Nelson, James Delgado]"}, "393": {"llama8b": "[John Vasquez, Mandy Hoffman, William Harris]"}, "394": {"llama8b": "[Michael Malone, Natalie Goodman]"}, "395": {"llama8b": "[Joseph Owen, Brittney Stark]"}, "396": {"llama8b": "[Vanessa Duffy, Jimmy Curtis]"}, "397": {"llama8b": "[Matthew Munoz, Erik Manning, Kathryn Dawson]"}, "398": {"llama8b": "From the given connections, we can identify the following connected components:\n\nThe first component includes Terry Jimenez, Erica Richardson, Suzanne Brown, Emily Griffin, Ryan Aguirre, and Melissa Cross. This is because Lauren Lee is connected to all these users.\n\nThe second component includes Lauren Lee (who has connections to the first component).\n\nBy selecting one representative node from each connected component, we have Lauren Lee from the second component. Therefore, the answer is [Lauren Lee]."}, "399": {"llama8b": "After analyzing the given social network, I have identified the following connected components:\n\n1. Martha Hurst, Ana Martinez, Amanda Casey, Chloe Lewis\n2. Austin Petersen DDS, Nathan Nichols, Melissa Richardson\n3. Mary Evans, Mrs. Jennifer Collins, Rodney Stevens, Kenneth Porter MD, Crystal Nelson, Dillon Stephens\n\nSelecting one representative node from each connected component, I get:\n\n[Tanya Hurst, Austin Petersen DDS, Mary Evans]\n\nNote: I have chosen Martha Hurst as the representative node for the first component, Austin Petersen DDS for the second component, and Mary Evans for the third component."}, "400": {"llama8b": "[Amanda Holden, Bruce Mosley, Christopher Watts]"}, "401": {"llama8b": "[Charles Ward, Ebony Huff, Nicholas Wolf DVM]"}, "402": {"llama8b": "[John Malone, Melissa Long, Robert Pineda, Jennifer Peck]"}, "403": {"llama8b": "[Nathaniel Washington, Leslie Campbell, Julie Hall, Barbara Gonzales, Megan Oconnell DVM, Maria Miller, Lauren Brown, Crystal Sanders]"}, "404": {"llama8b": "[Emily Martin, John Ballard]"}, "405": {"llama8b": "[Wyatt Ferguson, Peggy Woods, Shawn Kerr]"}, "406": {"llama8b": "[Travis Johnson, Brian Smith]"}, "407": {"llama8b": "[Miranda Martinez, Allen Sanders]"}, "408": {"llama8b": "[Andrew Valenzuela, Danny Bridges]"}, "409": {"llama8b": "[Becky Campbell, Adam Willis, Scott Short]"}, "410": {"llama8b": "[David Murphy, Courtney Rubio]"}, "411": {"llama8b": "[Alejandra Price, Michelle Bolton]"}, "412": {"llama8b": "From the given connections, we can identify two isolated connected components. The first component includes Randall Bishop, Hayden Mason, and Jordan Grant, and the second component includes Mr. Anthony Navarro Jr., Randy Perez, Mrs. Cindy Jacobs, Michele Parker, and Abigail Wise. By selecting one representative node from each connected component, we have Jordan Grant from the first component and Mrs. Cindy Jacobs from the second component. Therefore, the answer is [Jordan Grant, Mrs. Cindy Jacobs]."}, "413": {"llama8b": "[Mary Ali, Sarah Rodriguez, Angel Sanchez]"}, "414": {"llama8b": "[Tom Bowman, Katelyn Vance]"}, "415": {"llama8b": "[Mrs. Heather Becker DVM, Christian Meyers, Kenneth Martinez]"}, "416": {"llama8b": "[David Goodman, Debra Bailey, Lawrence King]"}, "417": {"llama8b": "[Stephanie Clay, Philip King, Laura Reed]"}, "418": {"llama8b": "[William Clark, Matthew Murray]"}, "419": {"llama8b": "From the given connections, we can identify the following connected components:\n\n1. Component 1: Mr. Patrick Wheeler, Dr. Leon Roberts Jr., Edgar Williams, Patrick Sims\n2. Component 2: Austin Collins, Randall Gross, Kristine Booker\n\nBy selecting one representative node from each connected component, we have Mr. Patrick Wheeler from the first component and Austin Collins from the second component. Therefore, the answer is [Mr. Patrick Wheeler, Austin Collins]."}, "420": {"llama8b": "[Cynthia Decker, Mary Hunter]"}, "421": {"llama8b": "From the given connections, we can identify three isolated connected components. The first component includes Angel Dawson and Christopher Brown, the second component includes Joshua Herman, Diana Miles, Kimberly Jones, and Joseph Mayer, and the third component includes none (since there are no connections). By selecting one representative node from each connected component, we have Angel Dawson from the first component, Diana Miles from the second component, and none from the third component. Therefore, the answer is [Angel Dawson, Diana Miles]."}, "422": {"llama8b": "[Mr. Joshua Farmer, Linda Ford, Brian Johnson]"}, "423": {"llama8b": "[Ronald Estes, Richard Dunn]"}, "424": {"llama8b": "[Mrs. Nancy Anderson, Beth Parker]"}, "425": {"llama8b": "[Christina Diaz, Ashley Jones, Daniel Brown]"}, "426": {"llama8b": "[Nancy Thomas, Andrew Collins]"}, "427": {"llama8b": "[Tiffany Gray, Mr. Gary Mcdonald MD, Jennifer Robinson, Jesse Stark, Ashley Myers, Bryan David, Mariah Nelson, Christian Rogers, Dennis Shannon, Maria Miller]"}, "428": {"llama8b": "From the given connections, we can identify three isolated connected components. The first component includes Elizabeth Smith and Karen Jones, the second component includes Connor Knight, Julie Hernandez, John Fuller, and Derek Gray, and the third component includes Autumn Hawkins. By selecting one representative node from each connected component, we have Elizabeth Smith from the first component, John Fuller from the second component, and Autumn Hawkins from the third component. Therefore, the answer is [Elizabeth Smith, John Fuller, Autumn Hawkins]."}, "429": {"llama8b": "[Nicholas Reyes, Tracy Jones, Ronald Howell]"}, "430": {"llama8b": "From the given connections, we can identify three isolated connected components. The first component includes Randy Crawford, Kathy Galvan, and Susan Duran, the second component includes Wendy Caldwell and Jamie Aguilar, and the third component includes Mr. Mark Gonzalez (who has no connections). By selecting one representative node from each connected component, we have Kathy Galvan from the first component, Jamie Aguilar from the second component, and Mr. Mark Gonzalez from the third component. Therefore, the answer is [Kathy Galvan, Jamie Aguilar, Mr. Mark Gonzalez]."}, "431": {"llama8b": "[Todd Mullins, Christopher Hernandez]"}, "432": {"llama8b": "[Katrina Smith, Angela Mcneil, Troy Mullins]"}, "433": {"llama8b": "[Anthony Williams, Kerry Chapman, Ryan Thomas]"}, "434": {"llama8b": "[Jennifer Brown, Steven Romero]"}, "435": {"llama8b": "[Terry Howell, Kevin Cooper, Melissa Hayes, Michael Anderson, Veronica Stephens, David Page, Madeline Johnson, Christy Schneider, Ryan Wilson, Jason Davis]"}, "436": {"llama8b": "[Daniel Griffith, Michelle Pearson, Pamela Miller, Tiffany Larson, Joseph Griffin, Alexander Wright IV, Curtis Gonzalez, Jessica Johnson, Debra Powers]"}, "437": {"llama8b": "[David Murray, Gregory Jones, Mr. Robert Ford MD]"}, "438": {"llama8b": "[John Davis, Cesar Fox]"}, "439": {"llama8b": "[Andrew Hess, Susan Stewart]"}, "440": {"llama8b": "[Mary Campbell, Sabrina Martin]"}, "441": {"llama8b": "[Barbara Fletcher, Matthew Brown, David Davis]"}, "442": {"llama8b": "From the given connections, we can identify three isolated connected components. The first component includes Dr. Kyle Riley, Elizabeth Terry, and Hunter Zimmerman, the second component includes Russell Ford, Anthony Holder, and Linda Stephens, and the third component includes none (since there are no connections). By selecting one representative node from each connected component, we have Elizabeth Terry from the first component, Russell Ford from the second component, and none from the third component (since there are no nodes in this component). Therefore, the answer is [Elizabeth Terry, Russell Ford]."}, "443": {"llama8b": "[Jennifer Bowen, Angela Franklin]"}, "444": {"llama8b": "[Matthew Johnson, Mr. Reginald Gould]"}, "445": {"llama8b": "From the given connections, we can identify three isolated connected components. The first component includes Allison Olson, Cynthia Jones, and Emma Scott, the second component includes Sean White and Christopher Benjamin, and the third component includes Marilyn Olson (who has no connections). By selecting one representative node from each connected component, we have Emma Scott from the first component, Christopher Benjamin from the second component, and Marilyn Olson from the third component. Therefore, the answer is [Emma Scott, Christopher Benjamin, Marilyn Olson]."}, "446": {"llama8b": "[Andrew Lowe, Tina Rivera, Judy Yoder]"}, "447": {"llama8b": "[Luis Mitchell, Wyatt Brown]"}, "448": {"llama8b": "[Terry Moody, April Barker]"}, "449": {"llama8b": "[Carolyn Lloyd, Susan Salinas, Andrew Anderson]"}, "450": {"llama8b": "[Mindy Johnson, Bryan Holmes]"}, "451": {"llama8b": "[Tiffany Craig, Michelle Johnson, Heather Smith, Deborah Whitaker]"}, "452": {"llama8b": "[Shannon Cooper, Kelly Orr]"}, "453": {"llama8b": "[Jose Wagner, Patricia Burton, Gerald Curry]"}, "454": {"llama8b": "From the given connections, we can identify the following connected components:\n\nThe first component includes Kim Castro MD, Ian Rodriguez, Jose Martin, and Kristin Morgan, as they are all connected to Kim Castro MD.\n\nThe second component includes Sherry Collins, Nicole Diaz, and Patricia Day, as they have no connections to any of the other nodes.\n\nTherefore, the answer is [Kim Castro MD, Sherry Collins]."}, "455": {"llama8b": "[Patrick Mason, Malik May]"}, "456": {"llama8b": "[Andre Smith, Karen Martin]"}, "457": {"llama8b": "[Kathryn Smith, Amy White, David Herman]"}, "458": {"llama8b": "[Kevin Cox, Ryan Suarez]"}, "459": {"llama8b": "[David Coffey, Melissa Williams, Jason Horn, Bethany Klein]"}, "460": {"llama8b": "[Amanda Anderson, Hector Oneal]"}, "461": {"llama8b": "[Molly Blackwell, Brandon Lewis, Jorge Jones]"}, "462": {"llama8b": "[Taylor Duncan, Timothy Peterson, Jacqueline Wilkinson, Stephen Rodriguez, Brian Nichols, Michael Mitchell, Jill Thompson]"}, "463": {"llama8b": "[Tiffany Sanchez, Daniel Smith]"}, "464": {"llama8b": "[Robert Fox, Jennifer Hahn]"}, "465": {"llama8b": "From the given social network, we have the following names and connections: Sean Jackson, Aaron Soto, Douglas Malone, Jason Morgan, Raymond Maddox, Shannon Garrison, Adam Thompson, and Jason Ryan. The connections are: Sean Jackson to Douglas Malone, Sean Jackson to Jason Ryan, Douglas Malone to Adam Thompson, Douglas Malone to Jason Ryan, Douglas Malone to Raymond Maddox, and Raymond Maddox to Adam Thompson. \n\nFrom these connections, we can identify three isolated connected components. The first component includes Sean Jackson, Douglas Malone, and Jason Ryan, the second component includes Aaron Soto, Jason Morgan, Shannon Garrison, and Raymond Maddox, and the third component includes Adam Thompson. By selecting one representative node from each connected component, we have Sean Jackson from the first component, Aaron Soto from the second component, and Adam Thompson from the third component. Therefore, the answer is [Sean Jackson, Aaron Soto, Adam Thompson]."}, "466": {"llama8b": "[Heidi Murillo, Debra Adams, Erin Phelps]"}, "467": {"llama8b": "[Mark Sampson, Matthew Willis]"}, "468": {"llama8b": "[Paul Davis, Robert Shields]"}, "469": {"llama8b": "From the given connections, we can identify the following connected components:\n\nThe first component includes Heather Hernandez, Angel Jimenez, Brenda Duran, and Jill Villegas. This is because Heather Hernandez is connected to each of these users, and they are all connected to each other through Heather Hernandez.\n\nThe second component includes William Jackson, James Fuentes, and Diane Liu. This is because William Jackson is connected to James Fuentes, and Diane Liu is connected to James Fuentes.\n\nThe third component includes no users, as there are no connections between any users in this component.\n\nBy selecting one representative node from each connected component, we have Heather Hernandez from the first component, William Jackson from the second component, and no user from the third component (since there are no users in this component).\n\nTherefore, the answer is [Heather Hernandez, William Jackson]."}, "470": {"llama8b": "After analyzing the given social network, I have identified the following connected components:\n\n1. Component 1: Lori Campbell, Calvin Bennett, Michelle Sandoval, Stephanie King\n2. Component 2: Susan Jones, Taylor Cortez, Brandon Harvey\n3. Component 3: Julian Park, Melissa Beltran, Calvin Bennett\n\nThe representative nodes for each component are:\n\n[Julian Park, Lori Campbell, Susan Jones]"}, "471": {"llama8b": "[Tara Stone, Craig Booker]"}, "472": {"llama8b": "[Amanda Mathews, James Campbell]"}, "473": {"llama8b": "[Michelle Carrillo, Michelle Fischer, Bonnie Young]"}, "474": {"llama8b": "From the given connections, we can identify three isolated connected components. The first component includes Robert Bell, Suzanne Bauer, Russell Thompson, and Ronald Lewis, and the second component includes Carrie Aguirre PhD and Christopher Shaw. The third component includes no nodes, as there are no connections. By selecting one representative node from each connected component, we have Suzanne Bauer from the first component, Carrie Aguirre PhD from the second component, and no node from the third component (since it has no nodes). Therefore, the answer is [Suzanne Bauer, Carrie Aguirre PhD]."}, "475": {"llama8b": "[Nicholas Valencia, Karen Hendricks]"}, "476": {"llama8b": "[Mrs. Wendy Kline, Corey Love, Jesse Cardenas, Kelly Moore]"}, "477": {"llama8b": "[Kristy Tucker, Kimberly Evans MD, David Lozano]"}, "478": {"llama8b": "From the given connections, we can identify the following connected components:\n\nThe first component includes Amy Scott, Richard Reynolds, Karen Morgan, and Stacy Beard. This is because Amy Scott is connected to Stacy Beard, and Stacy Beard is also connected to Karen Morgan, who is connected to Amy Scott. Therefore, all these nodes are reachable from each other.\n\nThe second component includes Timothy Tate, Kelly Chen, Stephen Wright, and Christian Baker. This is because Timothy Tate is connected to Kelly Chen, and Kelly Chen is also connected to Stephen Wright and Christian Baker, who are connected to each other. Therefore, all these nodes are reachable from each other.\n\nThe third component includes James Edwards. This is because James Edwards has no connections to any other nodes in the network.\n\nBy selecting one representative node from each connected component, we have Stacy Beard from the first component, Kelly Chen from the second component, and James Edwards from the third component. Therefore, the answer is [Stacy Beard, Kelly Chen, James Edwards]."}, "479": {"llama8b": "[Dr. Justin Newton, Michele Shelton, Elizabeth Sullivan]"}, "480": {"llama8b": "[Travis Wilkerson, Darren Evans]"}, "481": {"llama8b": "From the given connections, we can identify the following connected components:\n\nThe first component includes Catherine Ross, Lisa Carey, and Anthony Robertson, as they are all connected to each other.\n\nThe second component includes Katherine Henry, Scott Ramirez MD, Benjamin Weiss, and Walter Smith, as they are all connected to each other.\n\nThe third component includes Victoria Harris, as she is the only one with a connection to Anthony Robertson.\n\nBy selecting one representative node from each connected component, we have Anthony Robertson from the first component, Katherine Henry from the second component, and Victoria Harris from the third component. Therefore, the answer is [Anthony Robertson, Katherine Henry, Victoria Harris]."}, "482": {"llama8b": "From the given connections, we can identify three isolated connected components. The first component includes Charles Roberts, Melanie Anderson, and James Barber, the second component includes Ryan Williams and Elizabeth Smith, and the third component includes Eric Valenzuela and Jason Walker. By selecting one representative node from each connected component, we have Charles Roberts from the first component, Ryan Williams from the second component, and Eric Valenzuela from the third component. Therefore, the answer is [Charles Roberts, Ryan Williams, Eric Valenzuela]."}, "483": {"llama8b": "[Lori Sullivan, David Smith]"}, "484": {"llama8b": "[Erik Riddle, Connor Dennis]"}, "485": {"llama8b": "[Melissa Perez, Gary Andrade, Daniel Townsend]"}, "486": {"llama8b": "[Heather Ortega, Zachary Sanchez, Susan Tapia, John Savage, Shannon Howard, Alisha Flores, Sandra Rodriguez, Michael Robinson, Nicholas Gonzalez, Heather Morris]"}, "487": {"llama8b": "[John Rowe Jr., Caitlin Guzman, Nicholas Stone, Joseph Robbins, Lisa Baxter]"}, "488": {"llama8b": "[Heather Frazier, Lisa Scott]"}, "489": {"llama8b": "[Aaron Richardson MD, Jennifer Roman]"}, "490": {"llama8b": "[Sharon Moore, Roy Cunningham, Luis Chung, Terri Greene]"}, "491": {"llama8b": "[Chase Thomas, Joseph Farley]"}, "492": {"llama8b": "[Teresa King, Paige Chen]"}, "493": {"llama8b": "[Joseph Gordon, Nicole Gutierrez, Dr. Michael Allen PhD]"}, "494": {"llama8b": "[Amy Baker, Elizabeth Davis, Christopher Richards]"}, "495": {"llama8b": "[Anita Hernandez, Laura Johnson MD]"}, "496": {"llama8b": "[David Glenn, Amanda Morris, Aaron Bowman]"}, "497": {"llama8b": "[Jean Collins, Linda Becker, John Joseph]"}, "498": {"llama8b": "[Christopher Adams, Monica Sparks, Brandon Vance, Brittany Sanford]"}, "499": {"llama8b": "[William Saunders, Brandon Valenzuela]"}}