{"0": {"llama": "[Veronica Garcia, Angel Chavez]"}, "1": {"llama": "[Michele Nelson, Kevin Brooks]"}, "2": {"llama": "[Christopher Decker, Briana Bush]"}, "3": {"llama": "[Monica Watkins, Valerie Armstrong]"}, "4": {"llama": "[Carolyn Hall, Judith James]"}, "5": {"llama": "[Jessica Sullivan, Kelsey Ryan]"}, "6": {"llama": "[Elizabeth Davenport, ]"}, "7": {"llama": "[Shelby Saunders, Robin Gray, Christina Marshall, Susan Cole]"}, "8": {"llama": "[Kristi Morris]"}, "9": {"llama": "[Melanie Santiago]"}, "10": {"llama": "[Joshua Thomas, John Schultz]"}, "11": {"llama": "[Carl Robinson, Kevin Bowen]"}, "12": {"llama": "[Amy Gentry]"}, "13": {"llama": "[Ms. Amy Duncan, Joel Anderson, Bethany Hunter]"}, "14": {"llama": "[Robert Bell, Miss Heather Ware]"}, "15": {"llama": "[Joseph Bowman, Marilyn Simmons, Tammy Allen]"}, "16": {"llama": "[Ronald Cervantes]"}, "17": {"llama": "[Kelsey Elliott, Patrick Higgins, Derrick Jackson Jr.]"}, "18": {"llama": "[Glenn Young, Crystal Campbell]"}, "19": {"llama": "[Dawn Doyle, Todd Kramer]"}, "20": {"llama": "[Cynthia Kirk, Christina Li]"}, "21": {"llama": "[John Brown, Yvonne Bailey, Brandon Mendez]"}, "22": {"llama": "[Wendy Williams, Megan Spencer]"}, "23": {"llama": "[Heidi Kennedy, Kristen Gutierrez]"}, "24": {"llama": "[Jonathan Santiago, Kristen Gardner]"}, "25": {"llama": "[Lauren Phillips, Michael Travis, Nicholas Atkins]"}, "26": {"llama": "[Steven Mills]"}, "27": {"llama": "[Mary Reynolds, Bryan Smith]"}, "28": {"llama": "[Lisa Henry, Michael Lee, Anthony Johnson DDS]"}, "29": {"llama": "[Gabrielle Day, Andrew Williams]"}, "30": {"llama": "[Mark Thompson, Jill Brady]"}, "31": {"llama": "[Susan Moreno, James Kline]"}, "32": {"llama": "[Monica Stokes, Amber Andrews]"}, "33": {"llama": "[Sarah Estrada, Brianna Anderson]"}, "34": {"llama": "[Jasmine Quinn, Donna Davis]"}, "35": {"llama": "[Lisa Boone, Tiffany Martinez]"}, "36": {"llama": "[Alyssa Arnold, Frank Ford]"}, "37": {"llama": "[Kathleen Brown, Tiffany Mcdonald, Jeff Smith]"}, "38": {"llama": "[Amy Garcia, Scott Herrera]"}, "39": {"llama": "[Randy Cook, Jessica Martinez]"}, "40": {"llama": "[Cole Thompson, Andrea Willis]"}, "41": {"llama": "[William Walker, Kimberly Le]"}, "42": {"llama": "[Brandon Clark, April Burns, Johnathan Nicholson]"}, "43": {"llama": "[Miss Rebecca Petty, Jacob Powers]"}, "44": {"llama": "[Chelsea Bryant, Laura Johnson]"}, "45": {"llama": "[Barry Fuentes, David Bentley, Jeremy Brown]"}, "46": {"llama": "[Seth Alexander, Damon Miller]"}, "47": {"llama": "[Andrew Miller, Robert Johnston]"}, "48": {"llama": "[Haley Gomez, Crystal Johnson]"}, "49": {"llama": "[Christopher Stephens, Joyce Hanson]"}, "50": {"llama": "[Tiffany Thomas, Michael Powell]"}, "51": {"llama": "[Samuel Patel, John Williams]"}, "52": {"llama": "[Katherine Chung, Rebecca Harrington, Lisa Harris]"}, "53": {"llama": "[Catherine Stewart, Michele Johnson]"}, "54": {"llama": "[Andres Hall, Aaron Thornton, Stephen Valentine]"}, "55": {"llama": "[Christopher Shaw, Sara Elliott]"}, "56": {"llama": "[Marissa Watson, Sean Montoya, Jose Mitchell, Michael Rogers]"}, "57": {"llama": "[Elizabeth Cruz]"}, "58": {"llama": "[Michael Page, Leah Patrick, Shawn Fuller, Jorge Norton DDS, Brian Peterson]"}, "59": {"llama": "[Terry White, Ethan Walter]"}, "60": {"llama": "[Crystal Underwood, Christopher Coleman]"}, "61": {"llama": "[Mark Hooper, Travis Brandt DVM, Michelle May, Chelsey Munoz, Anita Williams, Andrew Yu]"}, "62": {"llama": "[Matthew Holmes, Brian Wheeler]"}, "63": {"llama": "[Toni Calhoun, Ms. Bethany Waller]"}, "64": {"llama": "[Angela Grant, Peggy Perry]"}, "65": {"llama": "[Catherine Miller, Tammy Martinez]"}, "66": {"llama": "[Mark Sims, ]"}, "67": {"llama": "[Ann Roberts, Mary Caldwell]"}, "68": {"llama": "[Kim Roberts, None]"}, "69": {"llama": "[Sean Hall, Jared Smith]"}, "70": {"llama": "[John Ali]"}, "71": {"llama": "[Regina Simmons, Brian Rodriguez]"}, "72": {"llama": "[Cindy Bennett, Jacob Gordon, Peter Stewart, David Austin, Teresa Cooper, Kimberly Lester, Samantha Bruce, Martin Boyd, Matthew Harvey]"}, "73": {"llama": "[Samantha Baker, Amanda Lawson, Betty Robinson]"}, "74": {"llama": "[Lauren Thomas]"}, "75": {"llama": "[Sherry Ward, Jennifer Harrell]"}, "76": {"llama": "[Pamela Burgess, ]"}, "77": {"llama": "[Brandon Webster, Crystal Koch]"}, "78": {"llama": "[Anna Adams PhD, Kathleen Perry, Debra Williams]"}, "79": {"llama": "[Christopher Mercer, Pamela Lee]"}, "80": {"llama": "[Jessica Hicks, Morgan Thompson]"}, "81": {"llama": "[Melody Armstrong, Thomas Steele, Brandon Long]"}, "82": {"llama": "[Andrea Stevenson]"}, "83": {"llama": "[Megan Hamilton, ]"}, "84": {"llama": "[Joseph Carter PhD, Craig Marshall]"}, "85": {"llama": "[Gina Nunez]"}, "86": {"llama": "[Steven White, Joseph Day, Christopher Whitaker, Devin Scott]"}, "87": {"llama": "[Justin Cortez, Rodney Baker]"}, "88": {"llama": "[Gregory Salinas, Kevin Rogers]"}, "89": {"llama": "[Justin Horton, Lauren Thomas, Nathan Jones]"}, "90": {"llama": "[Jeremy Choi, Erin Holt, Regina Hill, Ruben Buck]"}, "91": {"llama": "[Michele Kramer]"}, "92": {"llama": "[Heather Williams, Wendy Huffman]"}, "93": {"llama": "[Barbara Walters, Raymond Hodge]"}, "94": {"llama": "[Mr. Steven Arnold, Brittney Murphy]"}, "95": {"llama": "[Alexandra Morales, Richard Santos, Kelly Carson]"}, "96": {"llama": "[Eric Sims, Shannon Barr, Patrick Salinas, Timothy Evans]"}, "97": {"llama": "[Lauren James, Melvin Torres, Meredith Miller, Jonathan Gonzales]"}, "98": {"llama": "[Mr. Christopher Taylor]"}, "99": {"llama": "[Kaitlin Baker, Alyssa Contreras]"}, "100": {"llama": "[Angel Sherman, Mrs. Jennifer Gregory]"}, "101": {"llama": "[Brooke Sanchez, Mariah Smith]"}, "102": {"llama": "[Jason Macias, Sherry Sanders, Kim Ward]"}, "103": {"llama": "[Ryan Sanchez, Jenna Farley, Gina Cruz]"}, "104": {"llama": "[Jennifer Walker, Mary Rasmussen]"}, "105": {"llama": "[Jerry Bowman, Kayla Bishop, Erika Daugherty]"}, "106": {"llama": "[Rebecca Gray, Jennifer Richardson, Alison Alexander, Randall Bright]"}, "107": {"llama": "[Frank Mason, Christopher Fuentes]"}, "108": {"llama": "[Robert Lewis]"}, "109": {"llama": "[Brandy Mathis, Michael Roberts]"}, "110": {"llama": "[Sandra Miller, Bryan Stewart]"}, "111": {"llama": "[Kimberly Warren, ]"}, "112": {"llama": "[Kristi Matthews, Robert Day]"}, "113": {"llama": "[Sarah Nelson, Timothy Gallagher]"}, "114": {"llama": "[Benjamin Johnson, Zachary Moore]"}, "115": {"llama": "[Matthew Schroeder, Jose Hamilton, Daniel Ellis]"}, "116": {"llama": "[Jamie Oliver, Jessica Patel DDS, Steven Schaefer]"}, "117": {"llama": "[Barbara Warren, Raven Bailey, Lindsay Smith]"}, "118": {"llama": "[Jordan Franco, Pamela Rivera]"}, "119": {"llama": "[Ryan Lloyd]"}, "120": {"llama": "[Sara Ramirez, Anthony Wilson]"}, "121": {"llama": "[Matthew Lawrence, Krista Shields]"}, "122": {"llama": "[Cynthia Smith, Nancy Lawrence]"}, "123": {"llama": "[Timothy Nunez, Emily Brock]"}, "124": {"llama": "[Samuel Bell, Frank Brown]"}, "125": {"llama": "[George Jimenez, Jennifer Thompson, Gloria House]"}, "126": {"llama": "[Craig Collins, Kiara Johnson, David Martin]"}, "127": {"llama": "[Michelle Smith, Michael Lawson]"}, "128": {"llama": "[Kristen Burns, ]"}, "129": {"llama": "[Steven Arias MD, Derek English]"}, "130": {"llama": "[William Porter II, Justin Walsh]"}, "131": {"llama": "[Amber Gillespie, Kimberly Archer, Michael Baker]"}, "132": {"llama": "[Adam Sharp]"}, "133": {"llama": "[Ray Lara, Sarah Rodriguez]"}, "134": {"llama": "[Richard Solis, Robert Fitzgerald]"}, "135": {"llama": "[Sharon Williamson, Timothy Moore, Amanda Lucero, Jordan Downs]"}, "136": {"llama": "[Bradley Roberts, Tim Gomez]"}, "137": {"llama": "[Micheal Clark, Bryce Sanchez, Nina Guerrero]"}, "138": {"llama": "[Kathleen Mcdonald DDS, Cristina Young]"}, "139": {"llama": "[Debbie Yates, Penny Kelley, Mary Campbell]"}, "140": {"llama": "[Phillip Marsh]"}, "141": {"llama": "[Noah Decker, Jonathan Beasley, Kayla Wilson]"}, "142": {"llama": "[Susan Jennings, Mark Torres Jr.]"}, "143": {"llama": "[Evelyn Franklin, Ryan Anderson]"}, "144": {"llama": "[Janet Collins, Maurice Francis]"}, "145": {"llama": "[David Dalton, Travis Swanson]"}, "146": {"llama": "[Matthew Irwin]"}, "147": {"llama": "[Thomas Moyer, Lee Espinoza, Jeremy Leon, Jody Martinez]"}, "148": {"llama": "[Dylan Foster, Tyler Hansen DDS]"}, "149": {"llama": "[Mark Payne]"}, "150": {"llama": "[Leah Mahoney]"}, "151": {"llama": "[Corey Rogers, Nathaniel Craig]"}, "152": {"llama": "[Terry Weber, Emily Hayes]"}, "153": {"llama": "[Maria Luna, Juan Adams]"}, "154": {"llama": "[Richard Flores, Kristen Douglas, Christopher Black, Marcus Johnson, Kari Byrd]"}, "155": {"llama": "[Gregory Summers, Jennifer Hurst]"}, "156": {"llama": "[Amy Smith, David Robbins]"}, "157": {"llama": "[Elizabeth Hurst, Thomas Kennedy, Deborah Bowman]"}, "158": {"llama": "[Tara Perez, Gabriel Odonnell]"}, "159": {"llama": "[Ryan Foster, Holly Smith]"}, "160": {"llama": "[Dorothy Miller, Julie Pearson, Kathy Warner]"}, "161": {"llama": "[Tammy Burgess]"}, "162": {"llama": "[Corey Chavez, Sandra King MD, Patricia Reed, Lori Campbell]"}, "163": {"llama": "[Laura Meyers, Linda Ramos, Brian Shaw]"}, "164": {"llama": "[Eric Henderson]"}, "165": {"llama": "[Angela Jimenez, Dylan Ball, Alfred Williams, Daniel Barr]"}, "166": {"llama": "[Kim Garcia, Kimberly Potter, Steven Miller]"}, "167": {"llama": "[Joan Shields, Robert Sanchez]"}, "168": {"llama": "[Eric Dawson, Donna Ward]"}, "169": {"llama": "[Jason Brown, Lori Curry, Gerald Wells, Mr. Mitchell Johnson DDS, Shirley Morrison]"}, "170": {"llama": "[Michael Rowland, James Velazquez]"}, "171": {"llama": "[Duane Hall, ]"}, "172": {"llama": "[Kristen Long]"}, "173": {"llama": "[Nathan Allison, Susan Austin, Bryan Berg]"}, "174": {"llama": "[Joseph Patterson]"}, "175": {"llama": "[Destiny Simpson, Cheryl Prince]"}, "176": {"llama": "[Raymond Carter]"}, "177": {"llama": "[Alan Savage, Jeffrey Rice, Rachel Wilson]"}, "178": {"llama": "[Brandon Medina, David Miller]"}, "179": {"llama": "[Jenny Swanson]"}, "180": {"llama": "[Gregory Hughes, Krystal Ford]"}, "181": {"llama": "[Xavier Owen, Mr. Cameron Joseph, Mark Garcia]"}, "182": {"llama": "[Oscar Montgomery, Kristin Burgess]"}, "183": {"llama": "[Jeffery Choi, Michelle Burnett]"}, "184": {"llama": "[Kevin Morrow, Sherri Bruce]"}, "185": {"llama": "[Joy Weber, Matthew Carlson, Mark Harris, Eric Perez, Joshua Moore]"}, "186": {"llama": "[Jose Carpenter, Amber Raymond]"}, "187": {"llama": "[William Williams, Christopher Kaufman]"}, "188": {"llama": "[Steven Collins, ]"}, "189": {"llama": "[Wendy Turner, Sarah Blankenship, Rebecca Watson, Laura Gordon, Isaac Jennings, Edward Phillips, Pamela Miller, Heidi Mcknight, Karen Robertson, Gary Martinez]"}, "190": {"llama": "[Debra Greene, Robert Cowan, Joshua Jones]"}, "191": {"llama": "[Anthony Carlson, Jorge Reyes]"}, "192": {"llama": "[Elizabeth Washington, Gregory Olson MD]"}, "193": {"llama": "[Michelle Hernandez, ]"}, "194": {"llama": "[Julia Phillips, Joshua Mccoy]"}, "195": {"llama": "[Nicholas Mitchell, Jennifer Peters]"}, "196": {"llama": "[Walter Meyer, Stephanie Bean, Debbie Meyer, Cole Green, Michael Hopkins]"}, "197": {"llama": "[Marisa Jackson, Sean Moreno]"}, "198": {"llama": "[Cynthia Buck, Andrew Kennedy]"}, "199": {"llama": "[Teresa Morrison, Jeffrey Henry, Jeremy Wagner, Stefanie Boyle, Suzanne Moody, Jeremy Peterson]"}, "200": {"llama": "[Catherine Smith]"}, "201": {"llama": "[Jessica Miller, Andrew Soto]"}, "202": {"llama": "[Jeffrey Curry, Jonathan Henderson]"}, "203": {"llama": "[Patricia Castro, Jessica Buckley]"}, "204": {"llama": "[Roberta Jacobson]"}, "205": {"llama": "[Sandra Thomas, Megan Brandt]"}, "206": {"llama": "[Kimberly Hill, Patricia Thompson, Beth Jackson, Corey Higgins, Yolanda Becker]"}, "207": {"llama": "[Anna Griffin, Alexandria Woods]"}, "208": {"llama": "[Travis Williams, John Robles]"}, "209": {"llama": "[Janice Davidson, Diana Brown, Mr. Jacob Wright DDS]"}, "210": {"llama": "[Heidi Perez]"}, "211": {"llama": "[Xavier Mitchell, Brenda Melton]"}, "212": {"llama": "[Christopher Blake]"}, "213": {"llama": "[Ethan Mcdaniel, Sara Hamilton, Amanda Mcmahon]"}, "214": {"llama": "[Joseph Vazquez, Brianna Jackson]"}, "215": {"llama": "[Erica Bates]"}, "216": {"llama": "[David Nelson, Madeline Collier]"}, "217": {"llama": "[Andrew Roberts, Pamela Jones, Andrew Bryant]"}, "218": {"llama": "[Harry Smith, Michael Maddox]"}, "219": {"llama": "[Deborah Torres, Kevin Turner]"}, "220": {"llama": "[Rebecca Rhodes, Sean Torres]"}, "221": {"llama": "[Erin Guerra, Misty Beck, Sandra Anderson, Janet Beltran, Lisa Taylor]"}, "222": {"llama": "[Crystal Chavez, Adam Brewer, Martin Gallegos]"}, "223": {"llama": "[Richard Mccarty, John Cain, Nicholas Heath]"}, "224": {"llama": "[Michael Moore, James Parsons, Brian Murray]"}, "225": {"llama": "[Melissa Hawkins, ]"}, "226": {"llama": "[Ryan Cameron, Michelle Medina]"}, "227": {"llama": "[Abigail Turner, Mr. Thomas Villarreal]"}, "228": {"llama": "[Antonio Sims, Elizabeth Gonzalez]"}, "229": {"llama": "[Diane Hansen, Donna Trujillo]"}, "230": {"llama": "[Jason Morris, Dana Acosta, Krista Mitchell]"}, "231": {"llama": "[Joseph Miller, Dawn Contreras, Brian Boyd]"}, "232": {"llama": "[Dean Johnson, Joshua Salazar, Tonya Mckay]"}, "233": {"llama": "[Ashley Martin, Lori Jones]"}, "234": {"llama": "[Jessica Griffin, Alicia Stephenson, Miss Tamara Blackwell]"}, "235": {"llama": "[Christopher Johnson, Caroline Bell]"}, "236": {"llama": "[Rebecca Medina, Jennifer Pierce]"}, "237": {"llama": "[Francisco Perez, Jason Johnson II]"}, "238": {"llama": "[Kendra Weaver, Julia Bond]"}, "239": {"llama": "[Deborah Williams, Beth Rodriguez, Michael Marsh, Nicole Graham, Daniel Campbell]"}, "240": {"llama": "[Duane Schaefer, Yesenia Brown, Joseph Mcdaniel]"}, "241": {"llama": "[Amy Perez, Christine Watson, Roy Allen]"}, "242": {"llama": "[Tyler Porter]"}, "243": {"llama": "[Robert Weeks]"}, "244": {"llama": "[Robert Fitzgerald, Phillip Morris, Brenda Stevens]"}, "245": {"llama": "[David Murphy, George Nunez]"}, "246": {"llama": "[Robert Turner, Joseph Hill]"}, "247": {"llama": "[Kimberly Lewis, Angela Smith]"}, "248": {"llama": "[Christopher Knight]"}, "249": {"llama": "[Dakota Johnson, Christine Gray]"}, "250": {"llama": "[Matthew Lewis, Wanda Smith, Tracy Conrad]"}, "251": {"llama": "[Donna Freeman, Nicole Williams]"}, "252": {"llama": "[Todd Oconnor, ]"}, "253": {"llama": "[Michael Rhodes, Timothy Bennett, Alexis Lutz, Fred Proctor, Karen Mcclain, Megan Anderson, Brenda Kramer]"}, "254": {"llama": "[Gina Baker, ]"}, "255": {"llama": "[Leah Rivera, Wendy Hale, Adam Norton]"}, "256": {"llama": "[Deanna Smith, Connie Gordon, Leah Shepard]"}, "257": {"llama": "[Morgan Oconnor, Emily Taylor, Diana Bartlett]"}, "258": {"llama": "[Bradley Wilson, Joshua White, Stacey Wright]"}, "259": {"llama": "[Jessica Silva, Billy Lang]"}, "260": {"llama": "[David Taylor, Paul Rodriguez]"}, "261": {"llama": "[Haley Montgomery]"}, "262": {"llama": "[Lori Bell, Daniel Martinez]"}, "263": {"llama": "[James Marquez]"}, "264": {"llama": "[Eric Taylor PhD, Rhonda Jimenez]"}, "265": {"llama": "[Mr. Jimmy Garcia, Tracy Wong]"}, "266": {"llama": "[John Huffman, Mercedes Powell]"}, "267": {"llama": "[Dwayne Mason]"}, "268": {"llama": "[Maria Wade, Jerry Smith, Kimberly Richardson]"}, "269": {"llama": "[David Moore, Julie Escobar]"}, "270": {"llama": "[Deborah Williams, Ashley James]"}, "271": {"llama": "[Madeline Morales, Michelle Santana, Denise Hernandez, Mary Wright, Catherine Kelley, Andrea Thomas, Joseph Rubio]"}, "272": {"llama": "[Eric Cantrell, Crystal Gentry]"}, "273": {"llama": "[Rita Green]"}, "274": {"llama": "[Edwin Walters, Jonathan Rivera, Jessica Brown, Carolyn Barrett]"}, "275": {"llama": "[Scott Harper DDS, Elizabeth Howard]"}, "276": {"llama": "[David Everett, Robert Hubbard]"}, "277": {"llama": "[Tanya Nicholson, Nicole Hickman, Joseph Knight]"}, "278": {"llama": "[William Glover, Joshua Carter, Linda Bonilla]"}, "279": {"llama": "[Jamie Larsen, Jeremy Alexander]"}, "280": {"llama": "[Mrs. Sandra Best, Lindsey Wheeler DDS]"}, "281": {"llama": "[Jeffrey Watson, Brian Bowen]"}, "282": {"llama": "[Bridget Reid, Karen Johnson]"}, "283": {"llama": "[Shawn Webster, Kenneth Rogers]"}, "284": {"llama": "[Heather Davis, Michael Lopez, Karen Smith, Sarah Smith]"}, "285": {"llama": "[Katherine Anderson, Sheri Kaiser]"}, "286": {"llama": "[John Sullivan, Monica Carroll]"}, "287": {"llama": "[Kelsey Valenzuela, Gary Green]"}, "288": {"llama": "[Elizabeth Mcdowell, Mary Mckinney]"}, "289": {"llama": "[Ellen Christian, Leah Mays, Carrie Richards]"}, "290": {"llama": "[Zachary Sanchez, Hannah Escobar, Curtis Allen, Megan Madden]"}, "291": {"llama": "[Christina Garcia]"}, "292": {"llama": "[John Charles, David Chavez, Wendy Huffman]"}, "293": {"llama": "[Angela Acosta, Michael Ferguson]"}, "294": {"llama": "[Alicia Morgan, Erin Rocha, Whitney Taylor]"}, "295": {"llama": "[Roy Gonzales]"}, "296": {"llama": "[Michelle Lawrence, Eric Wood]"}, "297": {"llama": "[Walter Chavez, Dwayne Lewis]"}, "298": {"llama": "[Krystal Li, William Miller, Dr. Kathryn Perkins]"}, "299": {"llama": "[Anita Pierce, Mitchell Perez]"}, "300": {"llama": "[Kevin Brown]"}, "301": {"llama": "[Jeffrey Macdonald, Larry Parks]"}, "302": {"llama": "[Raymond Olson, Michael House]"}, "303": {"llama": "[Steven Wood, Samuel Mcconnell]"}, "304": {"llama": "[Kaitlin Thomas]"}, "305": {"llama": "[Jessica King MD, Jessica Flynn, Danielle Carson, Jeffery Williams]"}, "306": {"llama": "[Megan Hart, Michelle Donovan]"}, "307": {"llama": "[Brandon Morris, William Johnson, Alyssa Smith]"}, "308": {"llama": "[Daniel Nunez, Dr. John Woods]"}, "309": {"llama": "[Andrew Neal, Elizabeth Bailey DDS]"}, "310": {"llama": "[Stephanie Mullins]"}, "311": {"llama": "[Sharon Jackson, Erin Orozco, Tiffany Williams]"}, "312": {"llama": "[Rachel Griffin, Jennifer Perkins]"}, "313": {"llama": "[Benjamin Williams]"}, "314": {"llama": "[Wendy Green, Joshua Jones]"}, "315": {"llama": "[Terry Lee PhD, Pamela Powell]"}, "316": {"llama": "[Madison Hughes, Sandra Farrell]"}, "317": {"llama": "[Katherine Erickson, Cynthia Thompson]"}, "318": {"llama": "[Jennifer Lewis, Shelly Garcia, Leah Lane]"}, "319": {"llama": "[William Newman, Andrew Cook]"}, "320": {"llama": "[Ruth Landry, Karen Davis]"}, "321": {"llama": "[Angela Nguyen, Antonio Moore]"}, "322": {"llama": "[John Le, Christopher Durham]"}, "323": {"llama": "[Sierra Vasquez, ]"}, "324": {"llama": "[Ian Stewart, Kristina Manning, Melissa Long]"}, "325": {"llama": "[Derrick Jones, Teresa Cooper]"}, "326": {"llama": "[Natasha Weber]"}, "327": {"llama": "[Mr. Eric Davis, Amanda Cooper]"}, "328": {"llama": "[Jacqueline Davis DVM, Kiara Santana]"}, "329": {"llama": "[Kyle Green]"}, "330": {"llama": "[Brenda King, Rachel Steele, David Lucas]"}, "331": {"llama": "[Shari Leonard]"}, "332": {"llama": "[Destiny Thompson]"}, "333": {"llama": "[Brandy Jenkins, Mary Taylor, Angela Kane, Mary Jones]"}, "334": {"llama": "[Michelle Giles]"}, "335": {"llama": "[Laura Riley, Megan Nelson]"}, "336": {"llama": "[Angela Valdez, Angela Valdez]"}, "337": {"llama": "[Christian Trevino]"}, "338": {"llama": "[Desiree Larson, Alexander Thompson]"}, "339": {"llama": "[Kristen Perez, Ryan Anderson, Craig Peterson, Linda Bradford]\n\nHere's the explanation:\n\nFrom the given connections, we can identify four isolated connected components:\n\n1. The first component includes Craig Peterson, Joshua Galloway, Jennifer Morrow, Kathy Flores, Ann White, and John Taylor.\n2. The second component includes Kristen Perez (who has no connections).\n3. The third component includes Ryan Anderson (who has no connections).\n4. The fourth component includes Linda Bradford (who has no connections).\n\nBy selecting one representative node from each connected component, we have Craig Peterson from the first component, Kristen Perez from the second component, Ryan Anderson from the third component, and Linda Bradford from the fourth component."}, "340": {"llama": "[Jocelyn Daniels, Larry Wheeler, Michelle Young]"}, "341": {"llama": "[Nancy Calhoun PhD]"}, "342": {"llama": "[Sandra Rodriguez, Adam Boyer, Amy Cook]"}, "343": {"llama": "[Mark Carroll, Mark Jones]"}, "344": {"llama": "[Jeffrey Ingram, Jonathan Meyer]"}, "345": {"llama": "[Robert Leon, Jacqueline Black]"}, "346": {"llama": "[Karen Wang, Jerome Ferguson, Tracy Hawkins]"}, "347": {"llama": "[Nicole Gill, Christopher Robinson]"}, "348": {"llama": "[Kristie Jacobs, ]"}, "349": {"llama": "[Matthew Villa, Rebecca Smith MD, Terry Marshall]"}, "350": {"llama": "[John Mcdaniel, Christine Moran, Amanda Bryant]"}, "351": {"llama": "[Crystal Gomez, Matthew Sanders]"}, "352": {"llama": "[Joshua Cortez, Lauren Williams, Brandon Fox, Jennifer Vaughn]"}, "353": {"llama": "[Eugene Berg]"}, "354": {"llama": "[Samantha Anderson, Alexandra Daniels]"}, "355": {"llama": "[Samuel Lopez, Joseph Roach, Brandon Henderson]"}, "356": {"llama": "[Jonathan Bailey, Madison Hogan, Brittany Davis]"}, "357": {"llama": "[Kimberly Garcia]"}, "358": {"llama": "[Valerie Perry, James Butler]"}, "359": {"llama": "[Gina Dixon]"}, "360": {"llama": "[Tara Graham, Isaiah Cobb]"}, "361": {"llama": "[Olivia Cowan, Gary Huerta, Harold Liu, Madison Gardner, Rebecca Sanchez, Debra Butler, Lindsey Mitchell]"}, "362": {"llama": "[Mr. Kyle Romero DDS, Dr. Michael Cruz, Chelsea Galvan]"}, "363": {"llama": "[Tiffany Cox, Denise Johnson]"}, "364": {"llama": "[Ariana Carlson, Laurie Smith]"}, "365": {"llama": "[Bryan Ho, Lisa Bryan]"}, "366": {"llama": "[Mary Smith, Sandra Lopez, Hector Curry, Gary Freeman]"}, "367": {"llama": "[Joseph Rice, Harry Sanchez]"}, "368": {"llama": "[Erica Rodriguez, Bobby George, Sarah Hobbs]"}, "369": {"llama": "[April Chan]"}, "370": {"llama": "[John Ayers, Rachael Mcdonald, Jill Matthews]"}, "371": {"llama": "[Brandon White, Julie Mann]"}, "372": {"llama": "[David Griffith, Barbara Berry]"}, "373": {"llama": "[Cynthia Chaney, Fernando Gallegos]"}, "374": {"llama": "[Donna Simmons, Robert Hayes, Sandra Hubbard]"}, "375": {"llama": "[Timothy Aguilar, Noah Tucker, Emily Ferguson]"}, "376": {"llama": "[Steven Koch, Anthony Mcdonald]"}, "377": {"llama": "[Fernando Turner, Justin Davis]"}, "378": {"llama": "[Ricardo Myers, Courtney Taylor]"}, "379": {"llama": "[Frederick Lopez]"}, "380": {"llama": "[Stephanie Carter, Gregory Ramirez]"}, "381": {"llama": "[Anthony Hoover]"}, "382": {"llama": "[Brittany Ross]"}, "383": {"llama": "[Melissa Dennis, Jose Hernandez]"}, "384": {"llama": "[Jose Munoz, Julia Donovan]"}, "385": {"llama": "[Joe Turner, ]"}, "386": {"llama": "[Misty Torres, Benjamin Solis]"}, "387": {"llama": "[Mr. Ryan Macias]"}, "388": {"llama": "[Christian Smith]"}, "389": {"llama": "[Melinda Mendoza]"}, "390": {"llama": "[Whitney Martinez, Bryan Anderson, Melissa Burns, Sarah Adams, Nicholas Torres, James Gordon]"}, "391": {"llama": "[Pamela Wright, Savannah Ruiz, Jessica Black]"}, "392": {"llama": "[Carol Kent, Jasmine Evans, Sean Cunningham]"}, "393": {"llama": "[John Vasquez, Mandy Hoffman, William Harris]"}, "394": {"llama": "[Michael Malone, William Tran]"}, "395": {"llama": "[Brittney Stark, Carrie Ross]"}, "396": {"llama": "[Vanessa Duffy, Jimmy Curtis]"}, "397": {"llama": "[Erik Manning, Kathryn Dawson]"}, "398": {"llama": "[Terry Jimenez, Erica Richardson]"}, "399": {"llama": "[Martha Hurst, Nathan Nichols, Austin Petersen DDS, Kenneth Porter MD, Rodney Stevens, Mary Evans, Dillon Stephens, Crystal Nelson]"}, "400": {"llama": "[Amanda Holden, Bruce Mosley]"}, "401": {"llama": "[Charles Ward, Jennifer Collins]"}, "402": {"llama": "[John Malone, Melissa Long, Matthew Rangel, Jamie Carter]"}, "403": {"llama": "[Nathaniel Washington, Lauren Brown]"}, "404": {"llama": "[Nichole Berger, Nathan Vazquez, Brandon Greene, Emily Martin]"}, "405": {"llama": "[Shawn Kerr, Peggy Woods]"}, "406": {"llama": "[Brian Smith]"}, "407": {"llama": "[Zachary Mora, Jessica Patrick]"}, "408": {"llama": "[Danny Bridges, Andrea Williams]"}, "409": {"llama": "[Adam Willis, Kenneth Miller]"}, "410": {"llama": "[David Murphy, Courtney Rubio, Kimberly Scott, Kevin Johnson, Lance Palmer]"}, "411": {"llama": "[Michelle Bolton, Alejandra Price]"}, "412": {"llama": "[Randall Bishop, Mrs. Cindy Jacobs, Mr. Anthony Navarro Jr., Randy Perez]"}, "413": {"llama": "[Mary Ali]"}, "414": {"llama": "[Katelyn Vance, Mason Patel]"}, "415": {"llama": "[Mrs. Heather Becker DVM, Janice Pennington, Christian Meyers, Kenneth Martinez, Katie Crawford]"}, "416": {"llama": "[David Goodman, Elizabeth Giles, Jeremy Morris]"}, "417": {"llama": "[Stephanie Clay, Bruce Wright]"}, "418": {"llama": "[William Clark]"}, "419": {"llama": "[Mr. Patrick Wheeler, Austin Collins]"}, "420": {"llama": "[Cynthia Decker, Antonio Anderson]"}, "421": {"llama": "[Angel Dawson, Joshua Herman, Kimberly Jones]"}, "422": {"llama": "[Mr. Joshua Farmer, Linda Ford, Karen Nash]"}, "423": {"llama": "[Ronald Estes, Nathan Anderson Jr., Richard Dunn]"}, "424": {"llama": "[Beth Parker]"}, "425": {"llama": "[Christina Diaz, Suzanne Cole]"}, "426": {"llama": "[Nancy Thomas, Mark Carroll]"}, "427": {"llama": "[Maria Miller, Tiffany Gray, Jennifer Robinson]"}, "428": {"llama": "[Elizabeth Smith, Connor Knight, Julie Hernandez]"}, "429": {"llama": "[Nicholas Reyes, Ronald Howell, Tracy Jones]"}, "430": {"llama": "[Randy Crawford, Wendy Caldwell]"}, "431": {"llama": "[Michele Johnson, Christopher Hernandez]"}, "432": {"llama": "[Katrina Smith]"}, "433": {"llama": "[Ryan Thomas, Connor Williams]"}, "434": {"llama": "[Steven Romero, Daniel Bennett]"}, "435": {"llama": "[Melissa Hayes, Kevin Cooper]"}, "436": {"llama": "[Daniel Griffith, Curtis Gonzalez, Michelle Pearson, Pamela Miller, Brandi Hawkins]"}, "437": {"llama": "[Linda Mckay, Gregory Jones]"}, "438": {"llama": "[John Davis, Brian Kim]"}, "439": {"llama": "[Susan Stewart, Mitchell Salas, Lisa Roach, Cheryl Ellis]"}, "440": {"llama": "[Mary Campbell, Matthew Castillo]"}, "441": {"llama": "[Evan Griffin, Jessica Hall]"}, "442": {"llama": "[Dr. Kyle Riley, Russell Ford, Linda Stephens]"}, "443": {"llama": "[Jennifer Bowen]"}, "444": {"llama": "[Andrew Sanchez, Mr. Reginald Gould]"}, "445": {"llama": "[Emma Scott, Christopher Benjamin]"}, "446": {"llama": "[Tina Rivera, Judy Yoder]"}, "447": {"llama": "[Luis Mitchell, Amanda Wilkins]"}, "448": {"llama": "[Terry Moody, Michelle Boyd, Allen Henderson, Jeffrey Harrington]"}, "449": {"llama": "[Carolyn Lloyd, Andrew Anderson]"}, "450": {"llama": "[Mindy Johnson]"}, "451": {"llama": "[Melissa Archer, Michelle Johnson]"}, "452": {"llama": "[Shannon Cooper, Haley Pierce]"}, "453": {"llama": "[Jose Wagner]"}, "454": {"llama": "[Kim Castro MD, Sherry Collins, Nicole Diaz, Patricia Day]"}, "455": {"llama": "[Amanda Frye, Matthew Taylor]"}, "456": {"llama": "[Andre Smith, Mark Franklin]"}, "457": {"llama": "[Kathryn Smith, Amy White, Alfred Williams]"}, "458": {"llama": "[Kevin Cox, Melissa Flores]"}, "459": {"llama": "[Brittany Young, Melissa Williams, Austin Jones]"}, "460": {"llama": "[Amanda Anderson, Hector Oneal, Rebekah Lawson]"}, "461": {"llama": "[Molly Blackwell, ]"}, "462": {"llama": "[Taylor Duncan, Alyssa Simmons, Jacqueline Wilkinson, Stephen Rodriguez, Dylan Lara, Brian Nichols, Michael Mitchell, Jeffery Massey]"}, "463": {"llama": "[Daniel Smith, ]"}, "464": {"llama": "[Dustin Doyle, Jennifer Hahn]"}, "465": {"llama": "[Sean Jackson, Aaron Soto, Shannon Garrison]"}, "466": {"llama": "[Heidi Murillo, Kathleen Jenkins, Stephanie Mcknight]"}, "467": {"llama": "[Mark Sampson, Christopher Morgan]"}, "468": {"llama": "[Paul Davis, Edwin Ross]"}, "469": {"llama": "[Heather Hernandez, William Jackson, Diane Liu]"}, "470": {"llama": "[Julian Park, Lori Campbell, Susan Jones, Brandon Harvey]"}, "471": {"llama": "[Brittany Perez, Alexis Morales]"}, "472": {"llama": "[Amanda Mathews, James Campbell]"}, "473": {"llama": "[Michelle Carrillo, Brenda Walker, Michelle Fischer]"}, "474": {"llama": "[Robert Bell]"}, "475": {"llama": "[Karen Hendricks]"}, "476": {"llama": "[Corey Love, Jesse Cardenas, Madison Garcia, Kelly Moore]"}, "477": {"llama": "[Stefanie Roman]"}, "478": {"llama": "[Amy Scott, Timothy Tate]"}, "479": {"llama": "[Dr. Justin Newton, Ashlee Hopkins, Michele Shelton]"}, "480": {"llama": "[Travis Wilkerson]"}, "481": {"llama": "[Catherine Ross, Katherine Henry, Victoria Harris]"}, "482": {"llama": "[Charles Roberts, Ryan Williams, Jason Walker]"}, "483": {"llama": "[Lori Sullivan, Joseph Hanson]"}, "484": {"llama": "[Connor Dennis]"}, "485": {"llama": "[Gary Andrade, Jerry Mcneil]"}, "486": {"llama": "[Zachary Sanchez, Alisha Flores, Adam Cobb, Shannon Howard]"}, "487": {"llama": "[John Rowe Jr., Caitlin Guzman, Nicholas Stone]"}, "488": {"llama": "[Heather Frazier, ]"}, "489": {"llama": "[Jennifer Roman, Aaron Richardson MD]"}, "490": {"llama": "[Beverly Avery, Luis Chung, Sharon Moore, Terri Greene]"}, "491": {"llama": "[Joseph Farley, Emily Garcia]"}, "492": {"llama": "[Paige Chen, Mark Brown, Teresa King]"}, "493": {"llama": "[Nicole Gutierrez, Joseph Gordon, William Reyes]"}, "494": {"llama": "[Amy Baker, Elizabeth Davis, Christopher Richards, Emily Mcbride, Alexandria Clark]"}, "495": {"llama": "[Anita Hernandez, Manuel Sanders]"}, "496": {"llama": "[David Glenn, Cheryl Jenkins]"}, "497": {"llama": "[Jean Collins]"}, "498": {"llama": "[Michelle Holmes, Gregory Collins, Christopher Adams, Dawn Lucas, Brittany Sanford]"}, "499": {"llama": "[William Saunders]"}}