{"0": {"gemma": "[Anil K. Jain, Lu Yang, Yilong Yin, Gongping Yang, Matti Pietik\u00e4inen]"}, "1": {"gemma": "[Jamal Daafouz, Jun Zhao, Tong Heng Lee, Alberto Bemporad, Peng Shi, Jos\u00e9 Claudio Geromel, Diego Patino, Yan-Jun Liu, Miroslav Krstic, Weisheng Chen, Manfred Morari, Jean-Claude Vivalda, Andrew R. Teel, Lijun Long]"}, "2": {"gemma": "[Mohamed Hossam Ahmed, Shu-Ming Tseng, Chen He, Jaewoo So, Dong-Ho Cho, Il Han, Shiauhe Tsai, Felipe A. Cruz-Perez, Nihar Jindal, Everest T. Ong, Lingge Jiang, James S. Lehnert, Wen Gao, Ekram Hossain, Lan Zhang, Yung-Chung Wang, Sooyoung Kim, Roy D. Yates, Shengli Zhou, Hsiao-Hwa Chen]"}, "3": {"gemma": "[Xuemin Lin, Charu C. Aggarwal, George Karypis, Ambuj K. Singh, Michalis Vazirgiannis]"}, "4": {"gemma": "[Lynn M. Fletcher-Heath, Thomas Moriarty, Daoqiang Zhang, Sameh M. Yamany, F. Reed Murtagh]"}, "5": {"gemma": "[Sarah Nadi, Krzysztof Czarnecki, Michael D. Ernst, Philippe Lahire, Thomas Bednasch, Ulrich W. Eisenecker, Jacques Klein, Roberto E. Lopez-Herrejon]"}, "6": {"gemma": "[Tomohiro Nakai, Micka\u00ebl Coustaty, Josep Llad\u00f3s, Vincent Rabaud, David S. Doermann, Tinne Tuytelaars, David G. Lowe, Koichi Kise, Jean-Marc Ogier, Kurt Konolige]"}, "7": {"gemma": "[Atul J. Butte, George Hripcsak, Mohammadreza Shojatalab, P. Lilja, Purvesh Khatri, Stephen E. Wilhite, Carlos Evangelista, Gavin Sherlock, Nigam H. Shah, Ugis Sarkans, Mark A. Musen, Russ B. Altman, Natalya Fridman Noy, Michael Mbagwu, Helen Parkinson, Peter J. Park, Georgina Stegmayer, Alexander A. Morgan, Misha Kapushesky, Dmitry Rudnev]"}, "8": {"gemma": "[Muhammad Zeshan Afzal, Thomas M. Breuel, Faisal Shafait, C. V. Jawahar, Umapada Pal]"}, "9": {"gemma": "[Magnus Egerstedt, Panagiotis Tsiotras, Xiangyu Meng, Xiangyu Zhang, Vincent Gripon, James J. Kuffner, Thomas A. Henzinger, Zetian Zhang, Tak-John Koo, Jorge Cortes, Rajeev Alur, Christoph M. Kirsch, Sergey Bereg, Calin Belta, Kyu Ho Park, Yang Wang, Raghvendra V. Cowlagi, Sven Koenig, Pierre Ganty, Mario Micheli, Sanjit A. Seshia, Emilio Frazzoli, Steven M. LaValle, Rina Dechter, Michael Schmidt]"}, "10": {"gemma": "[Stojan Z. Denic, K.R. Kumar, Peter J. Smith, Thomas L. Marzetta, Shlomo Shamai]"}, "11": {"gemma": "[Ying-Chang Liang, Chinthananda Tellambura, Nandana Rajatheva, K.D.P. Dharmawansa, Mohamed-Slim Alouini, Yunxia Chen, Merouane Debbah]"}, "12": {"gemma": "[Daniel Menard, Robert W. Brodersen, Zeljko Zilic, Katarzyna Radecka, Nicola Nicolici, Prithviraj Banerjee, Oskar Mencer]"}, "13": {"gemma": "[Cynthia Breazeal, Markus H\u00e4ring, Takayuki Kanda, Sara Kiesler, Aaron Powers, Adam D. I. Kramer, Christof Wagner]"}, "14": {"gemma": "[Giuseppe De Giacomo, Roman Kontchakov, Ren\u00e9e J. Miller, Juan F. Sequeda, Mauricio A. Hern\u00e1ndez, Axel Polleres]"}, "15": {"gemma": "[Urbashi Mitra, Georgios B. Giannakis, Rad Niazadeh, David R. Karger, Haris Vikalo]"}, "16": {"gemma": "[Thomas Strothotte, David Salesin, Brian Wyvill, Mario Costa Sousa, Oliver Deussen, Fernando D\u00edaz, Seungyong Lee, M. Victoria Luz\u00f3n]"}, "17": {"gemma": "[Hao Wu, Joost-Pieter Katoen, Wendelin Serwe, Thomas A. Henzinger, Hassan Hatefi, Andrea Turrini]"}, "18": {"gemma": "[Eric Marchand, Kazuhiro Kosuge, Ning Xi, Sebastian Thrun, Mingjun Zhang]"}, "19": {"gemma": "[Ross B. Girshick, Ming-Ming Cheng, Arik Azran, Marios Kyperountas, Jitendra Malik, Andreas Lanitis, Anastasios Tefas, Ioannis Pitas, Thomas S. Huang, Ronald Poppe, Ulrike von Luxburg, Michael Harville, Anastasios Maronidis, Dacheng Tao, Aleix M. Martinez, Hong-Jiang Zhang, Stefanos Zafeiriou]"}, "20": {"gemma": "[Istv\u00e1n Harmati, Tam\u00e1s Szir\u00e1nyi, Levente Kov\u00e1cs, Zolt\u00e1n T\u00f3th, Csaba Benedek]"}, "21": {"gemma": "[Stephane Redon, Lakmal D. Seneviratne, Bill Triggs, Michitaka Hirose, Sabine Coquillart]"}, "22": {"gemma": "[Giuseppe Vizzari, Armin Seyfried, Christian Rogsch, Tobias Kretz, Hubert Kl\u00fcpfel]"}, "23": {"gemma": "[Lawrence A. Corp, Clement Atzberger, Felix Rembold, Xiaoxiong Xiong, Elizabeth M. Middleton, Chiara Cilia, Cinzia Panigada, Micol Rossini, Uwe Rascher, Roberto Colombo, Michele Meroni, Arko Lucieer, Claudio Bosco, Pablo J. Zarco-Tejada, Sergio Cogliati, Stefano Amaducci, Lorenzo Busetto]"}, "24": {"gemma": "[Ross B. Girshick, Haibin Ling, Bernt Schiele, Jitendra Malik, Andrew Zisserman]"}, "25": {"gemma": "[Chi Kwan Lee, Xia Chen, Kathryn S. McKinley, Ramadass Nagarajan, Behnam Robatmili]"}, "26": {"gemma": "[Luca Sterpone, Matteo Sonza Reorda, Pavel Kubalik, Manuel G. Gericota, Andrzej Krasniewski, Zdenek Kotasek, A. Candelori, Subhasish Mitra, Massimo Violante, Gustavo R. Alves, M. Bellato, D. Bortolato, Petr Fiser, Hana Kubatova, Martin Straka]"}, "27": {"gemma": "[Antonio Iera, Dominique Guinard, Vlad Trifa, Matthias Kovatsch, Schahram Dustdar, Li Da Xu]"}, "28": {"gemma": "[David Parker, Frank Stephan, John M. Hitchcock, Mar\u00eda L\u00f3pez-Vald\u00e9s, Mark Braverman, Lane A. Hemaspaandra, Jorge \u00c1lvarez-Jarreta, Elvira Mayordomo, Jack H. Lutz, Xiaoyang Gu, Eduardo Ruiz-Pesini, Jan Reimann, David Doty, Jos\u00e9 Ignacio Requeno, Roberto Blanco, Jos\u00e9 Manuel Colom]"}, "29": {"gemma": "[Arkadiusz Jestratjew, Piotr Gaj, Andrzej Kwiecie\u0144, Dariusz Rzo\u0144ca, Jan Sadolewski, Tomasz Sauter]"}, "30": {"gemma": "[Zhi-Hua Zhou, Lillian Lee, Theresa Wilson, Xue Wen Chen, Pedro Larra\u00f1aga, Joseph D. Prusa, David J. Dittman, Michael Crawford, Nicoletta Dess\u00ec, Amri Napolitano, Bernhard Pfahringer, Randall Wald, Ram\u00f3n D\u00edaz-Uriarte, Haibo He, Yulan He, Brian Heredia, Ian H. Witten, Lei Yu, Jason Van Hulse, Ari Rappoport, Edwardo A. Garcia, Vadlamani Ravi]"}, "31": {"gemma": "[James G. Phillips, Adarsh Kumar Kakar, Viswanath Venkatesh, Matthew Regan, Thomas J. Triggs]"}, "32": {"gemma": "[Mu Mu, Giannis Zaoudis, Cristiano G. Rezende, Roger Immich, Gianluigi Pibiri, Georgios Kioumourtzis, Catiuscia Melle, Thomas Wiegand, Apostolos Gkamas, Emmanuel C. Ifeachor, Lingfen Sun, Asiya Khan, Antonio Jorge Gomes Abel\u00e9m, Gabriel-Miro Muntean, Jirka Klaue]"}, "33": {"gemma": "[John H. Hipwell, Nassir Navab, Andreas K. Maier, Rui Liao, Max A. Viergever]"}, "34": {"gemma": "[Thomas L. Ainsworth, Jean-Christophe Pesquet, S\u00e9bastien Lef\u00e8vre, Jocelyn Chanussot, Jitendra Malik, Philippe Salembier]"}, "35": {"gemma": "[Chiquito J. Crasto, Ying Ding, Jos\u00e9 Lu\u00eds Oliveira, Nian Liu, Peter Masiar, Rodrigo Lopez, Huajun Chen, Scott M. Dudek, Luis N. Marenco, Perry L. Miller, Martin Kuiper, Gordon M. Shepherd, Robert Stevens, Carole Goble, Timothy Clark, Gregory A Ryslik, Yuwei Cheng, Yorgo Modis, Kei-Hoi Cheung, James P. McCusker, Gwendolyn T. Wong, Aijun An, Kevin Y. Yip, Bill Andreopoulos]"}, "36": {"gemma": "[Stefan Nickel, Zvi Drezner, W\u0142odzimierz Ogryczak, Antonio M. Rodr\u00edguez-Ch\u00eda, Jes\u00fas A. De Loera, Matthias K\u00f6ppe, Robert Weismantel, V\u00edctor Blanco]"}, "37": {"gemma": "[Thanassis Avgerinos, Dawson R. Engler, Josselin Feist, S\u00e9bastien Bardin, Philippe Herrmann, Cristian Cadar]"}, "38": {"gemma": "[Zheng Qu, Xavier Allamigeon, Huan Zhang, Ying Shang, St\u00e9phane Gaubert]"}, "39": {"gemma": "[Toshiro Nunome, Shuji Tasaka, Yoshihiro Ito, Akifumi Hirashima, Mario Gerla, Fernando Boronat, Manos Roumeliotis, Jun Sako, Jong-Won Kim]"}, "40": {"gemma": "[N. M. Mosharaf Kabir Chowdhury, Seif Haridi, Daisy Zhe Wang, Matei Zaharia, Raouf Boutaba, Wolfgang Kellerer, Jennifer Rexford]"}, "41": {"gemma": "[Hong Cheng, Pablo Castells, Fernando Diaz, Ahu Sieg, Xiaohui Tao, Susan Gauch, Mohand Boughanem]"}, "42": {"gemma": "[Judith L. Klavans, Jimmy J. Lin, Marcelo Fiszman, Suzanne Bakken, Kathleen McKeown]"}, "43": {"gemma": "[Cong-Cong Li, Wei-Chiang Hong, Hengjie Zhang, I. P\u00e9rez, Sergio Alonso]"}, "44": {"gemma": "[Xin Wang, Robert D. Nowak, B.D. Van Veen, Panagiotis Kosmas, Ronald T. Wakai, Srikantan S. Nagarajan]"}, "45": {"gemma": "[Emmanuel Sapin, Casey S. Greene, Bill C. White, Yuanfang Guan, Maria D. Chikina]"}, "46": {"gemma": "[Andr\u00e9 C. Hora, Emerson R. Murphy-Hill, Roberta Coelho, Dalton Serey, Paulo E. S. Barbosa, Jorge C. A. de Figueiredo, Oscar Nierstrasz, Thomas Zimmermann, David Notkin, Nicolas Anquetil, Ricardo Mingarini Terra, Ricardo Terra, Gail C. Murphy, Denys Poshyvanyk, Mircea Lungu, Marco Tulio Valente, Jo\u00e3o Brunet]"}, "47": {"gemma": "[Uwe Zdun, Slinger Jansen, Andrea De Lucia, Frank Leymann, Patricia Lago, George Valen\u00e7a, Sjaak Brinkkemper, Lai Xu, Liming Zhu, Imed Hammouda, Yuming Zhou]"}, "48": {"gemma": "[Arye Harel, Gil Stelzer, Liora Strichman-Almashanu, Marilyn Safran, Doron Lancet]"}, "49": {"gemma": "[Shivendu Shivendu, Ramnath K. Chellappa, Moutaz Khouja, Robert J. Kauffman, James R. Marsden, Sudip Bhattacharjee]"}, "50": {"gemma": "[Seheon Song, Minkoo Kim, Seungmin Rho, Eenjun Hwang, Marten van Sinderen, Eduardo Goncalves da Silva]"}, "51": {"gemma": "[Roland Siegwart, Cynthia Breazeal, Anca D. Dragan, Michael Patrick Johnson, Thomas G. Dietterich, Maya Cakmak, Andrea Lockerd Thomaz]"}, "52": {"gemma": "[Georgios B. Giannakis, K.J.R. Liu, Hamid Jafarkhani, Vahid Tarokh]"}, "53": {"gemma": "[Pranab Roy, Krishnendu Chakrabarty, Tsung-Yi Ho, Yuan Xie, David Blaauw]"}, "54": {"gemma": "[Koji Takinami, Rui Murakami, Junji Sato, Akira Matsuzawa, Ahmed Musa, Kenji Miyanaga, Kei Sakaguchi, Ryo Minami, Kota Matsushita, Takenori Sakamoto, Ryosuke Shiozaki, Naganori Shirakata, Shinobu Nanba, Noriaki Saito, Takahiro Shima, Masaki Kanemaru, Hiroyuki Yamagishi, Yohei Morishita, Hiroyuki Yoshikawa]"}, "55": {"gemma": "[Danny Holten, Mathias Pohl, Yuxin Ma, Wei Chen, Jorik Blaas]"}, "56": {"gemma": "[Andrew T. Campbell, Narayan B. Mandayam, Kristin J. Dana, Xia Zhou, Sampath Rangarajan, Ignacio Santamaria, Edward W. Knightly, Ashwin Ashok, Kannan Srinivasan, Xinyu Zhang, Y. Thomas Hou, Giuseppe Caire, Marco Gruteser, Chuankai An, Shiwen Mao, Samuel D. Perli, Dina Katabi, Wenjing Lou, Robert W. Heath, Kang G. Shin]"}, "57": {"gemma": "[Georgios B. Giannakis, Chen Chen, Wei Chen, Rui Zhang, Xiaodong Wang, Christos Faloutsos, Wei Xu, Muriel Medard, Andrea J. Goldsmith]"}, "58": {"gemma": "[Philipp Peti, Roman Obermaisser, Hermann Kopetz, John Rushby, G\u00fcnther Bauer, Cristian Constantinescu, Fulvio Tagliabo, Eduardo Qui\u00f1ones, Jaume Abella]"}, "59": {"gemma": "[Yossi Lev, Paul A. Martin, Hagit Attiya, Bjarne Stroustrup, Peter W. O'Hearn, Victor Luchangco, Mark Moir, Christine H. Flood, Heike Wehrheim, Damian Dechev, Simon Doherty, Rachid Guerraoui, Nir Shavit, Robert Colvin, David Hemer, Anders Gidenstam, Bapi Chatterjee, Danny Hendler, Lindsay Groves, Philippas Tsigas, Maurice Herlihy, H\u00e5kan Sundell, David L. Detlefs, Marina Papatriantafilou]"}, "60": {"gemma": "[Donald F. Towsley, Fumio Machida, Hiroyuki Okamura, Tadashi Dohi, Peter Buchholz, Koichiro Rinsaka, Xiao Xiao, Kumiko Tadano, Roberto Natella, Chin-Yu Huang, Yuki Takekoshi, Philipp Reinecke, Pengfei Chen, Kiejin Park, Sung-Do Chi, Dazhi Wang, Carl E. Landwehr, Kishor S. Trivedi, Yashwant K. Malaiya, Katerina Goseva-Popstojanova, Mikl\u00f3s Telek, Lothar Breuer]"}, "61": {"gemma": "[Richard D. Hoge, Jonathan C W Brooks, Serge Rossignol, Demian Wassermann, James C. Gee, Sa\u00e2d Jbabdi, Steen Moeller, Manuel Taso, Julien Cohen-Adad, Virginie Callot, Stefania Sala, Stamatios N. Sotiropoulos, Fr\u00e9d\u00e9ric Lesage, Jesper Andersson, S. Smith, Habib Benali, Jerry L. Prince, Maxime Descoteaux, Lawrence L. Wald, Armin Curt, Irene Tracey, Boris Keil]"}, "62": {"gemma": "[Yian-Kui Liu, Camino R. Vela, Jorge Puente, In\u00e9s Gonz\u00e1lez-Rodr\u00edguez, Philippe Fortemps, Tao-Hsing Chang]"}, "63": {"gemma": "[Huchuan Lu, Ming-Hsuan Yang, Bernhard Sch\u00f6lkopf, Cordelia Schmid, Dit-Yan Yeung, Xue Mei]"}, "64": {"gemma": "[Felice Manganiello, Jian Gao, Adel Alahmadi, Frank R. Kschischang, F. J. Lobillo, Gabriel Navarro, Amit Sharma, Abdullah Dertli, Senol Eren, Taher Abualrub, Yuan Cao, Maheshanand Bhaintwal, Neville Lyons Fogarty, Fang-Wei Fu, Patrick Sol\u00e9, Willi Geiselmann, Delphine Boucher, Felix Ulmer, Nuh Aydin, Bahattin Yildiz, Mohammad Ashraf, Irfan Siap, Linzhi Shen]"}, "65": {"gemma": "[Shanshan Chen, Maite Brandt-Pearce, Vishwa Goudar, David D. Wentzloff, Nathan E. Roberts, Jonathan K. Brown, Kamin Whitehouse, John Lach, Miodrag Potkonjak, C Harry Powell]"}, "66": {"gemma": "[Yong-Jin Liu, Ryutarou Ohbuchi, Masaki Aono, Junwei Han, Hui Wang, Michael M. Bronstein, Ron Kimmel, Mohamed Daoudi, Pietro Perona, Song Bai]"}, "67": {"gemma": "[Deniz \u00dcstebay, Tian Bu, Mark Coates, Reza Olfati-Saber, Aiyou Chen]"}, "68": {"gemma": "[David Hausheer, Bjorn Richerzhagen, Dominik Stingl, Julius Ruckert, Anne-Marie Kermarrec]"}, "69": {"gemma": "[Vincent S. Tseng, Jian Pei, Tzung-Pei Hong, Philip S. Yu, Yiwen Yin, Shyue-Liang Wang]"}, "70": {"gemma": "[Yunheung Paek, H. Singh, Diederik Verkest, David Atienza, Praveen Raghavan]"}, "71": {"gemma": "[Emery N. Brown, Theodore W. Berger, Robert E. Kass, Liam Paninski, Vasilis Z. Marmarelis]"}, "72": {"gemma": "[Kjell Stordahl, Ilari Welling, Jarmo Harno, Dimitris Varoutas, Thomas Sphicopoulos, Fran\u00e7ois Loizillon]"}, "73": {"gemma": "[Timothy W. Bickmore, Mark A. Neerincx, Willem-Paul Brinkman, Robbert Jan Beun, Siska Fitrianie]"}, "74": {"gemma": "[Charles E. Leiserson, Scott Pakin, George Almasi, Sameh Elnikety, Vivek Seshadri, Xavier Martorell, Sanjeev Kumar]"}, "75": {"gemma": "[Mark E. Dean, Catherine D. Schuman, Lihao Xu, Yinlong Xu, Xubin He, Xiao Qin, Shenggang Wan, Qiang Cao, Jianzhong Huang]"}, "76": {"gemma": "[Jon Atli Benediktsson, Lorenzo Bruzzone, Jordi Inglada, Gr\u00e9goire Mercier, Liangpei Zhang]"}, "77": {"gemma": "[Yuji Matsumoto, Fuji Ren, Kentaro Inui, Bo Pang, Lillian Lee, Kazuyuki Matsumoto]"}, "78": {"gemma": "[Isabella Poggi, Catherine Pelachaud, Christopher E. Peters, Valeria Carofiglio, Fiorella de Rosis, Berardina De Carolis]"}, "79": {"gemma": "[Sibao Chen, Zhong Jin, Shuicheng Yan, Yong Xu, Xilin Chen]"}, "80": {"gemma": "[Arun Ross, Khalid Saeed, Anil K. Jain, Kevin S. Killourhy, Roy A. Maxion]"}, "81": {"gemma": "[Wonil Choi, Aydin Bulu\u00e7, Hasan Metin Aktulga, John Shalf, Samuel Williams]"}, "82": {"gemma": "[Gerhard Fettweis, Georgios B. Giannakis, David J. Love, Mikko Vehkapera, Aris L. Moustakas, Husheng Li, Shi Jin, Sriram Vishwanath, Shlomo Shamai]"}, "83": {"gemma": "[Wei Lu, Wenke Lee, Dawn Xiaodong Song, Issa Traore, Kuochen Wang, David J. Miller, W. Timothy Strayer, Robert Walsh, Jayaram Raghuram, Malcolm I. Heywood, Ali A. Ghorbani, Fabian Monrose, Z. Berkay Celik, Wanlei Zhou, S.-F. Lin, Chun-Ying Huang, George Kesidis, Vinod Yegneswaran, Fariba Haddadi, A. Nur Zincir-Heywood, Guofei Gu]"}, "84": {"gemma": "[Xin Yao, Carlos A. Coello Coello, Hisao Ishibuchi, Robert J. Durrant, V.G. da Fonseca]"}, "85": {"gemma": "[Lacey-Anne Sanderson, Sook Jung, Stephen P. Ficklin, Dorrie Main, Naama Menda]"}, "86": {"gemma": "[Wei Lu, Ming Zhou, Dan Roth, Alexander Yates, Daniel N. Klein, Jayant Krishnamurthy, Christopher D. Manning, Tom Kwiatkowski, Fr\u00e9d\u00e9ric B\u00e9chet, Mirella Lapata, Michael I. Jordan, Xuchen Yao, Yuk Wah Wong, Percy Liang, Yoav Artzi, Luke S. Zettlemoyer, Raymond J. Mooney, Siva Reddy, Caifu Hong, Tom M. Mitchell]"}, "87": {"gemma": "[Thomas L. Ainsworth, Charles M. Bachmann, Robert A. Fusina, Jon Sellars, Christopher Parrish, John C. Fry, Marcos J. Montes]"}, "88": {"gemma": "[Simone G\u00f6ttlich, Dieter Armbruster, Michael Herty, Rosanna Manzo, Zhiqiang Wang, Christian Ringhofer]"}, "89": {"gemma": "[Rammaya Krishnan, Jure Leskovec, Christos Faloutsos, Andrew McCallum, Sang-Wook Kim, Joseph M. Hellerstein]"}, "90": {"gemma": "[Josef van Genabith, Alexander M. Fraser, Hermann Ney, Yang Liu, Christopher D. Manning]"}, "91": {"gemma": "[Junwan Liu, Kalyanmoy Deb, Fernando J. Von Zuben, Carlos A. Coello Coello, Sameer Agarwal]"}, "92": {"gemma": "[Mark D. Plumbley, Alexander J. Smola, Andr\u00e1s L\u0151rincz, Shotaro Akaho, Arthur Gretton, Barnab\u00e1s P\u00f3czos, Shashank Singh, Maja Pantic, Zolt\u00e1n Szab\u00f3]"}, "93": {"gemma": "[Weifeng Pan, Yutao Ma, Christopher R. Myers, Bing Li, Jing Liu]"}, "94": {"gemma": "[Yu Zhang, Robert Schober, Nihar Jindal, David J. Love, Sang Rim Lee, Haewook Park]"}, "95": {"gemma": "[Michael O'Neill, Mengjie Zhang, Giuseppe Carlo Calafiore, B.L. Gorissen, D. Kuhn, Wolfram Wiesemann, R. Muhammad Atif Azad, Carel Eijgenraam, Kees Roos, Dick den Hertog, Henry Lam, Dimitris Bertsimas, Leonardo Vanneschi, R.C.M. Brekelmans, Aharon Ben-Tal, Jack P. C. Kleijnen, Dirk Deschrijver, Arkadi Nemirovski, Mauro Castelli, Maarten Keijzer, Dan Andrei Iancu, Una-May O'Reilly, Melvyn Sim, David B. Brown]"}, "96": {"gemma": "[Ying-Chang Liang, G. Singh, Sonia Aissa, Mohamed-Slim Alouini, John S. Thompson, Matthew R. McKay]"}, "97": {"gemma": "[Manolis Mavrikis, Claude Frasson, Arthur C. Graesser, Ryan Shaun Joazeiro de Baker, Sidney K. D'Mello, Vincent Aleven]"}, "98": {"gemma": "[Chunming Li, Jinjun Wang, Montek Singh, Laurent D. Cohen, Gilles Aubert, Luminita A. Vese, John H. Gilmore, Zhaohua Ding]"}, "99": {"gemma": "[Hongli Dong, Yurong Liu, Steven X. Ding, Huijun Gao, Ming Gao, Xiaohui Liu, Peng Shi, James Lam, Jinde Cao, Jinling Liang]"}, "100": {"gemma": "[Samuel Kaski, Minoru Nakayama, Kai Puolam\u00e4ki, Eerika Savia, Antti Ajanki, Jarkko Saloj\u00e4rvi]"}, "101": {"gemma": "[Enrico Giunchiglia, Esra Erdem, Volkan Patoglu, Leslie Pack Kaelbling]"}, "102": {"gemma": "[Gerhard Weikum, Lars Borin, Daniel Jurafsky, Philipp Cimiano, Markus Forsberg, Richard Johansson]"}, "103": {"gemma": "[Keng Peng Tee, Ryuichi Yokogawa, Toru Tsumugiwa, Fanny Ficuciello, Angelika Peer, Martin Buss, Shuzhi Sam Ge, Yanan Li, Kei Hara]"}, "104": {"gemma": "[Ming Li, Arif Merchant, Alma Riska, Antony I. T. Rowstron, Wubi Qin]"}, "105": {"gemma": "[Johan A. Pouwelse, Anirban Mahanti, Dongyu Qiu, Ralf Steinmetz, Scott Shenker]"}, "106": {"gemma": "[Mehdi Dehghan, Robert Schaback, A. H. Bhrawy, Jian Tang, Wei Shu]"}, "107": {"gemma": "[Xiaofeng Gao, Jie Wu, Ling Ding, Xianyue Li, Jong Beom Ra, Sookyoung Lee, Fatih Senel, Mohamed F. Younis, Krishnaiyan Thulasiraman, Xinping Guan, Kemal Akkaya, Feng Zou, Donghui Chen, Wonjun Lee, Weili Wu, Ding Zhu Du, My T. Thai, Peng Jun Wan, Guoliang Xue, Ding-Zhu Du, Piyush Gupta, Satyajayant Misra, Ian F. Akyildiz, Hongwei Du]"}, "108": {"gemma": "[Pedro F. Felzenszwalb, Cordelia Schmid, Yanxi Liu, Andrew Zisserman, Dan Roth, Pietro Perona]"}, "109": {"gemma": "[Julian Fernald, Sarah Beecham, Barbara Kitchenham, Mario Piattini, Miklos Biro, Thomas Schweigert, Morten Korsaa, Rory V. O'Connor, Fabio Q. B. da Silva, Francesca Garcia]"}, "110": {"gemma": "[Seok-Ho Yoon, Jiawei Han, Keith R. Bisset, Katy B\u00f6rner, Alessandro Vespignani, Erick Stattner, Jon M. Kleinberg, Madhav V. Marathe, Xifeng Yan, George Karypis, Chris Barrett, Hiroshi Motoda, M. E. J. Newman]"}, "111": {"gemma": "[Mike Higgins, Wilm E. Donath, Weikuan Yu, David E. Taylor, Jeffrey S. Vetter]"}, "112": {"gemma": "[John Yen, Mingchu Li, Michael D. McNeese, Alexander Pokahr, Emma Norling]"}, "113": {"gemma": "[Guillaume Barrault, Tareq Y. Al-Naffouri, Muhammad Moinuddin, Jos\u00e9 Carlos M. Bermudez, James V. Krogmeier, Rui Seara, Azzedine Zerguine, Babak Hassibi]"}, "114": {"gemma": "[Trevor Darrell, John Winn, Luc J. Van Gool, Abir Das, F. Fleuret, Roberto Cipolla, Jos\u00e9 M. Molina, Hiroshi Ishiguro, Shaogang Gong, Rama Chellappa, Rita Cucchiara, Laurent D. Cohen, Saad M. Khan, Dorothy Ndedi Monekosso, Dorin Comaniciu, Andrea Cavallaro, Konrad Schindler, Alparslan Yildiz, Mubarak Shah, Pascal Fua, Yujie Li, Jerome Berclaz]"}, "115": {"gemma": "[Kevin B. Englehart, Maen Takruri, Erdal Cayirci, Sutharshan Rajasegarar, Gaurav S. Sukhatme, Huadong Ma, Sungyoung Lee, Yogesh Sankarasubramaniam, Dheeraj Kumar, Weilian Su]"}, "116": {"gemma": "[Yongyun Cho, Lalana Kagal, Tim Finin, Anupam Joshi, Charles K. Nicholas, Harry Chen]"}, "117": {"gemma": "[Jiawei Han, Matthias Renz, Lei Chen, Hong Gao, Yongxin Tong, Caleb Chen Cao]"}, "118": {"gemma": "[Nilson Tadeu Ramos Nunes, Junhyuk Park, Byung-In Kim, Cristiano M. Silva]"}, "119": {"gemma": "[Junchuan Xu, Huanying Helen Gu, Michael Halper, Barry Smith, George Hripcsak, Yue Wang, Anita Burgun, James Geller]"}, "120": {"gemma": "[Nianyi Wang, Zhang Yi, Tieniu Tan, Xiangzhi Bai, Yide Ma]"}, "121": {"gemma": "[Hanumant Singh, Hugh F. Durrant-Whyte, Tim Bailey, Jeffrey M. Walls, Alex Cunningham, Gaurav S. Sukhatme, George A. Bekey, Sarah E. Webster, Nicholas Roy, Ryan M. Eustice, Wolfram Burgard, Frank Dellaert, Maurice F. Fallon, Louis L. Whitcomb, Michael Kaess, John J. Leonard, Stergios I. Roumeliotis]"}, "122": {"gemma": "[Sih-Yu Chen, Ming-Hsien Tu, Wei-Chiang Shih, Kaushik Roy, Ching-Te Chuang]"}, "123": {"gemma": "[Juan Carlos Galeano, Fabio A. Gonz\u00e1lez, Jon Timmis, Fernando Nino, Junzhou Huang, R. Manmatha, Hangzai Luo]"}, "124": {"gemma": "[Serena Villata, Catherine Faron-Zucker, Carles Sierra, Fabien Gandon, Luca Costabello]"}, "125": {"gemma": "[Ant\u00f3nio Pacheco, Rui Valadas, Satoshi Arima, Donald F. Towsley, Yuming Jiang, Vinod M. Vokkarane, Sudhir Dixit, Myungsik Yoo, Mario Gerla, Paulo Salvador, Biao Chen, Chunming Qiao, Shengming Jiang, Shoji Kasahara, Tuan Phung-Duc, Sachin Katti, Qiong Zhang, Jason P. Jue, Yoshio Tanaka, Lihong Yang, Takuji Tachibana]"}, "126": {"gemma": "[David E. Goldberg, Hisao Ishibuchi, Kalyanmoy Deb, Hu Peng, Lalitha Lakshmi, Pier Luca Lanzi, Qingfu Zhang, Xavier Gonzalvo, Patrick O. Stalph, Carlos A. Coello Coello]"}, "127": {"gemma": "[Timothy N. Miller, Anand Raghunathan, Radu Teodorescu, Vijay Janapa Reddi, Kaushik Roy, Dennis Sylvester, David M. Brooks, Erik G. Larsson, Todd M. Austin, Josep Torrellas]"}, "128": {"gemma": "[Jo\u00eblle Coutaz, Oliver Brdiczka, Patrick Reignier, James L. Crowley, Keiichi Yasumoto, Samy Bengio, Daniel Gatica-Perez, Jo\u00e3o Ladislau Lopes, Anand Ranganathan, Dorothy Ndedi Monekosso, Chris D. Nugent, Jes\u00fas Garc\u00eda]"}, "129": {"gemma": "[Szu-Chen Stan Jou, Christian F, Alex Waibel, Shajith Ikbal, Lori Lamel, John W. McDonough, Sebastian St\u00fcker]"}, "130": {"gemma": "[Jane E. Alty, D. R. Stuart Jamieson, David M. Halliday, Jeremy Cosgrove, Stuart Jamieson, Stephen L. Smith, Andy M. Tyrrell, Mengjie Zhang, Patrick Gaughan, Quan Ju, Nabil M. Aly, Jeremy R. Playfer, Susan Stepney, Stuart E. Lacy, Luis A. Fuente, Michael A. Lones, Auke Jan Ijspeert, Leo S. D. Caves, Kin-Hong Lee, Alexander P. Turner, Xin Yao, Katherine L. Possin, \u00c1lvaro Rubio-Largo]"}, "131": {"gemma": "[Richard Socher, Xueqi Cheng, Yoshua Bengio, Christopher D. Manning, Gaowei Wu]"}, "132": {"gemma": "[Jen Hong Tan, U. Rajendra Acharya, Ram Bilas Pachori, Roshan Joy Martis, Sarath Kodagoda, Michael D. Abr\u00e0moff, Jasjit S. Suri, Choo Min Lim, S. Vinitha Sree]"}, "133": {"gemma": "[Ruth Aylett, Rudolf Kadlec, Radim Vansa, Andrew M. Nuxoll, Hannes H\u00f6gni Vilhj\u00e1lmsson, Mark O. Riedl, Michal B\u00edda, Cyril Brom, Ana Paiva]"}, "134": {"gemma": "[Helen C. Purchase, Cheryl A. Cohen, Sarah Kriz, Barbara Tversky, Mary Hegarty]"}, "135": {"gemma": "[Jason C. Ryan, Joel S. Warm, Michael Lewis, John D. Lee, Raja Parasuraman]"}, "136": {"gemma": "[Lars Carlsson, Peter Murray-Rust, Jonathan Alvarsson, Ioannis Xenarios, David James Sherman, Anna Zhukova, Janna Hastings, Gareth Owen, James Malone, Lincoln Stein, Despoina Magka, Donald P. Visco, Yannick Djoumbou, Sophia Ananiadou, Barry Smith, Pablo Conesa, Adriano Dekker, Marcus Ennis, Kalai Vanii Jayaseelan, Namrata Kale, Johannes Wagener, Christoph Steinbeck]"}, "137": {"gemma": "[Matei T. Ciocarlie, Corey Goldfeder, Kaiyu Hang, Jeffrey Mahler, Gaurav S. Sukhatme, Peter K. Allen, Andrew Y. Ng, Siddhartha S. Srinivasa]"}, "138": {"gemma": "[Harsh Mittal, Rajkumar Buyya, Sudip Misra, Yu-Chee Tseng, Injong Rhee, Andreas S. Pomportsis, Mohammad S. Obaidat, Brian Neil Levine, Shane B. Eisenman, Joel J. P. C. Rodrigues]"}, "139": {"gemma": "[Trevor Darrell, Kun Yang, Felix C. A. Fernandes, Gary J. Sullivan, Jean-Francis Roy, Woo-jin Han, Ankur Saxena, Marc Sebban, Supeng Leng, Amaury Habrard, Qin Yu, Elza Erkip, Kaibin Huang, Siwei Ma, James R. Glass, Yang Liu, Wen Gao, Harald Haas, Osvaldo Simeone, Anant Sahai, Yan Zhang, Jens-Rainer Ohm, Rui Zhang, Thomas Wiegand, Sennur Ulukus, Zhu Han, Joseph V. Hajnal, Aylin Yener]"}, "140": {"gemma": "[Abbas Taherpour, Hongbin Li, Joel A. Tropp, Lawrence Carin, Braham Himed]"}, "141": {"gemma": "[Alexander Serenko, Ofir Turel, Viswanath Venkatesh, Dimple R. Thadani, Kem Z. K. Zhang, Matthew K. O. Lee]"}, "142": {"gemma": "[Yuan-Shun Dai, Walt Truszkowski, Michael G. Hinchey, Christopher A. Rouff, Emil Vassev]"}, "143": {"gemma": "[Hannu Kukka, Tim Kindberg, Nigel Davies, Nitesh Saxena, Alexander Varshavsky]"}, "144": {"gemma": "[Bram Platel, Arjan Kuijper, James C. Gee, Marco Loog, Mads Nielsen, Frans Kanters, Ali Shokoufandeh]"}, "145": {"gemma": "[Lawrence L. You, Ethan L. Miller, Eduardo Pinheiro, Darrell D. E. Long, Jianzhong Huang, Mark W. Storer]"}, "146": {"gemma": "[Rong Tong, Haizhou Li, Jani Nurminen, Siu Wa Lee, David Nahamoo, Murat Saraclar, Nicholas W. D. Evans, Luciana Ferrer, Mikel Pe\u00f1agarikano, Jon Sanchez, Moncef Gabbouj, Hemant A. Patil, Michael L. Seltzer, Hung-yi Lee, Keiichi Tokuda, Javier Tejedor, Junichi Yamagishi, William Byrne, Tuomas Virtanen, Eng Siong Chng, Geoffrey Zweig, Lidia Mangu, Martin Karafiat]"}, "147": {"gemma": "[Rasmus Eskild Jensen, Volker Wulf, Muhammad Ali Babar, Alexander Boden, Gloria Mark, Judith S. Olson, Gabriela Avram, Claes Wohlin, Leysia Palen, Markus Rohde]"}, "148": {"gemma": "[Luciano Volcan Agostini, Sergio Bampi, Muhammad Shafique, Wen Gao, Thomas Wiegand, Jos\u00e9 Lu\u00eds Almada G\u00fcntzel]"}, "149": {"gemma": "[Robert E. Wolfe, Gyanesh Chander, James J. Butler, Dennis L. Helder, Brian N. Wenny, P. A. Hubanks, Amit Angal, Jeffrey McIntire, Hassan Oudrari, Ning Lei, Xiaoxiong Xiong, Bo-Cai Gao, Vincent V. Salomonson, Kwo-Fu Chiang, Junqiang Sun, William L. Barnes, Daniel L. Morstad, David R. Doelling, David Moyer, Bruce Guenther]"}, "150": {"gemma": "[Stefan Schw\u00e4rzler, Gerhard Rigoll, Bj\u00f6rn W. Schuller, Frank Wallhoff, Rainer Stiefelhagen, Dejan Arsic, Mika Laaksonen]"}, "151": {"gemma": "[Richard G. Baraniuk, Andrew S. Lan, Christopher G. Brinton, Christoph Studer, Yehuda Koren, Wotao Yin]"}, "152": {"gemma": "[Michael Ogawa, Ben Shneiderman, Martin Wattenberg, Fernanda B. Vi\u00e9gas]"}, "153": {"gemma": "[David Cunado, Takashi Matsubara, Luc J. Van Gool, Marc Rioux, Jun Miura]"}, "154": {"gemma": "[Serghei Mangul, Alexander Zelikovsky, Volker Roth, Nicholas Mancuso, Bassam Tork, Pavel Skums, Kelly Westbrooks]"}, "155": {"gemma": "[Lorenza Giupponi, Mario Bkassiny, Yang Li, Wenjing Lou, Venugopal V. Veeravalli, Georgios B. Giannakis, Simon Haykin]"}, "156": {"gemma": "[Trevor Darrell, Muhammad Uzair, Marios Savvides, Ajmal S. Mian, Robyn A. Owens, Philip E. Miller, Wen Gao, Guang-Bin Huang]"}, "157": {"gemma": "[Noah A. Smith, Hermann Ney, Ilya Sutskever, Jason Weston, Yoshua Bengio]"}, "158": {"gemma": "[Sina Maleki, A. P. Vinod, Yonghong Zeng, Anil K. Jain, Vinod Achutavarrier Prasad, Sumedh Dhabu, Keqin Liu, Dominique Noguet, Honggang Zhang, Christophe Moy, Min Dong, Sumit Jagdish Darak, Nithin Michael]"}, "159": {"gemma": "[Yacine Ghamri-Doudane, Yuansong Qiao, Anna Brunstrom, Sean Murphy, Philip Perry, Gabriel-Miro Muntean, Liam Murphy, John Murphy]"}, "160": {"gemma": "[Nataliia Stulova, Peter J. Stuckey, Francisco Bueno, Manuel Carro, Steve Kerrison]"}, "161": {"gemma": "[John M. Cioffi, Georgios B. Giannakis, Ralf R. M\u00fcller, Jiunn-Tsair Chen, Steven H. Simon, Dongning Guo, Pangan Ting]"}, "162": {"gemma": "[Mikko T. Siponen, Teodor Sommestad, Jonas Hallberg, Mathias Ekstedt, Seppo Pahnila]"}, "163": {"gemma": "[Andreas Schlapbach, Constantin Papaodysseus, Laurent Heutte, Panayiotis Rousopoulos, Solomon Zannos, Dimitris Arabadjis, Mihalis Panagopoulos, Sargur N. Srihari, Horst Bunke, Yiannis S. Boutalis, Subhasis Chaudhuri, Keith D. Baker, Marius Bulacu, Vassilis Anastassopoulos, Lambert Schomaker]"}, "164": {"gemma": "[Kalpathi R. Subramanian, Luiz Velho, Yutaka Ohtake, Markus H. Gross, Jo\u00e3o Paulo Gois]"}, "165": {"gemma": "[Douglas H. Wedell, Partha Pratim Talukdar, Cheryl L. Grady, Xian-Sheng Hua, Tom M. Mitchell]"}, "166": {"gemma": "[Andrew W. Senior, Jason Weston, Yoshua Bengio, Daniel N. Klein]"}, "167": {"gemma": "[Georgios Gousios, Eric P. Xing, Aniket Kittur, Leif Singer, Michael S. Bernstein, Fernando Marques Figueira Filho]"}, "168": {"gemma": "[Reza Sedaghati, Abdollah Kavousi-Fard, Alireza Abbasi, Taher Niknam, Farzaneh Kavousi-Fard]"}, "169": {"gemma": "[Andrea Cavallaro, Jiawei Han, Haizhou Ai, Maja Pantic, Sung-Oh Lee]"}, "170": {"gemma": "[Yang Wang, Alexander C. Berg, Dacheng Tao, Jun Yu]"}, "171": {"gemma": "[Ryen W. White, Andy Edmonds, Thijs Metsch, Vaclav Snasel, Todd A. Cass]"}, "172": {"gemma": "[Graham Kendall, Mart\u00edn J. Lillo Carpio, Santiago Enrique Conant-Pablos, Ben Paechter, Sanja Petrovic, Matthew R. Hyde, Barry McCollum]"}, "173": {"gemma": "[Sergio Martinoia, Kevin Warwick, Slawomir J. Nasuto, Thomas B. DeMarse, Daniel A. Wagenaar, Steve M. Potter]"}, "174": {"gemma": "[Katherine A. Yelick, Keith Seymour, Francisco Almeida, Abdou Guermouche, James Demmel, Victor Eijkhout, Erika Fuentes, Julien Langou, Ernie Chan]"}, "175": {"gemma": "[Arnulph Fuhrmann, Hugues Hoppe, Zoran Popovi\u0107, Haruo Takemura, Kwang-Jin Choi, Ronald Fedkiw, Xiaogang Jin, Matthias Teschner, Bernhard Thomaszewski]"}, "176": {"gemma": "[Sven Groppe, Ioannis Stavrakantonakis, Jinghua Groppe, Georg Gottlob, Carlo Zaniolo, Matthias Droop, Chrisa Tsinaraki]"}, "177": {"gemma": "[Maria Letizia Corradini, Gianluca Ippoliti, Khaled M. Ben-Gharbia, Giuseppe Orlando, Antonella Ferrara]"}, "178": {"gemma": "[G. Rudolf, W\u0142odzimierz Ogryczak, Nikolaos Chatzipanagiotis, Maria Elena Bruni, Nilay Noyan, William B. Haskell, Patrizia Beraldi, Wim van Ackooij, M. Grazia Speranza, Tito Homem-de-Mello, J. George Shanthikumar, Andrzej Ruszczynski, Martin Branda, Eli Wolfhagen, Miguel A. Lejeune, Laureano F. Escudero, Andr\u00e1s Pr\u00e9kopa]"}, "179": {"gemma": "[Sara Foresti, Graham Cormode, Cynthia Dwork, Ashwin Machanavajjhala, Josep Domingo-Ferrer]"}, "180": {"gemma": "[Nam Soo Kim, Sang-Ick Kang, Joon-Hyuk Chang, Hsin-Min Wang, Sanjit K. Mitra]"}, "181": {"gemma": "[Nihal Dindar, David Maier, Michael Grossniklaus, Florian Irmert, Alexander Rasin, Klaus Meyer-Wegener]"}, "182": {"gemma": "[Motoki Sano, Yuji Matsumoto, Kentaro Inui, Christopher D. Manning, Jun'ichi Kazama, Chikara Hashimoto, Keita Nabeshima]"}, "183": {"gemma": "[Maritta Heisel, Yves Le Traon, Riccardo Scandariato, Federica Paci, Wouter Joosen, John Mylopoulos, Geri Georg, Holger Schmidt, Kristian Beckers]"}, "184": {"gemma": "[Larry W. Swanson, Trygve B. Leergaard, Jan G. Bjaalie, Arthur W. Toga, Mihail Bota]"}, "185": {"gemma": "[Sewoong Oh, Michael R. Lyu, Harald Steck, Yong Liu]"}, "186": {"gemma": "[Sheng-Yang Zhao, Li Dong, Ya-Jun Gao, X. X. Yi, Zhou L, Yu-Bo Sheng]"}, "187": {"gemma": "[Ajay Kumar, Chun-Wei Tan, Noah Snavely, David Zhang, Shoichiro Aoyama, Marios Savvides, Daichi Kusanagi, Koichi Ito]"}, "188": {"gemma": "[Yuming Fang, Zhou Wang, Alan C. Bovik, Michele A. Saad, Christophe Charrier, Amit Phadikar]"}, "189": {"gemma": "[Brigitte M. Jolles, Arash Arami, Kamiar Aminian, Yutaka Hata, Catherine Dehollain, Shafqat Ali]"}, "190": {"gemma": "[Yuan-Shin Hwang, Jenq Kuen Lee, Chia-Han Lu, Chi-Bang Kuan, Kun-Yuan Hsieh, Yung-Chia Lin, Chung-Ju Wu, Ming-Yu Hung, Yi-Ping You]"}, "191": {"gemma": "[Lois Hanzo, Markus Rupp, Athanasios V. Vasilakos, Jeffrey G. Andrews, Ismail Guvenc]"}, "192": {"gemma": "[Jeremy J. Ramsden, Christopher L. Simons, Mark Harman, Ian C. Parmee]"}, "193": {"gemma": "[F. Di Giandomenico, Eduardo Cotilla-Sanchez, Paul Hines, Pooya Rezaei, Bertrand Nkei, A. B. Poole, Mahshid Rahnamay-Naeini, V. E. Lynch, Janghoon Kim, Jim Thorp, Silvano Chiaradonna, Lee A. Berry, Paul Gradney, Amanda Randles, J. M. Reynolds Barredo, Jie Chen, Rolf Krause, Jorge E. Pezoa, R. Sanchez, Naga S. Degala, Ian Dobson, Jun Yan, Hui Ren, Shu-Lin Wu, B.A. Carreras, David E. Newman, Jos\u00e9 Miguel Reynolds-Barredo]"}, "194": {"gemma": "[Hazhir Rahmandad, Uwe Aickelin, Charles M. Macal, Peer-Olaf Siebers]"}, "195": {"gemma": "[W. M. P. van der Aalst, Volker Gruhn, Minseok Song, Laura Maruster, Matthias Weidlich]"}, "196": {"gemma": "[Filippo Fuzzi, Jerzy Tyszer, Mohammad Tehranipoor, Mark Kassab, Hans-Joachim Wunderlich]"}, "197": {"gemma": "[Graham Neubig, Satoshi Nakamura, Tomoki Toda, Alex Kulesza, Emily Tucker Prud'hommeaux]"}, "198": {"gemma": "[Cenk Demiroglu, Zhiwei Shuang, Ariel Sagi, Daniel Erro, David Malah, Raimo Bakis, Alexander Sorin]"}, "199": {"gemma": "[Xavier Martorell, Wonyong Sung, Rosa M. Badia, Albert Cohen, P. Sadayappan, Eduard Ayguad\u00e9, Christos Kozyrakis]"}, "200": {"gemma": "[Alfonso Rodr\u00edguez-Pat\u00f3n, Atulya K. Nagar, Gheorghe Paun, Mario J. P\u00e9rez-Jim\u00e9nez]"}, "201": {"gemma": "[Abeer Alwan, Philip C. Woodland, Douglas A. Reynolds, Douglas D. O'Shaughnessy, Guoping Hu, Andreas Stolcke, Martin Graciarena, Horacio Franco, Alexandros Potamianos, Shinji Watanabe]"}, "202": {"gemma": "[Murali Annavaram, Jason Cong, Antonio Gonz\u00e1lez, David H. Albonesi, Vijay Janapa Reddi, Mateo Valero]"}, "203": {"gemma": "[Mika G\u00f6\u00f6s, Jukka Suomela, Fabian Kuhn, Shay Kutten, David Peleg, Amos Korman]"}, "204": {"gemma": "[Kazuo Tanie, Yonghwan Oh, Shuuji Kajita, Kenji Kaneko, Fumio Kanehiro, Jun Nakanishi]"}, "205": {"gemma": "[Rajkumar Buyya, O. Smirnova, Erik Elmroth, Luming Zhang, Ian T. Foster, Peter Thanisch, Alejandro A. Vaisman, Aleksandr Konstantinov, M. Ellert, Thomas Sandholm, Zoltan Farkas, Steven Tuecke, Frank K. H. A. Dehne, P\u00e9ter Kacsuk, Carl Kesselman, Frederik Orellana, Marko Niinim\u00e4ki, A. Waananen, Bernhard Thalheim, Alexandru Iosup, Vincenzo Ciaschini, Mathieu Jan, Balazs Konya, Alfredo Cuzzocrea, Michael Gr\u00f8nager, Laurence Field]"}, "206": {"gemma": "[Am\u00e9lie Cordier, Rokia Bendaoud, Amedeo Napoli, Yannick Toussaint, Alain Mille, Jean Lieber, Valmi Dufour-Lussier, Florence Le Ber, Laszlo Szathmary, Alexander Maedche]"}, "207": {"gemma": "[Yue Zhang, Hai Li, Kyungho Ryu, Seung-Han Woo, Taehui Na, Jung Pill Kim, Seung-Hyuk Kang]"}, "208": {"gemma": "[Trong-Trinh Dang, Kaushik Roy, Luca Gaetano Amar\u00f9, Nataliya Yakymets, Giovanni De Micheli, Pierre-Emmanuel Gaillardon, Davide Bertozzi, Xunzhao Yin]"}, "209": {"gemma": "[Hyoung Joong Kim, Ching-Nung Yang, Yen-Ping Chu, Nenghai Yu, Eli Saber, Chin-Chen Chang]"}, "210": {"gemma": "[Zhimin Huang, Jian Zhang, Ting Shi, Linkai Mou, Zhongjie Chen, Qi Wang, Guo-Qiang Chen, Yingyi Chen, Yixue Li, Shuai Li, Yaqin Liu, Liang Zhu, Xinyi Liu, Guanqiao Wang, Lv Geng, Yuefei Wang, Shaoyong Lu, Wenkang Huang, Tingjun Hou, Qiancheng Shen, Yanlong Zhao]"}, "211": {"gemma": "[Prasant Mohapatra, Ernst W. Biersack, Alexandros G. Dimakis, Kannan Ramchandran, Matei Zaharia]"}, "212": {"gemma": "[Maxime Descoteaux, Evren \u00d6zarslan, Carl-Fredrik Westin, Liqun Qi, Gloria Menegaz, Rachid Deriche, Mauro Zucchelli]"}, "213": {"gemma": "[Wenyu Jiang, Hyun-Ho Choi, Jose M. Jimenez, Nitin H. Vaidya, Yakim Y. Mihov, Mario E. Rivero-Angeles, Antonio Jose Estepa, Rafael Estepa, Juan M. Vozmediano, Fernando Boronat, Jaime Lloret, Kiril Kassev, Felipe A. Cruz-Perez, Jung-Ryun Lee]"}, "214": {"gemma": "[Zhi-Hua Zhou, Dong Wang, Furao Shen, Jinxi Zhao, Juan M. Corchado]"}, "215": {"gemma": "[Alicia De-Los-Santos, Gilbert Laporte, Juan A. Mesa, Francisco A. Ortega, \u00c1ngel Mar\u00edn]"}, "216": {"gemma": "[Yoshihiro Yamanishi, Dong-Sheng Cao, Qing-Song Xu, Ming Wen, Kuo-Chen Chou, Ning-Ning Wang]"}, "217": {"gemma": "[David Angeli, Frank Allg\u00f6wer, Peng Shi, James B. Rawlings, Matthias Albrecht M\u00fcller]"}, "218": {"gemma": "[Trishul M. Chilimbi, Jacob Brock, Matthew Arnold, Xipeng Shen, Yutao Zhong]"}, "219": {"gemma": "[Eduardo Santana de Almeida, Alexandre Alvaro, Roberto H. Higa, Fernando Koch, Vinicius Cardoso Garcia, Kyo Kang, Silvio Romero de Lemos Meira, E.S. de Almeida, Daniel Lucr\u00e9dio, Hironobu Takagi, Adauto L. Mancini, Jorge Cl\u00e1udio Cordeiro Pires Mascena, Eduardo Cruz Reis Santos, Renata Pontin de Mattos Fortes, William B. Frakes, Nader Nada, S.R. de Lemos Meira]"}, "220": {"gemma": "[Tieniu Tan, George Bebis, Ronald Miller, Mohan M. Trivedi, Zehang Sun]"}, "221": {"gemma": "[Philippe Cudr\u00e9-Mauroux, Magdalena Balazinska, Haixun Wang, Kian-Lee Tan, Michael Stonebraker, Alexander Rasin]"}, "222": {"gemma": "[Madjid Tavana, Iraj Mahdavi, Reza Tavakkoli-Moghaddam, Mohammad Mahdi Paydar]"}, "223": {"gemma": "[Xiang Zhang, C. Yang, Jason H. Moore, Junliang Shang, Fei Zou, Qiang Yang, Michel Fliess, Guixia Liu, Jorge Gonz\u00e1lez-Dom\u00ednguez, Bertil Schmidt, Lingtao Su, Weichuan Yu, Daniel K. Molzahn, Lars Wienbrandt, Wei Wang, Junying Zhang]"}, "224": {"gemma": "[Maurizio Naldi, Ewa Deelman, Ian T. Foster, Kary A. C. S. Oca\u00f1a, Edward Walker, Eduardo S. Ogasawara, Loretta Mastroeni, Jik-Soo Kim, Ioan Raicu, Marta Mattoso, M. Wilde, Daniel de Oliveira 0001, Laxmikant V. Kal\u00e9, Daniel S. Katz]"}, "225": {"gemma": "[Rajdeep Mukherjee, Mireille R\u00e9gnier, Lemin Li, Miguel A. Vega-Rodr\u00edguez, Pallab Dasgupta, Biswanath Mukherjee, Fatos Xhafa, Keyao Zhu, Hyunseung Choo, Chunming Qiao, Wang Yao, Hui Zang, Min Young Chung, Tanmay De, Esmat Rashedi, Ian F. Akyildiz, Yeo-Ran Yoon, Ajit Pal, Byrav Ramamurthy, Georgios Ellinas, \u00c1lvaro Rubio-Largo]"}, "226": {"gemma": "[Alissa Nicole Antle, J\u00f6rn Hurtienne, Hiroshi Ishii, Robert J. K. Jacob, Simon Holland]"}, "227": {"gemma": "[Viviane Cadenat, Domenico Prattichizzo, Giuseppe Oriolo, Gaurav S. Sukhatme, Fran\u00e7ois Chaumette, Youcef Mezouar, Kostas J. Kyriakopoulos, Nicolas Mansard, Seth Hutchinson, Carlos Silvestre]"}, "228": {"gemma": "[Tomoya Enokido, Miralda Cuka, Evjola Spaho, Keita Matsuo, Makoto Ikeda, Leonard Barolli, Fatos Xhafa, Marco Conti, Fan Bai, Miguel A. Vega-Rodr\u00edguez, Jason Liu, Joan Arnedo-Moreno, Tetsuya Oda, Shinji Sakamoto]"}, "229": {"gemma": "[Reinhard Schneider, Wolfgang Mueller, J\u00fcrgen Teich, Hiroyuki Tomiyama, Traian Pop, Kay Klobedanz]"}, "230": {"gemma": "[Yukio Horiguchi, Cristina Urdiales, F. Sandoval, Sarangi P. Parikh, Ulises Cort\u00e9s, Sebastian Thrun, Antonio Bandera, Jacqueline Dunbar-Jacob, Jun Okamoto, Ramon L\u00f3pez de M\u00e1ntaras, Isabel Sanchez-Tato, Hanspeter A. Mallot]"}, "231": {"gemma": "[Matthijs T. J. Spaan, Sebastian Thrun, David Hsu, An\u00edbal Ollero, Alberto Sanfeliu, Jes\u00fas Capit\u00e1n, Gaurav S. Sukhatme]"}, "232": {"gemma": "[Jiangchuan Liu, Zhu Han, Dina Katabi, Satoshi Ohzahata, Celimuge Wu, Xiaoxia Huang, Jianwei Huang, K.J.R. Liu, Matti Latva-aho]"}, "233": {"gemma": "[Duan-Shin Lee, Michela Meo, Andrea Bianco, Dario Rossi, Leandros Tassiulas]"}, "234": {"gemma": "[Allen B. MacKenzie, Petri Mahonen, Piet Demeester, Ingrid Moerman, George Mastorakis, Athina Bourdena]"}, "235": {"gemma": "[Babak Salamat, Michael F. P. O'Boyle, Eric Larson, Peter Gavin, Stephen Hines, Gary S. Tyson, David B. Whalley]"}, "236": {"gemma": "[Amit K. Agrawal, Hai Huang, Mahalingam Ramkumar, Santi P. Maity, Gerd Bruder, Brian Chen, Onur Yilmaz, Marco Avellaneda, Deborah Estrin, Xiaojun Jing, Hongbin Li, Mustafa U. Torun, Ahmad-Reza Sadeghi, Radha Poluri, Guihong Li, Vijaykrishnan Narayanan, Xiaodong Cai, Gregory W. Wornell, Yuewen Wang, Jeffrey F. Cohn, Ali N. Akansu]"}, "237": {"gemma": "[S. C. Kaushik, Lizhu Zhang, Jiawei Han, Xing Xie, Yu Zheng]"}, "238": {"gemma": "[Rajkumar Buyya, Jon B. Weissman, Olivier Beaumont, Jian Chen, Debasish Ghose, Seonho Kim, Srikumar Venugopal, Enrico Zio, Monir Abdullah]"}, "239": {"gemma": "[Claudio Fabiano Motta Toledo, Bernardo Almada-Lobo, Alistair R. Clark, Tao Wu, Pablo Moscato, Reinaldo Morabito, M\u00e1rcio da Silva Arantes]"}, "240": {"gemma": "[\u00d6zlem Uzuner, Guergana Savova, Wendy W. Chapman, Joshua C. Denny, Bradley Malin]"}, "241": {"gemma": "[Jaume Pujol, Victor A. Zinoviev, Josep Rif\u00e0, Cheryl E. Praeger, Michael Giudici]"}, "242": {"gemma": "[Norman Poh, Jonathan H. Connell, Karthik Nandakumar, Bir Bhanu, Berkay Topcu, Nalini K. Ratha, Andreas Uhl, Davrondzhon Gafurov, Meng-Hui Lim, Anil K. Jain, Yali Zang, Abhishek Nagar, Sharath Pankanti, Ruud M. Bolle, Bernadette Dorizzi]"}, "243": {"gemma": "[Guoyin Li, Cornelis Roos, Guoqiang Wang, Tam\u00e1s Terlaky, Behrouz Kheirfam, Farid Alizadeh, Ximei Yang, Changhe Liu, Hongwei Liu]"}, "244": {"gemma": "[Jie Tang, Jiawei Han, Christos Faloutsos, Raymond J. Mooney, Andrew McCallum, Jing Jiang, Wei Wang]"}, "245": {"gemma": "[Cheng-Liang Dai, Ching-Liang Dai, Ming-Zhi Yang, Po-Wei Lu, Chi-Yuan Lee]"}, "246": {"gemma": "[Georgios B. Giannakis, Babak Hassibi, Alexander M. Haimovich, Rick S. Blum, Vincent Kin Nang Lau]"}, "247": {"gemma": "[Yingcai Wu, Lionel M. Ni, Thomas Ertl, Kwan-Liu Ma, Wei Chen, Yu Zheng, Jian Zhao, Chi-Wing Fu, Christian Tominski, Natalia V. Andrienko, Huamin Qu, Daniel A. Keim]"}, "248": {"gemma": "[Tom Heath, Tim Berners-Lee, Christian Bizer, Xin Wang, Eduardo Mena, Silvio Peroni, John P. McCrae, Hasti Ziaimatin, Besnik Fetahu]"}, "249": {"gemma": "[Tieniu Tan, Hermann Ney, Geoffrey E. Hinton, Alex Krizhevsky, Ruslan Salakhutdinov, Nitish Srivastava]"}, "250": {"gemma": "[Andr\u00e9 Schiper, Filipe Araujo, Gregory V. Chockler, Naghmeh Ivaki, Paolo Romano]"}, "251": {"gemma": "[Daniel Rueckert, Timothy F. Cootes, Christos Davatzikos, Dorin Comaniciu, Joseph V. Hajnal, Carlos Eduardo Thomaz, Duncan Fyfe Gillies]"}, "252": {"gemma": "[Luigi Villani, Martin Rajchl, Natasha Gelfand, Francesco Bonarrigo, Jing Yuan, Shankar Krishnan, Leonidas J. Guibas, Michael M. Kazhdan, Jijie Xu, Guanfeng Liu, John Keyser, Terry M. Peters, Szymon Rusinkiewicz, Anis Sahbani, Emilie Chouzenoux, Daniel Cohen-Or, Gerard M. Guiraudon, Marc Levoy, Hui Xiong, John B. Moore, Bruno Siciliano, Nassir Navab, David G. Gobbi, Alberto Signoroni, Fausto Bernardini, Zexiang Li]"}, "253": {"gemma": "[Yehuda Koren, Xin Li, Tat-Seng Chua, Meng Wang, Irwin King]"}, "254": {"gemma": "[Alissa Nicole Antle, Eva Hornecker, Robert J. K. Jacob, Jacob Buur, Sergi Jord\u00e0, Yvonne Rogers]"}, "255": {"gemma": "[Chenyang Yang, Emil Bj\u00f6rnson, Merouane Debbah, Per Skillermark, Luca Sanguinetti, Zhikun Xu, Hong Yang, Harry H. Cheng, Fredrik Tufvesson, Thomas L. Marzetta, Dario Sabella, Stephan ten Brink, Wenjia Liu, Erik G. Larsson, Jakob Hoydis, Gunther Auer, Bo Chen, Vito Giannini, Stefano Buzzi]"}, "256": {"gemma": "[Lihe Zhang, Huchuan Lu, Weihai Chen, Lei Zhang, Jingdong Wang, Ming-Hsuan Yang]"}, "257": {"gemma": "[Peng Cheng, Ali Amiri, Ioannis Pitas, Jian Yang, Syam Menon, Chun-Wei Lin]"}, "258": {"gemma": "[Jose Rodriguez, J.D. Birdwell, Qingyang Meng, Jianzhong Qiao, Shukuan Lin, Majeed M. Hayat, John Chiasson, K. Gopakumar, Chaouki T. Abdallah, Nikos Mamoulis, Leon M. Tolbert, Luminita A. Vese, Steffen Bernet, Srivatsan Laxman, Ke Yi, Samir Kouro]"}, "259": {"gemma": "[Josef van Genabith, Philipp Koehn, Franz Josef Och, ChengXiang Zhai, Declan Groves, Chris Callison-Burch, Andy Way, Sandipan Dandapat, Tomas Mikolov, David Chiang, Yanjun Ma, Christof Monz, Nitin Madnani, Matteo Negri, Pavel Pecina, Chris Brockett, Jason S. Chang, Jianfeng Gao, Qun Liu]"}, "260": {"gemma": "[Levent Burak Kara, Randall Davis, Tevfik Metin Sezgin, Gennaro Costagliola]"}, "261": {"gemma": "[Carlos Guestrin, Ronen I. Brafman, Didier Dubois, Francesca Rossi, Steven David Prestwich, Subbarao Kambhampati, Holger H. Hoos, Keith Purrington]"}, "262": {"gemma": "[Terry Rout, Rory V. O'Connor, Antonia Mas, Francisco J. Pino, Sue Conger, Marion Lepmets, Eric Ras, Mahmood Niazi]"}, "263": {"gemma": "[Hai Fang, Finn Drabl\u00f8s, Hideya Kawaji, Alistair R. R. Forrest]"}, "264": {"gemma": "[Ying-Qian Zhang, Jiantao Zhou, Xiaofeng Liao, Terence Tao, Chengqing Li, Leo Yu Zhang, Junwei Zhou, Xinpeng Zhang, Yushu Zhang]"}, "265": {"gemma": "[Arogyaswami Paulraj, Shi Jin, Michael L. Honig, Steven H. Simon, Chengshan Xiao]"}, "266": {"gemma": "[Jan To\u017ei\u010dka, Michal P\u011bchou\u010dek, Kuai Xu, Cristian Estan, Tao Ye, Martin Rehak, Michal Pechoucek, Jan Stiborek, Martin Grill, Vojt\u011bch Krm\u00ed\u010dek, Jaroslav Barta, George Varghese, Nicholas R. Jennings, Mozhgan Tavakolifard, Supratik Bhattacharyya, Milos Gregor, Volker Fusenig, Thomas Engel, Jeffrey M. Bradshaw, Andrzej Uszok, Pavel \u010celeda, Vojtech Krmicek, Vladim\u00edr Ma\u0159\u00edk, Nina Taft, Sarvapali D. Ramchurn, Mark Crovella, Roberto Perdisci, Jianning Mai, Anukool Lakhina]"}, "267": {"gemma": "[Per Ahlgren, Ronald Rousseau, Ying Ding, Vincent Larivi\u00e8re, Houqiang Yu, Andreas Strotmann, Nees Jan van Eck]"}, "268": {"gemma": "[Paul A. Beardsley, Tessa A. Lau, Xiang Cao, Rhema Linder, Scott R. Klemmer]"}, "269": {"gemma": "[Chao Yang, Wayne Luk, Guangwen Yang, Lin Gan, Wei Xue, Haohuan Fu, Paulius Micikevicius]"}, "270": {"gemma": "[Joseph B. Walther, David Westerman, Stephanie Tom Tong, Nicole B. Ellison, Kenneth A. Lachlan]"}, "271": {"gemma": "[P. Blenkhorn, Shari Trewin, Giorgio Brajnik, David Sloan, Julio Abascal, Helen Petrie, Simeon Keates, Lawrie Phipps, Jacob O. Wobbrock, Ra\u00fal Mi\u00f1\u00f3n, Myriam Arrue]"}, "272": {"gemma": "[Rui M. Jesus, Allan Kuchinsky, Fang Qi, Dan Boneh, Vyas Sekar]"}, "273": {"gemma": "[Alexander Soloviev, Chris Maingot, William Perrie, Jochen Horstmann, Thomas K\u00f6nig, Susanne Lehner]"}, "274": {"gemma": "[Jason Mars, Abel Gordon, Jiuxing Liu, Stephen L. Scott, Dhabaleswar K. Panda, Wei Huang]"}, "275": {"gemma": "[Bruno Petrato Bruck, G\u00fcnther R. Raidl, Petrina Papazek, Fr\u00e9d\u00e9ric Meunier, Bin Hu, Christian Kloim\u00fcllner]"}, "276": {"gemma": "[Bobin Deng, Kunle Olukotun, Ming Cong, Yaobin Wang, Christos Kozyrakis, David A. Wood]"}, "277": {"gemma": "[Radim Blaheta, Maya Neytcheva, Owe Axelsson, Roman Kohut, Ond\u0159ej Jakl, J. Star\u00fd]"}, "278": {"gemma": "[Yongpan Liu, Huazhong Yang, Vijaykrishnan Narayanan, Yiran Chen, Jiwu Shu, Shinya Honda, Hiroyuki Tomiyama]"}, "279": {"gemma": "[Chengcui Zhang, Zhong Su, Cordelia Schmid, Yu-Gang Jiang, Alexander G. Hauptmann, Mei-Ling Shyu, Chih-Chung Chang, Na Zhao, Shu-Ching Chen]"}, "280": {"gemma": "[Ranjit Jhala, Matthew B. Dwyer, Martin Leucker, Alessandro Fantechi, Bertram Lud\u00e4scher, Karl Meinke, Stefan Naujokat, Daniel Meyer, Bertold Kujath, Carole Goble, Patrick Heymans, Pierre-Yves Schobbens, Marta Majewska, Georg Jung, Leonardo Mariani, Le Song, Christian Kubczak]"}, "281": {"gemma": "[Laura Villafuerte, Lucas J\u00f3dar, J. C. Cort\u00e9s, Benito M. Chen-Charpentier, Magdy A. El-Tawil, Abraham J. Arenas]"}, "282": {"gemma": "[Marina Lipshteyn, Ton Kloks, Martin Charles Golumbic, Van Bang Le, Dimitri M. Thilikos]"}, "283": {"gemma": "[Quang Do, Ben Martini, Jiankun Hu, Yuval Elovici, Xuxian Jiang, Ali Dehghantanha, Christian D'Orazio, Abdullah Azfar, Kim-Kwang Raymond Choo]"}, "284": {"gemma": "[Yu Yang, Ganesh Gopalakrishnan, Cormac Flanagan, Madanlal Musuvathi, Rajeev Alur, Koushik Sen]"}, "285": {"gemma": "[Kazunori Umeda, Fabio Marton, Francois Blais, Guy Godin, Roberto Scopigno]"}, "286": {"gemma": "[Frank Keller, Edward W. D. Whittaker, Koichiro Morihiro, Kiyotaka Uchimoto, Fumito Masui, Chris Brockett, Hitoshi Isahara, Toyomi Saiga, Atsuo Kawai]"}, "287": {"gemma": "[Emitza Guzman, Vaclav Rajlich, Gabriele Bavota, Andrea De Lucia, Rocco Oliveto, Fabio Palomba, Denys Poshyvanyk, Oscar Nierstrasz, Mario Linares-V\u00e1squez]"}, "288": {"gemma": "[Rajkumar Buyya, Wilhelm Hasselbring, Alexander Krause, Claire Knight, Florian Fittkau]"}, "289": {"gemma": "[Giuseppe De Giacomo, Anastasios Kementsietsidis, Jeff Heflin, Nicholas Gibbins, Guy Pierra, Rita Cucchiara, Ladjel Bellatreche, Dominique M\u00e9ry, Arjohn Kampman, Chim\u00e8ne Fankam, Philip A. Bernstein, Yamine Ait-Ameur, Domenico Lembo, Chun-Hee Lee, St\u00e9phane Jean, Selma Khouri, Sherif Sakr, Li Ma, Chedlia Chakroun, Diego Calvanese]"}, "290": {"gemma": "[Cong Xu, Yiran Chen, Hai Li, Wujie Wen, Mengjie Mao, Yaojun Zhang]"}, "291": {"gemma": "[Andreas F. Molisch, Sundeep Rangan, Theodore S. Rappaport, Mathew K. Samimi, George R. MacCartney]"}, "292": {"gemma": "[Yuping Wang, Thomas E. Carroll, Bharadwaj Veeravalli, Hyoung Joong Kim, Mohamed Othman, Jingxi Jia, Celso C. Ribeiro, Loris Marchal]"}, "293": {"gemma": "[Daniel Roehr, Till Riedel, Ichiro Satoh, Michael Beigl, Christian Decker]"}, "294": {"gemma": "[Tony F. Chan, Antonio Torralba, Luc J. Van Gool, Shingyu Leung, Daniel Cremers]"}, "295": {"gemma": "[Daniel Teichmann, J Foussier, R Reinder Haakma, X Xi Long, P Pedro Fonseca, Alexander Tataraidze, Lesya Anishchenko, J J\u00e9r\u00f4me Rolink, Lyudmila Korostovtseva, Mikhail N. Bochkarev, Yurii Sviryaev]"}, "296": {"gemma": "[Chien Chern Cheah, Elena Katok, Juanjuan Zhang, Steven H. Collins, Tony Haitao Cui]"}, "297": {"gemma": "[Xiaowei Yang, Jelena Mirkovic, C. Seshadhri, David R. Choffnes, Ben Y. Zhao, David J. Moore, Ali Pinar]"}, "298": {"gemma": "[Bernard P. Zeigler, Agostino Forestiero, Charles M. Macal, Libero Nigro, Francesco Pupo, Bernd-Holger Schlingloff, Enrico Vicario, Witold Pedrycz, Marco Dorigo, Yushun Fan, Wil M. P. van der Aalst, Georgios K. Theodoropoulos, Michael Lees, Franco Cicirelli, Paolo F. Sciammarella, Angelo Furfaro, Andrea Giordano, Michael J. North, Gul Agha, Giancarlo Fortino, Kim Guldstrand Larsen, Rob Minson, Xiaolin Hu]"}, "299": {"gemma": "[Olutayo O. Oyerinde, Stanley H. Mneney, Lihai Liu, Lajos Hanzo, Qinghua Guo]"}, "300": {"gemma": "[Gonzalo Navarro, Edgar Ch\u00e1vez, Rui Mao, Geoffrey E. Hinton, Antonio Camarena Ibarrola, Vaclav Snasel, Nivio Ziviani, Jose L. Marroquin, St\u00e9phane Marchand-Maillet, Pavel Zezula, Jos\u00e9 Ignacio G\u00f3mez, Takao Murakami, Diego Cazorla, Pedro Valero-Lara, Aaron Zollinger, Jaroslav Opatrny, Ver\u00f3nica Ludue\u00f1a, David Novak, Hanan Samet, Remo Suppi, Szymon Grabowski, Kimmo Fredriksson]"}, "301": {"gemma": "[Hongyan Wu, Yoshihiro Okuda, Chisato Yamasaki, Toshihisa Takagi, Henning Hermjakob, Atsuko Yamaguchi, T. Fujisawa, Yasukazu Nakamura, Masaru Tomita, Yasumasa Shigemoto, Tomasz Adamusiak, Ikuo Uchiyama, Guy Cochrane, Rolf Apweiler, Ewan Birney, Toshiaki Katayama, Naohisa Goto, Shin Kawano]"}, "302": {"gemma": "[Yu-ichi Hayashi, Noriyuki Miura, Makoto Nagata, David Naccache, Amine Dehbaoui, Shivam Bhasin]"}, "303": {"gemma": "[Maurizio Lenzerini, Stijn Heymans, Peter Rossmanith, Yan-Yan Zhang, Pawe\u0142 Parys, Ian Horrocks, Jon M. Kleinberg, Bruno Courcelle, Roman Kontchakov, Jun Shen, Francesco Scarcello, Phokion G. Kolaitis, D\u00e1niel Marx, Zhe Wang, Krzysztof Czarnecki, Peter Haase, Georg Gottlob, Nicola Leone, Giovanni Grasso, Sven Koenig, Stefan Szeider, Cristian Molinaro, Thomas Bolander, S\u00f6ren Auer, Thomas Eiter, Franz Baader]"}, "304": {"gemma": "[Ryen W. White, Marianne Lykke Nielsen, Ian Horrocks, David Maier, Peter Brusilovsky]"}, "305": {"gemma": "[Jos\u00e9 Duato, Kyungmin Lee, Dongman Lee, Mark Claypool, Dieter Schmalstieg, Maha Abdallah, Wei Shao, Marcos Fern\u00e1ndez, Steven Feiner, Pedro Morillo]"}, "306": {"gemma": "[Kalyanmoy Deb, Xinyu Li, Liang Gao, Ling Wang, Mitsuo Gen]"}, "307": {"gemma": "[Alexandros G. Dimakis, Depeng Jin, Lieguang Zeng, Yong Li, Vasco N. G. J. Soares, Stefan Savage, XueFeng Xiao, Pan Hui]"}, "308": {"gemma": "[Luciano Volcan Agostini, Thomas Wiegand, Heiko Schwarz, Gary J. Sullivan, Haricharan Lakshman]"}, "309": {"gemma": "[George K. I. Mann, Raymond G. Gosine, Paul Newman, J. Moravec, Andrea Carbone, Rodger D. MacArthur, Se-Young Oh, Andrew Howard, Jeong-Gwan Kang]"}, "310": {"gemma": "[Peter Beyerlein, Heike Ruppertshofen, Hauke Schramm, Changyang Li, Cristian Lorenz, Bram van Ginneken, Yong Yin, Jurij F\u00fcrst]"}, "311": {"gemma": "[Kai Liu, Shojiro Nishio, John A. Stankovic, Deborah Estrin, David Wagner, May Wong]"}, "312": {"gemma": "[Jose Rodriguez, Mohamed Tawfik, Kouhei Ohnishi, Eric Monmasson, Elio Sancristobal]"}, "313": {"gemma": "[Vladimir-Ioan Cretu, Georgiana Macariu, Giorgio C. Buttazzo, Daniel Moss\u00e9, Ian T. Foster, Rami G. Melhem, James H. Anderson, Cristina S. Stangaciu, Mihai V. Micea, Wolfgang Schreiner, Tarek F. Abdelzaher, Hakan Aydin, Dan Chiciudean, Razvan Cioarga, Lorenz Froihofer, Karl M. Goeschka, Giuseppe Lipari, Voicu Groza]"}, "314": {"gemma": "[Sivan Toledo, Tong Zhang, Guiqiang Dong, Eran Gal, Hai Li, Mengying Zhao]"}, "315": {"gemma": "[Yonina C. Eldar, Alan C. Bovik, Vladimir Katkovnik, Yi Ma, Michael Elad]"}, "316": {"gemma": "[Zidong Wang, Wenwu Yu, Huijun Gao, Yurong Liu]"}, "317": {"gemma": "[Johan van Benthem, Reina Uba, Szymon Bobek, Grzegorz J. Nalepa, Frank Leymann, Maroua Bouzid, Jan Mendling, Antoni Lig\u0119za, Krzysztof Kluza]"}, "318": {"gemma": "[Markus Bachmann, Zhen Dong, Josef Mittermayer, Hauke Fiedler, Wei Yang, Pau Prats-Iraola, Benjamin Br\u00e4utigam, Francesco De Zan, Manfred Zink, Rolf Scheiber, Andreas Reigber]"}, "319": {"gemma": "[Joana Dias, Achim J. Lilienthal, Pedro N\u00fa\u00f1ez, Wolfram Burgard, David G. Lowe, Martin Magnusson, Pablo N\u00fa\u00f1ez, Mario Fernando Montenegro Campos]"}, "320": {"gemma": "[David Gefen, Viswanath Venkatesh, Richard T. Watson, Dale L. Goodhue, Norman A. Johnson, Marijn Janssen, William Lewis, Mary Tate, Arun Rai]"}, "321": {"gemma": "[Jiawei Han, Scott Shenker, Hui Zhang, Yang Liu, Viktor K. Prasanna, David R. Karger, Richard M. Karp, Nick McKeown, George Varghese]"}, "322": {"gemma": "[Enzo Pasquale Scilingo, Claudio Gentili, R. Barbieri, Danilo De Rossi, Antonio Lanat\u00ed, K. Paul Joseph, Gaetano Valenza, Antonio Lanata, Matteo Bianchi, U. Rajendra Acharya, Antonio Bicchi, Luca Citi, Jasjit S. Suri, Alberto Greco, Rita Paradiso, Mohammad Soleymani, Elisabeth Andr\u00e9, Mimma Nardelli]"}, "323": {"gemma": "[Amanda Harris, Mohammed Basheri, Jochen Rick, Fabio Pianesi, Emma Mercier, Paul Marshall, Massimo Zancanaro, Meredith Ringel Morris, Rowanne Fleck, Christina Vasiliou, Terry Winograd, Yvonne Rogers, Andri Ioannou]"}, "324": {"gemma": "[Yan Chen, Eitan Altman, Bhaskar Krishnamachari, Hongseok Kim, Jens Zander, Martin Heusse, Andrzej Duda, Fred Richter, Geoffrey Ye Li, Farah Moety, Yiqun Wu, Johanne Cohen, Albrecht J. Fehske, Muhammad Usman, Samer Lahoud, Marc Ibrahim, Kinda Khawam, Sibel Tombaz]"}, "325": {"gemma": "[Pawan Lingras, Vincent S. Tseng, Ken Konkel, Chien-Hsing Chou, Cory J. Butz]"}, "326": {"gemma": "[Mark H. Ellisman, Jos\u00e9-Jes\u00fas Fern\u00e1ndez, Inmaculada Garc\u00eda, Steven T. Peltier, Mona Wong, Jos\u00e9 Mar\u00eda Carazo, Pilar Mart\u00ednez Ortigosa]"}, "327": {"gemma": "[Jiawei Han, Chen Luo, Richard Socher, Ivan Beschastnikh, Carlo Ghezzi, Xing Xie, David Lo, Philip S. Yu, Janyce Wiebe, Tomas Mikolov, Mingxuan Yuan, Neil Walkinshaw, Qiang Yang, Falk Howar, Christopher D. Manning, Mauro Pezz\u00e8, Jia Zeng, Ping Li, Claire Cardie, Michael D. Ernst, Krishna V. Palem, Qiang Fu, Leonardo Mariani, Yizhou Sun, Yu Zheng, Chuan Shi, Anshumali Shrivastava]"}, "328": {"gemma": "[Giovanni Pacifici, Michael Anthony Bauer, M\u00e1rk Jelasity, Guillaume Doyen, Dominique Gaiti, Filip De Turck, Bart Dhoedt, Mois\u00e9s Rodrigues, Djamel Sadok, Jordi Torres, Marcelo Anderson Santos, Patricia Takako Endo, Alin Dobra, Ozalp Babaoglu, Hendrik Moens, David Breitgand, Glauco Estacio Gon\u00e7alves, Judith Kelner, Chunqiang Tang, Daniela Gavidia, Lisandro Zambenedetti Granville, Fetahi Wuhib, Brendan Jennings, Kenneth P. Birman, Maarten van Steen, Christopher Ward, Spyros Voulgaris, Koon-Seng Lim]"}, "329": {"gemma": "[Diego S\u00e1nchez-Moreno, Yolanda Blanco-Fern\u00e1ndez, Manuel Ramos-Cabrer, Mar\u00eda N. Moreno, Jos\u00e9 J. Pazos-Arias, Vivian F. L\u00f3pez, Badrul M. Sarwar, Jae Kyeong Kim]"}, "330": {"gemma": "[Zhenyu Chen, Zhihong Zhao, Gregg Rothermel, Ruizhi Gao, Mary Jean Harrold, Chunrong Fang, James A. Jones, W.E. Wong, Baowen Xu, Rui Abreu, Arjan J. C. van Gemund, T. H. Tse, Jonathan I. Maletic, David Leon, Robert M. Hierons, W. Eric Wong, Fei-Ching Kuo, Y. F. Wang, Alex Aiken, Vidroha Debroy]"}, "331": {"gemma": "[Hanghang Tong, M. E. J. Newman, Tao Li, Walter Willinger, Xiaohua Hu]"}, "332": {"gemma": "[Rajkumar Buyya, Samee Ullah Khan, Ian T. Foster, Anton Beloglazov, Huiqun Yu, Guisheng Fan, Karan Vahi, Alberto N\u00fa\u00f1ez]"}, "333": {"gemma": "[Francisco J. Gutierrez, Sergio F. Ochoa, Jos\u00e9 A. Pino, Jes\u00fas Favela, H. Andr\u00e9s Neyem]"}, "334": {"gemma": "[Eduardo Cabal-Yepez, Rene de Jesus Romero-Troncoso, Jose A. Antonino-Daviu, M. Pineda-Sanchez, Ruben Puche-Panadero, Vicente Climente-Alarcon]"}, "335": {"gemma": "[Jens Zander, Gerhard Wunder, Aurelian Bria, Jae-Hoon Kim, Stanley P. Y. Fung]"}, "336": {"gemma": "[Xian Ke, Roy A. Maxion, Charles C. Tappert, John V. Monaco]"}, "337": {"gemma": "[T. Fujisawa, Toshiaki Katayama, Hidemasa Bono, Nobuhisa Ueda, Daiji Fukagawa, Kai Lenz, Hirokazu Chiba, Susumu Goto, Atsuhiro Takasu, Nicolas Le Nov\u00e8re, Yasunori Yamamoto, Atsuko Yamaguchi]"}, "338": {"gemma": "[Xiaolei Liu, YangQuan Chen, Hyo-Sung Ahn, Kevin L. Moore, Bruce A. Francis]"}, "339": {"gemma": "[Daniel Rueckert, Fran\u00e7ois Rousseau, Arthur W. Toga, Jean-Fran\u00e7ois Mangin, Kiho Im]"}, "340": {"gemma": "[Thomas A. Henzinger, Heinz W. Schmidt, Jan Olaf Blech, Alberto L. Sangiovanni-Vincentelli]"}, "341": {"gemma": "[Samuel Madden, Dan Suciu, Mirella M. Moro, Vanessa Braganholo, Carlos A. Heuser, Marco Mesiti, Floris Geerts]"}, "342": {"gemma": "[Soung Chang Liew, Ling Fu Xie, Mostafa H. Ammar, Jie Wu, Ellen W. Zegura, Xiaoyan Hong]"}, "343": {"gemma": "[Wallace Alves Martins, Constantin Paleologu, Steven L. Gay, Jacob Benesty, Yuan-Pei Lin, Markus V. S. Lima]"}, "344": {"gemma": "[Richard Berntsson Svensson, Jari Partanen, Kimmo Turula, Ayb\u00fcke Aurum, Kiyoshi Honda, Jan Bosch, Jouni Markkula, Gerry Gerard Claps, Teemu Karvonen, Tanja Sauvola, Robert Feldt, Bernhard Rumpe, Victor R. Basili, J\u00fcrgen M\u00fcnch, Tony Gorschek, Brian Fitzgerald, Slinger Jansen, Robert L. Nord, Helena Holmstr\u00f6m Olsson, Mikael Lindvall, Paris Avgeriou, Lucy Ellen Lwakatare, Erran Carmel, Markku Oivo, Fredrik Karlsson, Pasi Kuvaja, Pilar Rodr\u00edguez, Muhammad Ovais Ahmad]"}, "345": {"gemma": "[Stijn-Pieter A. van Houten, Alexander Verbraeck, Gert-Jan de Vreede, Robert O. Briggs, Marijn Janssen]"}, "346": {"gemma": "[Christophe Clavier, Ezzat A. Dabbish, Dan Boneh, Michael L. Scott, Jean-Jacques Quisquater, Katsuyuki Okeya, Ben Lynn, Thanh-Ha Le, Dongho Won, Francis Olivier, Jessy Cl\u00e9di\u00e8re, Christine Serviere, Jean-Louis Lacoume, Eric Brier, Robert H. Sloan, Tsuyoshi Takagi, Dong-Guk Han, Paulo S. L. M. Barreto, Hae Yong Kim]"}, "347": {"gemma": "[Ching-Jung Ting, Gilbert Laporte, Kap Hwan Kim, Eduardo Lalla-Ruiz, Vincent F. Yu, Shih-Wei Lin]"}, "348": {"gemma": "[R.D. De Roo, Mustafa Aksoy, Li Li, Jeffrey R. Piepmeier, Claire Gruhier]"}, "349": {"gemma": "[Tao Pham Dinh, Marcelo C. Couto, Davi C. Tozoni, Pedro Jussieu de Rezende, Stephan Eidenbenz, Andrea Giuseppe Bottino, Aldo Laurentini, Ant\u00f3nio Leslie Bajuelos, Ana Paula Tom\u00e1s]"}, "350": {"gemma": "[Jiawei Han, Sunil Samtani, Mark Handley, Martin Becke, P. Sadayappan, Janardhan R. Iyengar, Thomas Dreibholz, Erwin P. Rathgeb, Michael T\u00fcxen]"}, "351": {"gemma": "[Swarat Chaudhuri, Philippe Suter, Martin C. Rinard, Sanjit A. Seshia, Eran Yahav, Mika\u00ebl Mayer, Sumit Gulwani, Viktor Kuncak, Roderick Bloem, Etienne Kneuss, Liviu Tancau, Rastislav Bodik, Ruzica Piskac, Ivan Kuraj, Rishabh Singh, Armando Solar-Lezama, Vijay A. Saraswat]"}, "352": {"gemma": "[Szymon Rusinkiewicz, Francois Blais, Paolo Cignoni, J.-Angelo Beraldin, Rub\u00e9n Usamentiaga, Roberto Scopigno, Guy Godin, Wataru Sato, Marc Levoy, Michel Picard]"}, "353": {"gemma": "[Arogyaswami Paulraj, Changick Song, Donatella Darsena, Elza Erkip, Francesco Verde]"}, "354": {"gemma": "[Elizabeth Foss, Hilary Browne Hutchinson, Tatiana Gossen, Andreas N\u00fcrnberger, Djoerd Hiemstra, Frans van der Sluis, Andrew Large, Jamshid Beheshti, Julia Hempel]"}, "355": {"gemma": "[Adam Jatowt, Michael L. Nelson, Masatoshi Yoshikawa, Junghoo Cho, Katsumi Tanaka, David M. Blei]"}, "356": {"gemma": "[Sarah Beecham, Robert Feldt, John Noll, Robert McCartney, Mark Guzdial, Matti Tedre, Brad Richards, Airina Savickaite, Gary M. Olson, Venkataraman Ramesh, Tony Clear, Sally Fincher, Raymond Lister, Briana B. Morrison, Beth Simon, Sue Fitzgerald, Mats Daniels, Anne-Kathrin Peters, Andrew Luxton-Reilly, Brian Fitzgerald, Ita Richardson, Francesco Maiorana, Lynda Thomas]"}, "357": {"gemma": "[David Eisenstat, Andrea Vitaletti, Lorenzo Bergamini, James Aspnes, Luca Becchetti, Dana Angluin, Eric Ruppert]"}, "358": {"gemma": "[Nina Narodytska, Yan Chen, Joerg Rothe, Ronald L. Rivest, Dan Boneh, Michael L. Scott, Alexandra Boldyreva, Amit Sahai, Ben Lynn, Kari Pasanen, Lane A. Hemaspaandra, Monica S. Lam, Christopher M. Homan, Scott Counts]"}, "359": {"gemma": "[Jeffrey Xu Yu, Ji-Rong Wen, Hsin-Hsi Chen, Eugene Agichtein, Jian-Yun Nie, ChengXiang Zhai]"}, "360": {"gemma": "[Marco A. Wehrmeister, Carlos Eduardo Pereira, Lisane B. de Brisolara, Antonio Carlos Schneider Beck, Ricardo Pezzuol Jacobi, Eduardo Wenzel Bri\u00e3o]"}, "361": {"gemma": "[Ali M. Niknejad, Elad Alon, Kambiz Kaviani, Keisuke Saito, Amir Amirkhany, Charlie Huang, Phuong Le, Navin Kumar Mishra]"}, "362": {"gemma": "[Roy Mathias, Ralph Byers, Tamara G. Kolda, Peter Benner, Bo K\u00e5gstr\u00f6m, Enrique S. Quintana-Ort\u00ed, Jack Dongarra, Daniel Kressner]"}, "363": {"gemma": "[Philip E. Bourne, Adam Godzik, Dariusz Mrozek, Yuzhen Ye, Bo\u017cena Ma\u0142ysiak-Mrozek, Andreas Prli\u0107, Peter W. Rose]"}, "364": {"gemma": "[Mel Slater, Jonathan Freeman, Tuukka M. Takala, Perttu H\u00e4m\u00e4l\u00e4inen, Jari Takatalo, Karl F. MacDorman]"}, "365": {"gemma": "[Jan Salmen, Thomas B. Moeslund, Chih-Chung Chang, Shengping Zhang, Anil K. Jain, Francisco L\u00f3pez-Ferreras, Rama Chellappa, Zhenxue Chen, Nick Barnes, Marc Schlipsing, Christian Igel, Andrew Zisserman, Pedro Gil-Jim\u00e9nez, Lu\u00eds Paulo Reis, Brendan Klare, Cordelia Schmid, Hilario G\u00f3mez-Moreno, Johannes Stallkamp, Shreesha Chokkadi, Sergio Lafuente-Arroyo, Huaping Liu, Saturnino Maldonado-Basc\u00f3n, Ognjen Arandjelovic, Stan Z. Li]"}, "366": {"gemma": "[Reza Ramezani, Andrei Bartic, Daniel Mozos, David Atienza, Javier Resano]"}, "367": {"gemma": "[Trevor Darrell, Hendrik Blockeel, Raymondus Kosala, Andrew McCallum, Tsau Young Lin]"}, "368": {"gemma": "[Jian Gao, Seth Hutchinson, Fran\u00e7ois Chaumette, Kostas J. Kyriakopoulos, George C. Karras]"}, "369": {"gemma": "[Shiou Loh, Frank Weil, Robert B. France, Ina Schieferdecker, Pablo S\u00e1nchez, Helmut Neukirchen, Paul Baker]"}, "370": {"gemma": "[Motoshi Saeki, Eduardo Fern\u00e1ndez-Medina, Stefan Fenz, Carlos Blanco, Guttorm Sindre, Andreas Ekelhart, Joaqu\u00edn Lasheras, Mario Piattini, Fabio Massacci, Raul Mazo, Camille Salinesi, Rafael Valencia-Garc\u00eda, John Mylopoulos, Amina Souag, Nicola Zannone, Ambrosio Toval, Bashar Nuseibeh, Grit Denker]"}, "371": {"gemma": "[Richard G. Baraniuk, Saikat Chatterjee, Jun Guo, Irad Yavneh, Alexander M. Powell]"}, "372": {"gemma": "[Iadh Ounis, Sang-Hyob Nam, Shima Gerani, Richard McCreadie, Saadat M. Alhashmi, Sylvester Olubolu Orimaye, Seung-Hoon Na, In-Su Kang, Mark James Carman, Jong-Hyeok Lee, John D. Lafferty, Yeha Lee]"}, "373": {"gemma": "[Hugues Hoppe, Xi Guo, Yong Wu, Shiguang Shan, David Pisinger]"}, "374": {"gemma": "[Matt Welsh, Raymond Namyst, Matthias Diener, Eduardo Henrique Molina da Cruz, Pierre-Andr\u00e9 Wacrenier, Brice Goglin, Jan Hendrik Sch\u00f6nherr, Marco Antonio Zanata Alves, Anselm Busse]"}, "375": {"gemma": "[Longye Wang, Takao Maeda, Zhengchun Zhou, Fanxin Zeng, Xiaohu Tang]"}, "376": {"gemma": "[Paz Carmi, Anna Lubiw, Maurizio Patrignani, Ioannis G. Tollis, Michael T. Goodrich, Xin He, Fabrizio Frati, Sahil Singla]"}, "377": {"gemma": "[Zhuming Bi, Lin Zhang, Fei Tao, Chengen Wang, Wu He, Lida Xu, Y. Cheng, Sohail S. Chaudhry]"}, "378": {"gemma": "[Tam\u00e1s Bartha, Brigitte Pradin-Chezalviel, Nikolai Tillmann, Virginie Wiels, George Din, J\u00e9r\u00e9mie Guiochet, Ligia Maria Soares Passos, Robert Valette, H\u00e9l\u00e8ne Waeselynck]"}, "379": {"gemma": "[Ju-Sheng Mi, Wen-Xiu Zhang, Zhoujun Li, Tao Feng, Didier Dubois, Min Wu, Jerry M. Mendel, Anna Maria Radzikowska, Robert John, Fei-Yue Wang, Guram Bezhanishvili, Carol L. Walker, Elbert A. Walker, John Harding, Chun Yong Wang, Etienne E. Kerre, Yee Leung, Llu\u00eds Godo, Hooman Tahayori, Bao Qing Hu, Zhaowen Li, Yanqing Yao, Wei-Zhi Wu, Nilesh N. Karnik, Francesc Esteva]"}, "380": {"gemma": "[Chien-Feng Huang, Penousal Machado, Agostinho C. Rosa, Carlos M. Fernandes, Vitorino Ramos]"}, "381": {"gemma": "[Youfeng Wu, George A. Reis, Wolfgang Schr\u00f6der-Preikschat, Andr\u00e9 Schmitt, Ute Schiffel]"}, "382": {"gemma": "[Georgios B. Giannakis, Hyundong Shin, Abdellatif Benyouss, Leszek Szczecinski, Ferkan Yilmaz]"}, "383": {"gemma": "[Yasmin B. Kafai, Konstantinos Chorianopoulos, Michael Eisenberg, Leah Buechley]"}, "384": {"gemma": "[Xiaodong Lu, Takashi Kunifuji, Masayuki Matsumoto, Kinji Mori, Hiroyuki Sugahara]"}, "385": {"gemma": "[Bill Triggs, Kevin W. Bowyer, Karthik Nandakumar, Bojan Cukic, Ali M. Reza, Alex Krizhevsky, Thirimachos Bourlai, Luc Vandendorpe, Vlad Popovici, Mohamad El-Abed, Andrea Selinger, Vadim Mottl, Mark S. Nixon, Richa Singh, Ioannis A. Kakadiaris, Sonia Garcia-Salicetti, Andreas F. Koschan, Ognjen Arandjelovic, Bel\u00e9n Ruiz, W. Worek, Javier Galbally, Ruben Tolosana]"}, "386": {"gemma": "[Francisco J. Cazorla, Miquel Moreto, Qixiao Liu, Y. Charlie Hu, Margaret Martonosi, Mateo Valero]"}, "387": {"gemma": "[Enrico Giunchiglia, Thomas Eiter, Joohyung Lee, Wolfgang Faber, Francesco Ricca, Martin Gebser, Stefan Woltran]"}, "388": {"gemma": "[Philip Heng Wai Leong, Chalermpol Saiprasert, Christos-Savvas Bouganis, David B. Thomas, John D. Villasenor, Dong-U Lee]"}, "389": {"gemma": "[Angelos D. Liveris, Zixiang Xiong, Min Chen, Georgios B. Giannakis, Hamid Sharif, Wei Yu]"}, "390": {"gemma": "[Gene Tsudik, Zhenfeng Zhang, Ran Canetti, Keita Emura, Victor Shoup, Stefan Brands, Matthew K. Franklin, Nan Guo, Giuseppe Ateniese, Xiaofeng Chen, Liqun Chen, Jan Camenisch, Nuttapong Attrapadung, Y. Sreenivasa Rao, Dan Boneh, Dengguo Feng, Javier Herranz, Michael K. Reiter]"}, "391": {"gemma": "[Ben Y. Zhao, Mark W. Newman, Konrad Stark, Thorsten Hampel]"}, "392": {"gemma": "[Monther Tarawneh, Bruno Salvy, Claude-Pierre Jeannerod, Alin Bostan, Jean-Charles Faug\u00e8re, \u00c9ric Schost, Daniel Chu, Rajni Sharma, David H. Bailey, Wayne Eberly, Gilles Villard, Samuli Larvala, Jessica J. Fridrich, Walter Kr\u00e4mer, Paul Zimmermann, Miroslav Goljan, Mark van Hoeij, Albert Y. Zomaya, Patricia Ruiz, Richard P. Brent, Pascal Bouvry, Penghao Wang, Vincent Lef\u00e8vre]"}, "393": {"gemma": "[San Ling, Qianhong Wu, Yang Xiao, Ahmad-Reza Sadeghi]"}, "394": {"gemma": "[Vasek Chv\u00e1tal, Xiaomin Chen, Ehsan Chiniforooshan, Qiang Ni, Biswanath Mukherjee, Alessandro Checco, Eduard Escalona]"}, "395": {"gemma": "[Ngoc-Tu Huynh, Jiwu Huang, Chih-Cheng Wu, Xiamu Niu, Wei-Hung Lin, Ching-Nung Yang, Xiaotian Wu, Yen-Ping Chu, Yao-Sheng Lee, Avishek Adhikari, Byung-Cheon Choi, Gonzalo R. Arce, Chia-Chen Lin, Chin-Chen Chang, Min-Shiang Hwang, Tzung-Her Chen, Teng Guo, Shyong Jian Shyu, Stelvio Cimato, Wei Sun, Lansun Chen, Gwoboa Horng]"}, "396": {"gemma": "[Eero P. Simoncelli, Xiangchu Feng, Fatih Porikli, Alan A. Stocker, Weisi Lin]"}, "397": {"gemma": "[Alan E. Lipton, Vivienne H. Payne, Maria Cadeddu, Jean-Luc Moncet, David D. Turner, Eli J. Mlawer]"}, "398": {"gemma": "[Wei Fan, Jiawei Han, Le Song, Lawrence Carin, Shih-Fu Chang, Inderjit S. Dhillon, Balaji Krishnapuram, Julien Mairal, Reza Tavakkoli-Moghaddam, John D. Lafferty, Jennifer G. Dy, Philip S. Yu, Benjamin Recht, Tingyang Xu, Michael I. Jordan]"}, "399": {"gemma": "[Alberto Ros, Christos Kozyrakis, Margaret Martonosi, Hans-Juergen Boehm, Kshitij A. Doshi, Brian Demsky, Minjia Zhang, Swarnendu Biswas, Aritra Sengupta]"}, "400": {"gemma": "[Rodolfo W. L. Coutinho, Melike Erol-Kantarci, Zhongwen Guo, Sema Oktug, Sudip Misra, Hanjiang Luo, Uichin Lee, Luiz Filipe M. Vieira, Azzedine Boukerche, Jun-Hong Cui, Antonio Alfredo Ferreira Loureiro, Mario Gerla]"}, "401": {"gemma": "[Dick C. A. Bulterman, Zhenyu Yang, Xiaodong Li, A. K. Qin, Qingfu Zhang, Jun Zhang, Shengxiang Yang, Ke Tang]"}, "402": {"gemma": "[Jose Rodriguez, F. Filippetti, Hamid A. Toliyat, Umut Orguner, Mina M. Rahimian, E. Levi, A. Safacas, P. Nussbaumer, Ruben Puche-Panadero, Bilal Akin, Kamal Al-Haddad, Patrick Wheeler, Seungdeog Choi, M. Riera-Guasp, Samir Kouro, Gerard-Andre Capolino]"}, "403": {"gemma": "[Jorge Arinez, Guoxian Xiao, Liang Zhang, Qing Chang, Jingshan Li, Semyon M. Meerkov, Michael P. Brundage, Stephan Biller, Nicla Frigerio]"}, "404": {"gemma": "[Chia-Han Lee, Geoffrey E. Hinton, Volkan Cevher, Koray Kavukcuoglu, David E. Carlson, Lawrence Carin]"}, "405": {"gemma": "[Ali Sunyaev, Fangjian Gao, Jan Marco Leimeister, Helmut Krcmar, Leslie P. Willcocks, Bernd Blobel, Paul Glowalla, Andrea Maurino, Christian Mauro, Dmitry Chornyi]"}, "406": {"gemma": "[\u00d6zlem Uzuner, Haijun Zhai, Todd Lingren, Megan Kaiser, Katalin Molnar]"}, "407": {"gemma": "[\u00c1lvaro Marco, Matt Welsh, Laura Vanzago, Giovanni Beltrame, S. Olivieri, Marco Di Natale, Mohammad Mostafizur Rahman Mozumdar, Zhen Yu Song, Anantha P. Chandrakasan, Francesco Gregoretti, Anand Ranganathan, Antonio Corradi, Alberto L. Sangiovanni-Vincentelli, David E. Culler, Constantine Stephanidis, Alvise Bonivento, Fernando Pianegiani, Luciano Lavagno, Philip Levis, Vivek De, Giancarlo Fortino, Samarjit Chakraborty]"}, "408": {"gemma": "[Yanni Sun, Tiffani L. Williams, Alexandros Stamatakis, Bernard M. E. Moret, Li-San Wang, Dukka B. Kc, Sean R. Eddy, Tandy J. Warnow, Geoffrey J. Barton, Satish Chikkagoudar, David La, Dennis R. Livesay, Katherine St. John, Usman Roshan, Marc L. Smith]"}, "409": {"gemma": "[Jeff Donahue, Yoshua Bengio, Geoffrey E. Hinton, Wei Xu, Jitendra Malik]"}, "410": {"gemma": "[Manolis Wallace, Lie Lu, Hong-Jiang Zhang, Climent Nadeu, Huy Phan, Thomas S. Huang, Philippe Salembier, Radoslaw Mazur, Xavier Gir\u00f3]"}, "411": {"gemma": "[Hanqing Lu, Antonio Torralba, Xuelong Li, Shih-Fu Chang, Lei Zhang]"}, "412": {"gemma": "[P.L. Lewin, Kira Barton, Tong Duy Son, Lukasz Hladowski, Krzysztof Galkowski, Hyo-Sung Ahn, Kevin L. Moore]"}, "413": {"gemma": "[Kevin Chan, Shanika Karunasekera, Michael Winikoff, Leon Sterling, Xin Li]"}, "414": {"gemma": "[Petr \u010cerm\u00e1k, Thomas A. Henzinger, Fabio Mogavero, Zhenhua Duan, Nicolas Markey, Orna Kupferman]"}, "415": {"gemma": "[Kenya Jin'no, Takuya Shindo, Toshimichi Saito, Fangyue Chen, Guolong He]"}, "416": {"gemma": "[Jonas Beskow, Jens Edlund, Patrick Ehlen, Gabriel Skantze, Joakim Gustafson, Bj\u00f6rn Granstr\u00f6m, David House]"}, "417": {"gemma": "[Kristian Nymoen, Michele Colledanchise, Norman M. Sadeh, Pavle Skocir, Sasa Desic, Krunoslav Trzec, Milan Vidakovi\u0107, Christopher Kiekintveld, Iva Bojic, Christian Bettstetter, Stanislav Sobolevsky, Carlo Ratti, Ozren Labor, Gordan Jezic, Ignac Lovrek, Igor Ljubi, Joakim Eriksson, Zoran Budimac, Vedran Podobnik, Ana Petric, Mario Kusek, Kresimir Jurasovic, Vjekoslav Sinkovic]"}, "418": {"gemma": "[Quentin Jones, Nicole B. Ellison, Charles Steinfield, Andrew T. Fiore, Jeffrey T. Hancock]"}, "419": {"gemma": "[Jerzy Tyszer, Bonita Bhaskaran, Scott C. Smith, Amit Sanghani, Anuja Sehgal, Milind Sonawane, Krishnendu Chakrabarty]"}, "420": {"gemma": "[Simon Marlow, Patrick Maier, Phil Trinder, Hans-Wolfgang Loidl, Alberto de la Encina, John H. Reppy, Rita Loogen]"}, "421": {"gemma": "[Gerhard W. Dueck, Matthew Morrison, Igor L. Markov, Morteza Saheb Zamani, William N. N. Hung, Guowu Yang]"}, "422": {"gemma": "[Micah Ortuzar, Masatoshi Uno, Liang Zhang, Gun-Woo Moon, P. Le Moigne, P. Bartholomeus, Yuichiro Ishii, Ali Emadi, Juan Dixon]"}, "423": {"gemma": "[Yichuan Jiang, Yifeng Zhou, Edmund H. Durfee, Angelo Oddi, Catholijn M. Jonker, Wanyuan Wang, Jordi Sabater-Mir, Jeffrey S. Rosenschein, Karl Tuyls, Michele Risi, Tomas Klos, Nicholas R. Jennings, Haris Aziz, Sarit Kraus, James C. Boerkoel, Yingqian Zhang, Michael Wooldridge, Sascha Kurz, Jie Zhang, Laurent Vercouter, Mathijs de Weerdt, Onn Shehory, Cees Witteveen]"}, "424": {"gemma": "[Manesh Tailor, Peter Stewart Hearty, William Marsh, Silja Renooij, Patrick Cates, Patrick Cousot, Barbaros Yet, Peter J. F. Lucas, Norman Fenton, Martin Neil, Emilia Mendes, Yun Zhou, Anthony Constantinou, Mark Freestone, Jeremy W. Coid, Alistair G. Sutcliffe, J\u00fcrgen M\u00fcnch, Edmund M. Clarke, Thomas Gorges, David Marquez, Ayse Basar Bener, Thomas Schulz, Rafael Rum\u00ed, Paul Krause, Wolfgang Rosenstiel, Lukasz Radlinski, \u0141ukasz Radli\u0144ski]"}, "425": {"gemma": "[Xuemin Lin, Jian Pei, Lei Zhang, Pankaj K. Agarwal, Yan-Yan Yang]"}, "426": {"gemma": "[Cesar Albenes Zeferino, Bin Mu, Shicheng Wen, Shijin Yuan, Jinghao Yan, Lei Chen, Altamiro Amadeu Susin, Frederic Rousseau, Linlin Zhang, Virginie Fresse, Zibin Zheng, Michael R. Lyu, Juhui Ren, Junyan Tan]"}, "427": {"gemma": "[Georgios B. Giannakis, Gerhard Fettweis, Qinye Yin, Alexei Gorokhov, Tzu-Hsien Sang, Hsin-De Lin, Peng Wang, Yanyan Zhang, Zheng Li, Philip Schniter, Nicola Michailow, Hai-wei Wang, Luca Rugini, Xiang-Gen Xia, Xiaodong Cai, Khaled Ben Letaief, Petar Popovski, Michele Morelli, Kun-Chien Hung, Gerard J. Foschini, David W. Lin, Dennis Goeckel, Jianhua Zhang, Paolo Banelli]"}, "428": {"gemma": "[Mel Slater, Fabien Lagriffoul, Daniel Sj\u00f6lie, A. Schmidt, Dipak Surie, Thomas Pederson, Lars-Erik Janlert]"}, "429": {"gemma": "[Licheng Jiao, David Gefen, James Y. L. Thong, Liette Lapointe, Yancheng Liu, Jason Bennett Thatcher, Banita Lal, Rajiv Sabherwal, Yuanlong Yu, Andrea Everard, Marie-Claude Boudreau, Huigang Liang, Yogesh Kumar Dwivedi, Jeffrey C. F. Tai, Andrew Y. Ng, Ali Tarhini, Evmorfia Biliri, Sebasti\u00e1n Ventura, J. Roberto Evaristo, Michael Petychakis, Yannan Zhao, Greta L. Polites, Fuchun Sun, Changchun Hua, Paul Benjamin Lowry, Fred D. Davis, Kenneth L. Kraemer, Detmar W. Straub]"}, "430": {"gemma": "[Keyi Wang, Zhao Zhang, Joel S. Emer, Michael Stumm, Xiaofei Liao, Moinuddin K. Qureshi, C Simon Steely, Rajeev Balasubramonian, Wonjun Lee, P. Sadayappan, James A. Landay, Livio Soares, Xiaodong Zhang, Bharat K. Bhargava, Amir Roth, Daniel J. Sorin, Yale N. Patt, Sanjay J. Patel, Guy G. Lemieux, James E. Smith, Aamer Jaleel, Jiang Lin, Xiaoning Ding, Dan Feng, Qingda Lu, Robert S. Cohn, Scott A. Mahlke]"}, "431": {"gemma": "[Bernhard M\u00f6ller, Peter W. O'Hearn, Tony Hoare, Hongseok Yang, Benjamin C. Pierce, Alwen Tiu, Ian Wehrman, John C. Reynolds]"}, "432": {"gemma": "[Giuseppe De Giacomo, Raja Das, Alessandro Orso, Liang Zhang, Tian Chao, Yan Cai, Jian Yang, Roman Vacul\u00edn, James A. Jones, Frederick Y. Wu, Andreas Meyer, David L. Cohn, Elio Damaggio, Marco Pistore, Jian Yu, W. K. Chan, Nathan S. Caswell, Cagdas Evren Gerede, Richard Hull, Santhosh Kumaran, Diego Calvanese]"}, "433": {"gemma": "[Unsang Park, Tieniu Tan, Raghavender R. Jillela, Chandrashekhar Padole, Marios Savvides, Jamie R. Lyle, Philip E. Miller, Hugo Proen\u00e7a, Yunhong Wang, Damon L. Woodard]"}, "434": {"gemma": "[Stefano Tomasin, Marco Gomes, V\u00edtor Manuel Mendes da Silva, Gabriel Falcao, Shunqing Zhang, Christophe Jego]"}, "435": {"gemma": "[Bartosz Bosak, Stefan J. Zasada, Alfons G. Hoekstra, Radhika S. Saksena, Felix Wolf]"}, "436": {"gemma": "[Alexander Egyed, Carl K. Chang, Jane Huffman Hayes, Mehdi Mirakhorli, Michael Vierhauser, Rick Rabiser, Stefan Winkler]"}, "437": {"gemma": "[Carlo Alberto Nucci, Kenneth S\u00f6rensen, Michael Menth, Nima Khakzad, Amos Necci]"}, "438": {"gemma": "[Amit K. Agrawal, Christopher Zach, Horst Bischof, Daniel Cremers, Daniel Scharstein, Paolo Favaro, Joachim Weickert, Michael J. Black, Richard Szeliski, Wojciech Matusik, Javier S\u00e1nchez, Luis Alvarez, Stefan Roth, William T. Freeman, Anita Sellent, Simon Baker, Jean Ponce, Jiaya Jia, Neel Joshi, Rob Fergus]"}, "439": {"gemma": "[Hiroshi Ishii, Nicola Yuill, Sara Price, Christophe Kolski, Andrew Manches]"}, "440": {"gemma": "[Hiroki Matsutani, Xi Chen, Sriram R. Vangal, Tong Zhang, John P. Devale, Yuan Xie]"}, "441": {"gemma": "[Luca Baldesi, Roc Meseguer, Axel Neumann, Leonardo Maccari, Fabien Mathieu]"}, "442": {"gemma": "[Paola Casti, Rangaraj M. Rangayyan, Arianna Mencattini, Ricardo J. Ferrari, Graham S. Boag, Joakim Crafoord]"}, "443": {"gemma": "[Zhengrong Xiang, Xinghuo Yu, Jinhui Zhang, Shen Yin, Hamid Reza Karimi, Jun Zhao, Peng Shi, Guang-Hong Yang, Ligang Wu, Chengwei Wu]"}, "444": {"gemma": "[Huifu Xu, W\u0142odzimierz Ogryczak, Simge K\u00fc\u00e7\u00fckyavuz, Claudia A. Sagastiz\u00e1bal, Patrizia Beraldi, M. Grazia Speranza, Werner R\u00f6misch, Tito Homem-de-Mello, Andrzej Ruszczynski, Michael Zabarankin]"}, "445": {"gemma": "[Stefan Vandewalle, Evelyne Vanraes, Karl Deckers, Jan Maes, Adhemar Bultheel]"}, "446": {"gemma": "[Jiawei Han, Jing Yuan, Xing Xie, Yu Zheng, Daniel Gatica-Perez, Padhraic Smyth, Arnold W. M. Smeulders, Yunhao Liu]"}, "447": {"gemma": "[Christian Wagner, Melissa F. Anderson, Frederick E. Petry, Hichem Frigui, James M. Keller, Paul D. Gader]"}, "448": {"gemma": "[Jan Holmstr\u00f6m, Hans-Georg Fill, Silviu Raileanu, T. Berger, Damien Trentesaux, D\u00eddac Busquets, Jos\u00e9 Barata, Paulo Leit\u00e3o, Theodor Borangiu, Paul P. Maglio, Andr\u00e9 Thomas, Dimitris Karagiannis, Octavian Morariu, Cristina Morariu, Kary Fr\u00e4mling, Pascal Gilbert, Nick-Andrei Ivanescu, Andrei Rosu, Duncan McFarlane, Gerben G. Meyer, Jim Spohrer, Robert J. Kauffman, Haluk Demirkan]"}, "449": {"gemma": "[Leon O. Chua, Fernando Corinto, Alon Ascoli, Hanyu Wang, Ronald Tetzlaff]"}, "450": {"gemma": "[Nicolas Geoffray, Ga\u00ebl Thomas, Stephen M. Blackburn, Charles E. Clement, Simon L. Peyton Jones, Simon Patarin]"}, "451": {"gemma": "[Sandeep K. Shukla, Radu Marculescu, Yung-Hsiang Lu, Eckehard G. Steinbach, Mario Gerla, Aggelos K. Katsaggelos, Elza Erkip, Jeffrey G. Andrews, M. van der Schaar, Xiaoqing Zhu, Mihaela van der Schaar, Theodore S. Rappaport, G. De Micheli, Vivek S. Borkar, Donatella Darsena, Douglas L. Jones, Abhay Karandikar, Nicholas Mastronarde]"}, "452": {"gemma": "[Haralambos Sarimveis, Egon Willighagen, Cristian R. Munteanu, Nina Jeliazkova, Christoph Steinbeck, Dmitry Filimonov, Vladimir Poroikov]"}, "453": {"gemma": "[David P. Anderson, Jahn-Takeshi Saito, R\u00e9mi Coulom, Simon M. Lucas, I-Chen Wu]"}, "454": {"gemma": "[Benjamin Hiller, Robert Weismantel, Luis Miguel Torres, Annegret Katrin Wagler, Monika Heiner, Wolfgang Marwan]"}, "455": {"gemma": "[Philippe Gorce, Alan F. Blackwell, Christopher M. Schlick, David J. Ward, Hermann Ney, Juan Pablo Hourcade]"}, "456": {"gemma": "[Sebastian G. Elbaum, Gordon Fraser, Mark Harman, Yannis Smaragdakis, Andreas Zeller]"}, "457": {"gemma": "[Jacques Justin, Mike M\u00fcller, Dirk Nowotka, Matjaz Perc, Florin Manea, Damien Woods, Daniel Go\u010d, Bastian Bischoff, Francesca Fiorenzi, Michel Rigo, Zhi Xu, Masashi Sugiyama, Marc Peter Deisenroth, Hamoon Mousavi, Maribel Fern\u00e1ndez, Pierre-Antoine Manzagol, Robert Mercas, Jan Peters, Kalle Saari, Francine Blanchet-Sadri, Daniel Lokshtanov, Arturo Carpi, Tomasz Kociumaka, Stefan Schaal, James D. Currie, Takaaki Hashimoto, Ian J. Goodfellow, Gw\u00e9na\u00ebl Richomme, Carl Edward Rasmussen, Nathalie Aubrun]"}, "458": {"gemma": "[Jessica A. Turner, T\u00fclay Adali, Bertrand Thirion, Jingyu Liu, Shashwath A. Meda, Francis R. Bach, Andreas Meyer-Lindenberg, Michael I. Miller, Mark Jenkinson, Edward T. Bullmore, Jonathan D. Power, William D. Penny, Yang Song, Scott Makeig, Partha Pratim Acharjee, Daniel Rueckert, Lars Kai Hansen, Patrik O. Hoyer, Gareth R. Barnes, Ilya Sutskever, Ruslan Salakhutdinov, Raul de la Garza, Karl J. Friston, Vince D. Calhoun]"}, "459": {"gemma": "[Aythami Morales, Muhammad Imran Malik, George Economou, Edson J. R. Justino, Michael Myer Blumenstein, Alisher Anatolyevich Kholmatov]"}, "460": {"gemma": "[Jeffrey Xu Yu, Lei Chen, Alexander J. Smola, Andrea J. Goldsmith, Sheng Chen]"}, "461": {"gemma": "[Kari Rye Schougaard, Kaj Gr\u00f8nb\u00e6k, Matt Welsh, Philipp Sommer, Robert K. Harle, Hari Balakrishnan, Jeffrey Hightower, Henrik Blunck, Raja Jurdak, Mikkel Baun Kj\u00e6rgaard, Jakob Langdal]"}, "462": {"gemma": "[Stewart W. Wilson, Pier Luca Lanzi, Tim French, Klaus Zechner, Larry Bull]"}, "463": {"gemma": "[Ihab F. Ilyas, Klaus-Dieter Schewe, Hui Ma, Henning K\u00f6hler, Mathias Niepert, Sven Hartmann, Sebastian Link, Jane Zhao, Flavio Ferrarotti, Marc Gyssens, Didier Dubois, Uwe Leck, Wang Chiew Tan, Henri Prade, Diego Calvanese]"}, "464": {"gemma": "[Chi-Ying Tsui, Mehdi Kiani, Mohamad Sawan, Benoit Gosselin, Xing Li, Rahul Sarpeshkar]"}, "465": {"gemma": "[Adrian Petcu, Enrico Pontelli, Jonathan P. Pearce, Roie Zivan, Milind Tambe]"}, "466": {"gemma": "[Matteo Sonza Reorda, Brad L. Hutchings, Massimo Violante, Michael J. Wirthlin]"}, "467": {"gemma": "[Maja Pantic, Rada Mihalcea, Erik Cambria, Christopher D. Manning, Mark Dredze]"}, "468": {"gemma": "[Manuele Bicego, Alessandro Perina, Sylvia Ratnasamy, Deborah Estrin, Filippo Furfaro, Qiang Yang]"}, "469": {"gemma": "[Baining Guo, Yaron Lipman, Marc Alexa, Hujun Bao, Shigeo Hirose, Olga Sorkine, Mario Botsch, Xinguo Liu, Daniel Cohen-Or, Heung-Yeung Shum, Kun Zhou, Hiroshi Masuda, Xiaohan Shi, Sagi Katz]"}, "470": {"gemma": "[Rosalind W. Picard, Marian Stewart Bartlett, Mohammad H. Mahoor, Javier R. Movellan, Shangfei Wang]"}, "471": {"gemma": "[Cristina Heffernan, Arthur C. Graesser, Ryan Shaun Joazeiro de Baker, Kenneth R. Koedinger, Diane J. Litman, Vincent Aleven]"}, "472": {"gemma": "[Juan M. Ordu\u00f1a, Nuria Pelechano, Dinesh Manocha, Zhigang Deng]"}, "473": {"gemma": "[Barry A. T. Brown, Sunny Consolvo, Jie Yang, James A. Landay, Geraldine Fitzpatrick]"}, "474": {"gemma": "[Ilias Tachmazidis, Euripides G. M. Petrakis, Ian Horrocks, Yarden Katz, Mahmud Ouzzaniadou]"}, "475": {"gemma": "[Nicola Harte, Richard R. Copley, Richard Durbin, Peer Bork, Amos Marc Bairoch, Paul D. Thomas, Anish Kejariwal]"}, "476": {"gemma": "[Randal W. Beard, Qiang Lu, Feng Xiao, Wei Ren, Yixin Chen]"}, "477": {"gemma": "[Haridimos Kondylakis, Kwang Mong Sim, Manuel Resinas, Pablo Fernandez, Rafael Corchuelo, Alexander Keller]"}, "478": {"gemma": "[Bernhard Sch\u00f6lkopf, Vincent S. Tseng, Yu Liu, Haixun Wang, Gao Cong, Jian Pei]"}, "479": {"gemma": "[Matthew J. Smith, David Parker, Jane Hillston, Ezio Bartocci, Max Tschaikowski, Allan Clark, Andrea Marin, Marta Simeoni, Erin Scott, Carron Shankland]"}, "480": {"gemma": "[John H. Hipwell, Sebastien Ourselin, Mario Cheng, David J. Hawkes, Christine Tanner, Lianghao Han, Thomy Mertzanidou, Bj\u00f6rn Eiben]"}, "481": {"gemma": "[Rajkumar Buyya, Samee Ullah Khan, Ishfaq Ahmad, Chen L, Majid Iqbal Khan, Samir R. Das, Songwu Lu, Jamal Alhiyafi, Jiansheng Xing, Rajiv Ranjan, Alessandra Lumini, Carla E. Brodley, Yongji Wang, Kirk W. Cameron, Anthony A. Maciejewski, Yuqi Lin, Nasro Min-Allah, Keqin Li, Alan Burns, Peng Ning, Amin Vahdat]"}, "482": {"gemma": "[Alexis Heloir, Michael Kipp, Luca Chittaro, Delia Kesner, Hermann Ney, R. Elliott, Sylvie Gibet, John McDonald, Christophe Collet, Juan Manuel Montero, Eleni Efthimiou, Javier Ferreiros, Pengfei Lu, Matt Huenerfauth, George Caridakis, J.R. Kennaway, Hernisa Kacorri, Sarah Ebling, Shumin Zhai, Rub\u00e9n San-Segundo, Ian Marshall, Fernando L\u00f3pez-Colino, Jos\u00e9 Col\u00e1s, Jonathan Gratch, Zurab Khasidashvili, Vassilis Pitsikalis, Stavroula-Evita Fotinea, John R. W. Glauert, Annelies Braffort, Quan D. Nguyen]"}, "483": {"gemma": "[Shiying Hu, Heinz Handels, Josien P. W. Pluim, Vladimir Kolmogorov, Frank Lindseth, William Sun, Wiro J. Niessen, Stefan Klein, Lisan A. Neefjes, Theo van Walsum, Julia A. Schnabel, Keelin Murphy, James C. Gee, Marius Staring, Jean-Christophe Olivo-Marin, Boudewijn P. F. Lelieveldt, Joseph V. Hajnal, Max A. Viergever]"}, "484": {"gemma": "[Vijay Sivaraman, Wu-chi Feng, Jose Saldana, Eric S. Nickell, Maja Matijasevic, Philipp Svoboda, Jose Ruiz-Mas]"}, "485": {"gemma": "[Michael Sagraloff, Kurt Mehlhorn, Chee-Keng Yap, Arno Eigenwillig, Benjamin Galehouse, Jia Li, Pavel Emeliyanenko, Alexander Kobel]"}, "486": {"gemma": "[Jelena Kovacevic, Vivek K. Goyal, Richard Heusdens, Jesper Jensen, Mads Gr\u00e6sb\u00f8ll Christensen]"}, "487": {"gemma": "[Yindi Jing, Shahram Shahbazpanahi, Robert Schober, Hoang Duong Tuan, Ha H. Nguyen, Elena Costa, Hamid Jafarkhani, Lajos Hanzo, Paul E. Dickson, Tung T. Pham, Raviraj S. Adve, Veria Havary-Nassab, Peiran Wu, Tobias Frank, Anja Klein, Zhi Quan Luo, Ali Grami]"}, "488": {"gemma": "[Catherine Faron-Zucker, Daniel P. Miranker, Yong Yu, Tim Berners-Lee, Robin R. Gutell]"}, "489": {"gemma": "[Roland Siegwart, Geoffrey E. Hinton, Daphne Koller, Geert-Jan M. Kruijff, Tarek Hamel, Tom Drummond, Radu Bogdan Rusu, Jizhong Xiao, Wolfram Burgard, Kurt Konolige, Srikumar Ramalingam, Danica Kragic, Carlos Jaramillo, Pedro Miraldo, Carsten Rother, Alberto Ortiz, Makan Fardad, Gaurav S. Sukhatme, Xiaofeng Ren, Sebastian Thrun, Hugh F. Durrant-Whyte, Raffaello D'Andrea, Larry H. Matthies, Fei Yan, Norbert Kr\u00fcger, Adrian Hilton]"}, "490": {"gemma": "[Thierry Coquand, Matthew Hendtlass, Lumini\u0163a V\u00ee\u0163\u0103, Peter Schuster, Giovanni Sambin, Hajime Ishihara]"}, "491": {"gemma": "[Gerhard J. Woeginger, Juan-Carlos Valderrama-Zuri\u00e1n, Francisco Javier Cabrerizo, Enrique Herrera-Viedma, Ingmar Weber, Jacob Sunol, John Antonakis, Rafael Lalive, R\u00fcdiger Mutz, Hans-Dieter Daniel, Loet Leydesdorff, Koenraad Debackere, Henk F. Moed, Leo Egghe, Lutz Bornmann, Ludo Waltman, Bart Thijs, Domenico Augusto Francesco Maisano, Fiorenzo Franceschini, Luca Mastrogiacomo, P\u00e9ter Jacs\u00f3, Nees Jan van Eck, Igor Simone Stievano, Ivano Adolfo Maio, Flavio Canavero]"}, "492": {"gemma": "[Daniel P. W. Ellis, J.-M. Van Thong, Masataka Goto, Tetsuya Ogata, Timothy J. Hazen, Akinobu Lee, Kazuyoshi Yoshii]"}, "493": {"gemma": "[Joaquin Ezpeleta, MengChu Zhou, Wenhui Wu, Spyros A. Reveliotis, Carla Seatzu, MuDer Jeng, Asma Ghaffari]"}, "494": {"gemma": "[Ching-Hua Chen-Ritzo, Oliver Rose, Thomas Wagner, Daniel Noack, Sameer T. Shikalgar, Sugato Bagchi]"}, "495": {"gemma": "[W. T. Luke Teacy, Zibin Zheng, Stuart Chalmers, Alun D. Preece, N. J. Fiddian, Patrick J. Stockreisser, Timothy J. Norman, Nicholas R. Jennings, Christoph M. Kirsch]"}, "496": {"gemma": "[Kolja Kuhnlenz, Maja Pantic, Michelle Karg, Jose Ramon Medina, Rui Prada, Mehrdad Hosseini Zadeh, Ali-Akbar Samadani, Rob Gorbet, Dana Kulic, Martin Buss, Sandra Hirche, Antonio Camurri, Carol O'Sullivan, Paul F. M. J. Verschure]"}, "497": {"gemma": "[Svebor Karaman, Ross B. Girshick, Tinne Tuytelaars, Jorge S\u00e1nchez, Bastian Leibe, Krystian Mikolajczyk, Jenny Benois-Pineau, Andrew Zisserman]"}, "498": {"gemma": "[Timothy R. Dreszer, Cricket A. Sloan, Donna Karolchik, Galt P. Barber, Mark Diekhans, Pauline A. Fujita, Rachel A. Harte, Angie S. Hinrichs, Robert M. Kuhn, Hiram Clawson]"}, "499": {"gemma": "[Massimo Zancanaro, Jan Wielemaker, Michael Kruppa, Aniket Kittur, Lora Aroyo, Rapha\u00ebl Troncy, Peter Brusilovsky, Oana Inel, Khalid Khamkham, Pae Pieter Bellekens, Guus Schreiber, Oliviero Stock, Pme Paul De Bra, N Natalia Stash, Antonio Kr\u00fcger, Yevgen Biletskiy, Peter D. Turney, Pasquale Lops, Martin Raubal, Tuukka Ruotsalo, Brendan Rousseau, Daniela Petrelli, Fabian Bohnert, Ingrid Zukerman, Zhisheng Huang, Jens Lehmann]"}}