{"0": {"gemma": "[GUM, PMO, QJH, IAS, AJR, LPY, BBA, UCT, ERC, PPS, BOB]"}, "1": {"gemma": "[PIS, RUN, YZT, ATM, KME, TYR, KAL, GDQ, MPP, UTN, PIS]"}, "2": {"gemma": "[PTH, TYS, YRT, ANV, IGR, GDX, CNY, KAN, TCB, ATD, CIT, HGA, PTH]"}, "3": {"gemma": "[DEC, CAP, SZA, TTU, YUM, NRL, SVD, BFS, DEC]"}, "4": {"gemma": "[ANG, CFR, TLE, KRY, SXK, RCM, BFN, FKQ, TDD, MYD, NMA, BJM, ACX, AJF, OBU, ISA]"}, "5": {"gemma": "[EUX, BUC, IXZ, TEQ, PNQ, BTH, BGO, MDK, MJV, LZY]"}, "6": {"gemma": "[CUM, TFN, EJA, SRK, NNB, KSA, THX, HFS, SOM, JAI, IVC, FTU, FAO, IBZ, TOH, SRK, KSA]"}, "7": {"gemma": "[WRE, MTJ, DCN, KAJ, BFJ, AXD, PWE, ABT, MTT, WRE]"}, "8": {"gemma": "[TPP, RNA, XMN, DXB, PNL, KXU, OSY, NRA]"}, "9": {"gemma": "[MLU, DPL, YHD, ACX, UMD, LAN, WAE, FSP, PIU, MCG, SSR, ARN, GLO, JUJ, AAE, AGR, ZNZ]"}, "10": {"gemma": "[MUC, HRK, TNK, ADA, STG, SBW, NAP, CAC, ZFN, BOB]"}, "11": {"gemma": "[JAX, RYK, CXI, ARH, JAN, SHP, NGS, KLL, TBP, MAM, NJF, YKT, BWT]"}, "12": {"gemma": "[CNP, AKY, CXB, ZTH, BNS, DGO, HRO, CBR]"}, "13": {"gemma": "[IAO, ZBR, USN, LXA, AVP, YUT, BJZ, VCL, NIM, CIC]"}, "14": {"gemma": "[BFF, TVC, JSU, PUQ, ARH, MAN, AYP, BFF]"}, "15": {"gemma": "[PTP, HMA, NPE, LNJ, ZEL, AUH, PMC, HRE, EYK, PTP]"}, "16": {"gemma": "[LUG, THR, NZH, MWX, APW, DGO, LAX, PFQ, HUI, RAP, GRO, LVI]"}, "17": {"gemma": "[NGB, KAO, SAH, TBP, KRP, FRS, JOG, MLU, AET, NGB]"}, "18": {"gemma": "[VCP, TRU, PSA, SDF, TSN, HNM, OXB, GOQ, PSM, TIA, ZSE, HDM]"}, "19": {"gemma": "[PTH, PXU, GGW, HIJ, CVU, PKZ, URV, YFA, YGP, TIZ, EAE, IZO, PTH]"}, "20": {"gemma": "[MAG, CUZ, YSK, JZH, DUB, SJK, RUN, KWA, ZNE, ZIG, ANS, MYJ, YSK, MAG]"}, "21": {"gemma": "[OVB, TFN, CMG, KRY, SAH, MPH, YXE, PGK, UKK, FCO, LCR, SXP, BFN, NOP]"}, "22": {"gemma": "[ROT, YHR, ZQW, MKP, KCT, BWT, JCK, YYR, MTE, EOI, HKN, ZNE, MWA, ROT]"}, "23": {"gemma": "[ETH, WGA, RZR, GAU, KHV, ORN, MSU, ETH]"}, "24": {"gemma": "[SML, TKS, PQC, YHY, ISC, SLH, CBR, TQA, OPS, SML]"}, "25": {"gemma": "[LSE, AES, ELG, UAK, SJI, QRO, GIU, ZAH, MJV, KAZ, DJJ]"}, "26": {"gemma": "[DGA, GNY, XAP, VQS, BCV, GCM, AIA, BPL, SSG, GBE, ABV, DGA]"}, "27": {"gemma": "[YWJ, XSC, HVN, VLC, NRT, SVO, AOO, YYE, DOH, YWJ]"}, "28": {"gemma": "[YLC, PRI, GIL, CMW, ZAZ, TCZ, GAN, AIA, MAN, YLC]"}, "29": {"gemma": "[CIP, CPR, VAR, GZO, PVH, BSC, CGP, BTI, BVV, RVK, CIP]"}, "30": {"gemma": "[DLM, QRO, CPC, KKN, DAY, VOG, SYB, OSM, BAZ, AUR, TGR, DLM]"}, "31": {"gemma": "[LQM, TTA, BNB, PQQ, CBR, IMF, KDU, RTW, RLG, LQM]"}, "32": {"gemma": "[EGN, TSF, GNV, NCE, ABX, SZB, PKB, GCI, MRS, ORN, BBI, EGN]"}, "33": {"gemma": "[ECP, KBC, GJT, HLN, AQG, KTM, DAT, TTJ, ECP]"}, "34": {"gemma": "[DZN, CTM, XEQ, PRI, WGP, MCM, DFW, COQ, BSS, SWF, TGC, VHM, DZN]"}, "35": {"gemma": "[MHG, CPD, YMT, YZY, ELG, CPE, EIS, XSB, MAF, MHG]"}, "36": {"gemma": "[DIR, GPT, TQI, PUE, GAL, HYD, EEK, VAI, OMS, UIP, TBW]"}, "37": {"gemma": "[MSP, WNA, EDL, ARH, MDT, UDR, SRQ, CIU, KCL, AAQ, PJA, MSP]"}, "38": {"gemma": "[SJW, CSY, AGF, CKD, TTQ, ELV, BAV, PIP, KGT, SJW]"}, "39": {"gemma": "[ATY, VBY, JJN, SVS, BWK, CMW, ORU, MUR, OLP, WLS, KFS, YMO]"}, "40": {"gemma": "[NTQ, STW, YWJ, AKI, LMA, LAO, NUX, LED, KGC, ZEL, ARH, ABE, RAI]"}, "41": {"gemma": "[CYS, KCA, VEE, LNE, OTZ, GOQ, SAL, TUS, KMQ, CYS]"}, "42": {"gemma": "[TBI, SXO, WRY, KOS, SJU, MBE, GOT, OAX, TBI]"}, "43": {"gemma": "[WRL, CKG, AGX, AQP, PIP, WMI, AJA, AMM]"}, "44": {"gemma": "[CJS, SBN, TSH, CMA, NVA, LRE, AIN, SJI, LEJ, SMI, ZNZ, VDB, EGX]"}, "45": {"gemma": "[ACU, RDC, SHD, BND, MTS, KIT, CZX, ACU]"}, "46": {"gemma": "[TID, RUN, YYR, KKN, NRN, OGZ, URS, BIM, VAI, ABM, EMD, RMP, TID]"}, "47": {"gemma": "[TKG, UCT, SAT, YIO, CNX, DIY, COU, ELG, SEN, LTO, WDH, HTN, KKC, SGG, HNS, NOS, SHD]"}, "48": {"gemma": "[SID, KTN, CJS, POZ, PYJ, KUF, SDY, HIJ, SSY, SHB, KOV, WAE, SID]"}, "49": {"gemma": "[MRA, TZX, BZV, NSH, AKX, BRM, YRB, MXV, WTL, MID, LHW]"}, "50": {"gemma": "[TAE, EAS, KPO, ILI, WLH, NVK, SDR, ELQ, SEZ, KCZ, BBO, DEE, KSJ, ACU, TAE]"}, "51": {"gemma": "[YZR, SHA, MLX, GAF, PJA, YGP, TCQ, KKE, GFN, BND, EBL, MDZ, DOU]"}, "52": {"gemma": "[KIM, DAD, STI, LAO, CUZ, ULN, EZE, ATD, PLO, GOQ, WRY, LRH, SEA, LIT, ISA, STX]"}, "53": {"gemma": "[YSM, PMZ, CGP, HMV, KCA, RSA, WIN, AGT, YSM]"}, "54": {"gemma": "[JCB, MTS, PSA, NRT, CSH, AQP, GND, ROK, EDA, HUN, CSH, JCB]"}, "55": {"gemma": "[ROT, TCO, CPV, GCM, AFZ, BRM, VAN, PEZ, LNS, FLG, HDG, ROT]"}, "56": {"gemma": "[HDS, YIK, CYZ, YVM, MLN, YIK, CBR, MJU, HDS]"}, "57": {"gemma": "[MVD, QOQ, GZP, THN, YZP, PNA, JTY, FUT, MVD]"}, "58": {"gemma": "[EMK, TBZ, TUI, AMD, VUP, MKE, DVO, TPS, YZG, RJK]"}, "59": {"gemma": "[TBT, PLU, HGH, NIB, TUU, GAN, NPL, PVR, CZU, BIS, LZH, OGL, TBT]"}, "60": {"gemma": "[EUX, KFP, RJA, QUV, IXU, MCK, BEW, VKO, ROT, EUX]"}, "61": {"gemma": "[OGD, NER, TRN, IXJ, PRC, JAU, UIN, LBE, NTL, BEY, OGD]"}, "62": {"gemma": "[SYR, GVA, LAO, BBI, SLX, CPR, GOV, JNN, SRX, GVA, XKH, SFL, CPR, IWK]"}, "63": {"gemma": "[AIU, TSN, SJI, YUT, VDZ, HNA, OTH, EGE, ZSJ, OTH, AIU]"}, "64": {"gemma": "[HLH, CPE, UDR, JSU, SHM, GOH, PRN, TDD, ABI, AHE]"}, "65": {"gemma": "[OAG, PUS, XMN, TSF, YNT, IRJ, TTA, KOS, BXU, ALC, BMW, MGQ, YPR]"}, "66": {"gemma": "[DGA, CXB, NRT, ODS, PRA, SJE, ARM, DLI, DEF, MOI]"}, "67": {"gemma": "[ERI, CTG, DRV, PMC, KWT, JSU, CMA, AXK, BOG, ROP, ERI]"}, "68": {"gemma": "[CEN, WNP, PEZ, VIJ, AOK, TDD, MCI, DBQ, SJK, OGL, WRY, SKN]"}, "69": {"gemma": "[ASJ, NOC, PMW, TCO, CJA, MYG, UTS, UIH, LLA, BSK, PBI, PIT, ASJ]"}, "70": {"gemma": "[TRK, BDQ, SGC, ATH, HUU, MEB, ROR, PAS, JOL, BSR, OMS]"}, "71": {"gemma": "[JTY, PKA, YXC, OPO, AZS, JAL, ESC, JKG]"}, "72": {"gemma": "[ASJ, ATT, PBM, SMI, YAT, UAQ, HGA, SMS, STL, BUD]"}, "73": {"gemma": "[LET, TBZ, XFN, IUE, BKW, HND, FAI, LET]"}, "74": {"gemma": "[WJR, RVN, KKH, CKS, ITB, TUC, PRN, JKG, YRG, NSQ]"}, "75": {"gemma": "[IBE, ARM, TBN, JGA, OZH, LPT, MTY, BSK, GAO, PDT, IBE]"}, "76": {"gemma": "[NTQ, CGN, CXF, RTW, PAF, SCN, SDG, OSR, PVD, PAF, RTW, CXF, NTQ]"}, "77": {"gemma": "[AER, SAX, TTE, GDT, DAL, AOE, JGD, VLC, BJM, AER]"}, "78": {"gemma": "[VBV, CJJ, HTA, SMI, ARN, LPL, PDG, SUX, MQL, ATH]"}, "79": {"gemma": "[BUF, PHF, YXC, SVU, NCE, YEG, VER, HNH, SGU, UTT, VCL, MFE, FEG]"}, "80": {"gemma": "[RPR, UDR, SRY, PYJ, CZU, CIF, GIL, RPR]"}, "81": {"gemma": "[MHQ, ZHY, OAX, FRA, YZT, DIU, GRR, NJF, TJQ, BBO, MSW, GOA, BNI, PAV]"}, "82": {"gemma": "[PHE, RUN, SJK, CPO, HYA, BPX, SVP, KUA, ORV, MPN]"}, "83": {"gemma": "[CUC, RKD, ABJ, WJU, XBE, ASP, MLN, YYG, JYV, WSN]"}, "84": {"gemma": "[BUQ, YQU, OGG, CFE, HLD, BUQ]"}, "85": {"gemma": "[ASJ, PHC, IAN, ZYI, PJA, OIM, GEO, BGR, OUZ, PSO, FSP, LAE, DWC]"}, "86": {"gemma": "[GOM, RDV, YUM, ORI, BHV, MUN, GOM]"}, "87": {"gemma": "[WWT, PMF, DQA, AMQ, OCC, NNT, YAK, WWT]"}, "88": {"gemma": "[REU, UCT, KUT, CSX, NLD, CJM, AAN, MKM, SXI, KKI, SKT, REU]"}, "89": {"gemma": "[TAO, YPW, YAM, WWK, RTA, PTJ, CRM, YAM, TAY, TAO]"}, "90": {"gemma": "[OZZ, KGD, FLO, DSA, PUB, KCT, OSY, DEA, ULO, FLO, OZZ]"}, "91": {"gemma": "[EYK, UTP, CJA, STG, YQX, YQC, EYK]"}, "92": {"gemma": "[GGW, ART, PKU, LDS, LPI, MHC, YDP, CIC, MYG, AXR, GGW]"}, "93": {"gemma": "[BOI, YXP, LUH, HDY, KSO, MKG, LNJ, SEZ, SHB, BHS, LUH, AHN, YXP, BOI]"}, "94": {"gemma": "[JNZ, YPH, THL, RDU, UVF, ICT, TMT, OZZ, BMA, AXK, BWA, URS]"}, "95": {"gemma": "[LGP, CTU, TYS, NSI, LST, ADD, SBP, AXA, KAT, FRS, LGP]"}, "96": {"gemma": "[HYL, ACK, UNK, KGX, CCK, SHR, MEU, LAP, INC, COO, TIF, ILD, WRY, KKA, SEZ, DLH]"}, "97": {"gemma": "[ROC, YUY, ALG, AMD, MAA, FSZ, KBR, LCH, ROC]"}, "98": {"gemma": "[LMN, RDU, TMR, AQP, SKE, YFA, BSS, STZ, RJK]"}, "99": {"gemma": "[RBQ, KTN, MAR, TNA, SKU, PMC, SVR, LAM, HAQ, JST, ROP, RBQ]"}, "100": {"gemma": "[ARC, TSN, SHA, DAY, GRK, LPQ, TCO, KSU, HOD, HYG]"}, "101": {"gemma": "[CEK, YWB, PPB, MPL, HAK, GGG, EZE, EWN, CUZ]"}, "102": {"gemma": "[QFN, HKG, KWL, FRS, KAW, GHT, JUZ, BBA, HTI, LOS, QFN]"}, "103": {"gemma": "[TAM, PXU, DVO, NNB, JIQ, SYQ, MBI, LMN, TAM]"}, "104": {"gemma": "[CEZ, CTL, PSA, CLJ, NCE, ROV, BUA, CEE, NGS, TWF, MZT, DAT, CEZ]"}, "105": {"gemma": "[LPP, KJA, WNA, GXH, MBA, KRP, LXG, ABY, LPP]"}, "106": {"gemma": "[BAL, TME, LGK, TTT, BZV, MUN, QRW, PGD, TLC, BAL]"}, "107": {"gemma": "[PLJ, WUZ, YHZ, AGX, RNL, EZE, MKW, AAY, PLJ]"}, "108": {"gemma": "[PCL, RCE, RUH, OVB, MNS, ATM, HAN, ADB, IAD, UTT, KYK, NOZ, IRZ, HLZ, SCO, ATW]"}, "109": {"gemma": "[JBQ, EDL, GUM, MJN, BAX, RMP, PSA, DXB, KYU, JSH, LAI, GSE, NAO, BCD, BDP]"}, "110": {"gemma": "[CJS, PEE, RDN, YRL, SLH, TGI, PSA, INL]"}, "111": {"gemma": "[PYY, CFB, HME, FLR, ARU, SBW, JLR, GIU, PMC, BHB, PLS, ZIH, PBL, VAW]"}, "112": {"gemma": "[CUC, ALS, GYA, VXC, DUS, MAA, SSJ, AOK, BJL, CUC]"}, "113": {"gemma": "[CZE, PPW, VLV, PAS, TYS, XUZ, LDH, URG, PKR, JER, CZE]"}, "114": {"gemma": "[UDR, KGP, GBT, LSC, JUJ, VIS, GJA, ZHA, URG, KLU, KCC, LUV, GRV, PIT, HAK, AMQ, ESC, RIX]"}, "115": {"gemma": "[FUK, PLU, JBR, GOI, PUE, SLK, RST, LZC, HIR, CRL, JKR, JUK, NDB, ODO, FUK]"}, "116": {"gemma": "[POR, ADE, CJC, RLG, PHO, HPH, SHR, JOS, YSJ, IOS, OZZ, BFN, BBN, MYG, JOI, JER]"}, "117": {"gemma": "[GLT, CMW, STZ, KYU, MRZ, LGA, DWD, IFJ, SLN]"}, "118": {"gemma": "[PQI, TMJ, CJB, YPY, AUY, BIS, HJR, AAE, EJH, INH, ARN]"}, "119": {"gemma": "[VAA, TDX, BOM, YGJ, SHW, PLO, NDB, DOL, EQS, BNS, MYA, VAA]"}, "120": {"gemma": "[TWU, PGV, NUL, TCD, SHW, MHC, DOH, YHK, UUA, ENA, PGU, TWU]"}, "121": {"gemma": "[UTH, CYS, FNT, LQM, ZAG, BMA, JDZ, GZO, NGK]"}, "122": {"gemma": "[IXU, PSP, MDW, BDA, ZIG, ULO, DWC, KTA, MQF, BVC, MTR, JAC, RUS, PZO]"}, "123": {"gemma": "[GLT, CPC, SHD, BSO, YVP, DLE, NOS, HOR, FCA, BVE, GLT]"}, "124": {"gemma": "[TCT, UBA, KSE, SNO, LBE, ABM, YWP, EXI, TCT]"}, "125": {"gemma": "[XBE, CJL, HHN, GBT, TID, ULN, GAM, BSS, JJA, JSU, BPL, TEQ, RXS, CVU]"}, "126": {"gemma": "[DLM, TOB, GDL, KPN, FSD, HRB, DLH, LUW, TYF, DLM]"}, "127": {"gemma": "[VLY, PNH, YUT, CVG, JKL, RAP, FIH, VIX, AZD, KLR, MAQ, MYW, KDH, NVK, YGV, BDU, PNH]"}, "128": {"gemma": "[MRX, PEN, NME, SRX, ARH, UAS, ITO, CCC, PEN, BWN, IST, MRX]"}, "129": {"gemma": "[HLH, STC, NDG, CYF, LUW, EWR, MGA, HGH, KDI, CFB, DVO, LZY, NZH, TOL, PIB, SBY, GSE, ZBR, MXZ, DDG]"}, "130": {"gemma": "[AYQ, PQM, PEM, ZIH, CFU, BKC, ISP, FSM, JTC, MAM, NLD, HGU, TQA, CAP, JCB, KSY, AXP, MAM, NLD]"}, "131": {"gemma": "[PNA, YWP, ARH, NLT, SNO, NSI, IAS, PAS, EZE, AHU, REL, IPA, PNA]"}, "132": {"gemma": "[SYD, TIA, EDL, MGW, CHG, YIC, CRI, YNO, OAK, KIN]"}, "133": {"gemma": "[ZLT, TOB, YCD, ATT, GMA, CCC, BWI, LKN, JPA, FLA, IXC, GWD, ZLT]"}, "134": {"gemma": "[YGJ, ROW, CUU, YUT, SPI, BVE, MUN, YGJ]"}, "135": {"gemma": "[LSE, CLD, RHO, SHH, BYN, HVN, IBZ, LBV, PAD, GRR, CAW, BEU]"}, "136": {"gemma": "[MAG, CUK, SBY, ORV, JAI, NYU, XUZ, MAG]"}, "137": {"gemma": "[CFK, TUP, CXB, SKP, IXL, LBV, HYN, TUK, CUQ, FLW]"}, "138": {"gemma": "[IAO, RSD, YRT, KGS, XRY, JQA, MID, ACA, LYS, DLZ, NNB, YRL, OBY, AGS, JAL]"}, "139": {"gemma": "[FUK, NER, CVM, JMU, YRA, SAV, PAS, EAM, JCK, LAR]"}, "140": {"gemma": "[TIF, CJB, SHG, UNK, JSH, YFH, GFF, LMM, TCT]"}, "141": {"gemma": "[OIM, SEN, YGZ, PMC, FRW, MCM, MUR, OGZ, MGF, KSA, OIM]"}, "142": {"gemma": "[MHG, CMN, ATK, SBY, ZBF, BMA, MDK, YOG, BNN, CGM]"}, "143": {"gemma": "[ROA, LAP, RHI, VIX, XIY, SYZ, AXA, OMR, EAU, ROA]"}, "144": {"gemma": "[LBP, GXF, PBC, MAD, GRV, PGX, HNS, IPT, VIJ, XQP, LBP]"}, "145": {"gemma": "[HGN, COD, AAT, YBG, NLG, LFR, HVD, HSV, CIJ]"}, "146": {"gemma": "[LRD, CLY, SRY, WHK, KOK, FMM, CDG, BBK, DCM, VAK, MBI, LTX, LRD]"}, "147": {"gemma": "[BUQ, TYS, SJT, VLC, VLD, RFD, SCZ, SLY, TTA, LDU, LKL]"}, "148": {"gemma": "[EMD, OVB, AUX, MSA, WNP, AQG, BIS, SWF, DOK, HDS, UTN, EMD]"}, "149": {"gemma": "[FOE, TOE, PNS, LRD, PIE, FTA, HOB, GLA, PTP, TXL, OSL, MVY, MBA, LAS, LBD, FOE]"}, "150": {"gemma": "[AMH, KTT, IPN, SJK, OZZ, HJR, CDJ, ACY, KHZ, LAQ, GRJ, VDZ, BJV]"}, "151": {"gemma": "[TRK, HUU, GYE, YTE, AZO, HLN, KIM, KOI, OBO, MVR, PKC]"}, "152": {"gemma": "[ADL, KWT, VKT, FAY, SAL, HOT, KID, ADL]"}, "153": {"gemma": "[PQI, SRG, CAH, MTV, PUQ, VPS, JMU, LOE, MRS, ZBR, WDH]"}, "154": {"gemma": "[ACT, PZB, AJI, TGP, OAG, DQA, PHW, LMM, NAJ, TMP, DGO, MHT, PVK, ACT]"}, "155": {"gemma": "[DZN, NPL, HTI, SRV, GAM, CPO, DME, IXA, KCA, SZA, NME, LZY]"}, "156": {"gemma": "[BEW, RAK, TME, YZG, SCQ, FSP, PSR, ACX, GAL, NUE, SPD, GLH]"}, "157": {"gemma": "[UGB, RFD, BVC, GDZ, LDH, JUB, TOS, BJV, UGB]"}, "158": {"gemma": "[CIZ, SPC, AGH, BUZ, CTM, URJ, KGE, CIZ]"}, "159": {"gemma": "[MJT, CRW, BJX, PKY, OUD, WTL, HCR, GUC, CRK, PFO, NTN, LEN, LEA]"}, "160": {"gemma": "[TTJ, KSY, GAN, SHP, NGS, QUO, MFR, MDL, GDN, TTJ]"}, "161": {"gemma": "[YBG, RJH, CKG, TME, TOG, POP, AQG, KFP, RRS, TGM, BDO, OUL, ANU]"}, "162": {"gemma": "[ISA, KTM, UBP, YFC, LRH, EOH, KOO, MUX, ISA]"}, "163": {"gemma": "[PAG, BDJ, VLC, JOS, PPP, BBI, OSI, AEY, AAQ, MJZ, GAJ, CVU, KAE]"}, "164": {"gemma": "[KLO, YOG, NKG, PQC, TEE, MMU, SKO, ASP, MUB, ORY, GIG, LZC, TMI]"}, "165": {"gemma": "[IRA, YGJ, BZE, EDI, LYH, RST, YVM, ZRJ, SXK, CUZ, NVK, ORF, MFR, SDL, NUP, KEP, ZQW]"}, "166": {"gemma": "[MEL, RTB, EAT, KAE, YTL, YAX, MGT, KKN, RSH, BSB, EJA, MHT, JAV, ACY, ARN, TGG]"}, "167": {"gemma": "[CIP, MWZ, KGL, CPV, JXA, PGD, HRI, ZNZ, THD, AXM, OOK]"}, "168": {"gemma": "[CZH, CTL, TFI, IAR, CAC, SNW, YLW, KPV, BRM, MTE, IBZ, TGI, NOJ, SOU]"}, "169": {"gemma": "[GRX, YKG, NDJ, PZO, JSI, SUX, BPS, TRS, NGS, WLG, NDJ, MGT, EGX, PKC]"}, "170": {"gemma": "[BDH, ARN, MLA, VGA, AZI, KAE, LKN, MMB, BQL]"}, "171": {"gemma": "[AEX, CRD, UNK, YVO, PAT, SKN, ZVK, DAB, PVU, EDR]"}, "172": {"gemma": "[LUM, DRV, YUT, KAE, SHM, VCE, CAC, RGK, BHU, PXM, AQA, KGC, IJK, YOG, YUT]"}, "173": {"gemma": "[MEL, TLM, RNA, CED, JXA, XTG, LGK, RGA, NKG, DLG, LUG, SCM]"}, "174": {"gemma": "[CAJ, PNQ, MGZ, KCG, SNA, FMM, DEB, SCZ, HOB, CAJ]"}, "175": {"gemma": "[WAA, NAP, ORH, ROI, UNN, RJA, BHI, DLI, XNN, SOY, ZAL, TEQ, FEG, CDR, CJJ]"}, "176": {"gemma": "[TRW, YXN, GRV, BTV, UTT, XKS, IOQ, MUR, ACZ, DJJ, TRW]"}, "177": {"gemma": "[TRI, CKS, JQA, MMJ, GRR, FNC, BLI, SOQ, ROA, PEK, MRV, AAY, ILR, WMN, JOS]"}, "178": {"gemma": "[ASU, OAX, PHX, OMA, WIN, KWA, YQX, IAG, CEZ, SKB]"}, "179": {"gemma": "[ABJ, PKU, IAS, CYB, YNY, PHE, DHI, VCP, ABJ]"}, "180": {"gemma": "[PIR, ATK, CHG, PKY, TMC, NKG, EAR, PQC, PVC, MME, EOI, KLV, TGP, PIR]"}, "181": {"gemma": "[FRO, RMF, YRB, TLT, DMU, TPE, SXO, HUI, ORB, LNS]"}, "182": {"gemma": "[PDS, ART, PMW, CJJ, TUS, KNU, PMW, ART, PDS]"}, "183": {"gemma": "[PUM, KAE, KTN, PSG, ERM, ROI, FLA, SAH, PPG, CAW, VKT, AXM, ULO]"}, "184": {"gemma": "[BBO, VRN, PES, RBY, GNM, OSW, DJJ, BKY, OLG, OGM, DAB]"}, "185": {"gemma": "[TLH, CNF, NRT, BKC, HOV, CTA, YTL, JUV, PLO, ELC, UEL, TZL]"}, "186": {"gemma": "[TRK, KHH, RBA, TUC, MGW, PLN, IXC, TRK]"}, "187": {"gemma": "[SHM, KPN, FLN, EBH, TIU, CJA, DUR, ACH, HRK]"}, "188": {"gemma": "[MEL, RGA, EVV, GFK, JOG, NLT, PGA, MKQ, PWE, MEL]"}, "189": {"gemma": "[HGN, CGB, LEJ, KWK, PUW, LPA, HLA, DIU, TYR, HGN]"}, "190": {"gemma": "[PIN, XBJ, YGJ, USH, GYA, SNN, MAR, PER, LAU, SOM, DIJ, MMO]"}, "191": {"gemma": "[MRS, OPO, SCN, BSL, YVB, INB, PHS, KFP, DYU, OKA, MRS]"}, "192": {"gemma": "[WAA, CLV, DAY, YMM, CLV, SGC, HVR, CLV, BGO, WAA]"}, "193": {"gemma": "[CAG, YBR, CBH, DLY, ALH, MBI, SSA, YQY, BLZ, TPE, PXO, LCG, ATQ]"}, "194": {"gemma": "[EMK, TRN, VKT, SMA, TLJ, STW, ORF, ATM, KSC, SOG, BMI, DND, ANF, LBC, EMK]"}, "195": {"gemma": "[SRE, BYC, TQA, KRY, KVG, DDC, LLK, MTS, SRE]"}, "196": {"gemma": "[PTP, TSH, GYS, RDD, YOL, NME, DPL, POJ, LSE, KOV, YAP, GCN, BUW]"}, "197": {"gemma": "[LFT, WMX, ADK, SGN, MCK, TXK, AVA, NAO, ILO, LFT]"}, "198": {"gemma": "[LSC, JTR, CGO, PKB, KLV, SJU, DHM, GYS, LKN, CSX, CHU]"}, "199": {"gemma": "[STG, CCK, GBT, KKC, JYV, IXG, KBU, STL]"}, "200": {"gemma": "[HSV, ARH, SXR, BUN, ROO, WNH, GZO, SSY, VDB, BIA, LPS, HSV]"}, "201": {"gemma": "[MNL, YGH, ASU, PIZ, IAS, JHW, IPI, DIN, BBN, YYT, SKK, WEF, MNL]"}, "202": {"gemma": "[FRE, PPQ, JER, MXV, SJE, SIP, PBC, BAX, HEA, ZCL, YBK, PIE, TRC, AGB]"}, "203": {"gemma": "[PDL, YGZ, BHD, HKN, UNN, GST, ELF, LFM, MQM, PDL]"}, "204": {"gemma": "[ARC, GAN, CCC, KCG, IXZ, MGQ, VNO, MXL, KCC, ARC]"}, "205": {"gemma": "[MOV, CGO, TLT, IXM, GTE, SJZ, MEH, ZLT, MOV]"}, "206": {"gemma": "[YBG, CCJ, PND, IFN, WDH, MWF, YKQ, PKB, YZG]"}, "207": {"gemma": "[CGH, PKU, TFF, DHM, YPN, JJU, FSM, CYS, CGH]"}, "208": {"gemma": "[CIK, SVB, EAS, TBU, LAO, ONT, VCE, MPH, CIK]"}, "209": {"gemma": "[FTA, CAK, ANM, GPA, HDN, CND, PSM, REG, IGU, CAK, FTA]"}, "210": {"gemma": "[TSH, SJT, YHO, BHI, FSC, XIY, EDA, BHM, TBP, LUW, DZA]"}, "211": {"gemma": "[BMV, EGO, GYE, LWB, COK, YPC, MKW, UEO, ZNE, AMD, BMV]"}, "212": {"gemma": "[SON, TMT, MIA, FWA, BHJ, COD, QOW, PAH, DHN, NTL, UNN, GLH, SON]"}, "213": {"gemma": "[MSN, AIA, KYA, STW, FUT, GIU, DLH, OZH, HNS, MTE, MCN, LCR, PRA, WNA]"}, "214": {"gemma": "[EGN, CNM, TFS, YRG, DPL, KUA, LCG, EGX, UUS, NBO, PRN, TIJ, VII, ZVK, LPL, GDV]"}, "215": {"gemma": "[BJB, GCH, MOB, ERZ, RYK, FKL, BJB]"}, "216": {"gemma": "[RUA, KIM, SFT, PNK, BYN, DAY, GWL, UPG, KOO, PGU, REU, MAD, PUU, RUA]"}, "217": {"gemma": "[JGD, GIL, YHO, ULO, OKC, SKU, ZIH, BHU, JGD]"}, "218": {"gemma": "[YXE, ICN, LBB, ITH, ZEM, PBO, YNO, KNS, ASV, LBB, YXE]"}, "219": {"gemma": "[SON, DAV, HRG, TJQ, PIP, KCK, VLS, BIO]"}, "220": {"gemma": "[CLY, RAE, VNX, MUE, HOU, CLY]"}, "221": {"gemma": "[ORK, GEV, ULV, JNX, CFR, TBG, YHZ, SWF, SUB, BEB, FLW, RGS, PVD, ULV, JNX, JUV, ORK]"}, "222": {"gemma": "[YTZ, ROR, AOI, YUX, TQL, SVZ, CCK, DFW, YYT]"}, "223": {"gemma": "[KSA, PQC, CMU, EJH, KKA, PAF, HTI, ALH, VST]"}, "224": {"gemma": "[ACA, YVR, GWT, BVA, DED, GLO, IUE, EYW, ACA]"}, "225": {"gemma": "[PNP, PEN, GYA, BDA, SFO, ACE, FIH, SDD, UST, LPM, KKJ, BRU, RUN, IZA, MOC]"}, "226": {"gemma": "[EUG, DCY, YVO, DSA, MMJ, KBU, VPY, YFH, BWA, KOZ]"}, "227": {"gemma": "[CIZ, YGV, SVI, AMD, HND, NBC, AGN, LOE, IZO, CIZ]"}, "228": {"gemma": "[LPD, RBA, YGW, OLB, KLU, CDV, ODS, LEB, LIH, YJT, KAD, KLU, TUG, GOJ, BUX, TUG, LPD]"}, "229": {"gemma": "[PIE, RCH, CIF, LGL, VSA, SZY, PIE]"}, "230": {"gemma": "[UPK, RVK, CSX, SJU, BDA, MAH, FNC, AOG, JJU, LAZ, MUC, UPK]"}, "231": {"gemma": "[BIR, TBI, YYE, HMV, LRR, PZB, URG, TAB, ELQ, TUS, BIR]"}, "232": {"gemma": "[MQF, HDM, SOG, YBK, PQM, SPR, UYU, DDC, LHR, PLU, ROI, MTS, OIA]"}, "233": {"gemma": "[NTQ, CHQ, VIX, SXP, FUK, ABR, UST, YKG, NTQ]"}, "234": {"gemma": "[CFK, GPT, YYT, UKX, PM, KWA, BOS, FKQ, BIQ, CPK]"}, "235": {"gemma": "[SID, KKB, NBO, TMU, TVC, GDE, AEY, YTH, KET, MZT, PAT, SID]"}, "236": {"gemma": "[TSV, RVD, YYH, ORV, SJW, OGX, AXK, FTE, BKI, TSV]"}, "237": {"gemma": "[KSD, COO, VQS, TRD, YYR, PAV, PET, CKB, AGM, KCG, SYO, MTJ, KCT, VLY, THD]"}, "238": {"gemma": "[KTS, PNZ, HDM, YXN, KUS, SDE, MZG, PTY, MDQ, NLK, BHY, JTC, KTS]"}, "239": {"gemma": "[SXF, GLV, TUS, KUA, OAL, SVC, QFG, XEQ, HNA, NTL, FAO, SYQ, BVV, CUL, HNH, ECN]"}, "240": {"gemma": "[HLH, GDN, YBK, SLZ, GOP, QRW, INV, GDL, WAT, LUH, AXD, GAM, GLN, BHO, SJC, AUK]"}, "241": {"gemma": "[CSG, OPO, YAK, MCZ, BYN, TMI, BQK, AXP, VDS, CSG]"}, "242": {"gemma": "[FBM, CPO, YQQ, ADZ, KZI, MCX, RYK, HFT, MSQ, QJH, KUD, FBM]"}, "243": {"gemma": "[ROP, EYW, KSH, INZ, BEJ, ORD, LST, ROC, AGU, DME, KMS, RHD, ROP]"}, "244": {"gemma": "[YSM, GAN, GYD, KCA, NWI, SRE, AAN, GRV, MXL, EWB]"}, "245": {"gemma": "[FNT, TRN, ZFM, CDV, HNL, DGO, KSQ, JOE, ABR, TMJ, FNT]"}, "246": {"gemma": "[TID, KUZ, YPN, TVF, RMP, TID]"}, "247": {"gemma": "[MHG, TOB, VXO, MSN, YQT, CMW, AXP, BKY, BEJ, MHG]"}, "248": {"gemma": "[LOE, YDP, CGR, JKG, AGF, BJX, UBJ, LOE]"}, "249": {"gemma": "[BOC, LIM, LMA, AJL, DJG, SEZ, SXK, MQH, LKL]"}, "250": {"gemma": "[FYU, RRG, WVB, SMX, KHV, IJK, CRI, OSY, BHS]"}, "251": {"gemma": "[YWJ, SMR, CXJ, JNZ, TNO, ORD]"}, "252": {"gemma": "[HIB, SPR, IXM, CPR, CMU, PKC, FRO, ELI, VOG, MNS, YAC, YUD, HIB]"}, "253": {"gemma": "[KRO, SDG, GRI, PEE, MYQ, TUC, JYV, CHO, DEL, KRO]"}, "254": {"gemma": "[IXB, YCO, SXR, ZMT, ADA, ELP, YPR, CYF, IGD, SFJ, IXB]"}, "255": {"gemma": "[BHD, AYT, KUT, VAW, PTY, IAD, TMC, IOQ, KSQ]"}, "256": {"gemma": "[SLL, RZE, XCR, PPG, FNC, BQL, SLL]"}, "257": {"gemma": "[LPD, TVS, VRN, ACK, SJT, HOG, IBE, TML, JOE, NAO, IPA, KYP, SVJ, UDI]"}, "258": {"gemma": "[TVU, YWB, SVS, YCG, ACC, YXN, BSK, DPO, MSW, ZPB]"}, "259": {"gemma": "[MGS, SEN, CGB, XKS, KGC, BEU, LGG, JER, YVZ, LXR, EDI, BSL, HDY, MGS]"}, "260": {"gemma": "[REU, JED, YVR, ITM, PEG, LCE, VTE, PAP, REU]"}, "261": {"gemma": "[OLL, RJH, ZIH, PSA, ZEL, YPW, LAZ, FOR, CDB, DLG, OTH]"}, "262": {"gemma": "[ADL, CJJ, TLN, IRK, NQN, TIH, CLO, JUB, ESL, AUR, BUZ, MOQ, NOZ, ISE]"}, "263": {"gemma": "[TAM, PPV, KBP, JPA, GLN, SRP, RYG, UMD, ELV, BUC, BGG, EVG, MDZ]"}, "264": {"gemma": "[LSE, WUZ, KKR, MLX, SJO, YSK, BIA, MAN, ATZ, YSK, LSE]"}, "265": {"gemma": "[URE, ART, CUU, SJD, BCV, SLC, MXX, URE]"}, "266": {"gemma": "[YWK, CYF, LAU, GSP, MFR, GAO, ISA, ELG, YDQ, CWB, YWK]"}, "267": {"gemma": "[HLD, TCB, AKF, STT, PKY, TBG, TML, PUU, KUN, HLD]"}, "268": {"gemma": "[TGZ, XTG, HJJ, SHG, ROV, GDL, YKQ, ACE, WIC, GCM]"}, "269": {"gemma": "[YHM, PGK, FSZ, GHT, RMT, AOK, MXL, DLY, MIS, JXA, BBI, OVD, REL]"}, "270": {"gemma": "[YZR, SKE, YGP, YUB, MRZ, CEI, KKH, ESB, PRI, CGI, HUY, BMW, CFU, YZR]"}, "271": {"gemma": "[ROC, GZT, MLH, CRP, UMD, GSO, NPE, HUU]"}, "272": {"gemma": "[LEH, SUG, LGW, PIA, KEM, TIM, MKY, HOR, OZC, LEH]"}, "273": {"gemma": "[ZAD, SCT, QOW, URY, YUM, ORF, GHB, MNL, TKS, FMA, BMV]"}, "274": {"gemma": "[EGC, PMW, CTG, DNR, MJF, AGP, IPC, MYT, STW, BES, EGC]"}, "275": {"gemma": "[FOE, ANU, TUN, AZS, YVO, ORX, KGT, PER, TSJ, SAB, FOE]"}, "276": {"gemma": "[BBO, CKY, TFS, TIJ, ODS, NSH, TMC, KLV, GAJ, KCO, BBO]"}, "277": {"gemma": "[YWG, PQM, DRG, SJU, YKA, ABQ, SDP, BIA, JNG, JJU, BRQ, POZ]"}, "278": {"gemma": "[DNK, ROP, TNC, MDT, PBD, CGO, BIM, DCY, WNA, NLA, IPI, RNL, KOO, LWY]"}, "279": {"gemma": "[KOP, PSR, YUL, VAN, YWG, BAQ, CMB, LTN, SSR, UPN, TUN, OMO, KIN]"}, "280": {"gemma": "[BMW, YHZ, BSK, UBP, TMC, YVM, BCD, YLH, ZAD, NAV, GOQ, HBX]"}, "281": {"gemma": "[KPO, CTG, PUQ, INB, YHR, BJZ, AKJ, CMW, OBO, TCR]"}, "282": {"gemma": "[SLU, TBN, CCC, SZE, NYK, NRA, SJU, VEL, MKE, MOV, SLU]"}, "283": {"gemma": "[TRI, CPE, YXC, YQZ, BVE, CHC, MLB, SMF, IPT, VGO, FLS, MXX, BVE]"}, "284": {"gemma": "[TAM, RNO, GDE, ARW, YCU, OUD, PND, MDQ, IXB, TAM]"}, "285": {"gemma": "[DEF, CUU, YPC, APO, PAS, ETZ, ITB, AGX, CGO, SYZ, VDE, YER, ITB, EXI]"}, "286": {"gemma": "[KIT, CSY, IXD, CUR, PAT, TLM, BOY, PPS, KIT]"}, "287": {"gemma": "[BME, PHL, FMO, PNR, LTO, KAJ, MSQ, LBJ, KCL]"}, "288": {"gemma": "[YIK, CAK, STX, PCR, AJR, VKO, WNZ, BWN, CBB, PUQ, IPH, GST, YYH]"}, "289": {"gemma": "[PWM, LRT, CAC, PJM, NTN, ALA, MMJ, NGK, PWM]"}, "290": {"gemma": "[BVS, FOR, YTL, PYJ, KZB, PGU, TKE, DHB, GEL, CRI]"}, "291": {"gemma": "[MZV, USH, GDV, IXZ, EBU, REG, PMI, AGH, OLP]"}, "292": {"gemma": "[CFU, KCT, CXI, PGF, GRB, KIR, LBU, ZBR, AGU, AUG, IPH, BEN]"}, "293": {"gemma": "[LGI, TSJ, RRS, GLV, KUT, NCU, QOQ, EKS, AUA, BUQ, LGI]"}, "294": {"gemma": "[LPD, YFS, LNV, CUQ, FOR, UIH, YPH, BEG, TAS, CRM, BUX, LPD]"}, "295": {"gemma": "[KRS, CSY, WAE, ORF, COK, MYG, CHY, CUQ, PZH, KRS]"}, "296": {"gemma": "[KLO, RUH, SJL, GAE, NUS, ISE, UPN, KLO]"}, "297": {"gemma": "[APF, PTU, KSU, MRZ, ISC, PTU, APF]"}, "298": {"gemma": "[RPR, CPD, HRB, GDL, KVA, YTE, YRA, CDR, RPR]"}, "299": {"gemma": "[SAB, FDF, MCZ, UKK, BVA, PTG, DPO, BAZ, GYE, NBX, ATQ, DOK]"}, "300": {"gemma": "[GOM, DRV, TQI, SVB, AQI, GMO, EDI, MID, BGA]"}, "301": {"gemma": "[EGC, USK, NUL, PAF, YDF, FNA, LUQ, MUB, KAJ, NUL, BAX, BXB, USK, EGC]"}, "302": {"gemma": "[ILO, TOG, AMA, MSN, TVS, HMB, PPV, LNY, RET]"}, "303": {"gemma": "[HDS, KSN, TTQ, VEE, PHE, LOD, HRK, NAH, LKL, HDS]"}, "304": {"gemma": "[PNS, SHA, LRS, ULG, GOU, DNR, FNA, HON, MPP, LHE]"}, "305": {"gemma": "[PIN, YBX, HTI, SIN, LED, AVP, OMA, YQQ, CAL, YGW, PAP, DSM, KKI]"}, "306": {"gemma": "[WJR, TFN, YPC, ZIH, ONJ, BWK, ZAZ, MNS, NIM, OLC, TAY, WJR]"}, "307": {"gemma": "[VVI, BTC, COR, YVM, DFW, NGQ, PSM, SUB, BYC, CKS, LNK, TKK, VVI]"}, "308": {"gemma": "[ACU, SBN, ONG, SVR, RST, CEC, BKK, OWB, DMU, MNG, NOV, PAF, BIK, DJJ]"}, "309": {"gemma": "[BNE, MKP, GAU, HSL, AXR, TEN, PDA, YGL, MAQ, SYM]"}, "310": {"gemma": "[SJW, CAC, KIX, CSH, BHB, MLE, MYY, OMD, SJW]"}, "311": {"gemma": "[TSV, XKS, NLT, GCK, MBJ, DIE, PER, BDJ, TSV]"}, "312": {"gemma": "[REX, CRW, YTZ, ROO, IOS, KND, XBJ, PEN, REX]"}, "313": {"gemma": "[RIC, TSN, HMO, CCS, SKX, BAV, HOU, TGM, GMA, OVD, BTM, HMO, TSN, RIC]"}, "314": {"gemma": "[PDS, BTK, YUT, LKO, PEU, KLR, WLG, OSR, RMI, MCK, JCB, PDS]"}, "315": {"gemma": "[MCY, BLI, FLG, ZHA, KSU, GBE, ERM, PAH, VNO, HLA, BEU]"}, "316": {"gemma": "[CCV, TCD, VCS, ASV, EGX, DSM, TTA, CAK, NBC, BKG, MGH, CCV]"}, "317": {"gemma": "[TBT, CMW, ULN, BZR, TST, DLC, ASW, BCI, HLA, LJG, DQA, TBT]"}, "318": {"gemma": "[ECN, SBH, CXJ, AJU, DAX, VCL, TKD, AQG, ECN]"}, "319": {"gemma": "[UPK, KHY, FJR, AZI, UNK, BTK, PSM, YUS, KWL, SZB, EOI, BGM, ZMT]"}, "320": {"gemma": "[DNK, FNI, SHB, ODO, PIZ, MOD, ZPB, FRW, EBB, PIR, HZH, DNK]"}, "321": {"gemma": "[MRE, TSR, RCH, UTP, GFN, JFK, EBA, ASW, PED, RDU]"}, "322": {"gemma": "[RBV, KOK, DUS, RLG, HND, BJV, SOF, MDW, YNY, LAE, BJV]"}, "323": {"gemma": "[MUC, CLD, YKA, TQL, SFA, ADQ, KMG, OTP, GOI, BQN, ILG, FUO, KAN]"}, "324": {"gemma": "[LDU, PMC, WIC, HMV, NMA, NVI, SYX, YCY, ANG, TXL, KLR, LDU]"}, "325": {"gemma": "[YBK, DLE, RDD, KCT, MKP, LKN, OAX, PDT, JNX, CMN, ZUH, DKR, MDT, BIS, SUB]"}, "326": {"gemma": "[RVK, SHC, KHD, MRZ, NOS, ACY, BUZ, RVK]"}, "327": {"gemma": "[SLL, URC, AMD, GLV, SJE, MKE, MAB, MKP, HNA, SLL]"}, "328": {"gemma": "[UKS, CCJ, ABV, URA, SMR, YVQ, PIT, CCJ, UKS]"}, "329": {"gemma": "[LWY, QRO, ABT, SZG, YKU, LBJ, STL]"}, "330": {"gemma": "[VVI, TRF, HDF, BBO, KEJ, MNL, PVC, LOS, MYA]"}, "331": {"gemma": "[RKD, CLD, EDO, FJR, UUS, QUB, RCH, HIJ, KPV, RIB, IXE, YKU, BDA, ALG, EZE, IGA]"}, "332": {"gemma": "[PJA, TCB, DBV, SYQ, SKU, VAW, ERN, NAT, MYQ, IFJ, TCB]"}, "333": {"gemma": "[SPC, THN, GDE, YQF, LAU, BAV, ODN, PEM]"}, "334": {"gemma": "[BZG, WUH, CGP, CJB, PIH, YWH, KOS, MJD, LEB, BHD, PBL, BZG]"}, "335": {"gemma": "[FNJ, TLS, GHE, ROV, MDZ, LCK, MCY, PLZ, VHC, LDB, CYO, LJU, AFL, TGZ, MGS]"}, "336": {"gemma": "[KET, RNA, MLM, YIE, ZGS, TCO, HOG, LYP, ZUM, NOJ, OZC, KET]"}, "337": {"gemma": "[VDA, PKA, YKA, RAP, BQK, OGX, MZL, SBZ, MUN]"}, "338": {"gemma": "[UKS, SHH, YKT, YXC, PPT, SML, NAP, OME, DYU, YHU, GAN, LKN, HME, IPH, IPA]"}, "339": {"gemma": "[FDF, BLL, SCT, CHY, CXH, TKX, MLA, DEL, YER, FDF]"}, "340": {"gemma": "[IXR, RVN, OAJ, HVN, PSG, JDO, LAD, MOD, RIC, MSU, LJA]"}, "341": {"gemma": "[YNT, RSA, PGA, JDZ, TRN, MYD, SJC, HVD, ERM, AQA, PSJ, YNT]"}, "342": {"gemma": "[ABM, ROC, WNP, CJL, YHO, ZQZ, WRO, RDM, LDB]"}, "343": {"gemma": "[ACA, ORH, JPA, MSS, FMM, GDX, CIA, IPL, KUV, ELF, OER, ACA]"}, "344": {"gemma": "[MIS, CKG, HFE, ZEL, TBN, EVE, MYT, WEF, SVD, TCZ]"}, "345": {"gemma": "[MEL, PHX, DKR, AUA, PUE, YQU, AZS, OIA, JBQ, PEM, ADK, YNZ, BYO, URG, PEC, YGV]"}, "346": {"gemma": "[TGC, DGT, LYI, ARH, OKC, TRS, MUB, NRN, MHC, CIH, LCA]"}, "347": {"gemma": "[TBI, PUU, LAP, TLT, FUJ, SLA, BRE, TBI]"}, "348": {"gemma": "[TRI, BDJ, SCU, LBJ, ENE, KUS, YRA, RSH, VDZ, SGD, BSK, ENU, TBG, JBR, UKX]"}, "349": {"gemma": "[JMU, RGN, LRM, ZTH, INZ, HPH, MWX, PGX, JMU]"}, "350": {"gemma": "[FBS, ARM, THL, WMX, KUZ, SWJ, CAP, DHB, LAP, VOL, ELF, FBS]"}, "351": {"gemma": "[JIB, CMX, TZL, LEX, BMA, SKU, DIE, WAT, TOY, JIB]"}, "352": {"gemma": "[DEC, DGT, DUS, HPN, KRY, UAS, IQN, VAO, MQH, STW, DGT, DEC]"}, "353": {"gemma": "[AXT, KAA, NAV, LPT, SCC, BLZ, IJK, RKA, BXB, ALS, JER]"}, "354": {"gemma": "[CAY, CMB, EAR, SJL, HNH, YRA, CAY]"}, "355": {"gemma": "[SYO, HDY, SSY, BFV, CPO, OLC, ALW, MZL, YER, BWA, LDB, AB"}, "356": {"gemma": "[OLC, CDB, YYJ, EQS, CUZ, BKY, MWF, JKH, LWN, OLC]"}, "357": {"gemma": "[PSJ, UIB, SGF, GLN, CNM, YHO, SMA, JOE, KZI, CNX, BOD, PSJ]"}, "358": {"gemma": "[TRF, WNZ, PUY, ZEL, REL, MBJ, CJA, TTU, SPS, AUY, TRF]"}, "359": {"gemma": "[AOQ, TGU, PYH, HPN, DIG, CLL, RDU, YYD, TCT]"}, "360": {"gemma": "[LEH, FAT, KRY, CUZ, APN, KMJ, TIA, KKI, GYD, CGO, SIC, IOM, LEH]"}, "361": {"gemma": "[LFR, CPO, TMU, CRK, VDZ, GAM, HHH, COS, JUL, HIR, AQG, ORK, MBT, GAM, YQR, TAP]"}, "362": {"gemma": "[YBC, ADA, YAM, JNU, GRZ, UTH, MAQ, BJI, NVI, YOL, DHB, PUB, YBC]"}, "363": {"gemma": "[WJR, URC, YZF, GPT, BBK, NYK, HOG, LAQ, UDJ, EJH]"}, "364": {"gemma": "[HGN, FOR, YSJ, STG, AAY, MTM, AFL, BEB, LBE, ESB, AYP]"}, "365": {"gemma": "[AIU, CTL, KAJ, SLY, MDG, SOM, WHK, AIU]"}, "366": {"gemma": "[ORK, CHY, AIA, CNJ, SGC, AKF, LKN, FEZ, COS, BKG, ORK]"}, "367": {"gemma": "[CAJ, URA, KOK, AXD, CWB, MXP, STN, LAD, NLD]"}, "368": {"gemma": "[AAN, CPC, WMX, EGM, AAQ, MJF, OLA, TCD, AAN]"}, "369": {"gemma": "[UTH, KVL, GDT, KWA, PHW, LCR, MVP, DAY, BIR, IXC]"}, "370": {"gemma": "[CAY, ASM, IRG, TTE, LBD, LBA, SYM, CIC, ASU, CAY]"}, "371": {"gemma": "[ELF, XUZ, PTJ, CPE, NLT, SLM, TKD, YZT, ELF]"}, "372": {"gemma": "[RMA, GTE, ZBF, GNV, LRD, BPT, FAT, NYM, MRA, RMA]"}, "373": {"gemma": "[IKI, TAK, LAI, MFR, TTT, NSI, SSH, NBX, BUD]"}, "374": {"gemma": "[HGU, CZE, TLN, GWL, RVD, DOB, CSH, KSO, UAS, KCZ, HGU]"}, "375": {"gemma": "[OLL, ARC, YPM, KMS, GDE, SDG, YTE, PNH, HFE, HLZ, YZF, YYB, OLL]"}, "376": {"gemma": "[DNZ, YTS, BVH, TEE, SCO, IPH, NGK, VNX, PRN, WLS, DNZ]"}, "377": {"gemma": "[KRO, ATC, QOW, SOM, VPE, ADK, HIR, LZH, EUX, RXS, KRO]"}, "378": {"gemma": "[DAT, HRG, SVI, PSG, GMB, ISP, KFP, YUS, BTH, SNP, WMI]"}, "379": {"gemma": "[MHG, CRD, BHM, CYO, YNJ, UBP, BPL, PPW, VAR, IPC, KHQ, TAH, MHG]"}, "380": {"gemma": "[GOM, YNT, LDH, GBB, NBC, PTP, GVR, YYH, JIJ, SNA, YQF, BIM, YMM]"}, "381": {"gemma": "[SOJ, SLN, WIN, KRN, ABR, YEK, VTZ, PVD, UDJ, MGS, SOJ]"}, "382": {"gemma": "[NGB, CUK, SGU, MDU, MAD, YUY, ONJ, MJM, IVC, CJB]"}, "383": {"gemma": "[VRA, YTL, PGX, AQA, RVN, LRE, AKN, JMK, TYS, VRA]"}, "384": {"gemma": "[UAK, MCT, MXV, BHV, ENE, YNA, ILD, PUG, HKB]"}, "385": {"gemma": "[HLD, CYS, SRQ, KEP, KMI, CJC, FIH, KUD, SJP, HLD]"}, "386": {"gemma": "[URE, HFA, SXI, YNZ, NJF, VSA, MKE, HUI, HAA]"}, "387": {"gemma": "[QUV, CVG, RDV, HVD, KVG, GUC, VIS, QRW, BTI, QUV]"}, "388": {"gemma": "[RBQ, TBI, LGG, EMA, KBU, ADD, LJU, LCA]"}, "389": {"gemma": "[KKR, SAF, MME, MAS, UTT, KUZ, TMP, KKR]"}, "390": {"gemma": "[OVB, HAK, TUP, PNQ, IMF, BTS, ZQN, IFJ, UTT, CAH, GZT, ISB, OVB]"}, "391": {"gemma": "[CUC, HER, NUE, COK, NAG, KPR, TAY, LTX, DCN, BLL]"}, "392": {"gemma": "[OIM, LSP, TXN, MXV, LEX, AOO, KDH, EDI, CDG, OIM]"}, "393": {"gemma": "[PIE, NIB, XIC, KBL, HRG, DAB, GRI, JQA, NNM, KND, YIE]"}, "394": {"gemma": "[HGN, PTU, MNT, SGD, MQT, BTM, CDJ, NDJ, DUJ, GDX, KSE, MCX, YOP, TAH]"}, "395": {"gemma": "[DCA, SVC, UNG, MRU, CUR, GAJ, DCA]"}, "396": {"gemma": "[OBY, CRP, DYU, JHG, KLN, LPL, HNM, TLL, BJL, YBK, GNY, HAM]"}, "397": {"gemma": "[RMA, XMN, ZEL, CFR, GOA, SSR, HNM, POM, RMA]"}, "398": {"gemma": "[KVD, PAC, HYL, NNT, MOI, VHM, STM, KLW, KIH, MWX, SBP, SMS, NCE, OUL]"}, "399": {"gemma": "[BME, CFK, PMV, MGQ, MDT, CZU, MLH, SAF, LOS, HUU]"}, "400": {"gemma": "[MYU, RNO, CCU, HRG, VXO, SZG, HTI, HAQ, YPW, MNS, ACR, MYU]"}, "401": {"gemma": "[EUX, FOR, SSY, SVJ, ORB, WGP, GLT, AUR, TOB, AGP, IJK, ELG]"}, "402": {"gemma": "[YNT, CSK, SCT, YZY, MYG, SUR, ABD, SFA, CXF, MFU, YNT]"}, "403": {"gemma": "[BVI, GOP, SRQ, TGD, HSL, YQQ, TUI, GIL, NSQ, BVI]"}, "404": {"gemma": "[ECN, SLX, RSU, GRR, BIO, HUH, BNS, ATH, ZAD, BQB]"}, "405": {"gemma": "[RCY, AEP, LIR, YMT, TVS, KWF, RCY]"}, "406": {"gemma": "[DIK, UBJ, CDC, YIE, TMS, KKI, OTD, ULV, BWA, JXA, VSA, DIK]"}, "407": {"gemma": "[OVB, RTA, TML, KUK, SLA, MHC, OVB]"}, "408": {"gemma": "[CGH, TLM, SYR, AXU, MGS, TNC, XAP, MYW, IRG, AKX, YNA, YJT, KWK, RTA]"}, "409": {"gemma": "[PQI, MCN, SIN, BNX, KKE, US"}, "410": {"gemma": "[UTH, RCM, GAF, SFT, QRO, WUX, UTH]"}, "411": {"gemma": "[BAL, PMO, RSH, LAN, ELP, VTE, FMN, ENE, NGQ, ABM, GUR, POR, LBF]"}, "412": {"gemma": "[AAX, BRO, GYA, CMI, DFW, JHM, SHA, BBA, KHD, PEM]"}, "413": {"gemma": "[FDH, CWB, PTP, ZHA, DAT, RXS, YZY, WMX, YFH, CVG, DOH, LAW, TLJ]"}, "414": {"gemma": "[KLO, MAH, JAL, GYS, VUS, GMB, RNA, SCZ, WKJ, TKP, JAL, KLO]"}, "415": {"gemma": "[SAN, BVH, GDX, YOP, SRV, AUX, GND, EVN, YYB, SAN]"}, "416": {"gemma": "[EMD, STV, UPG, CHY, PED, MMB, MSA, KDV, ZTH, YFB, DFW, EMD]"}, "417": {"gemma": "[RUH, KEP, RAH, SJE, LEQ, HCR, JMU, AOS, YZV, RUH]"}, "418": {"gemma": "[ASU, CSK, XBJ, PWE, YFA, EVV, IND, TMR, MTE, POP, ASU]"}, "419": {"gemma": "[CNP, LPT, YJT, BHJ, LEC, VEE, GXF, MXH, KYP, POG, URJ]"}, "420": {"gemma": "[KCM, BLL, HDF, IIL, ACE, JZH, MRX, BIQ, LNJ, AGA]"}, "421": {"gemma": "[WRE, CED, YNZ, LAQ, LAM, YZZ, BRW, OGM, CFR, LBE, WRE]"}, "422": {"gemma": "[DLM, CYX, KSH, TBB, SFB, YWH, HDM, SNV, UKB, BVC, DLM]"}, "423": {"gemma": "[AGU, HRG, YRA, HNL, SNU, KVG, JIC, PKC, CND, BXU, AGU]"}, "424": {"gemma": "[HZH, CJS, RUT, PZI, CCF, GEG, PEI, SZA, KXU, YNP, YRB, HZH]"}, "425": {"gemma": "[DAU, PIK, GPT, GRK, AVN, BTS, APW, WMN, LSP, DAU]"}, "426": {"gemma": "[SYR, TLT, SOW, ATL, ELD, YYD, HMB, TRE, LET, NYT]"}, "427": {"gemma": "[CDG, TYS, PTH, MOI, IAD, OXB, MFM, LVI, YGR, BLJ, CDG]"}, "428": {"gemma": "[TUO, KPN, KVA, YUY, GTF, HPH, AXA, ATW, WMR, OKJ, BLR, FMI]"}, "429": {"gemma": "[LGI, PAC, LIT, MQT, GBT, IXL, CDJ, CHO, KLX, YDQ, WNA, YVP, BLE]"}, "430": {"gemma": "[VAK, KLU, KWL, ENY, BHH, GDQ, BNC, LUO, CTS, GIB, VAK]"}, "431": {"gemma": "[BKG, CNX, YHM, KBL, CGD, LED, JPA, FUE, HRE, KGX]"}, "432": {"gemma": "[KZN, ROC, SJU, TNK, FUJ, LAX, QFN, KQT, LWN, NAY, CBB, JAX]"}, "433": {"gemma": "[TSV, ATT, COK, GWT, GFK, OSS, HTI, ELS, YZY, NSQ, MUX, YSK]"}, "434": {"gemma": "[BRQ, ACY, NVK, IRG, LMA, XRY, DIY, PPG, YOP, IFJ, DIK, MGF, LBB]"}, "435": {"gemma": "[YYY, YAA, POS, YTH, FLO, ABQ, CWA, BEB, TIZ, SCQ]"}, "436": {"gemma": "[MME, TAK, PGF, YSB, CYO, GEO, LNV, RVV, PKB, IMF, AMM]"}, "437": {"gemma": "[BJB, TKG, ERC, EZS, ELF, NSI, ACY, RES, CIY, TUP, MEI, DSA, BHO, NGK, FLW, TNK]"}, "438": {"gemma": "[CNP, KAN, FDH, ASJ, ABL, CAC, OST, YNY, AOG, STG, HAD]"}, "439": {"gemma": "[CFE, CGA, PMV, MLB, ACE, IAM, IFO, DHI, CBO]"}, "440": {"gemma": "[BEW, YIC, VGZ, SCE, MRU, HMA, RGI, CTC, VSA, BEW]"}, "441": {"gemma": "[IXR, TKG, TLN, CED, SAT, OVD, PKC, VCA, NOZ, VFA, SCL, HEK, IXR]"}, "442": {"gemma": "[PVK, UAQ, GAF, TKP, SRQ, YXE, KMS, PSA, PVK]"}, "443": {"gemma": "[AKI, YHR, PHB, MSW, TTQ, ANF, NKG, SNO, HDF, MLH, AKI]"}, "444": {"gemma": "[PPQ, CPX, SGN, ABL, SHJ, IBR, KUU, KLR, LKB, EGX, KFS]"}, "445": {"gemma": "[URJ, MCK, NER, NOC, YNJ, SHP, DTW, MAD, BTS, SAV, URJ]"}, "446": {"gemma": "[EYK, YCB, SAT, KMJ, CMP, ROW, GTF, AKU, YAP, EYK]"}, "447": {"gemma": "[SXP, IPC, AJF, TSF, INL, OMH, MLL, WMO, VVO, AUX, IRP, SYR, SXP]"}, "448": {"gemma": "[PJA, YNG, YMM, GRR, LCY, MQT, MPP, VRA, BVV, HUI, AAT, ZSA, ORV]"}, "449": {"gemma": "[SRE, CEI, RKA, XMH, SDF, NLD, NIB, SPS, KRT, KPO, ZHA, YYB, SRE]"}, "450": {"gemma": "[MEX, CWL, YTE, ELP, MQX, KUA, YHR, BBN, MEX]"}, "451": {"gemma": "[SXB, IRK, BTV, OAK, ZSE, AUA, KEF, HDN, SXB]"}, "452": {"gemma": "[PJA, CMN, MLM, LIR, TVC, MIG, LUX, PJA]"}, "453": {"gemma": "[UGB, RSW, AZO, JSI, SAV, IPT, XKH, ZQW, MEH, MQN, RSW]"}, "454": {"gemma": "[ERF, YQQ, EQS, JNX, MAO, WAT, MCM, GCN, ZNZ, HID, MQL, CED, YWG, ERF]"}, "455": {"gemma": "[VHM, CLL, SWF, SUJ, HOT, ZSJ, MNA, SVD, SHJ]"}, "456": {"gemma": "[WNR, XNN, PQS, SJU, VPY, MEC, KYP, LWO, LAW, ZKG]"}, "457": {"gemma": "[CSK, KYK, TCT, TOS, UIN, SVG, HME, PSC, PLQ, ELD, SRX, UYU, KGE, AHB, PKN, TRO, TOS, CSK]"}, "458": {"gemma": "[APF, TOB, HYA, FSC, SUB, KYZ, MWZ, CIP, AOJ, TAG]"}, "459": {"gemma": "[THU, NUX, MMK, GDL, SVR, AIN, TET, JST, LNY, YOJ, SQS, VPE, JBQ]"}, "460": {"gemma": "[DOM, RVD, YXP, NCE, CTC, MGQ, KHG, RVE, DOM]"}, "461": {"gemma": "[NAP, DRV, PIU, XMN, EYW, DEN, TZL, OSY, STS, INZ, KFP, FRA, EMA, CUE, NAP]"}, "462": {"gemma": "[ARU, CJU, SRX, MJN, KAO, BEG, ANR, KCO, AVP, PHO, HPH]"}, "463": {"gemma": "[LBL, TOF, YVB, SEN, DAD, KDH, EGX, RSH, LCR, PSG, YZF, LBL]"}, "464": {"gemma": "[AER, TUP, TCT, YUX, YQQ, SBA, KAJ, PKB, ZKG, BUZ]"}, "465": {"gemma": "[BTK, GIL, UNN, SJT, YGV, WMI, AGX, BRD, RUS, MQH, MYR, GIL, BTK]"}, "466": {"gemma": "[LGL, XNA, KTB, WRO, KUK, DIY, MVR, WGP, LPD, LGL]"}, "467": {"gemma": "[GEO, ARM, TGD, SDD, YRG, FAY, GCM, CHA, SKT, HKB]"}, "468": {"gemma": "[AKK, IKT, RGA, FLW, WLS, GEL, MJD, LNV, BHI, KOE, GRJ, OUD]"}, "469": {"gemma": "[TGM, BCN, SGD, KWN, NME, PRA, AKF, CMH, PMI, SWF, TKP, TGM]"}, "470": {"gemma": "[FDH, SCW, HRB, MSL, MLL, EBU, PHE, CFU, BJR, BVS, EDI]"}, "471": {"gemma": "[KVD, SJP, VER, JJA, COS, OGD, SSH, PKZ, SJP, KVD]"}, "472": {"gemma": "[PCL, XBE, LBJ, JSI, ETH, ZRH, BQN, BTR, LEB, PCL]"}, "473": {"gemma": "[SID, VRN, YSY, DMU, QRO, CIA, HRG, WNP, SID]"}, "474": {"gemma": "[IND, LFW, YSG, TAK, PBD, XBE, ACY, LYP, RNL, YSG, IND]"}, "475": {"gemma": "[KTL, TRN, SKX, SDF, NVT, AGR, AKJ, NVT, SDF, TUF, TRN, KTL]"}, "476": {"gemma": "[CZH, RFD, ULV, SKZ, BAX, CZH]"}, "477": {"gemma": "[MAQ, SCZ, CLJ, DBQ, RST, QSF, AUR, ASV, BRI, MAQ]"}, "478": {"gemma": "[CIK, SJT, KTT, POR, YLC, YUT, IOT, SIN, PAF, DLC, KNG]"}, "479": {"gemma": "[MLW, GVR, BHK, JPR, OSY, WIL, RNA, GAE, KVX, FUG, MLW]"}, "480": {"gemma": "[CLY, PKY, LVI, BVV, HND, KLW, ACY, VLV, TLE, MEG, SMS, VTE, PIP, BHD, HOT, KOO, BKS]"}, "481": {"gemma": "[RAJ, CJJ, JNS, VLL, HOT, MAM, SMS, BHH, LBL, JST]"}, "482": {"gemma": "[LUD, TGM, ZBR, MTE, GXH, KGD, KUS, PEC, TCZ, AUS, JOS, PLN, SUJ, DVO, LAW, SRQ]"}, "483": {"gemma": "[NTQ, CPC, SAT, IXG, CND, FAR, SNN, MQF, IRA, NTQ]"}, "484": {"gemma": "[DLM, TSF, TRC, MHK, FEN, LEC, PGX, DLM]"}, "485": {"gemma": "[HGN, SHM, GDN, NAV, GTF, MEG, LAQ, VNO, DJE, HGN]"}, "486": {"gemma": "[MHK, LAS, SCW, YIO, DMM, CFR, KGL, YAM, YQL, SJL, AOR, BLI, THU, PDT, KUV, SXO, OSY, YAM]"}, "487": {"gemma": "[MUC, SXK, TJA, KWT, ZNZ, MVY, BRR, MCY, AVP, LRH, MZR, BKO, FRO, MUC]"}, "488": {"gemma": "[BES, YGV, KUD, RHO, YTE, YXJ, AUA, PAD, TEN, BES]"}, "489": {"gemma": "[UTH, CHQ, THE, VLI, JUU, WAE, PAD, TVF, COS, HMI, UTH]"}, "490": {"gemma": "[SJJ, CMU, YRB, RMP, AIU, SVZ, TAP, GLV, VLI, AJA, TLJ, SJJ]"}, "491": {"gemma": "[BES, CKZ, TIJ, YHI, SHG, YSG, FLA, DEA, AVN, ORU, MMO, BWI, BQK]"}, "492": {"gemma": "[AQJ, CHG, SDV, ADD, CZL, PDG, SLH, INC, AQJ]"}, "493": {"gemma": "[MJT, QFG, XGR, KMS, SHH, BKY, IQT, MOC, YCL, MNG, BNI, MJT]"}, "494": {"gemma": "[SDJ, CKH, KZR, STI, ANV, ARN, LBB, BGI, MOF, TLE, SJK, SHR, ODN, SDJ]"}, "495": {"gemma": "[ILM, PMW, AKV, LYI, CWL, IMF, AZD, VFA, CHG, PEU, SAE, APL, SLH, SSR, YPN, MKG, LPT, UKA]"}, "496": {"gemma": "[EYK, KUK, LAN, LAI, STM, EAT, EMA, NRL, MQM]"}, "497": {"gemma": "[GRR, YVR, MXP, GRI, LLF, AVN, COD, BIK, CPD, IGM, MLU, GRR]"}, "498": {"gemma": "[SLL, CSX, HFE, STR, TAC, MMX, NDB, RSH, CGY, KME, YAP, IPI, CIH, KCQ]"}, "499": {"gemma": "[SPC, SLX, PMR, YPC, AGR, CUU, MAA, KAW, RVT, VVO, MII, SPC]"}}