{"0": {"gemma": "[Preston Jackson, Jessica Rodriguez, Anthony Murphy, Jasmine Baxter, Catherine Cochran, Ronald Johnson, Leslie Sims, Marilyn White, Jennifer Wilson, Cheryl Gonzales]"}, "1": {"gemma": "[Sara Cunningham, Robert Park, Jennifer Ferrell, Emily Chen, Christian Davis]"}, "2": {"gemma": "[Holly Wyatt, Russell Gould, Jessica Greer, Matthew Grimes, Andrea Alexander]"}, "3": {"gemma": "[Kristen Carr, Danielle Long, Clifford Mcintosh, Shelia Drake, Kevin Case, Mrs. Veronica Sloan]"}, "4": {"gemma": "[Michael Harrell, Bethany Everett, Barbara Foster, Kara Mcguire, Steven Young, Marie Powell, Robert Potter]"}, "5": {"gemma": "[Connie Butler, James Spencer, Jennifer Wilson, Charles Smith, Kimberly Lewis]"}, "6": {"gemma": "[Beverly Walker, Gene Johnson, Dr. Allison Paul, Mrs. Danielle Mejia DDS, Caroline Kline, Keith Hansen]"}, "7": {"gemma": "[Brandon Rich, Ricky Stephens, Adam Bryant, Nancy Reeves, Dillon Moore]"}, "8": {"gemma": "[Colleen Horn, Ian Bryan, Elizabeth Harding, Samantha Huynh]"}, "9": {"gemma": "[David Fuller, Julie Murphy, Richard Tucker, Joseph Flores, Craig Vincent, Ricky Sims, George Williams, Barbara Pearson, Benjamin Cox, Brent Garcia]"}, "10": {"gemma": "[Patricia Hall, Dylan Hansen, Tristan Gray, Matthew Torres, Andre Kramer, Allison Wells, Jacqueline Coleman]"}, "11": {"gemma": "[Joshua Garrett, Alexander Thomas, Douglas Lang, Erin Padilla, Terry Garcia, Monique Ramirez]"}, "12": {"gemma": "[Michael Wood, Ronald Hall, Dakota Peters, Edward Howe, Cynthia Morris]"}, "13": {"gemma": "[Kimberly Griffin DVM, Susan Stark, Eric Gardner, Brad Wright]"}, "14": {"gemma": "[Anthony Smith, Catherine Schneider, Daniel Downs, Holly Turner, Jennifer Sanchez, Mark Shaw, Megan Smith, Gary Davenport, Danielle Martin]"}, "15": {"gemma": "[Kim Jordan, Brian Kelly MD, Stephen Carter, Madeline Williams, Michael Patel]"}, "16": {"gemma": "[Dr. Michelle Jenkins, Christopher Crawford, Laura White, Gabriel Stephens, Elijah Greer]"}, "17": {"gemma": "[Madison Greer, Jeremiah Hernandez, Luke Phillips, Alicia Murphy, Joshua Bowen, Stephanie Rodriguez, Chad Carter, Krystal Rojas MD]"}, "18": {"gemma": "[Terry Carter, David Hampton, Kevin Garcia, Chelsea Holland, Jane Hardy]"}, "19": {"gemma": "[Anna Richardson, Robert Hill, Christopher Johnson, Angela Ferguson, Matthew Graham, Sarah Medina]"}, "20": {"gemma": "[Gregory Olson, Kevin Strickland, John Harris IV, Barbara Kim, Jennifer Sherman, Kevin Strickland]"}, "21": {"gemma": "[Kathryn Curtis, Joshua Garcia, Juan Hernandez, Robert Fitzgerald, Andrea Reed, Kevin Patton, Gary Harris, Charles Davis]"}, "22": {"gemma": "[Jimmy Schmidt, Brittany Webb, Abigail Robinson, Sherri Martinez, David Adams, Ian Carson, Heather Myers, Sara Davis, Jodi Brown]"}, "23": {"gemma": "[Jennifer Lee, Robert Sanchez, Heather Calhoun, David Crawford, Stephen Allen]"}, "24": {"gemma": "[Cory Horn, Joseph Frank, Laurie Fernandez, Susan Freeman, Mitchell Barker, David Jones, Amanda Anderson]"}, "25": {"gemma": "[Doris Rosales, Edward Compton, Austin Mercado, Rebekah Franklin, Ricky Cochran, Tristan Knapp PhD, Robert Walsh]"}, "26": {"gemma": "[Christopher Cruz, Elizabeth Nicholson, Michael Graham, Stephanie Jackson, Kenneth Wright]"}, "27": {"gemma": "[Philip Adkins, Jennifer Miller, Dr. Gary Hughes, George Hill, Pamela Brown]"}, "28": {"gemma": "[Eric Martinez, Wendy Wilson, Mark Phillips, Claire Davis, Jenna Huff]"}, "29": {"gemma": "[Lisa Rubio, Christopher Gregory, Alex Sandoval, Joshua Snyder, Karen Bailey]"}, "30": {"gemma": "[Mr. Marcus Atkinson MD, Patricia Hicks, Suzanne Larson, Christopher Smith, Ian Thompson]"}, "31": {"gemma": "[Jennifer Figueroa, William Rodriguez, Charles Golden, Jordan Gonzales PhD, Katherine Gonzalez, Leah Hawkins, Gavin Morris, Brittany Livingston]"}, "32": {"gemma": "[Anthony Hawkins, Vanessa Mata, Robert Castillo, Kirk Robinson]"}, "33": {"gemma": "[Jerry Wise, Victoria Taylor, Daniel Fowler, Anthony Nguyen, Laura Mccarthy, Stacy White]"}, "34": {"gemma": "[Alexander Cook, Angela Morgan, Juan Mcclain, Stephanie Smith, Noah Hawkins]"}, "35": {"gemma": "[Jean Calderon, Ashley Andrade, Richard Robertson, Antonio Young, Gregory Bright, Jennifer Wilson, Christian Hernandez]"}, "36": {"gemma": "[Nancy Christensen, Trevor Evans, Erika Ramirez, Joseph Allen, Donna Hill, Samantha Vega, Charles Boyd, Jennifer Mckee, Ross Murphy]"}, "37": {"gemma": "[James Johnson, Joanna Aguilar, Robert Collins, Gregory Johnson, Brandi Gibson, Tara Hall]"}, "38": {"gemma": "[Paul Hall, David Long, Rebecca Hickman, Michael Smith, Katelyn Villegas]"}, "39": {"gemma": "[Ashley Russell, Suzanne Foster, Cameron Hill, Kevin Davis, Jeffrey Ayers, Michele Rodriguez]"}, "40": {"gemma": "[Troy Rodriguez, Angela Green, Hannah Ortiz, Charles Rivera, Sara Preston]"}, "41": {"gemma": "[Cheryl Lewis, Jay Gallagher, Stephanie Kelley, George Herrera, Vincent White]"}, "42": {"gemma": "[Eric Miller, Cody Kelly, Julie Farley, Kristina Russo, Mr. Michael Robinson, Amy Braun]"}, "43": {"gemma": "[Jason Mann, Randy Berry, Lee Taylor, Susan Bishop, Mary Sawyer]"}, "44": {"gemma": "[Katherine Brown, Michael Bush, William Garcia, Taylor Evans, Alexa Burns]"}, "45": {"gemma": "[Jeffrey Davis, Kelli Ellison, Matthew Larson, Tamara Walker, Brandon Huang]"}, "46": {"gemma": "[Michael Butler, Tracey Sims, Kristin Nolan, Lance Dougherty, Joseph Lee]"}, "47": {"gemma": "[Hunter Alexander, Kathryn Huynh, Robert Williams, Victoria Dennis, Donald Shaw, Tyler Patrick, Daniel Summers, Matthew Murray, Kylie Torres]"}, "48": {"gemma": "[Jeffrey Joseph, Amy Jordan, Brian Martin, Jennifer Baird, Karen Mcdaniel]"}, "49": {"gemma": "[Melissa Greene, Angel Leon, Kelly Mckee, Shelby Craig, Sara Bass, Brittany Anthony, Robert Hayes]"}, "50": {"gemma": "[John Sullivan, Nancy Clark, Gary Hess, Tammy Robinson, Melissa Velasquez]"}, "51": {"gemma": "[Lisa Ward, Rodney Barron, Courtney Bullock, Holly Allen, Melissa Parker]"}, "52": {"gemma": "[Tina Jones, John Reed, Frank Bullock, Daniel Garza, Paula Phillips, Julie Jennings, Brian Craig, Cassie Hicks, Deborah Rodriguez, Todd Gonzalez]"}, "53": {"gemma": "[Anne Kelly, Elizabeth Thompson, Kristi Downs, Charles Salazar, Thomas Fox]"}, "54": {"gemma": "[Edward Alexander, Sandra Johnson, Adam Sharp, Karen Black, Michael Jenkins, Emily Wilson]"}, "55": {"gemma": "[Robert Morgan, Ashley Ross, Michael Williamson, Jeffrey Gutierrez, Philip Rodriguez]"}, "56": {"gemma": "[Jacob Watson, Christopher Thompson, Jesse Moreno, Patricia Brooks, Jennifer Jones]"}, "57": {"gemma": "[Rachel Torres MD, Joshua Washington, Sue Mcguire, Sheri Riley, Matthew Wright, Aaron Thomas]"}, "58": {"gemma": "[Richard Mendoza, Jean Solomon, Arthur Hicks, Paul Davis, Stephanie Berry]"}, "59": {"gemma": "[Kimberly Ramirez, Maria Best, Erin Tucker, Steven Patrick, Christopher Kennedy, Morgan Floyd DDS, Kathleen Gutierrez]"}, "60": {"gemma": "[Amanda Holden, Douglas Cobb, Michael Cole, Ashley Blackburn, Jermaine Moreno]"}, "61": {"gemma": "[Megan Villarreal, Sandra Brown, Ruben Randall, Michael Riddle, Brittany Burgess]"}, "62": {"gemma": "[Christopher Washington, Philip Stewart, Kristina Kaiser MD, Robin Gibson, Mark Ortega]"}, "63": {"gemma": "[Angela Woodard, Jennifer Peck, Brian Walker, Denise Smith, Andrew Rich]"}, "64": {"gemma": "[Jerry Watkins, Crystal Washington, Nicholas Leonard, James Guerrero, Dawn Levy]"}, "65": {"gemma": "[Dennis Hill, Brittany Dawson, Jeanette Powers, Helen Rangel, Willie Schmidt, Paula Lyons, Robert Obrien, Felicia White, Timothy Valencia, Jonathan Woodward]"}, "66": {"gemma": "[Ashlee Johnson, Emily Moore, Jerome Butler, Shane Lewis]"}, "67": {"gemma": "[Christopher Daniels, Fred Scott, Jessica Garcia, Joseph Smith, Kendra Hobbs]"}, "68": {"gemma": "[Kristine Larsen, Thomas Barnes, Joshua Jones, Matthew Wong, James Murray, Amanda Reilly, Nicolas Alexander]"}, "69": {"gemma": "[Timothy Davis, Jose Garcia, Brian White, Richard Maxwell, Shannon Mueller]"}, "70": {"gemma": "[Mark Long, Andrea Miller, Alexander Grant, Michael Byrd, Aaron Willis]"}, "71": {"gemma": "[Seth Matthews, Karen Wheeler, Carly Finley, Angela Clark, Justin Evans]"}, "72": {"gemma": "[Michael Williams, Maria Miller, Brittany Peterson, Jennifer Andrews, Eric Munoz]"}, "73": {"gemma": "[Paul Watson, Brandy Johnson, Tammie Carlson, Dr. Rachel Kelly, Cory Hurley, Steven Lucero, Teresa Gonzalez, Joseph Pace, Holly Mitchell]"}, "74": {"gemma": "[Mr. Adam Henry, Timothy Anderson, Christopher Vaughn, William Fernandez, Jacob Sanders]"}, "75": {"gemma": "[Richard Terry, Catherine Cooper, Tammy Cole, Christopher Johnson, Sandra Hernandez, Robert Gomez, Jason Stone, Rhonda Barnes]"}, "76": {"gemma": "[Justin Nunez, Nathan Welch, Ashley Conway, Jerome Gutierrez, Monica Taylor]"}, "77": {"gemma": "[Kelly Velazquez, Emily Mccarthy, Carolyn Figueroa, Kathryn Ford, Denise Harris]"}, "78": {"gemma": "[Isaac Preston, Samuel Finley, Charlotte Ramos, Harry Sullivan, Joseph Miller]"}, "79": {"gemma": "[James Sanders, Christopher Phillips, Erin Fisher, Dana Jacobs, Susan Mack, Taylor Hess]"}, "80": {"gemma": "[Krista Mitchell, Courtney Herman, Stephanie Good, Christopher Hicks, Jessica Walters PhD, Dr. Charles Roberts MD]"}, "81": {"gemma": "[Tony Allison, Jane Lee, Ariana Young, Joshua Collins, Jessica Gardner]"}, "82": {"gemma": "[Anthony Jimenez, Sarah Parker, David Nelson, Michelle Lewis, Brian Young]"}, "83": {"gemma": "[Teresa Moreno, Donald Hansen, Jessica Brown, Adam Williams, Lindsey Johnson]"}, "84": {"gemma": "[Michael Williams, Catherine Kline, Tom Ellis, Brittany Stark, Alyssa Reed]"}, "85": {"gemma": "[Samuel Buck, Kimberly Johnson, Andre Peters, Shelly Stewart, Kelly Perez, Jeffrey Nelson]"}, "86": {"gemma": "[Holly Russell, Andrea Fleming, Thomas Ortiz, James Park, Matthew Tapia, Deborah Ruiz, Paul Williams]"}, "87": {"gemma": "[Craig Camacho, Cynthia Turner, Thomas Meadows, Jodi Cole]"}, "88": {"gemma": "[Steven Hartman, David Williams, Justin Rivas, Monica Bush, Brenda Dalton, Jessica Carter, Ricky Cochran, Thomas Miles, Gabriel Jackson, Collin Moore]"}, "89": {"gemma": "[Shannon Stewart, Thomas Price, Jennifer Kelley, Lori Gray, Autumn Gibson]"}, "90": {"gemma": "[Mallory Snyder, James Holt, Roberta Griffin, Michael Osborne, Tonya Winters]"}, "91": {"gemma": "[Susan Johnson, Rachel Perkins, Brian Morgan, Nathan Perez, Charles Mejia, James Patterson, Scott Nichols, Madeline Ferguson, Erica Henderson, Andrew Hernandez]"}, "92": {"gemma": "[Jeffrey Walsh, Andrea Stewart, Shannon Miller, Michael Beard, Wesley Boyd]"}, "93": {"gemma": "[Alicia Collins DVM, Natalie Lozano, Emily Holden, Zachary Whitaker, Dylan Carpenter]"}, "94": {"gemma": "[Michael Diaz, Katherine Montoya, Christopher Walker, Heather Day, Angela Bowman, Cynthia Brooks, Scott Mills]"}, "95": {"gemma": "[Jeffrey Beard, Sarah Fowler, Joseph Harris, Kristen Cook, Christina Burton]"}, "96": {"gemma": "[James Phillips, Sandra Williams, Trevor Murphy, Thomas Bell, Paul Williams, Kathryn Harrison, Timothy Sanchez]"}, "97": {"gemma": "[Amanda Solis, Dalton Gonzalez, Tara Fleming, Kathleen Robinson, Brandi Martin, Joseph Davis, Elizabeth Price, Marissa Perry, Mary Gilbert]"}, "98": {"gemma": "[Joseph Brock, Juan Perez, David Williams, Colin Nguyen]"}, "99": {"gemma": "[Christopher Ingram, Angela Smith, Sarah Shields, Tammy Henry, Stephen Cruz]"}, "100": {"gemma": "[Kristin Weber, Kyle Fischer, William Lewis, Jeremy Wells, Steven Torres, Ryan Baker, Jerry Williams]"}, "101": {"gemma": "[Renee Mcdaniel, Stephanie Hood, Jackson Moore, John Young, Walter White]"}, "102": {"gemma": "[Antonio Smith, Thomas Martinez, David Randall, Lisa Lynch]"}, "103": {"gemma": "[James Benson, Mark Hartman, Ashley Roach, Clinton Smith, Jennifer Heath, Sean Morrison]"}, "104": {"gemma": "[Christopher Watts, Daniel Kelley, Erik Simmons, John Foster, Jamie Williams]"}, "105": {"gemma": "[James Scott, Seth Guerrero, Desiree Howell, Cassandra Moore, Megan Mayer]"}, "106": {"gemma": "[Alicia Miller, Neil Reese, Crystal Gamble, Ryan Thompson, James Owen, Isaac Smith, Nicholas Thomas, Hayley Delacruz]"}, "107": {"gemma": "[Nicole Davis, Robert Lopez, Ashley Cervantes, Jessica Brown, Billy Beck]"}, "108": {"gemma": "[Jacqueline Parks, Dustin Goodwin, David Frazier, Brandon Sutton, William Wise]"}, "109": {"gemma": "[Angela Pierce, Zachary Murphy, Corey Young, Gregory Smith, Robin Murphy, Dr. Melissa King MD, Sarah Davenport, Jacob Kennedy, Ian Garcia]"}, "110": {"gemma": "[Lisa Lawson, Corey White, Michael Maldonado, Natasha Hansen, Ryan Schaefer]"}, "111": {"gemma": "[Kristen Bradley, Matthew Sparks, Walter Gill, Ashley Johnson, Terry Long Jr.]"}, "112": {"gemma": "[Marie Larsen, Joseph Mack, Donald Carroll, Arthur Barry, Christopher Bryan, Thomas Bailey, Judith Jones, Michael Cervantes PhD, Amanda Holt, Mrs. Chelsea Pittman, Nicole Smith, Elijah White, Joshua Simmons, Thomas Carpenter]"}, "113": {"gemma": "[Alexandria Johnson, Jessica Guerrero, Erica Johnson MD, Colton Washington, James Griffin]"}, "114": {"gemma": "[Adrian Morris, Matthew Barnett, Sara Hendrix, Melissa Rose, Tamara Morgan, Margaret Taylor, Steven Smith]"}, "115": {"gemma": "[Helen Wallace, John Anderson, Gregory Jennings, Manuel Price, Scott Graham Jr.]"}, "116": {"gemma": "[Kimberly Brown, David Hawkins, Alan Wilson, Katherine Conley, Crystal Graham, Melissa Parsons]"}, "117": {"gemma": "[Patricia Parker, Brittney Craig, Nicholas Stanley, Robert Johnson, Anthony Robertson MD]"}, "118": {"gemma": "[Sarah West, Jason Tapia, Victoria Maldonado, Daniel Duncan, Ashley Wright, Karen Green]"}, "119": {"gemma": "[William Sanchez, Tiffany Ward, Jason Lynn, Karen Potter, Stephen Bowen DVM]"}, "120": {"gemma": "[Valerie Sanders, Donald Phillips, Andrea Reed, David Guerrero, Jessica Clark]"}, "121": {"gemma": "[Vickie Johnson, Adam Carpenter, Melissa Smith, Paul Pennington, Stephanie Jackson, Alexandria Hernandez]"}, "122": {"gemma": "[Brittney Watson, Greg Wells, Theresa Leonard, Victoria Williams, Kevin Wall]"}, "123": {"gemma": "[Brent Greene, Daniel Howard, Bethany Hunt, Joseph Rosario, Cassandra Williams, Kenneth Buck]"}, "124": {"gemma": "[Randall Weaver, Jenna Carrillo, Bradley Reilly, Christina Lee]"}, "125": {"gemma": "[Cody Jones, Chris Cherry, Mark Wright, Miguel Lawrence, Rebecca Jackson]"}, "126": {"gemma": "[Troy Nguyen, Elizabeth Jackson, Richard Martinez, Tiffany Hall, Allen Henson, Curtis Walker]"}, "127": {"gemma": "[Kevin Hunt, Brianna Adams, Stephanie Johnson, Dillon Gonzales, Jennifer Barnett]"}, "128": {"gemma": "[Rebecca Sanchez, Daniel Riley, Stephen Mccann, Debra Clark, Jacob Hopkins]"}, "129": {"gemma": "[Travis Sexton, Marcus Wright, Angela Juarez, Casey Smith, Ann Kerr]"}, "130": {"gemma": "[Janet Sanders, Adrian Spencer, Charlene Fritz, Ashley Phillips, Kaitlin Wood, Brian Roman]"}, "131": {"gemma": "[Sierra Newton, Mr. Gary Smith, Ryan Lowe, Erica Bennett, Jennifer Glass, Ashley Rodriguez]"}, "132": {"gemma": "[Thomas Martinez, Cynthia Bridges, Christopher Castillo, Alexandra Wilson, Bianca Bowen, Antonio Williams, Ryan Mccarthy, Rachael Skinner, Edwin Hall, Cynthia Reyes, Jacob Martin]"}, "133": {"gemma": "[Amanda Nichols, Samantha Berger, Phillip Jackson, Gabriel Foley, Raymond Reese]"}, "134": {"gemma": "[John Carey, Stephanie Golden, Ricky Green, Robert Peters, Danielle Barry]"}, "135": {"gemma": "[David Valentine, Jacqueline Green, Tracy Reed, Ronald Wallace, Jennifer Krueger]"}, "136": {"gemma": "[Brandon Wilson, Jason Miller, Lori Jones, Angela Thompson, Stephanie Brown]"}, "137": {"gemma": "[Stephanie Hutchinson, Douglas Joyce, Jeffrey Williams, Antonio Quinn, Scott Johnson, Karen Ward]"}, "138": {"gemma": "[Jennifer Miller, Justin Rodriguez, Perry Lowe, Danielle Sandoval, Vanessa Kramer, Trevor Bell]"}, "139": {"gemma": "[Alyssa Parker, George Sheppard, Briana Elliott, Craig Gonzalez, Meredith Robles, Kevin Spears, Bob Smith, Isabel Johnson]"}, "140": {"gemma": "[Andrea Rosario, Cheryl Anderson, Michael Matthews, Joseph Aguilar, Nathaniel Crawford]"}, "141": {"gemma": "[Anna Mcmillan, Todd Perry, Steven Wolf, Kathy Ross, Michael Lane, April Green]"}, "142": {"gemma": "[Miss Jennifer Monroe MD, Melissa Hamilton, Kristy Christensen, William Jennings, Nicole Poole]"}, "143": {"gemma": "[Kelly Owen, Christopher Bishop, Rebecca Kirk, Shannon Morris, Michael Wallace]"}, "144": {"gemma": "[Sean Bell, Gregory Newman, Michael Collins, Jessica Davis, Jacqueline Navarro, Andrew Schaefer]"}, "145": {"gemma": "[Matthew Stephenson, Peter Wilson PhD, Angela Kidd, Chelsea Campbell, Zachary Kramer]"}, "146": {"gemma": "[Richard Morales, Kyle Macias, Diana Carey, Michelle Ferguson, Meghan Clark, Kenneth Davis]"}, "147": {"gemma": "[Matthew Sims, Susan Dunn, Kimberly Ramos, James Hall, Anthony Lindsey]"}, "148": {"gemma": "[Connor Price, Elizabeth Sampson, Mr. Joseph Gonzales MD, Justin Black, Vanessa Smith]"}, "149": {"gemma": "[Jamie Thompson, Hannah Blackburn, Lisa Buchanan, Mark Espinoza, Richard Ramirez, Austin Herman, Debbie Peters, Thomas Jones, Brittany White, Anthony Gibson]"}, "150": {"gemma": "[Matthew Richardson, Kathleen Carey, Donald Joseph, Christopher King, Jamie Rivera]"}, "151": {"gemma": "[Gloria Williams, Mr. John Rivera MD, Richard Koch, Destiny Hamilton, Andrew Henderson]"}, "152": {"gemma": "[Kevin Johnson, Philip Moore, Susan Davis, Brian Smith, Frank Williams]"}, "153": {"gemma": "[Michael Ward, Catherine Mitchell MD, Jody Wright, William Carson, Sarah Leonard]"}, "154": {"gemma": "[Jason Brown, Heather Johnston, Reginald Conway, Maria Jackson, Kimberly Webb, John Anderson]"}, "155": {"gemma": "[John Santos, Jillian Bailey, Jerry Charles, Douglas Taylor, Gregory Garcia DDS, Emma Rocha, Patricia Barr]"}, "156": {"gemma": "[Jennifer Hill, Deborah Thompson, Debbie Evans, Jack Aguirre, Carol Richards, Robert White, Michael Luna, Ebony Reynolds, Christopher Ruiz]"}, "157": {"gemma": "[Mr. Kevin May, Colleen Moore, Kenneth Greene, Sarah Pacheco, Eric Smith, Melissa Richardson, Amber Smith]"}, "158": {"gemma": "[Mr. Roger Ruiz, Kenneth Henry, Nicole Green, Matthew Price, Douglas Brown, Shannon Carson]"}, "159": {"gemma": "[Andrew Gonzalez, Sharon Morales, Thomas Montoya, Dawn Johns, Gregory Gibson, Natalie Farrell]"}, "160": {"gemma": "[Charles Sullivan, Victoria Kelley, Timothy Martinez, Sandra Reese, Ashley Mendoza]"}, "161": {"gemma": "[Wayne Parker, Kelly Hull, Pamela Bell, Marcus Bailey, Noah Murphy]"}, "162": {"gemma": "[Brandon Alvarez, April Hansen, Preston Payne, James Martin]"}, "163": {"gemma": "[Thomas Smith, Brittany Wilson, Carol Roberts, Amber Baker, Jennifer Thompson, Thomas Smith, Erin Mitchell, Robert Smith, Nicole Harris, Lisa Blair, Spencer Lopez, Charles Davis, Stephen Miller]"}, "164": {"gemma": "[Molly Allen, Curtis Thomas, Daniel Black, Jared Burns, Amy Thomas, Hunter Taylor]"}, "165": {"gemma": "[Mr. Brandon Hansen, Kristin Hamilton, Gabriel Campbell Jr., Nicholas Thomas, Eric Castillo]"}, "166": {"gemma": "[Martha Armstrong MD, Justin Rogers, Jeremiah Mcdonald, Ashley Adams, Anthony Bailey, Natasha Lucas]"}, "167": {"gemma": "[Stephen Baldwin, Ryan Goodwin, Alejandro Monroe, Sandra Taylor, Christopher Davidson, Justin Gonzales, Patrick Kim]"}, "168": {"gemma": "[Jaime Gonzales, Maurice Stewart, Anthony Meadows, Jennifer Padilla, Charles Smith, Jeffery Riddle]"}, "169": {"gemma": "[Lance Carter, David Jones, Jennifer Preston, Rose Gilbert]"}, "170": {"gemma": "[Michelle Silva, Kenneth Perez, Kaitlyn Crawford, Daniel Ritter, Mrs. Jennifer Thomas, Amber Warner, Casey Bentley, Curtis Fletcher, Cory Lewis]"}, "171": {"gemma": "[Amy Hodges, Kelly Hill, Mitchell Peterson, Theresa Baker, Michael Jenkins]"}, "172": {"gemma": "[Samantha Simpson, Steven Edwards, Angela Gonzalez, Kristen Cohen, Debbie Mcfarland, Adrian Alvarez, Robert Ellis]"}, "173": {"gemma": "[Lori Davis, Carmen Smith, Elijah Richardson, Steven Diaz, Donna Gomez, Jennifer Williams, James Mack]"}, "174": {"gemma": "[Olivia Baldwin DVM, Lisa Turner, Natalie Haynes, Stephanie Glover, Shelly Miranda, Michael Atkinson]"}, "175": {"gemma": "[David Grimes, Angela White, Jerry Floyd, Michelle Holland, Joel Clark, William Richards]"}, "176": {"gemma": "[Ashley Simpson, Michael Rodriguez, Virginia Bates, Kim Lawson, Matthew Ward]"}, "177": {"gemma": "[Nicole Thompson, Brad Willis, Joseph Cruz, Colin Shields, Peter Chan, Edward Henry]"}, "178": {"gemma": "[Andrew Hobbs, Jennifer Day, Aaron Terry, Renee Simmons MD, Thomas Young, Christine Robinson, Monica Thomas, Alyssa Thomas]"}, "179": {"gemma": "[Claire Thompson, Michael Sherman, Brandon Foster, Robert Zavala, Tyler Nguyen, Angela Ortiz, Sherri Johnson]"}, "180": {"gemma": "[Robert Rodriguez, Victoria Hanna, Amanda Aguirre, David Kim, Christopher Martinez, Erin Martin, Hunter Kelly]"}, "181": {"gemma": "[Stacey Kennedy, Tiffany Phillips, Leslie Fitzgerald, Joseph Santiago, Eddie Moore, David Taylor, Mr. Samuel Clayton, Zachary Horne, Denise Tate, Daniel Fowler]"}, "182": {"gemma": "[Garrett Carroll, Tyler Collins, Kimberly Cook, Holly Fuller, Sabrina Powell]"}, "183": {"gemma": "[Thomas Thomas, Michael Oliver, David Mejia, Paul Wood, Sean Vaughan, Elizabeth Stewart]"}, "184": {"gemma": "[Michael Klein, James Maxwell, Terri Murphy, Derrick Johnson, Melissa Kim]"}, "185": {"gemma": "[Rachel Mendoza, Joseph Harris MD, Cameron Roberson, Jean Espinoza, Brett Mckinney]"}, "186": {"gemma": "[Ryan Washington, Kimberly Bonilla, Sarah Huber, Angela Jackson, Trevor Carter]"}, "187": {"gemma": "[Theodore Collins, Dillon Perez, Carl Adams, Melanie Aguilar, Christopher Robinson]"}, "188": {"gemma": "[Lee Bryant, Sarah Hamilton, Bryan Watts, Angela Johnston, Natalie Collier]"}, "189": {"gemma": "[Hannah Hill, Charles Rodriguez, Linda Simon, Brian Petersen, Stephen Bell, Denise Phillips]"}, "190": {"gemma": "[Jennifer Tate, Jill Curtis, Clarence Jensen, Chelsea Murray, Shari Love, Michael Hines, Robert Sutton]"}, "191": {"gemma": "[Jamie Perez, Scott Salas, Judy Parker, Angela Rodriguez, John Gray, Jonathan Watson]"}, "192": {"gemma": "[Jonathan Burton, Ian Phillips, Jason Davis MD, Jennifer Mosley, Travis Bishop MD]"}, "193": {"gemma": "[Matthew Munoz, Tyler Patrick, Teresa Bradley, Michael Trujillo, Wendy Hernandez]"}, "194": {"gemma": "[Stephanie Woodward, Robert Miller, Angel Mann, Courtney Long, Russell Rodriguez]"}, "195": {"gemma": "[Michael Frey, Sarah Johnson, Steven Rodriguez, Jennifer Hall, Sean Lee, Kelly Mullins, Daniel Hopkins, Albert Morales, Charles Howard, Cassandra Alvarez, Elizabeth Daugherty, Elizabeth Malone, Angela Garcia, Laurie Hamilton, George Clark, Mrs. Ashley Clark DDS, Rebecca Davis, Michael Scott, Mrs. Joy Sims, Lacey Smith]"}, "196": {"gemma": "[Kelly Phillips, Stephanie Ramirez, Kylie Sloan, Gregory Thomas, Daniel Fisher, Amanda Hawkins]"}, "197": {"gemma": "[Jasmine Cruz, Ricardo Lee, Donald Potter, Melissa Camacho, Brian Cruz, Joseph Moss, Yvonne Evans, Michael Green, Andrew Hardin, Cheryl Anthony]"}, "198": {"gemma": "[Patrick Kelly, Erica Jones, Mr. Christopher Mclaughlin Jr., Kelly Friedman, Heather Frederick, Scott Haas]"}, "199": {"gemma": "[Melissa Trujillo, Jose Pollard, Nicholas Flores, Sergio Wright, Ashley Drake]"}, "200": {"gemma": "[Jay Greene, Bethany Lee, Amy Martinez, Scott Farmer, Parker Schultz]"}, "201": {"gemma": "[Veronica Kelly, Andrea Smith, Rebecca Herman, Timothy Sanders, Charles Torres]"}, "202": {"gemma": "[Jennifer Graham, Nicole Gordon, Jerome Ferguson, Kelly Arnold, Matthew Vincent, Parker Matthews]"}, "203": {"gemma": "[Christopher Strong, Barbara Myers, Elizabeth Phillips MD, Christopher Kemp, Natasha Lopez]"}, "204": {"gemma": "[Timothy Cunningham, Lisa Riley, Sara Peters, Pedro Foster, Angel Hamilton, Tracy Jones]"}, "205": {"gemma": "[Wendy Mcgee, Cameron Mclaughlin, Darrell Williams, Robert Pollard, Thomas Weaver]"}, "206": {"gemma": "[Matthew Bryant, James Ayers, Natasha Spence, Scott Baker, Cindy Gill, Daniel Garcia, Jennifer Sims, Kathleen Martinez]"}, "207": {"gemma": "[Jimmy Miller, Sarah Salinas, Paul Hurst, Heather Green, Jose Cox, Marcus Thompson, Kenneth Lynn]"}, "208": {"gemma": "[Robert Gonzalez, Kyle Miller, Kellie Lee DVM, Bryan Ibarra, Tina Haas, Ian Clay, Susan Parker, Nicholas James, Terrance Lopez, Alexander Brown]"}, "209": {"gemma": "[Christopher White, Madison Jackson, Evan Carroll, Katherine Collins, Jessica Alexander]"}, "210": {"gemma": "[Samuel Wright, Alexander Beck, Kristen Watts, Douglas Jones II, Amber Daniels]"}, "211": {"gemma": "[Meghan Snyder, Debra Hall, Willie Le, Curtis Gutierrez, Robert Hernandez]"}, "212": {"gemma": "[David Stanton, Jason Dean, Joseph Morgan, Crystal Jackson, Alexander Roberson]"}, "213": {"gemma": "[Clifford Morgan, Victoria Reed, Anthony Berg, Manuel Jones, Terri Curry]"}, "214": {"gemma": "[Stephen Green, Michelle Sanders, Frederick Hernandez, Christina Lee, Timothy Robertson, Amy Ball, Jacob Cox]"}, "215": {"gemma": "[Jennifer Quinn, Scott Jefferson, Mark Goodwin, Melissa Bell, Kimberly Jones]"}, "216": {"gemma": "[Philip Owens, Rodney Scott, Marie Hogan, James Neal, Kelly Lee]"}, "217": {"gemma": "[Collin Anderson, Joshua Hill, Margaret Perez, Anthony Frazier, Patrick Crawford]"}, "218": {"gemma": "[John Alexander, Kathy Bradley, Patricia Frederick, Grace Young, Ashley Harris]"}, "219": {"gemma": "[Barbara Chung, James Jones, Matthew Silva, Jeff Munoz, Chelsea Williams, Cynthia White]"}, "220": {"gemma": "[Ryan James, Katherine Lopez, Michael Nelson, Jennifer Phillips]"}, "221": {"gemma": "[Clinton Norris, Katherine Maxwell, James Tyler, Claudia Howe, Bryan Smith, Andrea Robinson]"}, "222": {"gemma": "[Mary Clark, Vincent Parker, Erica Duffy, Joshua Parker, Susan Patton, Patrick Anderson, Sheri Chambers, Stephanie Dunlap MD, Joseph Munoz, Tracy Casey, Elizabeth Price, Tammy Morgan, Tony Santiago, Robert Delgado, Adam Mendez, Cynthia Malone, Christina Howell, Christina Ramirez]"}, "223": {"gemma": "[Jonathan Hansen, Elizabeth Miller, Duane Porter, Marissa Porter, Rebekah Kim, Danielle Barber, Justin Richardson]"}, "224": {"gemma": "[Amanda Stone, Cynthia Griffin, Johnny Nicholson, Jeff Pearson, Steven Sanchez]"}, "225": {"gemma": "[Ashley Schultz, Edward Gutierrez, Amy Ferguson, Joshua Anderson, Alicia Johnson]"}, "226": {"gemma": "[Steven Kirk, Mary Robles, Amy Williams, Derek Robbins, Cassandra Castro]"}, "227": {"gemma": "[Karen Howell, Christopher Jordan, Jennifer Lopez, Miguel Mcpherson, Derrick Vaughn]"}, "228": {"gemma": "[Joshua Carney, Mr. David Anderson DVM, Sherri Brady, Vincent Baldwin]"}, "229": {"gemma": "[Edward Shepherd, James Brown, Corey Wilson, Leah Rodriguez, Lauren Stevenson]"}, "230": {"gemma": "[Tara Middleton, Brendan Acosta, Kelly Wilkins, Carolyn Suarez PhD, Emily Hughes]"}, "231": {"gemma": "[Brittany Caldwell, Charles Buchanan, Erin Tucker, Jessica Cruz, Zachary Johnson, Tonya Rodriguez, Denise Mcdonald, Brittany Caldwell]"}, "232": {"gemma": "[Lisa Fernandez, Christopher Rogers, Angela Shaw, Jeffrey Gonzalez, Joan Bailey, George Miller, Dennis Turner, Steven Alexander, Linda Williams, Brian Sims]"}, "233": {"gemma": "[Thomas Fisher, Karen Harris, Fernando Weeks, Jacob Barnes, Wendy Baker]"}, "234": {"gemma": "[Robert Lester, Kathy Saunders, Dr. Maria Mcdaniel, Michael Gomez, Thomas Curtis]"}, "235": {"gemma": "[Pamela Jones, Kyle Davis, Kevin Brown, Cody Bender, Katherine Tyler, Michael Benton, Ricky May, Edward Perry, Anita Mccarthy]"}, "236": {"gemma": "[Richard Roberts, Robert Pacheco, Frank Mitchell, Steven Johnson, Karen Long]"}, "237": {"gemma": "[Elizabeth Alexander, Joseph Kelly, Christopher Ward, Daryl King, Dylan Stanley, Jaime Kelley, Alexander Dominguez]"}, "238": {"gemma": "[Michael Lewis, Allison Martin, Dan Walsh, Melinda Delacruz, Jeffrey Moore]"}, "239": {"gemma": "[David Elliott, Christopher Sparks, Dominique Miller, James Walsh, Anthony Hernandez]"}, "240": {"gemma": "[Catherine Sullivan, Matthew Smith, Nicholas Anderson, Dominic Wright, Donald Knapp, Robert Jones, Ian Anthony, Tiffany Richards]"}, "241": {"gemma": "[Stephanie Lara MD, Christopher Sullivan, Ryan Norman, Bruce Nguyen, Amanda Beard MD]"}, "242": {"gemma": "[James Hart, Jonathon Martin, Jessica Vargas, Christopher Watts, Thomas Thomas]"}, "243": {"gemma": "[Corey Tran, Amanda Moore, Robert Harris, Tristan Cuevas, Heather Wright, Rick Flowers]"}, "244": {"gemma": "[Kevin Alvarez, Teresa Roberts, Erica Dixon, Justin White, Sara Nguyen]"}, "245": {"gemma": "[Sharon Boone, Sarah Smith, Ryan Johnson, Alexander Clements, Christine Peters]"}, "246": {"gemma": "[Judy Garrett, Kenneth Johnson, Kelsey Vasquez, Jessica Vang, Jesus Gibson, Brianna Harris, Robert Barber, James Simon, Alexander Christensen, Katie Lopez]"}, "247": {"gemma": "[James Williams, Christian Watson, Tiffany Jordan, George Miller, Elizabeth Tucker, James Rogers, Christopher Mooney]"}, "248": {"gemma": "[Kevin Scott, Joseph Rojas, Mark Pineda, Jessica Mendez, Cindy Christian]"}, "249": {"gemma": "[Danielle Flynn, Dorothy Doyle, Michael Turner, Stephanie Smith, Ashley Gonzalez]"}, "250": {"gemma": "[Angela Vargas, Robert Lin, Brett White, Mary Graham, Sheryl Ross]"}, "251": {"gemma": "[Lisa Howard, Joseph Phillips, Kristina Moss, Heather Warren, Rachel Burke]"}, "252": {"gemma": "[Rachel Oliver, Jacob Gonzalez, James Martinez, Zachary Smith, Robert Marshall, Amy Thomas, Shawn Monroe]"}, "253": {"gemma": "[Ian Hart, Joseph Douglas, Renee Hampton, Ryan Brown, Victor Adams, Steven Rodriguez, Kelly Vang]"}, "254": {"gemma": "[Harry Wolf, Hannah Massey, Mitchell Roberts, Rebecca Williams, Caitlyn Vaughan]"}, "255": {"gemma": "[John Phillips, Angela Jones, James Lewis, Gabriel Stephens, Richard Griffin, Ashley Wilson, Michael Smith, Jerry Gonzalez]"}, "256": {"gemma": "[Heather Ortiz, Christina Underwood, Benjamin Powell, Kristen Santos, Nicholas Simpson]"}, "257": {"gemma": "[Victoria Russell, Cindy Robinson, Chase Lee, Michelle Mccarty, Monica Werner, John Wilson, Kevin Nunez]"}, "258": {"gemma": "[Mark Johnson, Brady Edwards, Ashley Dixon, Gregory Rose, Tammy Chavez]"}, "259": {"gemma": "[Austin Rodriguez, Charlene Brown, Monica Larsen, Michael Rhodes, Patrick Cole]"}, "260": {"gemma": "[Olivia Hanson, Andrew Walters, Ashley Crawford, Joseph Robinson]"}, "261": {"gemma": "[Ricardo Allen, Thomas Hawkins, Joshua Chung, Angela Morgan, Wayne Rogers]"}, "262": {"gemma": "[Robert Perez, Jesse Armstrong, Jordan Gray, Elizabeth Grimes, Kyle Dudley]"}, "263": {"gemma": "[Taylor Sherman, Michael Estrada, Debra Thomas, Joseph Sanchez, Lisa Odonnell, Michael Estrada, Brian Mullins, Michaela George, Philip Moreno]"}, "264": {"gemma": "[Charles Hanson, Sean Macdonald, Jessica Gibson, Julie Howard, Mrs. Debbie Becker, Sherri Salazar]"}, "265": {"gemma": "[Nicholas Moon, Thomas Best, Mark Garrison, Hannah Clay, Corey Robinson]"}, "266": {"gemma": "[Monica Phillips, Amber Fowler, Christine Christian, Richard Morgan, Gary Weber]"}, "267": {"gemma": "[Gary Reynolds, Andrew Bird, Kelly Ramirez, Christopher Johnson, Karen Bell]"}, "268": {"gemma": "[Catherine Osborne, Joseph Tucker, Victoria Hunter, Elizabeth Hansen, Laura Walter, Nicholas Hernandez, Bethany Davis]"}, "269": {"gemma": "[Stacy Garcia, Kerry Perkins, Jennifer Bryant, Donna Alvarado, Evan Cunningham, William Roberson, Anthony Burns, Sara Colon, Tamara Grimes, Matthew Tate]"}, "270": {"gemma": "[Nancy Ball, Michael Olson, Clinton Sims, Christopher Wagner, Brandon Harvey, Rhonda Wilson]"}, "271": {"gemma": "[Monica Dyer, Jared Castro, James Mcintyre, Lori Kennedy, Jean Edwards]"}, "272": {"gemma": "[Ronnie Miller, Mrs. Dana Hamilton, Shawn Morrison, Jennifer Willis, Bradley Gilmore]"}, "273": {"gemma": "[Jonathan Padilla, Crystal Ali, Bobby Garcia, Sarah Powell, Allison Valdez, Ronald Williams]"}, "274": {"gemma": "[Shannon Price, Wesley Norris, Cheryl Medina, Rachel Richards, Steven Nixon, Elizabeth Solis, Tanya Gallegos]"}, "275": {"gemma": "[Mary Cook, Logan Downs, Stephen Willis, Katherine Larsen, Barry Hunter, Michael Cruz, Ronald Obrien]"}, "276": {"gemma": "[Roger Johnson, Jean Lee, Kristy Salas, Tracy Conway, Michele Sandoval, James Long, Jeffrey Farmer, Barbara Hill, Renee Salinas PhD, Samantha Armstrong]"}, "277": {"gemma": "[Juan Carter, Gary Watson, Andrew Lee, Brittany Baldwin, Michael Leon, Christian Vasquez]"}, "278": {"gemma": "[Erica Garrett, Cristina Robinson, Tyler Clark DDS, Philip Thomas, Carrie Todd, Amber Mccoy, Latoya Stevenson]"}, "279": {"gemma": "[Danielle Hays, Catherine Chambers, Tiffany Medina, Joseph Moreno, Melissa West]"}, "280": {"gemma": "[Kimberly Richardson, Daisy Dixon, Stephanie Mcknight, Beth Scott, Kathleen Rice]"}, "281": {"gemma": "[Kylie Camacho, Angela Peterson, Alexis Green, Katherine Fitzpatrick, Autumn Jennings]"}, "282": {"gemma": "[Krista Mitchell, Elizabeth Abbott, Justin Lang, Bruce Rogers, Mariah Henry]"}, "283": {"gemma": "[Kayla Wheeler, Adrian Hoover, David Howe, Maria Jordan, Cody Fields, Tony Moore]"}, "284": {"gemma": "[Robert Costa, Crystal Jackson, Chris Johnson, Katrina Chavez, Morgan Fuller, Maurice Greer]"}, "285": {"gemma": "[Lisa Gomez, Crystal Atkinson, Allison Marshall, Victoria Rowland, Daniel Kelley, Jenna Mitchell]"}, "286": {"gemma": "[Charles Martinez, Eduardo Benitez, Daniel Johnson, Ashley Howard, Lindsey Harris]"}, "287": {"gemma": "[Douglas Hess, Anna Hamilton, Bob Snyder, Tyler Owens]"}, "288": {"gemma": "[Joshua Bowman, Tammy Rodriguez, Donald Compton, Kevin Jones, Audrey Morris, Janet Holland]"}, "289": {"gemma": "[April Patel, Dale Mason, Jessica Freeman, Donald Moore, Kevin Long, Tina Burton]"}, "290": {"gemma": "[Theodore Faulkner, Christopher White, Daniel Leon, James Morris, Vanessa Kelly]"}, "291": {"gemma": "[Shannon Jackson, Richard Barron, Austin Davis, Edward Arellano, Edwin Rios, Jasmine Hernandez]"}, "292": {"gemma": "[Ashley Watson, Andrew Henderson, Joshua Garcia, Bradley Rhodes, Elaine Wright PhD, Andrew Perez]"}, "293": {"gemma": "[Peter Rodriguez, Tracie Williams, Jennifer Rose, Gregory Marshall, Emily Riley]"}, "294": {"gemma": "[Edgar Hebert, George Williams, Shannon Gay, Karen Russell, Sarah Bernard]"}, "295": {"gemma": "[Jeffrey Lewis, Robert Solomon, Lindsey Reyes, Erik Weeks, Amanda Thompson, Christopher Schneider, Deborah Griffith]"}, "296": {"gemma": "[Stephen Dunn, Sophia Miller, Alexandra Black, Michael Sanchez, Crystal Powers, Anthony Wolf]"}, "297": {"gemma": "[Karen May, Brandon Holmes, Stephanie Peterson, Tom Lane, Jennifer Watts, Debra Khan, Steven Salas]"}, "298": {"gemma": "[Gregory Cruz, Danielle Burch, Victoria Lewis, Angela Mueller, Kevin Stuart]"}, "299": {"gemma": "[Angela Morris, Kyle Fisher, Jacob Lara, Joel Murphy, Tara Wong]"}, "300": {"gemma": "[Ronald Mathis, Olivia Sharp, William Jackson, Rachel Wu, Taylor Matthews, Eric Harvey]"}, "301": {"gemma": "[Peter Golden, Dana Bryan, Kristen Johnson, Victoria Gomez, Robert Richardson]"}, "302": {"gemma": "[Terri Reid, Jeffrey Potts, Michaela Garza, Marc Washington, Jacqueline Gonzalez]"}, "303": {"gemma": "[Kristina Kirby, Andrea Baker, Jeremy Lee, Kristin Soto, Victoria Hanson, Tammy Lucas]"}, "304": {"gemma": "[Madison Andrews, Joseph Wells, Travis Watson, Terrence Johnson, Mary Banks]"}, "305": {"gemma": "[Tabitha Thompson, Michael Flynn, Katie Jones, David Shields, Cathy Bass]"}, "306": {"gemma": "[Steven Ramos, Cheryl Adams, Cynthia Morgan, Kenneth Wiggins, Julia Herrera, Victoria Moore, Christopher Soto, Scott Scott]"}, "307": {"gemma": "[Desiree Thompson, Dr. Linda Castro, Michael Ward, Gabriel Kelley, Cheryl Liu]"}, "308": {"gemma": "[Anthony Phillips, Robert Adams, Crystal Palmer, Kevin Dyer, Timothy Bishop, Heather Williams, James Patterson, Michael Shaffer, Lydia Roberts]"}, "309": {"gemma": "[Tina Mitchell, Mary Thomas, Derek Buchanan, Keith Doyle, Stephanie Hunt]"}, "310": {"gemma": "[Michael Bradshaw, Jennifer Rose, Eric Oliver, Jeffery Patterson, Brenda Wallace]"}, "311": {"gemma": "[Brian Brown, Stanley Walters, Benjamin Freeman, Kelli Beard, Julie Thomas]"}, "312": {"gemma": "[Kelly Peterson, Christopher Golden, Jennifer Ibarra, Sarah Wilson]"}, "313": {"gemma": "[Chelsey Snow, Jackson Leblanc, David Allen, Gregory Ellis, Marie Rodriguez]"}, "314": {"gemma": "[Christian Reilly, Christopher Wang, Erik Clark, Andrew Anderson, Larry Smith]"}, "315": {"gemma": "[Rhonda Rogers, Roger Anderson, Alexandra Williams, Nicholas Rodriguez, Christopher Dunn]"}, "316": {"gemma": "[Anthony Alvarado, Kimberly Richardson, Jorge Michael, Richard Robinson, Ashley Smith, Zachary Simmons]"}, "317": {"gemma": "[John Ramirez, Brittany Sweeney, Jordan Pierce, Felicia Deleon, Chad Osborne, James Larson]"}, "318": {"gemma": "[Jacob Steele, Russell Caldwell, Tiffany Welch, Christopher Glover, Melissa Lewis]"}, "319": {"gemma": "[Lisa Young, Christopher Delgado, Tiffany Huff, Allen Moody, Scott Hernandez, Matthew Flores, Aaron Moore]"}, "320": {"gemma": "[Ryan Shaffer, Victor Hardin, Julie Ortiz, Brittany Harris]"}, "321": {"gemma": "[Miranda Wolfe, Keith Ramos, Stephanie Gaines, Margaret Castro, Charles Clements, Carmen Montgomery, David Silva, John Mcguire]"}, "322": {"gemma": "[Megan Ramos, Christopher Elliott, Nancy Christensen, George Mckee, Katherine Acosta, Amy James, Kenneth Rangel]"}, "323": {"gemma": "[April Pugh, Ronald Zhang, Donna Nelson, Amy Michael, James Fleming]"}, "324": {"gemma": "[Dana Hansen, Andre Gonzalez, Justin Holmes, Mikayla Bryan, Joseph Price]"}, "325": {"gemma": "[Tyler Jones, Latasha Miller, Deanna Tate, Blake Mack, Cynthia Reyes, Ryan Cooper, John Jordan, Andrew Brown, Paul Ryan, Janice Johnson]"}, "326": {"gemma": "[Ronald Chan, Adam Alvarado, Debra Garza, Thomas Pham]"}, "327": {"gemma": "[Joshua Franklin, Benjamin Solomon, Robert Saunders, Kelly Sanders, Crystal Wilson]"}, "328": {"gemma": "[Adam Mills, Brian Dunn, Eduardo Gonzalez, Steven Allen, Derrick Anderson, Katie Brown]"}, "329": {"gemma": "[Diane Stewart, David Monroe, Kristen Schmidt, Paul Chavez, Casey Hernandez]"}, "330": {"gemma": "[Kevin Henson, Christina Long, Kelly Key, Holly Brown, Gregory Lopez, Luke George]"}, "331": {"gemma": "[Daniel George, Edward Pitts, Stephen Perez, Kathryn Thompson, Paul Knight, Melissa Gould]"}, "332": {"gemma": "[Gregory Flores, Sandra Adams, Amber Perez, Elaine Cooper, David Roberts, Kayla Thompson, Zachary Thompson]"}, "333": {"gemma": "[William Hayes, Michael Carter, Lauren Mitchell, Steven Cordova, Dustin Lang]"}, "334": {"gemma": "[Kristin Hoover, Zachary Davis, Jennifer Jacobs, Anthony Lewis]"}, "335": {"gemma": "[William Friedman, Christopher Harris, Marissa Bennett, Raymond Gill Jr., Michael Medina]"}, "336": {"gemma": "[Joseph Carter, Christopher Horton, James Robinson, Kevin Johnson, Kelsey Cox DDS]"}, "337": {"gemma": "[Kevin Taylor, Felicia Oliver, Susan Pruitt, William Robertson, Kristen Donaldson]"}, "338": {"gemma": "[Jeffrey May, Brenda Donaldson MD, Dennis Byrd, Rose Foster, Heather Tucker]"}, "339": {"gemma": "[Garrett Parrish, Lisa Haley, Joe Paul, Brandon Mccormick, Michael White, Shawn Graham]"}, "340": {"gemma": "[Patrick Dominguez, Maria Snyder, Stacy Young, Kari Duncan, Taylor Booker, Jonathan Bryant, Anita King, Tanya Monroe, Phillip Cooper, Hannah Alvarez]"}, "341": {"gemma": "[Mr. Christopher Collier, Helen Jones, Joseph Day, Kevin Lee, Brittney Rios, Angelica Graham, Charles Bryant, Michelle Valentine]"}, "342": {"gemma": "[Beth Gordon, William Martinez, Mark Cole, Mrs. Nicole Davis MD, Zachary Pacheco]"}, "343": {"gemma": "[Miss Frances Ramirez, Jacqueline Hansen, Stephanie Smith, Luis Wilson, Erin Pierce]"}, "344": {"gemma": "[Joseph Fischer, Melissa Brown, Erik Mccall, Joseph Fernandez, David Brandt]"}, "345": {"gemma": "[Anthony Moore, Austin Young, Derrick Jackson, Karen Lewis, Alejandro Thompson, Shelley Smith]"}, "346": {"gemma": "[Rachael Nolan, Joshua Quinn, Stephanie Dudley, William Baldwin, Dawn Perry, Brad Freeman]"}, "347": {"gemma": "[Marcus Anderson, Ashley Anderson, Linda Rivera, Brenda Johnson, Sarah George]"}, "348": {"gemma": "[Nancy Carter, Joseph Bennett, Maria Adkins, Kelly Kelley, Bianca Walter, Tracy Ross, Erik Santiago]"}, "349": {"gemma": "[Jasmine Baldwin, Kevin Wells, Douglas Hahn, Amy Foster, Kathleen Hansen]"}, "350": {"gemma": "[Leslie Ward, Edwin Lewis, Abigail Howell DVM, Christopher Munoz, Brandon Cross]"}, "351": {"gemma": "[Holly Martinez, Kevin Torres, Jose Miller, Brittany Whitney, Charles Davidson]"}, "352": {"gemma": "[Suzanne Jackson, Gregory Snyder, Renee Monroe, Curtis Flynn, Lisa Case]"}, "353": {"gemma": "[Kelli Fernandez, Sarah Moore, Jacqueline Preston, Ryan Bryant, Amy Ward]"}, "354": {"gemma": "[Jonathan Gay, Michael Gonzalez, Rebecca Reyes, Lauren Carrillo, Michelle Nelson]"}, "355": {"gemma": "[Susan Nguyen, David Nelson, Matthew Howard, Karen Smith, Breanna Williams, Jose Phelps]"}, "356": {"gemma": "[Scott Fleming, Susan Daniels, Benjamin Reyes, Ryan Hernandez, Timothy Hicks]"}, "357": {"gemma": "[Christine Ruiz, Melissa Burton, Audrey Palmer, Antonio Marshall, Kevin Vargas, James Keller]"}, "358": {"gemma": "[Kathryn Mann, Jeffrey Barker, Melissa Allen, Cheryl Ortiz, Donald Warren, Jeffrey Hurst]"}, "359": {"gemma": "[Taylor Morris, Thomas Parker, Alexis Miller, Angela Black, Dawn Hayes, Thomas Parker]"}, "360": {"gemma": "[Natalie White, Tyler Rodriguez, Lindsey Martinez, Tiffany Snyder, Jacob Davila]"}, "361": {"gemma": "[Emily Armstrong, Megan Reyes, Thomas Ramirez, William Rodriguez, Katherine Harper]"}, "362": {"gemma": "[Samantha Jarvis, Matthew Sparks, Jennifer Jackson, Dominique Vargas, Scott Clark, Louis Johnson, Regina Cherry, Keith Franklin, Teresa Miles]"}, "363": {"gemma": "[Courtney Stafford, Steven Webb, Ashley Wheeler, Kevin Mendoza, James Johnson, Kevin Moreno, Aaron Savage]"}, "364": {"gemma": "[Jonathan Moore, Karen Walker, James Guerra, Christopher Patterson, Ashley Jimenez, Troy Ward, Justin Hawkins, Robert Curry]"}, "365": {"gemma": "[Amanda Scott, Angela Rodriguez, Dustin Walsh, Dr. Tanya Wilkerson, Katie Torres]"}, "366": {"gemma": "[Todd Green, James Ramsey, Ashley Mendez, Christopher Hampton, Robin Silva]"}, "367": {"gemma": "[Courtney Lee, Justin Pearson, Robert Cameron, Danielle Howard, Julia Vincent, Jessica Thomas, Heidi Richardson]"}, "368": {"gemma": "[Mary Thomas DDS, Antonio Buchanan, Whitney White, Todd Flynn, Justin Chavez]"}, "369": {"gemma": "[Steven Burton, Charles Flynn, Logan Vance, Barbara Hawkins, Jeremy Schmidt]"}, "370": {"gemma": "[Kirsten Hill, Tammy Richards, Shannon Gentry, Melinda Torres, Dr. Lauren Graves DDS, Scott Lewis, Gary George]"}, "371": {"gemma": "[Carrie Cook, Shawn Ortiz, Shelby Martin, Evan Martin, Amanda Schroeder]"}, "372": {"gemma": "[Zachary Martinez, Kevin Pineda, Lisa Robinson, Julia Johnson, Laura Shaw, Jose Stevens, Heather Gallagher]"}, "373": {"gemma": "[Sharon Wilson, Mrs. Crystal Barron MD, Christopher Collier, Amanda Cook, Cheryl Rubio, Misty Williams]"}, "374": {"gemma": "[Patricia Green, Chad Rodriguez, Keith Vargas, Thomas Perez, Courtney Anderson, Alyssa Santos, Michele Calhoun, Terry Watson, Aaron Wilcox, Christopher Pearson]"}, "375": {"gemma": "[Angela Ferguson, Charles Patterson, Andrew Hernandez, Wayne Walker, Susan Watkins, Elizabeth Jones, Abigail Price, Scott Roth, Joshua Allen, Julie Vang]"}, "376": {"gemma": "[Lance Cooper, Daryl Johnson, Jerry Simpson, Jay Baldwin, John Novak, Julia Hendrix, Mark Wagner]"}, "377": {"gemma": "[Kenneth Stark, Linda Martin, Casey Walker, Anne Watts, Marc Nicholson]"}, "378": {"gemma": "[Joshua Clements III, Elizabeth Blair, Joe Dean, Daniel Herrera, Robert Miranda]"}, "379": {"gemma": "[Danielle Mitchell, Cynthia Brewer, Ariana Herrera, Sonya Harris, Charles Mcgrath]"}, "380": {"gemma": "[Brandon Hood, Anthony Burke, Janet Diaz, Patricia Contreras, Casey Johnston, Michael Burke, Kendra Anderson]"}, "381": {"gemma": "[Amanda Smith, Cameron Barnett, Christine Burke, David Johnson, Sarah Suarez]"}, "382": {"gemma": "[Timothy Rojas, Matthew Collins, Jay Carter, Holly Willis, Jennifer Burton]"}, "383": {"gemma": "[Elizabeth Baker, Yvonne Tucker, Susan Martinez, Sarah Stevenson, Dana Bell]"}, "384": {"gemma": "[Steven Roy, Deborah Fisher, Tyler Campbell, Miss Kristy Hammond, Eduardo Johnston]"}, "385": {"gemma": "[Tracie Reese, Andrew Hodges, John Beck, John Jackson III, Zachary Meyer, Shannon Petty, David Smith, Eric Parks, Craig Williams]"}, "386": {"gemma": "[Richard Ayala, Amanda Cook, Thomas Olson, Kristen Crawford, Angela Steele, Jesse Butler]"}, "387": {"gemma": "[Samantha Rodriguez, Warren Matthews, Elizabeth Wagner, James Howe, Angela Wright]"}, "388": {"gemma": "[Shawn Walker MD, Lawrence Rich, Christopher Evans, Tara Cannon, Hannah Garcia]"}, "389": {"gemma": "[Jeffrey Davis, Amber Vargas, Michael Lambert, Jacqueline Morrison, Kimberly Miles, Steven Young, Eric Wong]"}, "390": {"gemma": "[Stephanie Cherry, Trevor Duncan, Caroline Harris, Ricky Fuller, Monica Castro, Christine Vasquez]"}, "391": {"gemma": "[Jesse Bender, Tyler Carroll, Katie Cannon, Robert Olson, Grace Walters]"}, "392": {"gemma": "[Angela Knight, Joshua Newman, Steven Becker, Robert Jordan, Louis Franco, Cheryl Mcfarland, Kevin Henry]"}, "393": {"gemma": "[Jessica Heath, Debbie Lane, Maxwell Shields, Andrea Waters, Christopher Clarke, Emily Morris]"}, "394": {"gemma": "[Anthony Mendoza, Christopher Walsh, Kimberly Serrano, George Burns, Aaron Dickerson]"}, "395": {"gemma": "[Lori Jackson, James Schultz, Kevin Delacruz, Christopher Padilla, Natalie Nelson, Debra Smith, Jill Neal]"}, "396": {"gemma": "[Amanda Cox, Brenda Lewis, Terri Clark, Tyler Moody, Roberto Gonzalez, Eric Moore]"}, "397": {"gemma": "[Taylor Ramirez, Joshua Smith, Thomas Miller, Patrick Gordon, Gregory Wilson, Emma Davis, Joseph Gomez, Rebecca Richardson, Jimmy Coleman, Morgan Neal, John Morgan, Kimberly Gomez]"}, "398": {"gemma": "[Kaitlyn Williams, Brooke Ortiz, Daniel Perez, Andrea Smith, Courtney Underwood]"}, "399": {"gemma": "[Lisa Silva, William Potts, Andrew Curtis, Felicia Hunter, Vanessa Valentine]"}, "400": {"gemma": "[Jason Robinson MD, Christina Shelton, Thomas Perkins, Joshua Fuentes, Mary Hinton]"}, "401": {"gemma": "[Cameron Estes, Aaron Johnson, Claire Leblanc, Daniel Velazquez, Ashley Costa]"}, "402": {"gemma": "[Cheryl Barnes, Martin Montgomery, Jessica Valentine, Michael Jordan]"}, "403": {"gemma": "[Sarah Rogers PhD, Martin Edwards, Whitney Allen, William Ruiz MD, Jeffrey Norris]"}, "404": {"gemma": "[Alec Garcia, Alexander Snyder, Lori Grant, Michael Lopez, Wendy Ayala]"}, "405": {"gemma": "[Kim Hampton, Emily Douglas, Anthony Wood, Veronica Pruitt, Julie Nunez, Leonard Roberson]"}, "406": {"gemma": "[Michael Mack, Elizabeth Anthony, Katelyn Garcia, Allison Richard, Monica Skinner, Joanna Turner, Elizabeth Lewis]"}, "407": {"gemma": "[Jeremy Meyers, Dennis Griffin, Ashley Owen, Austin Schroeder, Stephanie Hughes, Maria Hurst]"}, "408": {"gemma": "[Shawn Ponce, Michele Armstrong, Kathryn Hernandez, Christopher Howard, Dr. Donna Walker, Kayla Brooks]"}, "409": {"gemma": "[Nancy Gibson, Jennifer Gonzales, Gwendolyn Freeman, Kimberly Petersen, Anita Lopez]"}, "410": {"gemma": "[Krista Mitchell, Kimberly West MD, Peter Phillips, Angela Tyler, Isaiah Collins, Mackenzie Snyder, Kelly Ingram, Jacqueline Smith, Miranda Hayes]"}, "411": {"gemma": "[Frank Fields, Kyle Mayer, Cynthia Adams, Kelli Cowan, Ashley Sanders, Robin Klein, Amy Martinez, Christian Randall, Jeffrey Lane, Cindy Smith, Maria Young]"}, "412": {"gemma": "[Hannah Malone, Nicholas Rodriguez, George Acevedo, Adam Guerra, Zachary Bowman]"}, "413": {"gemma": "[Kathryn Anderson, Samantha Stewart, Michael Estes, Rebecca Williams, Crystal Bray, Jennifer Lloyd]"}, "414": {"gemma": "[Daniel Blackwell, Mariah Mcguire, Aaron Roberts, Ashley Schneider, Roy Griffith]"}, "415": {"gemma": "[Alan Johnson, Benjamin Jackson, Donald Jimenez, Jennifer Sherman, Alexandra Palmer]"}, "416": {"gemma": "[Thomas Stewart, Michael Miller DDS, Ashley Kim, Theresa Guzman, Justin Walsh]"}, "417": {"gemma": "[Kevin Frazier, Vincent Herman II, Adam Johnson, Melinda Johnson, Stephanie Harmon]"}, "418": {"gemma": "[James Matthews, Sandra Walker, Benjamin Miller, Martin Frederick Jr., Barbara Scott, Kelly George]"}, "419": {"gemma": "[Cory Cole, Michael Patel, Leslie Flowers, Dominic Barrera, Christian Andrews]"}, "420": {"gemma": "[Stacey Evans, Richard Flores, Matthew Cline, Tiffany Greene, Stephanie Stevenson, Scott Green, Gary Larson, Timothy Mcclure, Allison Ramos]"}, "421": {"gemma": "[Brenda Moran, Kimberly Reyes, Jason Wheeler, Paul Thompson, Robert Brown, Katelyn Gill, Sarah Jacobs, Geoffrey Lewis, Taylor Campos]"}, "422": {"gemma": "[Courtney Wallace, Jerome Ferguson, Joshua Kane, Edward Torres, Anthony Wilson, Alison Haynes]"}, "423": {"gemma": "[Michelle Mcbride, Wayne Perkins, Richard Garcia, Mark Calderon, Lauren Wright PhD, Aimee Robinson]"}, "424": {"gemma": "[Anna Jones, Melvin Willis, Nicole Hernandez, Jordan Miller, Chad Santiago]"}, "425": {"gemma": "[Susan Harris, Jose Foster, Thomas Olson, James Williams, Heather Patterson, Mitchell Roberts, Joshua Williamson]"}, "426": {"gemma": "[Allison Ellis, Tammy Dougherty, Jessica Gonzalez, Michael Dyer, Robert Melton]"}, "427": {"gemma": "[Whitney Mccullough, Robert Pierce, Brandon Harris, Elizabeth Knox, Tracy Stephens]"}, "428": {"gemma": "[William Gibbs, Michelle Hunt, Katherine Floyd, Michael Patel, Charles Brown]"}, "429": {"gemma": "[Michael Roberson, Ruth Dixon, Tiffany Bryant, James Hernandez, Crystal Prince, Dalton Howard, Bobby Sanchez, Alan Shepherd]"}, "430": {"gemma": "[Tracey Mooney, Michael Mendoza, Erin Taylor, Lauren Atkins, Michael Garcia, Kara Lambert, Charles Brown]"}, "431": {"gemma": "[Kristin Garcia, Sean Arnold, Kevin Lyons, Diana Duncan, Melissa Morales]"}, "432": {"gemma": "[Mary Chaney, Angela Torres, Anthony Cooper, Michelle Taylor]"}, "433": {"gemma": "[Anna Santiago, Jennifer Graham, Kelly Fuller, Matthew Peters, Benjamin Lam]"}, "434": {"gemma": "[Monique Carpenter, David Nelson, Leslie Ali, Brittney Greene, Christina Webster, Matthew Perkins, Mr. Ryan Lee Jr.]"}, "435": {"gemma": "[Kelly Robinson, Cynthia Chaney, Rachel Barry, Michael White, Alexandra Mccarthy, Wendy Smith]"}, "436": {"gemma": "[Jeffrey Olsen, Christopher Gomez, Crystal Garza, Jeremy Lawson, Sarah Fitzgerald]"}, "437": {"gemma": "[Brenda Robinson, Christopher Brock DDS, Darrell Bass, Jessica Morgan, Stephanie Fisher, Jennifer Wilson]"}, "438": {"gemma": "[Elizabeth Thomas DDS, Robert Salazar, Kenneth Russell, Chelsea Thomas, Justin Ross]"}, "439": {"gemma": "[Lauren Hamilton, Melissa Davis, Derrick Wilson, Angela Kennedy, Jill Hammond]"}, "440": {"gemma": "[Carl Adams, Joseph Herman, Paul Murphy, Kevin Fleming, Clifford Ellis, Caroline Jackson, William Norris, Dr. William Cherry, Sherry Carlson, James Montes, Daniel Thomas Jr., Laura Pena, Gregory Sloan, Benjamin Adams, Raymond Franklin, Howard Alvarado, Edward Heath, David Frey, Michael Fernandez, Jessica Brooks, Grace Fuller, Haley Klein, Aaron Peterson]"}, "441": {"gemma": "[Gary Hernandez, Amy Colon, Perry Cordova, Alexis Byrd, Anthony Schwartz, Roy Cook]"}, "442": {"gemma": "[Melanie Rich, Sarah Stewart, Denise Norton, Caroline Ward, William Wang]"}, "443": {"gemma": "[Edward Chavez, Cynthia Mullen, Logan Hill, Robert Meyer, Jason Anthony]"}, "444": {"gemma": "[William Robinson, Bryan Richmond, Heather Burns, Gina Melendez, Peter Hodges, Dustin Reese]"}, "445": {"gemma": "[Judith Murphy, Samantha Miller, Valerie Sloan, Chad Allen, William Miller, Joshua Young, Anthony Parker]"}, "446": {"gemma": "[Ellen Johnson, Cynthia Durham, Samuel Evans, Valerie Donovan, Jonathan Walker, Lisa Morris]"}, "447": {"gemma": "[Matthew Rose, Melissa Garcia, James Palmer, David Olson, Michael Lin, Michael Hanna, April Nelson, Tammy Brown]"}, "448": {"gemma": "[Stephanie Young, Dillon Phillips, Sharon Payne, Steven Miller, Jeffrey Hayden, Dustin Spencer, Natalie Irwin]"}, "449": {"gemma": "[Kevin Williams, Stephanie Olson, Anna Howard, Kevin Ramirez, Larry Walton, Matthew Edwards]"}, "450": {"gemma": "[Monica Jones, Amanda King, Eric Reynolds, Gregory Clark, Marissa Snow]"}, "451": {"gemma": "[Kenneth Phillips, David Crosby, Alexandra Barker, Justin Benjamin, Scott Lawson]"}, "452": {"gemma": "[Michelle Perkins, Joshua Douglas, David Cunningham, Ashlee Mckenzie, Virginia Taylor, Susan Mckee]"}, "453": {"gemma": "[Kristin Soto, Michael Snyder, Steven Davis, Haley Ramsey, James Casey, Rebecca Bowen]"}, "454": {"gemma": "[Micheal Jenkins, Allen Watson, Erin Thomas, Stacey Martinez, Michael Wilson]"}, "455": {"gemma": "[Dr. Ebony Jones, Debra Dean, Jordan Allen, Tiffany Stark, Heather Foster]"}, "456": {"gemma": "[Jeffrey Pierce, Timothy Bennett, Amy Berry, Melanie Conway, Lance Garcia, Robert Watkins, Julia Fowler]"}, "457": {"gemma": "[Lauren Coleman, Craig Ruiz, Patricia Miller, Christine Wood, Carolyn Ortiz]"}, "458": {"gemma": "[Jeremy Cortez, Rachel Tyler, Samuel Thompson, Whitney Wilson, Jeffery Medina, Gail Taylor]"}, "459": {"gemma": "[Jeffrey Burke, Robin Boyer, Marissa Johnson, Katie Gould, Angela Stark, Michael Nelson]"}, "460": {"gemma": "[Sarah Henry, Marvin Hughes, Zachary Monroe, Alison Peters, Kevin Adams]"}, "461": {"gemma": "[David Brown, Karen Wallace, Joshua Perez, Brittany Smith, Leslie Cohen]"}, "462": {"gemma": "[Danielle Gomez, Gary Adams, William Smith, Angela Watson, Barbara Calderon]"}, "463": {"gemma": "[Michael Smith, Christopher Wilson, Tamara Ward, Victor James, Ricardo Curtis, Adam Knight, Dr. Sheena Alexander, Charles Lopez, Amber Reyes, Nicholas Perez]"}, "464": {"gemma": "[Kimberly Deleon, Brandy Butler, Alan Lozano, Courtney Moore, Daniel Williams]"}, "465": {"gemma": "[Katherine Hardy, Michael Gallegos, Elizabeth Reyes, David Martinez, Morgan Warren, Shawn Franklin, Kevin Johnson, Alyssa Schneider, Richard Mason]"}, "466": {"gemma": "[Brendan Smith, Miss Gina Ingram MD, Rachel Rodriguez, Stephanie Ball, Alexander Nunez]"}, "467": {"gemma": "[Erin Carr, James Brown, Jeffrey Bowers, Molly Scott, Heather Webster]"}, "468": {"gemma": "[Jason Smith, Charles Cunningham, Jennifer Acosta, Samantha York, Adriana Brown]"}, "469": {"gemma": "[Rebecca Fox, Jordan Farmer, Roberta Hunter, Leah Hernandez, Katherine Johnston]"}, "470": {"gemma": "[Daniel Wright, Martha Taylor, Shane Graham, Christopher Church, Sarah Reed]"}, "471": {"gemma": "[Adriana Schneider, Jessica Fleming, Thomas Dougherty, Joel Bass, Alexander Fletcher]"}, "472": {"gemma": "[Brittany Gonzalez, Angela Reynolds, Jeffrey Mcdonald, Margaret Guzman, Jasmine Robertson, Andrew Erickson DDS]"}, "473": {"gemma": "[Sandra Estrada, Michael Jones, Janice Brown, Tony Ruiz, Jacqueline Joseph, Kayla Jacobs]"}, "474": {"gemma": "[Michelle Jones, Alexander Contreras, Jacob Parker, Chase Reyes, Robert Butler, Angie Young, Jamie Jefferson]"}, "475": {"gemma": "[Christopher Munoz, Mark Robinson, Kimberly Carroll, Christopher Paul, Mrs. Amy Medina, Emma Clark]"}, "476": {"gemma": "[Mr. Matthew Cruz, Anthony Hancock, Heather Phillips, Richard Brooks, Larry Rasmussen, Courtney Salazar]"}, "477": {"gemma": "[Robert Rodriguez, Charles Ramirez, Donald Murphy, Christopher Turner, Alyssa Brown, Ronald Maxwell]"}, "478": {"gemma": "[Elizabeth Shepard, Victoria Knight, Gary Gray, Cameron Carey, Nicholas Ramos, Grant Perry]"}, "479": {"gemma": "[Alexis Gordon, Christine Chen, Garrett Owens, Sharon Jackson]"}, "480": {"gemma": "[Lynn Miller, Sheila Smith, Michael Ruiz, Alexis Walker, Monique Santos, Christie Green, Ryan Weaver]"}, "481": {"gemma": "[John Dalton, Kristen Smith, Matthew Butler DDS, Elizabeth Sanders, Gregory Scott]"}, "482": {"gemma": "[Kerry Williams, Patricia Mccann, Michael Perez, Zachary Herrera, Corey Walsh, Robert Brandt Jr.]"}, "483": {"gemma": "[Seth Dixon, Charles Chung, Mariah Garrett, Valerie Garrett, Shelby Howe, Katherine Cole]"}, "484": {"gemma": "[Michele Rangel, Gary Young, Brittney Nicholson, Christine Spencer MD, Kenneth Jones, Jacob Johns]"}, "485": {"gemma": "[Gina Phillips, Andrew Frazier, Stacey Patel DDS, Justin Smith, Edward Morales]"}, "486": {"gemma": "[Donald Knapp, Melinda Costa, Abigail Jacobs, Courtney Mata, Jerome Ferguson, Ronald Brown]"}, "487": {"gemma": "[Jonathan Mendez, Alexandra Williams, Wanda Jordan, Thomas Fuller]"}, "488": {"gemma": "[Jeffrey Boyd, Rickey Vasquez, Courtney Knox, Meghan Davis, Teresa Valdez, Wayne Delacruz]"}, "489": {"gemma": "[Kenneth Jackson, Connie Heath, Christina Murillo, Andrew Braun, Bryan Cook]"}, "490": {"gemma": "[Thomas Kline, William Smith, Angela Patterson, Mackenzie Blackburn, Melissa Hunt]"}, "491": {"gemma": "[Brittany Ingram, Taylor Moss, John Lester, Susan Hardy, Anthony Powell]"}, "492": {"gemma": "[Victoria Jones, John Mendoza, Kenneth Wheeler, Albert Lewis, Steven Jennings]"}, "493": {"gemma": "[Madison Patterson, Charles Ritter, Tabitha Curtis, Ashley Kelly, Daniel Lee]"}, "494": {"gemma": "[Marc Smith, Emma Anderson, Kenneth Carroll, Regina Underwood, Anna Stone, Amanda Jones]"}, "495": {"gemma": "[Albert Pruitt, Donna Dougherty, Katherine Wallace, Maria Mcguire, William Wiley]"}, "496": {"gemma": "[Amy Coleman, Jacob Long, Kaitlyn Calhoun, Dale Vega, Arthur Allen, Steven Gutierrez, Kimberly Mitchell, Elizabeth Robbins]"}, "497": {"gemma": "[Casey Bush, Martha Hughes, Stephanie Greene, Daniel Romero, Anthony Kramer]"}, "498": {"gemma": "[Manuel Foster, Alexandra Pierce, Brian Doyle, Kenneth Hernandez]"}, "499": {"gemma": "[Andrew Boyd, Christine Anderson, Joseph Gilbert, Tyler Moses, Jessica Herring]"}}