{"0": {"llama8b": "[Jessica Rodriguez, Barbara Martin, Jasmine Baxter, Curtis Rodriguez, Anthony Murphy, Ronald Johnson, Kristen Fernandez, Mark Cooper, Mr. Brian Stanton, Marilyn White, Leslie Sims, Lisa Fowler, David Key, Eric Gardner, Edward Griffin]."}, "1": {"llama8b": "[Dr. Meghan Manning, Robert Park, Emily Chen, Jack Hammond, Christian Davis]."}, "2": {"llama8b": "[Jamie Nguyen, Jessica Greer, Holly Wyatt]."}, "3": {"llama8b": "[Colin Hughes, Mrs. Veronica Sloan, Danielle Long, Clifford Mcintosh, Carl Brown, Michael Livingston, Tiffany Rogers, Stephen Rowland]."}, "4": {"llama8b": "[Marvin Adams, Michael Harrell, Robert Potter, Kara Mcguire, Marie Powell]"}, "5": {"llama8b": "One Minimum Vertex Cover: [Connie Butler, James Spencer, Lisa Leon, Kimberly Lewis, James Welch, Stacey Ayers, John Glenn, Christopher Gutierrez]."}, "6": {"llama8b": "[Dr. Allison Paul, Beverly Walker, Mrs. Danielle Mejia DDS, Gene Johnson, Sara Hanson, Karl Nelson, James Jones, Carol Kelly, Dr. Joe Kelly MD]."}, "7": {"llama8b": "[Brandon Rich, Nancy Reeves, Adam Bryant, Ricky Stephens, Dillon Moore]."}, "8": {"llama8b": "The Minimum Vertex Cover of this network is: [Colleen Horn, Ian Bryan, Elizabeth Harding, John Jenkins]."}, "9": {"llama8b": "[David Fuller, Richard Tucker, Joshua Vaughn, Craig Vincent, Kara Martin, Sharon Daniels, Hector Stephens]."}, "10": {"llama8b": "[Patricia Hall, Jacqueline Coleman, Andre Kramer, Dylan Hansen, Allison Wells, Matthew Torres, Tristan Gray, Kathy Hughes, Mark Salinas, Alvin Silva, Calvin Price, Brenda Thomas]."}, "11": {"llama8b": "The Minimum Vertex Cover of this network is: [Alexander Thomas, Douglas Lang, Terry Garcia, Monique Ramirez, Ian Jackson]."}, "12": {"llama8b": "[Michael Wood, Ronald Hall, Dakota Peters]."}, "13": {"llama8b": "The Minimum Vertex Cover of this network is: [Brad Wright, Mr. Zachary Hernandez, Susan Stark]."}, "14": {"llama8b": "[Anthony Smith, Catherine Schneider, Jennifer Sanchez, Mark Shaw, Megan Smith, Jerry Bray, Gary Davenport, Thomas Gibbs, Melinda Evans, Patrick Lawrence]."}, "15": {"llama8b": "[Kim Jordan, Brian Kelly MD, Andrew Goodman, Michael Patel, James James, Tara Bowen, Marie Waller, Brian Eaton]."}, "16": {"llama8b": "[Dr. Michelle Jenkins, Laura White, Christopher Crawford, Samantha Torres, Joseph Pittman]."}, "17": {"llama8b": "One Minimum Vertex Cover: [Jeremiah Hernandez, Jeremiah Hernandez]."}, "18": {"llama8b": "One Minimum Vertex Cover: [David Hampton, Julie Williams, Chelsea Holland, Kevin Garcia]."}, "19": {"llama8b": "The Minimum Vertex Cover of this network is: [Robert Hill, Jennifer Graves, Patricia Powers, Matthew Graham, Christopher Johnson]."}, "20": {"llama8b": "[Kevin Strickland, Beth Patterson, John Harris IV, Gregory Olson, Jacob Wallace]."}, "21": {"llama8b": "After analyzing the social network, I found that the Minimum Vertex Cover is: [Gary Harris, Robert Fitzgerald, Jennifer Gomez, Andrew Reese]."}, "22": {"llama8b": "[Jimmy Schmidt, Brittany Webb, David Adams, Abigail Robinson, Bobby Francis]."}, "23": {"llama8b": "[Jennifer Lee, Stephen Allen, Amanda Cordova, David Crawford, Robert Sanchez]."}, "24": {"llama8b": "[Mr. Matthew Christian, Mitchell Barker, Laurie Fernandez, David Jones, Cory Horn]."}, "25": {"llama8b": "[Robert Walsh, Yolanda Scott, Doris Rosales, Ricky Cochran, Brent Duran]"}, "26": {"llama8b": "[Christopher Cruz, Elizabeth Nicholson, Michael Graham, Heidi Brown, Richard Burns]."}, "27": {"llama8b": "[Philip Adkins, Jennifer Miller, Dr. Gary Hughes, Pamela Brown, Luis Oneill]."}, "28": {"llama8b": "The Minimum Vertex Cover of this network is [Wendy Wilson, Mark Phillips, Andrea Richardson]."}, "29": {"llama8b": "The Minimum Vertex Cover of this network is: [Lisa Rubio, Andrew Cooper, David Burgess]."}, "30": {"llama8b": "The Minimum Vertex Cover of this network is [Patricia Hicks, Suzanne Larson, Christopher Smith]."}, "31": {"llama8b": "[William Rodriguez, Leah Hawkins, Jordan Gonzales PhD]."}, "32": {"llama8b": "[Anthony Hawkins, Vanessa Mata, Kirk Robinson, Robert Castillo, Paul Key]."}, "33": {"llama8b": "[Jerry Wise, Daniel Fowler, Laura Mccarthy, Brenda Scott, Veronica Herrera]."}, "34": {"llama8b": "[Angela Morgan, Stephanie Smith, Juan Mcclain, Noah Hawkins, Rachel Russo]."}, "35": {"llama8b": "After analyzing the social network, I found that one Minimum Vertex Cover is: [Jean Calderon, Richard Robertson, Jennifer Wilson, Antonio Young, Cassandra Myers]."}, "36": {"llama8b": "[Donna Hill, Jesse Schmitt, Samantha Vega, James Smith, Charles Boyd]."}, "37": {"llama8b": "[Robert Collins, James Johnson, Jerry Neal, Kara Owens, Joanna Aguilar]."}, "38": {"llama8b": "The Minimum Vertex Cover of this network is: [David Long, Paula Davenport, Ryan Ward, Robert Coleman, Christopher Osborne]."}, "39": {"llama8b": "The Minimum Vertex Cover of this network is: [Suzanne Foster, Cameron Hill, Jill Rodriguez, Judy Guzman, Jeffrey Ayers]."}, "40": {"llama8b": "The Minimum Vertex Cover of this network is: [Angela Green, Hannah Ortiz, Charles Rivera, Sara Preston]."}, "41": {"llama8b": "The Minimum Vertex Cover of this network is: [Jay Gallagher, Brian Austin, Christine Ross]."}, "42": {"llama8b": "[Eric Miller, Cody Kelly, Julie Farley, Amy Braun, Mr. Michael Robinson, Brandy Evans, Jay Williams, Kristina Russo, Marc David, Miranda Carson, Erik Dunn]."}, "43": {"llama8b": "[Jason Mann, Randy Berry, Susan Bishop, Mary Sawyer, Jeremy Edwards, Martin Koch]."}, "44": {"llama8b": "[Michael Bush, William Garcia, Michael Tucker, Glen Hall, Maria Park]."}, "45": {"llama8b": "The Minimum Vertex Cover of this network is: [Tamara Walker, Kelli Ellison, Matthew Larson, Jason Best]."}, "46": {"llama8b": "The Minimum Vertex Cover of this network is: [Michael Butler, Donald Jackson, Lance Dougherty, Kristin Nolan, Terry Miller]."}, "47": {"llama8b": "[David Taylor, Carrie Hartman, Robert Williams, Tyler Patrick, Daniel Summers, Matthew Murray, Kylie Torres, Olivia Jones, Debra Parker, Ronnie Mercado, Laura Hudson, Virginia Morris, Ronald Brown]"}, "48": {"llama8b": "The Minimum Vertex Cover of this network is: [Brian Martin, Amy Jordan, Jennifer Baird]."}, "49": {"llama8b": "One Minimum Vertex Cover: [Melissa Greene, Angel Leon, Kelly Mckee, Sara Bass, Blake Johnson]."}, "50": {"llama8b": "[John Sullivan, Nancy Clark, John Lowery, Justin Butler, Melissa Velasquez]."}, "51": {"llama8b": "One Minimum Vertex Cover: [Rodney Barron, Holly Allen, Melissa Parker, Daniel Nash, Joshua Richards, Kelly Franklin, Mark Rivera]."}, "52": {"llama8b": "[John Reed, Frank Bullock, Paula Phillips, Julie Jennings, Brian Craig, Deborah Rodriguez, Todd Gonzalez, Kara Lee, Deanna Strickland, Linda Jensen, Eric Baker, Mrs. Erica Mendoza]."}, "53": {"llama8b": "[Anne Kelly, Kristi Downs, David Moss, Charles Salazar, Charles Hernandez, Caroline Wilson, Laura Stanton, Ryan Wheeler, Zachary Joseph, Elizabeth Haynes, Anthony Gentry, Jasmine Gray, Thomas Fox, Whitney Smith, James Duffy, Elizabeth Thompson, Eugene Powell, Michaela Kaufman, William Lee, Joan Hull, Travis Jackson, Elizabeth Moore, Riley Baker, Michaela Kaufman]."}, "54": {"llama8b": "[Edward Alexander, Sandra Johnson, Adam Sharp, Karen Black, Michael Jenkins, Deborah King, Amanda Davis, Alan Burch, Suzanne Scott, Emily Wilson, Adam Campbell, Jessica Weaver, Justin Woods, Kimberly Dean, Karen Cervantes, Spencer Hunter, Amy Green, Robert Dean, Alex Nelson, Adam Martin, Mark Rodgers, Deborah Rush]."}, "55": {"llama8b": "[Robert Morgan, Ashley Ross, Julie Potter DDS, Michael Williamson, Jeffrey Gutierrez, Philip Rodriguez, Pamela Henson, Michelle Arnold, John Barrett, Donald Morales, Brian Holmes]."}, "56": {"llama8b": "[Jennifer Jones, Christopher Thompson, Jesse Moreno, Patricia Brooks, Jason Walker, Laura Young, Bonnie Benton]"}, "57": {"llama8b": "[Joshua Washington, Sue Mcguire, Sheri Mullins, Patrick Johnson, Aaron Thomas]."}, "58": {"llama8b": "One Minimum Vertex Cover: [Richard Mendoza, Jean Solomon, Arthur Hicks, Paul Davis, Mrs. Shannon Cummings]."}, "59": {"llama8b": "The Minimum Vertex Cover of this network is: [Kimberly Ramirez, Kimberly Mueller, Morgan Floyd DDS, Kathleen Gutierrez]."}, "60": {"llama8b": "One Minimum Vertex Cover: [Amanda Holden, Douglas Cobb, Michael Cole]."}, "61": {"llama8b": "[Brandon Maynard, Sandra Brown, Michael Riddle, Cristina Parker, Amy Myers]."}, "62": {"llama8b": "[Christopher Santos, Gerald Fernandez, Gina Brown, Robin Gibson, Dustin Martin]."}, "63": {"llama8b": "The Minimum Vertex Cover of this network is: [Andrew Rich, Jennifer Peck, Brian Walker, Denise Smith]."}, "64": {"llama8b": "The Minimum Vertex Cover of this network is: [Jerry Watkins, Dr. Terrence Watson, Gina Rodriguez]."}, "65": {"llama8b": "[Robert Obrien, Tina Ferguson, Helen Rangel, Jonathan Woodward, Karen Schultz]."}, "66": {"llama8b": "The Minimum Vertex Cover of this network is: [Emily Moore, Jerome Butler]."}, "67": {"llama8b": "[Harold Dean, Jessica Garcia, Joe Schwartz, Lisa Robertson, Brandy Calderon]."}, "68": {"llama8b": "After analyzing the social network, I found that the Minimum Vertex Cover is: [Kristine Larsen, Larry Cross, Joshua Jones, Teresa Mora]."}, "69": {"llama8b": "One Minimum Vertex Cover: [Jose Garcia, Brian White, Timothy Davis, Richard Barr, Kimberly Gutierrez]."}, "70": {"llama8b": "[Aaron Willis, Andrea Miller, Erik Walls, Michael Byrd, John Garcia]"}, "71": {"llama8b": "One Minimum Vertex Cover: [Seth Matthews, Karen Wheeler, Angela Clark, Justin Evans, Carly Finley, Amber Wright, Gloria Pearson, Danielle Nixon, Jason Jackson]."}, "72": {"llama8b": "[Michael Williams, Maria Miller, Jennifer Andrews, Eric Munoz, Gail Nelson]."}, "73": {"llama8b": "After analyzing the social network, I found that one Minimum Vertex Cover is: [Cory Hurley, Dr. Rachel Kelly, Scott Bennett, Steven Lucero, Holly Mitchell]."}, "74": {"llama8b": "[Timothy Anderson, Christopher Vaughn, Nicholas Harris, William Fernandez, Jacob Sanders]."}, "75": {"llama8b": "The Minimum Vertex Cover of this network is: [Tammy Cole, Manuel Oneill, Catherine Cooper]."}, "76": {"llama8b": "The Minimum Vertex Cover of this network is: [Nathan Welch, Jacob Brown, Jerome Gutierrez]."}, "77": {"llama8b": "[Kelly Baker, Emily Mccarthy, Carolyn Figueroa, Denise Harris, Kathryn Ford]"}, "78": {"llama8b": "[Samuel Finley, Harry Sullivan, Anthony Cruz]."}, "79": {"llama8b": "One Minimum Vertex Cover: [James Sanders, Christopher Hartman, Susan Mack, Christopher Phillips, Erin Fisher]."}, "80": {"llama8b": "One Minimum Vertex Cover: [Tracy Horton, Stephanie Good, Courtney Herman, Christopher Hicks]."}, "81": {"llama8b": "[Ariana Young, Jane Lee, Jessica Gardner, Joshua Collins, Suzanne Moon]."}, "82": {"llama8b": "[Anthony Jimenez, Sarah Parker, Brian Young]"}, "83": {"llama8b": "[Donald Hansen, Adam Williams, Lindsey Johnson, Aaron Mckinney, Richard Turner]."}, "84": {"llama8b": "[Arthur Vincent, Brian Rios, Catherine Kline, Jesse Garcia, Kristin Crawford, Michael Kennedy, William Johnson, Alyssa Reed]."}, "85": {"llama8b": "[Samuel Buck, Kimberly Johnson, Robin Campbell, Kelly Perez, Shelly Stewart, Albert Adams, Jeffrey Nelson]."}, "86": {"llama8b": "The Minimum Vertex Cover of this network is: [Holly Russell, Kimberly West, Deborah Ruiz]."}, "87": {"llama8b": "One Minimum Vertex Cover: [Cynthia Turner, Jodi Cole, Thomas Meadows, Craig Camacho]."}, "88": {"llama8b": "[Michael Bowen, Jessica Carter, Gabriel Jackson, Thomas Miles, Brenda Dalton]."}, "89": {"llama8b": "The Minimum Vertex Cover of this network is: [Shannon Stewart, Thomas Price, Jennifer Kelley, Daniel Rowe]."}, "90": {"llama8b": "One Minimum Vertex Cover: [Mallory Snyder, Michael Mendoza, Justin Allison, Roberta Griffin, Gerald Elliott]."}, "91": {"llama8b": "One Minimum Vertex Cover: [Susan Johnson, Billy Brooks, Rachel Perkins, Gerald Maldonado, Erica Henderson, Charles Mejia, James Patterson]."}, "92": {"llama8b": "One Minimum Vertex Cover: [Andrea Stewart, Wesley Boyd, Tracy Bradshaw, Michael Martinez, Sandra Poole]."}, "93": {"llama8b": "The Minimum Vertex Cover of this network is: [Alicia Collins DVM, Gabriel Brown, Emily Holden, Zachary Whitaker, Dylan Carpenter]."}, "94": {"llama8b": "[Michael Diaz, Katherine Montoya, Christopher Walker, Paula Odonnell, Cynthia Brooks, Scott Mills]."}, "95": {"llama8b": "The Minimum Vertex Cover of this network is: [Sarah Fowler, Jeffrey Beard, Christina Burton, Joseph Harris]."}, "96": {"llama8b": "[James Phillips, Sandra Williams, Laura Yoder, Thomas Bell, Paul Williams, Timothy Sanchez]."}, "97": {"llama8b": "[David Merritt, Mary Gilbert, Ryan Miller, Scott Delgado, Jordan Davis]."}, "98": {"llama8b": "[Colin Nguyen, David Williams, Alexander Ruiz, Tabitha Sullivan, Dawn Fox]."}, "99": {"llama8b": "The Minimum Vertex Cover of this network is: [Christopher Ingram, Angela Smith, Tammy Henry, Stephen Cruz, Mark Leonard]."}, "100": {"llama8b": "The Minimum Vertex Cover of this network is: [Kyle Fischer, Jeremy Wells, Mark Perkins, Jay Thompson]."}, "101": {"llama8b": "One Minimum Vertex Cover: [Stephanie Hood, Renee Mcdaniel, Jackson Moore, Beth Adams, Karen Martinez]."}, "102": {"llama8b": "[Angela Cruz, Lisa Lynch, Thomas Martinez, Diane White]."}, "103": {"llama8b": "[James Benson, Thomas Mccall, Mark Hartman, Renee Ward, Jennifer Heath, Anthony Lewis, Clinton Smith, Sean Morrison, Anna Brown, Donna Brewer]."}, "104": {"llama8b": "[Jamie Williams, Christopher Watts, Andrea Woods, Melvin Rivera, John Foster, Ryan Hobbs, Erik Simmons, Mariah Rich, April Dawson, Patricia Campbell, Donald Mason, Thomas Moreno, Heather Larson, Aaron Savage]"}, "105": {"llama8b": "One Minimum Vertex Cover: [James Scott, Seth Guerrero, Desiree Howell, Cassandra Moore, Robert Martin, Joshua Wilson, Jamie Montgomery, Victoria Reed, Sean Wright]."}, "106": {"llama8b": "The Minimum Vertex Cover of this network is: [Neil Reese, Alicia Brown, John Grant, Isaac Smith, Robert Park]."}, "107": {"llama8b": "[Tracy Warren, Nicole Davis, Brandon Johnston, Michael Richardson, Billy Beck]."}, "108": {"llama8b": "The Minimum Vertex Cover of this network is: [Dustin Goodwin, David Frazier, William Wise]."}, "109": {"llama8b": "[Angela Pierce, Dr. Melissa King MD, Gregory Smith, Barbara Ferrell, Eric Johnston]."}, "110": {"llama8b": "[Andrew Underwood, Ryan Schaefer, Jennifer Peters, Keith Adams, Tyler Gibbs]."}, "111": {"llama8b": "[Robert Adams, Terry Long Jr., Ashley Johnson, Mrs. Belinda Poole MD, Walter Gill]."}, "112": {"llama8b": "[Dan Roman DDS, Arthur Barry, Donald Carroll, Christopher Bryan]."}, "113": {"llama8b": "The Minimum Vertex Cover of this network is: [Jessica Guerrero, Erica Johnson MD, James Griffin]."}, "114": {"llama8b": "[Adrian Morris, Matthew Barnett, Sara Hendrix, Melissa Rose, Diane Rogers, Alyssa Evans, Mrs. Olivia Reid, Stephen Ross, Wayne Galloway, Shaun Williams]."}, "115": {"llama8b": "[Gregory Jennings, John Anderson, Douglas Jones, Michael Howard, Rachel Henderson]"}, "116": {"llama8b": "One Minimum Vertex Cover: [David Hawkins, Annette Rivers, Carla Barnes, Sandra Stevens, Elizabeth Caldwell, Crystal Graham]."}, "117": {"llama8b": "[Patricia Parker, Brittney Craig, Nicholas Stanley, Shane Reeves, Richard Smith]."}, "118": {"llama8b": "[Jason Tapia, Daniel Duncan, Karen Green, Christine Little, Julia Neal]."}, "119": {"llama8b": "One Minimum Vertex Cover: [Jason Lynn, Tiffany Ward, Stephen Bowen DVM, Susan Hardin DDS, Nathan Roberts MD]."}, "120": {"llama8b": "The Minimum Vertex Cover of this network is: [Donald Phillips, Andrea Reed, David Guerrero, Valerie Sanders]."}, "121": {"llama8b": "[Paul Pennington, Vickie Johnson, Melissa Smith, Shannon Garner, Stephanie Jackson, Jesus Wallace, Alexandria Hernandez]."}, "122": {"llama8b": "The Minimum Vertex Cover of this network is: [Greg Wells, Theresa Leonard, Veronica Travis]."}, "123": {"llama8b": "The Minimum Vertex Cover of this network is: [Daniel Howard, David Bowen, Bethany Hunt, Cassandra Williams, Anthony Mccormick]."}, "124": {"llama8b": "The Minimum Vertex Cover of this network is: [Randall Weaver, Jenna Carrillo, Bradley Reilly]."}, "125": {"llama8b": "[Mr. Mario Ferguson, Chris Cherry, Mark Wright, Miguel Lawrence, Rebecca Jackson]."}, "126": {"llama8b": "One Minimum Vertex Cover: [Elizabeth Jackson, Troy Nguyen, Daniel Daniel, Richard Martinez, Jennifer Salas]."}, "127": {"llama8b": "[Kevin Hunt, John Swanson, Brianna Adams, Sandra Johnson, Stephanie Johnson]."}, "128": {"llama8b": "The Minimum Vertex Cover of this network is: [Rebecca Sanchez, Daniel Riley, Stephen Mccann, Andre Chapman]."}, "129": {"llama8b": "After analyzing the social network, I found that the Minimum Vertex Cover is:\n\n[Ann Kerr, Travis Sexton, Marcus Wright]\n\nThis subset of users covers all the friendship connections in the network, and it is the smallest possible subset that achieves this."}, "130": {"llama8b": "[Janet Sanders, Laura Howard, Adrian Spencer, Charlene Fritz, Ashley Phillips, Eric Kidd, Brian Roman, Troy Lewis, Lisa Hatfield]."}, "131": {"llama8b": "One Minimum Vertex Cover: [Mr. Gary Smith, Erica Bennett, Ashley Rodriguez]."}, "132": {"llama8b": "One Minimum Vertex Cover: [Thomas Martinez, Christopher Castillo, Alexandra Wilson, Meagan Smith, Mary Harris]."}, "133": {"llama8b": "The Minimum Vertex Cover of this network is: [Samantha Berger, Phillip Jackson, Amy Nash, Gabriel Foley, Raymond Reese]."}, "134": {"llama8b": "The Minimum Vertex Cover of this network is: [John Carey, Stephanie Golden, Sara Villanueva]."}, "135": {"llama8b": "[Tracy Reed, Jacqueline Green, David Valentine, Ronald James, Jennifer Krueger]."}, "136": {"llama8b": "The Minimum Vertex Cover of this network is: [Jason Miller, Angela Thompson, Lori Jones, Robert Ibarra, Nicholas Stanley]."}, "137": {"llama8b": "[Stephanie Hutchinson, Douglas Joyce, Jeffrey Williams, Lisa Hernandez, John Russell, Scott Johnson, Mary Macias, Karen Ward]."}, "138": {"llama8b": "[Jennifer Miller, Justin Rodriguez, Perry Lowe, Danielle Sandoval, Vanessa Kramer, Trevor Bell, Jerome Lee, Tony Olson, Gregory Medina, James Joyce, Carol Bean]."}, "139": {"llama8b": "[April Liu, Briana Elliott, Craig Gonzalez, George Sheppard, Kevin Spears]."}, "140": {"llama8b": "The Minimum Vertex Cover of this network is: [Andrea Rosario, Angel Medina, Cheryl Anderson]."}, "141": {"llama8b": "[Anna Mcmillan, Todd Perry, Kathy Ross, Steven Wolf, Jennifer Young]."}, "142": {"llama8b": "[Miss Jennifer Monroe MD, Laura Kelley, William Jennings, Kristy Christensen, Nicole Poole]."}, "143": {"llama8b": "After analyzing the social network, I found that the Minimum Vertex Cover is: [Christopher Bishop, Rebecca Kirk, Shannon Morris, Michael Wallace]."}, "144": {"llama8b": "One Minimum Vertex Cover: [Sean Bell, Michael Collins, Brian Dickerson, Kurt Moore, Andrew Schaefer]."}, "145": {"llama8b": "[Peter Wilson PhD, Keith Thomas, Angela Kidd, Ana Mcdowell, Chelsea Campbell]."}, "146": {"llama8b": "The Minimum Vertex Cover of this network is: [Kyle Macias, Diana Carey, Meghan Clark]."}, "147": {"llama8b": "After analyzing the social network, I found that the Minimum Vertex Cover is: [Matthew Sims, Heidi Huffman, William Sheppard]."}, "148": {"llama8b": "[Mr. Joseph Gonzales MD, Elizabeth Sampson, Justin Black, Caitlin Carney, Tina Charles]"}, "149": {"llama8b": "[Jamie Thompson, Mark Espinoza, Debbie Peters, Brian Brown, Austin Herman]."}, "150": {"llama8b": "[Matthew Spencer, Kathleen Carey, Donald Joseph, Jamie Rivera, Christopher King]."}, "151": {"llama8b": "One Minimum Vertex Cover: [Mr. John Rivera MD, Crystal Brown, Richard Koch, Destiny Hamilton, Andrew Henderson]."}, "152": {"llama8b": "After analyzing the social network, I found that the Minimum Vertex Cover is: [Philip Moore, Brian Smith, Frank Williams, Melissa Cummings, Christopher Washington]."}, "153": {"llama8b": "[Michael Ward, Jody Wright, Daniel Williams MD, Karen Roberts, William Carson]."}, "154": {"llama8b": "[Jason Brown, George Jones, Brian Wells, Kimberly Webb, Heather Johnston]."}, "155": {"llama8b": "One Minimum Vertex Cover: [Jillian Bailey, Jerry Charles, Gregory Garcia DDS, Emma Rocha, Patricia Barr, Thomas Bryan, Shannon Shaffer, Erin Rojas, Robert West]."}, "156": {"llama8b": "[Jennifer Hill, Debbie Evans, Deborah Thompson, Robert White, George Figueroa, Elizabeth Gilbert, Billy Moore, Christopher Ruiz, Mariah Hardy, Gregory Hahn, Darren Lynch, Robert Rodriguez, Stephen Parker, Diane Harris, Jack Aguirre, Carol Richards, Michael Luna, Sonia Hanson, Sara Green, Ebony Reynolds, Madeline Brooks, Charles Jordan, Amy Lee, Tricia Stewart, Stephanie Wells, Charles Jordan]."}, "157": {"llama8b": "[Mr. Kevin May, Eric Smith, Debbie Harris, Alice Graham, Victor Marks, Richard Rose]"}, "158": {"llama8b": "[Mr. Roger Ruiz, Douglas Brown, Nicole Green, Daniel Cooper, Matthew Butler]."}, "159": {"llama8b": "After analyzing the social network, I found that the Minimum Vertex Cover is: [Dawn Johns, Maria Kline, Alejandro Duran, Lisa Curtis, Erika Pope]."}, "160": {"llama8b": "The Minimum Vertex Cover of this network is: [Timothy Martinez, Patricia Simpson, Sandra Reese, James Carter]."}, "161": {"llama8b": "[Wayne Parker, Kelly Hull, Jennifer Alexander MD, Pamela Bell, Darrell Warren, Jesse Smith, Marcus Bailey, Noah Murphy, William Fuller, Corey Scott, James Logan, Kayla Matthews, Gloria Acosta, Brianna Harris, Tammy Daniels, Rebecca Allen, Michelle Brown, Shane Hill, Michael Hunt, Julie Cruz, Nicole Khan, Kaitlyn Smith]."}, "162": {"llama8b": "One Minimum Vertex Cover: [Brandon Alvarez, April Hansen, Preston Payne, James Martin]."}, "163": {"llama8b": "The Minimum Vertex Cover of this network is: [Thomas Smith, Lisa Blair, Stephen Miller]."}, "164": {"llama8b": "The Minimum Vertex Cover of this network is: [Molly Allen, Curtis Thomas, Daniel Black, Benjamin Tran, Jared Burns]."}, "165": {"llama8b": "The Minimum Vertex Cover of this network is: [Eric Castillo, Nicholas Thomas, Kristin Hamilton]."}, "166": {"llama8b": "One Minimum Vertex Cover: [Yolanda Brown, Ashley Adams, Justin Rogers, Jeremiah Mcdonald, Anthony Bailey]."}, "167": {"llama8b": "[Stephen Baldwin, Ryan Goodwin, Patricia Diaz, Christopher Davidson, Justin Gonzales]."}, "168": {"llama8b": "[Heather Brown, Jaime Gonzales, Maurice Stewart, Jonathan Garcia, Charles Smith, Jeffery Riddle]."}, "169": {"llama8b": "The Minimum Vertex Cover of this network is: [Lance Carter, Andrew Hayes, Lauren Lyons]."}, "170": {"llama8b": "[Michelle Silva, Dale Leon, Kaitlyn Crawford, Kenneth Perez, Casey Bentley]."}, "171": {"llama8b": "One Minimum Vertex Cover: [Amy Hodges, Kelly Hill, Mitchell Peterson, Theresa Baker, Dr. John Warner, John Long]."}, "172": {"llama8b": "[Angela Gonzalez, Kathy Ingram, Robert Ellis, Matthew Calhoun, Timothy Armstrong]."}, "173": {"llama8b": "The Minimum Vertex Cover of this network is: [Lori Davis, Carmen Smith, Donna Gomez, Elijah Richardson]."}, "174": {"llama8b": "[Olivia Baldwin DVM, Lisa Turner, Stephanie Glover, Shelly Miranda, Michael Atkinson, Christine Brown, Gregory Vasquez, Jeffrey Alvarez, Anita Mccarthy]."}, "175": {"llama8b": "The Minimum Vertex Cover of this network is: [Angela White, Lisa Russell, Jerry Floyd, Laura Parker]."}, "176": {"llama8b": "The Minimum Vertex Cover of this network is: [Ashley Simpson, Michael Rodriguez, Virginia Bates, Mary Edwards]."}, "177": {"llama8b": "One Minimum Vertex Cover: [Nicole Thompson, Brad Willis, Amanda Johnson, Colin Shields, Joseph Hoffman]."}, "178": {"llama8b": "[Andrew Hobbs, Renee Simmons MD, Jennifer Day, Aaron Terry, Monica Thomas, Christine Robinson, Thomas Young, Laura King MD, Cynthia Lane, Pamela Miller, Alyssa Thomas, Chase Beck, Suzanne Blanchard, Brandi Graham, Angela Jackson, Julia Logan, Adam Smith, Matthew Thornton, Paul Ewing, Thomas Sanchez, Christopher Terrell, Joseph Moore, Gerald Newman, David Johnson]."}, "179": {"llama8b": "[Brandon Foster, Sharon Mclean, Dawn Smith, Robert Zavala, Sherri Johnson]."}, "180": {"llama8b": "[Robert Rodriguez, Victoria Hanna, Amanda Aguirre, David Kim, Derek Thomas, Matthew Craig, Elizabeth Caldwell]"}, "181": {"llama8b": "[Aaron Graves, Brian Fuentes, Stacey Kennedy, Tiffany Phillips, Leslie Fitzgerald, Joseph Santiago, Denise Tate, David Taylor, Patty Smith, Daniel Fowler, William Brooks, Stephanie Smith]."}, "182": {"llama8b": "[Garrett Carroll, Tyler Collins, Holly Fuller, Sabrina Powell, Jennifer Jimenez]."}, "183": {"llama8b": "[Paul Wood, Thomas Hill MD, David Mejia, Sean Vaughan, Jessica Smith]."}, "184": {"llama8b": "One Minimum Vertex Cover: [Terri Murphy, James Maxwell, Richard Sutton, Melissa Kim, Jeffrey Hicks]."}, "185": {"llama8b": "[Melanie Morris, Rachel Mendoza, Jean Espinoza, Joe Fox, Cassandra Ross]."}, "186": {"llama8b": "One Minimum Vertex Cover: [Kimberly Bonilla, Ryan Washington, Angela Jackson, James Young, Caroline Cross]."}, "187": {"llama8b": "[Theodore Collins, Carl Adams, Melanie Aguilar, Jeffery Johnson, James Moyer]."}, "188": {"llama8b": "The Minimum Vertex Cover of this network is: [Brian Perez, Bryan Watts, Philip Hammond]."}, "189": {"llama8b": "After analyzing the social network, I found that one Minimum Vertex Cover is: [Charles Rodriguez, Mrs. Heather Salinas, Denise Phillips, Lauren Schmitt, Brian Petersen]."}, "190": {"llama8b": "[Jennifer Tate, Jill Curtis, Brian Jones, Joshua Woods, Pamela West, Michael Hines, Charles Rodriguez]."}, "191": {"llama8b": "One Minimum Vertex Cover: [Scott Salas, Judy Parker, Angela Rodriguez, Kelly Long, Michael Baldwin]."}, "192": {"llama8b": "One Minimum Vertex Cover: [Ian Phillips, Jason Davis MD, Jennifer Mosley, Joshua Adams, Martha Thomas]."}, "193": {"llama8b": "[Michael Trujillo, Wendy Hernandez, Tyler Patrick, Teresa Bradley, Daniel Powell]."}, "194": {"llama8b": "The Minimum Vertex Cover of this network is: [Robert Miller, Angel Mann, Brian Cruz]."}, "195": {"llama8b": "[Michael Frey, Derrick Porter, Taylor Ford, Jacob Davis, Rebecca Davis]."}, "196": {"llama8b": "One Minimum Vertex Cover: [Sue Turner, Amanda Henry, Kylie Sloan, Bradley Cole, Daniel Fisher, Gregory Thomas, Madison Hines, Dwayne Mcdonald]."}, "197": {"llama8b": "After analyzing the social network, I found that the Minimum Vertex Cover is: [Ricardo Lee, Laura Gallagher, Brian Atkins]."}, "198": {"llama8b": "[Patrick Kelly, Erica Jones, Kelly Friedman, Heather Frederick, Scott Haas]."}, "199": {"llama8b": "The Minimum Vertex Cover of this network is: [Sergio Wright, Nicholas Flores, Jose Pollard]."}, "200": {"llama8b": "The Minimum Vertex Cover of this network is: [Jay Greene, Bethany Lee, Amy Martinez, Brittany Murray, Thomas Garcia]."}, "201": {"llama8b": "One Minimum Vertex Cover: [Rebecca Herman, Andrea Smith, Timothy Sanders, Charles Torres, Kelly Ball]."}, "202": {"llama8b": "[Jennifer Graham, Nicole Gordon, Jessica Edwards, Parker Matthews, Denise Meyers]."}, "203": {"llama8b": "[Christopher Strong, Barbara Myers, Elizabeth Phillips MD, Christopher Kemp, Dean Brooks, Carol White, Susan Webster, Natasha Lopez]."}, "204": {"llama8b": "[Tracy Jones, Michael Perez, Dawn Smith, Angel Hamilton, Pedro Foster]."}, "205": {"llama8b": "One Minimum Vertex Cover: [Cameron Mclaughlin, Darrell Williams, William Martin, Robert Pollard, Kelsey Austin, Brian Powell]."}, "206": {"llama8b": "[Matthew Bryant, James Ayers, Cindy Gill, Natasha Spence, Scott Baker, Jennifer Sims, Kathleen Martinez, Emily Johnson, Judy Lutz, Daniel Garcia, Janice Knox DDS]."}, "207": {"llama8b": "[Jimmy Miller, Heather Green, Paul Hurst, Jose Cox, Nancy Cox]."}, "208": {"llama8b": "[Robert Gonzalez, Kyle Miller, Bryan Ibarra, Susan Parker, Mia Miller, Alexander Brown, Stephen Howard, Lisa Smith, Brenda Fletcher, Lisa Grimes]."}, "209": {"llama8b": "The Minimum Vertex Cover of this network is: [Madison Jackson, Evan Carroll, Nicholas Baker, Danielle Hubbard, Jessica Alexander]."}, "210": {"llama8b": "[Samuel Wright, Alexander Beck, Brent Henry, Kristen Watts, Jacob Day]"}, "211": {"llama8b": "One Minimum Vertex Cover: [Meghan Snyder, Willie Le, Debra Hall, Curtis Gutierrez, Julie Henderson]."}, "212": {"llama8b": "[David Stanton, Jason Dean, Joseph Morgan, Crystal Jackson, Derrick Howard]."}, "213": {"llama8b": "[Anthony Berg, Clifford Morgan, Jonathan Whitehead, Manuel Jones, Victoria Reed]."}, "214": {"llama8b": "After analyzing the social network, I found that one Minimum Vertex Cover is: [Timothy Robertson, Michelle Sanders, Stephen Green, Janice Jackson, Amy Ball]."}, "215": {"llama8b": "[Jennifer Quinn, Scott Lee, Stephen Hunter, Mark Goodwin, Scott Jefferson, Anne Molina, Laura Steele, Kimberly Jones, Tina Mills, Susan Weber]."}, "216": {"llama8b": "One Minimum Vertex Cover: [Philip Owens, Rodney Scott, Marie Hogan, James Neal, Chad Parker]."}, "217": {"llama8b": "One Minimum Vertex Cover: [Joshua Hill, Jennifer Cox, Margaret Perez, Anthony Frazier, Joshua Hill]."}, "218": {"llama8b": "The Minimum Vertex Cover of this network is: [John Alexander, Kathy Bradley, Patricia Frederick, Lori Chavez, Eric Martin]."}, "219": {"llama8b": "[Barbara Chung, James Jones, Matthew Silva, Jennifer Taylor, Juan Phillips]."}, "220": {"llama8b": "[Michael Nelson, Jennifer Phillips, Melissa Williams]."}, "221": {"llama8b": "[Clinton Norris, Andrea Robinson, Bryan Smith, Ryan Christian, Benjamin Baker]"}, "222": {"llama8b": "[Christina Ramirez, Tony Santiago, Patrick Anderson, Jennifer Clark, Heather Davis]."}, "223": {"llama8b": "[Mr. David Miller, Justin Richardson, Marissa Porter, Duane Porter, Rebekah Kim]."}, "224": {"llama8b": "[John Alvarez, Amanda Stone, Cynthia Griffin, Evelyn Crawford, William Torres]."}, "225": {"llama8b": "[Andrea Black, Alicia Johnson, Christopher Elliott]."}, "226": {"llama8b": "The Minimum Vertex Cover of this network is: [Mary Robles, Steven Kirk, Amy Williams, Derek Robbins]."}, "227": {"llama8b": "[Christopher Vaughn, Karen Howell, Jennifer Lopez, Miguel Mcpherson, Derrick Vaughn]"}, "228": {"llama8b": "[Mr. David Anderson DVM, Sherri Brady, Luis Owens]."}, "229": {"llama8b": "The Minimum Vertex Cover of this network is: [Edward Shepherd, James Brown, Leah Rodriguez, Corey Wilson, Mary Mooney]."}, "230": {"llama8b": "The Minimum Vertex Cover of this network is [Tara Middleton, Kelly Wilkins, Brendan Acosta]."}, "231": {"llama8b": "The Minimum Vertex Cover of this network is: [Brittany Caldwell, John May, Sara Bernard]."}, "232": {"llama8b": "[Angela Shaw, Christopher Rogers, Lisa Fernandez, Linda Williams, Brian Sims]."}, "233": {"llama8b": "[Thomas Fisher, Karen Harris, David Daniels, Jacob Barnes, Fernando Weeks, Joe Henderson, Wendy Baker, Michael Li, Sheena Brown, Timothy Smith, Lucas Smith, Cheryl Campbell, James Smith, Barbara Peterson, Ronald King, Michael Romero, Cody Herrera, Mr. Dakota Salazar, Maria Humphrey]."}, "234": {"llama8b": "[Dr. Maria Mcdaniel, Kathy Saunders, Thomas Curtis, Michael Gomez, Steve Nicholson]."}, "235": {"llama8b": "[Belinda Reed, Kyle Davis, Kevin Brown, Frank Robertson, Jamie Sanders, Christine Goodman, Patricia David, Katherine Tyler, Michael Benton, Ricky May, Edward Perry, Brian Rodriguez, Anita Mccarthy, Mrs. Jill Williams]"}, "236": {"llama8b": "One Minimum Vertex Cover: [Mrs. Sarah Wong PhD, Richard Roberts, Frank Mitchell, Robert Pacheco, Karen Long]."}, "237": {"llama8b": "[Andrea Mullins, Daryl King, Joseph Kelly, Christopher Ward, Kyle Sloan]."}, "238": {"llama8b": "One Minimum Vertex Cover: [Allison Martin, Dan Walsh, Melinda Delacruz, Jeffrey Moore, Keith Baird, Megan Andrews]."}, "239": {"llama8b": "One Minimum Vertex Cover: [David Elliott, Jason Obrien, Christopher Sparks, Deborah Johnson, Dominique Miller]."}, "240": {"llama8b": "After analyzing the social network, I found that one Minimum Vertex Cover is: [Catherine Sullivan, Matthew Smith, Donald Knapp, Nicholas Anderson, Kara Jackson MD, Dominic Wright, Jacob Ellison]."}, "241": {"llama8b": "After analyzing the social network, I found that one Minimum Vertex Cover is: [Amanda Beard MD, Christopher Sullivan, Stephanie Lara MD, Ryan Norman, Elizabeth Orozco]."}, "242": {"llama8b": "One Minimum Vertex Cover: [Danny Johnson, Jonathon Martin, Jessica Vargas, Christopher Watts, Jennifer Richards]."}, "243": {"llama8b": "After analyzing the social network, I found that one Minimum Vertex Cover is: [Amanda Moore, Jeffery Payne, Susan Beck, Rick Flowers]."}, "244": {"llama8b": "One Minimum Vertex Cover: [Kevin Alvarez, Teresa Roberts, Erica Dixon, Sara Nguyen, Justin White]."}, "245": {"llama8b": "The Minimum Vertex Cover of this network is: [Sarah Smith, Ryan Johnson, Barbara Oneal, Alexander Clements]."}, "246": {"llama8b": "[Jesus Gibson, Kenneth Johnson, Judy Garrett, Kelsey Vasquez, Melissa Cobb, Robert Reid, Nicholas Lopez, John Waters, Christian Lyons, Joan Delgado, Lee Hall, Tammy Hall, John Castillo, Kerry Gilbert, Anthony Martin, Robert Barber, James Simon, Stephanie Johnson, Mrs. Linda Jordan, Emily Woods, Alexander Christensen, Katie Lopez, Kevin Love, Crystal Greene, Melissa Cobb]."}, "247": {"llama8b": "[James Williams, Douglas Johnson, Christian Watson, Tiffany Jordan, George Miller, Kimberly Jacobs, John Church, Brandon Liu, Christopher Mooney, John Watkins, Elizabeth Tucker, James Rogers, Raymond Moore]."}, "248": {"llama8b": "The Minimum Vertex Cover of this network is: [Mark Pineda, Jessica Mendez, Mary Ramos]."}, "249": {"llama8b": "The Minimum Vertex Cover of this network is: [Dorothy Doyle, Ashley Gonzalez, Stephanie Smith, Michael Turner]."}, "250": {"llama8b": "One Minimum Vertex Cover: [Angela Vargas, Robert Lin, Mary Graham, Megan Russo, Brett White]."}, "251": {"llama8b": "The Minimum Vertex Cover of this network is: [Lisa Howard, Joseph Phillips, Kristina Moss, Rachel Burke, Susan Carpenter]."}, "252": {"llama8b": "[Jacob Gonzalez, James Martinez, Zachary Smith]."}, "253": {"llama8b": "The Minimum Vertex Cover of this network is: [Ian Hart, Debbie Day, Ryan Brown]."}, "254": {"llama8b": "One Minimum Vertex Cover: [Harry Wolf, Heather Moran, Diane White, Mitchell Roberts, Rebecca Williams]."}, "255": {"llama8b": "[Aaron Rhodes, Angela Jones, James Lewis, John Phillips, Richard Griffin, Christina Smith, Michael Smith, Ashley Wilson, Jerry Gonzalez, Melissa Huynh, Linda Cohen, Daniel Wallace, Alicia Gonzales, Kayla Sherman, Joshua Jimenez, Jack Williams, Mrs. Lisa Richards]."}, "256": {"llama8b": "The Minimum Vertex Cover of this network is: [Heather Ortiz, Christina Underwood, Nicholas Simpson, Kristen Santos]."}, "257": {"llama8b": "[Victoria Russell, Alexander Davis DDS, Cindy Robinson, Chase Lee, Monica Werner, John Flores, Michelle Mccarty]."}, "258": {"llama8b": "[Mark Johnson, Brady Edwards, Paige Jordan, Rachel Mann, Christopher Love]"}, "259": {"llama8b": "The Minimum Vertex Cover of this network is: [Charlene Brown, Monica Larsen, Taylor Reed, Michael Rhodes, Patrick Cole]."}, "260": {"llama8b": "The Minimum Vertex Cover of this network is: [Ashley Crawford, Andrew Walters, John Wyatt, Dr. Tonya Hubbard]."}, "261": {"llama8b": "One Minimum Vertex Cover: [Ricardo Allen, Dr. Christopher Khan PhD, Thomas Hawkins, Joshua Chung, Sean Mcdowell]."}, "262": {"llama8b": "[Robert Perez, Jesse Armstrong, Harold Trevino, Jordan Gray, Elizabeth Grimes]."}, "263": {"llama8b": "The Minimum Vertex Cover of this network is: [Taylor Sherman, Debra Thomas, Michael Estrada, Brian Mullins, Michaela George]."}, "264": {"llama8b": "The Minimum Vertex Cover of this network is: [Charles Hanson, Sean Macdonald, Mrs. Debbie Becker]."}, "265": {"llama8b": "The Minimum Vertex Cover of this network is: [Mark Garrison, John Walter, Corey Robinson]."}, "266": {"llama8b": "One Minimum Vertex Cover: [Amber Fowler, Christine Christian, Juan Holmes, Monica Phillips, Richard Morgan]."}, "267": {"llama8b": "After analyzing the social network, I found that one Minimum Vertex Cover is: [Karen Bell, Andrew Bird, Kelly Ramirez, Michael Murphy, Edward Mcgee MD]."}, "268": {"llama8b": "The Minimum Vertex Cover of this network is: [Laura Walter, Caitlin Anthony, Nicholas Hernandez]."}, "269": {"llama8b": "The Minimum Vertex Cover of this network is: [Stacy Garcia, Kerry Perkins, Peter Hanna, Patrick Berger]."}, "270": {"llama8b": "The Minimum Vertex Cover of this network is: [Michael Olson, Clinton Sims, Rhonda Wilson]."}, "271": {"llama8b": "[Monica Dyer, Jared Castro, Christine Jackson, Jean Edwards, Lori Kennedy]."}, "272": {"llama8b": "After analyzing the social network, I found that the Minimum Vertex Cover is:\n\n[Shawn Morrison, Ronnie Miller, Mrs. Dana Hamilton, Bradley Gilmore]\n\nThis subset of users covers all the friendship connections in the network, and it is the smallest possible subset that achieves this."}, "273": {"llama8b": "[Jonathan Padilla, Patty Benitez, Bobby Garcia, Allison Valdez, Crystal Ali, Ronald Williams]"}, "274": {"llama8b": "[Cheryl Medina, Annette Wu, Wesley Norris, Rachel Richards, Elizabeth Solis]."}, "275": {"llama8b": "The Minimum Vertex Cover of this network is: [Mary Cook, Stephen Willis, Logan Downs]."}, "276": {"llama8b": "[Jean Lee, Kristy Salas, Tracy Conway, Michele Sandoval, Taylor Nguyen]."}, "277": {"llama8b": "[Juan Carter, Gary Watson, Andrew Lee]."}, "278": {"llama8b": "[Christina Robinson, Brian Wright, Jeremy Mccarty, Tyler Clark DDS, Philip Thomas]"}, "279": {"llama8b": "One Minimum Vertex Cover: [Danielle Hays, Andrew Taylor, Melissa West, Jessica Hernandez, Barbara Bailey]."}, "280": {"llama8b": "[Stephanie Mcknight, Nicole Graham, Beth Scott]."}, "281": {"llama8b": "[Alexis Green, Angela Peterson, Greg Middleton, Katherine Fitzpatrick, Jeffery Taylor]."}, "282": {"llama8b": "One Minimum Vertex Cover: [Elizabeth Abbott, Justin Lang, Bruce Rogers, Mariah Henry]."}, "283": {"llama8b": "[Adrian Hoover, David Howe, Maria Jordan, Cody Fields, Christy Walker]."}, "284": {"llama8b": "[Crystal Jackson, Robert Costa, Brian Hansen, Morgan Fuller, Maurice Greer]."}, "285": {"llama8b": "[Julie Johnston, Lisa Gomez, Crystal Atkinson, Daniel Kelley, Jenna Mitchell]."}, "286": {"llama8b": "[Charles Martinez, Tracy Brown, Daniel Johnson, Ashley Howard, Roger Cross, Benjamin Martinez PhD]."}, "287": {"llama8b": "[Anna Hamilton, Douglas Hess, Bob Snyder, Tyler Owens, Heather Lynch]."}, "288": {"llama8b": "[Donald Compton, Tammy Rodriguez, Joshua Bowman, Kevin Jones]."}, "289": {"llama8b": "The Minimum Vertex Cover of this network is: [Tina Burton, Kevin Long, Nicholas Medina]."}, "290": {"llama8b": "[Theodore Faulkner, Christopher White, Daniel Leon, David Davis, Christopher Rubio MD]."}, "291": {"llama8b": "One Minimum Vertex Cover: [Shannon Jackson, Richard Barron, Edward Arellano, Evan Shah, Karen Fisher, Edwin Rios, Adrian Daniels, Keith Jones, Brittany Beard]."}, "292": {"llama8b": "The Minimum Vertex Cover of this network is: [Andrew Henderson, Julie Berger MD, Thomas Johnson]."}, "293": {"llama8b": "The Minimum Vertex Cover of this network is: [Tracie Williams, Jennifer Rose, Robert Campbell, Emily Riley, Frank Burton]."}, "294": {"llama8b": "The Minimum Vertex Cover of this network is: [George Williams, Shannon Gay, Karen Russell]."}, "295": {"llama8b": "[Jeffrey Lewis, Mark Hess, Robert Solomon, Lindsey Reyes, Erik Weeks, Joshua Stephenson, Danielle Dunn, Mrs. Caroline Nelson DVM, Amanda Thompson, Tracy Peterson, Christopher Schneider, Caroline Patel, Patrick Ramos, Deborah Griffith, Anthony Sims]."}, "296": {"llama8b": "One Minimum Vertex Cover: [Stephen Dunn, Sophia Miller, Alexandra Black, Alicia Garza, John Williams]."}, "297": {"llama8b": "[Brandon Holmes, Stephanie Peterson, Tom Lane, Brian Jimenez, Pamela Hernandez, Steven Salas, Jennifer Watts, Debra Khan, Richard Mendez, Kenneth Mathis]."}, "298": {"llama8b": "[Gregory Cruz, Danielle Burch, Angela Mueller, Victoria Lewis, Stephen Cox]."}, "299": {"llama8b": "One Minimum Vertex Cover: [Angela Morris, Kyle Fisher, Jacob Lara, Joel Murphy, Emily Williams, Jacob Lara, Mary Miller, Jacob Lara, Jacob Lara]."}, "300": {"llama8b": "After analyzing the social network, I found that the Minimum Vertex Cover is:\n\n[Olivia Sharp, Ronald Mathis, William Jackson, Rachel Wu, Eric Harvey]\n\nThis subset of users covers all the friendship connections in the network, and it is the smallest possible subset that achieves this."}, "301": {"llama8b": "[Jordan Reyes, Peter Golden, Bryan Long, Lisa Conner, Kristen Johnson, Dana Bryan, Alison Adams, Antonio Chambers, Maria Miles, Rachel Benson]."}, "302": {"llama8b": "[Michaela Garza, Jeffrey Potts, Michael Lane, Mr. David Robertson V]."}, "303": {"llama8b": "[Andrea Baker, Kristina Kirby, Jeremy Lee, Kristin Soto, Sylvia Perry, Sergio Foster, Tammy Lucas, Victoria Hanson, Cynthia Hicks, Michael Stewart, Phillip Roman, Catherine Anderson, Todd Bond, Bobby Brady, Jennifer Burnett, Melissa Sherman]."}, "304": {"llama8b": "The Minimum Vertex Cover of this network is: [Terrence Johnson, Travis Watson, Madison Andrews, Mary Banks]."}, "305": {"llama8b": "One Minimum Vertex Cover: [Michael Flynn, Stephanie Watson, Lee Ramirez, Katie Jones, David Shields]."}, "306": {"llama8b": "After analyzing the social network, I found that the Minimum Vertex Cover is:\n\n[Steven Ramos, Cynthia Morgan, Billy Gonzalez, Julia Herrera, Kenneth Wiggins]\n\nThis subset of users covers all the friendship connections in the network, and it is the smallest possible subset that achieves this."}, "307": {"llama8b": "[Desiree Thompson, Dr. Linda Castro, Michael Ward, Gloria Booth, Jonathan Anderson, Larry Burton, Margaret Molina, Allen Ford, Amy Thompson, Erika Taylor, Gabriel Kelley, Patricia Collins]."}, "308": {"llama8b": "After analyzing the social network, I found that one Minimum Vertex Cover is: [Anthony Phillips, Deborah Oliver, Michael Shaffer]."}, "309": {"llama8b": "One Minimum Vertex Cover: [Tina Mitchell, Mary Thomas, Derek Buchanan, Regina Adams, Keith Doyle]."}, "310": {"llama8b": "One Minimum Vertex Cover: [Michael Bradshaw, Jeffery Patterson, Jennifer Rose]."}, "311": {"llama8b": "[Benjamin Freeman, Stanley Walters, Julie Thomas, William Howard, Heather Clark]."}, "312": {"llama8b": "The Minimum Vertex Cover of this network is: [Kelly Peterson, Christopher Golden, Sarah Wilson]."}, "313": {"llama8b": "The Minimum Vertex Cover of this network is [Chelsey Snow, Jackson Leblanc, Lisa Mcfarland]."}, "314": {"llama8b": "The Minimum Vertex Cover of this network is: [Larry Smith, Christopher Wang, Andrew Anderson]."}, "315": {"llama8b": "[Mr. James Haynes, Roger Anderson, Beverly Cox, Christopher Dunn, Lindsay Sanders, Joshua Wilson, Sarah Simon, Judy Schultz, Ryan Mercado, Jessica Flores, Alexandra Williams, Nicholas Rodriguez, Marcia Rose]."}, "316": {"llama8b": "One Minimum Vertex Cover: [Anthony Alvarado, Kimberly Richardson, Wayne Russell, Richard Robinson, Matthew Carter, Zachary Simmons]."}, "317": {"llama8b": "The Minimum Vertex Cover of this network is: [John Ramirez, Felicia Deleon, Chad Osborne, James Larson, Seth Brown]."}, "318": {"llama8b": "One Minimum Vertex Cover: [Jacob Steele, Kara Crawford, Lynn Smith, Adam King]."}, "319": {"llama8b": "[Allen Moody, Lisa Young, Aaron Moore, Jackson Spencer, Julie Duncan]"}, "320": {"llama8b": "The Minimum Vertex Cover of this network is: [Ryan Shaffer, Julie Ortiz, Victor Hardin]."}, "321": {"llama8b": "[Charles Clements, Carmen Montgomery, Julie Morris, David Silva, Gail Peterson]."}, "322": {"llama8b": "The Minimum Vertex Cover of this network is: [Nancy Christensen, Amy James, Katherine Acosta, Kenneth Rangel]."}, "323": {"llama8b": "The Minimum Vertex Cover of this network is [Donna Nelson, Ronald Zhang, Amy Michael]."}, "324": {"llama8b": "After analyzing the social network, I found that the Minimum Vertex Cover is: [Dana Hansen, Justin Holmes, Darryl Beck, Theresa Garcia, Ryan Conrad]."}, "325": {"llama8b": "[Janice Johnson, Deanna Tate, Tyler Jones, Andrew Brown, Paul Ryan, Steven Burke MD, Jerome Ferguson, Jason Williams, David Davenport, Sherri Brown]."}, "326": {"llama8b": "[Debra Garza, Ronald Chan, Adam Alvarado, David Macdonald, Marc Smith]."}, "327": {"llama8b": "[Joshua Franklin, Bobby Payne, Jerry Valentine, Alicia Smith, Heidi Bell, Crystal Wilson, Garrett Gonzalez, Evan Carrillo, Ricardo Mccormick]."}, "328": {"llama8b": "[Adam Mills, Brian Dunn, Derrick Anderson, Steven Allen, Katie Brown]."}, "329": {"llama8b": "The Minimum Vertex Cover of this network is: [Diane Stewart, David Monroe, Diane Stewart]."}, "330": {"llama8b": "[Angela Cabrera, Luke George, Christina Long]."}, "331": {"llama8b": "The Minimum Vertex Cover of this network is: [Daniel George, Edward Pitts, Paul Knight]."}, "332": {"llama8b": "[Gregory Flores, Sandra Adams, Amber Perez, Zachary Thompson, Ms. Andrea Doyle, Kayla Thompson, David Roberts, Crystal Ramos, Todd Booth, Travis Matthews, Scott Kane, Sarah Dalton, Eric Smith, Sarah Ford, Donald Dodson, William Williams]."}, "333": {"llama8b": "[William Hayes, Christine Kirk, Michael Carter, Lauren Mitchell, Diane Adams]."}, "334": {"llama8b": "[Jennifer Jacobs, Kristin Hoover, Kara Wallace, Zachary Davis, Anthony Lewis]."}, "335": {"llama8b": "After analyzing the social network, I found that one Minimum Vertex Cover is: [William Friedman, Christopher Harris, Raymond Gill Jr., Michael Medina]."}, "336": {"llama8b": "The Minimum Vertex Cover of this network is: [Joseph Carter, James Robinson, Michelle Chambers, Kevin Johnson, Kelsey Cox DDS]."}, "337": {"llama8b": "After analyzing the social network, I found that the Minimum Vertex Cover is: [Felicia Oliver, Kevin Taylor, Shelley Sanchez, William Robertson, Donald Estrada]."}, "338": {"llama8b": "[Anne Mcdonald, Dennis Byrd, Brenda Donaldson MD, Rose Foster, Heather Tucker]."}, "339": {"llama8b": "[Garrett Parrish, Lisa Haley, Trevor Shea, Lisa Riley, Shawn Graham, Mr. Eric Jones]."}, "340": {"llama8b": "The Minimum Vertex Cover of this network is: [Patrick Dominguez, Ruth Williams, Patty Dean]."}, "341": {"llama8b": "After analyzing the social network, I found that one Minimum Vertex Cover is: [Mr. Christopher Collier, Helen Jones, Jorge Anthony, Jessica Rodgers]."}, "342": {"llama8b": "[William Martinez, Mrs. Nicole Davis MD, Whitney Smith, Carmen Perez, Stephanie Williamson]."}, "343": {"llama8b": "The Minimum Vertex Cover of this network is: [Jacqueline Hansen, Stephanie Smith, Frank Farley, Luis Wilson, Diane Callahan]."}, "344": {"llama8b": "[Joseph Fischer, Erik Mccall, Melissa Brown, Bradley Osborn, Sharon Phillips]."}, "345": {"llama8b": "[Anthony Moore, Austin Young, Derrick Jackson, Karen Lewis, Cassidy Campbell, Shelley Smith, Brian Schwartz]."}, "346": {"llama8b": "The Minimum Vertex Cover of this network is: [Rachael Nolan, Richard Wells, Brad Freeman, Jonathan Chapman, Stephen Wade]."}, "347": {"llama8b": "The Minimum Vertex Cover of this network is: [Marcus Anderson, Sarah George, Brenda Johnson, Ricardo Jordan]."}, "348": {"llama8b": "[Denise Webster, Ms. Tammy Petty, Nancy Carter, Joseph Bennett, John Rowe, Lisa Brooks, Adam Henderson, Tracy Ross, Nancy Todd, Bianca Walter, Kelly Kelley, Michael Klein, Maria Adkins, Erik Santiago, Scott King, William Trevino, Paige Macias, Patricia Moore, Brad Brown, Jessica Tyler]"}, "349": {"llama8b": "[Douglas Hahn, Jerry Shepherd, Robert Knight, Amy Foster, Kathleen Hansen]."}, "350": {"llama8b": "[Leslie Ward, Edwin Lewis, Abigail Howell DVM, Michelle Walker, Christopher Munoz, Brandon Cross]."}, "351": {"llama8b": "[Kevin Torres, Charles Davidson, Frank Valenzuela, Amanda Wagner, Brittany Whitney]."}, "352": {"llama8b": "After analyzing the social network, I found that the Minimum Vertex Cover is: [Gregory Snyder, Renee Monroe, Curtis Flynn]."}, "353": {"llama8b": "[Andrea Munoz, Sarah Moore, Jacqueline Preston, Amy Ward]."}, "354": {"llama8b": "The Minimum Vertex Cover of this network is: [Jonathan Gay, Michael Perez, Michelle Nelson, John Tucker, Zachary Powell]."}, "355": {"llama8b": "One Minimum Vertex Cover: [Breanna Williams, Laura Johnson, Jose Phelps, Mrs. Sara Wise, Brian Rivera]."}, "356": {"llama8b": "The Minimum Vertex Cover of this network is: [Susan Daniels, Ryan Hernandez, Timothy Hicks, Benjamin Reyes]."}, "357": {"llama8b": "[Christine Ruiz, Melissa Burton, Antonio Marshall, Justin Park, Timothy Fuller, James Keller]."}, "358": {"llama8b": "[Jeffrey Barker, Cheryl Ortiz, Melissa Allen, Brittany Brown, Arthur Herrera]."}, "359": {"llama8b": "The Minimum Vertex Cover of this network is: [Taylor Morris, Thomas Parker, Alexis Miller, Angela Black]."}, "360": {"llama8b": "The Minimum Vertex Cover of this network is: [Tiffany Snyder, Lindsey Martinez, Tyler Rodriguez, Jesse Hudson]."}, "361": {"llama8b": "[Emily Armstrong, Darren Rich, Megan Reyes, William Rodriguez, Thomas Ramirez]"}, "362": {"llama8b": "[Dr. Mary Griffin, Jennifer Jackson, Louis Johnson, Regina Cherry, Teresa Miles]."}, "363": {"llama8b": "[Kevin Mendoza, James Johnson, Larry Johnson, Mary Adams, Leslie Boone, Danny Moss, Kyle Schroeder, Michelle Wheeler, Aaron Savage]"}, "364": {"llama8b": "The Minimum Vertex Cover of this network is: [Karen Walker, Robert Curry, Kathleen Jones]."}, "365": {"llama8b": "The Minimum Vertex Cover of this network is: [Angela Rodriguez, Amanda Scott, Dustin Walsh, Katie Torres, Dr. Tanya Wilkerson]."}, "366": {"llama8b": "One Minimum Vertex Cover: [Todd Green, Aaron Jackson, James Ramsey, Ashley Mendez, Joan Gallagher]."}, "367": {"llama8b": "After analyzing the social network, I found that one Minimum Vertex Cover is: [Julia Vincent, Danielle Howard, Robert Cameron, Jessica Thomas, Gabriella Lewis MD]."}, "368": {"llama8b": "After analyzing the social network, I found that the Minimum Vertex Cover is: [Antonio Buchanan, Todd Flynn, Jerry Burke, Lisa Jones, Justin Chavez, Jamie Lynch]."}, "369": {"llama8b": "The Minimum Vertex Cover of this network is: [Charles Flynn, Charles Douglas, Jeremy Schmidt, Logan Vance, Barbara Hawkins]."}, "370": {"llama8b": "The Minimum Vertex Cover of this network is: [Kirsten Hill, Sherry Roberts, Dr. Lauren Graves DDS]."}, "371": {"llama8b": "[Carrie Cook, Shawn Ortiz, Evan Martin, Amanda Schroeder, Jared Martin]."}, "372": {"llama8b": "The Minimum Vertex Cover of this network is [Zachary Martinez, Jose Stevens, Heather Gallagher]."}, "373": {"llama8b": "After analyzing the social network, I found that one Minimum Vertex Cover is: [Sharon Wilson, Mrs. Crystal Barron MD, Amanda Cook, Christopher Collier, Diamond Nolan]."}, "374": {"llama8b": "[Patricia Green, Chad Rodriguez, Keith Vargas, Michele Calhoun, Jennifer Gutierrez, Aaron Wilcox, Taylor Marsh, Heather Porter, Michael Griffin, Christopher Pearson]."}, "375": {"llama8b": "[Julie Vang, Charles Patterson, Andrew Hernandez, Abigail Price, Michael Williams, James Downs, Amanda Pace, Megan Edwards]."}, "376": {"llama8b": "[Justin Evans, Daryl Johnson, Julia Hendrix, John Novak]."}, "377": {"llama8b": "After analyzing the social network, I found that the Minimum Vertex Cover is: [Linda Martin, Kenneth Stark, Marc Nicholson]."}, "378": {"llama8b": "The Minimum Vertex Cover of this network is [Jason Swanson, Elizabeth Blair, Joe Dean, Daniel Herrera]."}, "379": {"llama8b": "[Brandon Lambert, Cynthia Brewer, Tamara Brown, Ariana Herrera, Sonya Harris]."}, "380": {"llama8b": "[Brandon Hood, Anthony Burke, Patricia Contreras, Casey Johnston, Michael Evans, Karen Lewis, Michael Hoffman, James Edwards, Kendra Anderson, Mr. Paul Garcia, Regina Garcia, Matthew Roth, Melissa Estes]"}, "381": {"llama8b": "[Amanda Smith, Christine Burke, John Wilson, Sarah Suarez, Patricia Knight, Cameron Barnett, Eric Wood]."}, "382": {"llama8b": "The Minimum Vertex Cover of this network is: [Matthew Collins, Timothy Rojas, Michelle Williams DDS, Heather Jones, Phillip Huff]."}, "383": {"llama8b": "One Minimum Vertex Cover: [Yvonne Tucker, Susan Martinez, Erica Brown]."}, "384": {"llama8b": "[Deborah Fisher, Steven Roy, Brandon Haas, Joseph Santos, Miss Kristy Hammond]."}, "385": {"llama8b": "[Tracie Reese, Andrew Hodges, John Beck, Lisa Roman, Jennifer Cole, David Smith, Craig Williams, Eric Parks, Robin Hill, Michael Smith, Angela Lewis]."}, "386": {"llama8b": "One Minimum Vertex Cover: [Amanda Cook, Jim Thomas, Angela Steele]."}, "387": {"llama8b": "The Minimum Vertex Cover of this network is: [Samantha Rodriguez, Warren Matthews, Samantha Rodriguez and Christian Clark, Samantha Rodriguez and Larry Rich, Samantha Rodriguez and Elizabeth Wagner, Samantha Rodriguez and Angela Wright]."}, "388": {"llama8b": "[Lawrence Rich, Lisa Hardy, Hannah Garcia, Tara Cannon, Shawn Walker MD]."}, "389": {"llama8b": "[Jeffery Davis, Amber Vargas, Jacqueline Morrison, Kimberly Miles, Lynn Cummings, Eric Solis, Jennifer Rogers DDS, Steven Young]."}, "390": {"llama8b": "[Stephanie Cherry, Trevor Duncan, Heather Rogers, Caroline Harris, Anthony Frye]."}, "391": {"llama8b": "The Minimum Vertex Cover of this network is: [Jesse Bender, Tyler Carroll, Katie Cannon, Richard Johnson, Eric Rosales]."}, "392": {"llama8b": "[Angela Knight, Louis Franco, Brian Fields, Robert Jordan, Cheryl Mcfarland, Eric Sanchez, Abigail Reynolds]."}, "393": {"llama8b": "The Minimum Vertex Cover of this network is: [Debbie Lane, Andrea Waters, Christopher Clarke, Stephanie Day]."}, "394": {"llama8b": "[Anthony Mendoza, Anthony Gillespie, Aaron Dickerson, Jasmine Kane, Christopher Weiss]."}, "395": {"llama8b": "[Christopher Padilla, Lori Jackson, Rose Nelson, Kevin Delacruz, James Schultz]."}, "396": {"llama8b": "One Minimum Vertex Cover: [Brenda Lewis, Terri Clark, Tyler Moody, Roberto Gonzalez, Eric Moore]."}, "397": {"llama8b": "[Kimberly Gomez, Thomas Miller, Joshua Smith, Gregory Wilson, Emma Davis]."}, "398": {"llama8b": "One Minimum Vertex Cover: [Kaitlyn Williams, Daniel Perez, Andrea Smith, Crystal Reilly, Courtney Underwood, Patrick Martinez, Craig Chen]."}, "399": {"llama8b": "One Minimum Vertex Cover: [Lisa Silva, William Potts, Andrew Curtis, Vanessa Valentine]."}, "400": {"llama8b": "After analyzing the social network, I found that the Minimum Vertex Cover is: [Jason Robinson MD, Robert Harris, Christina Shelton, Jeremy Becker, Richard Lee]."}, "401": {"llama8b": "[Michael Martinez, Aaron Johnson, Cynthia Gray, Ashley Costa, James Ford]."}, "402": {"llama8b": "[Cheryl Barnes, Martin Montgomery, Michael Jordan, Kimberly Landry, Terry Lester]."}, "403": {"llama8b": "One Minimum Vertex Cover: [Sarah Rogers PhD, Martin Edwards, Whitney Allen, William Ruiz MD, Jonathan Robertson, Ronnie Jones]."}, "404": {"llama8b": "The Minimum Vertex Cover of this network is: [Lori Grant, Alec Garcia, Angela Deleon, Alexander Snyder, Mrs. Elizabeth Romero PhD]."}, "405": {"llama8b": "One Minimum Vertex Cover: [Kim Hampton, Emily Douglas, Julie Nunez, Jonathan Green, Leonard Roberson]."}, "406": {"llama8b": "The Minimum Vertex Cover of this network is: [Michael Mack, Elizabeth Anthony, Amy Russell, Lisa Stanley, Kathleen Allen]."}, "407": {"llama8b": "[Jeremy Meyers, Dennis Griffin, Stephanie Hughes, Austin Schroeder, Deborah Rosario]."}, "408": {"llama8b": "The Minimum Vertex Cover of this network is: [Michele Armstrong, Christopher Howard, Dr. Donna Walker]."}, "409": {"llama8b": "[Anita Lopez, Kimberly Petersen, Richard Rice, Jennifer Gonzales, Christopher Richards]"}, "410": {"llama8b": "[Kimberly West MD, Mackenzie Snyder, Earl Hester, Casey Bruce, Peter Phillips]."}, "411": {"llama8b": "[Marvin Sweeney, Maria Young, Jon Mathews, Sean Walter Jr., Miss Erin Bradley MD, Lisa Peck, Holly Pierce, Stacey Morrison, Angel Taylor, Sue Kline, Cindy Smith, Richard Robinson, Christian Randall, Brittany Martin, Samantha Ingram, Seth Chan, Ashley Sanders, Kathleen Conway, Amy Martinez, Kristin Rogers, Robin Klein, Carrie Wagner, Danielle Williamson, Kelli Cowan, Cynthia Adams, Monica Serrano, April Garza, Kyle Mayer, Frank Fields]."}, "412": {"llama8b": "The Minimum Vertex Cover of this network is: [Hannah Malone, Nicholas Rodriguez, Adam Guerra]."}, "413": {"llama8b": "[Michael Estes, Samantha Stewart, Lori Bush, Brian Rich, Kerry Wise]."}, "414": {"llama8b": "[Daniel Blackwell, Mariah Mcguire, Ashley Schneider, Aaron Roberts, Emma Stewart]"}, "415": {"llama8b": "[Benjamin Jackson, Sandra Roberts, Donald Jimenez, Jennifer Sherman, Robert Robertson]."}, "416": {"llama8b": "[Thomas Stewart, David Bentley, Jennifer Richardson, Cheyenne Zamora, Michael Miller DDS, Theresa Guzman, Ashley Kim, Justin Walsh, Caitlyn Eaton DDS, Angela Burns, Matthew Jimenez, Caroline May, Daniel Wilkinson, Kyle Baker, Anne Love]."}, "417": {"llama8b": "One Minimum Vertex Cover: [Kevin Frazier, Vincent Herman II, Adam Johnson, Lisa Martin, Donna Hughes]."}, "418": {"llama8b": "[James Matthews, Sandra Walker, Barbara Scott, Martin Frederick Jr., Benjamin Miller]."}, "419": {"llama8b": "The Minimum Vertex Cover of this network is: [Cory Cole, Michael Patel, Marcus Carney, Leslie Flowers]."}, "420": {"llama8b": "[Richard Flores, Wesley Cowan, Donald Patterson, Tiffany Greene, Allison Ramos, Beth Garcia, Scott Green, Steven Lam, Melissa Henderson, Stephanie Stevenson, Jonathan Roberts, Mrs. Jennifer Sanders, Victoria Campbell, Amanda Banks, Henry Nguyen, Rickey Davis, Michael Williams, Gary Larson, Andrea Fox, Timothy Mcclure, Jeffrey Cox, Paul Hale, Rachel Bailey, Timothy Howard, Brandon Foster, Amy Nelson, Stacey Evans, Matthew Cline, Gabrielle Price, Jeffrey Cox, Steven Lam, Tiffany Greene, Allison Ramos, Beth Garcia, Scott Green, Melissa Henderson, Stephanie Stevenson, Jonathan Roberts, Mrs. Jennifer Sanders, Victoria Campbell, Amanda Banks, Henry Nguyen, Rickey Davis, Michael Williams, Gary Larson, Andrea Fox, Timothy Mcclure, Jeffrey Cox, Paul Hale, Rachel Bailey, Timothy Howard, Brandon Foster, Amy Nelson, Stacey Evans, Matthew Cline, Gabrielle Price]."}, "421": {"llama8b": "[Lawrence Allen, Kimberly Reyes, Jason Wheeler, Robert Brown, James Lambert, Sarah Jacobs, Kelsey Phillips, Jennifer Maldonado, Paul Thompson, Melissa Newman, Geoffrey Lewis, Kimberly Clark, Donald Rojas, Holly Miranda, Scott Calderon, Lindsey Smith, Darin Hinton, Sonya Sanders, Taylor Campos, Luke Williams, Diana Foster, Brenda Moran, Kimberly Clark, Sarah Jacobs, James Lambert, Katelyn Gill, Geoffrey Lewis, Jennifer Maldonado, Donald Rojas, Robert Brown, Kelsey Phillips, Kimberly Reyes, Lawrence Allen, Melissa Newman, Paul Thompson, Holly Miranda, Scott Calderon, Lindsey Smith, Darin Hinton, Sonya Sanders, Taylor Campos, Luke Williams, Diana Foster, Brenda Moran]."}, "422": {"llama8b": "The Minimum Vertex Cover of this network is: [Edward Torres, Jerome Ferguson, Alison Haynes]."}, "423": {"llama8b": "One Minimum Vertex Cover: [Mark Calderon, Michele Fisher, Richard Garcia, Wayne Perkins]."}, "424": {"llama8b": "[Anna Jones, Aaron Thomas, Melvin Willis, Nicole Hernandez, Brooke Rodriguez, Jordan Miller, Paul Taylor, Brian Lindsey, Robin Liu, Chad Santiago]."}, "425": {"llama8b": "The Minimum Vertex Cover of this network is: [Jose Foster, Joshua Williamson, Adam Jenkins, Diane White]."}, "426": {"llama8b": "[Allison Ellis, Tammy Dougherty, Michael Dyer, Robert Melton, Bethany Williams]."}, "427": {"llama8b": "[Robert Pierce, Mr. Ronald Miller, Brandon Harris, Joel Hooper, Tracy Stephens]."}, "428": {"llama8b": "[Michael Patel, Michelle Hunt, Katherine Floyd]."}, "429": {"llama8b": "After analyzing the social network, I found that the Minimum Vertex Cover is: [Michael Roberson, Haley Newman, James Hernandez, Ruth Dixon]."}, "430": {"llama8b": "[Erin Taylor, Michael Garcia, Kara Lambert]."}, "431": {"llama8b": "The Minimum Vertex Cover of this network is: [Kristin Garcia, Sean Arnold, Amanda Brewer, Jennifer Watson MD]."}, "432": {"llama8b": "[Anthony Cooper, Angela Torres, Michelle Taylor, Isaiah Hicks, Lori Johnson]."}, "433": {"llama8b": "The Minimum Vertex Cover of this network is [Kelly Fuller, Jennifer Graham, Benjamin Lam]."}, "434": {"llama8b": "[Monique Carpenter, David Nelson, Alice West, Leslie Ali, Christina Webster]."}, "435": {"llama8b": "[Patricia Parks, Rachel Barry, Cynthia Chaney]."}, "436": {"llama8b": "One Minimum Vertex Cover: [Jeffrey Olsen, Jose Howe, Jacob Mcbride, Sarah Fitzgerald]."}, "437": {"llama8b": "[Jessica Morgan, Aaron Yates, Patricia Ortiz]"}, "438": {"llama8b": "One Minimum Vertex Cover: [Kenneth Russell, Mrs. Jennifer Anderson, Chelsea Thomas, Robert Salazar, Michael Nolan]."}, "439": {"llama8b": "[Theresa Spencer, Derrick Wilson, Melissa Davis, Kathleen Jones, Angela Kennedy, Heather Benson, Jill Hammond, Kimberly Davis, Kendra Meadows, Charles Ruiz, Jordan Taylor]."}, "440": {"llama8b": "The Minimum Vertex Cover of this network is: [Joseph Herman, Gregory Sloan, Barbara Nunez]."}, "441": {"llama8b": "One Minimum Vertex Cover: [Anthony Schwartz, Perry Cordova, Amy Colon, Alexis Byrd]."}, "442": {"llama8b": "The Minimum Vertex Cover of this network is: [Melanie Rich, Shirley Estes, Sarah Stewart, Kyle Farrell, Caroline Ward]."}, "443": {"llama8b": "[Edward Chavez, Cynthia Mullen, Logan Hill, Jason Anthony, Robert Meyer]"}, "444": {"llama8b": "[William Robinson, Dustin Reese, Peggy Reed, Mary Williams, Carolyn Huber]."}, "445": {"llama8b": "[Judith Murphy, Samantha Miller, Chad Allen, William Miller, Joshua Young, Kenneth Perez, David Zhang, Kurt Williams, Anthony Parker, Robin Morse, Michael Carlson, Gary Hill, Jennifer Hill]."}, "446": {"llama8b": "The Minimum Vertex Cover of this network is: [Cynthia Durham, Jonathan Walker, Valerie Donovan, Douglas Zimmerman]."}, "447": {"llama8b": "After analyzing the social network, I found that the Minimum Vertex Cover is: [Matthew Rose, Isaac Williams, Julie Rios, David Olson, James Palmer]."}, "448": {"llama8b": "[Dr. Kathy Wilson, Dillon Phillips, Steven Miller, Sharon Payne, Jeffrey Hayden, Willie Harris, Paul Finley, Sean Thomas]"}, "449": {"llama8b": "The Minimum Vertex Cover of this network is: [Kevin Williams, Anna Howard, Larry Walton, Kevin Ramirez]."}, "450": {"llama8b": "[Monica Jones, Amanda King, Eric Reynolds, Gregory Clark, Paul Morgan]."}, "451": {"llama8b": "[Michael Arnold, Kenneth Phillips, Bryan Braun, Alexandra Barker, Kimberly Sutton, Lydia Davis, David Crosby, Scott Lawson, Jean Patel]."}, "452": {"llama8b": "One Minimum Vertex Cover: [Michelle Perkins, Joshua Douglas, Linda Mccoy]."}, "453": {"llama8b": "[Michael Snyder, Kristin Soto, Steven Davis, Haley Ramsey, Rebecca Bowen, Michael Stewart, Bryan Perry, Christina Hill DDS]."}, "454": {"llama8b": "The Minimum Vertex Cover of this network is: [Micheal Jenkins, Allen Watson, Erin Thomas, Mr. Franklin Arias, Stacey Martinez]."}, "455": {"llama8b": "[Ashley Wright, Debra Dean, Jordan Allen, Cynthia Johnson, Susan Moore]."}, "456": {"llama8b": "[Jeffrey Pierce, Timothy Bennett, Amy Berry, Christopher Carter, Lisa Martin, Shannon Turner, Duane Johnson, Robert Watkins, Heather Brooks, Dawn Foley, Julia Fowler, Jeremy Davidson, Sarah King, Dennis Stephens, Willie Fuller, Angela Burnett, Manuel Church, Heather Keller, Andrew Lyons, Lance Garcia, Sandra Nixon, Joshua Mcdonald, Thomas Orr, Christopher Jones, Paul Davis, Melanie Conway, Krista Johnson, Joseph Mendez, Robert Watkins, Willie Fuller, Julia Fowler, Angela Burnett, Manuel Church, Heather Keller, Andrew Lyons, Lance Garcia, Sandra Nixon, Joshua Mcdonald, Thomas Orr, Christopher Jones, Paul Davis, Melanie Conway, Krista Johnson, Joseph Mendez]."}, "457": {"llama8b": "The Minimum Vertex Cover of this network is: [Lauren Coleman, Craig Ruiz, Patricia Miller, Christine Wood]."}, "458": {"llama8b": "[Jeremy Cortez, Rachel Tyler, Jeffery Medina, Christopher Robertson, Gail Taylor, Brian Williams]."}, "459": {"llama8b": "[Robin Boyer, Katie Gould, Christine Wheeler, Malik George, Angela Stark]."}, "460": {"llama8b": "One Minimum Vertex Cover: [Kevin Adams, David Collins, Zachary Monroe, Marvin Hughes, James Munoz]."}, "461": {"llama8b": "[David Brown, Karen Wallace, Joshua Perez, Lori Davis, Brittany Smith]."}, "462": {"llama8b": "[Angela Watson, William Smith, Barbara Calderon, Richard Guerra, Christina Stone]."}, "463": {"llama8b": "After analyzing the social network, I found that the Minimum Vertex Cover is:\n\n[Michael Smith, Christopher Wilson, Tamara Ward, Adam Knight, Robert Lawrence, Dr. Sheena Alexander]\n\nThis subset of users covers all the friendship connections in the network, and it is the smallest possible subset that achieves this."}, "464": {"llama8b": "After analyzing the social network, I found that the Minimum Vertex Cover is: [Brandy Butler, Kimberly Deleon, Alan Lozano, Daniel Williams, Kimberly Thomas]."}, "465": {"llama8b": "[Angela Burns, Katherine Hardy, Mark Moody, Teresa Klein, Kevin Johnson, Sara Johns, Shawn Franklin, Brittany Estrada, John Duarte, Elizabeth Wells, Richard Mason, Luis Atkins, Craig George]."}, "466": {"llama8b": "One Minimum Vertex Cover: [Brendan Smith, Miss Gina Ingram MD, Mr. Mike Jenkins, Anne Johnson]."}, "467": {"llama8b": "[Erin Carr, Heather Webster, James Velez, Paul Hernandez, Leonard Brown]."}, "468": {"llama8b": "After analyzing the social network, I found that the Minimum Vertex Cover is: [Jason Smith, Jennifer Acosta, Samantha York, Charles Cunningham, Robert Chapman]."}, "469": {"llama8b": "[Rebecca Fox, Roberta Hunter, Jordan Farmer, Leah Hernandez, Cindy Baker, Daniel Parrish]."}, "470": {"llama8b": "The Minimum Vertex Cover of this network is: [Martha Taylor, Terri Hinton, Shane Graham, Amy Robles, Christopher Church]."}, "471": {"llama8b": "One Minimum Vertex Cover: [Adriana Schneider, Sean Allen, Jennifer Petersen, Richard Underwood, Joel Bass]."}, "472": {"llama8b": "After analyzing the social network, I found that one Minimum Vertex Cover is: [Angela Reynolds, Jeffrey Mcdonald, Jasmine Robertson, Christopher Fuller, John Carr]."}, "473": {"llama8b": "After analyzing the social network, I found that the Minimum Vertex Cover is: [Michael Jones, Janice Brown, Richard Gonzalez]."}, "474": {"llama8b": "[Jamie Jefferson, Jacob Parker, Diana Wells, Robert Butler, James Henry]."}, "475": {"llama8b": "One Minimum Vertex Cover: [Mrs. Amy Medina, Mark Robinson, Kimberly Carroll, Wesley Horne]."}, "476": {"llama8b": "One Minimum Vertex Cover: [Mr. Matthew Cruz, Heather Phillips, Richard Brooks, Larry Rasmussen, Courtney Salazar]."}, "477": {"llama8b": "One Minimum Vertex Cover: [Charles Ramirez, Donald Murphy, Alyssa Brown]."}, "478": {"llama8b": "[Elizabeth Shepard, Jeremy Lopez, Jennifer Small, Victoria Knight, Steven Guerrero, Gary Gray, Cameron Carey, Nicholas Ramos, Dr. Lisa Wright, Amy Anderson, Judy Boone, Grant Perry]."}, "479": {"llama8b": "The Minimum Vertex Cover of this network is: [Sharon Jackson, Christine Chen, Garrett Owens, Susan Burnett, Jesus Lewis]."}, "480": {"llama8b": "After analyzing the social network, I found that one Minimum Vertex Cover is: [Lynn Miller, Sheila Smith, Michael Ruiz, Monique Santos, Christie Green, Ryan Weaver]."}, "481": {"llama8b": "[Ashley Patton, Charles Young, Christina Hines, Gregory Scott, Kristen Smith, Ryan Zimmerman]"}, "482": {"llama8b": "[Patricia Mccann, Michelle Barnett, Robert Brandt Jr., Corey Walsh, Stephanie Frederick]."}, "483": {"llama8b": "The Minimum Vertex Cover of this network is: [Seth Dixon, Julie Diaz, Katherine Cole]."}, "484": {"llama8b": "[Michele Rangel, Gary Young, Jeffrey Sims, Brittney Nicholson, Jacob Johns]."}, "485": {"llama8b": "The Minimum Vertex Cover of this network is: [Gina Phillips, Andrew Frazier, Justin Dillon, Edward Morales, Stacey Patel DDS]."}, "486": {"llama8b": "After analyzing the social network, I found that the Minimum Vertex Cover is: [Melinda Costa, Kristin Hamilton, Abigail Jacobs, Courtney Mata, David Davenport]."}, "487": {"llama8b": "[Jonathan Mendez, Alexandra Williams, Thomas Fuller, Virginia Bishop, Deborah Nelson]."}, "488": {"llama8b": "The Minimum Vertex Cover of this network is: [Jeffrey Boyd, Keith Jones, Rickey Vasquez]."}, "489": {"llama8b": "[Mr. Randy Alvarado DDS, Kenneth Jackson, Bryan Cook, Christian Clark, Becky Scott]."}, "490": {"llama8b": "[Thomas Kline, Hailey Kerr, Juan Ballard, Melissa Hunt, Meagan Gomez]."}, "491": {"llama8b": "The Minimum Vertex Cover of this network is: [Taylor Moss, Susan Hardy, Alyssa Glenn, Anthony Powell, Kelly Terry]."}, "492": {"llama8b": "The Minimum Vertex Cover of this network is: [John Mendoza, Albert Lewis, Jason Dominguez, John Clark]."}, "493": {"llama8b": "After analyzing the social network, I found that the Minimum Vertex Cover is: [Felicia Paul, Charles Ritter, Ashley Kelly, Tabitha Curtis, Mrs. Amy Wiley]."}, "494": {"llama8b": "The Minimum Vertex Cover of this network is: [Emma Anderson, Regina Underwood, Kenneth Carroll]."}, "495": {"llama8b": "The Minimum Vertex Cover of this network is: [Albert Pruitt, Maria Mcguire, Donna Dougherty, William Wiley]."}, "496": {"llama8b": "[William Adams, Allison Mitchell, Kimberly Mitchell, Caroline Lucas, Steven Gutierrez, Patrick Robles]."}, "497": {"llama8b": "[Casey Bush, Martha Hughes, Emily Spencer, Timothy Martinez, Stephanie Greene]."}, "498": {"llama8b": "The Minimum Vertex Cover of this network is: [Manuel Foster, Sue White, Alexandra Pierce, Darryl Miller, Eddie Alvarez]."}, "499": {"llama8b": "[Andrew Boyd, Christine Anderson, John Smith, Joseph Gilbert, Tyler Moses, Jessica Herring, Richard Lynch, Mr. Brian Thomas]."}}