{"0": {"llama8b": "The maximum common subgraph is: [1, 2, 4, 5, 6], [1, 2, 4, 5, 6]."}, "1": {"llama8b": "[1, 2, 3], [1, 2, 3]"}, "2": {"llama8b": "After analyzing the given molecules, I found that the maximum common subgraph consists of the following atoms:\n\n[0, 1, 2, 3, 4, 5, 6, 7, 8], [0, 1, 2, 3, 4, 5, 6, 7, 8]\n\nThis common subgraph shares 9 atoms between the two molecules."}, "3": {"llama8b": "[1, 2, 3, 4], [1, 2, 3, 4]"}, "4": {"llama8b": "[1, 3, 4, 7, 8], [1, 3, 4, 7, 8]."}, "5": {"llama8b": "The maximum common subgraph is: [0, 1, 2, 3, 4, 5, 6, 7, 8], [0, 1, 2, 3, 4, 5, 6, 7, 8]."}, "6": {"llama8b": "The maximum common subgraph is: [0, 1, 2, 3, 4, 5, 6, 7, 8, 9, 10, 11, 12, 13, 14], [0, 1, 2, 3, 4, 5, 6, 7, 8, 9, 10, 11, 12, 13, 14]."}, "7": {"llama8b": "[1, 2, 3, 8], [1, 2, 3, 8]."}, "8": {"llama8b": "[1, 2, 3, 6, 7, 8, 9], [0, 1, 2, 6, 7, 8, 9]."}, "9": {"llama8b": "[1, 2, 3, 4], [1, 2, 3, 4]."}, "10": {"llama8b": "The maximum common subgraph is: [0, 1, 5, 6, 8, 9], [0, 1, 5, 6, 8, 9]."}, "11": {"llama8b": "The maximum common subgraph is: [2, 3, 4, 8], [2, 3, 4, 8]."}, "12": {"llama8b": "[1, 2, 3], [2, 3]"}, "13": {"llama8b": "The maximum common subgraph is: [1, 2, 3, 4, 5, 6], [1, 2, 3, 4, 5, 6]."}, "14": {"llama8b": "The maximum common subgraph is: [0, 1, 2, 3, 6, 7, 10, 11], [0, 1, 2, 3, 6, 7, 10, 11]."}, "15": {"llama8b": "[1, 2, 3, 4], [1, 2, 3, 4]."}, "16": {"llama8b": "[1, 2, 4, 8, 9, 10], [1, 2, 4, 5, 9, 10]."}, "17": {"llama8b": "After analyzing the given molecules, I found that the maximum common subgraph consists of the following atoms:\n\n[0, 1, 2, 3], [0, 1, 2, 3]\n\nThis common subgraph has 4 atoms in common between the two molecules."}, "18": {"llama8b": "The maximum common subgraph is: [1, 2, 3], [2, 3, 4]."}, "19": {"llama8b": "The maximum common subgraph is: [1, 2, 3, 5, 6], [1, 2, 3, 5, 6]."}, "20": {"llama8b": "The maximum common subgraph is: [0, 1, 2, 3, 4, 5, 6, 7, 8, 9, 10, 11], [0, 1, 2, 3, 4, 5, 6, 7, 8, 9, 10, 11]."}, "21": {"llama8b": "After analyzing the given molecules, I found that the maximum common subgraph consists of the following atoms:\n\n[0, 1, 2], [0, 1, 2]\n\nThis common subgraph has 3 atoms in common between the two molecules."}, "22": {"llama8b": "[1, 2, 3, 4, 5, 6], [1, 2, 3, 4, 5, 6]."}, "23": {"llama8b": "After analyzing the given molecules, I found that the maximum common subgraph consists of the following atoms:\n\n[0, 1, 2, 3], [0, 1, 2, 3]\n\nThis common subgraph has 4 atoms in both molecules, which is the maximum number of atoms shared between the two molecules."}, "24": {"llama8b": "[1, 2, 6, 7], [1, 2, 7, 9]."}, "25": {"llama8b": "After analyzing the given molecules, I found the maximum common subgraph to be: [0, 1, 2, 5, 6, 7, 9, 10, 11], [0, 1, 2, 5, 6, 7, 9, 10, 11, 12, 13, 14, 15]."}, "26": {"llama8b": "[1, 3, 6], [1, 3, 6]"}, "27": {"llama8b": "The maximum common subgraph is: [2, 3, 4, 5, 6], [2, 3, 4, 5, 6]."}, "28": {"llama8b": "[1, 2, 3, 4, 5, 6], [1, 2, 3, 4, 5, 6]"}, "29": {"llama8b": "[1, 2, 6, 7, 8, 9], [1, 2, 6, 7, 8, 9]."}, "30": {"llama8b": "After analyzing the given molecules, I found that the maximum common subgraph consists of the following atoms:\n\n[0, 1, 2, 3, 4, 5, 6, 7, 8], [0, 1, 2, 3, 4, 5, 6, 7, 8]\n\nThis common subgraph shares 9 atoms between the two molecules."}, "31": {"llama8b": "The maximum common subgraph is: [0, 1, 2, 8, 9], [0, 1, 2, 8, 9]."}, "32": {"llama8b": "The maximum common subgraph is: [0, 1, 2, 3, 4, 7, 8, 9], [0, 1, 2, 3, 4, 6, 7, 8, 9]."}, "33": {"llama8b": "[1, 2, 3, 4, 5, 7], [0, 1, 2, 3, 4, 5]."}, "34": {"llama8b": "[1, 2, 3, 4, 5], [1, 2, 3, 4, 5]."}, "35": {"llama8b": "After analyzing the given molecules, I found the maximum common subgraph to be: [0, 1, 2, 7, 8, 9, 13], [0, 1, 2, 6, 7, 8, 13]."}, "36": {"llama8b": "After analyzing the given molecules, I found that the maximum common subgraph consists of the following atoms:\n\n[0, 1, 2, 3, 4, 5, 6, 7, 8, 9, 10, 11, 12, 13, 14], [0, 1, 2, 3, 4, 5, 6, 7, 8, 9, 10, 11, 12, 13, 14, 15, 16, 17, 18]."}, "37": {"llama8b": "The maximum common subgraph is: [0, 1, 2, 3, 4, 5, 7, 8, 9, 10], [0, 1, 2, 3, 4, 5, 6, 7, 8, 9, 10, 11]."}, "38": {"llama8b": "[1, 2, 3, 6, 7, 8], [1, 2, 3, 6, 7, 8]."}, "39": {"llama8b": "[1, 2, 3, 4, 6, 7, 8, 9], [0, 1, 2, 3, 5, 6, 7, 8, 9]"}, "40": {"llama8b": "[1, 2, 4, 5, 7, 8], [0, 1, 2, 4, 5, 7]"}, "41": {"llama8b": "[1, 2, 6, 7, 8, 9], [1, 2, 7, 8, 9]."}, "42": {"llama8b": "[1, 2, 5, 6], [1, 2, 5, 6]."}, "43": {"llama8b": "The maximum common subgraph is [0, 1, 2, 3], [0, 1, 2, 3]."}, "44": {"llama8b": "The maximum common subgraph is: [0, 1, 2, 6, 7, 8, 9], [0, 1, 2, 6, 7, 8, 9]."}, "45": {"llama8b": "[1, 2, 4, 5], [1, 2, 4, 5]."}, "46": {"llama8b": "The maximum common subgraph is: [0, 1, 2, 3, 4, 7, 8, 9, 10], [0, 1, 2, 3, 4, 7, 8, 9, 10]."}, "47": {"llama8b": "[1, 2, 5, 6], [0, 1, 5, 6]"}, "48": {"llama8b": "[1, 2, 3, 4, 5, 6, 7], [0, 1, 2, 3, 4, 5, 6, 7]"}, "49": {"llama8b": "The maximum common subgraph is: [2, 3, 5, 6], [2, 3, 5, 6]."}, "50": {"llama8b": "The maximum common subgraph is: [0, 1, 2, 5, 6, 8, 9, 10], [0, 1, 2, 5, 6, 8, 9, 10]."}, "51": {"llama8b": "[1, 2, 3, 4], [1, 2, 3, 4]"}, "52": {"llama8b": "The maximum common subgraph is: [0, 1, 2, 3], [0, 1, 2, 3]."}, "53": {"llama8b": "The maximum common subgraph is: [0, 1, 2, 3, 4, 8, 9, 10], [0, 1, 2, 3, 4, 8, 9, 10]."}, "54": {"llama8b": "[1, 2, 3, 8], [1, 2, 3, 8]"}, "55": {"llama8b": "[2, 3, 4], [2, 3, 4]"}, "56": {"llama8b": "After analyzing the given molecules, I found that the maximum common subgraph consists of the following atoms:\n\n[0, 1, 2, 3, 4, 5, 6], [0, 1, 2, 3, 4, 5, 6]\n\nThis common subgraph shares 7 atoms between the two molecules."}, "57": {"llama8b": "After analyzing the given molecules, I found that the maximum common subgraph consists of the following atoms:\n\n[0, 1, 2, 7, 8, 9, 10], [0, 1, 2, 8, 9, 10]\n\nThis common subgraph has 6 atoms in common between the two molecules."}, "58": {"llama8b": "After analyzing the given molecules, I found that the maximum common subgraph consists of the following atoms:\n\n[0, 1, 2, 3, 4, 5, 6, 7, 8, 9, 10, 11, 12], [0, 1, 2, 3, 4, 5, 6, 7, 8, 9, 10, 12]."}, "59": {"llama8b": "The maximum common subgraph is: [2, 3, 4, 5], [2, 3, 4, 5]."}, "60": {"llama8b": "The maximum common subgraph is: [1, 2, 5], [1, 2, 5]."}, "61": {"llama8b": "After analyzing the given molecules, I found that the maximum common subgraph consists of the following atoms:\n\n[0, 1, 2, 3, 4, 5, 6, 8, 9, 10], [0, 1, 2, 3, 4, 5, 6, 8, 9, 10].\n\nThis common subgraph shares 10 atoms between the two molecules."}, "62": {"llama8b": "[2, 1, 7, 6, 10], [2, 1, 7, 6, 10]."}, "63": {"llama8b": "[1, 2, 3, 4, 5, 6, 7, 8, 9, 10], [1, 2, 3, 4, 5, 6, 7, 8, 9, 10]."}, "64": {"llama8b": "[0, 1, 2, 3, 4], [0, 1, 2, 3, 4]"}, "65": {"llama8b": "The maximum common subgraph is: [0, 1, 2, 4, 5, 7, 8, 9], [0, 1, 2, 4, 5, 7, 8, 9]."}, "66": {"llama8b": "After analyzing the given molecules, I found that the maximum common subgraph consists of the following atoms:\n\n[3, 2, 1, 4, 7, 6, 9, 8], [2, 3, 4, 5, 7, 6, 8, 9]\n\nThis common subgraph has 8 atoms in common between the two molecules."}, "67": {"llama8b": "After analyzing the given molecules, I found that the maximum common subgraph consists of the following atoms:\n\n[0, 2, 3, 7, 8], [0, 2, 3, 7, 8].\n\nThis common subgraph has 5 atoms in common between the two molecules."}, "68": {"llama8b": "After analyzing the given molecules, I found that the maximum common subgraph consists of the following atoms:\n\n[0, 2, 3, 7], [0, 2, 3, 8]\n\nThis common subgraph has 4 atoms in common between the two molecules."}, "69": {"llama8b": "After analyzing the given molecules, I found that the maximum common subgraph consists of the following atoms:\n\n[1, 2, 4, 5, 7, 8, 9, 10, 11, 14, 15], [1, 2, 4, 5, 7, 8, 9, 10, 11, 14, 15]."}, "70": {"llama8b": "The maximum common subgraph is [1, 2, 3, 6], [1, 2, 3, 6]."}, "71": {"llama8b": "[1, 2, 3], [1, 2, 3]."}, "72": {"llama8b": "The maximum common subgraph is: [2, 3, 4, 8], [2, 3, 4, 7]."}, "73": {"llama8b": "After analyzing the given molecules, I found the maximum common subgraph to be: [0, 1, 2, 3, 4, 5, 6, 7, 9, 10, 11, 12, 13, 14, 15], [0, 1, 2, 3, 4, 6, 7, 8, 9, 10, 11, 12, 13, 14, 15]."}, "74": {"llama8b": "The maximum common subgraph is: [3, 2, 1], [2, 3, 1]."}, "75": {"llama8b": "After analyzing the given molecules, I found that the maximum common subgraph consists of the following atoms:\n\n[0, 1, 2, 3, 4, 5, 6, 7, 8, 9, 10, 11, 12, 13, 14, 15], [0, 1, 2, 3, 4, 5, 6, 7, 8, 9, 10, 11, 12, 13, 14, 15]\n\nThis common subgraph includes all 16 atoms from both molecules, indicating that the entire molecules are the maximum common subgraph."}, "76": {"llama8b": "The maximum common subgraph is: [0, 1, 2], [0, 1, 2]."}, "77": {"llama8b": "[1, 2, 3, 4, 5, 6, 8, 9, 10], [0, 1, 2, 3, 4, 5, 8, 9, 10]"}, "78": {"llama8b": "The maximum common subgraph is: [0, 1, 5, 6, 7, 8, 9], [0, 1, 4, 5, 6, 7, 8, 9, 10]."}, "79": {"llama8b": "The maximum common subgraph is: [0, 1, 2, 3, 4, 6], [0, 1, 2, 3, 4, 6]."}, "80": {"llama8b": "[1, 2, 3], [2, 3]"}, "81": {"llama8b": "After analyzing the given molecules, I found that the maximum common subgraph consists of the following atoms:\n\n[0, 1, 1, 2, 2, 4, 4, 5, 5], [0, 1, 1, 2, 2, 4, 4, 5, 5]\n\nThis common subgraph has 9 atoms in common between the two molecules."}, "82": {"llama8b": "[1, 2, 6, 7, 8, 9], [1, 2, 6, 7, 8, 9]."}, "83": {"llama8b": "After analyzing the given molecules, I found that the maximum common subgraph consists of 3 atoms with the following bonds:\n0-1, 1-2, 2-8.\n\nThe indices of the atoms in the common subgraph for each molecule are:\n[0, 1, 2], [0, 1, 2]."}, "84": {"llama8b": "The maximum common subgraph is: [0, 1, 2, 3, 4, 5, 6], [0, 1, 2, 3, 4, 5, 6]."}, "85": {"llama8b": "[2, 3, 4, 8], [2, 3, 4, 8]."}, "86": {"llama8b": "The maximum common subgraph is: [0, 1, 2, 3, 4, 5, 6, 7, 8, 9], [0, 1, 2, 3, 4, 5, 6, 7, 8, 9]."}, "87": {"llama8b": "After analyzing the given molecules, I found that the maximum common subgraph consists of the following atoms:\n\n[0, 1, 2, 7, 10], [0, 1, 2, 7]\n\nThis common subgraph shares 5 atoms between the two molecules."}, "88": {"llama8b": "The maximum common subgraph is: [2, 3, 11], [2, 3, 11]."}, "89": {"llama8b": "After analyzing the given molecules, I found that the maximum common subgraph consists of 5 atoms with the following bonds:\n0-1, 1-2, 2-3, 3-4, 4-5.\n\nThe indices of the atoms in the common subgraph for each molecule are:\n[0, 1, 2, 3, 4], [0, 1, 2, 3, 4]."}, "90": {"llama8b": "[2, 3, 4, 6], [2, 3, 4, 7]"}, "91": {"llama8b": "[1, 2, 3, 8], [1, 2, 3, 8]"}, "92": {"llama8b": "The maximum common subgraph is: [2, 3, 4, 5, 6, 7, 9, 11, 12], [2, 3, 4, 5, 6, 7, 8, 11, 12, 13]."}, "93": {"llama8b": "The maximum common subgraph is: [0, 1, 2, 3, 4, 5, 6, 7, 9, 10, 11], [0, 1, 2, 3, 4, 5, 6, 7, 9, 10, 11]."}, "94": {"llama8b": "The maximum common subgraph is: [0, 1, 6, 7, 8, 9], [0, 1, 6, 7, 8, 9]."}, "95": {"llama8b": "After analyzing the given molecules, I found that the maximum common subgraph consists of the following atoms:\n\n[3, 4, 7, 8, 9, 11, 12], [3, 4, 9, 11, 12, 13, 16]\n\nThis common subgraph has 7 atoms in both molecules."}, "96": {"llama8b": "After analyzing the given molecules, I found that the maximum common subgraph consists of the following atoms:\n\n[0, 1, 2, 3, 4, 5, 9, 10, 11], [0, 1, 2, 3, 4, 5, 9, 10, 11].\n\nThis common subgraph shares 9 atoms between the two molecules."}, "97": {"llama8b": "[1, 2, 7], [1, 2, 7]."}, "98": {"llama8b": "The maximum common subgraph is: [0, 1, 2, 3, 4, 7], [0, 1, 2, 3, 4, 7]."}, "99": {"llama8b": "[1, 2, 4, 5], [1, 2, 4, 5]"}, "100": {"llama8b": "The maximum common subgraph is: [2, 3, 4, 5, 6, 8], [2, 3, 4, 5, 6, 8]."}, "101": {"llama8b": "The maximum common subgraph is: [0, 1, 2, 3, 4, 5, 6, 7, 8], [0, 1, 2, 3, 4, 5, 6, 7, 8]."}, "102": {"llama8b": "The maximum common subgraph is: [0, 1, 2, 3], [0, 1, 2, 3]."}, "103": {"llama8b": "[1, 2, 3, 4], [1, 2, 3, 4]"}, "104": {"llama8b": "After analyzing the given molecules, I found the maximum common subgraph to be: [0, 1, 2, 3, 4, 5, 6, 8, 9, 10], [0, 1, 2, 3, 4, 5, 6, 8, 9, 10]."}, "105": {"llama8b": "After analyzing the given molecules, I found that the maximum common subgraph consists of the following atoms:\n\n[0, 1, 2, 3, 4, 7, 8], [0, 1, 2, 3, 4, 7, 8]\n\nThis common subgraph has 7 atoms in common between the two molecules."}, "106": {"llama8b": "[0, 1, 2, 3, 4, 5, 7, 8, 9, 10], [0, 1, 2, 3, 4, 5, 7, 8, 9, 10]."}, "107": {"llama8b": "[1, 2, 3, 4, 5, 6, 7], [0, 1, 2, 3, 4, 5, 6, 7]"}, "108": {"llama8b": "After analyzing the given molecules, I found that the maximum common subgraph consists of the following atoms:\n\n[0, 2, 3, 8], [0, 2, 3, 8]\n\nThis common subgraph has 4 atoms in common between the two molecules."}, "109": {"llama8b": "[1, 2, 3], [1, 2, 3]"}, "110": {"llama8b": "After analyzing the given molecules, I found that the maximum common subgraph consists of the following atoms:\n\n[0, 1, 2, 3, 4, 5, 6, 8, 9, 10, 11, 12], [0, 1, 2, 3, 4, 5, 6, 8, 9, 10, 11, 12]."}, "111": {"llama8b": "[1, 2, 3, 4, 5, 6, 7, 8, 9], [1, 2, 3, 4, 5, 6, 7, 8, 9]"}, "112": {"llama8b": "The maximum common subgraph is: [0, 1, 2, 3, 4, 5, 8, 9], [0, 1, 2, 3, 4, 5, 9, 10]."}, "113": {"llama8b": "The maximum common subgraph is: [0, 1, 2, 3, 7, 8, 10, 11], [0, 1, 2, 3, 8, 9, 10, 11]."}, "114": {"llama8b": "[4, 5, 8], [4, 5, 7]"}, "115": {"llama8b": "After analyzing the given molecules, I found that the maximum common subgraph consists of the following atoms:\n\n[0, 1, 2, 3], [0, 1, 2, 3]\n\nThis common subgraph has 4 atoms in both molecules, which is the maximum number of atoms shared between the two molecules."}, "116": {"llama8b": "The maximum common subgraph is: [0, 1, 2, 4, 6, 8], [0, 1, 2, 4, 5, 7]."}, "117": {"llama8b": "After analyzing the given molecules, I found that the maximum common subgraph consists of the following atoms:\n\n[0, 1, 2, 3, 4, 5, 6, 8, 9, 10, 11, 12], [0, 1, 2, 3, 4, 5, 6, 8, 9, 10, 11, 12]\n\nThis common subgraph has 12 atoms in common between the two molecules."}, "118": {"llama8b": "After analyzing the given molecules, I found that the maximum common subgraph consists of the following atoms:\n\n[0, 1, 2, 8, 9, 11, 12], [1, 2, 8, 9, 11, 12, 13]\n\nThis common subgraph has 7 atoms in molecule A and 7 atoms in molecule B."}, "119": {"llama8b": "The maximum common subgraph is: [1, 2, 3, 4, 5], [1, 2, 3, 4, 5]."}, "120": {"llama8b": "The maximum common subgraph is: [2, 3, 4, 8], [2, 3, 4, 8]."}, "121": {"llama8b": "[1, 2, 3, 4, 5, 6, 7, 8, 9, 10, 11, 12, 13, 14], [0, 1, 2, 3, 4, 5, 6, 7, 8, 9, 10, 11, 12, 13, 14]"}, "122": {"llama8b": "[1, 2, 3, 4], [1, 2, 3, 4]."}, "123": {"llama8b": "[1, 2, 3], [2, 3, 4]"}, "124": {"llama8b": "[1, 2, 9], [1, 9]"}, "125": {"llama8b": "[1, 2, 3, 4, 7], [1, 2, 3, 6, 7]."}, "126": {"llama8b": "The maximum common subgraph is: [0, 1, 3, 6], [0, 1, 3, 6]."}, "127": {"llama8b": "[1, 2, 3], [2, 3]"}, "128": {"llama8b": "[2, 3, 4], [2, 3, 4]"}, "129": {"llama8b": "[1, 2, 3, 4, 5, 6, 7, 8, 9, 10, 11, 12, 13], [0, 1, 2, 3, 4, 5, 6, 7, 8, 9, 10, 11, 12, 13, 14]."}, "130": {"llama8b": "After analyzing the given molecules, I found that the maximum common subgraph consists of the following atoms:\n\n[0, 1, 2, 3], [0, 1, 2, 3]\n\nThis common subgraph has 4 atoms in common between the two molecules."}, "131": {"llama8b": "The maximum common subgraph is: [0, 1, 2, 3], [0, 1, 2, 3]."}, "132": {"llama8b": "[1, 2, 3], [2, 3, 4]"}, "133": {"llama8b": "[1, 2, 3, 4, 5, 6, 7], [0, 1, 2, 3, 4, 5, 6]."}, "134": {"llama8b": "[1, 2, 3, 4, 5], [1, 2, 3, 4, 5]."}, "135": {"llama8b": "After analyzing the given molecules, I found that the maximum common subgraph consists of the following atoms:\n\n[0, 1, 2, 6, 7, 10], [0, 1, 2, 6, 7, 10]."}, "136": {"llama8b": "[1, 2, 3, 4, 5, 6, 8], [0, 1, 2, 3, 4, 5, 8]"}, "137": {"llama8b": "The maximum common subgraph is: [0, 1, 2, 3, 5, 6, 7, 9], [0, 1, 2, 5, 6, 7]."}, "138": {"llama8b": "[1, 2, 3, 4, 5], [0, 1, 2, 3, 4]"}, "139": {"llama8b": "[1, 2, 3, 4], [1, 2, 3, 4]"}, "140": {"llama8b": "The maximum common subgraph is: [2, 3, 6, 7], [2, 3, 6, 7]."}, "141": {"llama8b": "The maximum common subgraph is: [1, 2, 6, 7, 8, 9], [1, 2, 6, 7, 8, 9]."}, "142": {"llama8b": "[1, 2, 6], [1, 2, 6]."}, "143": {"llama8b": "[1, 2, 8, 9], [1, 2, 8, 9]."}, "144": {"llama8b": "The maximum common subgraph is: [2, 3, 6, 7, 11], [2, 3, 6, 7, 11]."}, "145": {"llama8b": "[1, 2, 3], [2, 3, 4]."}, "146": {"llama8b": "[1, 3, 7, 4, 9], [1, 3, 7, 4, 9]."}, "147": {"llama8b": "[1, 2, 5, 6], [1, 2, 5, 6]"}, "148": {"llama8b": "[1, 2, 7], [1, 7]"}, "149": {"llama8b": "[1, 2, 3, 6, 7], [1, 2, 3, 6, 7]."}, "150": {"llama8b": "[3, 4, 5, 7, 8], [3, 4, 5, 7, 8]."}, "151": {"llama8b": "The maximum common subgraph is: [0, 1, 2, 3, 4], [0, 1, 2, 3, 4]."}, "152": {"llama8b": "After analyzing the given molecules, I found that the maximum common subgraph consists of the following atoms:\n\n[0, 1, 2, 3, 4], [0, 1, 2, 3, 4]\n\nThis common subgraph has 5 atoms in common between the two molecules."}, "153": {"llama8b": "[1, 2, 3, 6, 7], [1, 2, 3, 6, 7]."}, "154": {"llama8b": "The maximum common subgraph is: [0, 1, 2, 3, 4, 5, 6, 7, 8, 9], [0, 1, 2, 3, 4, 5, 6, 7, 8, 9]."}, "155": {"llama8b": "[3, 2, 1], [2, 3]"}, "156": {"llama8b": "After analyzing the given molecules, I found that the maximum common subgraph consists of the following atoms:\n\n[0, 1, 2, 3, 4], [0, 1, 2, 3, 4]\n\nThis common subgraph is present in both molecules and has 5 atoms in common."}, "157": {"llama8b": "The maximum common subgraph is: [0, 1, 2, 3], [0, 1, 2, 3]."}, "158": {"llama8b": "After analyzing the given molecules, I found that the maximum common subgraph consists of the following atoms:\n\n[0, 1, 2, 3, 4, 5, 6], [0, 1, 2, 3, 4, 5, 6]\n\nThis common subgraph shares 7 atoms between the two molecules."}, "159": {"llama8b": "[1, 2, 3], [1, 2, 3]"}, "160": {"llama8b": "[1, 2, 3], [2, 3, 4]."}, "161": {"llama8b": "After analyzing the given molecules, I found the maximum common subgraph to be: [0, 1, 2, 3, 6, 7, 8, 9], [0, 1, 2, 3, 6, 7, 8, 9, 10, 11, 12]."}, "162": {"llama8b": "After analyzing the given molecules, I found that the maximum common subgraph consists of the following atoms:\n\n[0, 1, 2, 3, 4, 5, 6, 9, 10], [0, 1, 2, 3, 4, 5, 6, 9, 10].\n\nThis common subgraph has 9 atoms in common between the two molecules."}, "163": {"llama8b": "The maximum common subgraph is: [2, 3, 8], [2, 3, 8]."}, "164": {"llama8b": "[1, 2, 3, 4], [1, 2, 3, 4]."}, "165": {"llama8b": "After analyzing the given molecules, I found that the maximum common subgraph consists of the following atoms:\n\n[0, 1, 2, 3, 5, 6, 7, 9, 10, 11], [0, 1, 2, 3, 5, 6, 7, 9, 10, 11]."}, "166": {"llama8b": "[1, 2, 4, 5, 8], [0, 1, 3, 4, 8]"}, "167": {"llama8b": "[1, 2, 5, 6, 7, 8, 9, 10], [1, 2, 5, 6, 7, 8, 9, 10]."}, "168": {"llama8b": "The maximum common subgraph is [2, 3, 6, 8], [2, 3, 6, 8]."}, "169": {"llama8b": "The maximum common subgraph is: [0, 1, 2, 3, 4, 5, 6, 7, 10], [0, 1, 2, 3, 4, 5, 6, 10, 11]."}, "170": {"llama8b": "After analyzing the given molecules, I found that the maximum common subgraph consists of the following atoms:\n\n[0, 1, 2, 3, 5, 6, 10], [0, 1, 2, 3, 5, 6, 10].\n\nThis common subgraph has 7 atoms in common between the two molecules."}, "171": {"llama8b": "After analyzing the given molecules, I found that the maximum common subgraph consists of the following atoms:\n\n[0, 1, 2, 3, 4], [0, 1, 2, 3, 4]\n\nThis common subgraph shares 5 atoms between the two molecules."}, "172": {"llama8b": "[3, 2, 8, 9], [3, 8, 9, 4]"}, "173": {"llama8b": "After analyzing the given molecules, I found the maximum common subgraph to be: [0, 1, 3, 4, 9], [0, 1, 3, 4, 9]."}, "174": {"llama8b": "[2, 1, 0, 3, 4], [1, 2, 3, 5, 6]."}, "175": {"llama8b": "[0, 1, 2, 3, 4], [0, 1, 2, 3, 4]."}, "176": {"llama8b": "After analyzing the given molecules, I found that the maximum common subgraph consists of the following atoms:\n\n[0, 1, 2, 3, 4, 5, 6, 7, 8], [0, 1, 2, 3, 4, 5, 6, 7, 8]\n\nThis common subgraph shares 9 atoms between the two molecules."}, "177": {"llama8b": "The maximum common subgraph is: [0, 1, 4, 5, 8, 9], [0, 1, 4, 5, 8, 10]."}, "178": {"llama8b": "[1, 2, 3, 4, 5, 6, 7, 8, 9, 10, 11, 12, 13], [0, 1, 2, 3, 4, 5, 6, 7, 8, 9, 10, 11, 12, 13, 14, 15]."}, "179": {"llama8b": "[1, 2, 3, 4, 5], [0, 1, 2, 3, 4, 5]."}, "180": {"llama8b": "The maximum common subgraph is: [0, 1, 2, 3, 4, 5], [0, 1, 2, 3, 4, 5]."}, "181": {"llama8b": "[1, 2, 3, 4], [1, 2, 3, 4]"}, "182": {"llama8b": "The maximum common subgraph is: [2, 3, 4], [2, 3, 4]."}, "183": {"llama8b": "After analyzing the given molecules, I found that the maximum common subgraph consists of the following atoms:\n\n[0, 1, 2, 3, 4, 5, 6, 7, 8, 9], [0, 1, 2, 3, 4, 5, 6, 7, 8, 9].\n\nThis common subgraph includes all the atoms in both molecules, as they share the same atoms and bonds."}, "184": {"llama8b": "[1, 2, 4, 5, 7, 8], [0, 1, 4, 5, 7, 8]"}, "185": {"llama8b": "[1, 2, 3, 4, 5, 6, 7, 8, 9, 10, 11, 12, 13, 14], [0, 1, 2, 3, 4, 5, 6, 7, 8, 9, 10, 11, 12, 13, 14]."}, "186": {"llama8b": "[1, 2, 3], [1, 2, 3]"}, "187": {"llama8b": "[2, 3, 6, 7], [2, 3, 6, 7]"}, "188": {"llama8b": "[1, 2, 3], [1, 2, 3]"}, "189": {"llama8b": "The maximum common subgraph is: [0, 1, 2, 3], [0, 1, 2, 3]."}, "190": {"llama8b": "[1, 2, 3, 4, 5], [1, 2, 3, 4, 6]."}, "191": {"llama8b": "After analyzing the given molecules, I found that the maximum common subgraph consists of the following atoms:\n\n[0, 1, 2, 7, 8, 9, 10, 11, 12, 13, 14], [0, 1, 2, 7, 8, 9, 10, 11, 12, 13, 14]."}, "192": {"llama8b": "The maximum common subgraph between the two molecules is [0, 1, 2, 3, 8, 9], [0, 1, 2, 3, 8, 9]."}, "193": {"llama8b": "[1, 2, 3, 4, 5, 6, 7, 8, 9, 10], [0, 1, 2, 3, 5, 6, 7, 8, 9, 10]."}, "194": {"llama8b": "[1, 2, 6], [1, 2, 6]"}, "195": {"llama8b": "The maximum common subgraph is: [2, 3, 5, 6, 7], [2, 3, 5, 6, 7]."}, "196": {"llama8b": "After analyzing the given molecules, I found the maximum common subgraph to be: [0, 1, 2, 3, 7, 8], [0, 1, 2, 3, 8, 9]."}, "197": {"llama8b": "[1, 2, 6, 7], [1, 2, 6, 7]."}, "198": {"llama8b": "The maximum common subgraph is: [0, 1, 2, 3, 4, 5], [0, 1, 2, 3, 4, 5]."}, "199": {"llama8b": "[1, 2, 5, 8], [1, 2, 4, 9]."}, "200": {"llama8b": "The maximum common subgraph is: [2, 3, 7, 8], [2, 3, 7, 8]."}, "201": {"llama8b": "[6, 7, 8, 9, 10], [6, 7, 8, 9, 10]."}, "202": {"llama8b": "After analyzing the given molecules, I found that the maximum common subgraph consists of the following atoms:\n\n[0, 1, 2, 7, 8], [0, 1, 2, 7, 8].\n\nThis common subgraph has 5 atoms in both molecules."}, "203": {"llama8b": "[1, 2, 3, 4, 5], [1, 2, 3, 4, 5]."}, "204": {"llama8b": "[1, 2, 3, 4, 5, 6], [1, 2, 3, 4, 5, 6]."}, "205": {"llama8b": "[1, 2, 3, 4], [1, 2, 3, 4]."}, "206": {"llama8b": "After analyzing the given molecules, I found that the maximum common subgraph consists of the following atoms:\n\n[0, 1, 2, 3, 6, 7], [0, 1, 2, 3, 6, 7].\n\nThis common subgraph shares 6 atoms between the two molecules."}, "207": {"llama8b": "[1, 2, 3, 4, 5], [0, 1, 2, 3, 4, 5]."}, "208": {"llama8b": "After analyzing the given molecules, I found that the maximum common subgraph consists of the following atoms:\n\n[0, 1, 2, 5, 6, 7, 8, 9], [0, 1, 2, 5, 6, 7, 8, 9].\n\nThis common subgraph shares 8 atoms between the two molecules."}, "209": {"llama8b": "[1, 2, 3, 4, 5, 6, 7, 8, 10, 11, 13, 14], [1, 2, 3, 4, 5, 6, 7, 8, 10, 11, 13, 14]."}, "210": {"llama8b": "The maximum common subgraph is: [0, 1, 2, 3, 4], [0, 1, 2, 3, 4]."}, "211": {"llama8b": "The maximum common subgraph is: [2, 3, 5, 7, 8], [2, 3, 5, 7, 8]."}, "212": {"llama8b": "[1, 2, 3, 4], [1, 2, 3, 4]"}, "213": {"llama8b": "The maximum common subgraph is: [1, 2, 3, 5, 6, 7], [1, 2, 3, 5, 6, 7]."}, "214": {"llama8b": "The maximum common subgraph is: [1, 3, 4, 6, 7], [1, 3, 4, 6, 7]."}, "215": {"llama8b": "[1, 2, 3, 4], [1, 2, 3, 4]"}, "216": {"llama8b": "The maximum common subgraph is: [0, 1, 2, 3, 4, 5, 6, 7, 10, 11, 12], [0, 1, 2, 3, 4, 5, 6, 7, 10, 11, 12]."}, "217": {"llama8b": "The maximum common subgraph is [1, 2, 3, 4, 5, 6], [1, 2, 3, 4, 5, 6]."}, "218": {"llama8b": "The maximum common subgraph is: [0, 1, 2, 3, 4, 5], [0, 1, 2, 3, 4, 5]."}, "219": {"llama8b": "[2, 3, 7, 8], [2, 3, 7, 8]."}, "220": {"llama8b": "After analyzing the given molecules, I found that the maximum common subgraph consists of the following atoms:\n\n[0, 1, 2, 3, 4, 8, 9], [0, 1, 2, 3, 4, 8, 9].\n\nThis common subgraph shares 7 atoms between the two molecules."}, "221": {"llama8b": "[1, 2, 5, 6], [1, 2, 5, 6]."}, "222": {"llama8b": "The maximum common subgraph is: [0, 1, 2, 5, 6, 8, 9, 10, 12], [0, 1, 2, 5, 6, 7, 8, 9, 14]."}, "223": {"llama8b": "[1, 2, 3, 4, 5, 6, 7], [1, 2, 3, 4, 5, 6, 7]."}, "224": {"llama8b": "The maximum common subgraph is: [0, 1, 2, 3, 4, 5, 7, 8, 10, 11], [0, 1, 2, 3, 4, 5, 6, 7, 8, 9, 10, 11]."}, "225": {"llama8b": "The maximum common subgraph is: [0, 1, 2, 3], [0, 1, 2, 3]."}, "226": {"llama8b": "[1, 2, 3, 4], [1, 2, 3, 4]."}, "227": {"llama8b": "The maximum common subgraph is: [2, 3, 4, 5, 6, 7], [2, 3, 5, 6, 7]."}, "228": {"llama8b": "The maximum common subgraph is: [1, 2, 3, 4, 5, 6, 7], [1, 2, 3, 4, 5, 6, 7]."}, "229": {"llama8b": "After analyzing the given molecules, I found that the maximum common subgraph consists of the following atoms:\n\n[1, 2, 3, 4, 6, 7, 9, 10], [1, 2, 3, 4, 6, 7, 9, 10].\n\nThis common subgraph shares 8 atoms between the two molecules."}, "230": {"llama8b": "[1, 2, 3, 7], [1, 2, 3, 7]"}, "231": {"llama8b": "[1, 2, 3, 4, 7, 8], [1, 2, 3, 4, 7, 8]."}, "232": {"llama8b": "The maximum common subgraph is: [0, 1, 2, 3, 4, 5, 6, 7, 8, 9], [0, 1, 2, 3, 4, 5, 6, 7, 8, 9]."}, "233": {"llama8b": "[2, 3, 4, 6, 7, 8], [2, 3, 4, 6, 7, 8]."}, "234": {"llama8b": "[2, 3, 7, 8], [2, 3, 7, 8]."}, "235": {"llama8b": "The maximum common subgraph is [2, 3, 4, 7], [2, 3, 4, 7]."}, "236": {"llama8b": "[4, 5, 6, 7], [4, 5, 6, 7]"}, "237": {"llama8b": "The maximum common subgraph is: [0, 1, 2, 3, 4, 7], [0, 1, 2, 3, 4, 7]."}, "238": {"llama8b": "The maximum common subgraph is: [0, 1, 3, 4, 7, 8], [0, 1, 3, 4, 7, 8]."}, "239": {"llama8b": "[1, 2, 3, 6, 8], [1, 2, 3, 6, 8]."}, "240": {"llama8b": "[0, 1, 2, 3, 9, 10], [0, 1, 2, 3, 9, 10]."}, "241": {"llama8b": "The maximum common subgraph is: [2, 3, 4, 7, 10, 11, 12, 13, 14], [2, 3, 4, 10, 11, 12, 13, 14, 15]."}, "242": {"llama8b": "[1, 2, 4, 6, 7, 8], [0, 1, 4, 6, 7, 8]"}, "243": {"llama8b": "[2, 3, 7], [2, 3, 7]"}, "244": {"llama8b": "The maximum common subgraph is: [0, 1, 2, 4, 6, 9], [0, 1, 2, 4, 6, 9]."}, "245": {"llama8b": "[1, 2, 3, 7], [1, 2, 3, 7]"}, "246": {"llama8b": "[1, 2, 3, 4, 5, 9, 10, 11], [1, 2, 3, 4, 9, 10, 11, 12, 13]."}, "247": {"llama8b": "[2, 3, 6, 7], [2, 3, 6, 7]"}, "248": {"llama8b": "The maximum common subgraph is: [2, 3, 5, 6], [2, 3, 5, 6]."}, "249": {"llama8b": "[1, 2, 7, 8, 9, 10, 11], [1, 2, 7, 8, 9, 10, 12]"}, "250": {"llama8b": "After analyzing the given molecules, I found the maximum common subgraph to be: [0, 1, 5, 6], [0, 1, 5, 6]."}, "251": {"llama8b": "The maximum common subgraph is: [2, 1, 0, 5], [0, 1, 2]."}, "252": {"llama8b": "The maximum common subgraph is: [0, 1, 2, 3], [0, 1, 2, 3]."}, "253": {"llama8b": "The maximum common subgraph is: [0, 1, 2, 3, 4, 5, 6, 7, 9, 10, 11], [0, 1, 2, 3, 4, 5, 6, 7, 9, 10, 11]."}, "254": {"llama8b": "[1, 2, 3], [2, 3]"}, "255": {"llama8b": "[1, 2, 3], [1, 2, 3]"}, "256": {"llama8b": "The maximum common subgraph is: [0, 1, 2, 3], [0, 1, 2, 3]."}, "257": {"llama8b": "[1, 2, 3, 4, 5, 6, 7, 8, 9, 10], [0, 1, 2, 3, 4, 5, 6, 7, 8, 9, 10, 11]"}, "258": {"llama8b": "After analyzing the given molecules, I found that the maximum common subgraph consists of the following atoms:\n\n[0, 1, 2, 3, 4, 5, 6, 8, 9, 10], [0, 1, 2, 3, 4, 5, 6, 8, 9, 10].\n\nThis common subgraph shares 10 atoms between the two molecules."}, "259": {"llama8b": "The maximum common subgraph is: [1, 2, 3, 4, 7, 8, 9], [1, 2, 3, 7, 8, 9]."}, "260": {"llama8b": "The maximum common subgraph is: [1, 2, 4, 5], [1, 2, 4, 5]."}, "261": {"llama8b": "After analyzing the given molecules, I found that the maximum common subgraph consists of 6 atoms. Here are the indices of the atoms in the common subgraph for each molecule:\n\n[3, 4, 5, 6, 8, 9], [3, 4, 5, 6, 8, 9]\n\nThis common subgraph is a subgraph of 6 atoms in both molecules, with the following bonds:\n\nMolecule A: 3-4, 4-5, 5-6, 6-8, 8-9, 9-10\nMolecule B: 3-4, 4-5, 5-6, 6-7, 7-8, 8-9"}, "262": {"llama8b": "The maximum common subgraph is: [0, 1, 2, 3, 4, 5, 8, 9], [0, 1, 2, 3, 4, 7, 8, 9]."}, "263": {"llama8b": "[1, 2, 4, 5, 6], [0, 1, 4, 5, 6]."}, "264": {"llama8b": "[1, 2, 7, 8], [1, 2, 7, 8]."}, "265": {"llama8b": "The maximum common subgraph is: [0, 1, 2, 3, 7], [0, 1, 2, 3, 7]."}, "266": {"llama8b": "After analyzing the given molecules, I found that the maximum common subgraph consists of the following atoms:\n\n[1, 2, 3, 4, 9, 10], [1, 2, 3, 4, 9, 10].\n\nThis common subgraph shares 6 atoms between the two molecules."}, "267": {"llama8b": "[1, 2, 3, 4, 5, 6, 7, 8], [0, 1, 2, 3, 4, 5, 6, 7, 8]"}, "268": {"llama8b": "The maximum common subgraph is: [0, 1, 2, 3], [0, 1, 2, 3]."}, "269": {"llama8b": "[1, 2, 8], [1, 8]"}, "270": {"llama8b": "[1, 2, 3, 4, 5, 9], [1, 2, 3, 4, 5, 9]."}, "271": {"llama8b": "[0, 1, 2, 3, 4, 5, 6, 7, 8, 9, 10, 11, 12, 13, 14], [0, 1, 2, 3, 4, 5, 6, 7, 8, 9, 10, 11, 12, 13, 14]"}, "272": {"llama8b": "After analyzing the given molecules, I found that the maximum common subgraph consists of the following atoms:\n\n[0, 1, 2, 4, 7, 8], [0, 1, 2, 4, 7, 8]\n\nThis common subgraph has 6 atoms in common between the two molecules."}, "273": {"llama8b": "After analyzing the given molecules, I found that the maximum common subgraph consists of the following atoms:\n\n[0, 1, 2, 5, 7, 8], [0, 1, 2, 5, 7, 8].\n\nThis common subgraph has 6 atoms in both molecules."}, "274": {"llama8b": "[1, 2, 3, 4, 5, 6, 7, 8], [1, 2, 3, 4, 5, 6, 7, 8]"}, "275": {"llama8b": "The maximum common subgraph is: [0, 1, 2, 3], [0, 1, 2, 3]."}, "276": {"llama8b": "After analyzing the given molecules, I found the maximum common subgraph to be: [1, 2, 3, 4, 5, 6, 7, 8, 9], [1, 2, 3, 4, 5, 6, 7, 8, 9]."}, "277": {"llama8b": "The maximum common subgraph is: [0, 1, 2, 5, 6], [0, 1, 2, 4, 5]."}, "278": {"llama8b": "The maximum common subgraph is: [0, 1, 4, 5, 6, 7, 8, 9], [0, 1, 3, 4, 5, 6, 7, 8, 9]."}, "279": {"llama8b": "After analyzing the given molecules, I found that the maximum common subgraph consists of the following atoms:\n\n[2, 3, 5, 7, 8, 9], [2, 3, 4, 6, 7, 8]\n\nThis common subgraph has 6 atoms shared between the two molecules."}, "280": {"llama8b": "The maximum common subgraph is: [1, 2, 6], [1, 2, 5]."}, "281": {"llama8b": "After analyzing the given molecules, I found that the maximum common subgraph consists of 4 atoms with the following bonds:\n0-1, 1-2, 2-3, 3-4.\n\nThe indices of the atoms in the common subgraph for each molecule are:\n[0, 1, 2, 3], [0, 1, 2, 3]."}, "282": {"llama8b": "The maximum common subgraph is [0, 1, 2, 3, 4, 5, 6, 7, 8, 9, 10, 11, 12], [0, 1, 2, 3, 4, 5, 6, 7, 8, 9, 10, 11, 12]."}, "283": {"llama8b": "After analyzing the given molecules, I found that the maximum common subgraph consists of the following atoms:\n\n[0, 1, 2, 3, 4, 5], [0, 1, 2, 3, 4, 5].\n\nThis common subgraph shares 6 atoms between the two molecules."}, "284": {"llama8b": "After analyzing the given molecules, I found that the maximum common subgraph consists of the following atoms:\n\n[0, 1, 2, 5, 6, 7, 8, 9, 10], [0, 1, 2, 4, 5, 6, 7, 8, 9]."}, "285": {"llama8b": "The maximum common subgraph is: [0, 1, 2, 3, 4, 7, 8], [0, 1, 2, 3, 4, 7, 8]."}, "286": {"llama8b": "[1, 2, 3, 4, 5], [1, 2, 3, 4, 5]."}, "287": {"llama8b": "The maximum common subgraph is: [2, 3, 4, 5, 8], [2, 3, 4, 5, 8]."}, "288": {"llama8b": "[1, 2, 3], [1, 2, 3]"}, "289": {"llama8b": "[0, 1, 2, 3], [0, 1, 2, 3]."}, "290": {"llama8b": "[1, 2, 3, 4, 5], [1, 2, 3, 4, 5]."}, "291": {"llama8b": "After analyzing the given molecules, I found that the maximum common subgraph consists of the following atoms:\n\n[0, 1, 2, 3, 4, 5, 6, 7, 8, 9, 10, 11, 12, 13], [0, 1, 2, 3, 4, 5, 6, 7, 8, 9, 10, 11, 12, 13]\n\nThis common subgraph contains 14 atoms in both molecules, which is the maximum number of atoms shared between the two molecules."}, "292": {"llama8b": "The maximum common subgraph is [0, 1, 2, 3], [0, 1, 2, 3]."}, "293": {"llama8b": "[1, 2, 3, 4, 8, 9, 10, 11, 12], [1, 2, 3, 4, 8, 9, 10, 11, 12]."}, "294": {"llama8b": "[2, 3, 4, 7], [2, 3, 4, 7]"}, "295": {"llama8b": "The maximum common subgraph is: [2, 3, 4, 5], [2, 3, 4, 5]."}, "296": {"llama8b": "The maximum common subgraph is: [0, 1, 2, 3, 4, 5, 6, 7, 8, 9], [0, 1, 2, 3, 4, 5, 6, 7, 8, 9]."}, "297": {"llama8b": "The maximum common subgraph is: [0, 1, 2, 3, 4, 5, 6, 7, 8, 9, 10, 11], [0, 1, 2, 3, 4, 5, 6, 7, 8, 9, 10, 11]."}, "298": {"llama8b": "[1, 2, 3, 7, 8, 9], [0, 1, 2, 7, 8, 9]."}, "299": {"llama8b": "The maximum common subgraph is: [2, 3, 4, 5, 6, 7, 8], [2, 3, 4, 5, 6, 7, 8, 9]."}, "300": {"llama8b": "The maximum common subgraph is: [2, 3, 4, 8, 9], [2, 3, 4, 8, 9]."}, "301": {"llama8b": "After analyzing the given molecules, I found that the maximum common subgraph consists of 5 atoms. The indices of the atoms in the common subgraph for each molecule are:\n\n[2, 3, 4, 5, 9], [2, 3, 4, 5, 9]."}, "302": {"llama8b": "After analyzing the given molecules, I found that the maximum common subgraph consists of the following atoms:\n\n[0, 1, 2, 3, 4, 5, 8, 9], [0, 1, 2, 3, 4, 5, 8, 9].\n\nThis common subgraph shares 8 atoms between the two molecules."}, "303": {"llama8b": "[1, 2, 8, 9], [1, 2, 8, 9]"}, "304": {"llama8b": "[1, 2, 3, 7], [1, 2, 3, 8]."}, "305": {"llama8b": "After analyzing the given molecules, I found that the maximum common subgraph consists of the following atoms:\n\n[1, 2, 3, 4, 6, 7, 8, 9, 10, 11], [0, 1, 2, 3, 5, 6, 7, 8, 9, 11]\n\nThis common subgraph has 10 atoms in molecule A and 10 atoms in molecule B."}, "306": {"llama8b": "[2, 3, 4, 5, 6], [2, 3, 4, 5, 6]."}, "307": {"llama8b": "[1, 2, 3, 4], [1, 2, 3, 4]"}, "308": {"llama8b": "After analyzing the given molecules, I found that the maximum common subgraph consists of the following atoms:\n\n[0, 1, 2, 4, 7, 8, 10, 11, 12], [0, 1, 2, 4, 7, 8, 10, 11, 12]."}, "309": {"llama8b": "[1, 2, 3, 4], [1, 2, 3, 4]"}, "310": {"llama8b": "[1, 2, 4, 5, 8], [1, 2, 4, 8, 11]"}, "311": {"llama8b": "After analyzing the given molecules, I found that the maximum common subgraph consists of the following atoms:\n\n[1, 2, 4, 5, 6, 7, 8, 9], [1, 2, 4, 5, 6, 7, 8, 9]."}, "312": {"llama8b": "The maximum common subgraph is: [0, 1, 2, 3], [0, 1, 2, 3]."}, "313": {"llama8b": "The maximum common subgraph is: [0, 1, 2, 3, 4, 5, 6, 7, 8], [0, 1, 2, 3, 4, 5, 6, 7, 8]."}, "314": {"llama8b": "[1, 2, 3, 4, 5], [1, 2, 3, 4, 5]."}, "315": {"llama8b": "[1, 2, 3, 4, 8], [1, 2, 3, 4, 8]"}, "316": {"llama8b": "The maximum common subgraph is: [0, 1, 2, 4, 5, 7, 8, 11], [0, 1, 2, 4, 5, 7, 8, 11]."}, "317": {"llama8b": "The maximum common subgraph is [0, 1, 2, 3, 4, 5, 6, 7, 8], [0, 1, 2, 3, 4, 5, 6, 7, 8]."}, "318": {"llama8b": "The maximum common subgraph is: [2, 1, 0, 3, 5, 6, 7, 8, 9], [1, 2, 0, 3, 5, 6, 7, 8, 9]."}, "319": {"llama8b": "The maximum common subgraph is: [2, 3, 4, 5, 6, 7, 8], [0, 1, 2, 3, 4, 5, 6]."}, "320": {"llama8b": "The maximum common subgraph is: [0, 1, 2, 3, 4, 5, 8, 9], [0, 1, 2, 3, 4, 5, 8, 9]."}, "321": {"llama8b": "The maximum common subgraph is [0, 1, 2, 3, 4], [0, 1, 2, 3, 4]."}, "322": {"llama8b": "[1, 2, 3, 5, 6, 7, 8, 9, 10, 11], [1, 2, 3, 5, 6, 7, 8, 9, 10, 11]."}, "323": {"llama8b": "The maximum common subgraph is: [0, 1, 2, 3], [0, 1, 2, 3]."}, "324": {"llama8b": "[1, 2, 7, 8], [1, 2, 7, 8]"}, "325": {"llama8b": "The maximum common subgraph is [0, 1, 2, 3, 4, 8, 9], [0, 1, 2, 3, 4, 8, 9]."}, "326": {"llama8b": "[1, 2, 3], [1, 2, 3]."}, "327": {"llama8b": "After analyzing the given molecules, I found that the maximum common subgraph consists of the following atoms:\n\n[0, 1, 2, 3], [0, 1, 2, 3]\n\nThis common subgraph has 4 atoms in both molecules, which is the maximum number of atoms shared between the two molecules."}, "328": {"llama8b": "[1, 2, 3, 7], [1, 2, 3, 7]"}, "329": {"llama8b": "[1, 2, 3, 4], [1, 2, 3, 4]."}, "330": {"llama8b": "The maximum common subgraph is: [0, 1, 2, 3, 5, 6, 7, 8, 9], [0, 1, 2, 3, 4, 6, 7, 8, 9, 10, 11, 12]."}, "331": {"llama8b": "[1, 2, 3, 4, 5, 10, 11], [1, 2, 3, 4, 5, 10, 11]."}, "332": {"llama8b": "The maximum common subgraph is: [1, 2, 3, 4, 5, 6], [2, 3, 4, 5, 6, 8]."}, "333": {"llama8b": "The maximum common subgraph is: [1, 2, 3, 4, 5, 8, 9, 10, 11, 12, 13], [1, 2, 3, 4, 5, 8, 9, 10, 11, 12, 13]."}, "334": {"llama8b": "The maximum common subgraph is: [0, 1, 2, 3, 6, 8], [0, 1, 2, 3, 6, 8]."}, "335": {"llama8b": "The maximum common subgraph is: [0, 1, 2, 3, 4, 6, 7, 8, 9], [0, 1, 2, 3, 4, 6, 7, 8, 9]."}, "336": {"llama8b": "The maximum common subgraph is: [1, 2, 3, 4, 5, 6], [0, 1, 2, 3, 4, 5]."}, "337": {"llama8b": "[1, 2, 3, 5, 6, 8], [1, 2, 3, 5, 6, 7]."}, "338": {"llama8b": "[1, 2, 3, 5, 6, 7], [1, 2, 3, 5, 6, 7]."}, "339": {"llama8b": "The maximum common subgraph is: [1, 2, 5, 6, 9], [1, 2, 4, 5, 9]."}, "340": {"llama8b": "[1, 7, 8], [1, 2, 7]"}, "341": {"llama8b": "[4, 5, 6, 7], [3, 4, 5, 6]."}, "342": {"llama8b": "The maximum common subgraph is: [0, 1, 2, 3, 8, 11], [0, 1, 2, 3, 8, 11]."}, "343": {"llama8b": "After analyzing the given molecules, I found that the maximum common subgraph consists of the following atoms:\n\n[0, 1, 2, 5, 6], [0, 1, 2, 5, 6].\n\nThis common subgraph shares 5 atoms between the two molecules."}, "344": {"llama8b": "[0, 1, 2, 7], [0, 1, 2, 7]"}, "345": {"llama8b": "After analyzing the given molecules, I found that the maximum common subgraph consists of the following atoms:\n\n[0, 1, 6, 7], [0, 1, 6, 7]\n\nThis common subgraph has 4 atoms in molecule A and 4 atoms in molecule B, which is the maximum number of atoms that can be shared between the two molecules."}, "346": {"llama8b": "[1, 2, 8, 9, 10, 12], [1, 2, 8, 9, 10, 12]."}, "347": {"llama8b": "[2, 3, 8], [2, 3, 8]"}, "348": {"llama8b": "[1, 2, 3, 4, 5, 6], [0, 1, 2, 3, 4, 5]"}, "349": {"llama8b": "The maximum common subgraph is: [0, 1, 2, 3, 5, 6, 7, 8, 9], [0, 1, 2, 3, 5, 6, 7, 9, 10]."}, "350": {"llama8b": "[1, 2, 9], [1, 2, 7]"}, "351": {"llama8b": "The maximum common subgraph is: [1, 2, 3, 4], [1, 2, 3, 4]."}, "352": {"llama8b": "After analyzing the given molecules, I found the maximum common subgraph to be: [0, 1, 2, 5, 6, 7, 9, 10, 11, 12, 16, 17], [0, 1, 2, 5, 6, 7, 9, 10, 11, 12, 15, 16]."}, "353": {"llama8b": "[1, 2, 3, 4, 5, 6, 7, 8, 9, 10], [0, 1, 2, 3, 4, 5, 6, 7, 8, 9]."}, "354": {"llama8b": "[1, 2, 3, 4], [1, 2, 3, 4]"}, "355": {"llama8b": "[1, 2, 3], [2, 3]"}, "356": {"llama8b": "After analyzing the given molecules, I found that the maximum common subgraph consists of the following atoms:\n\n[0, 1, 2, 3, 4], [0, 1, 2, 3, 4]\n\nThis common subgraph shares 5 atoms between the two molecules."}, "357": {"llama8b": "After analyzing the given molecules, I found that the maximum common subgraph consists of the following atoms:\n\n[1, 2, 5], [1, 2, 5]\n\nThis common subgraph has 3 atoms in common between the two molecules."}, "358": {"llama8b": "[1, 2, 3, 4], [1, 2, 3, 4]"}, "359": {"llama8b": "[1, 2, 3, 4], [1, 2, 3, 4]."}, "360": {"llama8b": "The maximum common subgraph is: [1, 2, 5, 6], [1, 2, 5, 6]."}, "361": {"llama8b": "After analyzing the given molecules, I found that the maximum common subgraph consists of the following atoms:\n\n[0, 1, 2, 3, 4, 5, 8, 9], [0, 1, 2, 3, 4, 5, 8, 9].\n\nThis common subgraph shares 8 atoms between the two molecules."}, "362": {"llama8b": "[1, 2, 5, 4, 9], [1, 2, 5, 4, 9]."}, "363": {"llama8b": "The maximum common subgraph is: [0, 1, 2, 3, 4, 5, 6, 7, 8, 9], [0, 1, 2, 3, 4, 5, 6, 7, 8, 9]."}, "364": {"llama8b": "The maximum common subgraph is: [0, 1, 2, 3, 6, 7, 8, 9, 12, 13], [0, 1, 2, 4, 5, 6, 7, 8, 9, 12, 13]."}, "365": {"llama8b": "The maximum common subgraph is: [0, 1, 2, 3, 6, 7, 8], [0, 1, 2, 3, 6, 7, 8]."}, "366": {"llama8b": "[1, 2, 6], [1, 6]"}, "367": {"llama8b": "[1, 2, 8], [1, 2, 8]."}, "368": {"llama8b": "After analyzing the given molecules, I found that the maximum common subgraph consists of the following atoms:\n\n[0, 1, 2, 3], [0, 1, 2, 3]\n\nThis common subgraph has 4 atoms in both molecules, which is the maximum number of atoms shared between the two molecules."}, "369": {"llama8b": "[1, 2, 3, 4, 5, 6, 7, 8, 9], [0, 1, 2, 3, 4, 5, 6, 7, 8, 9, 10]"}, "370": {"llama8b": "[1, 2, 3, 4, 5, 6, 7, 8], [0, 1, 2, 3, 4, 5, 6, 7, 8]."}, "371": {"llama8b": "The maximum common subgraph is: [0, 1, 2, 3, 4, 7, 10, 11, 12, 13], [0, 1, 2, 3, 4, 7, 10, 11, 12, 13]."}, "372": {"llama8b": "After analyzing the given molecules, I found that the maximum common subgraph consists of the following atoms:\n\n[0, 1, 2, 3, 4], [0, 1, 2, 3, 4]\n\nThis common subgraph has 5 atoms in both molecules, which is the maximum number of atoms shared between the two molecules."}, "373": {"llama8b": "After analyzing the given molecules, I found that the maximum common subgraph consists of the following atoms:\n\n[0, 1, 2, 3, 4], [0, 1, 2, 3, 4]\n\nThis common subgraph shares 5 atoms between the two molecules."}, "374": {"llama8b": "The common subgraph with the maximum number of atoms shared between the two molecules is: [0, 1, 2, 3, 4, 7], [0, 1, 2, 3, 4, 7]."}, "375": {"llama8b": "After analyzing the given molecules, I found the maximum common subgraph to be: [0, 1, 5, 6, 7, 8], [0, 1, 5, 6, 7, 8]."}, "376": {"llama8b": "[1, 2, 9], [1, 2, 7]."}, "377": {"llama8b": "The maximum common subgraph is: [0, 1, 2, 3, 4, 9, 10], [0, 1, 2, 3, 4, 9, 10]."}, "378": {"llama8b": "[1, 2, 3, 7], [1, 2, 3, 8]"}, "379": {"llama8b": "[1, 2, 3, 4, 5, 6], [1, 2, 3, 4, 5, 6]."}, "380": {"llama8b": "[1, 2, 3], [2, 3, 4]"}, "381": {"llama8b": "The maximum common subgraph is: [0, 1, 2, 3, 4, 5, 6, 7, 8, 9], [0, 1, 2, 3, 4, 5, 6, 7, 8, 9]."}, "382": {"llama8b": "[1, 2, 5, 6, 7, 8], [1, 2, 5, 6, 7, 8]."}, "383": {"llama8b": "After analyzing the given molecules, I found that the maximum common subgraph consists of the following atoms:\n\n[0, 1, 2, 3, 5, 6], [0, 1, 2, 3, 5, 6]\n\nThis common subgraph has 6 atoms in common between the two molecules."}, "384": {"llama8b": "After analyzing the given molecules, I found that the maximum common subgraph consists of the following atoms:\n\n[0, 1, 2, 3], [0, 1, 2, 3]\n\nThis common subgraph has 4 atoms in common between the two molecules."}, "385": {"llama8b": "The maximum common subgraph is: [0, 1, 2, 3, 4, 5, 6, 7, 8], [0, 1, 2, 3, 4, 5, 6, 7, 8]."}, "386": {"llama8b": "[1, 2, 7], [1, 2, 6]"}, "387": {"llama8b": "After analyzing the given molecules, I found the maximum common subgraph to be: [2, 4, 8, 9], [2, 3, 8, 9]."}, "388": {"llama8b": "The maximum common subgraph is: [2, 3, 1], [1, 2, 3]."}, "389": {"llama8b": "After analyzing the given molecules, I found that the maximum common subgraph consists of 4 atoms with the following bonds:\n0-1, 1-2, 1-3, 2-3.\n\nThe indices of the atoms in the common subgraph for each molecule are:\n[0, 1, 2, 3], [0, 1, 2, 3]."}, "390": {"llama8b": "[1, 2, 3, 4], [1, 2, 3, 4]"}, "391": {"llama8b": "After analyzing the given molecules, I found that the maximum common subgraph consists of the following atoms:\n\n[0, 1, 2, 3, 6], [0, 1, 2, 3, 6]\n\nThis common subgraph shares 5 atoms between the two molecules."}, "392": {"llama8b": "[0, 1, 2, 3, 4, 5, 6, 8, 9, 11, 12, 13], [0, 1, 2, 3, 4, 5, 6, 8, 9, 11, 12, 13]."}, "393": {"llama8b": "[2, 3, 4, 5, 6, 7], [2, 3, 4, 5, 6, 7]."}, "394": {"llama8b": "The maximum common subgraph is: [0, 1, 2, 3, 4, 5, 6, 7, 8, 9], [0, 1, 2, 3, 4, 5, 6, 7, 8, 9]."}, "395": {"llama8b": "The maximum common subgraph is: [2, 3, 7, 10], [2, 3, 7, 10]."}, "396": {"llama8b": "The maximum common subgraph is: [0, 1, 2, 3], [0, 1, 2, 3]."}, "397": {"llama8b": "[1, 2, 4, 5, 9], [1, 2, 4, 5, 9]."}, "398": {"llama8b": "The maximum common subgraph is: [0, 1, 2, 3, 4, 7, 8, 9, 10], [0, 1, 2, 3, 4, 7, 8, 9, 10, 11, 12]."}, "399": {"llama8b": "[1, 2, 3, 7, 8, 9], [1, 2, 3, 8, 9]"}, "400": {"llama8b": "The maximum common subgraph is: [1, 2, 3, 4, 5, 6], [1, 2, 3, 4, 5, 6]."}, "401": {"llama8b": "The maximum common subgraph is: [2, 3, 4, 5], [2, 3, 4, 5]."}, "402": {"llama8b": "After analyzing the given molecules, I found that the maximum common subgraph consists of the following atoms:\n\n[0, 1, 2, 3, 5, 6, 7, 8], [0, 1, 2, 3, 5, 6, 7, 8].\n\nThis common subgraph has 8 atoms in common between the two molecules."}, "403": {"llama8b": "[1, 2, 3, 4], [1, 2, 3, 4]"}, "404": {"llama8b": "[1, 2, 3], [1, 2, 3]."}, "405": {"llama8b": "The maximum common subgraph is: [0, 1, 2, 3, 4, 5, 6], [0, 1, 2, 3, 4, 6, 9]."}, "406": {"llama8b": "[1, 2, 3, 4, 5, 6, 7, 8], [0, 1, 2, 3, 4, 5, 6, 7, 8, 9, 10, 11, 12, 13, 14, 15, 16, 17, 18]."}, "407": {"llama8b": "The maximum common subgraph is: [0, 1, 2, 3, 6, 7, 8, 9, 10, 11], [0, 1, 2, 3, 6, 7, 8, 9, 10, 11]."}, "408": {"llama8b": "After analyzing the given molecules, I found that the maximum common subgraph consists of the following atoms:\n\n[0, 1, 2, 6, 7, 9], [0, 1, 2, 6, 7, 9].\n\nThis common subgraph has 6 atoms in common between the two molecules."}, "409": {"llama8b": "[2, 3, 5, 6], [2, 3, 5, 6]."}, "410": {"llama8b": "The maximum common subgraph is: [0, 1, 2, 3, 4, 5, 7, 8, 9, 10, 11, 12], [0, 1, 2, 3, 4, 5, 7, 8, 9, 10, 11, 12]."}, "411": {"llama8b": "[0, 1, 2, 3, 4], [0, 1, 2, 3, 4]."}, "412": {"llama8b": "[1, 2, 3, 4, 5, 7, 10, 11, 12, 14, 15], [1, 2, 3, 4, 5, 7, 10, 11, 12, 14, 15]."}, "413": {"llama8b": "The maximum common subgraph is: [0, 1, 2, 3, 4], [0, 1, 2, 3, 4]."}, "414": {"llama8b": "[1, 2, 3, 4, 5, 6], [1, 2, 3, 4, 5, 6]"}, "415": {"llama8b": "The maximum common subgraph is: [0, 1, 2, 3], [0, 1, 2, 3]."}, "416": {"llama8b": "[1, 2, 3, 4, 6, 7], [1, 2, 3, 4, 6, 7]."}, "417": {"llama8b": "[0, 1, 2, 3, 6, 7, 8, 11, 12], [0, 1, 2, 3, 6, 7, 8, 11, 12, 13]."}, "418": {"llama8b": "The maximum common subgraph is: [0, 1, 2, 5, 6, 11], [0, 1, 2, 5, 6, 11]."}, "419": {"llama8b": "[1, 2, 3, 4, 5, 6, 7, 8, 9, 10], [1, 2, 3, 4, 5, 6, 7, 8, 9, 10]."}, "420": {"llama8b": "The maximum common subgraph is: [0, 1, 2, 3, 4, 5, 6], [0, 1, 2, 3, 4, 5, 6]."}, "421": {"llama8b": "The maximum common subgraph is [0, 1, 2, 3, 4, 5, 6], [0, 1, 2, 3, 4, 5, 6]."}, "422": {"llama8b": "After analyzing the given molecules, I found that the maximum common subgraph consists of the following atoms:\n\n[0, 1, 2, 3, 4, 6, 7, 8, 9, 11, 12, 13], [0, 1, 2, 3, 4, 6, 7, 8, 9, 11, 12, 13]."}, "423": {"llama8b": "The maximum common subgraph is: [0, 1, 2, 5, 6, 7, 8, 9], [0, 1, 2, 5, 6, 7, 8, 9]."}, "424": {"llama8b": "The maximum common subgraph is: [0, 1, 2, 3, 8], [0, 1, 2, 3, 8]."}, "425": {"llama8b": "[1, 2, 3, 4, 5, 6, 7, 8, 9, 10], [0, 1, 2, 3, 4, 5, 6, 7, 8, 9, 10, 11]."}, "426": {"llama8b": "The maximum common subgraph is: [0, 1, 2, 3, 4, 7, 8], [0, 1, 2, 3, 4, 6, 7]."}, "427": {"llama8b": "[1, 2, 3], [2, 3]"}, "428": {"llama8b": "After analyzing the given molecules, I found that the maximum common subgraph consists of the following atoms:\n\n[0, 1, 2, 3, 8, 9, 10, 11, 12], [0, 1, 2, 3, 8, 9, 10, 11, 12].\n\nThis common subgraph shares 9 atoms between the two molecules."}, "429": {"llama8b": "[1, 2, 3, 4, 5, 6, 7], [0, 1, 2, 3, 4, 5, 6]"}, "430": {"llama8b": "[1, 2, 3, 6], [1, 2, 5, 6]"}, "431": {"llama8b": "The maximum common subgraph is: [1, 2, 3, 4, 5], [1, 2, 3, 4, 5]."}, "432": {"llama8b": "[1, 2, 3], [1, 2, 3]"}, "433": {"llama8b": "[1, 2, 3, 4, 5, 6, 7, 8, 9, 10, 11], [0, 1, 2, 3, 4, 5, 6, 7, 8, 9, 10, 11]"}, "434": {"llama8b": "[1, 2, 3, 6], [1, 2, 3, 6]"}, "435": {"llama8b": "[1, 2, 4, 5, 6], [1, 2, 4, 5, 6]."}, "436": {"llama8b": "[2, 3, 7], [2, 3, 7]."}, "437": {"llama8b": "The maximum common subgraph is: [0, 1, 2, 3, 4], [0, 1, 2, 3, 4]."}, "438": {"llama8b": "[1, 2, 3, 4], [1, 2, 3, 4]"}, "439": {"llama8b": "[1, 2, 3, 8], [1, 2, 3, 8]"}, "440": {"llama8b": "After analyzing the given molecules, I found that the maximum common subgraph consists of the following atoms:\n\n[0, 1, 2, 3, 4, 5, 6, 9, 10], [0, 1, 2, 3, 4, 9, 10]\n\nThis common subgraph has 9 atoms in common between the two molecules."}, "441": {"llama8b": "[1, 2, 4, 5, 6, 7, 8, 9], [1, 2, 4, 5, 6, 7, 8, 9]"}, "442": {"llama8b": "The maximum common subgraph is: [0, 1, 2, 3, 4, 5, 6, 7, 8, 9, 10], [0, 1, 2, 3, 4, 5, 6, 7, 8, 9, 10]."}, "443": {"llama8b": "[1, 2, 3, 4], [1, 2, 3, 4]\n\nThe common subgraph is the subgraph of atoms 1, 2, 3, and 4 in both molecules."}, "444": {"llama8b": "After analyzing the given molecules, I found that the maximum common subgraph consists of the following atoms:\n\n[0, 1, 2, 7, 8, 9], [0, 1, 2, 9, 10, 11, 12, 13, 14]."}, "445": {"llama8b": "The maximum common subgraph is: [1, 2, 4, 5, 7, 8], [1, 2, 4, 5, 7, 8]."}, "446": {"llama8b": "The maximum common subgraph is: [0, 1, 2, 3, 5, 6, 8, 9, 10, 11, 12, 13], [0, 1, 2, 3, 4, 5, 6, 8, 9, 10, 11, 12, 13]."}, "447": {"llama8b": "[2, 3, 5, 6], [2, 3, 4, 5]."}, "448": {"llama8b": "After analyzing the given molecules, I found that the maximum common subgraph consists of the following atoms:\n\n[1, 2, 3, 5, 6, 7, 8], [1, 2, 4, 5, 6, 7, 8]\n\nThis common subgraph has 7 atoms in common between the two molecules."}, "449": {"llama8b": "[1, 2, 3, 4, 5, 6], [1, 2, 3, 4, 5, 6]."}, "450": {"llama8b": "[1, 2, 3, 6, 7], [1, 2, 3, 6, 7]."}, "451": {"llama8b": "After analyzing the given molecules, I found that the maximum common subgraph consists of the following atoms:\n\n[0, 1, 2], [0, 1, 2]\n\nThis common subgraph has 3 atoms in common between the two molecules."}, "452": {"llama8b": "[1, 2, 3, 4, 5, 6], [0, 1, 2, 3, 4, 5, 6]"}, "453": {"llama8b": "The maximum common subgraph is: [0, 1, 2, 3, 7], [0, 1, 2, 3, 7]."}, "454": {"llama8b": "After analyzing the given molecules, I found that the maximum common subgraph consists of the following atoms:\n\n[0, 1, 2, 3], [0, 1, 2, 3]\n\nThis common subgraph shares 4 atoms between the two molecules."}, "455": {"llama8b": "The maximum common subgraph is: [0, 1, 2, 3, 4], [0, 1, 2, 3, 4]."}, "456": {"llama8b": "After analyzing the given molecules, I found the maximum common subgraph to be: [0, 1, 2, 3, 6, 7, 8], [0, 1, 2, 3, 6, 7, 8]."}, "457": {"llama8b": "After analyzing the given molecules, I found that the maximum common subgraph consists of the following atoms:\n\n[0, 1, 2, 3], [0, 1, 2, 3]\n\nThis common subgraph has 4 atoms in both molecules, which is the maximum number of atoms shared between the two molecules."}, "458": {"llama8b": "[1, 2, 3], [2, 3, 4]"}, "459": {"llama8b": "The maximum common subgraph is: [2, 3, 4], [2, 3, 4]."}, "460": {"llama8b": "The maximum common subgraph is: [0, 1, 2, 3, 4, 5, 8, 9, 10], [0, 1, 2, 3, 4, 5, 8, 9, 10]."}, "461": {"llama8b": "The maximum common subgraph is: [0, 1, 2, 3], [0, 1, 2, 3]."}, "462": {"llama8b": "The maximum common subgraph is: [3, 2, 1], [2, 3, 1]."}, "463": {"llama8b": "[4, 5, 8, 9], [4, 5, 8, 9]."}, "464": {"llama8b": "[1, 2, 3, 4, 7, 8, 9], [1, 2, 3, 4, 7, 8, 9]"}, "465": {"llama8b": "The maximum common subgraph is: [0, 1, 2, 3, 4, 5, 8], [0, 1, 2, 3, 4, 6, 8]."}, "466": {"llama8b": "After analyzing the given molecules, I found that the maximum common subgraph consists of the following atoms:\n\n[0, 1, 2, 3, 4], [0, 1, 2, 3, 4]\n\nThis common subgraph has 5 atoms in both molecules."}, "467": {"llama8b": "[1, 2, 3, 7, 8, 9], [1, 2, 3, 8, 9, 11]"}, "468": {"llama8b": "After analyzing the given molecules, I found that the maximum common subgraph consists of the following atoms:\n\n[0, 1, 2, 3], [0, 1, 2, 3]\n\nThis common subgraph has 4 atoms in both molecules, which is the maximum number of atoms shared between the two molecules."}, "469": {"llama8b": "[1, 2, 3, 4, 5, 6, 7, 8], [0, 1, 2, 3, 4, 5, 6, 7, 8, 9]."}, "470": {"llama8b": "The maximum common subgraph is: [2, 3, 4, 5, 6, 7, 8], [2, 3, 4, 5, 6, 7, 8]."}, "471": {"llama8b": "After analyzing the given molecules, I found that the maximum common subgraph consists of the following atoms:\n\n[0, 1, 2, 3, 4, 5, 6, 7, 8, 9, 10], [0, 1, 2, 3, 4, 5, 6, 7, 8, 9, 10, 11]\n\nThis common subgraph has 11 atoms in common between the two molecules."}, "472": {"llama8b": "[1, 2, 3, 4, 5], [1, 2, 3, 4, 5]."}, "473": {"llama8b": "After analyzing the given molecules, I found that the maximum common subgraph consists of the following atoms:\n\n[0, 1, 2], [0, 1, 2]\n\nThis common subgraph has 3 atoms in both molecules."}, "474": {"llama8b": "The maximum common subgraph is: [0, 1, 2, 5, 6], [0, 1, 2, 5, 6]."}, "475": {"llama8b": "The maximum common subgraph is: [0, 1, 2, 3, 4, 5, 6, 7, 8, 9], [0, 1, 2, 3, 4, 5, 6, 7, 8, 9]."}, "476": {"llama8b": "After analyzing the given molecules, I found that the maximum common subgraph consists of the following atoms:\n\n[1, 2, 4, 5, 6], [1, 2, 4, 5, 6]\n\nThis common subgraph shares 5 atoms between the two molecules."}, "477": {"llama8b": "The maximum common subgraph is: [0, 1, 2, 5, 6, 7], [0, 1, 2, 5, 6, 7]."}, "478": {"llama8b": "After analyzing the given molecules, I found that the maximum common subgraph consists of the following atoms:\n\n[0, 1, 8, 9], [0, 1, 8, 9]\n\nThis common subgraph has 4 atoms in common between the two molecules."}, "479": {"llama8b": "The maximum common subgraph is [0, 1, 2, 3, 4, 5, 6, 7, 8, 9], [0, 1, 2, 3, 4, 5, 6, 7, 8, 9]."}, "480": {"llama8b": "The maximum common subgraph is [2, 3, 4], [2, 3, 4]."}, "481": {"llama8b": "The maximum common subgraph is: [0, 1, 2, 3, 4, 5, 6, 7, 8, 9, 10, 11], [0, 1, 2, 3, 4, 5, 6, 7, 8, 9, 10, 11]."}, "482": {"llama8b": "The maximum common subgraph is [0, 1, 2, 6], [0, 1, 2, 6]."}, "483": {"llama8b": "After analyzing the given molecules, I found that the maximum common subgraph consists of the following atoms:\n\n[0, 1, 2], [0, 1, 2]\n\nThis common subgraph has 3 atoms in common between the two molecules."}, "484": {"llama8b": "[1, 2, 3, 4], [1, 2, 3, 4]"}, "485": {"llama8b": "[1, 2, 3, 4, 5, 6, 7, 8], [0, 1, 2, 3, 6, 7, 8]"}, "486": {"llama8b": "[1, 2, 3, 4], [1, 2, 3, 4]"}, "487": {"llama8b": "[1, 2, 3, 4, 5, 6], [1, 2, 3, 4, 5, 6]."}, "488": {"llama8b": "[1, 2, 3, 6, 7], [1, 2, 3, 6, 7]."}, "489": {"llama8b": "[0, 1, 2, 3], [0, 1, 2, 3]."}, "490": {"llama8b": "[1, 2, 3, 4, 5, 6, 7, 8], [1, 2, 3, 4, 5, 6, 7, 8]."}, "491": {"llama8b": "[1, 2, 3, 4, 5, 6, 7, 9, 10, 11], [0, 1, 2, 3, 4, 5, 6, 9, 10, 11, 12]."}, "492": {"llama8b": "The maximum common subgraph is: [0, 1, 2, 3, 4, 5, 6, 7, 8, 9, 10, 11, 12], [0, 1, 2, 3, 4, 5, 6, 7, 8, 9, 10, 11, 12]."}, "493": {"llama8b": "The maximum common subgraph is: [0, 1, 2, 3, 4, 7, 8, 9, 10], [0, 1, 2, 3, 5, 6, 7, 8, 9]."}, "494": {"llama8b": "[1, 2, 4, 5, 6, 7, 8, 9], [1, 2, 4, 5, 6, 7, 8, 9]."}, "495": {"llama8b": "[1, 2, 3, 4, 5, 6, 7, 8, 9, 10, 11, 12, 13], [1, 2, 3, 4, 5, 6, 7, 8, 9, 10, 11, 12, 13, 14, 15]"}, "496": {"llama8b": "After analyzing the given molecules, I found that the maximum common subgraph consists of the following atoms:\n\n[0, 1, 2, 3, 4, 5, 6, 7], [0, 1, 2, 3, 4, 5, 6, 7]\n\nThis common subgraph shares 8 atoms between the two molecules."}, "497": {"llama8b": "The maximum common subgraph is: [1, 2, 4, 5, 6], [1, 2, 4, 5, 6]."}, "498": {"llama8b": "After analyzing the given molecules, I found that the maximum common subgraph consists of the following atoms:\n\n[0, 1, 2, 3, 4, 7, 8, 9], [0, 1, 3, 4, 7, 8]\n\nThis common subgraph has 8 atoms in common between the two molecules."}, "499": {"llama8b": "[1, 2, 4, 7], [1, 2, 4, 7]."}}