{"0": {"llama8b": "[0, 0, 1, 1, 2, 2, 3, 3, 4, 4, 5, 5, 6, 6, 7, 7, 8, 8, 9, 9, 10, 10, 11, 11, 12, 12, 13, 13, 14, 14]"}, "1": {"llama8b": "[0, 0, 2, 3, 4, 5, 6, 7, 8, 7, 9]"}, "2": {"llama8b": "[0, 1, 2, 3, 2, 5, 2, 6, 2, 8, 1, 10]"}, "3": {"llama8b": "[0, 0, 2, 3, 4, 5, 6, 7, 8, 8]"}, "4": {"llama8b": "[0, 0, 2, 3, 4, 5, 6, 7, 8, 1, 9, 10, 11, 12, 7, 13, 14, 15, 16]."}, "5": {"llama8b": "[0, 0, 1, 2, 3, 4, 5, 4, 2, 1, 9]"}, "6": {"llama8b": "[0, 1, 2, 3, 4, 4, 6, 6, 8, 8, 10, 10, 12, 12, 8, 8, 10, 10, 12, 12, 14, 14, 15, 15, 16]."}, "7": {"llama8b": "[0, 0, 1, 2, 3, 4, 5, 6, 7, 9, 10, 11, 12, 13, 14]"}, "8": {"llama8b": "[0, 0, 1, 3, 4, 5, 6, 2, 8, 9, 10, 11, 12, 13, 14, 15, 16]"}, "9": {"llama8b": "[0, 1, 2, 3, 4, 5, 6, 7, 8, 9, 10, 11, 12, 13, 14, 15]"}, "10": {"llama8b": "[1, 0, 2, 3, 3, 6, 5, 7, 8, 9, 10, 11, 12, 13, 14, 14]"}, "11": {"llama8b": "[0, 0, 1, 3, 4, 4, 5, 7, 6, 8]"}, "12": {"llama8b": "[0, 1, 2, 3, 4, 5, 6, 7, 8, 9, 10, 11, 12, 13, 14, 15, 11, 5, 12, 13, 14, 15, 16, 17]."}, "13": {"llama8b": "[0, 0, 0, 1, 0, 2, 3, 3, 3, 3, 3, 0]"}, "14": {"llama8b": "[0, 1, 2, 3, 4, 4, 6, 2, 7, 8, 9, 10, 10, 12, 13, 14]"}, "15": {"llama8b": "[0, 1, 2, 3, 4, 5, 6, 7, 8, 9, 10]"}, "16": {"llama8b": "[0, 1, 2, 3, 4, 4, 5, 6, 7, 1, 3, 12, 12, 12, 12, 12, 12, 12, 12, 12, 12, 12, 12]"}, "17": {"llama8b": "[1, 1, 4, 4, 1, 1, 0, 4, 4, 9]"}, "18": {"llama8b": "[0, 1, 2, 3, 4, 5, 6, 7, 8, 9, 10]"}, "19": {"llama8b": "[0, 0, 1, 2, 3, 5, 6, 7, 8, 5, 2, 3, 10]"}, "20": {"llama8b": "[0, 0, 1, 2, 3, 4, 5, 6, 7, 8, 9, 10, 11, 12]"}, "21": {"llama8b": "[0, 0, 2, 3, 4, 5, 6, 7, 8, 9, 10, 11, 12, 13, 14, 15]"}, "22": {"llama8b": "[0, 0, 1, 2, 3, 4, 5, 6, 7, 8, 9, 11, 7, 8, 10, 11, 12, 13]"}, "23": {"llama8b": "[0, 2, 1, 3, 4, 5, 6, 7, 8, 9, 10, 8, 11, 12, 12]"}, "24": {"llama8b": "[0, 1, 1, 2, 4, 2, 2, 6, 7, 4, 7]"}, "25": {"llama8b": "[0, 0, 1, 3, 4, 5, 6, 7, 2, 8, 9, 10, 11, 12, 13, 14, 15, 16, 17, 18]"}, "26": {"llama8b": "[0, 1, 2, 3, 4, 9, 9, 3, 3, 4]"}, "27": {"llama8b": "[0, 0, 2, 3, 4, 5, 6, 7, 5, 10, 11, 10, 11, 12]"}, "28": {"llama8b": "[0, 1, 2, 3, 4, 4, 6, 3, 2, 3]"}, "29": {"llama8b": "[0, 1, 2, 3, 4, 7, 6, 0, 0, 0]"}, "30": {"llama8b": "[0, 1, 2, 3, 3, 3, 3, 3, 3, 3, 6, 6, 0]"}, "31": {"llama8b": "[0, 0, 1, 0, 1, 2, 3, 3, 4, 4, 10]"}, "32": {"llama8b": "[0, 1, 2, 3, 4, 5, 6, 1, 7, 8, 9, 10]"}, "33": {"llama8b": "[0, 1, 2, 3, 4, 5, 6, 7, 8, 9, 10, 12]"}, "34": {"llama8b": "[0, 0, 1, 6, 2, 3, 5, 4, 7, 8, 9, 10]"}, "35": {"llama8b": "[0, 0, 2, 3, 4, 5, 6, 1, 3, 3, 4, 5, 5, 5, 13, 14, 15]"}, "36": {"llama8b": "[0, 1, 2, 3, 3, 4, 6, 7, 8, 8, 11, 9, 12]"}, "37": {"llama8b": "[0, 0, 2, 3, 4, 5, 10, 5, 7, 7, 7, 8]"}, "38": {"llama8b": "[0, 1, 1, 3, 4, 5, 6, 7, 8, 9, 10, 11]"}, "39": {"llama8b": "[1, 1, 3, 3, 1, 4, 4, 7, 4, 5, 5]"}, "40": {"llama8b": "[0, 1, 2, 3, 4, 5, 6, 7, 8, 9, 10, 11, 12, 13, 14, 15, 16, 17]"}, "41": {"llama8b": "[0, 1, 2, 3, 4, 5, 6, 7, 8, 9, 10, 11, 12]"}, "42": {"llama8b": "[0, 4, 2, 3, 4, 5, 6, 7, 1, 2]"}, "43": {"llama8b": "[0, 1, 2, 3, 6, 1, 2, 7, 7, 9, 10, 11, 12, 13, 12, 13, 12]"}, "44": {"llama8b": "[0, 1, 2, 3, 4, 5, 6, 7, 8, 2, 8, 8]"}, "45": {"llama8b": "[0, 0, 1, 4, 1, 5, 4, 7, 7, 9, 9, 11, 1, 12]"}, "46": {"llama8b": "[0, 0, 2, 3, 1, 3, 4, 5, 2, 8, 9, 10, 2, 11, 1, 12, 13, 14]"}, "47": {"llama8b": "[0, 1, 2, 3, 4, 5, 6, 7, 8, 9, 10, 11, 12]"}, "48": {"llama8b": "[0, 0, 2, 3, 5, 5, 1, 4, 8, 9, 10, 11, 12, 14, 13, 15, 16]."}, "49": {"llama8b": "[0, 1, 2, 3, 4, 5, 6, 4, 4, 6, 7, 7]"}, "50": {"llama8b": "[1, 1, 2, 3, 4, 9, 6, 7, 9, 15, 10, 11, 12, 13, 14, 15]"}, "51": {"llama8b": "[0, 0, 1, 2, 1, 5, 6, 7, 8, 9, 10, 11, 12, 13, 14, 15, 16, 17, 18]"}, "52": {"llama8b": "[0, 0, 1, 1, 2, 2, 3, 3, 4, 8]"}, "53": {"llama8b": "[0, 1, 2, 3, 4, 4, 5, 6, 7, 8, 8, 10, 11, 12]"}, "54": {"llama8b": "[0, 0, 2, 0, 4, 4, 7, 7, 7, 6]"}, "55": {"llama8b": "[0, 0, 1, 3, 4, 5, 6, 7, 0, 9, 1, 11, 12]"}, "56": {"llama8b": "[1, 1, 2, 3, 4, 3, 5, 6, 7, 8, 1, 2]"}, "57": {"llama8b": "[0, 0, 2, 3, 4, 4, 7, 5, 8, 1, 9, 10, 11]"}, "58": {"llama8b": "[0, 0, 1, 2, 4, 7, 1, 8, 9, 2, 8, 10]"}, "59": {"llama8b": "[0, 0, 2, 3, 6, 5, 1, 7, 8, 9, 10, 11, 12, 10, 13]"}, "60": {"llama8b": "[0, 1, 2, 3, 4, 5, 6, 7, 8, 0, 11, 10]"}, "61": {"llama8b": "[0, 1, 2, 3, 4, 5, 6, 2, 8, 9]"}, "62": {"llama8b": "[1, 0, 1, 2, 3, 4, 5, 6, 7, 9, 10]"}, "63": {"llama8b": "[0, 1, 2, 1, 2, 2, 1, 2, 2, 9, 10, 11]"}, "64": {"llama8b": "[0, 0, 2, 3, 4, 5, 6, 7, 8, 8, 9, 9, 10, 11, 11, 12, 13, 14, 15]."}, "65": {"llama8b": "[0, 0, 2, 3, 4, 6, 2, 5, 7, 8, 9]"}, "66": {"llama8b": "[0, 0, 2, 3, 4, 5, 6, 7, 8, 9, 10, 11, 12]"}, "67": {"llama8b": "[0, 0, 2, 3, 4, 5, 6, 7, 8, 9, 10, 1, 2, 3]"}, "68": {"llama8b": "[0, 1, 2, 3, 4, 5, 6, 7, 8, 9, 10]"}, "69": {"llama8b": "[0, 1, 2, 3, 5, 0, 6, 7, 9, 8, 9, 10, 11, 12, 13]"}, "70": {"llama8b": "[0, 0, 3, 2, 4, 5, 6, 7, 5, 3, 9, 10, 11, 3, 4, 4]"}, "71": {"llama8b": "[0, 1, 2, 3, 1, 4, 5, 6, 3, 4, 5]"}, "72": {"llama8b": "[1, 0, 2, 3, 4, 5, 6, 7, 3, 4, 9, 7, 8, 9, 10]"}, "73": {"llama8b": "[0, 0, 2, 3, 3, 5, 2, 6, 8, 6, 9]"}, "74": {"llama8b": "[0, 1, 2, 3, 3, 3, 5, 6, 6, 6, 9, 9, 4]"}, "75": {"llama8b": "[0, 0, 1, 2, 4, 3, 3, 4, 1, 1, 3]"}, "76": {"llama8b": "[0, 0, 1, 1, 4, 5, 6, 7, 8, 9, 10, 4, 11, 11, 13, 14]"}, "77": {"llama8b": "[1, 1, 2, 2, 3, 3, 4, 7, 3, 4, 5, 11, 3, 3]"}, "78": {"llama8b": "[0, 0, 2, 2, 4, 5, 6, 7, 8, 9, 10, 11, 12, 13]"}, "79": {"llama8b": "[0, 1, 2, 3, 1, 2, 2, 1, 2, 2]."}, "80": {"llama8b": "[0, 0, 2, 3, 4, 5, 6, 7, 5, 9, 10, 11, 12]"}, "81": {"llama8b": "[0, 1, 2, 3, 4, 5, 6, 7, 8, 9, 10, 11, 12, 13, 14]"}, "82": {"llama8b": "[0, 1, 2, 3, 4, 5, 6, 7, 8, 9, 10, 11]"}, "83": {"llama8b": "[0, 0, 2, 3, 3, 4, 5, 7, 8, 9, 10]"}, "84": {"llama8b": "[0, 0, 1, 2, 5, 0, 1, 2, 3, 4, 4, 6, 7, 8, 9, 10, 11, 12, 13, 14, 15, 16, 17]"}, "85": {"llama8b": "[0, 1, 2, 3, 6, 6, 3, 1, 1, 1, 1, 1, 1]"}, "86": {"llama8b": "[0, 1, 2, 3, 4, 4, 5, 5, 8, 9, 10, 11, 12, 12, 13, 13, 14, 14, 15, 15, 16, 16, 17, 17]."}, "87": {"llama8b": "[0, 1, 0, 1, 1, 1, 1, 1, 1, 1, 1, 1, 1, 0, 1, 1, 1, 1, 1]."}, "88": {"llama8b": "[0, 1, 2, 3, 4, 5, 6, 7, 8, 9, 10]"}, "89": {"llama8b": "[0, 0, 2, 3, 4, 0, 2, 7, 0, 9]"}, "90": {"llama8b": "[0, 0, 2, 3, 4, 5, 6, 7, 8, 13, 1, 11, 12, 3, 4, 9, 10, 11, 12, 14, 15, 16]"}, "91": {"llama8b": "[0, 0, 1, 2, 3, 4, 5, 6, 7, 8]"}, "92": {"llama8b": "[0, 1, 2, 3, 4, 1, 4, 5, 6, 7, 8, 11]"}, "93": {"llama8b": "[0, 1, 2, 3, 4, 5, 6, 7, 8, 4, 4]"}, "94": {"llama8b": "[0, 0, 2, 1, 3, 4, 5, 6, 7, 8, 9, 10, 11, 12, 13, 14, 15, 15, 15, 17, 18]"}, "95": {"llama8b": "[2, 3, 3, 3, 3, 5, 6, 7, 8, 7, 4]"}, "96": {"llama8b": "[0, 0, 2, 3, 4, 5, 6, 7, 8, 9, 10, 11]"}, "97": {"llama8b": "[0, 1, 3, 2, 3, 4, 3, 7, 8, 9, 10, 11, 12]"}, "98": {"llama8b": "[0, 0, 1, 1, 2, 2, 3, 3, 4, 4, 5, 5, 6]"}, "99": {"llama8b": "[2, 1, 2, 0, 3, 5, 6, 3, 8, 9, 10, 11, 12, 12, 12, 13]."}, "100": {"llama8b": "[0, 0, 1, 1, 2, 2, 3, 3, 4, 4, 5, 1, 12]"}, "101": {"llama8b": "[1, 1, 2, 3, 3, 4, 2, 6, 6, 7, 7, 8, 8, 9, 9, 10]"}, "102": {"llama8b": "[Molecule A: N (atom 0), C (atom 1), C (atom 2), N (atom 3), C (atom 4), C (atom 5), C (atom 6), C (atom 7), C (atom 8), O (atom 9), C (atom 10), C (atom 11), C (atom 12), C (atom 13), C (atom 14).]\n\n[Molecule B: C (atom 0), C (atom 1), O (atom 2), C (atom 3), O (atom 4), C (atom 5), C (atom 6), C (atom 7), C (atom 8), O (atom 9), O (atom 10), C (atom 11), C (atom 12), O (atom 13), C (atom 14).]\n\nNode mapping: [1, 0, 2, 3, 3, 5, 6, 7, 8, 9, 10, 11, 12, 13, 14]"}, "103": {"llama8b": "[0, 0, 2, 3, 4, 5, 6, 7, 8, 9, 10, 11, 12]"}, "104": {"llama8b": "[0, 1, 2, 3, 4, 5, 6, 7, 8, 9]"}, "105": {"llama8b": "[0, 0, 1, 2, 3, 4, 5, 6, 8, 9, 10, 11]"}, "106": {"llama8b": "[0, 1, 1, 2, 2, 2, 2, 1, 1, 9, 9, 12, 12, 12, 9, 9]."}, "107": {"llama8b": "[0, 0, 1, 3, 3, 2, 5, 3, 6, 8, 9, 10, 11]"}, "108": {"llama8b": "[0, 0, 1, 3, 4, 5, 6, 7, 8, 8, 9, 10, 11, 12]"}, "109": {"llama8b": "[0, 1, 2, 3, 4, 5, 6, 1, 2, 8, 8, 10, 11, 12, 13, 14, 15, 16, 17, 18, 19]"}, "110": {"llama8b": "[1, 1, 2, 3, 4, 5, 2, 7, 8, 9, 7]"}, "111": {"llama8b": "[0, 0, 1, 3, 4, 4, 5, 6, 7, 8, 3, 11, 12, 13, 12]"}, "112": {"llama8b": "[0, 1, 2, 3, 4, 5, 6, 7, 8, 4, 1, 5, 11, 12, 13]"}, "113": {"llama8b": "[0, 0, 1, 3, 4, 5, 6, 7, 8, 9, 10, 11, 12, 13]"}, "114": {"llama8b": "[0, 0, 3, 3, 4, 3, 2, 2, 2, 2, 7, 4, 7, 7]"}, "115": {"llama8b": "[0, 1, 2, 3, 4, 3, 2, 2, 1, 2, 2]"}, "116": {"llama8b": "[0, 1, 2, 3, 4, 5, 6, 7, 8, 9, 10, 10, 11, 11]"}, "117": {"llama8b": "[0, 1, 1, 2, 2, 5, 6, 7, 3, 3, 3, 9, 8, 11, 8, 10, 11, 12]"}, "118": {"llama8b": "[0, 1, 2, 3, 4, 5, 6, 7, 8, 5, 3, 3]"}, "119": {"llama8b": "[0, 0, 2, 3, 1, 5, 12, 1, 7, 8, 7, 7, 8, 11]"}, "120": {"llama8b": "[0, 0, 1, 1, 2, 2, 3, 3, 4, 4, 5, 5, 6, 6, 7, 7, 8, 9, 9, 10, 11, 11, 12, 12, 13, 13, 14, 14]"}, "121": {"llama8b": "[0, 0, 2, 3, 3, 5, 6, 6, 8, 8, 10, 10, 12, 12, 14, 15, 16, 17]"}, "122": {"llama8b": "[0, 0, 2, 1, 4, 5, 6, 7, 12, 8, 9, 10, 11, 3, 14]"}, "123": {"llama8b": "[0, 1, 1, 2, 2, 2, 2, 0, 0, 9]"}, "124": {"llama8b": "[0, 1, 2, 3, 4, 4, 6, 7, 8, 9, 10, 10, 11, 12, 13, 14, 13, 14, 15]."}, "125": {"llama8b": "[0, 0, 1, 1, 2, 2, 3, 3, 4, 4, 5, 5]"}, "126": {"llama8b": "[0, 1, 1, 2, 4, 2, 3, 7, 2, 2, 10]"}, "127": {"llama8b": "[0, 0, 1, 3, 4, 4, 6, 7, 8, 9, 10, 11]"}, "128": {"llama8b": "[0, 1, 2, 3, 7, 5, 6, 9, 9, 10, 11, 12, 13, 14, 15, 16]"}, "129": {"llama8b": "[0, 1, 2, 1, 1, 1, 1, 7, 8, 9, 10, 11, 12, 9]"}, "130": {"llama8b": "[0, 1, 2, 3, 4, 5, 6, 7, 8, 9, 10]"}, "131": {"llama8b": "[0, 0, 1, 2, 4, 3, 5, 6, 7, 8]"}, "132": {"llama8b": "[0, 1, 2, 3, 4, 5, 6, 7, 8, 9, 10, 11]"}, "133": {"llama8b": "[0, 1, 2, 3, 4, 5, 6, 7, 8, 9, 10, 11, 12, 12, 14, 15]"}, "134": {"llama8b": "[0, 0, 2, 1, 4, 4, 6, 0, 8, 9, 9]"}, "135": {"llama8b": "[0, 0, 2, 3, 3, 5, 6, 7, 8, 4, 10]"}, "136": {"llama8b": "[0, 1, 2, 3, 4, 5, 7, 8, 9, 9, 10, 11, 12, 12]"}, "137": {"llama8b": "[0, 0, 3, 3, 4, 5, 3, 7, 7, 9, 9]"}, "138": {"llama8b": "[0, 1, 2, 3, 1, 3, 3, 6, 6, 4]"}, "139": {"llama8b": "[0, 0, 2, 3, 1, 4, 5, 7, 9, 1, 10, 11, 12, 13, 14, 15]"}, "140": {"llama8b": "[0, 0, 2, 3, 4, 5, 6, 3, 3, 9]"}, "141": {"llama8b": "[0, 0, 2, 3, 5, 6, 7, 1, 8, 9, 10, 11, 12, 13, 14, 14, 15, 16, 17, 18, 19]"}, "142": {"llama8b": "[0, 1, 2, 3, 4, 5, 6, 7, 2, 1, 10, 11, 12, 2, 14, 15, 16, 13, 14, 17, 16, 17, 18]."}, "143": {"llama8b": "[0, 1, 2, 3, 4, 5, 6, 7, 8, 9, 10]"}, "144": {"llama8b": "[0, 1, 1, 3, 4, 0, 1, 3, 3, 7]"}, "145": {"llama8b": "[0, 0, 2, 3, 4, 3, 1, 7, 8, 9, 5]"}, "146": {"llama8b": "[0, 0, 2, 3, 3, 4, 6, 7, 7, 8, 9, 11, 9, 10, 12]"}, "147": {"llama8b": "[0, 1, 2, 3, 4, 5, 6, 7, 8, 9, 10]"}, "148": {"llama8b": "[0, 0, 2, 3, 4, 4, 6, 7, 8, 9, 10, 11, 12]"}, "149": {"llama8b": "[1, 2, 2, 5, 3, 4, 4, 7, 2, 2]"}, "150": {"llama8b": "[0, 0, 2, 3, 1, 4, 6, 3, 5, 8, 5]"}, "151": {"llama8b": "[0, 0, 1, 1, 2, 2, 1, 2, 3, 3, 4, 4, 5, 5, 6, 15]"}, "152": {"llama8b": "[0, 1, 2, 3, 4, 5, 6, 7, 8, 9, 10, 11, 12, 13, 14]"}, "153": {"llama8b": "[0, 1, 1, 2, 4, 15, 2, 7, 8, 5, 9, 10, 12, 13, 14, 15]"}, "154": {"llama8b": "[0, 0, 1, 1, 2, 2, 3, 3, 4, 4, 5, 5, 6, 6, 7, 7, 8, 8, 9, 9, 10, 10, 11, 11, 12, 12, 13, 13, 14, 14]"}, "155": {"llama8b": "[1, 0, 2, 0, 0, 5, 1, 2, 5, 8]"}, "156": {"llama8b": "[0, 0, 1, 3, 4, 2, 5, 6, 2, 8, 9, 10, 11, 12, 13, 14, 15]."}, "157": {"llama8b": "[0, 0, 1, 2, 3, 4, 5, 1, 10, 9, 11, 10, 11]"}, "158": {"llama8b": "[0, 3, 2, 4, 3, 5, 5, 1, 7, 9]"}, "159": {"llama8b": "[0, 1, 2, 3, 4, 5, 6, 7, 8, 9, 10, 10, 12, 13]"}, "160": {"llama8b": "[1, 1, 2, 3, 3, 3, 3, 3, 3, 3, 3, 11, 11]"}, "161": {"llama8b": "[1, 1, 2, 3, 4, 5, 6, 7, 8, 9, 10, 11, 12, 13]"}, "162": {"llama8b": "[0, 0, 1, 1, 0, 5, 6, 7, 8, 9, 10, 11, 12, 13, 14, 15, 16, 17]"}, "163": {"llama8b": "[0, 0, 1, 2, 3, 5, 6, 9, 2, 8, 11, 10, 12]"}, "164": {"llama8b": "[0, 1, 2, 3, 3, 1, 2, 7, 2, 9, 9]"}, "165": {"llama8b": "[0, 1, 2, 3, 4, 5, 6, 5, 6, 9, 10, 11, 10, 11, 12]"}, "166": {"llama8b": "[0, 0, 1, 3, 4, 5, 6, 7, 8, 9, 10, 11, 12, 13, 14, 15]"}, "167": {"llama8b": "[0, 0, 1, 1, 5, 5, 6, 7, 5, 9, 10, 11, 12, 13, 14]"}, "168": {"llama8b": "[0, 1, 2, 3, 4, 5, 6, 7, 8, 0]"}, "169": {"llama8b": "[0, 1, 2, 3, 11, 4, 5, 7, 8, 0, 6, 7, 4, 9, 10, 11, 12]"}, "170": {"llama8b": "[0, 0, 2, 0, 4, 5, 6, 7, 8, 4]"}, "171": {"llama8b": "[0, 1, 2, 3, 4, 5, 6, 7, 8, 9, 10, 11, 12, 14, 15]"}, "172": {"llama8b": "[0, 0, 2, 3, 4, 2, 4, 7, 8, 9, 10, 10, 11, 12, 13, 14, 15, 16, 17, 18, 19]"}, "173": {"llama8b": "[0, 0, 1, 1, 3, 3, 2, 2, 2, 2, 10, 11, 12]"}, "174": {"llama8b": "[0, 1, 3, 4, 4, 5, 6, 7, 8, 9, 10, 11, 12, 13, 14, 15]"}, "175": {"llama8b": "[0, 1, 2, 1, 3, 4, 5, 6, 7, 9, 10, 11, 12, 13, 14, 15, 16, 17, 18]"}, "176": {"llama8b": "[0, 1, 2, 3, 4, 5, 6, 7, 8, 9, 10, 11, 12]"}, "177": {"llama8b": "[0, 0, 2, 3, 4, 4, 5, 6, 10, 9, 11, 12, 13, 13, 14]"}, "178": {"llama8b": "[0, 0, 2, 3, 4, 5, 6, 7, 8, 9]"}, "179": {"llama8b": "[0, 1, 2, 3, 3, 5, 1, 7, 1, 8, 8, 8]"}, "180": {"llama8b": "[1, 2, 2, 3, 4, 5, 6, 3, 8, 9, 10, 11, 12, 12, 13]"}, "181": {"llama8b": "[0, 2, 0, 3, 1, 3, 1, 1, 1, 1]"}, "182": {"llama8b": "[0, 9, 1, 3, 4, 5, 6, 7, 8, 4, 9, 10, 11, 12, 4, 14, 14, 15, 16, 17]"}, "183": {"llama8b": "[0, 0, 2, 3, 3, 5, 6, 1, 7, 7]"}, "184": {"llama8b": "[1, 0, 2, 3, 0, 1, 1, 2, 3, 4, 5, 6, 7, 8, 0, 1, 2, 3, 4]."}, "185": {"llama8b": "[1, 1, 2, 3, 4, 5, 6, 7, 6, 8, 9, 12, 12, 8, 9, 10, 11, 13, 14]."}, "186": {"llama8b": "[1, 1, 2, 3, 1, 1, 6, 3, 8, 4]"}, "187": {"llama8b": "[0, 14, 1, 3, 4, 5, 6, 7, 8, 9, 10, 11, 12, 13, 15, 1, 2, 3, 4, 16, 17, 18]"}, "188": {"llama8b": "[0, 1, 2, 3, 4, 5, 6, 7, 8, 9]"}, "189": {"llama8b": "[0, 0, 1, 1, 2, 2, 3, 3, 8, 9, 10, 11, 12, 13, 11, 15]"}, "190": {"llama8b": "[1, 3, 2, 1, 4, 5, 6, 7, 8, 4]"}, "191": {"llama8b": "[0, 0, 1, 1, 2, 2, 2, 3, 1, 2, 10, 11]"}, "192": {"llama8b": "[0, 1, 2, 3, 4, 5, 6, 7, 8, 9]"}, "193": {"llama8b": "[0, 0, 2, 3, 4, 5, 6, 7, 8, 2, 2, 7]"}, "194": {"llama8b": "[0, 0, 1, 3, 4, 2, 2, 7, 4, 9, 5, 6]"}, "195": {"llama8b": "[2, 11, 0, 3, 4, 5, 6, 7, 8, 2, 3, 0, 12]"}, "196": {"llama8b": "[0, 0, 10, 2, 3, 4, 5, 6, 7, 9, 2, 11]"}, "197": {"llama8b": "[1, 0, 2, 3, 0, 3, 2, 3, 2, 9]"}, "198": {"llama8b": "[0, 0, 2, 3, 4, 5, 6, 7, 8, 9, 10, 11, 12, 13]"}, "199": {"llama8b": "[0, 0, 2, 3, 4, 5, 6, 7, 8, 9, 10, 11, 12, 13, 14, 15]"}, "200": {"llama8b": "[0, 0, 2, 3, 4, 5, 1, 7, 8, 9, 10, 11, 12, 13, 14, 15, 16, 17, 18]."}, "201": {"llama8b": "[1, 1, 2, 3, 3, 4, 4, 5, 5, 6, 6, 7]"}, "202": {"llama8b": "[0, 0, 1, 2, 3, 4, 5, 6, 7, 8, 9, 10, 11]"}, "203": {"llama8b": "[0, 0, 2, 3, 4, 5, 6, 7, 8, 9, 10, 11, 8, 13]."}, "204": {"llama8b": "[0, 0, 1, 2, 3, 4, 6, 8, 5, 9]"}, "205": {"llama8b": "[0, 1, 2, 1, 3, 4, 5, 7, 8, 9, 10, 11, 12]"}, "206": {"llama8b": "[0, 1, 2, 3, 4, 5, 6, 7, 8, 9, 10, 11, 12, 12, 12, 12]."}, "207": {"llama8b": "[0, 0, 2, 1, 3, 3, 4, 5, 5, 5, 9]"}, "208": {"llama8b": "[0, 1, 2, 3, 4, 5, 6, 10, 9, 11, 12, 13, 14, 15, 16]."}, "209": {"llama8b": "[0, 1, 2, 3, 4, 5, 5, 5, 5, 6]"}, "210": {"llama8b": "[1, 0, 1, 2, 8, 9, 1, 2, 3, 4, 1, 3]"}, "211": {"llama8b": "[0, 0, 1, 1, 2, 2, 3, 3, 4, 4, 5, 5, 6, 6, 7, 7, 8, 8, 9, 9, 10, 10, 11, 11, 12, 12, 13, 13]"}, "212": {"llama8b": "[0, 1, 2, 3, 5, 3, 7, 7, 7, 8, 9]"}, "213": {"llama8b": "[0, 1, 2, 3, 4, 5, 6, 7, 8, 9, 7, 1, 2, 3, 12]"}, "214": {"llama8b": "[0, 0, 1, 3, 4, 5, 6, 7, 7, 11, 12, 12, 13, 14, 15, 16, 17, 17, 18, 19]"}, "215": {"llama8b": "[0, 1, 2, 3, 3, 3, 3, 7, 8, 9, 10]"}, "216": {"llama8b": "[0, 1, 2, 3, 5, 4, 1, 7, 6, 9]"}, "217": {"llama8b": "[0, 0, 1, 3, 4, 5, 6, 7, 8, 9, 9, 10, 11, 12, 13]"}, "218": {"llama8b": "[0, 1, 1, 2, 2, 5, 6, 7, 8, 8, 10, 5, 12, 3]"}, "219": {"llama8b": "[0, 0, 2, 3, 4, 5, 6, 3, 7, 6, 8, 9, 10]"}, "220": {"llama8b": "[0, 1, 4, 3, 4, 5, 5, 6, 7, 8, 10]"}, "221": {"llama8b": "[0, 0, 1, 3, 4, 5, 6, 3, 7, 8, 9, 10, 11, 12, 13, 14, 15]."}, "222": {"llama8b": "[0, 0, 2, 2, 3, 4, 5, 6, 7, 7, 9, 9, 10, 11]"}, "223": {"llama8b": "[0, 0, 2, 3, 8, 4, 5, 1, 8, 9, 10, 11, 12, 13, 14, 15]"}, "224": {"llama8b": "[0, 0, 1, 1, 10, 1, 2, 3, 3, 5, 10, 11, 11, 12, 12, 13, 13, 15, 11, 16]"}, "225": {"llama8b": "[0, 0, 1, 1, 2, 2, 3, 3, 1, 4, 5, 6, 7, 6, 2, 13, 14, 15, 16, 17, 18]."}, "226": {"llama8b": "[0, 1, 2, 3, 4, 15, 1, 1, 2, 3, 3, 3, 2, 3, 1, 7]"}, "227": {"llama8b": "[0, 0, 2, 3, 4, 5, 6, 7, 8, 9, 5, 11, 10, 12, 13]."}, "228": {"llama8b": "[0, 1, 2, 0, 3, 3, 1, 1, 3, 1, 1, 1]"}, "229": {"llama8b": "[2, 0, 0, 3, 2, 4, 6, 1, 3, 3]"}, "230": {"llama8b": "[0, 1, 2, 3, 4, 5, 6, 6, 7, 8, 6, 9, 10, 11, 12]"}, "231": {"llama8b": "[0, 1, 2, 3, 4, 5, 6, 7, 8, 9, 10, 11, 12, 13, 14, 15, 16]"}, "232": {"llama8b": "[0, 1, 2, 3, 4, 5, 6, 7, 8, 9, 10, 11, 12, 13, 14]."}, "233": {"llama8b": "[0, 7, 2, 3, 4, 5, 6, 8, 0, 1, 10, 11, 12, 13, 14, 15]"}, "234": {"llama8b": "[0, 0, 2, 3, 4, 5, 6, 7, 8, 9, 10, 11, 12, 13, 14, 15, 16, 17, 18]."}, "235": {"llama8b": "[0, 0, 1, 2, 3, 4, 5, 6, 7, 1, 10, 9, 12, 13, 14, 15, 16, 17, 11, 18]"}, "236": {"llama8b": "[0, 1, 2, 3, 4, 5, 6, 7, 8, 3, 4, 11, 3, 10, 11, 12, 13, 14]"}, "237": {"llama8b": "[0, 0, 2, 3, 2, 5, 6, 7, 7, 8, 7, 9]"}, "238": {"llama8b": "[0, 1, 2, 3, 1, 5, 6, 7, 7, 7, 7]"}, "239": {"llama8b": "[0, 0, 2, 3, 1, 4, 6, 3, 7, 8, 9, 10, 11, 3, 4, 12, 14, 15]."}, "240": {"llama8b": "[0, 0, 1, 3, 4, 5, 6, 7, 8, 9, 9, 11, 12, 12]"}, "241": {"llama8b": "[0, 0, 2, 3, 4, 5, 6, 7, 8, 9, 10, 11, 12, 13]"}, "242": {"llama8b": "[0, 0, 2, 3, 4, 14, 5, 6, 7, 8, 9, 10, 12, 13, 14, 15]"}, "243": {"llama8b": "[0, 1, 2, 3, 4, 4, 6, 7, 1, 9, 10, 11, 12, 13, 7, 14, 15, 16, 16, 17]."}, "244": {"llama8b": "[0, 1, 2, 3, 4, 5, 7, 2, 8, 9, 10, 11, 12, 7, 2, 14, 14, 12, 13, 14, 15]."}, "245": {"llama8b": "[0, 0, 2, 3, 4, 7, 6, 8, 9, 10, 11, 12, 13, 14, 15, 16]"}, "246": {"llama8b": "[0, 0, 2, 3, 4, 5, 3, 8, 8, 9, 10, 11, 12, 12, 14]"}, "247": {"llama8b": "[0, 1, 2, 3, 4, 4, 4, 4, 4, 4, 9, 11]"}, "248": {"llama8b": "[0, 0, 3, 3, 4, 4, 7, 7, 8, 8, 9, 9, 12, 12, 14]"}, "249": {"llama8b": "[0, 1, 2, 3, 4, 5, 6, 7, 8, 9, 2, 10, 11, 2, 13, 2, 15, 16, 17]"}, "250": {"llama8b": "[0, 0, 1, 2, 3, 7, 6, 8, 9, 10, 11, 12, 13, 14, 15]"}, "251": {"llama8b": "[0, 0, 1, 3, 4, 5, 6, 7, 2, 3]"}, "252": {"llama8b": "[0, 0, 2, 3, 4, 5, 5, 7, 8, 9, 10, 11, 12, 13, 14, 15, 6, 7, 8, 13, 9, 10, 11, 12, 13, 14, 15, 16, 17, 18]"}, "253": {"llama8b": "[0, 1, 2, 3, 4, 5, 6, 7, 8, 9, 8]"}, "254": {"llama8b": "[0, 1, 2, 3, 4, 5, 6, 5, 9, 9, 10, 11, 12, 13, 14, 15, 16]"}, "255": {"llama8b": "[0, 0, 1, 2, 4, 5, 6, 9, 7, 8, 1, 10, 11, 12]"}, "256": {"llama8b": "[1, 1, 1, 3, 3, 2, 6, 8, 8, 9, 10]"}, "257": {"llama8b": "[0, 0, 2, 3, 4, 5, 6, 7, 8, 9]"}, "258": {"llama8b": "[0, 2, 1, 3, 4, 5, 6, 7, 8, 4, 9]"}, "259": {"llama8b": "[0, 1, 2, 3, 4, 5, 6, 7, 8, 9, 10]"}, "260": {"llama8b": "[0, 0, 2, 3, 2, 3, 3, 3, 3, 3, 3, 3, 3, 3, 14, 14]."}, "261": {"llama8b": "[0, 1, 2, 3, 4, 5, 6, 2, 1, 4, 4, 5, 9, 5, 6, 7, 8, 9, 10]"}, "262": {"llama8b": "[1, 0, 1, 2, 4, 4, 4, 7, 8, 9]"}, "263": {"llama8b": "[0, 1, 2, 3, 4, 5, 6, 7, 8, 9, 1]"}, "264": {"llama8b": "[0, 1, 2, 3, 4, 5, 6, 7, 8, 9, 10, 11, 12]"}, "265": {"llama8b": "[0, 0, 1, 2, 3, 4, 5, 7, 8, 9, 10, 11, 12, 13, 14, 15]"}, "266": {"llama8b": "[0, 0, 0, 3, 4, 5, 6, 7, 8, 9, 10, 11, 12, 13, 14]"}, "267": {"llama8b": "[0, 0, 0, 1, 1, 1, 1, 1, 1, 1, 0, 1, 1, 0, 1, 1, 1, 1]."}, "268": {"llama8b": "[0, 1, 2, 5, 4, 2, 3, 6, 7, 8]"}, "269": {"llama8b": "[0, 1, 2, 3, 4, 5, 6, 7, 8, 9, 8]"}, "270": {"llama8b": "[0, 0, 1, 1, 2, 2, 2, 2, 8, 9]"}, "271": {"llama8b": "[0, 1, 2, 3, 4, 5, 6, 7, 8, 9, 10, 11, 12, 13, 14, 15, 16, 17]"}, "272": {"llama8b": "[0, 0, 0, 1, 0, 1, 6, 7, 8, 9, 10, 11, 12]"}, "273": {"llama8b": "[0, 0, 2, 1, 3, 5, 1, 6, 2, 1]"}, "274": {"llama8b": "[0, 0, 2, 4, 3, 5, 5, 6, 7, 8, 10, 11, 12, 13, 14, 15, 15, 16, 17, 18]"}, "275": {"llama8b": "[0, 0, 2, 3, 4, 5, 6, 7, 8, 5, 6, 2, 2, 6]"}, "276": {"llama8b": "[0, 1, 2, 3, 4, 0, 6, 1, 2, 3, 4, 5, 6, 7, 8, 9, 10, 11, 12, 13, 14, 15, 16, 17, 18, 19]"}, "277": {"llama8b": "[0, 0, 2, 2, 2, 2, 2, 7, 8, 9, 10, 11]"}, "278": {"llama8b": "[0, 0, 1, 2, 4, 5, 6, 7, 8, 9, 10, 11, 12]"}, "279": {"llama8b": "[0, 1, 2, 3, 4, 5, 6, 7, 8, 9, 10, 11, 12, 13, 14, 15]"}, "280": {"llama8b": "[0, 1, 1, 2, 2, 5, 5, 6, 6, 7, 7, 8, 8, 8, 11]"}, "281": {"llama8b": "[0, 1, 1, 3, 0, 1, 1, 2, 1, 1, 1, 11, 12]"}, "282": {"llama8b": "[0, 1, 2, 3, 4, 4, 4, 5, 6, 6, 6, 11, 12, 13, 14, 14]."}, "283": {"llama8b": "[0, 0, 2, 3, 4, 5, 6, 3, 2, 3]"}, "284": {"llama8b": "[1, 1, 2, 1, 3, 4, 5, 5, 5, 5]"}, "285": {"llama8b": "[2, 0, 1, 3, 4, 5, 6, 7, 8, 9, 10]"}, "286": {"llama8b": "[0, 0, 2, 3, 3, 5, 5, 7, 7, 9, 9, 11, 12, 13, 13]"}, "287": {"llama8b": "[0, 1, 2, 3, 4, 5, 6, 7, 8, 9, 10, 11, 12, 13]"}, "288": {"llama8b": "[0, 1, 2, 3, 4, 4, 3, 3, 1, 1]"}, "289": {"llama8b": "[0, 0, 2, 3, 4, 5, 6, 7, 8, 9, 5, 11, 12]"}, "290": {"llama8b": "[0, 0, 1, 2, 3, 1, 2, 3, 1, 3, 4, 5, 6, 7, 8, 9, 10, 11, 12, 13, 14, 15]"}, "291": {"llama8b": "[0, 4, 2, 3, 1, 5, 6, 7, 8, 9, 10, 11, 12, 13, 14]"}, "292": {"llama8b": "[0, 1, 2, 3, 4, 5, 1, 6, 1, 2, 6, 7, 7, 8, 7, 9]"}, "293": {"llama8b": "[0, 0, 5, 3, 4, 4, 6, 7, 1, 8, 10, 9]"}, "294": {"llama8b": "[0, 0, 1, 1, 2, 2, 3, 3, 4, 4, 5, 5, 6, 6, 7, 7, 8, 8, 9, 9, 10, 10, 11, 11, 12, 12, 13, 13, 14, 14, 15, 15, 16, 16, 17, 17]"}, "295": {"llama8b": "[0, 0, 1, 1, 2, 2, 3, 7, 1, 9, 10, 11, 12, 7, 9, 10, 11, 12, 13, 13]."}, "296": {"llama8b": "[1, 3, 3, 1, 1, 1, 1, 1, 2, 0]"}, "297": {"llama8b": "[0, 4, 2, 3, 4, 5, 6, 7, 1, 8, 9, 10, 11, 12, 13, 1, 14, 15]"}, "298": {"llama8b": "[0, 0, 1, 1, 0, 1, 2, 2, 3, 3, 10, 11, 4, 13]"}, "299": {"llama8b": "[1, 2, 2, 3, 4, 5, 5, 7, 8, 9, 1]"}, "300": {"llama8b": "[0, 0, 1, 3, 4, 5, 2, 2, 2, 8, 9, 11]"}, "301": {"llama8b": "[0, 0, 1, 1, 2, 5, 6, 7, 8, 9, 10, 11, 12, 13, 14, 15, 16, 17, 18, 19]"}, "302": {"llama8b": "[0, 0, 2, 2, 4, 5, 6, 6, 8, 8, 9, 9]"}, "303": {"llama8b": "[1, 1, 2, 3, 4, 5, 6, 7, 8, 9, 10]"}, "304": {"llama8b": "[0, 0, 1, 2, 3, 6, 3, 7, 8, 9, 8]"}, "305": {"llama8b": "[0, 1, 3, 4, 5, 2, 16, 14, 2, 7, 8, 10, 11, 12, 13, 15, 14, 16]."}, "306": {"llama8b": "[0, 1, 2, 3, 4, 1, 1, 4, 1, 2, 2, 4, 4, 1, 1, 4]."}, "307": {"llama8b": "[0, 0, 1, 2, 3, 4, 6, 6, 2, 3]"}, "308": {"llama8b": "[0, 0, 1, 2, 4, 5, 6, 9, 3, 10, 11, 11, 12, 12, 13, 14, 14, 15]."}, "309": {"llama8b": "[0, 1, 2, 3, 4, 2, 6, 1, 2, 8]"}, "310": {"llama8b": "[0, 0, 2, 3, 4, 5, 6, 7, 8, 9, 10, 11, 12, 13, 14, 15, 1, 16]"}, "311": {"llama8b": "[1, 0, 2, 3, 4, 5, 1, 2, 3, 3]"}, "312": {"llama8b": "[0, 1, 2, 3, 4, 5, 6, 7, 8, 9, 10, 11]"}, "313": {"llama8b": "[0, 0, 2, 3, 5, 4, 6, 7, 8, 9, 10, 11, 12, 13]"}, "314": {"llama8b": "[0, 1, 2, 3, 4, 5, 6, 7, 8, 9]"}, "315": {"llama8b": "[0, 1, 2, 3, 4, 5, 2, 7, 8, 9, 10]"}, "316": {"llama8b": "[0, 1, 2, 3, 4, 2, 5, 6, 3, 8]"}, "317": {"llama8b": "[2, 0, 3, 4, 4, 5, 2, 3, 8, 9, 10, 11, 12, 13, 14, 15, 16]."}, "318": {"llama8b": "[0, 1, 2, 3, 4, 4, 5, 6, 7, 9, 7]"}, "319": {"llama8b": "[0, 0, 1, 2, 4, 5, 6, 7, 8, 9, 10, 11, 12, 4, 5]"}, "320": {"llama8b": "[0, 0, 1, 2, 3, 4, 5, 1, 8, 9, 2, 10]"}, "321": {"llama8b": "[0, 0, 2, 3, 4, 5, 6, 7, 8, 9, 10, 11, 12, 13]"}, "322": {"llama8b": "[0, 0, 1, 2, 3, 4, 5, 7, 1, 9, 10]"}, "323": {"llama8b": "[0, 1, 2, 3, 3, 4, 6, 7, 8, 9, 9, 11, 12]"}, "324": {"llama8b": "[0, 1, 2, 3, 3, 3, 6, 3, 8, 9]"}, "325": {"llama8b": "[0, 0, 2, 3, 3, 5, 6, 7, 8, 9, 6, 10, 12]"}, "326": {"llama8b": "[0, 1, 2, 3, 4, 5, 6, 7, 8, 9, 10, 11]"}, "327": {"llama8b": "[0, 0, 2, 1, 3, 4, 6, 7, 8, 9, 10, 11, 3, 12, 13]"}, "328": {"llama8b": "[0, 1, 2, 3, 4, 5, 6, 3, 5, 5]"}, "329": {"llama8b": "[0, 0, 1, 1, 2, 2, 3, 3, 4, 9]"}, "330": {"llama8b": "[0, 1, 2, 3, 4, 5, 2, 7, 3, 4, 6, 7]"}, "331": {"llama8b": "[0, 0, 1, 2, 3, 4, 5, 6, 7, 3, 9, 10, 11]"}, "332": {"llama8b": "[0, 1, 2, 3, 4, 5, 6, 7, 8, 9, 10, 11, 12, 13]."}, "333": {"llama8b": "[0, 1, 2, 3, 5, 1, 1, 5, 8, 9]"}, "334": {"llama8b": "[0, 0, 2, 2, 3, 4, 5, 6, 7, 9, 5, 11]"}, "335": {"llama8b": "[0, 0, 1, 2, 3, 4, 5, 6, 7, 8, 5]"}, "336": {"llama8b": "[0, 1, 2, 3, 4, 5, 6, 7, 8, 0, 1, 1, 12]"}, "337": {"llama8b": "[1, 1, 2, 3, 4, 4, 4, 7, 8, 9, 10, 11]"}, "338": {"llama8b": "[0, 1, 1, 2, 3, 3, 4, 5, 5, 5]"}, "339": {"llama8b": "[0, 0, 2, 3, 1, 5, 6, 7, 8, 9, 10, 11, 4, 12, 13, 14]"}, "340": {"llama8b": "[1, 0, 2, 3, 4, 5, 6, 7, 3, 8]"}, "341": {"llama8b": "[0, 0, 2, 1, 1, 4, 5, 3, 8, 9, 10, 11]"}, "342": {"llama8b": "[0, 1, 2, 3, 4, 5, 6, 6, 6, 6, 6]"}, "343": {"llama8b": "[0, 1, 2, 3, 3, 4, 4, 4, 3, 4]"}, "344": {"llama8b": "[0, 1, 2, 3, 4, 5, 6, 7, 8, 9, 10]"}, "345": {"llama8b": "[1, 1, 6, 2, 3, 7, 6, 8, 8, 9]"}, "346": {"llama8b": "[0, 0, 2, 0, 0, 5, 6, 0, 7, 5, 0]"}, "347": {"llama8b": "[0, 1, 2, 3, 4, 5, 6, 7, 8, 9, 10, 11, 12, 13, 14, 15, 16, 17, 18, 19]"}, "348": {"llama8b": "[0, 0, 0, 1, 2, 3, 2, 3, 4, 5, 5, 5, 6, 7, 8, 8, 9, 10, 11, 12, 13, 14, 15, 15]"}, "349": {"llama8b": "[0, 1, 2, 3, 4, 5, 6, 7, 8, 9, 10, 8, 10, 11, 4, 5, 14, 15, 16, 17, 18]."}, "350": {"llama8b": "[0, 0, 2, 3, 4, 5, 6, 7, 8, 9, 10, 11, 12]"}, "351": {"llama8b": "[0, 0, 1, 1, 8, 8, 2, 2, 8, 8, 9, 9, 8, 13, 13, 9, 9, 16]."}, "352": {"llama8b": "[0, 0, 2, 9, 3, 4, 10, 7, 8, 1, 9, 10, 11, 12, 13, 14, 15]"}, "353": {"llama8b": "[0, 1, 2, 3, 4, 5, 6, 6, 7, 8, 9, 4]"}, "354": {"llama8b": "[0, 0, 2, 2, 3, 4, 4, 6, 7, 7, 9, 10, 10, 12, 13, 13, 14, 15, 15, 16]."}, "355": {"llama8b": "[0, 0, 2, 0, 0, 0, 11, 0, 0, 0, 0, 10]"}, "356": {"llama8b": "[0, 0, 1, 3, 1, 2, 3, 1, 1, 2, 2, 2, 12]"}, "357": {"llama8b": "[0, 0, 2, 3, 4, 9, 4, 6, 7, 9]"}, "358": {"llama8b": "[0, 1, 2, 3, 4, 5, 6, 7, 8, 9, 10]"}, "359": {"llama8b": "[0, 1, 2, 3, 4, 5, 6, 7, 8, 9, 10, 11, 12, 13]"}, "360": {"llama8b": "[0, 0, 2, 3, 4, 1, 4, 2, 3, 5, 5, 6, 12, 13, 4, 15]"}, "361": {"llama8b": "[0, 1, 2, 3, 4, 5, 6, 1, 1, 2, 3, 3, 3, 4, 5, 5, 5, 6, 7, 7, 7, 8, 9, 10, 11, 11, 12, 13, 14, 15, 16, 17]"}, "362": {"llama8b": "[1, 0, 2, 3, 4, 4, 5, 6, 7, 0]"}, "363": {"llama8b": "[0, 1, 2, 3, 4, 5, 6, 6, 8, 9]"}, "364": {"llama8b": "[1, 3, 2, 3, 0, 1, 0, 2, 1, 2, 1]"}, "365": {"llama8b": "[0, 0, 2, 3, 4, 5, 6, 7, 8, 9]"}, "366": {"llama8b": "[0, 0, 1, 2, 4, 5, 6, 7, 8, 9, 10, 11, 12, 13, 14]"}, "367": {"llama8b": "[1, 1, 2, 3, 4, 5, 6, 7, 8, 9, 10, 1]"}, "368": {"llama8b": "[0, 0, 2, 1, 1, 1, 8, 10, 8, 9, 1, 11]"}, "369": {"llama8b": "[0, 1, 2, 3, 4, 5, 6, 7, 8, 9, 10, 11, 12, 13, 14, 15, 16, 17, 18]."}, "370": {"llama8b": "[0, 0, 2, 3, 3, 5, 2, 7, 3, 7, 7, 7, 12]"}, "371": {"llama8b": "[0, 1, 2, 3, 5, 4, 6, 7, 8, 9, 10, 11]"}, "372": {"llama8b": "[1, 2, 2, 3, 4, 4, 6, 7, 1, 7]"}, "373": {"llama8b": "[0, 0, 1, 2, 4, 4, 5, 6, 7, 8, 9]"}, "374": {"llama8b": "[0, 1, 2, 3, 4, 5, 6, 7, 8, 3, 9]"}, "375": {"llama8b": "[0, 0, 2, 3, 3, 4, 5, 7, 8, 9, 10, 11, 12, 13, 14, 15, 15, 16, 17]"}, "376": {"llama8b": "[0, 1, 2, 3, 4, 5, 6, 7, 8, 9]"}, "377": {"llama8b": "[1, 1, 1, 10, 2, 2, 2, 2, 10, 9, 11, 11, 11, 12, 13, 13, 13, 14, 13, 13, 13, 15, 15, 15, 16]."}, "378": {"llama8b": "[0, 0, 2, 3, 3, 3, 6, 7, 8, 9, 6]"}, "379": {"llama8b": "[0, 1, 2, 3, 3, 0, 1, 3, 3, 3, 3, 4]"}, "380": {"llama8b": "[0, 0, 2, 3, 4, 5, 6, 0, 7, 4]"}, "381": {"llama8b": "[0, 1, 2, 3, 3, 3, 6, 7, 8, 9, 3, 3, 12, 13, 13]"}, "382": {"llama8b": "[0, 1, 2, 3, 4, 5, 6, 7, 8, 1, 2, 3, 13, 13, 14, 15, 16, 17, 18, 12]"}, "383": {"llama8b": "[0, 0, 2, 3, 4, 3, 5, 5, 6, 7, 9, 9, 10]"}, "384": {"llama8b": "[0, 1, 2, 3, 4, 5, 6, 7, 8, 9, 10, 11, 12]"}, "385": {"llama8b": "[0, 0, 1, 3, 4, 5, 6, 7, 8, 4, 11, 6, 11]"}, "386": {"llama8b": "[0, 1, 2, 4, 4, 5, 6, 7, 1, 1, 1, 3, 4]"}, "387": {"llama8b": "[0, 1, 2, 3, 4, 5, 6, 7, 8, 9, 10, 11]"}, "388": {"llama8b": "[0, 1, 2, 3, 4, 5, 6, 7, 8, 9, 10, 11]"}, "389": {"llama8b": "[1, 1, 2, 3, 4, 5, 6, 7, 8, 9]"}, "390": {"llama8b": "[0, 1, 2, 3, 0, 4, 1, 1, 2, 3, 4, 5, 4]"}, "391": {"llama8b": "[0, 0, 1, 2, 3, 4, 5, 6, 7, 8, 9]"}, "392": {"llama8b": "[0, 1, 2, 3, 4, 5, 4, 3, 8, 9]"}, "393": {"llama8b": "[0, 0, 1, 1, 4, 4, 0, 2, 2, 8]"}, "394": {"llama8b": "[0, 0, 2, 2, 1, 4, 4, 7, 1, 3, 3, 11]"}, "395": {"llama8b": "[0, 0, 2, 3, 4, 5, 6, 7, 8, 7, 9, 10, 11, 12, 13]."}, "396": {"llama8b": "[0, 0, 1, 1, 2, 2, 3, 3, 4, 4, 5, 5, 6, 6, 7, 7, 8, 8, 9, 9, 10, 10, 11, 11, 12, 12, 13, 13, 14, 14, 15, 15, 16, 16, 17, 17, 18, 18, 19, 19]"}, "397": {"llama8b": "[1, 0, 2, 3, 4, 1, 6, 7, 2, 3, 8, 8, 9]"}, "398": {"llama8b": "[0, 0, 0, 1, 0, 8, 1, 1, 1, 8, 0, 0, 2, 2, 2]"}, "399": {"llama8b": "[1, 1, 2, 3, 4, 5, 6, 7, 8, 9, 10]"}, "400": {"llama8b": "[0, 0, 0, 0, 0, 0, 0, 5, 0, 0, 0, 0, 0, 0, 0, 0, 0, 0, 0, 0, 0, 0, 0, 0, 0, 0, 0, 0, 0, 0, 0, 0, 0, 0, 0, 0, 0, 0, 0, 0, 0, 0, 0, 0, 0, 0, 0, 0, 0, 0, 0, 0, 0, 0, 0, 0, 0, 0, 0, 0, 0, 0, 0, 0, 0, 0, 0, 0, 0, 0, 0, 0, 0, 0, 0, 0, 0, 0, 0, 0, 0, 0, 0, 0, 0, 0, 0, 0, 0, 0, 0, 0, 0, 0, 0, 0, 0, 0, 0, 0, 0, 0, 0, 0, 0, 0, 0, 0, 0, 0, 0, 0, 0, 0, 0, 0, 0, 0, 0, 0, 0, 0, 0, 0, 0, 0, 0, 0, 0, 0, 0, 0, 0, 0, 0, 0, 0, 0, 0, 0, 0, 0, 0, 0, 0, 0, 0, 0, 0, 0, 0, 0, 0, 0, 0, 0, 0, 0, 0, 0, 0, 0, 0, 0, 0, 0, 0, 0, 0, 0, 0"}, "401": {"llama8b": "[0, 0, 1, 1, 2, 5, 2, 2, 8, 9, 10, 11, 12, 13, 10, 15, 16, 17]"}, "402": {"llama8b": "[0, 0, 1, 3, 4, 4, 5, 6, 7, 7, 9, 11]"}, "403": {"llama8b": "[0, 0, 1, 2, 3, 3, 3, 4, 7, 7]"}, "404": {"llama8b": "[0, 0, 2, 2, 3, 3, 4, 4, 8, 9, 10, 8, 11, 12]"}, "405": {"llama8b": "[0, 0, 0, 0, 0, 0, 0, 1, 1, 1, 1, 1, 1, 1, 1, 1]."}, "406": {"llama8b": "[0, 1, 2, 3, 4, 5, 6, 7, 8, 9, 10, 11, 12]"}, "407": {"llama8b": "[0, 0, 3, 3, 4, 5, 6, 7, 8, 8, 9]"}, "408": {"llama8b": "[0, 1, 2, 3, 4, 5, 6, 7, 8, 9]"}, "409": {"llama8b": "[0, 1, 2, 3, 1, 4, 5, 6, 5, 4]"}, "410": {"llama8b": "[1, 1, 2, 3, 4, 0, 5, 6, 0, 7, 1, 2, 3]"}, "411": {"llama8b": "[0, 0, 1, 1, 4, 5, 6, 7, 2, 8]"}, "412": {"llama8b": "[0, 1, 2, 4, 5, 5, 6, 7, 8, 9, 9, 11, 8, 12, 13]"}, "413": {"llama8b": "[0, 1, 2, 3, 4, 5, 6, 7, 8, 9]"}, "414": {"llama8b": "[0, 1, 2, 3, 4, 1, 2, 7, 2, 3, 3, 3, 12]"}, "415": {"llama8b": "[0, 1, 2, 3, 4, 5, 6, 7, 8, 9, 10, 11, 12, 13, 14, 15, 16, 17]"}, "416": {"llama8b": "[0, 1, 2, 3, 4, 5, 6, 1, 8, 9, 10, 8, 9, 11, 12, 13]"}, "417": {"llama8b": "[0, 0, 0, 3, 0, 5, 5, 6, 7, 9, 10]"}, "418": {"llama8b": "[0, 1, 2, 3, 4, 5, 6, 6, 7, 7, 7, 11, 11, 12, 12, 13]"}, "419": {"llama8b": "[1, 1, 8, 3, 10, 5, 6, 7, 9, 9, 11, 12, 12, 13, 14, 15]"}, "420": {"llama8b": "[2, 0, 1, 3, 4, 5, 6, 7, 2, 8, 9, 10, 11]"}, "421": {"llama8b": "[0, 0, 0, 1, 0, 1, 2, 2, 3, 3, 9, 9, 11, 11, 12, 12, 13, 13]"}, "422": {"llama8b": "[0, 0, 1, 2, 3, 7, 1, 2, 7, 8, 9, 11]"}, "423": {"llama8b": "[0, 0, 1, 2, 4, 5, 6, 5, 6, 8, 9, 10, 12, 13, 14, 15, 16]"}, "424": {"llama8b": "[0, 1, 2, 3, 4, 1, 2, 2, 2, 2, 4, 4]"}, "425": {"llama8b": "[1, 1, 2, 2, 3, 5, 6, 7, 8, 9, 10]"}, "426": {"llama8b": "[0, 1, 2, 3, 4, 5, 6, 1, 2, 3, 9, 10, 11, 12, 13, 15]"}, "427": {"llama8b": "[0, 1, 2, 3, 4, 5, 7, 9, 8, 9, 2, 10, 11, 10]"}, "428": {"llama8b": "[0, 1, 2, 7, 3, 4, 5, 7, 7, 5, 8, 7, 8]"}, "429": {"llama8b": "[1, 1, 2, 3, 1, 5, 1, 1, 2, 3]"}, "430": {"llama8b": "[0, 1, 2, 3, 4, 5, 6, 2, 3, 8, 10, 12, 13, 14, 15]"}, "431": {"llama8b": "[0, 0, 2, 3, 4, 5, 6, 7, 8, 3, 9]"}, "432": {"llama8b": "[0, 1, 2, 3, 4, 5, 6, 7, 8, 6, 11, 12, 4, 14, 13, 10, 9, 15, 11, 12, 7, 8, 9, 10, 13, 14, 15]."}, "433": {"llama8b": "[0, 1, 2, 3, 4, 5, 6, 7, 8, 1, 2, 3]"}, "434": {"llama8b": "[0, 0, 1, 2, 5, 3, 6, 7, 8, 8, 9, 2, 10, 11, 12, 12, 13, 14, 15]."}, "435": {"llama8b": "[0, 0, 2, 3, 4, 6, 6, 7, 8, 9, 10, 11, 12, 12, 14, 14]"}, "436": {"llama8b": "[0, 1, 2, 3, 4, 5, 6, 7, 8, 9, 10, 11, 12, 13]"}, "437": {"llama8b": "[0, 0, 0, 3, 0, 4, 5, 6, 7, 8, 3, 11]"}, "438": {"llama8b": "[0, 1, 2, 3, 4, 4, 5, 6, 7, 8, 8, 9, 9, 10, 10, 11, 11, 12, 12, 13, 14]"}, "439": {"llama8b": "[0, 0, 2, 3, 4, 5, 6, 7, 8, 4, 1, 10, 11, 12, 13]"}, "440": {"llama8b": "[0, 1, 2, 3, 4, 5, 6, 7, 8, 9, 10, 11, 12, 13, 14, 15, 16]"}, "441": {"llama8b": "[0, 0, 2, 1, 3, 4, 6, 7, 2, 3, 0, 8, 9]"}, "442": {"llama8b": "[0, 1, 2, 3, 4, 5, 6, 7, 8, 9, 10, 11, 12, 13, 14, 15]"}, "443": {"llama8b": "[1, 2, 3, 3, 1, 1, 3, 3, 2, 2, 1]\n\nThis node mapping corresponds to the minimum edit cost between the two graphs."}, "444": {"llama8b": "[0, 1, 2, 3, 4, 1, 1, 1, 1, 1, 1, 1, 1, 1, 1, 1, 1, 1, 1, 1, 1, 1, 1, 1, 1, 1, 1, 1, 1, 1, 1, 1, 1, 1, 1, 1, 1, 1, 1, 1, 1, 1, 1, 1, 1, 1, 1, 1, 1, 1, 1, 1, 1, 1, 1, 1, 1, 1, 1, 1, 1, 1, 1, 1, 1, 1, 1, 1, 1, 1, 1, 1, 1, 1, 1, 1, 1, 1, 1, 1, 1, 1, 1, 1, 1, 1, 1, 1, 1, 1, 1, 1, 1, 1, 1, 1, 1, 1, 1, 1, 1, 1, 1, 1, 1, 1, 1, 1, 1, 1, 1, 1, 1, 1, 1, 1, 1, 1, 1, 1, 1, 1, 1, 1, 1, 1, 1, 1, 1, 1, 1, 1, 1, 1, 1, 1, 1, 1, 1, 1, 1, 1, 1, 1, 1, 1, 1, 1, 1, 1, 1, 1, 1, 1, 1, 1, 1, 1, 1, 1, 1, 1, 1, 1, 1, 1, 1, 1, 1, 1, 1"}, "445": {"llama8b": "[7, 0, 1, 3, 3, 5, 2, 2, 7, 6]"}, "446": {"llama8b": "[0, 0, 1, 3, 2, 4, 5, 6, 7, 8, 9, 10, 4, 12]"}, "447": {"llama8b": "[0, 1, 2, 3, 4, 5, 6, 7, 8, 9, 10, 11, 12, 13, 14, 15, 16]."}, "448": {"llama8b": "[0, 0, 0, 3, 4, 5, 3, 6, 7, 8, 8, 8, 8]"}, "449": {"llama8b": "[0, 1, 2, 3, 4, 5, 6, 8, 9, 10, 11, 12, 13, 3, 7]."}, "450": {"llama8b": "[0, 0, 1, 0, 1, 2, 1, 0, 1, 9, 1, 2]"}, "451": {"llama8b": "[0, 0, 1, 0, 1, 1, 6, 1, 8, 1, 9, 12, 12]"}, "452": {"llama8b": "[0, 1, 2, 3, 4, 5, 6, 7, 8, 9, 10, 11, 12, 13]"}, "453": {"llama8b": "[0, 1, 2, 3, 4, 5, 6, 7, 8, 9, 10, 11, 12]"}, "454": {"llama8b": "[0, 3, 2, 1, 4, 5, 6, 7, 3, 8, 9]"}, "455": {"llama8b": "[0, 0, 0, 3, 3, 3, 3, 3, 8, 8, 8, 8, 8, 8, 8, 16, 17, 18, 19]"}, "456": {"llama8b": "[0, 0, 2, 3, 4, 5, 6, 3, 4, 9, 4, 4, 4, 12]"}, "457": {"llama8b": "[0, 0, 2, 3, 4, 1, 2, 2, 3, 8, 10]"}, "458": {"llama8b": "[0, 1, 2, 3, 4, 5, 6, 7, 8, 9, 10, 11, 12]"}, "459": {"llama8b": "[0, 0, 2, 3, 3, 5, 6, 7, 8, 9, 10, 11, 12, 13, 14, 15, 16]"}, "460": {"llama8b": "[0, 0, 2, 0, 0, 3, 0, 0, 0, 2, 0, 0, 10]"}, "461": {"llama8b": "[0, 1, 2, 3, 4, 5, 6, 7, 8, 9, 10, 11, 12, 13, 14, 15, 16]."}, "462": {"llama8b": "[0, 0, 2, 1, 3, 4, 5, 6, 7, 9, 10, 3, 12]"}, "463": {"llama8b": "[0, 1, 2, 3, 4, 5, 6, 3, 2, 4]"}, "464": {"llama8b": "[0, 1, 2, 3, 3, 5, 6, 7, 8, 8, 9, 9, 9]"}, "465": {"llama8b": "[0, 0, 1, 3, 4, 2, 6, 7, 8, 4, 9]"}, "466": {"llama8b": "[0, 0, 1, 9, 3, 4, 8, 6, 7, 8]"}, "467": {"llama8b": "[0, 0, 1, 1, 2, 2, 3, 3, 4, 4, 5, 5, 6, 6, 7, 7, 8, 8, 9, 9, 10, 10, 11, 11, 12, 12, 13, 13, 14, 14, 15, 15, 16, 16, 17, 17, 18, 4, 11, 12, 13, 14, 15, 16, 17, 18]"}, "468": {"llama8b": "[0, 1, 2, 3, 4, 5, 6, 7, 8, 3, 4]"}, "469": {"llama8b": "[0, 1, 2, 3, 4, 5, 6, 7, 8, 9, 10, 11, 12, 13]"}, "470": {"llama8b": "[0, 1, 2, 4, 1, 4, 6, 6, 7, 8, 9, 9, 12, 1, 14]"}, "471": {"llama8b": "[0, 1, 0, 2, 3, 4, 5, 6, 8, 9, 8, 10]"}, "472": {"llama8b": "[0, 0, 2, 3, 4, 5, 4, 7, 8, 9, 10]"}, "473": {"llama8b": "[0, 0, 1, 3, 1, 4, 6, 7, 5, 9, 6]"}, "474": {"llama8b": "[0, 1, 2, 3, 5, 4, 6, 7, 8, 9, 10]"}, "475": {"llama8b": "[0, 0, 1, 1, 4, 5, 2, 3, 4, 8, 9, 10, 11, 12, 14]"}, "476": {"llama8b": "[0, 1, 2, 3, 4, 5, 6, 6, 8, 9, 10, 7, 11, 12]"}, "477": {"llama8b": "[0, 0, 6, 6, 0, 0, 4, 7, 8, 9]"}, "478": {"llama8b": "[0, 0, 1, 2, 3, 4, 5, 6, 7, 9, 4, 9, 11]"}, "479": {"llama8b": "[0, 1, 2, 3, 4, 4, 5, 6, 7, 8, 8, 9, 9, 10, 10, 11, 11, 12, 12, 13, 13, 14, 14]"}, "480": {"llama8b": "[0, 0, 2, 3, 4, 5, 6, 7, 8, 9]"}, "481": {"llama8b": "[0, 0, 2, 3, 4, 1, 2, 7, 3, 8, 9, 10, 11, 12, 14, 13, 15]"}, "482": {"llama8b": "[0, 1, 2, 3, 4, 5, 1, 2, 2, 3, 4, 5, 11, 11, 16, 12, 12, 13, 14, 15, 16, 17]."}, "483": {"llama8b": "[1, 1, 2, 3, 3, 1, 3, 2, 3, 3]"}, "484": {"llama8b": "[0, 0, 2, 3, 3, 5, 6, 7, 8, 9, 10, 11, 12]"}, "485": {"llama8b": "[1, 0, 2, 3, 4, 5, 6, 7, 8, 9]"}, "486": {"llama8b": "[0, 0, 2, 2, 3, 4, 5, 5, 6, 8, 9, 10, 10]"}, "487": {"llama8b": "[0, 1, 2, 3, 4, 5, 6, 7, 8, 9, 10]"}, "488": {"llama8b": "[0, 1, 2, 3, 3, 3, 3, 3, 3, 3, 10, 3, 12, 13]"}, "489": {"llama8b": "[0, 0, 1, 3, 4, 5, 6, 7, 1, 8, 3, 9, 10, 11, 12, 13]"}, "490": {"llama8b": "[0, 0, 2, 3, 3, 4, 5, 7, 8, 9, 8]"}, "491": {"llama8b": "[0, 1, 2, 3, 4, 5, 8, 7, 7, 8, 0, 0, 8]"}, "492": {"llama8b": "[0, 1, 2, 3, 4, 5, 7, 8, 9, 6]"}, "493": {"llama8b": "[0, 0, 1, 1, 2, 5, 3, 4, 7, 9, 9, 8, 10, 12, 13, 14]"}, "494": {"llama8b": "[0, 1, 2, 3, 4, 5, 6, 6, 6, 5]"}, "495": {"llama8b": "[0, 0, 2, 11, 3, 4, 5, 7, 8, 9, 10, 11, 12, 13]"}, "496": {"llama8b": "[0, 0, 6, 1, 2, 5, 3, 6, 7, 8, 9, 10, 11, 12, 13, 14, 15, 16, 17]"}, "497": {"llama8b": "[0, 0, 2, 3, 3, 4, 5, 6, 2, 3, 2]"}, "498": {"llama8b": "[0, 0, 1, 2, 3, 5, 2, 3, 4, 9, 10, 11]"}, "499": {"llama8b": "[0, 0, 1, 2, 3, 4, 5, 6, 7, 9, 10, 11, 12, 12, 13, 14, 15]."}}