{"0": {"llama": "[Jessica Rodriguez, Jasmine Baxter, Catherine Cochran, Anthony Murphy, Ronald Johnson]"}, "1": {"llama": "[Robert Park, Emily Chen, Caroline Wheeler, James Li, Christian Davis]"}, "2": {"llama": "[Jessica Greer, Holly Wyatt, Mary Lee, James Gonzales, Andrea Alexander]"}, "3": {"llama": "[Colin Hughes, Danielle Long, Mrs. Veronica Sloan, Carl Brown, Michael Livingston, Tiffany Rogers]"}, "4": {"llama": "[Michael Harrell, Kara Mcguire, Marie Powell, Robert Potter]"}, "5": {"llama": "[Kimberly Lewis, James Welch, Stacey Ayers, Connie Butler]"}, "6": {"llama": "[Beverly Walker, Mrs. Danielle Mejia DDS, Caroline Kline]"}, "7": {"llama": "[Adam Bryant, Ricky Stephens, Dillon Moore, Nancy Reeves]"}, "8": {"llama": "[Elizabeth Harding, Ian Bryan, John Jenkins, Colleen Horn]"}, "9": {"llama": "[Richard Tucker, David Fuller, Craig Vincent, Ashlee Stephenson]"}, "10": {"llama": "[Andre Kramer, Allison Wells, Patricia Hall]"}, "11": {"llama": "[Terry Garcia, Douglas Lang, Alexander Thomas, Monique Ramirez, Ian Jackson]"}, "12": {"llama": "[Ronald Hall, Dakota Peters, Michael Wood]"}, "13": {"llama": "[Brad Wright, Susan Stark, Mr. Zachary Hernandez, Debra Dunn, Laura Fox]"}, "14": {"llama": "[Catherine Schneider, Jennifer Sanchez, Anthony Smith]"}, "15": {"llama": "[Brian Kelly MD, Lindsay Foster, Marie Waller, Brian Eaton, Emily Cooper, Kim Jordan]"}, "16": {"llama": "[Laura White, Dr. Michelle Jenkins, Kimberly Miller, Samantha Torres, Gabriel Stephens]"}, "17": {"llama": "[Jeremiah Hernandez, Alicia Murphy, Madison Greer]"}, "18": {"llama": "[Julie Williams, David Hampton, Chelsea Holland, Jane Hardy]"}, "19": {"llama": "[Robert Hill, Patricia Powers, Jennifer Graves, Matthew Graham]"}, "20": {"llama": "[Nina Taylor, Kevin Strickland, Gregory Olson, Beth Patterson]"}, "21": {"llama": "[Robert Fitzgerald, Kathryn Curtis, Gary Harris, Juan Hernandez]"}, "22": {"llama": "[Abigail Robinson, Brittany Webb]"}, "23": {"llama": "[Jennifer Lee, Stephen Allen, Amanda Cordova]"}, "24": {"llama": "[Mitchell Barker, Cory Horn, Laurie Fernandez]"}, "25": {"llama": "[Doris Rosales, Yolanda Scott, Robert Walsh, Brandon Summers, Rebekah Franklin, Ricky Cochran]"}, "26": {"llama": "[Michael Graham, Elizabeth Nicholson, Heidi Brown, Christopher Cruz, Jodi Ryan]"}, "27": {"llama": "[Pamela Brown, Luis Oneill, Jennifer Miller, Philip Adkins, Dr. Gary Hughes]"}, "28": {"llama": "[Wendy Wilson, Andrea Richardson, Claire Davis]"}, "29": {"llama": "[Andrew Cooper, Alex Sandoval, David Burgess, Lisa Rubio, Karen Bailey]"}, "30": {"llama": "[Patricia Hicks, Suzanne Larson]"}, "31": {"llama": "[William Rodriguez, Leah Hawkins, Katherine Gonzalez]"}, "32": {"llama": "[Anthony Hawkins, Vanessa Mata, Robert Castillo, Paul Key]"}, "33": {"llama": "[Jerry Wise, Laura Mccarthy, Veronica Herrera, Brenda Scott]"}, "34": {"llama": "[Noah Hawkins, Stephanie Smith, Juan Mcclain, Angela West]"}, "35": {"llama": "[Jennifer Wilson, Brandon Reynolds, Richard Robertson, Gregory Bright]"}, "36": {"llama": "[Donna Hill, Samantha Vega, James Smith]"}, "37": {"llama": "[James Johnson, Kara Owens, Jerry Neal, Robert Collins]"}, "38": {"llama": "[David Long, Katelyn Villegas, Paula Davenport, Ryan Ward]"}, "39": {"llama": "[Suzanne Foster, Cameron Hill, Michele Rodriguez]"}, "40": {"llama": "[Angela Green, Hannah Ortiz, Charles Rivera, Sara Preston, Casey Mccarty]"}, "41": {"llama": "[Jay Gallagher, Brian Austin, Christine Ross, Maria Drake]"}, "42": {"llama": "[Eric Miller, Cody Kelly, Mr. Michael Robinson, Amy Braun, Jay Williams, Brandy Evans]"}, "43": {"llama": "[Mary Sawyer, Randy Berry, Susan Bishop, Bryan Drake]"}, "44": {"llama": "[William Garcia, Michael Bush, Maria Park, Glen Hall, Katherine Juarez]"}, "45": {"llama": "[Tamara Walker, Kelli Ellison, Matthew Larson, Jason Best]"}, "46": {"llama": "[Michael Butler, Tracey Sims, Terry Miller, Lance Dougherty]"}, "47": {"llama": "[Kylie Torres, Tyler Patrick, Robert Williams, Hunter Alexander, David Taylor]"}, "48": {"llama": "[Jeffrey Joseph, Amy Jordan, Brian Martin, Karen Mcdaniel]"}, "49": {"llama": "[Melissa Greene, Blake Johnson, Sara Bass, Andrew Brooks]"}, "50": {"llama": "[John Sullivan, Nancy Clark, Melissa Velasquez, Tammy Robinson, Justin Butler]"}, "51": {"llama": "[Rodney Barron, Holly Allen, Mark Rivera]"}, "52": {"llama": "[John Reed, Frank Bullock, Paula Phillips, Kara Lee]"}, "53": {"llama": "[Anne Kelly, Kristi Downs, Charles Salazar]"}, "54": {"llama": "[Edward Alexander, Sandra Johnson, Adam Sharp, Karen Black, Michael Jenkins, Amanda Davis, Alan Burch, Suzanne Scott, Emily Wilson, Adam Campbell, Alex Nelson, Mark Rodgers]"}, "55": {"llama": "[Philip Rodriguez, Ashley Ross, Robert Morgan, Pamela Henson, John Barrett, Michelle Arnold, Kevin Long, Anna Thornton, Brian Holmes]"}, "56": {"llama": "[Jennifer Jones, Christopher Thompson, Jesse Moreno, Bonnie Benton, Patricia Brooks]"}, "57": {"llama": "[Joshua Washington, Sue Mcguire, Sheri Mullins]"}, "58": {"llama": "[Richard Mendoza, Matthew Anderson, Jessica Carter, Paul Davis, Arthur Hicks, Jean Solomon]"}, "59": {"llama": "[Kimberly Ramirez, Morgan Floyd DDS, Kathleen Gutierrez, Lindsey Stokes]"}, "60": {"llama": "[Amanda Holden, Douglas Cobb, Michael Cole]"}, "61": {"llama": "[Sandra Brown, Michael Riddle, Megan Villarreal, Amy Myers, Brandon Maynard]"}, "62": {"llama": "[Gina Brown, Gerald Fernandez, Philip Stewart, Mary Hopkins, Dustin Martin]"}, "63": {"llama": "[Andrew Rich, Jennifer Peck, Denise Smith, Lindsay Ross]"}, "64": {"llama": "[Dawn Levy, Jerry Watkins]"}, "65": {"llama": "[Dennis Hill, Tina Ferguson, Brittany Dawson, Helen Rangel, Paula Lyons, Robert Obrien, Felicia White, William Hughes, Brett Morales, Reginald Norris, Brenda Atkins]"}, "66": {"llama": "[Jerome Butler, Emily Moore, Ashlee Johnson]"}, "67": {"llama": "[Fred Scott, Harold Dean, Jessica Garcia, Joe Schwartz, Brandy Calderon]"}, "68": {"llama": "[Kristine Larsen, Larry Cross, Amanda Reilly, Teresa Mora]"}, "69": {"llama": "[Timothy Davis, Brian White, Jose Garcia, Kimberly Gutierrez]"}, "70": {"llama": "[Aaron Willis, Michael Byrd, Andrea Miller, Mark Long]"}, "71": {"llama": "[Angela Clark, Karen Wheeler, Carly Finley, Amber Wright, Justin Evans]"}, "72": {"llama": "[Eric Munoz, Maria Miller, Monica Butler, Bobby Mills]"}, "73": {"llama": "[Cory Hurley, Tammie Carlson, Brandy Johnson, Steven Lucero, Holly Mitchell, Teresa Johnson]"}, "74": {"llama": "[Timothy Anderson, Christopher Vaughn, Jacob Sanders, Nicholas Harris]"}, "75": {"llama": "[Tammy Cole]"}, "76": {"llama": "[Nathan Welch, Jacob Brown, Jerome Gutierrez, Timothy Castillo]"}, "77": {"llama": "[Denise Harris, Carolyn Figueroa, Kelly Velazquez, Emily Mccarthy]"}, "78": {"llama": "[Samuel Finley, Harry Sullivan]"}, "79": {"llama": "[Erin Fisher, Christopher Phillips, Damon Wilkins, Susan Mack]"}, "80": {"llama": "[Tracy Horton, Stephanie Good, Mrs. Debra Tyler, Crystal Hale, Christopher Hicks, Courtney Herman]"}, "81": {"llama": "[Ariana Young, Jane Lee, Jessica Gardner]"}, "82": {"llama": "[Brian Young, Sarah Parker, Michelle Lewis, Tony Willis]"}, "83": {"llama": "[Donald Hansen, Lindsey Johnson, Adam Williams, Teresa Moreno]"}, "84": {"llama": "[Alyssa Reed, Brian Rios, Catherine Kline, Kristin Crawford, Brittany Stark, Jesse Garcia]"}, "85": {"llama": "[Kelly Perez, Kimberly Johnson, Shelly Stewart]"}, "86": {"llama": "[Holly Russell, Kimberly West, Christopher Reynolds, Deborah Ruiz]"}, "87": {"llama": "[Cynthia Turner, Jodi Cole, Thomas Meadows]"}, "88": {"llama": "[Jessica Carter, Monica Bush, Ricky Cochran]"}, "89": {"llama": "[Shannon Stewart, Thomas Price, Lori Gray, Jennifer Kelley]"}, "90": {"llama": "[Roberta Griffin, Gerald Elliott, Michael Mendoza, Justin Allison, Tonya Winters]"}, "91": {"llama": "[Susan Johnson, Rachel Perkins, Brian Morgan, Nathan Perez, Charles Mejia, James Patterson, Erica Henderson]"}, "92": {"llama": "[Wesley Boyd, Andrea Stewart, Tracy Bradshaw, Anna Villarreal]"}, "93": {"llama": "[Alicia Collins DVM, Gabriel Brown, Emily Holden, Dylan Carpenter]"}, "94": {"llama": "[Michael Diaz, Katherine Montoya, Christopher Walker, Paula Odonnell, Connie West, Angela Bowman, Cynthia Brooks, Scott Mills, Todd Bradford]"}, "95": {"llama": "[Sarah Fowler, Jeffrey Beard, Kristen Cook, Joseph Harris]"}, "96": {"llama": "[Sandra Williams, Paul Williams, Thomas Bell, Timothy Sanchez]"}, "97": {"llama": "[Scott Delgado, Mary Gilbert, Tara Fleming, Brandi Martin]"}, "98": {"llama": "[Colin Nguyen, David Williams, Juan Perez, Breanna Pugh]"}, "99": {"llama": "[Tammy Henry, Stephen Cruz, Veronica Prince, Christopher Ingram, Mark Leonard]"}, "100": {"llama": "[Kyle Fischer, Jay Thompson, Andrew Thompson]"}, "101": {"llama": "[Stephanie Hood, Felicia Rivera, Mackenzie Nichols, Jackson Moore]"}, "102": {"llama": "[Antonio Smith, Ashley Porter, Lisa Lynch]"}, "103": {"llama": "[James Benson, Mark Hartman, Ashley Roach, Clinton Smith, Jennifer Heath, Ronald Murphy]"}, "104": {"llama": "[Jamie Williams, Andrea Woods, Melvin Rivera, John Foster]"}, "105": {"llama": "[James Scott, Seth Guerrero, Cassandra Moore, Megan Mayer, Robert Martin, Victoria Reed, Joshua Wilson, Jamie Montgomery]"}, "106": {"llama": "[Neil Reese, Crystal Villarreal, Isaac Smith, Robert Park]"}, "107": {"llama": "[Nicole Davis, Kaylee Flores, Jessica Brown, Billy Beck]"}, "108": {"llama": "[William Wise, Dustin Goodwin, Jacqueline Parks, William Lee]"}, "109": {"llama": "[Angela Pierce, Dr. Melissa King MD, Gregory Smith]"}, "110": {"llama": "[Ryan Schaefer, Keith Adams, Tyler Gibbs, Jennifer Peters]"}, "111": {"llama": "[Terry Long Jr., Ashley Johnson]"}, "112": {"llama": "[Dan Roman DDS, Arthur Barry, Donald Carroll, Nicole Smith]"}, "113": {"llama": "[Jessica Guerrero, Erica Johnson MD, Colton Washington]"}, "114": {"llama": "[Adrian Morris, Matthew Barnett, Sara Hendrix, Deborah Brown, Melissa Rose, Alyssa Evans, Wayne Galloway, Steven Smith]"}, "115": {"llama": "[Gregory Jennings, Douglas Jones]"}, "116": {"llama": "[David Hawkins, Annette Rivers, Carla Barnes, Elizabeth Caldwell, Crystal Graham, Jacqueline Cochran]"}, "117": {"llama": "[Nicholas Stanley, Brittney Craig, Patricia Parker, Shane Reeves]"}, "118": {"llama": "[Daniel Duncan, Jessica Garcia, Sarah West, Sandra Orr]"}, "119": {"llama": "[Tiffany Ward, Jason Lynn, Stephen Bowen DVM, Cynthia Clark]"}, "120": {"llama": "[Donald Phillips, Andrea Reed, Valerie Maxwell, David Guerrero]"}, "121": {"llama": "[Paul Pennington, Stephanie Jackson, Alexandria Hernandez, Melissa Smith]"}, "122": {"llama": "[Greg Wells, Theresa Leonard, Veronica Travis]"}, "123": {"llama": "[Daniel Howard, Cassandra Williams, Tina Vega, Brent Greene]"}, "124": {"llama": "[ Randall Weaver, Jenna Carrillo, Bradley Reilly ]"}, "125": {"llama": "[Mark Wright, Miguel Lawrence, Chris Cherry, Rebecca Jackson, Dean Patrick]"}, "126": {"llama": "[Troy Nguyen, Elizabeth Jackson]"}, "127": {"llama": "[Brianna Adams, Margaret Gould, Stephanie Johnson, Dillon Gonzales]"}, "128": {"llama": "[Stephen Mccann, Daniel Riley, Rebecca Sanchez, Debra Clark]"}, "129": {"llama": "[Ann Kerr, Marcus Wright, Travis Sexton]"}, "130": {"llama": "[Kaitlin Wood, Charlene Fritz, Troy Lewis, Janet Sanders]"}, "131": {"llama": "[Mr. Gary Smith, Erica Bennett, Ashley Rodriguez, Anita Drake]"}, "132": {"llama": "[Thomas Martinez, Christopher Castillo, William Gonzalez, Meagan Smith]"}, "133": {"llama": "[Samantha Berger, Phillip Jackson, Gabriel Foley, Raymond Reese, Katie Anderson]"}, "134": {"llama": "[John Carey, Stephanie Golden]"}, "135": {"llama": "[Tracy Reed, Jacqueline Green, David Valentine, Kyle Knight]"}, "136": {"llama": "[Jason Miller, Lori Jones, Angela Thompson, Nicholas Stanley]"}, "137": {"llama": "[Stephanie Hutchinson, Stephanie Bell, Misty Moran, Tom Sanchez, Mary Macias, Douglas Joyce, Scott Johnson]"}, "138": {"llama": "[Justin Rodriguez, Jennifer Miller, Jerome Lee, Trevor Bell, Laura Greene, Tony Olson, Carol Bean]"}, "139": {"llama": "[George Sheppard, Briana Elliott, Meredith Robles, Craig Gonzalez, Shannon Cochran, Isabel Johnson, Kevin Spears, Diane Jones]"}, "140": {"llama": "[Andrea Rosario, Angel Medina, Cheryl Anderson]"}, "141": {"llama": "[Todd Perry, Anna Mcmillan, Kathy Ross, Meagan Douglas]"}, "142": {"llama": "[Kristy Christensen, Laura Kelley, Miss Jennifer Monroe MD, Nicole Poole, William Jennings]"}, "143": {"llama": "[Christopher Bishop, Rebecca Kirk, Christopher Keller, Shannon Morris]"}, "144": {"llama": "[Michael Collins, Brian Dickerson, Sean Bell, Andrew Schaefer]"}, "145": {"llama": "[Peter Wilson PhD, Keith Thomas, Angela Kidd, Ana Mcdowell, Chelsea Campbell]"}, "146": {"llama": "[Kyle Macias, Diana Carey, Meghan Clark, Kenneth Davis]"}, "147": {"llama": "[Matthew Sims, Heidi Huffman, William Sheppard, Anthony Lindsey]"}, "148": {"llama": "[Mr. Joseph Gonzales MD, Justin Black, Caitlin Carney, Vanessa Smith]"}, "149": {"llama": "[Jamie Thompson, Mark Espinoza, Richard Ramirez, Debbie Peters, Daniel Perry, Brian Brown]"}, "150": {"llama": "[Kathleen Carey, Donald Joseph, Jamie Rivera, Christopher King]"}, "151": {"llama": "[Mr. John Rivera MD, Crystal Brown, Richard Koch, Destiny Hamilton]"}, "152": {"llama": "[Melissa Cummings, Frank Williams, Brian Smith, Philip Moore]"}, "153": {"llama": "[Jody Wright, Tony Castillo, Daniel Williams MD, Karen Roberts]"}, "154": {"llama": "[Heather Johnston, Kimberly Webb, Maria Jackson, John Anderson, Brian Wells]"}, "155": {"llama": "[John Santos, Jillian Bailey, Jerry Charles, Gregory Garcia DDS, Patricia Barr, Johnny Williams, Shannon Shaffer, Erin Rojas]"}, "156": {"llama": "[Deborah Thompson, Debbie Evans, Robert White, Gregory Hahn, Elizabeth Gilbert]"}, "157": {"llama": "[Mr. Kevin May, Colleen Moore, Kenneth Greene, Sarah Pacheco, Eric Smith, Amber Smith, Victor Marks, Alice Graham]"}, "158": {"llama": "[Mr. Roger Ruiz, Nicole Green, Matthew Butler, Douglas Brown]"}, "159": {"llama": "[Dawn Johns, Maria Kline, Alejandro Duran, Lisa Curtis]"}, "160": {"llama": "[Timothy Martinez, Patricia Simpson, Ashley Mendoza, Sandra Reese]"}, "161": {"llama": "[Wayne Parker, Kelly Hull, Pamela Bell, Darrell Warren, Marcus Bailey, Noah Murphy]"}, "162": {"llama": "[Brandon Alvarez, Preston Payne, April Hansen, James Martin]"}, "163": {"llama": "[Thomas Smith, Stephen Miller, Lisa Blair]"}, "164": {"llama": "[Molly Allen, Curtis Thomas, Daniel Black, Jared Burns, Jamie Love]"}, "165": {"llama": "[Nicholas Thomas, Eric Castillo, Kristin Hamilton, Gabriel Campbell Jr.]"}, "166": {"llama": "[Yolanda Brown, Ashley Adams, Anthony Bailey, Natasha Lucas]"}, "167": {"llama": "[Stephen Baldwin, Cindy Johnson, Patrick Kim, Phillip Pope, Robert Barnes]"}, "168": {"llama": "[Maurice Stewart, Jaime Gonzales, Charles Smith, Jeffery Riddle]"}, "169": {"llama": "[Lance Carter, Andrew Hayes]"}, "170": {"llama": "[Michelle Silva, Dale Leon, Kaitlyn Crawford, Kenneth Perez, Casey Bentley]"}, "171": {"llama": "[Dr. John Warner, Chase Morris, Kelly Hill, Theresa Baker, John Long]"}, "172": {"llama": "[Kathy Ingram, Samantha Simpson, Angela Gonzalez, Clayton Martin]"}, "173": {"llama": "[Elijah Richardson, Donna Gomez, Lori Davis, Andrew Kim]"}, "174": {"llama": "[Stephanie Glover, Shelly Miranda, Lisa Turner, Olivia Baldwin DVM]"}, "175": {"llama": "[Angela White, Lisa Russell, Jerry Floyd, Laura Parker]"}, "176": {"llama": "[Michael Rodriguez, Ashley Simpson, Kim Lawson, Mary Edwards]"}, "177": {"llama": "[Nicole Thompson, Brad Willis]"}, "178": {"llama": "[Renee Simmons MD, Alyssa Thomas, Christine Robinson, Aaron Terry]"}, "179": {"llama": "[Brandon Foster, Sharon Mclean, Kelly Powell, Dawn Smith]"}, "180": {"llama": "[Amanda Aguirre, Victoria Hanna, David Kim, Erin Martin]"}, "181": {"llama": "[Stacey Kennedy, Tiffany Phillips, Denise Tate, Leslie Fitzgerald, Stephanie Smith]"}, "182": {"llama": "[Sabrina Powell, Tyler Collins, Kimberly Cook, Holly Fuller]"}, "183": {"llama": "[Paul Wood, Thomas Hill MD, David Mejia, Sean Vaughan, Kara Murray]"}, "184": {"llama": "[Terri Murphy, Richard Sutton, Melissa Kim]"}, "185": {"llama": "[Rachel Mendoza, Brett Mckinney, Jean Espinoza]"}, "186": {"llama": "[Kimberly Bonilla, Ryan Washington, James Young, Caroline Cross]"}, "187": {"llama": "[Carl Adams, Melanie Aguilar, Jeffery Johnson, Heidi Banks]"}, "188": {"llama": "[Bryan Watts, Brian Perez, Sarah Hamilton]"}, "189": {"llama": "[Charles Rodriguez, Hannah Hill, Brittney Parker, Mrs. Heather Salinas, Lauren Schmitt, Brian Petersen, Denise Phillips]"}, "190": {"llama": "[Jill Curtis, Charles Rodriguez, Pamela West, Michael Hines, Maria Weiss]"}, "191": {"llama": "[Scott Salas, Angela Rodriguez, Judy Parker]"}, "192": {"llama": "[Ian Phillips, Travis Bishop MD, Jonathan Burton, Martha Thomas]"}, "193": {"llama": "[Tyler Patrick, Teresa Bradley, Wendy Hernandez, Michael Trujillo]"}, "194": {"llama": "[Robert Miller, Brian Cruz, Angel Mann, Kimberly Haas]"}, "195": {"llama": "[Derrick Porter, Taylor Ford, Michael Scott, Steven Rodriguez]"}, "196": {"llama": "[Sue Turner, Amanda Henry, Kylie Sloan, Bradley Cole, Dwayne Mcdonald, Daniel Fisher, Gregory Thomas]"}, "197": {"llama": "[Laura Gallagher, Ricardo Lee, Brian Cruz, Andrew Hardin, Melissa Camacho]"}, "198": {"llama": "[Erica Jones, Scott Haas, Angela Thomas, Kelly Friedman]"}, "199": {"llama": "[Nicholas Flores, Sergio Wright, Jose Pollard]"}, "200": {"llama": "[Jay Greene, Bethany Lee, Angela Moran, Brittany Murray, Parker Schultz, Matthew Brown]"}, "201": {"llama": "[Andrea Smith, Rebecca Herman, Charles Torres, Kelly Ball, Rebecca Anderson]"}, "202": {"llama": "[Nicole Gordon, Jessica Edwards, Parker Matthews, Jerome Ferguson]"}, "203": {"llama": "[Christopher Kemp, Dean Brooks, Barbara Myers, Travis Roberts, Elizabeth Phillips MD]"}, "204": {"llama": "[Tracy Jones, Michael Perez, Pedro Foster, Sara Peters, Dawn Smith]"}, "205": {"llama": "[Cameron Mclaughlin, Darrell Williams, Kelsey Austin, Brian Powell, Barbara Tate]"}, "206": {"llama": "[Matthew Bryant, James Ayers, Natasha Spence, Cindy Gill, Scott Baker]"}, "207": {"llama": "[Heather Green, Jimmy Miller, Nancy Cox, Jose Cox]"}, "208": {"llama": "[Mia Miller, Kyle Miller, Bryan Ibarra, Susan Parker, Sherry Sharp, April Williamson, Alexander Brown]"}, "209": {"llama": "[Madison Jackson, Evan Carroll, Danielle Hubbard, Jessica Alexander]"}, "210": {"llama": "[Brooke Richards, Alexander Beck, Kristen Watts]"}, "211": {"llama": "[Debra Hall, Meghan Snyder, Willie Le, Curtis Gutierrez, Julie Henderson]"}, "212": {"llama": "[David Stanton, Jason Dean, Joseph Morgan, Crystal Jackson, Valerie Phillips]"}, "213": {"llama": "[Clifford Morgan, Victoria Reed, Adriana Duarte, Manuel Jones]"}, "214": {"llama": "[Timothy Robertson, Michelle Sanders, Frederick Hernandez, Janice Jackson, Lisa Taylor]"}, "215": {"llama": "[Mark Goodwin, Scott Jefferson, Kimberly Jones, Tina Mills, Anne Molina]"}, "216": {"llama": "[Philip Owens, Rodney Scott, Marie Hogan, James Neal, Chad Parker]"}, "217": {"llama": "[Joshua Hill, Margaret Perez, Jennifer Cox, Angela Henson]"}, "218": {"llama": "[John Alexander, Patricia Frederick, Kathy Bradley, Lori Chavez]"}, "219": {"llama": "[James Jones, Karen Hood, Matthew Silva, Molly Brown, Stephanie Jackson]"}, "220": {"llama": "[Michael Nelson, Jennifer Phillips]"}, "221": {"llama": "[Clinton Norris, Bryan Smith, Andrea Robinson]"}, "222": {"llama": "[Christina Ramirez, Susan Patton, Vincent Parker, Mary Clark]"}, "223": {"llama": "[Duane Porter, Marissa Porter, Danielle Barber, Justin Richardson, Emily Norris]"}, "224": {"llama": "[Amanda Stone, Hannah Brown, Evelyn Crawford]"}, "225": {"llama": "[Alicia Johnson]"}, "226": {"llama": "[Mary Robles, Steven Kirk, Amy Williams]"}, "227": {"llama": "[Karen Howell, Christopher Jordan, Manuel Mooney, Derrick Vaughn]"}, "228": {"llama": "[Mr. David Anderson DVM, Sherri Brady, Luis Owens]"}, "229": {"llama": "[Edward Shepherd, Corey Wilson, Leah Rodriguez, Pamela Melton]"}, "230": {"llama": "[Tara Middleton, Brendan Acosta, Kelly Wilkins]"}, "231": {"llama": "[Brittany Caldwell, Sara Bernard, Zachary Johnson]"}, "232": {"llama": "[Angela Shaw, Christopher Rogers, Joan Bailey, Jordan Hughes, Linda Williams, Brian Sims]"}, "233": {"llama": "[Fernando Weeks, Wendy Baker, Thomas Fisher, Jacob Barnes]"}, "234": {"llama": "[Kathy Saunders, Dr. Maria Mcdaniel, Thomas Curtis]"}, "235": {"llama": "[Katherine Tyler, Cody Bender, Kaitlyn Johnson, Kevin Brown, Edward Perry]"}, "236": {"llama": "[Frank Mitchell, Richard Roberts, Robert Pacheco]"}, "237": {"llama": "[Daryl King, Joseph Kelly, Kyle Sloan]"}, "238": {"llama": "[Allison Martin, Dan Walsh, Melinda Delacruz, Megan Andrews, Keith Baird]"}, "239": {"llama": "[Christopher Sparks, David Elliott, Anthony Hernandez, James Walsh]"}, "240": {"llama": "[Catherine Sullivan, Donald Knapp]"}, "241": {"llama": "[Amanda Beard MD, Elizabeth Orozco, Chris Hall, Ryan Norman, Stephanie Lara MD]"}, "242": {"llama": "[Jessica Vargas, Jonathon Martin, Danny Johnson, Frances Wright]"}, "243": {"llama": "[Amanda Moore, Susan Beck, Rick Flowers]"}, "244": {"llama": "[Kevin Alvarez, Teresa Roberts, Erica Dixon, Sara Nguyen, Justin White]"}, "245": {"llama": "[Sarah Smith, Ryan Johnson, Barbara Oneal, Kara Alvarez, Dr. John Cochran]"}, "246": {"llama": "[Kelsey Vasquez, Kenneth Johnson, Judy Garrett, John Castillo, Kerry Gilbert]"}, "247": {"llama": "[James Williams, Christian Watson, Tiffany Jordan, James Wright, Kimberly Jacobs, George Miller, Raymond Moore, Christopher Mooney, John Church, James Rogers, Elizabeth Tucker]"}, "248": {"llama": "[Mark Pineda, Jessica Mendez, Joseph Rojas, Kelly Noble]"}, "249": {"llama": "[Dorothy Doyle, Ashley Gonzalez, Stephanie Smith, Michael Turner]"}, "250": {"llama": "[Angela Vargas, Mary Graham, Robert Lin, Megan Russo]"}, "251": {"llama": "[Heather Warren, Kristina Moss, Rachel Burke, Ruth Rocha, Susan Carpenter]"}, "252": {"llama": "[ Jacob Gonzalez, Shawn Monroe, Robert Marshall ]"}, "253": {"llama": "[Ian Hart, Renee Hampton, Debbie Day, Levi Gonzalez, Ryan Brown]"}, "254": {"llama": "[Harry Wolf, Alejandra Walter, Karen Jennings, Mitchell Roberts]"}, "255": {"llama": "[John Phillips, Angela Jones, Gabriel Stephens, Linda Cohen, Ashley Wilson, Jerry Gonzalez, Michael Smith, Jack Williams]"}, "256": {"llama": "[Christina Underwood, Kristen Santos, Nicholas Simpson, Kristen Woods]"}, "257": {"llama": "[Victoria Russell, Cindy Robinson, Michelle Mccarty, Monica Werner]"}, "258": {"llama": "[Mark Johnson, Brady Edwards]"}, "259": {"llama": "[Monica Larsen, Michael Rhodes, Patrick Cole, Taylor Reed]"}, "260": {"llama": "[Andrew Walters, Ashley Crawford, John Wyatt]"}, "261": {"llama": "[Thomas Hawkins, Joshua Chung, Sean Mcdowell, Wayne Rogers, Ricardo Allen]"}, "262": {"llama": "[Robert Perez, Jesse Armstrong, Jordan Gray, Elizabeth Grimes]"}, "263": {"llama": "[Debra Thomas, Michael Estrada, Joseph Sanchez, Brenda Collins, Melanie Rodriguez]"}, "264": {"llama": "[Charles Hanson, Sean Macdonald, Mrs. Debbie Becker, Robert Lang]"}, "265": {"llama": "[Mark Garrison, Nicholas Moon, John Walter, Emily Johnson]"}, "266": {"llama": "[Amber Fowler, Christine Christian, Monica Phillips]"}, "267": {"llama": "[Karen Bell, Andrew Bird, Kelly Ramirez, Christopher Johnson]"}, "268": {"llama": "[Laura Walter, Caitlin Anthony, Nicholas Hernandez]"}, "269": {"llama": "[Stacy Garcia, Kerry Perkins, Travis Oliver, Peter Hanna]"}, "270": {"llama": "[Michael Olson, Nancy Ball, Nicole Reyes, Rhonda Wilson]"}, "271": {"llama": "[Lori Kennedy, Jared Castro, Jean Edwards]"}, "272": {"llama": "[Ronnie Miller, Mrs. Dana Hamilton, Bradley Gilmore]"}, "273": {"llama": "[Allison Valdez, Bobby Garcia, Crystal Ali, Veronica Gray]"}, "274": {"llama": "[Cheryl Medina, Annette Wu, Elizabeth Solis, Wesley Norris]"}, "275": {"llama": "[Logan Downs, Mary Cook, Lawrence Klein]"}, "276": {"llama": "[Kristy Salas, Michele Sandoval, Jeffrey Farmer, Taylor Nguyen]"}, "277": {"llama": "[Juan Carter, Gary Watson, Andrew Lee]"}, "278": {"llama": "[Cristina Robinson, Allison Lopez]"}, "279": {"llama": "[ Danielle Hays, Catherine Chambers, Andrew Taylor, Melissa West, David Lowe ]"}, "280": {"llama": "[Stephanie Mcknight, Beth Scott, Daisy Dixon]"}, "281": {"llama": "[Angela Peterson, Katherine Fitzpatrick, Alexis Green, Kylie Camacho]"}, "282": {"llama": "[Justin Lang, Bruce Rogers, Matthew Baker, Mariah Henry]"}, "283": {"llama": "[Adrian Hoover, Cody Fields, David Howe, Tony Moore]"}, "284": {"llama": "[Robert Costa, Katrina Chavez, Morgan Fuller]"}, "285": {"llama": "[Crystal Atkinson, Victoria Rowland, Lisa Gomez, Jenna Mitchell, Daniel Kelley]"}, "286": {"llama": "[Charles Martinez, Eduardo Benitez, Lindsey Harris, Roger Cross]"}, "287": {"llama": "[Douglas Hess, Heather Lynch, Tyler Owens]"}, "288": {"llama": "[Tammy Rodriguez, Joshua Bowman, Donald Compton]"}, "289": {"llama": "[Tina Burton, Kevin Long]"}, "290": {"llama": "[Theodore Faulkner, Christopher White, Daniel Leon, David Davis, Kimberly Olson, Christopher Rubio MD]"}, "291": {"llama": "[Shannon Jackson, Edwin Rios, Karen Fisher, Keith Jones, Adrian Daniels]"}, "292": {"llama": "[Andrew Henderson, Julie Berger MD]"}, "293": {"llama": "[Tracie Williams, Janice Ramos, Robert Campbell]"}, "294": {"llama": "[George Williams, Shannon Gay, Karen Russell]"}, "295": {"llama": "[Jeffrey Lewis, Amanda Thompson, Deborah Griffith, Heather Casey]"}, "296": {"llama": "[Stephen Dunn, Sophia Miller, Alexandra Black, John Williams]"}, "297": {"llama": "[Tom Lane, Autumn Avila, Stephanie Peterson, Karen May]"}, "298": {"llama": "[Gregory Cruz, Danielle Burch, Victoria Lewis, Angela Mueller, Kevin Stuart]"}, "299": {"llama": "[Angela Morris, Kyle Fisher, Duane Fleming, Jacob Lara, Emily Williams, Mary Miller, Joel Murphy, David Harper]"}, "300": {"llama": "[Olivia Sharp, Ronald Mathis, William Jackson, Taylor Matthews]"}, "301": {"llama": "[Dana Bryan, Kristen Johnson, Maria Miles, Alison Adams]"}, "302": {"llama": "[Michaela Garza, Jeffrey Potts]"}, "303": {"llama": "[Tammy Lucas, Andrea Baker, Sergio Foster, Michael Stewart, Victoria Hanson, Cynthia Hicks]"}, "304": {"llama": "[Madison Andrews, Terrence Johnson, Travis Watson, Mary Banks]"}, "305": {"llama": "[Michael Flynn, Katie Jones, Stephanie Watson, Lee Ramirez]"}, "306": {"llama": "[Cynthia Morgan, Billy Gonzalez, Whitney Armstrong, Cheryl Adams]"}, "307": {"llama": "[Dr. Linda Castro, Michael Ward, Jonathan Anderson, Gabriel Kelley, Allen Ford]"}, "308": {"llama": "[Anthony Phillips, Deborah Oliver, Michael Shaffer, Lydia Roberts]"}, "309": {"llama": "[Tina Mitchell, Mary Thomas, Derek Buchanan, Keith Doyle]"}, "310": {"llama": "[Jeffery Patterson, Jennifer Rose, Michael Bradshaw]"}, "311": {"llama": "[Stanley Walters, Benjamin Freeman, Julie Thomas, Heather Clark]"}, "312": {"llama": "[Christopher Golden, Kelly Peterson, Connie Stone]"}, "313": {"llama": "[Chelsey Snow, Jackson Leblanc, Lisa Mcfarland]"}, "314": {"llama": "[Christopher Wang, Larry Smith, Robert Reed]"}, "315": {"llama": "[Roger Anderson, Beverly Cox, Marcia Rose, Nicholas Rodriguez, Christopher Dunn, Alexandria Tate]"}, "316": {"llama": "[Kimberly Richardson, Richard Robinson, Ashley Smith, Matthew Carter, Zachary Simmons, James Byrd]"}, "317": {"llama": "[John Ramirez, Felicia Deleon, Brittany Sweeney, Chad Osborne, James Larson]"}, "318": {"llama": "[Jacob Steele, Kara Crawford, Adam King, Lynn Smith]"}, "319": {"llama": "[Lisa Young, Mary Reese, Jackson Spencer, Matthew Flores]"}, "320": {"llama": "[Victor Hardin, Julie Ortiz]"}, "321": {"llama": "[Carmen Montgomery, Keith Ramos, Margaret Castro, Miranda Wolfe]"}, "322": {"llama": "[Amy James, Nancy Christensen, Kenneth Rangel]"}, "323": {"llama": "[Donna Nelson, Ronald Zhang, Terry Oliver]"}, "324": {"llama": "[Dana Hansen, Justin Holmes, Vincent Bowman, Theresa Garcia, Darryl Beck]"}, "325": {"llama": "[Janice Johnson, Deanna Tate, Latasha Miller, Jerome Ferguson]"}, "326": {"llama": "[Debra Garza, Ronald Chan, Adam Alvarado, David Macdonald]"}, "327": {"llama": "[Alicia Smith, Crystal Wilson, Heidi Bell, Garrett Gonzalez]"}, "328": {"llama": "[Adam Mills, Derrick Anderson, Katie Brown]"}, "329": {"llama": "[Diane Stewart, David Monroe]"}, "330": {"llama": "[Christina Long, Kevin Henson, Luke George]"}, "331": {"llama": "[Daniel George, Edward Pitts, Paul Knight]"}, "332": {"llama": "[Zachary Thompson, Kayla Thompson, Ms. Andrea Doyle, David Roberts]"}, "333": {"llama": "[William Hayes, Michael Carter, Lauren Mitchell, Dustin Lang, Steven Cordova]"}, "334": {"llama": "[Anthony Lewis, Kara Wallace, Zachary Davis, Crystal Clark]"}, "335": {"llama": "[Christopher Harris, Raymond Gill Jr., William Friedman, Marissa Bennett]"}, "336": {"llama": "[Joseph Carter, James Robinson, Kelsey Cox DDS, Kevin Johnson]"}, "337": {"llama": "[Felicia Oliver, Kevin Taylor, Frederick Williams, Shelley Sanchez, William Robertson, Donald Estrada]"}, "338": {"llama": "[Dennis Byrd, Brenda Donaldson MD, Heather Tucker, Rose Foster]"}, "339": {"llama": "[Lisa Haley, Michael White, Shawn Graham, Barbara Cole]"}, "340": {"llama": "[Ruth Williams, Patty Dean, Phillip Cooper, Anita King, Hannah Alvarez]"}, "341": {"llama": "[Mr. Christopher Collier, Helen Jones, Jorge Anthony, Whitney Estrada]"}, "342": {"llama": "[Whitney Smith, Mrs. Nicole Davis MD, Donna Hughes, Wesley Bennett]"}, "343": {"llama": "[Jacqueline Hansen, Stephanie Smith, Luis Wilson, Erin Pierce]"}, "344": {"llama": "[Joseph Fischer, Erik Mccall, Melissa Reyes, Walter Allen, Bradley Osborn]"}, "345": {"llama": "[Austin Young, Derrick Jackson, Alejandro Thompson, Theresa Brown]"}, "346": {"llama": "[Rachael Nolan, Richard Wells, Stephen Wade]"}, "347": {"llama": "[Sarah George, Marcus Anderson, Ricardo Jordan, Ashley Anderson]"}, "348": {"llama": "[Nancy Carter, Ms. Tammy Petty, Maria Adkins, Bianca Walter, Joseph Bennett]"}, "349": {"llama": "[Douglas Hahn, Jerry Shepherd, Kathleen Hansen]"}, "350": {"llama": "[Edwin Lewis, Abigail Howell DVM, Heather Jones, Henry Eaton, Brandon Cross]"}, "351": {"llama": "[Kevin Torres, Brittany Whitney, Amanda Wagner, Charles Davidson, Charles Huerta]"}, "352": {"llama": "[Gregory Snyder, Curtis Flynn, Renee Monroe, Lisa Case]"}, "353": {"llama": "[Sarah Moore, Amy Ward, Jacqueline Preston]"}, "354": {"llama": "[Jonathan Gay, Michelle Nelson, Michael Perez, Dr. Rebecca Barajas, Rebecca Reyes]"}, "355": {"llama": "[Jose Phelps, Breanna Williams, Laura Johnson, David Nelson]"}, "356": {"llama": "[Susan Daniels, Ryan Hernandez, Victor Dixon, Timothy Hicks]"}, "357": {"llama": "[Christine Ruiz, Melissa Burton, Timothy Fuller]"}, "358": {"llama": "[Jeffrey Barker, Cheryl Ortiz, Mandy Stewart, Melissa Allen]"}, "359": {"llama": "[Thomas Parker, Taylor Morris, Angela Black]"}, "360": {"llama": "[Tiffany Snyder, Lindsey Martinez, Tyler Rodriguez, Jesse Hudson]"}, "361": {"llama": "[Megan Reyes, William Rodriguez, Katherine Harper]"}, "362": {"llama": "[Teresa Miles, Beth Crawford, Dominique Vargas, Louis Johnson]"}, "363": {"llama": "[Aaron Savage, Kevin Mendoza, Steven Webb, Courtney Stafford, Megan Allen]"}, "364": {"llama": "[Karen Walker, Robert Curry]"}, "365": {"llama": "[Angela Rodriguez, Amanda Scott, Dr. Tanya Wilkerson]"}, "366": {"llama": "[Todd Green, Aaron Jackson, James Ramsey, Ashley Mendez]"}, "367": {"llama": "[Julia Vincent, Danielle Howard, Jessica Thomas, Robert Cameron]"}, "368": {"llama": "[Justin Chavez, Jamie Lynch, Brent Perez, Antonio Buchanan]"}, "369": {"llama": "[Charles Flynn, Logan Vance, Jeremy Schmidt, Charles Douglas]"}, "370": {"llama": "[Kirsten Hill, Sherry Roberts]"}, "371": {"llama": "[Shawn Ortiz, Shelby Martin, Evan Martin, Amanda Schroeder, Jared Martin, Isaiah Martin]"}, "372": {"llama": "[Zachary Martinez, Jose Stevens]"}, "373": {"llama": "[Amanda Cook, Mrs. Crystal Barron MD, Misty Williams, Christopher Collier]"}, "374": {"llama": "[Patricia Green, Chad Rodriguez, Keith Vargas, Courtney Anderson, Alyssa Santos, Michele Calhoun, Terry Watson, Michael Griffin, Jesse Williams, Taylor Marsh, Cindy Sanders, Jennifer Gutierrez, Aaron Wilcox]"}, "375": {"llama": "[Julie Vang, Amanda Pace, James Downs]"}, "376": {"llama": "[Julia Hendrix, Daryl Johnson, John Novak, Mark Wagner]"}, "377": {"llama": "[Linda Martin, Kathy Young, Jillian Hart, Casey Walker]"}, "378": {"llama": "[Joe Dean, Elizabeth Blair, Jason Swanson, Daniel Herrera]"}, "379": {"llama": "[Cynthia Brewer, Tamara Brown, Ariana Herrera]"}, "380": {"llama": "[Brandon Hood, Anthony Burke, Patricia Contreras, Casey Johnston, Michael Hoffman, James Edwards]"}, "381": {"llama": "[Sarah Suarez, Amanda Smith, Christine Burke, Judy Stokes, Cameron Barnett]"}, "382": {"llama": "[Matthew Collins, Timothy Rojas, Michelle Williams DDS, Phillip Huff]"}, "383": {"llama": "[Yvonne Tucker, Susan Martinez, Sarah Stevenson]"}, "384": {"llama": "[Deborah Fisher, Brandon Haas, Emily Haney, Joseph Santos]"}, "385": {"llama": "[Tracie Reese, Andrew Hodges, John Beck, Zachary Meyer, Shannon Petty, David Smith, Eric Parks, Craig Williams]"}, "386": {"llama": "[Amanda Cook, Jim Thomas, Roberta Dunlap, Angela Steele]"}, "387": {"llama": "[Samantha Rodriguez, Warren Matthews, Lori May, Brian Diaz]"}, "388": {"llama": "[Lawrence Rich, Shawn Walker MD, Dawn Thompson, Lisa Hardy]"}, "389": {"llama": "[Kimberly Miles, Jacqueline Morrison, Lynn Cummings, Amber Vargas, Michael Lambert]"}, "390": {"llama": "[Trevor Duncan, Caroline Harris, Heather Rogers, Christine Vasquez]"}, "391": {"llama": "[Jesse Bender, Katie Cannon, Richard Johnson, Eric Rosales, Robert Olson]"}, "392": {"llama": "[Louis Franco, Brian Fields, Cheryl Mcfarland, Steven Velasquez Jr., Abigail Reynolds]"}, "393": {"llama": "[Debbie Lane, Andrea Waters, Jessica Heath]"}, "394": {"llama": "[Anthony Mendoza, Aaron Dickerson, Jasmine Kane]"}, "395": {"llama": "[Christopher Padilla, Rose Nelson, Kevin Delacruz, Kara Terry]"}, "396": {"llama": "[Terri Clark, Tyler Moody, Brenda Lewis, Amanda Cox, Eric Moore]"}, "397": {"llama": "[Kimberly Gomez, Thomas Miller, Joshua Smith, Gregory Wilson]"}, "398": {"llama": "[Kaitlyn Williams, Andrea Smith, Paul Harris, Joseph Doyle, Courtney Underwood, Craig Chen]"}, "399": {"llama": "[William Potts, Lisa Silva, Felicia Hunter, Andrew Curtis, Vanessa Valentine]"}, "400": {"llama": "[Jason Robinson MD, Robert Harris, Mary Hinton, Jeremy Becker, Joshua Fuentes]"}, "401": {"llama": "[Aaron Johnson, Cynthia Gray, Ashley Costa, James Ramirez, Ryan Perry]"}, "402": {"llama": "[Michael Jordan, Martin Montgomery, Kimberly Landry, Jessica Valentine]"}, "403": {"llama": "[Whitney Allen, William Ruiz MD, Sonia Hoffman, Ronnie Jones, Sarah Gutierrez]"}, "404": {"llama": "[Lori Grant, Alec Garcia, Angela Deleon, Alexander Snyder]"}, "405": {"llama": "[Julie Nunez, Emily Douglas, Anthony Wood, Veronica Pruitt, Leonard Roberson, Donna Ross]"}, "406": {"llama": "[Michael Mack, Elizabeth Anthony, Amy Russell, Lisa Stanley, Joanna Turner, Debbie Wilson]"}, "407": {"llama": "[Dennis Griffin, Stephanie Hughes, Austin Schroeder, Jeremy Meyers, Jamie Young]"}, "408": {"llama": "[Michele Armstrong, Kayla Brooks]"}, "409": {"llama": "[Anita Lopez, Kimberly Petersen]"}, "410": {"llama": "[Mackenzie Snyder, Kelly Ingram, Miranda Hayes]"}, "411": {"llama": "[Maria Young, Seth Chan, Cindy Smith, Brittany Martin, Jon Mathews]"}, "412": {"llama": "[Hannah Malone, Nicholas Rodriguez, George Acevedo, Adam Guerra]"}, "413": {"llama": "[Samantha Stewart, Rebecca Williams, Michael Estes, Lori Bush]"}, "414": {"llama": "[Ashley Schneider, Mariah Mcguire, Aaron Roberts, Emma Stewart, Daniel Blackwell]"}, "415": {"llama": "[Benjamin Jackson, Alexandra Palmer, Erin Simmons, Lorraine Taylor, Beth Patterson]"}, "416": {"llama": "[Michael Miller DDS, Cheyenne Zamora, Ashley Kim, Theresa Guzman, Caroline May]"}, "417": {"llama": "[Kevin Frazier, Vincent Herman II, Stephanie Harmon, Donna Hughes]"}, "418": {"llama": "[Sandra Walker, Barbara Scott, Benjamin Miller, Martin Frederick Jr.]"}, "419": {"llama": "[Cory Cole, Michael Patel, Leslie Flowers, Haley Morgan]"}, "420": {"llama": "[Richard Flores, Allison Ramos, Rickey Davis, Scott Green]"}, "421": {"llama": "[Kimberly Reyes, Brenda Moran, Robert Brown, James Lambert, Paul Thompson]"}, "422": {"llama": "[Alison Haynes, Edward Torres]"}, "423": {"llama": "[Mark Calderon, Richard Garcia, Wayne Perkins, Michelle Mcbride]"}, "424": {"llama": "[Anna Jones, Paul Taylor, Brooke Rodriguez, Jordan Miller]"}, "425": {"llama": "[Jose Foster, Joshua Williamson, Krista Mitchell, Adam Jenkins]"}, "426": {"llama": "[Tammy Dougherty, Allison Ellis, Michael Dyer, Robert Melton]"}, "427": {"llama": "[Robert Pierce, Elizabeth Knox, Joel Hooper, Tracy Stephens, Corey Curtis]"}, "428": {"llama": "[Michelle Hunt, Michael Patel, Charles Brown, Katherine Floyd]"}, "429": {"llama": "[Michael Roberson, Tiffany Bryant, Haley Newman, James Hernandez]"}, "430": {"llama": "[Tracey Mooney, Kara Lambert, Michael Mendoza]"}, "431": {"llama": "[Kristin Garcia, Sean Arnold, Amanda Brewer, Jessica Hall, Kevin Lyons]"}, "432": {"llama": "[Angela Torres, Anthony Cooper, Michelle Taylor, Mary Chaney, Isaiah Hicks]"}, "433": {"llama": "[Kelly Fuller, Jennifer Graham, Anna Santiago]"}, "434": {"llama": "[Monique Carpenter, Michael Black, Christina Webster, Leslie Ali]"}, "435": {"llama": "[Rachel Barry, Cynthia Chaney, Kelly Robinson, Tina Johnston]"}, "436": {"llama": "[Sarah Fitzgerald]"}, "437": {"llama": "[Patricia Ortiz, Aaron Yates, Jessica Morgan]"}, "438": {"llama": "[Kenneth Russell, Chelsea Thomas, Robert Salazar, Daniel Hampton]"}, "439": {"llama": "[Melissa Davis, Derrick Wilson, Kathleen Jones, Jill Hammond]"}, "440": {"llama": "[Joseph Herman, Gregory Sloan, David Frey]"}, "441": {"llama": "[Anthony Schwartz, Perry Cordova, Amy Colon, Alexis Byrd, Kelly Murray]"}, "442": {"llama": "[Melanie Rich, Caroline Ward, Denise Norton]"}, "443": {"llama": "[Edward Chavez, Cynthia Mullen, Logan Hill, Jason Anthony, Robert Meyer, Amy Jones]"}, "444": {"llama": "[William Robinson, Dustin Reese, Mary Williams, Peter Hodges, Peggy Reed]"}, "445": {"llama": "[Judith Murphy, Samantha Miller, Valerie Sloan, William Miller, Tina Newman DDS, Joshua Young, Kurt Williams]"}, "446": {"llama": "[Cynthia Durham, Valerie Donovan, Jonathan Walker, Douglas Zimmerman]"}, "447": {"llama": "[Matthew Rose, Isaac Williams, Julie Rios, Russell Thompson, Wendy Wright]"}, "448": {"llama": "[Dillon Phillips, Sharon Payne]"}, "449": {"llama": "[Kevin Ramirez, Anna Howard, Larry Walton]"}, "450": {"llama": "[Amanda King, Eric Reynolds, Gregory Clark, Paul Morgan]"}, "451": {"llama": "[Kenneth Phillips, David Crosby]"}, "452": {"llama": "[Michelle Perkins, Linda Mccoy, Virginia Taylor]"}, "453": {"llama": "[Kristin Soto, Michael Snyder, Steven Davis, Haley Ramsey, Rebecca Bowen]"}, "454": {"llama": "[Micheal Jenkins, Allen Watson, Erin Thomas, Mr. Franklin Arias]"}, "455": {"llama": "[Debra Dean, Jordan Allen, Cynthia Johnson, Tiffany Stark, Heather Foster]"}, "456": {"llama": "[Timothy Bennett, Amy Berry, Melanie Conway, Lance Garcia, Duane Johnson, Sarah King, Robert Watkins]"}, "457": {"llama": "[Lauren Coleman, Craig Ruiz, Patricia Miller, Christine Wood]"}, "458": {"llama": "[Jeffery Medina, Brian Williams, Gail Taylor, Rachel Tyler]"}, "459": {"llama": "[Katie Gould, Robin Boyer, Robert Rojas, Mrs. Laura Cruz, Angela Stark]"}, "460": {"llama": "[Kevin Adams, David Collins, Zachary Monroe, Marvin Hughes]"}, "461": {"llama": "[Karen Wallace, Joshua Perez, Amber Stanley, Leslie Cohen, Brittany Smith]"}, "462": {"llama": "[Angela Watson, William Smith, Barbara Calderon, Gary Adams]"}, "463": {"llama": "[Tamara Ward, Christopher Wilson, Victor James, Adam Knight, Robert Lawrence]"}, "464": {"llama": "[Brandy Butler, Kimberly Thomas, Alan Lozano, Kimberly Deleon]"}, "465": {"llama": "[Katherine Hardy, Shawn Franklin, Teresa Klein, Kevin Johnson]"}, "466": {"llama": "[Brendan Smith, Miss Gina Ingram MD, Mr. Mike Jenkins, Anne Johnson]"}, "467": {"llama": "[Erin Carr, Heather Webster, Molly Scott, Jose Arnold]"}, "468": {"llama": "[Jason Smith, Jennifer Acosta, Robert Chapman, Samantha York, Adriana Brown]"}, "469": {"llama": "[Roberta Hunter, Jordan Farmer, Leah Hernandez, Rebecca Fox]"}, "470": {"llama": "[Martha Taylor, Shane Graham, Amy Robles, Terri Hinton, Kyle Galloway]"}, "471": {"llama": "[Adriana Schneider, Sean Allen, Joel Bass, Alexander Fletcher]"}, "472": {"llama": "[Angela Reynolds, Jeffrey Mcdonald, Jasmine Robertson]"}, "473": {"llama": "[Michael Jones, Janice Brown, Sherry Jackson, Sandra Estrada]"}, "474": {"llama": "[Jamie Jefferson, Jacob Parker, Angela Mills]"}, "475": {"llama": "[Mark Robinson, Mrs. Amy Medina, Wesley Horne]"}, "476": {"llama": "[Heather Phillips, Richard Brooks, Cory Mueller, Courtney Salazar]"}, "477": {"llama": "[Charles Ramirez, Alyssa Brown, Ronald Maxwell, Megan Preston]"}, "478": {"llama": "[Elizabeth Shepard, Victoria Knight, Steven Guerrero, Grant Perry, Amy Anderson]"}, "479": {"llama": "[Sharon Jackson, Jennifer Mitchell]"}, "480": {"llama": "[Sheila Smith, Lynn Miller, Monique Santos, Christie Green, Michael Ruiz]"}, "481": {"llama": "[Kristen Smith, Ryan Zimmerman, Gregory Scott, Lisa Meadows, Matthew Butler DDS]"}, "482": {"llama": "[Patricia Mccann, Michelle Barnett, Sherry Baldwin]"}, "483": {"llama": "[Seth Dixon, Shelby Howe]"}, "484": {"llama": "[Michele Rangel, Jacob Johns, Patrick Sullivan]"}, "485": {"llama": "[Gina Phillips, Edward Morales, Laura Ford, Barbara Swanson, Justin Dillon]"}, "486": {"llama": "[Melinda Costa, Kristin Hamilton, Abigail Jacobs, Courtney Mata]"}, "487": {"llama": "[Jonathan Mendez, Alexandra Williams, Thomas Fuller, Virginia Bishop]"}, "488": {"llama": "[Jeffrey Boyd, Keith Jones, Rickey Vasquez]"}, "489": {"llama": "[Kenneth Jackson, Becky Scott, Christian Clark]"}, "490": {"llama": "[Melissa Hunt, Meagan Gomez, Thomas Kline, William Gutierrez, Megan Garrett DDS]"}, "491": {"llama": "[Taylor Moss, Kelly Terry, Susan Hardy, Alyssa Glenn]"}, "492": {"llama": "[John Mendoza, Albert Lewis, Jason Dominguez, John Clark]"}, "493": {"llama": "[Charles Ritter, Ashley Kelly, Tabitha Curtis]"}, "494": {"llama": "[Emma Anderson, Kenneth Carroll, Regina Underwood, Amanda Jones]"}, "495": {"llama": "[Albert Pruitt, Maria Mcguire, Donna Dougherty, Sarah Davis, Mandy Mccormick]"}, "496": {"llama": "[Caroline Lucas, William Adams, Allison Mitchell, Steven Gutierrez, Kimberly Mitchell]"}, "497": {"llama": "[Casey Bush, Martha Hughes, Stephanie Greene, Emily Spencer, Teresa Crawford]"}, "498": {"llama": "[Manuel Foster, Sue White, Alexandra Pierce, Eddie Alvarez]"}, "499": {"llama": "[Christine Anderson, John Smith, Joseph Gilbert, Tyler Moses, Jessica Herring, Richard Lynch]"}}