{"0": {"llama": "[Anil K. Jain, Lu Yang, Meng Yang, Yilong Yin, Gongping Yang, Ju Cheng Yang]"}, "1": {"llama": "[Jamal Daafouz, Paulo Tabuada, Alberto Bemporad, Manfred Morari, Andrew R. Teel, Pierre Riedinger]"}, "2": {"llama": "[Ekram Hossain, Nihar Jindal, Chen He, James S. Lehnert, Lingge Jiang, Shengli Zhou, Hsiao-Hwa Chen]"}, "3": {"llama": "[Charu C. Aggarwal, George Karypis, Ambuj K. Singh, Michalis Vazirgiannis, Xuemin Lin]"}, "4": {"llama": "[S. R. Kannan, S. Ramathilagam, Daoqiang Zhang, Sameh M. Yamany, F. Reed Murtagh, Thomas Moriarty, Lynn M. Fletcher-Heath]"}, "5": {"llama": "[Krzysztof Czarnecki, Michael D. Ernst, Jacques Klein, Mark Harman, Axel Legay]"}, "6": {"llama": "[Micka\u00ebl Coustaty, Tomohiro Nakai, Jean-Marc Ogier, Mar\u00e7al Rusi\u00f1ol, Muhammad Muzzamil Luqman, Cao De Tran, Quoc Bao Dang]"}, "7": {"llama": "[Atul J. Butte, George Hripcsak, Mark A. Musen, Nigam H. Shah, Natalya Fridman Noy, Russ B. Altman, Helen Parkinson, Alexander A. Morgan]"}, "8": {"llama": "[Faisal Shafait, Thomas M. Breuel, Umapada Pal, Lei Zhang, Wenyu Liu, C. V. Jawahar, Santiago Fern\u00e1ndez, Mohammad Reza Yousefi, J. van Beusekom, Muhammad Zeshan Afzal, Daniel Keysers, Hasan S. M. Al-Khaffaf, Xiangwei Kong, George Nagy]"}, "9": {"llama": "[Panagiotis Tsiotras, Emilio Frazzoli, Steven M. LaValle, Calin Belta, Jorge Cortes, Raghvendra V. Cowlagi]"}, "10": {"llama": "[Peter J. Smith, Thomas L. Marzetta, Shlomo Shamai, Nihar Jindal, Andrea J. Goldsmith, Jeffrey G. Andrews, Giuseppe Caire, Bj\u00f6rn E. Ottersten, Jakob Hoydis, Syed Ali Jafar, David Tse]"}, "11": {"llama": "[Chinthananda Tellambura, Nandana Rajatheva, K.D.P. Dharmawansa, Mohamed-Slim Alouini, Annamalai Annamalai, George K. Karagiannidis, Stavros A. Kotsopoulos, Dimitris A. Zogas, K. D. Prathapasinghe Dharmawansa, Norman C. Beaulieu]"}, "12": {"llama": "[Katarzyna Radecka, Zeljko Zilic, Nicola Nicolici, Atena Roshan Fekr, Majid Janidarmian, Changchun Shi, Robert W. Brodersen, Daniel Menard, Olivier Sentieys]"}, "13": {"llama": "[Sara Kiesler, Takayuki Kanda, Cynthia Breazeal, Friederike Anne Eyssel, Aaron Powers, Christoph Bartneck, Dieta Kuchenbrandt]"}, "14": {"llama": "[Giuseppe De Giacomo, Maurizio Lenzerini, Roman Kontchakov, Ren\u00e9e J. Miller, Ian Horrocks, Juan F. Sequeda, Domenico Lembo, Antonella Poggi, Oscar Corcho, Axel Polleres]"}, "15": {"llama": "[Georgios B. Giannakis, Urbashi Mitra, Christian Jutten, Massoud Babaie-Zadeh, Cecilia Carbonelli, Milica Stojanovic, Haris Vikalo]"}, "16": {"llama": "[Thomas Strothotte, Brian Wyvill, M. Victoria Luz\u00f3n, Mario Costa Sousa, Oliver Deussen, David Salesin, Tobias Isenberg, Seungyong Lee, David S. Ebert]"}, "17": {"llama": "[Holger Hermanns, Wendelin Serwe, Joost-Pieter Katoen, Lijun Zhang, Fr\u00e9d\u00e9ric Lang, Hao Wu, David N. Jansen, Dennis Guck]"}, "18": {"llama": "[Ning Xi, Eric Marchand, John E. Wood, Kazuhiro Kosuge, Shuang Liu, Yunyi Jia, Tao Chen, Howie Choset, Weihua Sheng, Mark A. Minor, Clayton Haffner, Matt W. Mutka, Heiko Mantel, Tomoyuki Kaga, David G. Andersen, Sebastian Thrun, Mingjun Zhang, Joyce Yue Chai, Scott C. Lenaghan]"}, "19": {"llama": "[Jitendra Malik, Anastasios Tefas, Ioannis Pitas, Thomas S. Huang, Shuicheng Yan, Dacheng Tao, Aleix M. Martinez, Hong-Jiang Zhang, Stefanos Zafeiriou, Anastasios Maronidis]"}, "20": {"llama": "[Tam\u00e1s Szir\u00e1nyi, Levente Kov\u00e1cs, Zolt\u00e1n T\u00f3th, Csaba Benedek, Zoltan Kato, \u00c1kos Kiss, L\u00e1szl\u00f3 Cz\u00fani, Wai Lok Woo]"}, "21": {"llama": "[Anatole L\u00e9cuyer, Sabine Coquillart, Michitaka Hirose, Ferran Argelaguet, Jean-Marie Burkhardt]"}, "22": {"llama": "[Giuseppe Vizzari, Armin Seyfried, Christian Rogsch, Stefania Bandini, Tobias Kretz, Hubert Kl\u00fcpfel, Andreas Schadschneider, Lorenza Manenti, Luca Crociani]"}, "23": {"llama": "[Roberto Colombo, Sergio Cogliati, Micol Rossini, Uwe Rascher, Cinzia Panigada, Lorenzo Busetto, Michele Meroni]"}, "24": {"llama": "[Ross B. Girshick, Haibin Ling, Bernt Schiele, Jitendra Malik, Andrew Zisserman]"}, "25": {"llama": "[Kathryn S. McKinley, Ramadass Nagarajan, Xia Chen, Stephen W. Keckler, Katherine E. Coons, Behnam Robatmili, Doug Burger]"}, "26": {"llama": "[Luca Sterpone, Matteo Sonza Reorda, Pavel Kubalik, Manuel G. Gericota, Massimo Violante, Gustavo R. Alves, M. Bellato, D. Bortolato, A. Candelori, Hana Kubatova]"}, "27": {"llama": "[Antonio Iera, Luigi Atzori, Dominique Guinard, Vlad Trifa, Li Da Xu, Tein-Yaw Chung]"}, "28": {"llama": "[John M. Hitchcock, Elvira Mayordomo, Jack H. Lutz, Lance Fortnow, Lane A. Hemaspaandra, Marius Zimand, N. V. Vinodchandran, Xiaoyang Gu]"}, "29": {"llama": "[Piotr Gaj, Andrzej Kwiecie\u0144, Micha\u0142 Ma\u0107kowski, M. Sidzina, Jacek St\u00f3j, Jurgen Jasperneite]"}, "30": {"llama": "[Zhi-Hua Zhou, Pedro Larra\u00f1aga, Amri Napolitano, Ian H. Witten, Bernhard Pfahringer, Taghi M. Khoshgoftaar, David J. Dittman, Randall Wald]"}, "31": {"llama": "[Scott E. Caplan, Christy M. K. Cheung, Kem Z. K. Zhang, Matthew K. O. Lee, Zach W. Y. Lee, Chongyang Chen]"}, "32": {"llama": "[Mu Mu, Emmanuel C. Ifeachor, Lingfen Sun, Asiya Khan, Antonio Jorge Gomes Abel\u00e9m, Jirka Klaue]"}, "33": {"llama": "[Nassir Navab, Michael J. Black, Bogdan Georgescu, Dorin Comaniciu, Max A. Viergever, Andreas K. Maier, Rui Liao, Yefeng Zheng, Jochen Peters, Jaswinder Gill]"}, "34": {"llama": "[Philippe Salembier, Jocelyn Chanussot, Jitendra Malik, Bj\u00f6rn Waske, Antonio Plaza, M. Dalla Mura, Jaime S. Cardoso, Thomas Brox]"}, "35": {"llama": "[Carole Goble, Kei-Hoi Cheung, Huajun Chen, Luis N. Marenco, Perry L. Miller, Gordon M. Shepherd, Timothy Clark, Robert Stevens, Martin Kuiper, Ying Ding, Jos\u00e9 Lu\u00eds Oliveira]"}, "36": {"llama": "[Stefan Nickel, W\u0142odzimierz Ogryczak, Justo Puerto, Antonio M. Rodr\u00edguez-Ch\u00eda, V\u00edctor Blanco, Zvi Drezner]"}, "37": {"llama": "[Thanassis Avgerinos, Dawson R. Engler, Josselin Feist, S\u00e9bastien Bardin, Cristian Cadar, David Brumley, Laurent Mounier, Marie-Laure Potet, Robin David]"}, "38": {"llama": "[Xavier Allamigeon, St\u00e9phane Gaubert, Ricardo D. Katz, Laurent Hardouin, Carlos Andrey Maia, Eric Goubault]"}, "39": {"llama": "[Shuji Tasaka, Yutaka Ishibashi, Mario Montagud, Fernando Boronat, Hans Maarten Stokking]"}, "40": {"llama": "[N. M. Mosharaf Kabir Chowdhury, Seif Haridi, Matei Zaharia, Ion Stoica, Hari Balakrishnan, Jennifer Rexford, Wolfgang Kellerer, Raouf Boutaba]"}, "41": {"llama": "[A. Pretschner, Mariam Daoud, Miriam Fernandez, David Vallet, Yuefeng Li, Susan Gauch]"}, "42": {"llama": "[Judith L. Klavans, Jimmy J. Lin, Marcelo Fiszman, Kathleen McKeown, Dina Demner-Fushman, Hong Yu, James J. Cimino, John W. Ely]"}, "43": {"llama": "[Cong-Cong Li, Wei-Chiang Hong, Hengjie Zhang, I. P\u00e9rez, Sergio Alonso, Francisco Javier Cabrerizo, Enrique Herrera-Viedma, Francisco Herrera, Luis Mart\u00ednez, Yucheng Dong, Zeshui Xu]"}, "44": {"llama": "[Robert D. Nowak, Aleksandar Dogandzic, Ronald T. Wakai, Srikantan S. Nagarajan, Arye Nehorai, B.D. Van Veen]"}, "45": {"llama": "[Casey S. Greene, Yuanfang Guan, Maria D. Chikina, Olga G. Troyanskaya, Aaron K. Wong, Chad L. Myers]"}, "46": {"llama": "[Andr\u00e9 C. Hora, Emerson R. Murphy-Hill, Oscar Nierstrasz, Thomas Zimmermann, David Notkin, Nicolas Anquetil, Denys Poshyvanyk, Mircea Lungu, Gail C. Murphy, Ricardo Terra, Marco Tulio Valente]"}, "47": {"llama": "[Slinger Jansen, Uwe Zdun, Daniel Schall, Patricia Lago, Frank Leymann, Andrea De Lucia, Cl\u00e1udia Maria Lima Werner]"}, "48": {"llama": "[Marilyn Safran, Arye Harel, Gil Stelzer, Irina Dalah, Liora Strichman-Almashanu, Vered Chalifa-Caspi, Orit Shmueli, Naomi Rosen, Doron Lancet, Tsippi Iny Stein]"}, "49": {"llama": "[Ram D. Gopal, G. Lawrence Sanders, Karl Reiner Lang, James R. Marsden, Sudip Bhattacharjee, Moutaz Khouja, Robert J. Kauffman]"}, "50": {"llama": "[Marten van Sinderen, Eduardo Goncalves da Silva, Luis Ferreira Pires, Massimo Paolucci, Srividya Kona, Terry R. Payne]"}, "51": {"llama": "[Manuela M. Veloso, Cynthia Breazeal, Maya Cakmak, Andrea Lockerd Thomaz, Hiroshi Ishiguro, Giorgio Metta, Sonia Chernova]"}, "52": {"llama": "[Georgios B. Giannakis, Hamid Jafarkhani, Lajos Hanzo, K.J.R. Liu, H. El Gamal, Erik G. Larsson, Vahid Tarokh, Yong Liang Guan, Aylin Yener]"}, "53": {"llama": "[Krishnendu Chakrabarty, Yuan Xie, David Blaauw, Wenping Wang, Fangming Ye, Chrysostomos Nicopoulos, Mahmut T. Kandemir, Lei He]"}, "54": {"llama": "[Koji Takinami, Rui Murakami, Akira Matsuzawa, Ahmed Musa, Ryo Minami, Kota Matsushita, Hiroyuki Yamagishi]"}, "55": {"llama": "[Danny Holten, Mathias Pohl, Jorik Blaas, Stephan Diehl, Florian Reitz, Stef van den Elzen, van Jj Jarke = Jack Wijk, Jarke J. van Wijk]"}, "56": {"llama": "[Narayan B. Mandayam, Andrew T. Campbell, Kristin J. Dana, Xia Zhou, Ashwin Ashok, Dina Katabi, Marco Gruteser, Chuankai An, Samuel D. Perli]"}, "57": {"llama": "[Georgios B. Giannakis, Lajos Hanzo, Chen Chen, Wei Chen, Rui Zhang, Xiaodong Wang, Andrea J. Goldsmith, Zhigang Cao, Khaled Ben Letaief, John S. Thompson, Arogyaswami Paulraj]"}, "58": {"llama": "[Philipp Peti, Benedikt Huber, Hermann Kopetz, Neeraj Suri, Roman Obermaisser]"}, "59": {"llama": "[Yossi Lev, Paul A. Martin, Hagit Attiya, Victor Luchangco, Mark Moir, Christine H. Flood, Nir Shavit, Philippas Tsigas, Maurice Herlihy, Danny Hendler]"}, "60": {"llama": "[Hiroyuki Okamura, Tadashi Dohi, Fumio Machida, Kishor S. Trivedi, Katerina Goseva-Popstojanova, Roberto Natella, Roberto Pietrantuono]"}, "61": {"llama": "[Julien Cohen-Adad, Virginie Callot, Habib Benali, Irene Tracey, Armin Curt, S. Smith, Richard D. Hoge, Jonathan C W Brooks, Serge Rossignol]"}, "62": {"llama": "[Camino R. Vela, Jorge Puente, Juan Jos\u00e9 Palacios, In\u00e9s Gonz\u00e1lez-Rodr\u00edguez, Baoding Liu, Yian-Kui Liu, Willy Herroelen, Xingsheng Gu, Adam Kasperski, Sanja Petrovic, Stefan Chanas, Shyi-Ming Chen]"}, "63": {"llama": "[Ming-Hsuan Yang, Huchuan Lu, Hongxun Yao, Min Xu, Bernhard Sch\u00f6lkopf, Cordelia Schmid, Chih-Jen Lin, Pascal Fua, Bo Yang, Tao Zhang]"}, "64": {"llama": "[Felix Ulmer, Delphine Boucher, Irfan Siap, Nuh Aydin, Mohammad Ashraf]"}, "65": {"llama": "[John Lach, Mark A. Hanson, Adam T. Barth, C Harry Powell, Jeff S. Brantley, Bradford C. Bennett, Shanshan Chen, Maite Brandt-Pearce]"}, "66": {"llama": "[Ryutarou Ohbuchi, Masaki Aono, Yong-Jin Liu, Afzal Godil, Ron Kimmel, Ayellet Tal]"}, "67": {"llama": "[Mark Coates, Robert D. Nowak, Brian Eriksson, Paul Barford, Ramesh Govindan, Aiyou Chen, Francesco Lo Presti]"}, "68": {"llama": "[David Hausheer, Bjorn Richerzhagen, Dominik Stingl, Julius Ruckert, Ralf Steinmetz, Anne-Marie Kermarrec, Joseph M. Hellerstein, Ion Stoica, Robert Morris]"}, "69": {"llama": "[Jerry Chun-Wei Lin, Jian Pei, Philip S. Yu, Shyue-Liang Wang, Tzung-Pei Hong, Wen-Hsiang Lu, Yiwen Yin]"}, "70": {"llama": "[Francky Catthoor, Diederik Verkest, Praveen Raghavan, Luca Benini, Rudy Lauwereins, Dimitrios Soudris]"}, "71": {"llama": "[Emery N. Brown, R. Barbieri, Rosa H. M. Chan, Dong Song, Liam Paninski, Vasilis Z. Marmarelis, Robert E. Hampson, Sam A. Deadwyler, Theodore W. Berger]"}, "72": {"llama": "[Dimitris Varoutas, Dimitris Katsianis, Thomas Sphicopoulos, Theodoros Rokkas, Kjell Stordahl, Ilari Welling, Jarmo Harno, Lucien Budry]"}, "73": {"llama": "[Sandor Spruit, Kevin Vlaanderen, Inge van de Weerd, Sjaak Brinkkemper, Robbert Jan Beun]"}, "74": {"llama": "[Charles E. Leiserson, Vivek Sarkar, Saman P. Amarasinghe, Hans Vandierendonck, Dimitrios S. Nikolopoulos, Ryan Newton]"}, "75": {"llama": "[Lihao Xu, Yinlong Xu, Xubin He, Shenggang Wan, Qiang Cao, Jianzhong Huang, Changsheng Xie, Jiwu Shu, James S. Plank, Patrick P. C. Lee, Liping Xiang, Xiao Qin, Yingxun Fu]"}, "76": {"llama": "[Jon Atli Benediktsson, Gustavo Camps-Valls, Lorenzo Bruzzone, Jordi Inglada, Jocelyn Chanussot, Liangpei Zhang]"}, "77": {"llama": "[Yuji Matsumoto, Lillian Lee, Fuji Ren, Changqin Quan, Kentaro Inui, Bo Pang, John D. Lafferty]"}, "78": {"llama": "[Isabella Poggi, Berardina De Carolis, Sebastiano Pizzutilo, Catherine Pelachaud, Valeria Carofiglio, Fiorella de Rosis, Nicole Novielli, Irene Mazzotta]"}, "79": {"llama": "[Zhong Jin, Yong Xu, Shuicheng Yan, Xilin Chen, Zhenyu Wang, Juwei Lu]"}, "80": {"llama": "[Khalid Saeed, Piotr Panasiuk, Marcin Adamski, Arun Ross, Anil K. Jain, Adam Szczepa\u0144ski, Maciej Szymkowski, Mariusz Rybnik, Kevin S. Killourhy, Roy A. Maxion, Nathan L. Clarke, Ning Cao, Majida Albakoor, Marcin D\u0105browski, B. Sankur, Wenjing Lou, Nabendu Chaki, Mehmet Sezgin]"}, "81": {"llama": "[Pieter Maris, James P. Vary, Chao Yang, Esmond G. Ng, Meiyue Shao]"}, "82": {"llama": "[Gerhard Fettweis, Georgios B. Giannakis, David J. Love, Sriram Vishwanath, Shlomo Shamai, H.V. Poor, Chau Yuen, Shi Jin, Mikko Vehkapera, Aris L. Moustakas]"}, "83": {"llama": "[Wenke Lee, Ali A. Ghorbani, Guofei Gu, Fabian Monrose, Vinod Yegneswaran, Wanlei Zhou, Fariba Haddadi, A. Nur Zincir-Heywood]"}, "84": {"llama": "[Xin Yao, Hisao Ishibuchi, Carlos A. Coello Coello, Mohammad Nabi Omidvar, V.G. da Fonseca, Fabio Roli, Robert J. Durrant, Xu-Ying Liu, Yangyang Li, Wei-Jie Chen, Renjie He]"}, "85": {"llama": "[Lukas A. Mueller, Sook Jung, Stephen P. Ficklin, Dorrie Main, Naama Menda]"}, "86": {"llama": "[Ming Zhou, Daniel N. Klein, Alexander Yates, Jayant Krishnamurthy, Christopher D. Manning, Tom Kwiatkowski, Mirella Lapata, Raymond J. Mooney, Luke S. Zettlemoyer, Percy Liang, Michael I. Jordan]"}, "87": {"llama": "[Charles M. Bachmann, C. Reid Nichols, Robert A. Fusina, Jon Sellars, Christopher Parrish, Marcos J. Montes, Patrick M. Woodward, K. McIlhany, Rong-Rong Li, Barry R. Truitt, Arthur C. Schwarzschild, Krista Lee]"}, "88": {"llama": "[Simone G\u00f6ttlich, Dieter Armbruster, Michael Herty, Christian Ringhofer, Ciro D'Apice, Rosanna Manzo, Benedetto Piccoli, Pierre Degond]"}, "89": {"llama": "[Jure Leskovec, Sang-Wook Kim, Christos Faloutsos, Andrew McCallum, Jon M. Kleinberg, Jennifer Golbeck]"}, "90": {"llama": "[Josef van Genabith, Daniel Gildea, Alexander M. Fraser, Hermann Ney, Yang Liu, Daniel N. Klein, Christopher D. Manning, Chris Callison-Burch, Chris Dyer, Taro Watanabe]"}, "91": {"llama": "[Fabr\u00edcio Olivetti de Fran\u00e7a, Fernando J. Von Zuben, Guilherme Palermo Coelho, Hamilton M. Ferreira, Lara Menezes, Pablo A. D. Castro, Yizong Cheng]"}, "92": {"llama": "[Zolt\u00e1n Szab\u00f3, Andr\u00e1s L\u00f6rincz, Barnab\u00e1s P\u00f3czos, Shashank Singh, Maja Pantic, Jeffrey F. Cohn, Terrence J. Sejnowski, Andr\u00e1s L\u0151rincz]"}, "93": {"llama": "[Weifeng Pan, Yutao Ma, Christopher R. Myers, Marcus Frean, James Noble, Hui Li, Bing Li, Jing Liu]"}, "94": {"llama": "[Sang Rim Lee, Haewook Park, Hoon Lee, Inkyu Lee, Kyoung Jae Lee, Han Bae Kong, Eunsung Park, Minki Ahn]"}, "95": {"llama": "[Dick den Hertog, Giuseppe Carlo Calafiore, D. Kuhn, Wolfram Wiesemann, Dimitris Bertsimas, Aharon Ben-Tal, Arkadi Nemirovski, Melvyn Sim, David B. Brown]"}, "96": {"llama": "[Ying-Chang Liang, Sonia Aissa, Mohamed-Slim Alouini, John S. Thompson, David Gesbert, Matthew R. McKay, Thomas L. Marzetta]"}, "97": {"llama": "[Manolis Mavrikis, Claude Frasson, Arthur C. Graesser, Ryan Shaun Joazeiro de Baker, Sidney K. D'Mello, Kenneth R. Koedinger, Ma. Mercedes T. Rodrigo, Vincent Aleven]"}, "98": {"llama": "[Chunming Li, Qiang Chen, Zhaohua Ding, Jinjun Wang, Laurent D. Cohen, Luminita A. Vese, Gilles Aubert, John H. Gilmore, Djamal Boukerroui]"}, "99": {"llama": "[Hongli Dong, Yurong Liu, Steven X. Ding, Huijun Gao, Xiaohui Liu, Ming Gao, Zidong Wang, James Lam, Ligang Wu, Li Sheng]"}, "100": {"llama": "[Minoru Nakayama, Klaus Robert M\u00fcller, Benjamin Blankertz, Gabriel Curio, Yasutaka Shimizu, Makoto Katsukura, Marco Porta, Jarkko Saloj\u00e4rvi, Eerika Savia, Antti Ajanki, Kai Puolam\u00e4ki, Chih-Jen Lin, Masashi Fujimoto]"}, "101": {"llama": "[Esra Erdem, Volkan Patoglu, Torsten Schaub, Vladimir Lifschitz, Chitta Baral, Giovanni Grasso]"}, "102": {"llama": "[Lars Borin, Gerhard Weikum, Markus Forsberg, Philipp Cimiano, Daniel Jurafsky, Richard Johansson]"}, "103": {"llama": "[Keng Peng Tee, Ryuichi Yokogawa, Toru Tsumugiwa, Angelika Peer, Martin Buss, Shuzhi Sam Ge, Yanan Li, Cl\u00e9ment Gosselin, Aude Billard, Vincent Duchaine]"}, "104": {"llama": "[Alma Riska, Antony I. T. Rowstron, Arif Merchant, Andrea C. Arpaci-Dusseau, Evgenia Smirni, Erik Riedel, John Wilkes, Yuhui Deng]"}, "105": {"llama": "[Johan A. Pouwelse, Anirban Mahanti, Dongyu Qiu, Ralf Steinmetz, Scott Shenker, John C. S. Lui, Keith W. Ross, Pawel Garbacki, Dick H. J. Epema, Reza Rejaie, Robert Morris, Venkata N. Padmanabhan]"}, "106": {"llama": "[Mehdi Dehghan, Jian Tang, Mario Gerla, Wei Shu, Hairong Qi, Yahya E. Osais, Sohrab Effati, Baofeng Li, Zohreh Asgari, A. H. Bhrawy, Robert Schaback]"}, "107": {"llama": "[Jie Wu, Xiaofeng Gao, Ling Ding, Xianyue Li, Weili Wu, Hongwei Du, Ding Zhu Du, Feng Zou, My T. Thai, Guoliang Xue, Ding-Zhu Du]"}, "108": {"llama": "[Cordelia Schmid, Pedro F. Felzenszwalb, Andrew Zisserman, Yanxi Liu, Hans-Peter Seidel, Pietro Perona, Jianzhuang Liu, Dan Roth, Michael I. Jordan]"}, "109": {"llama": "[Sarah Beecham, Barbara Kitchenham, Lucila Carvalho, F\u00e9lix Garc\u00eda, Francisco J. Pino, Mario Piattini, Rory V. O'Connor, Tore Dyb\u00e5, D. Ross Jeffery]"}, "110": {"llama": "[Jiawei Han, Erick Stattner, Siegfried Nijssen, Nitesh V. Chawla, Jon M. Kleinberg, Xifeng Yan, George Karypis, Hiroshi Motoda, M. E. J. Newman]"}, "111": {"llama": "[Weikuan Yu, Jeffrey S. Vetter, Wu-chun Feng, Dhabaleswar K. Panda, Sayantan Sur, K. Scott Hemmert, Torsten Hoefler, Keith D. Underwood]"}, "112": {"llama": "[Emma Norling, John Yen, Xiaocong Fan, Michael D. McNeese, Jonathan Gratch, Stacy C. Marsella, John-Jules Ch. Meyer, Karel van den Bosch, Frank E. Ritter]"}, "113": {"llama": "[Tareq Y. Al-Naffouri, Azzedine Zerguine, Ali H. Sayed, Muhammad Moinuddin, Jos\u00e9 Carlos M. Bermudez, Rui Seara]"}, "114": {"llama": "[Trevor Darrell, John Winn, Luc J. Van Gool, Rama Chellappa, Rita Cucchiara, Shaogang Gong, Mubarak Shah, Pascal Fua, Konrad Schindler]"}, "115": {"llama": "[Maen Takruri, Erdal Cayirci, Sutharshan Rajasegarar, Yogesh Sankarasubramaniam, Weilian Su, Subhash Challa, Ian F. Akyildiz, Christopher Leckie, Marimuthu Palaniswami]"}, "116": {"llama": "[Yongyun Cho, Jaeyoung Choi, Tim Finin, Lalana Kagal, Anind K. Dey, Charles K. Nicholas, Kyoungho Shin, Anupam Joshi, Youyong Zou, Harry Chen, Filip Perich]"}, "117": {"llama": "[Jiawei Han, Jiannan Wang, Cong Yu, Yongxin Tong, Lei Chen, Hector Garcia-Molina, Caleb Chen Cao]"}, "118": {"llama": "[Byung-In Kim, Jongsung Lee, Juyoung Wy, Seongbae Kim, Yong Seog Kim, Nilson Tadeu Ramos Nunes, Marielle Christiansen, Stefan R\u00f8pke]"}, "119": {"llama": "[Junchuan Xu, Huanying Helen Gu, Huanying Gu, Olivier Bodenreider, Michael Halper, Barry Smith, George Hripcsak, Yan Chen, James J. Cimino, Yue Wang]"}, "120": {"llama": "[Yide Ma, Deng Cai, Yi Ma, Lei Zhang, Zhang Yi, Bernhard Sch\u00f6lkopf, Tieniu Tan]"}, "121": {"llama": "[Hanumant Singh, Hugh F. Durrant-Whyte, Tim Bailey, Jeffrey M. Walls, Alex Cunningham, Gaurav S. Sukhatme, Ryan M. Eustice, Wolfram Burgard, Frank Dellaert, Michael Kaess, John J. Leonard, Stergios I. Roumeliotis]"}, "122": {"llama": "[Ching-Te Chuang, Kaushik Roy, Kunhyuk Kang, Said Hamdioui, Dennis Sylvester, Shang-Lin Wu, Wei-Chiang Shih, Meng-Fan Chang, Shyh-Jye Jou]"}, "123": {"llama": "[Fabio A. Gonz\u00e1lez, Juan Carlos Galeano, Wenke Lee, Vladimir Pavlovic, Jenny Benois-Pineau, Jon Timmis, Jonatan Piedra Gomez, Scott Doyle, Tutut Herawan, Paul H. Lewis, Hangzai Luo, R. Manmatha, Junzhou Huang, Fernando Nino, Thomas Stibor, David Bandon]"}, "124": {"llama": "[Serena Villata, Fabien Gandon, Luca Costabello, Michel Buffa, Olivier Corby, Catherine Faron-Zucker]"}, "125": {"llama": "[Donald F. Towsley, Mario Gerla, Sachin Katti, Chunming Qiao, Shoji Kasahara]"}, "126": {"llama": "[David E. Goldberg, Kalyanmoy Deb, Hisao Ishibuchi, Carlos A. Coello Coello, Qingfu Zhang, Martin Pelikan, Kumara Sastry, Xavier Llor\u00e0, Dunwei Gong]"}, "127": {"llama": "[Timothy N. Miller, Radu Teodorescu, Anand Raghunathan, Vijay Janapa Reddi, Josep Torrellas, Meeta Sharma Gupta, David Blaauw, Trevor N. Mudge, Dennis Sylvester, Todd M. Austin, Scott A. Mahlke, Gu-Yeon Wei, David M. Brooks]"}, "128": {"llama": "[Oliver Brdiczka, Patrick Reignier, James L. Crowley, J\u00e9r\u00f4me Maisonnasse, Jean-Luc Meunier, Guillaume Lathoud, Dorothy Ndedi Monekosso]"}, "129": {"llama": "[Sebastian St\u00fcker, Christian F\u00fcgen, Florian Kraft, Matthias W\u00f6lfel, John W. McDonough, Alex Waibel, Hermann Ney, Sakriani Sakti, Alan W. Black]"}, "130": {"llama": "[Jane E. Alty, D. R. Stuart Jamieson, David M. Halliday, Jeremy Cosgrove, Stuart Jamieson, Stephen L. Smith, Andy M. Tyrrell, Michael A. Lones]"}, "131": {"llama": "[Richard Socher, Eric H. Huang, Tomas Mikolov, Xueqi Cheng, Gaowei Wu, Yoshua Bengio, Christopher D. Manning, Jing Jiang]"}, "132": {"llama": "[U. Rajendra Acharya, Jen Hong Tan, Roshan Joy Martis, Jasjit S. Suri, Choo Min Lim, S. Vinitha Sree]"}, "133": {"llama": "[Cyril Brom, Michal B\u00edda, Jakub Gemrot, Ana Paiva, Marc Cavazza, Jo\u00e3o Dias, Sandy Louchart]"}, "134": {"llama": "[Barbara Tversky, Mary Hegarty, Julie Bauer Morrison, Katharina Scheiter, Paul Ayres, Mireille Betrancourt, Gennady L. Andrienko, Fabian Beck]"}, "135": {"llama": "[Michael Lewis, Shih Yi Chien, Katia P. Sycara, Jacob W. Crandall, Michael A. Goodrich, Raja Parasuraman, Mary L. Cummings]"}, "136": {"llama": "[Peter Murray-Rust, Ioannis Xenarios, Jonathan Alvarsson, Christoph Steinbeck, Marcus Ennis]"}, "137": {"llama": "[Matei T. Ciocarlie, Corey Goldfeder, Kaiyu Hang, Jeffrey Mahler, Peter K. Allen, Andrew Y. Ng, Ken Goldberg]"}, "138": {"llama": "[Sudip Misra, Mohammad S. Obaidat, Ian F. Akyildiz, Brian Neil Levine, Joel J. P. C. Rodrigues, Xu Li]"}, "139": {"llama": "[Kun Yang, Yan Zhang, Rui Zhang, Zhu Han, Elza Erkip, Kaibin Huang, Sennur Ulukus, Osvaldo Simeone, Aylin Yener]"}, "140": {"llama": "[Joel A. Tropp, Lawrence Carin, Hongbin Li, Pramod K. Varshney, Moeness G. Amin, Braham Himed]"}, "141": {"llama": "[Ofir Turel, Alexander Serenko, Viswanath Venkatesh, Kem Z. K. Zhang, Christy M. K. Cheung, Izak Benbasat, Anol Bhattacherjee, Detmar W. Straub, Matthew K. O. Lee]"}, "142": {"llama": "[Walt Truszkowski, Christopher A. Rouff, Mike Hinchey, Michael G. Hinchey, Hai Lin, David W. Bustard, Tiziana Margaria]"}, "143": {"llama": "[Tim Kindberg, Nigel Davies, Ichiro Satoh, Marcos Frid, Jukka Riekki, Hannu Kukka]"}, "144": {"llama": "[Bram Platel, Nico Karssemeijer, Arjan Kuijper, Joachim Weickert, Martin Lillholm, Frans Kanters, Marco Loog, Mads Nielsen, Daniel Rueckert, Clara I. S\u00e1nchez, Elena Marchiori, Ali Shokoufandeh]"}, "145": {"llama": "[Ethan L. Miller, Eduardo Pinheiro, Darrell D. E. Long, Jianzhong Huang, Hong Jiang, Bo Mao, Dan Feng, Changsheng Xie, Andrea C. Arpaci-Dusseau, Adam Manzanares, Yuanyuan Zhou, Jun Wang, Ke Zhou]"}, "146": {"llama": "[Haizhou Li, Eng Siong Chng, Geoffrey Zweig, Lidia Mangu, Martin Karafiat, Murat Saraclar, Nicholas W. D. Evans, Tuomas Virtanen]"}, "147": {"llama": "[Volker Wulf, Alexander Boden, Gabriela Avram, Gloria Mark, Judith S. Olson, Pernille Bj\u00f8rn]"}, "148": {"llama": "[Luciano Volcan Agostini, Marcelo Schiavon Porto, Gary J. Sullivan, Sergio Bampi, Wen Gao, Muhammad Shafique, Liang-Gee Chen, Thomas Wiegand]"}, "149": {"llama": "[Gyanesh Chander, Xiaoxiong Xiong, Aisheng Wu, Dennis L. Helder, Daniel L. Morstad, Amit Angal, Vincent V. Salomonson, William L. Barnes, Bruce Guenther, Junqiang Sun]"}, "150": {"llama": "[Gerhard Rigoll, Bj\u00f6rn W. Schuller, Frank Wallhoff, Dejan Arsic, Bernd Radig, Tony Poitschke, Alexander Bannat, Alois Knoll]"}, "151": {"llama": "[Richard G. Baraniuk, Andrew S. Lan, Christoph Studer, Christopher G. Brinton, Mung Chiang, Yoav Bergner, Stefan Dr\u00f6schler, Saif Rayyan]"}, "152": {"llama": "[Ben Shneiderman, Jason Dykes, Fernanda B. Vi\u00e9gas, Martin Wattenberg, Robert Kosara, Jimeng Sun, Karrie Karahalios, Anastasios Sidiropoulos]"}, "153": {"llama": "[Ryo Kurazume, Tsutomu Hasegawa, Yumi Iwashita, Kazunori Umeda, Yusuke Noda]"}, "154": {"llama": "[Serghei Mangul, Alexander Zelikovsky, Volker Roth, Nicholas Mancuso, Bassam Tork, Pavel Skums, Kelly Westbrooks, Irina Astrovskaya, Niko Beerenwinkel, Ion I. Mandoiu]"}, "155": {"llama": "[Mario Bkassiny, Sudharman K. Jayaweera, Georgios B. Giannakis, Huseyin Arslan, Wenjing Lou, Yunxia Chen, Venugopal V. Veeravalli, Lang Tong, Bhaskar Krishnamachari, Yang Li]"}, "156": {"llama": "[Trevor Darrell, Muhammad Uzair, Marios Savvides, Ajmal S. Mian, Wen Gao, Lei Zhang, Shiguang Shan, Xilin Chen, Roberto Cipolla, Yoshua Bengio]"}, "157": {"llama": "[Ilya Sutskever, Noah A. Smith, Yoshua Bengio, Kyunghyun Cho, Tomas Mikolov, Slav Petrov, Jason Weston, Hermann Ney]"}, "158": {"llama": "[Christophe Moy, Honggang Zhang, Jacques Palicot, Sumit Jagdish Darak, A. P. Vinod, Vinod Achutavarrier Prasad]"}, "159": {"llama": "[Yacine Ghamri-Doudane, Adriana Hava, Gabriel-Miro Muntean, John Murphy, Liam Murphy, Philip Perry]"}, "160": {"llama": "[Francisco Bueno, Germ\u00e1n Puebla, Jos\u00e9 F. Morales, Manuel Carro, Nataliia Stulova, Pedro L\u00f3pez-Garc\u00eda 0001, Peter J. Stuckey, Steve Kerrison, Umer Liqat]"}, "161": {"llama": "[John M. Cioffi, Georgios B. Giannakis, Jiunn-Tsair Chen, Dongning Guo, Shlomo Shamai, David Tse, Pangan Ting, Ralf R. Muller]"}, "162": {"llama": "[Teodor Sommestad, Mathias Ekstedt, Hannes Holm, Jonas Hallberg, Mikko T. Siponen]"}, "163": {"llama": "[Andreas Schlapbach, Constantin Papaodysseus, Laurent Heutte, Panayiotis Rousopoulos, Solomon Zannos, Dimitris Arabadjis, Mihalis Panagopoulos, Horst Bunke]"}, "164": {"llama": "[Luiz Velho, Daniel Cohen-Or, Yutaka Ohtake, Markus H. Gross, Jo\u00e3o Paulo Gois, Hans-Peter Seidel, Cl\u00e1udio T. Silva, Greg Turk]"}, "165": {"llama": "[Tom M. Mitchell, Svetlana V. Shinkareva, Joseph Dunlop, Herv\u00e9 Abdi, Douglas H. Wedell]"}, "166": {"llama": "[Tomas Mikolov, Yoshua Bengio, Jason Weston, Jeffrey Dean, Daniel N. Klein]"}, "167": {"llama": "[Aniket Kittur, Laura Dabbish, Michael S. Bernstein, Bongwon Suh, Peter Kinnaird, Audris Mockus, Richard Shay]"}, "168": {"llama": "[Abdollah Kavousi-Fard, Alireza Abbasi, Taher Niknam, Reza Khorramnia, Mohammad-Reza Akbari-Zadeh, Aliasghar Baziar, Mohsen Ketabi Jahromi, Farzaneh Kavousi-Fard]"}, "169": {"llama": "[Andrea Cavallaro, Maja Pantic, Simon Baker, Takeo Kanade, Tingfan Wu, Jeffrey F. Cohn, Jun Wang, Yingli Tian]"}, "170": {"llama": "[Yang Wang, Pietro Perona, Alexander C. Berg, Dacheng Tao, Jialie Shen, Bingbing Ni, Hongxun Yao, Jean Ponce, Iain A. Matthews, Jun Yu]"}, "171": {"llama": "[Todd A. Cass, Andy Edmonds, Weiguo Fan, Jaime Teevan, Susan T. Dumais, Ryen W. White]"}, "172": {"llama": "[Graham Kendall, Mart\u00edn J. Lillo Carpio, Santiago Enrique Conant-Pablos, Ben Paechter, Sanja Petrovic, Matthew R. Hyde, Barry McCollum, Edmund K. Burke, Gabriela Ochoa, Rong Qu]"}, "173": {"llama": "[Slawomir J. Nasuto, Kevin Warwick, Steve M. Potter, Thomas B. DeMarse, Daniel A. Wagenaar, A. Blau]"}, "174": {"llama": "[Katherine A. Yelick, Keith Seymour, James Demmel, Victor Eijkhout, George Bosilca, Jack Dongarra, Julien Langou, Piotr Luszczek, Zizhong Chen, Franz Franchetti, Osman Yasar, Robert E. Tuzun, Erika Fuentes, Haihang You, Boyana Norris]"}, "175": {"llama": "[Arnulph Fuhrmann, Matthias Teschner, Markus Wacker, Volker Luckas, Clemens Gro\u00df, Michael Keckeisen, Ronald Fedkiw, Xiaogang Jin, Tung Le Thanh]"}, "176": {"llama": "[Sven Groppe, Jinghua Groppe, Ioannis Stavrakantonakis, Matthias Droop, Holger Meuss, Chrisa Tsinaraki, Volker Linnemann, Stavros Christodoulakis]"}, "177": {"llama": "[Antonella Ferrara, Leonid Fridman, Matteo Corno, Lorenzo Fagiano, Lalo Magni, Michele Cucuzzella]"}, "178": {"llama": "[Andrzej Ruszczynski, Darinka Dentcheva, James R. Luedtke, Martin Branda, Miguel A. Lejeune, Shabbir Ahmed]"}, "179": {"llama": "[Cynthia Dwork, Ashwin Machanavajjhala, Graham Cormode, Josep Domingo-Ferrer, Noman Mohammed]"}, "180": {"llama": "[Nam Soo Kim, Joon-Hyuk Chang, Sanjit K. Mitra, Philipos C. Loizou, Dong Kook Kim, Yun-Sik Park, Kuan-Ting Chen]"}, "181": {"llama": "[Michael Grossniklaus, Moira C. Norrie, Stefania Leone, Florian Irmert, Alexandre de Spindler, Corsin Decurtins]"}, "182": {"llama": "[Yuji Matsumoto, Kentaro Inui, Christopher D. Manning, Yotaro Watanabe, Ryan T. McDonald, Jun'ichi Kazama, Chikara Hashimoto, Kentaro Torisawa]"}, "183": {"llama": "[Riccardo Scandariato, Maritta Heisel, Federica Paci, Holger Schmidt, Kristian Beckers, Wouter Joosen]"}, "184": {"llama": "[Trygve B. Leergaard, Larry W. Swanson, Jan G. Bjaalie, Arthur W. Toga, Mihail Bota, Hong-Wei Dong]"}, "185": {"llama": "[Michael R. Lyu, Harald Steck, Yong Liu, Andriy Mnih, Nathan Srebro, Bin Cao, Martin Ester, Joseph A. Konstan]"}, "186": {"llama": "[Zhou L, Li Dong, Ya-Jun Gao, X. X. Yi, Xiao-Ming Xiu, Yu-Bo Sheng, Jun Pan, Xing-Fu Wang]"}, "187": {"llama": "[Ajay Kumar, David Zhang, Shoichiro Aoyama, Marios Savvides, Koichi Ito, Takafumi Aoki]"}, "188": {"llama": "[Yuming Fang, Zhou Wang, Alan C. Bovik, Hamid Rahim Sheikh, Eero P. Simoncelli, Michele A. Saad, Christophe Charrier, Marco Carli, Weisi Lin]"}, "189": {"llama": "[Arash Arami, Kamiar Aminian, Pierre-Andr\u00e9 Farine, Arnaud Bertsch, Philippe Renaud, Matteo Simoncini, Peter Ryser]"}, "190": {"llama": "[Yenq Kuen Lee, Yung-Chia Lin, Chung-Ju Wu, Yi-Ping You, Sheng-Yuan Chen, Chi-Bang Kuan, Kun-Yuan Hsieh, Chia-Han Lu]"}, "191": {"llama": "[Josep Colom Ikuno, Markus Rupp, Martin Wrulich, Pietro Camarda, Francesco Capozzi, Gennaro Boggia, Luigi Alfredo Grieco, Siyi Wang, Weisi Guo]"}, "192": {"llama": "[Laurence Tratt, Mark Harman, Mel \u00d3 Cinn\u00e9ide, Houari A. Sahraoui, Mark Kent O'Keeffe, Christopher L. Simons]"}, "193": {"llama": "[Ian Dobson, B.A. Carreras, David E. Newman, F. Di Giandomenico, Paul Hines, Pooya Rezaei, Bertrand Nkei, A. B. Poole, V. E. Lynch, Janghoon Kim, Jim Thorp, Silvano Chiaradonna, Paul Gradney, J. M. Reynolds Barredo, Jie Chen, Naga S. Degala]"}, "194": {"llama": "[Uwe Aickelin, Helen Celia, Christopher H. Clegg, Arndt Schwaiger, Bj\u00f6rn P. Stahmer, Chris W. Clegg, Peer-Olaf Siebers]"}, "195": {"llama": "[W. M. P. van der Aalst, Minseok Song, Matthias Weidlich, Laura Maruster, Dirk Fahland, Marlon Dumas, Francesco Folino, M. H. Schonenberg]"}, "196": {"llama": "[Jerzy Tyszer, Mohammad Tehranipoor, Mark Kassab, Hans-Joachim Wunderlich, Bernd Koenemann, Kun-Han Tsai, Grzegorz Mrugalski, Krishnendu Chakrabarty, Janusz Rajski, Seongmoon Wang, Benoit Nadeau-Dostie]"}, "197": {"llama": "[Graham Neubig, Franz Josef Och, Yang Liu, Satoshi Nakamura, Alan W. Black, Tomoki Toda, Hisashi Kawai, Sakriani Sakti]"}, "198": {"llama": "[Slava Shechtman, Keiichi Tokuda, Junichi Yamagishi, Alexander Sorin, Daniel Erro, David Malah, Cenk Demiroglu, Zvi Kons, Ron Hoory, Vincent Pollet]"}, "199": {"llama": "[Xavier Martorell, Eduard Ayguad\u00e9, Jes\u00fas Labarta, Rosa M. Badia, Albert Cohen, Antoniu Pop]"}, "200": {"llama": "[Marian Gheorghe, Gheorghe P\u0103un, Gheorghe Paun, Atulya K. Nagar, Mario J. P\u00e9rez-Jim\u00e9nez, Carlos Mart\u00edn-Vide, Linqiang Pan]"}, "201": {"llama": "[Philip C. Woodland, Douglas A. Reynolds, Andreas Stolcke, Douglas D. O'Shaughnessy, Martin Graciarena, Horacio Franco, Li Deng]"}, "202": {"llama": "[Murali Annavaram, Antonio Gonz\u00e1lez, David H. Albonesi, David A. Koufaty, Dean M. Tullsen, Ed Grochowski, Glenn Reinman, Jason Cong, Jian Li, Lieven Eeckhout, Mateo Valero, Onur Mutlu, Parthasarathy Ranganathan]"}, "203": {"llama": "[Mika G\u00f6\u00f6s, Fabian Kuhn, Jukka Suomela, Shai Vardi, Krzysztof Onak]"}, "204": {"llama": "[Kazuo Tanie, Yonghwan Oh, Shuuji Kajita, Kenji Kaneko, Kensuke Harada, Gerd Hirzinger, Kiyoshi Fujiwara, Hirohisa Hirukawa, Kazuhito Yokoi, Fumio Kanehiro, Sang-Rok Oh]"}, "205": {"llama": "[Rajkumar Buyya, Ian T. Foster, P\u00e9ter Kacsuk, Erik Elmroth, Alexandru Iosup, Thomas Sandholm, Steven Tuecke, O. Smirnova, Vincenzo Ciaschini, Carl Kesselman]"}, "206": {"llama": "[Amedeo Napoli, Alain Mille, Valmi Dufour-Lussier, Yannick Toussaint, Jean Lieber, Emmanuelle Gaillard, Emmanuel Nauer]"}, "207": {"llama": "[Yue Zhang, Hai Li, Kyungho Ryu, Jisu Kim, Seong-Ook Jung, Jung Pill Kim, Seung-Hyuk Kang]"}, "208": {"llama": "[Nataliya Yakymets, Giovanni De Micheli, Kotb Jabeur, S\u00e9bastien Le Beux, Ian O'Connor, Fabien Clermidy, Kartik Mohanram]"}, "209": {"llama": "[Chin-Chen Chang, Chwei-Shyong Tsai, Jen-Bang Feng, Min-Shiang Hwang, Nenghai Yu, Yen-Ping Chu]"}, "210": {"llama": "[Zhimin Huang, Shuai Li, Xinyi Liu, Jian Zhang, Shaoyong Lu, Wenkang Huang, Qiancheng Shen]"}, "211": {"llama": "[Ernst W. Biersack, Alexandros G. Dimakis, Hakim Weatherspoon, Kannan Ramchandran, John Kubiatowicz, Pengfei You]"}, "212": {"llama": "[Maxime Descoteaux, Rutger Fick, Evren \u00d6zarslan, Carl-Fredrik Westin, Liqun Qi, Rachid Deriche, Baba C. Vemuri, Timothy M. Shepherd, Peter J. Basser]"}, "213": {"llama": "[Antonio Jose Estepa, Rafael Estepa, Juan M. Vozmediano, Jaime Lloret, Kiril Kassev]"}, "214": {"llama": "[Sara Rodr\u00edguez, Fernando De la Prieta, Juan Francisco de Paz, Javier Bajo, Juan M. Corchado, Alejandro S\u00e1nchez, Osamu Hasegawa, Shen Furao, Tomotaka Ogura]"}, "215": {"llama": "[Juan A. Mesa, Gilbert Laporte, Alicia De-Los-Santos, \u00c1ngel Mar\u00edn, Francisco A. Ortega, David Canca]"}, "216": {"llama": "[Dong-Sheng Cao, Qing-Song Xu, Aiping Lu, Nan Xiao, Ming Wen, Kuo-Chen Chou, Ning-Ning Wang]"}, "217": {"llama": "[Peng Shi, Wen-An Zhang, Jianbin Qiu, Gang Feng, James Lam, Huijun Gao, Daniel W. C. Ho]"}, "218": {"llama": "[Trishul M. Chilimbi, Xipeng Shen, Matthew Arnold, Yutao Zhong, Yaoqing Gao, Kai Tian, Yunlian Jiang, Hao Luo, Bin Bao, Yingwei Luo, Xiaolin Wang, Eddy Z. Zhang]"}, "219": {"llama": "[Eduardo Santana de Almeida, Alexandre Alvaro, Vinicius Cardoso Garcia, Silvio Romero de Lemos Meira, Renata Pontin de Mattos Fortes, E.S. de Almeida, Daniel Lucr\u00e9dio, Jorge Cl\u00e1udio Cordeiro Pires Mascena, Eduardo Cruz Reis Santos]"}, "220": {"llama": "[George Bebis, Mohan M. Trivedi, Ronald Miller, Zehang Sun, Yu-Chun Chen, Satishkumar Uthiram, Ghulam Muhammad, Chih-Chung Tsai, Seiichi Mita]"}, "221": {"llama": "[Magdalena Balazinska, Philippe Cudr\u00e9-Mauroux, Seif Haridi, Michael Stonebraker, Alexander Rasin, Emad Soroush, Ugur \u00c7etintemel, Kian-Lee Tan, Haixun Wang, Volker Markl]"}, "222": {"llama": "[Iraj Mahdavi, Maghsud Solimanpur, Mohammad Saidi-Mehrabad, Mohammad Mahdi Paydar, Reza Tavakkoli-Moghaddam, Nima Safaei]"}, "223": {"llama": "[Xiang Zhang, C. Yang, Jason H. Moore, Junliang Shang, Fei Zou, Xiang Wan, Hong Xue, Qiang Yang, Weichuan Yu, Bertil Schmidt, Guixia Liu, Jorge Gonz\u00e1lez-Dom\u00ednguez, Lingtao Su, Wei Wang]"}, "224": {"llama": "[Ewa Deelman, Ian T. Foster, Kary A. C. S. Oca\u00f1a, Jonas Dias, Edward Walker, Daniel de Oliveira 0001, Eduardo S. Ogasawara, Marta Mattoso, Ioan Raicu, Daniel S. Katz, M. Wilde]"}, "225": {"llama": "[Biswanath Mukherjee, Fatos Xhafa, Georgios Ellinas, Hyunseung Choo, Ian F. Akyildiz, Keyao Zhu, Min Young Chung, Tanmay De, Yeo-Ran Yoon, Ajit Pal]"}, "226": {"llama": "[J\u00f6rn Hurtienne, Alissa Nicole Antle, Robert J. K. Jacob, Johann Habakuk Israel, Hiroshi Ishii, Greg Corness, Simon Holland]"}, "227": {"llama": "[Domenico Prattichizzo, Viviane Cadenat, Fran\u00e7ois Chaumette, Youcef Mezouar, Seth Hutchinson, Nicolas Mansard]"}, "228": {"llama": "[Tomoya Enokido, Miralda Cuka, Evjola Spaho, Keita Matsuo, Makoto Ikeda, Leonard Barolli, Fatos Xhafa, Shinji Sakamoto, Kenichi Watanabe]"}, "229": {"llama": "[Reinhard Schneider, Wolfgang Mueller, J\u00fcrgen Teich, Martin Lukasiewycz, Zebo Peng, Haibo Zeng, Paul Pop]"}, "230": {"llama": "[Cristina Urdiales, F. Sandoval, Yukio Horiguchi, Sarangi P. Parikh, Curtis W. Nielsen, Sebastian Thrun, Antonio Bandera, Ulises Cort\u00e9s, Ignacio Herrero, Ignacio D\u00edaz-Emparanza Herrero, Roberta Annicchiarico, Jacqueline Dunbar-Jacob, Jun Okamoto, Ramon L\u00f3pez de M\u00e1ntaras, Isabel Sanchez-Tato, Hanspeter A. Mallot]"}, "231": {"llama": "[Sebastian Thrun, Matthijs T. J. Spaan, Alberto Sanfeliu, Jes\u00fas Capit\u00e1n, An\u00edbal Ollero, David Hsu, Wee Sun Lee, Geoffrey J. Gordon]"}, "232": {"llama": "[Celimuge Wu, Satoshi Ohzahata, Toshihiko Kato, Haobing Wang, Xiaoxia Huang, Xiaoyan Yin]"}, "233": {"llama": "[Fabio Neri, Marco Mellia, Luca Chiaraviglio, Filip Idzikowski, Roberto Bruschi, Davide Cuda, Bing Hu]"}, "234": {"llama": "[Allen B. MacKenzie, Petri Mahonen, L.A. DaSilva, Piet Demeester, Ingrid Moerman, George Mastorakis, Athina Bourdena, Evangelos Pallis]"}, "235": {"llama": "[Michael F. P. O'Boyle, Stephen Hines, Jack W. Davidson, Lieven Eeckhout, John Cavazos, David B. Whalley]"}, "236": {"llama": "[Ali N. Akansu, Santi P. Maity, Brian Chen, Gregory W. Wornell, Fernando P\u00e9rez-Gonz\u00e1lez, Pedro Comesa\u00f1a, A. Aydin Alatan]"}, "237": {"llama": "[Lizhu Zhang, Jiawei Han, Wang-Chien Lee, Xing Xie, Yu Zheng, Irwin King, Enhong Chen, Jie Cao, Zhixian Yan, Chi-Yin Chow]"}, "238": {"llama": "[Rajkumar Buyya, Jon B. Weissman, Olivier Beaumont, Seonho Kim, Monir Abdullah]"}, "239": {"llama": "[Claudio Fabiano Motta Toledo, Bernardo Almada-Lobo, Socorro Rangel, Alistair R. Clark, Reinaldo Morabito, Paulo Morelato Fran\u00e7a, M\u00e1rcio da Silva Arantes]"}, "240": {"llama": "[\u00d6zlem Uzuner, Louise Del\u00e9ger, Guergana Savova, Wendy W. Chapman, Bradley Malin, Joshua C. Denny]"}, "241": {"llama": "[Victor A. Zinoviev, Neil I. Gillespie, J. Rif\u00ed, Josep Rif\u00e0, Joaquim Borges]"}, "242": {"llama": "[Norman Poh, Anil K. Jain, Nalini K. Ratha, Sharath Pankanti, Ruud M. Bolle, Bernadette Dorizzi]"}, "243": {"llama": "[Cornelis Roos, Guoqiang Wang, Tam\u00e1s Terlaky, Behrouz Kheirfam, C. Roos, M. El Ghami, Yanqin Bai, Jiming Peng]"}, "244": {"llama": "[Jie Tang, Jiawei Han, Andrew McCallum, John D. Lafferty, Hal Daum\u00e9, Wei Wang, Christos Faloutsos, Jing Jiang]"}, "245": {"llama": "[Ching-Liang Dai, Ming-Zhi Yang, Chyan-Chyi Wu, Pin-Hsu Kao, Cheng-Chih Hsu, De-Hao Lu, Mao-Chen Liu, Jian-Zhi Tseng]"}, "246": {"llama": "[Georgios B. Giannakis, Ismail Guvenc, Babak Hassibi, Robert Schober, Vincent Kin Nang Lau, Rick S. Blum, Alexander M. Haimovich, Mohamed-Slim Alouini]"}, "247": {"llama": "[Yingcai Wu, Siyuan Liu, Jorge Poco, Wei Chen, Juliana Freire, Conglei Shi, Wenchao Wu, Yixian Zheng]"}, "248": {"llama": "[Tom Heath, Tim Berners-Lee, Christian Bizer, Eduardo Mena, Besnik Fetahu, Stefan Dietze, Xin Wang, Silvio Peroni, John P. McCrae, Sudhir Agarwal, Manuel Lama, Robert W. Brennan, Ralf Schenkel, Sebastian Hellmann, Elmar Kiesling, Amelie Gyrard]"}, "249": {"llama": "[Tieniu Tan, Geoffrey E. Hinton, Alex Krizhevsky, Hanqing Lu, Ilya Sutskever, Ruslan Salakhutdinov, Greg Mori, Nitish Srivastava]"}, "250": {"llama": "[Andr\u00e9 Schiper, Filipe Araujo, Gregory V. Chockler, Naghmeh Ivaki, Paolo Romano, Peter Urban, Richard Ekwall, Victor C. Zandy]"}, "251": {"llama": "[Daniel Rueckert, Christos Davatzikos, Carlos Eduardo Thomaz, Duncan Fyfe Gillies, Timothy F. Cootes, Joseph V. Hajnal]"}, "252": {"llama": "[Natasha Gelfand, Francesco Bonarrigo, Shankar Krishnan, Szymon Rusinkiewicz, Leonidas J. Guibas, Marc Levoy, Daniel Cohen-Or, Alberto Signoroni]"}, "253": {"llama": "[Xin Li, Tat-Seng Chua, Meng Wang, Hao Zhang, Irwin King, W. Bruce Croft, Ling Shao]"}, "254": {"llama": "[Eva Hornecker, Alissa Nicole Antle, Martin Jonsson, Sergi Jord\u00e0, Jakob Tholander, Caroline Hummels, Elise van den Hoven, Yvonne Rogers, Jacob Buur, Paul Marshall]"}, "255": {"llama": "[Chenyang Yang, Emil Bj\u00f6rnson, Merouane Debbah, Luca Sanguinetti, Zhikun Xu, Hong Yang, Jakob Hoydis, Erik G. Larsson, Gunther Auer, Stephan ten Brink, Wenjia Liu]"}, "256": {"llama": "[Lihe Zhang, Huchuan Lu, Liqing Zhang, Weihai Chen, Lei Zhang, Jian Sun, Jingdong Wang, Ming-Hsuan Yang]"}, "257": {"llama": "[Ali Amiri, Peng Cheng, Tzung-Pei Hong, Chun-Wei Lin, Shyue-Liang Wang, Syam Menon]"}, "258": {"llama": "[Jose Rodriguez, John Chiasson, K. Gopakumar, Leon M. Tolbert, Samir Kouro, Steffen Bernet]"}, "259": {"llama": "[Josef van Genabith, Philipp Koehn, Franz Josef Och, Chris Callison-Burch, Andy Way, Christof Monz, Matteo Negri, Jianfeng Gao, Qun Liu]"}, "260": {"llama": "[Tevfik Metin Sezgin, Ayse Kucukyilmaz, Sandra Hirche, Michael A. Peshkin, Daniela Feth, Martin Buss]"}, "261": {"llama": "[Ronen I. Brafman, Carmel Domshlak, Francesca Rossi, Holger H. Hoos, Meghyn Bienvenu, Sheila A. McIlraith, Steven David Prestwich]"}, "262": {"llama": "[Terry Rout, Rory V. O'Connor, Antonia Mas, Aileen Cater-Steel, Marion Lepmets, Claude Y. Laporte]"}, "263": {"llama": "[Finn Drabl\u00f8s, Takeya Kasukawa, Yoshihide Hayashizaki, Piero Carninci, Hideya Kawaji, Alistair R. R. Forrest]"}, "264": {"llama": "[Jiantao Zhou, Xiaofeng Liao, Chengqing Li, Yushu Zhang, Kwok-Wo Wong, Leo Yu Zhang, Junwei Zhou, Licheng Liu]"}, "265": {"llama": "[Shi Jin, Arogyaswami Paulraj, Antonia Maria Tulino, Helmut B\u00f6lcskei, Chengshan Xiao, Chao-Kai Wen, Philippe Loubaton]"}, "266": {"llama": "[Michal P\u011bchou\u010dek, Martin Rehak, Michal Pechoucek, Jan To\u017ei\u010dka, Kuai Xu, Cristian Estan, Jan Stiborek, Martin Grill]"}, "267": {"llama": "[Ying Ding, Loet Leydesdorff, Ludo Waltman, Vincent Larivi\u00e8re, Kevin W. Boyack, Dangzhi Zhao, Andreas Strotmann, Nees Jan van Eck, Houqiang Yu]"}, "268": {"llama": "[Scott R. Klemmer, Jeffrey P. Bigham, Elizabeth Gerber, Bj\u00f6rn Hartmann, Steven P. Dow, George W. Fitzmaurice]"}, "269": {"llama": "[Chao Yang, Lin Gan, Wei Xue, Haohuan Fu, Xinliang Wang, Wayne Luk, Guangwen Yang, Paulius Micikevicius, Linfeng Li]"}, "270": {"llama": "[Patric R. Spence, Brandon Van Der Heide, Joseph B. Walther, Xialing Lin, Kenneth A. Lachlan, David Westerman]"}, "271": {"llama": "[Julio Abascal, Helen Petrie, Myriam Arrue, Markel Vigo, Simon Harper, Lawrie Phipps, Elaine Pearson]"}, "272": {"llama": "[Fang Qi, Nina Bhatti, Anna Bouch, Allan Kuchinsky, Markus Fiedler, Cristina Hava Muntean, Guojun Wang, Xiaodong Lin]"}, "273": {"llama": "[Jochen Horstmann, Susanne Lehner, Johannes Schulz-Stellenfleth, William Perrie, Yijun He, Xiaofeng Li, Biao Zhang]"}, "274": {"llama": "[Dhabaleswar K. Panda, Jiuxing Liu, Stephen L. Scott, David Ml Brown, Rolf Neugebauer, Bulent Abali, Wei Huang]"}, "275": {"llama": "[G\u00fcnther R. Raidl, Petrina Papazek, Fr\u00e9d\u00e9ric Meunier, Bin Hu, Andrea Rendl, Christian Kloim\u00fcllner, Anand Subramanian, Luca Di Gaspero]"}, "276": {"llama": "[Bobin Deng, Ming Cong, Yaobin Wang, Kunle Olukotun, Hong An, Luis Ceze, Qi Li]"}, "277": {"llama": "[Radim Blaheta, Ondrej Jakl, Ji\u0159\u00ed Star\u00fd, Roman Kohut, Ond\u0159ej Jakl, Maya Neytcheva]"}, "278": {"llama": "[Yongpan Liu, Yiran Chen, Vijaykrishnan Narayanan, Huazhong Yang, Jiwu Shu, Keni Qiu]"}, "279": {"llama": "[Mei-Ling Shyu, Shu-Ching Chen, Na Zhao, Kasturi Chatterjee, Haiman Tian, Chengcui Zhang]"}, "280": {"llama": "[Matthew B. Dwyer, Martin Leucker, Alessandro Fantechi, Patrick Heymans, Tiziana Margaria, Bernhard Steffen, Pierre-Yves Schobbens]"}, "281": {"llama": "[Lucas J\u00f3dar, J. C. Cort\u00e9s, L. Villafuerte, Benito M. Chen-Charpentier, Gema Calbo, Juan Carlos Cort\u00e9s, Laura Villafuerte]"}, "282": {"llama": "[Dimitrios M. Thilikos, Ton Kloks, Van Bang Le, Maw-Shang Chang, Jiping Liu, H. N. de Ridder, David B. Chandler]"}, "283": {"llama": "[Ben Martini, Kim-Kwang Raymond Choo, Jiankun Hu, Yuval Elovici, Xuxian Jiang, Yajin Zhou, Ainuddin Wahid Abdul Wahab, Ali Dehghantanha, Abdullah Azfar, Zaiton Muda, Nurul Hidayah Ab Rahman, Tim Storer, Darren Quick, Christian D'Orazio, William Bradley Glisson, Wee-Chiat Chai, Hafiz Abdur Rehman Amjad]"}, "284": {"llama": "[Yu Yang, Ganesh Gopalakrishnan, Cormac Flanagan, Shaz Qadeer, Madanlal Musuvathi, Brian Demsky, Brian Norris]"}, "285": {"llama": "[Fabio Marton, Francois Blais, Guy Godin, Louis Borgeat, Michel Picard, Philippe Massicotte]"}, "286": {"llama": "[Atsuo Kawai, Ryo Nagata, Joel R. Tetreault, Martin Chodorow, Francis Bond, Naoki Isu]"}, "287": {"llama": "[Andrea De Lucia, Bogdan Dit, Daniel M. German, Denys Poshyvanyk, Fabio Palomba, Gabriele Bavota, Mario Linares-V\u00e1squez, Massimiliano Di Penta, Oscar Nierstrasz, Rocco Oliveto, St\u00e9phane Ducasse, Tom Mens, Vaclav Rajlich]"}, "288": {"llama": "[Wilhelm Hasselbring, Florian Fittkau, Claire Knight, Robert Heinrich, B. Cornelissen, Christian Wulf, Stefan Siegl, S. Roth, Andy Zaidman, Michele Lanza, Richard Wettel, Andr\u00e9 van Hoorn]"}, "289": {"llama": "[Giuseppe De Giacomo, Anastasios Kementsietsidis, Ladjel Bellatreche, Diego Calvanese, Domenico Lembo, Philip A. Bernstein, Yamine Ait-Ameur, St\u00e9phane Jean]"}, "290": {"llama": "[Cong Xu, Qing Wu, Yiran Chen, Hai Li, Wujie Wen, Yuan Xie, Mengjie Mao, Yaojun Zhang]"}, "291": {"llama": "[Andreas F. Molisch, Ignacio Rodriguez, Istvan Zsolt Kovacs, Sundeep Rangan, Theodore S. Rappaport, Timothy A. Thomas, Shu Sun, Sooyoung Hur, Amitava Ghosh, Mathew K. Samimi, George R. MacCartney]"}, "292": {"llama": "[Maciej Drozdowski, Bharadwaj Veeravalli, Debasish Ghose, Arnaud Legrand, Thomas G. Robertazzi, Hyoung Joong Kim, Jingxi Jia, Mohamed Othman, Yuping Wang, Sundaram Suresh]"}, "293": {"llama": "[Michael Beigl, Christian Decker, Albert Krohn, Philip Robinson, Till Riedel, Daniel Roehr]"}, "294": {"llama": "[Tony F. Chan, Daniel Cremers, Luminita A. Vese, Christoph Schn\u00f6rr, Stefano Soatto, Thomas Pock, Aly A. Farag, Yuri Boykov, Selim Esedoglu]"}, "295": {"llama": "[J Foussier, R Reinder Haakma, X Xi Long, P Pedro Fonseca, Rm Ronald Aarts]"}, "296": {"llama": "[Elena Katok, Tony Haitao Cui, Juanjuan Zhang, Steven H. Collins, Ulrich W. Thonemann]"}, "297": {"llama": "[Xiaowei Yang, Jelena Mirkovic, Peter L. Reiher, Erik Kline, Adrian Perrig]"}, "298": {"llama": "[Libero Nigro, Franco Cicirelli, Angelo Furfaro, Andrea Giordano, Giancarlo Fortino, Gul Agha, Kim Guldstrand Larsen, Michael J. North, Xiaolin Hu, Bernd-Holger Schlingloff, Enrico Vicario, Witold Pedrycz, Francesco Pupo, Georgios K. Theodoropoulos, Michael Lees, Rob Minson, Wil M. P. van der Aalst, Yushun Fan]"}, "299": {"llama": "[Olutayo O. Oyerinde, Stanley H. Mneney, Lihai Liu, Li Zhang, Qinghua Guo, Lajos Hanzo, Hiroshi Suzuki, Li Ping, Satoshi Suyama, Kazuhiko Fukawa, Wai K. Leung]"}, "300": {"llama": "[Gonzalo Navarro, Edgar Ch\u00e1vez, Jose L. Marroquin, Pavel Zezula, St\u00e9phane Marchand-Maillet, David Novak]"}, "301": {"llama": "[Chisato Yamasaki, Toshihisa Takagi, Atsuko Yamaguchi, Henning Hermjakob, Rutger Vos, T. Fujisawa, Toshiaki Katayama, Naohisa Goto, Yasukazu Nakamura]"}, "302": {"llama": "[Noriyuki Miura, Yu-ichi Hayashi, Makoto Nagata, Jean-Luc Danger, Amine Dehbaoui, Shivam Bhasin, Takushi Hashida, David Naccache, Ingrid Verbauwhede]"}, "303": {"llama": "[Maurizio Lenzerini, Georg Gottlob, Ian Horrocks, Nicola Leone, Thomas Eiter, Franz Baader, Stijn Heymans, Phokion G. Kolaitis, Cristian Molinaro]"}, "304": {"llama": "[Lois M. L. Delcambre, Susan Price, Andrew Turpin, Heikki Keskustalo, Kalervo J\u00e4rvelin, Marianne Lykke Nielsen, Ellen M. Voorhees, Peter Vedsted]"}, "305": {"llama": "[Pedro Morillo, Juan M. Ordu\u00f1a, Wentong Cai, Rynson W. H. Lau, John C. S. Lui, Marcos Fern\u00e1ndez, Eri Giannaka, Mark Billinghurst, Bu-Sung Lee, Stephen Chenney, Norman I. Badler, Duong Nguyen Binh Ta, Guan-Ming Liao, Wayne Piekarski]"}, "306": {"llama": "[Xinyu Li, Mitsuo Gen, Liang Gao, Ling Wang, Chiung Moon]"}, "307": {"llama": "[Depeng Jin, Lieguang Zeng, Yong Li, Li Su, Minglu Li, Jon Crowcroft, Yanmin Zhu, Pan Hui, Thrasyvoulos Spyropoulos, Guohong Cao]"}, "308": {"llama": "[Luciano Volcan Agostini, Gisle Bjontegaard, Heiko Schwarz, Jens-Rainer Ohm, Gary J. Sullivan, Thomas Wiegand, Haricharan Lakshman]"}, "309": {"llama": "[George K. I. Mann, Raymond G. Gosine, Paul Newman, Wolfram Burgard, Nathan Michael, Hugh F. Durrant-Whyte, Fuchun Sun, Daowen Qiu, Feng Lin]"}, "310": {"llama": "[Peter Beyerlein, Heike Ruppertshofen, Hauke Schramm, Cristian Lorenz, Jurij F\u00fcrst, Georg Rose, Zein Salah]"}, "311": {"llama": "[Shojiro Nishio, John A. Stankovic, Deborah Estrin, Hari Balakrishnan, John S. Heidemann, Ian F. Akyildiz, Demet Aksoy, Tian He, Dragos Niculescu]"}, "312": {"llama": "[Elio Sancristobal, Gustavo R. Alves, Karel Jezernik, Manuel Castro, Mohamed Tawfik, Pablo Ordu\u00f1a, Javier Garcia-Zubia]"}, "313": {"llama": "[Giorgio C. Buttazzo, Daniel Moss\u00e9, Rami G. Melhem, James H. Anderson, Tarek F. Abdelzaher, Giuseppe Lipari, Vladimir Cretu, Hakan Aydin, Mihai V. Micea]"}, "314": {"llama": "[Tong Zhang, Guiqiang Dong, Sivan Toledo, Eran Gal, Hai Li, Jianhang Huang, Saugata Ghose, Meng Zhang, Kui Cai, Jun Jin Kong, In-Cheol Park]"}, "315": {"llama": "[Yonina C. Eldar, Yi Ma, R\u00e9mi Gribonval, David L. Donoho, Martin J. Wainwright, Michael Elad]"}, "316": {"llama": "[Zidong Wang, Cheng-De Zheng, Fuad E. Alsaadi, Xiaohui Liu, Huijun Gao, Yurong Liu, Wenwu Yu, Lihua Xie, Daniel W. C. Ho]"}, "317": {"llama": "[Krzysztof Kaczor, Grzegorz J. Nalepa, Szymon Bobek, Reina Uba, Antoni Lig\u0119za, Krzysztof Kluza, Weronika T. Adrian, Mateusz \u015ala\u017cy\u0144ski, Krzysztof Kutt]"}, "318": {"llama": "[Markus Bachmann, Zhen Dong, Josef Mittermayer, Hauke Fiedler, Pau Prats-Iraola, Francesco De Zan, Rolf Scheiber, Andreas Reigber, Marwan Younis, Alberto Moreira]"}, "319": {"llama": "[Paulo Drews, Achim J. Lilienthal, Wolfram Burgard, Jos\u00e9 L. Neira, Pedro N\u00fa\u00f1ez, Mario Fernando Montenegro Campos, Jorge Dias, Sebastian Thrun, David G. Lowe, Henrik Andreasson, Martin Magnusson]"}, "320": {"llama": "[David Gefen, Viswanath Venkatesh, Mary Tate, Arun Rai, Joerg Evermann, Detmar W. Straub, Izak Benbasat]"}, "321": {"llama": "[Jiawei Han, Scott Shenker, Hui Zhang, Yang Liu, David R. Karger, Richard M. Karp, Gaogang Xie, Viktor K. Prasanna]"}, "322": {"llama": "[Enzo Pasquale Scilingo, Claudio Gentili, R. Barbieri, Danilo De Rossi, Antonio Lanat\u00ed, K. Paul Joseph, Gaetano Valenza, Antonio Lanata, Matteo Bianchi, U. Rajendra Acharya, Alberto Greco, Luca Citi, Jasjit S. Suri, Rita Paradiso, Mimma Nardelli]"}, "323": {"llama": "[Amanda Harris, Jochen Rick, Emma Mercier, Paul Marshall, Meredith Ringel Morris, Yvonne Rogers, Andri Ioannou, Christina Vasiliou, Panayiotis Zaphiris, Nicola Yuill]"}, "324": {"llama": "[Yan Chen, Bhaskar Krishnamachari, Hongseok Kim, Eitan Altman, Bernard Cousin, Samer Lahoud, Kinda Khawam, Farah Moety, Yiqun Wu]"}, "325": {"llama": "[Cory J. Butz, Anders L. Madsen, Andr\u00e9s Cano, Antonio Salmer\u00f3n, Thomas Dyhre Nielsen, Prakash P. Shenoy, Andr\u00e9s R. Masegosa, Hong Yao, Shan Hua, S. K. M. Wong]"}, "326": {"llama": "[Mark H. Ellisman, Jos\u00e9-Jes\u00fas Fern\u00e1ndez, Inmaculada Garc\u00eda, Jos\u00e9 Mar\u00eda Carazo, Mona Wong, Steven T. Peltier, Stephen A. Mock]"}, "327": {"llama": "[Jiawei Han, Chen Luo, Philip S. Yu, Qiang Yang, Yu Zheng, Yizhou Sun, Christopher D. Manning, Jia Zeng, Mingxuan Yuan, Xing Xie, Chuan Shi]"}, "328": {"llama": "[Fetahi Wuhib, Giovanni Pacifici, Filip De Turck, Bart Dhoedt, Hendrik Moens, Brendan Jennings]"}, "329": {"llama": "[Mar\u00eda N. Moreno, Vivian F. L\u00f3pez, Joel Pinho Lucas, Joseph A. Konstan, Badrul M. Sarwar, Jae Kyeong Kim, Jos\u00e9 J. Pazos-Arias, Hsinchun Chen, Ana Fern\u00e1ndez-Vilas, Antonio Hernando]"}, "330": {"llama": "[Zhenyu Chen, Zhihong Zhao, Gregg Rothermel, Ruizhi Gao, Mary Jean Harrold, Baowen Xu, Rui Abreu, Arjan J. C. van Gemund, W. Eric Wong, James A. Jones, T. H. Tse]"}, "331": {"llama": "[M. E. J. Newman, Hanghang Tong, Tao Li, Daniel Duanqing Wu, Xiaohua Hu, Chung-Yuan Huang, Kazuhiro Kazama, Vito Latora, Ryohei Nakano]"}, "332": {"llama": "[Rajkumar Buyya, Samee Ullah Khan, Ian T. Foster, Karan Vahi, Gaurang Mehta, Anton Beloglazov, Alberto N\u00fa\u00f1ez, Jes\u00fas Carretero, Huiqun Yu, Guisheng Fan, Liqiong Chen]"}, "333": {"llama": "[Francisco J. Gutierrez, Juan Rodr\u00edguez-Covili, Jes\u00fas Favela, Sergio F. Ochoa, Jos\u00e9 A. Pino, H. Andr\u00e9s Neyem]"}, "334": {"llama": "[Eduardo Cabal-Yepez, Rene de Jesus Romero-Troncoso, Roque Alfredo Osornio-Rios, Myeongsu Kang, Arturo Garcia-Perez, Jose A. Antonino-Daviu, M. Pineda-Sanchez, Ruben Puche-Panadero, Vicente Climente-Alarcon, M. Riera-Guasp]"}, "335": {"llama": "[Chung Keung Poon, Feifeng Zheng, Yinfeng Xu, Sungjin Im, Benjamin Moseley, Stanley P. Y. Fung, Jae-Hoon Kim]"}, "336": {"llama": "[Xian Ke, Robert Zack, Patrick Bours, Roy A. Maxion, John C. Stewart, Adam Goodkind, Sung-Hyuk Cha, Charles C. Tappert, John V. Monaco]"}, "337": {"llama": "[T. Fujisawa, Toshiaki Katayama, Susumu Goto, Yasunori Yamamoto, Atsuko Yamaguchi, Raoul J. P. Bonnal, Yasukazu Nakamura, Nicolas Le Nov\u00e8re]"}, "338": {"llama": "[Kevin L. Moore, YangQuan Chen, Christopher Freeman, Bing Chu, Eric Rogers, Mark Blackwell, Mircea-Bogdan Radac, Youqing Wang, Douglas A. Bristow]"}, "339": {"llama": "[Daniel Rueckert, Fran\u00e7ois Rousseau, Arthur W. Toga, Nicholas Ayache, John H. Gilmore, Joseph V. Hajnal]"}, "340": {"llama": "[Heinz W. Schmidt, Frank Alexander Kraemer, Peter Herrmann, Vidar Sl\u00e5tten, Jan Olaf Blech]"}, "341": {"llama": "[Samuel Madden, Mirella M. Moro, Vanessa Braganholo, Carlos A. Heuser, Dan Suciu, Nick Koudas, Divesh Srivastava, H. V. Jagadish, Giovanna Guerrini, Ronaldo dos Santos Mello]"}, "342": {"llama": "[Ling Fu Xie, Lu Lu, Soung Chang Liew, Shengli Zhang, Ivan Wang Hei Ho, Peter Han Joo Chong]"}, "343": {"llama": "[Wallace Alves Martins, Sergios Theodoridis, Ali H. Sayed, Yuantao Gu, Markus V. S. Lima, Paulo S. R. Diniz]"}, "344": {"llama": "[Jan Bosch, Ayb\u00fcke Aurum, Robert Feldt, Teemu Karvonen, Lucy Ellen Lwakatare, Markku Oivo, Pasi Kuvaja]"}, "345": {"llama": "[Mamadou D. Seck, Alexander Verbraeck, Gert-Jan de Vreede, Gert Jan De Vreede, Stephan Lukosch, Andreas Tolk, Xiaolin Hu, Gwendolyn L. Kolfschoten]"}, "346": {"llama": "[Christophe Clavier, Ezzat A. Dabbish, Jean-Jacques Quisquater, Jessy Cl\u00e9di\u00e8re, Dong-Guk Han, Thanh-Ha Le, Eric Brier, Francis Olivier]"}, "347": {"llama": "[Pei-Chann Chang, Shih-Hsin Chen, Wei-Hsiu Huang, Chen-Hao Liu, Shih-Wei Lin]"}, "348": {"llama": "[R.D. De Roo, Li Li, Mustafa Aksoy, Jeffrey R. Piepmeier, Damon Bradley, Christopher S. Ruf]"}, "349": {"llama": "[Marcelo C. Couto, Davi C. Tozoni, Pedro Jussieu de Rezende, Stephan Friedrichs, S\u00e1ndor P. Fekete, Christiane Schmidt, Cid C. de Souza, Alexander Kr\u00f6ller, Michael Hemmer]"}, "350": {"llama": "[Mark Handley, Martin Becke, Janardhan R. Iyengar, Randall Stewart, Thomas Dreibholz, Erwin P. Rathgeb, Michael T\u00fcxen, Xing Zhou]"}, "351": {"llama": "[Swarat Chaudhuri, Philippe Suter, Martin C. Rinard, Sanjit A. Seshia, Eran Yahav, Mika\u00ebl Mayer, Sumit Gulwani, Viktor Kuncak]"}, "352": {"llama": "[Szymon Rusinkiewicz, Francois Blais, Paolo Cignoni, Guy Godin, Roberto Scopigno, J.-A. Beraldin, F. Blais]"}, "353": {"llama": "[Fulvio Melito, Changick Song, Inkyu Lee, Giacinto Gelli, Francesco Verde, Elza Erkip, Anna Scaglione, Donatella Darsena]"}, "354": {"llama": "[Tatiana Gossen, Andreas N\u00fcrnberger, Elizabeth Foss, Hilary Browne Hutchinson, Maja Bohnacker, Stefan Haun, Karl Gyllstrom, Juan Pablo Hourcade, Marco Gaertler, Sonia Livingstone, Benjamin B. Bederson, Richard Glassey, Carsten Eickhoff, Laura A. Granka, Frea H. Kruisinga, Leif Azzopardi]"}, "355": {"llama": "[Junghoo Cho, Katsumi Tanaka, Wei-Ying Ma, Yiqun Liu, David M. Blei, Christos Faloutsos, Aristides Gionis, Andrew McCallum]"}, "356": {"llama": "[Tony Clear, Robert McCartney, Mark Guzdial, Briana B. Morrison, Sue Fitzgerald, Lynda Thomas, Andrew Luxton-Reilly, Raymond Lister, Beth Simon]"}, "357": {"llama": "[Andrea Vitaletti, David Eisenstat, James Aspnes, Luca Becchetti, Dana Angluin, Eric Ruppert, Lorenzo Bergamini]"}, "358": {"llama": "[Ronald L. Rivest, Dan Boneh, Amit Sahai, Mihir Bellare, Hovav Shacham, Matthew K. Franklin, Kwangjo Kim, Amitabh Saxena, Ben Soh]"}, "359": {"llama": "[Jeffrey Xu Yu, Ji-Rong Wen, Hsin-Hsi Chen, Eugene Agichtein, Jian-Yun Nie, Aristides Gionis, ChengXiang Zhai]"}, "360": {"llama": "[Marco A. Wehrmeister, Carlos Eduardo Pereira, Lisane B. de Brisolara, Antonio Carlos Schneider Beck, Ricardo Pezzuol Jacobi, Luigi Carro, Fl\u00e1vio Rech Wagner, J\u00falio C. B. de Mattos, Marcio F. da S. Oliveira]"}, "361": {"llama": "[Kambiz Kaviani, Amir Amirkhany, Chris Madden, Keisuke Saito, Charlie Huang, Phuong Le, Navin Kumar Mishra, Wendemagegnehu T. Beyene, Dave Secker, Mohammad Hekmat, Ralf Schmitt]"}, "362": {"llama": "[Bo K\u00e5gstr\u00f6m, Jack Dongarra, James Demmel, Daniel Kressner, Piotr Luszczek, Robert Granat]"}, "363": {"llama": "[Bo\u017cena Ma\u0142ysiak-Mrozek, Dariusz Mrozek, Alina Momot, Micha\u0142 Momot, \u0141ukasz Hera, Andreas Prli\u0107, Peter W. Rose, Damian Borys, Roman Jaksik, B. Ma\u0142ysiak-Mrozek, Krzysztof Psiuk-Maksymowicz, Pawe\u0142 Dani\u0142owicz, Arkadiusz Poteralski, Stanis\u0142aw Kozielski]"}, "364": {"llama": "[Tuukka M. Takala, Jari Takatalo, Perttu H\u00e4m\u00e4l\u00e4inen, Joe Marshall, Joseph J. LaViola]"}, "365": {"llama": "[Anil K. Jain, Andrew Zisserman, Cordelia Schmid, Rama Chellappa, Stan Z. Li]"}, "366": {"llama": "[Daniel Mozos, Javier Resano, Juan Antonio Clemente, Francky Catthoor, Jari Nurmi, Juha-Pekka Soininen]"}, "367": {"llama": "[Hendrik Blockeel, Juan D. Vel\u00e1squez, Hiroshi Yasuda, I-Jen Chiang, Jan Van den Bussche, Maurice Bruynooghe, Raymondus Kosala, Michael Chau, Ken Barker]"}, "368": {"llama": "[Fran\u00e7ois Chaumette, Seth Hutchinson, Kostas J. Kyriakopoulos, George C. Karras, Gaurav S. Sukhatme]"}, "369": {"llama": "[Ina Schieferdecker, Anthony Wiles, George Din, Benjamin Zeiss, Helmut Neukirchen, Jens Grabowski, Dieter Hogrefe, Dominic Evans]"}, "370": {"llama": "[Eduardo Fern\u00e1ndez-Medina, Stefan Fenz, Carlos Blanco, Guttorm Sindre, Andreas Ekelhart, Joaqu\u00edn Lasheras, Mario Piattini, Fabio Massacci, Raul Mazo, Camille Salinesi, Amina Souag]"}, "371": {"llama": "[Richard G. Baraniuk, Saikat Chatterjee, Aggelos K. Katsaggelos, Bhaskar D. Rao, Anna C. Gilbert, Joel A. Tropp]"}, "372": {"llama": "[Iadh Ounis, Shima Gerani, Sang-Hyob Nam, Richard McCreadie, Seung-Hoon Na, Jong-Hyeok Lee, Yeha Lee, Fabio Crestani, ChengXiang Zhai]"}, "373": {"llama": "[Yong Wu, Daniele Vigo, Silvano Martello, David Pisinger, Robert de Souza, Hsiao-Hwa Chen, Chonggang Wang, Liuqing Yang, Xiang Cheng]"}, "374": {"llama": "[Raymond Namyst, Matthias Diener, Eduardo Henrique Molina da Cruz, Pierre-Andr\u00e9 Wacrenier, Brice Goglin, Marco Antonio Zanata Alves, Anselm Busse, Philippe Olivier Alexandre Navaux]"}, "375": {"llama": "[Longye Wang, Takao Maeda, Takafumi Hayashi, Xiaohu Tang, Makoto Nakamura, Hideyuki Torii]"}, "376": {"llama": "[Anna Lubiw, Maurizio Patrignani, Ioannis G. Tollis, Michael T. Goodrich, Fabrizio Frati, Stephen G. Kobourov, Giuseppe Di Battista, Patrizio Angelini, Giuseppe Liotta]"}, "377": {"llama": "[Zhuming Bi, Lin Zhang, Lida Xu, Fei Tao, Wenan Tan, Li Da Xu, Sohail S. Chaudhry]"}, "378": {"llama": "[Ligia Maria Soares Passos, H\u00e9l\u00e8ne Waeselynck, Nicolas Riviere, Robert Valette, S. A. Julia]"}, "379": {"llama": "[Ju-Sheng Mi, Wen-Xiu Zhang, Zhoujun Li, Tao Feng, Yee Leung, Etienne E. Kerre, Wei-Zhi Wu, Bao Qing Hu, Chun Yong Wang]"}, "380": {"llama": "[Vitorino Ramos, Agostinho C. Rosa, Carlos M. Fernandes, J. J. Merelo, Ajith Abraham, Filipe Almeida, Luis Mateus Rocha]"}, "381": {"llama": "[Youfeng Wu, George A. Reis, Wolfgang Schr\u00f6der-Preikschat, Christof Fetzer, Ute Schiffel, David I. August, Martin S\u00fc\u00dfkraut, Jonathan Chang]"}, "382": {"llama": "[Leszek Szczecinski, Georgios B. Giannakis, Mustapha Benjillali, Mohamed-Slim Alouini, Hyundong Shin, Ferkan Yilmaz, Deqiang Chen, Alex Alvarado, Norbert Goertz, Andrew Sendonaris, Elza Erkip, Daniel Benevides da Costa]"}, "383": {"llama": "[Leah Buechley, Yasmin B. Kafai, Konstantinos Chorianopoulos, Michael Eisenberg, Kristin A. Searle, G Moro, Maggie Orth, Thomas L. Martin, Clint Zeagler, Neil Gershenfeld, Thad Starner, George W. Fitzmaurice, Hiroshi Ishii, Joseph A. Paradiso, Scott E. Hudson, Mario Costa Sousa, Majeed Kazemitabaar, Jasper O'Leary, Joel Brandt, Jeffrey Bardzell, Shad Gross]"}, "384": {"llama": "[Takashi Kunifuji, Masayuki Matsumoto, Kinji Mori, Yamato Fukuta, Jun Nishiyama, Gen Kogure, Hiroyuki Sugahara]"}, "385": {"llama": "[Thirimachos Bourlai, Ioannis A. Kakadiaris, Kevin W. Bowyer, Richa Singh, Stan Z. Li, Ognjen Arandjelovic]"}, "386": {"llama": "[Francisco J. Cazorla, Miquel Moreto, Qixiao Liu, Luiz Andr\u00e9 Barroso, Y. Charlie Hu, Abhinav Pathak, Mateo Valero, Jaume Abella]"}, "387": {"llama": "[Enrico Giunchiglia, Eugenia Ternovska, Esra Erdem, Fangkai Yang, Stefan Woltran, Thomas Eiter, Torsten Schaub, Vladimir Lifschitz, Wolfgang Faber]"}, "388": {"llama": "[Chalermpol Saiprasert, Philip Heng Wai Leong, John D. Villasenor, Dong-U Lee, Christos-Savvas Bouganis, David B. Thomas]"}, "389": {"llama": "[Zixiang Xiong, Min Chen, Georgios B. Giannakis, Wei Yu, Hamid Sharif]"}, "390": {"llama": "[Gene Tsudik, Jan Camenisch, Giuseppe Ateniese, Ran Canetti, Dan Boneh, Victor Shoup, Matthew K. Franklin]"}, "391": {"llama": "[Thorsten Hampel, Ben Y. Zhao, Peter Druschel, Ion Stoica, John Kubiatowicz, Shervin Shirmohammadi]"}, "392": {"llama": "[Bruno Salvy, Alin Bostan, \u00c9ric Schost, Paul Zimmermann, Richard P. Brent, Claude-Pierre Jeannerod]"}, "393": {"llama": "[Dan Boneh, Ahmad-Reza Sadeghi, Qianhong Wu, Yang Xiao, Jonathan Katz]"}, "394": {"llama": "[Xiaomin Chen, Douglas J. Leith, David Malone, Albert Banchs, Qiang Ni]"}, "395": {"llama": "[Chih-Cheng Wu, Ching-Nung Yang, Xiaotian Wu, Chin-Chen Chang, Shyong Jian Shyu, Tzung-Her Chen]"}, "396": {"llama": "[Eero P. Simoncelli, Xiangchu Feng, Fatih Porikli, Weisi Lin, Alan A. Stocker, Brian L. Evans, Anish Mittal]"}, "397": {"llama": "[Vivienne H. Payne, Maria Cadeddu, Shepard A. Clough, Karen E. Cady-Pereira, David D. Turner, Eli J. Mlawer, James C. Liljegren]"}, "398": {"llama": "[Wei Fan, Le Song, Jiawei Han, Lawrence Carin, Inderjit S. Dhillon, Philip S. Yu, John D. Lafferty, Michael I. Jordan, Ian Davidson]"}, "399": {"llama": "[Christos Kozyrakis, Hans-Juergen Boehm, Margaret Martonosi, Benjamin C. Lee, Daniel Lustig, Susmit Sarkar]"}, "400": {"llama": "[Melike Erol-Kantarci, Melike Erol, Zhongwen Guo, Sema Oktug, Sudip Misra, Hanjiang Luo, Luiz Filipe M. Vieira, Jun-Hong Cui, Mario Gerla]"}, "401": {"llama": "[Zhenyu Yang, Xiaodong Li, A. K. Qin, Yaochu Jin, Xin Yao, Ke Tang, Jun Zhang, Qingfu Zhang, Miqing Li, Shengxiang Yang]"}, "402": {"llama": "[F. Filippetti, Hamid A. Toliyat, Bilal Akin, Seungdeog Choi, Gerard-Andre Capolino, Mina M. Rahimian, Umut Orguner]"}, "403": {"llama": "[Jorge Arinez, Guoxian Xiao, Andrea Matta, Liang Zhang, Guorong Chen, Jingshan Li, Stephan Biller, Semyon M. Meerkov, Qing Chang]"}, "404": {"llama": "[Geoffrey E. Hinton, Volkan Cevher, Koray Kavukcuoglu, David E. Carlson, Lawrence Carin, Ruslan Salakhutdinov, Yoshua Bengio]"}, "405": {"llama": "[Ali Sunyaev, Helmut Krcmar, Jan Marco Leimeister, Izak Benbasat, D. Harrison McKnight]"}, "406": {"llama": "[\u00d6zlem Uzuner, Haijun Zhai, Todd Lingren, Megan Kaiser, Katalin Molnar, Philip V. Ogren, Louise Del\u00e9ger, Guergana Savova, Imre Solti, Laura Stoutenborough]"}, "407": {"llama": "[Matt Welsh, Laura Vanzago, Giancarlo Fortino, Alberto L. Sangiovanni-Vincentelli, Luciano Lavagno, David E. Culler, Alvise Bonivento, Mohammad Mostafizur Rahman Mozumdar]"}, "408": {"llama": "[Usman Roshan, Yanni Sun, Dennis R. Livesay, Amos Marc Bairoch, Satish Chikkagoudar, David La, Geoffrey J. Barton, Sean R. Eddy]"}, "409": {"llama": "[Geoffrey E. Hinton, Hugo Larochelle, Jeff Donahue, Jitendra Malik, Wei Xu, Yoshua Bengio, Yang Yang]"}, "410": {"llama": "[Climent Nadeu, Huy Phan, Alfred Mertins, Carlos Segura, Taras Butko, Radoslaw Mazur, Xavier Gir\u00f3]"}, "411": {"llama": "[Hanqing Lu, Olivier Bousquet, Antonio Torralba, Svetlana Lazebnik, Shih-Fu Chang, Andrew Zisserman, Xuelong Li, Lei Zhang]"}, "412": {"llama": "[P.L. Lewin, Lukasz Hladowski, Krzysztof Galkowski, Hyo-Sung Ahn, YangQuan Chen, Kevin L. Moore, Zhonglun Cai, Eric Rogers]"}, "413": {"llama": "[Kevin Chan, Oscar Chi Lim Au, Xin Li, Wei Hu, Gene Cheung, Antonio Ortega, Leon Sterling]"}, "414": {"llama": "[Thomas A. Henzinger, Alessio Lomuscio, Aniello Murano, Fabio Mogavero, Franco Raimondi, Orna Kupferman, Wiebe van der Hoek]"}, "415": {"llama": "[Toshimichi Saito, Patrick Wheeler, Jose Rodriguez, Marco Rivera, Michael N. Vrahatis, Yoshinobu Kawasaki, Eugene M. Izhikevich, Soumitro Banerjee, Fangyue Chen, Ganesh K. Venayagamoorthy, Guolong He, Toshio Fukuda]"}, "416": {"llama": "[Jonas Beskow, Jens Edlund, Gabriel Skantze, Samer Al Moubayed, Bj\u00f6rn Granstr\u00f6m, Joakim Gustafson, David House]"}, "417": {"llama": "[Gordan Jezic, Mario Kusek, Iva Bojic, Vedran Podobnik, Ana Petric, Kresimir Jurasovic]"}, "418": {"llama": "[Nicole B. Ellison, Jeffrey T. Hancock, Jessica Vitak, Cameron Marlow, Cliff Lampe, Robert E. Kraut, Andrew T. Fiore, Charles Steinfield]"}, "419": {"llama": "[Amit Sanghani, Anuja Sehgal, Chunsheng Liu, Janusz Rajski, Krishnendu Chakrabarty, Mahmut Yilmaz, Milind Sonawane, Sudhakar M. Reddy, Xiaoqing Wen]"}, "420": {"llama": "[Phil Trinder, Patrick Maier, Simon Marlow, Greg Michaelson, Kevin Hammond, Hans-Wolfgang Loidl, Jost Berthold, Rita Loogen]"}, "421": {"llama": "[Gerhard W. Dueck, Matthew Morrison, Igor L. Markov, Morteza Saheb Zamani, William N. N. Hung, Guowu Yang, Nagarajan Ranganathan, Himanshu Thapliyal, Xiaoyu Song, Marek A. Perkowski, Robert Wille, Rolf Drechsler]"}, "422": {"llama": "[Masatoshi Uno, Koji Tanaka, Yuang-Shung Lee, Ming-Wang Cheng, Sheldon S. Williamson, Chol-Ho Kim, Hong-Sun Park, Joong-Hui Lee, Pablo A. Cassani, Akio Kukita, Bongkoo Kang]"}, "423": {"llama": "[Tomas Klos, Yichuan Jiang, Yifeng Zhou, Wanyuan Wang, Mathijs de Weerdt, Yingqian Zhang, Nicholas R. Jennings, Sarit Kraus]"}, "424": {"llama": "[Manesh Tailor, Peter Stewart Hearty, William Marsh, Norman Fenton, Martin Neil, Ayse Basar Bener, \u0141ukasz Radli\u0144ski]"}, "425": {"llama": "[Xuemin Lin, Jian Pei, Yan-Yan Yang, Yu Peng, Jan Chomicki, Lyublena Antova]"}, "426": {"llama": "[Bin Mu, Shicheng Wen, Shijin Yuan, Hongyu Li, Jinghao Yan, Lei Chen, Linlin Zhang, Michael R. Lyu, Zibin Zheng, Juhui Ren]"}, "427": {"llama": "[Georgios B. Giannakis, Gerhard Fettweis, Tzu-Hsien Sang, Xiang-Gen Xia, Paolo Banelli, Khaled Ben Letaief, Petar Popovski, Geert Leus]"}, "428": {"llama": "[Dipak Surie, Fabien Lagriffoul, Daniel Sj\u00f6lie, Helena Lindgren, Thomas Pederson, Lars-Erik Janlert]"}, "429": {"llama": "[David Gefen, Jason Bennett Thatcher, Yogesh Kumar Dwivedi, Paul Benjamin Lowry, Detmar W. Straub, Huigang Liang, Marie-Claude Boudreau, Fred D. Davis, James Y. L. Thong, Banita Lal]"}, "430": {"llama": "[Keyi Wang, Zhao Zhang, Xiaodong Zhang, P. Sadayappan, Xiaoning Ding, Moinuddin K. Qureshi, Qingda Lu, Yale N. Patt, Joel S. Emer, Jiang Lin, Aamer Jaleel]"}, "431": {"llama": "[Peter W. O'Hearn, Bernhard M\u00f6ller, Hongseok Yang, Tony Hoare, Georg Struth, Ian J. Hayes, Peter H\u00f6fner]"}, "432": {"llama": "[Giuseppe De Giacomo, Roman Vacul\u00edn, Frederick Y. Wu, Richard Hull, Santhosh Kumaran, Nathan S. Caswell, Elio Damaggio, Diego Calvanese]"}, "433": {"llama": "[Unsang Park, Tieniu Tan, Raghavender R. Jillela, Chandrashekhar Padole, Marios Savvides, Hugo Proen\u00e7a, Arun Ross, Anil K. Jain, Philip E. Miller, Damon L. Woodard]"}, "434": {"llama": "[V\u00edtor Manuel Mendes da Silva, Marco Gomes, Gabriel Falcao, Frank Kienle, Christophe Jego, Mark J. Harris, Eduardo A. B. da Silva, E.A.B. da Silva, M.B. de Carvalho, Nuno Rodrigues, Nelson C. Francisco]"}, "435": {"llama": "[Stefan J. Zasada, Alfons G. Hoekstra, Joris Borgdorff, Miguel O. Bernabeu, Bastien Chopard, Derek Groen, Peter V. Coveney, James Hetherington]"}, "436": {"llama": "[Carl K. Chang, Mehdi Mirakhorli, Orlena Gotel, Markus Borg, Mark J. Christensen]"}, "437": {"llama": "[Valerio Cozzani, Amos Necci, Giacomo Antonioni, Gabriele Landucci, Alessandro Tugnoli, Francesca Argenti]"}, "438": {"llama": "[Amit K. Agrawal, Jiaya Jia, Neel Joshi, Rob Fergus, Richard Szeliski, William T. Freeman, Wojciech Matusik, Anita Sellent]"}, "439": {"llama": "[Sara Price, Nicola Yuill, Claire O'Malley, Alissa Nicole Antle, Andrew Manches, Martin Kaltenbrunner]"}, "440": {"llama": "[Yuan Xie, Hiroaki Kobayashi, Rami G. Melhem, Yale N. Patt, Tao Zhang, David M. Brooks]"}, "441": {"llama": "[Leandro Navarro, Felix Freitag, Pau Escrich, Ivan Vilata, Lloren\u00e7 Cerd\u00e0-Alabern, Robert Birke, Axel Neumann, Roc Meseguer, Leonardo Maccari]"}, "442": {"llama": "[Rangaraj M. Rangayyan, Paola Casti, Anna L. Ells, Graham S. Boag, Jinshan Tang, Arianna Mencattini, Leilei Zhai, Bin Zheng, Joakim Crafoord, Ricardo J. Ferrari, Dae Hoe Kim, H. D. Cheng, Hidefumi Kobatake, Marilyn E. Noz, Huiqi Li, Naveen Kalra, J. E. Leo Desautels]"}, "443": {"llama": "[Shen Yin, Hamid Reza Karimi, Jun Zhao, Yongming Li, Ligang Wu, Peng Shi, Gang Feng, Xudong Zhao, Jianbin Qiu]"}, "444": {"llama": "[Andrzej Ruszczynski, Alexander Shapiro, Darinka Dentcheva, Shabbir Ahmed, Huifu Xu, W\u0142odzimierz Ogryczak, Simge K\u00fc\u00e7\u00fckyavuz, Claudia A. Sagastiz\u00e1bal, Patrizia Beraldi, Tito Homem-de-Mello, Miguel A. Lejeune]"}, "445": {"llama": "[Adhemar Bultheel, Evelyne Vanraes, Jan Maes, Karl Deckers, Mar\u00eda Jos\u00e9 Cantero, Pablo Gonz\u00e1lez-Vera, Paul Dierckx, Stefan Vandewalle]"}, "446": {"llama": "[Jiawei Han, Jing Yuan, Xing Xie, Yu Zheng, Daniel Gatica-Perez, Lionel Man Shuan Ni, Yunhao Liu]"}, "447": {"llama": "[Christian Wagner, Melissa F. Anderson, James M. Keller, Derek T. Anderson, Timothy C. Havens, Paul D. Gader, Daniel J. Wescott]"}, "448": {"llama": "[Theodor Borangiu, Hans-Georg Fill, Paul P. Maglio, Jim Spohrer, Robert J. Kauffman, Haluk Demirkan, Dimitris Karagiannis]"}, "449": {"llama": "[Alon Ascoli, Fernando Corinto, Hanyu Wang, Hyongsuk Kim, Marco Gilli, Ronald Tetzlaff]"}, "450": {"llama": "[Ga\u00ebl Thomas, Bertil Folliot, Gilles Muller, Julia L. Lawall, Stephen M. Blackburn, Pierre Parrend, Koutheir Attouchi, Andr\u00e9 Bottaro]"}, "451": {"llama": "[M. van der Schaar, Xiaoqing Zhu, Mihaela van der Schaar, Vikram Krishnamurthy, Yiannis Andreopoulos, Dalei Wu, Nicholas Mastronarde, Robert W. Heath, Thomas Wiegand]"}, "452": {"llama": "[Egon Willighagen, Nina Jeliazkova, Christoph Steinbeck, Dmitry Filimonov, Vladimir Poroikov]"}, "453": {"llama": "[I-Chen Wu, Jahn-Takeshi Saito, R\u00e9mi Coulom, Simon M. Lucas, Tristan Cazenave, Mark H. M. Winands, Olivier Teytaud, Shi-Jim Yen, Yngvi Bj\u00f6rnsson]"}, "454": {"llama": "[Annegret Katrin Wagler, Robert Weismantel, Monika Heiner, Ina Koch, Wolfgang Marwan, Markus Durzinsky]"}, "455": {"llama": "[David J. C. MacKay, David J. Ward, I. Scott MacKenzie, Jacob O. Wobbrock, Keith Vertanen, Leah Findlater, Nadine Vigouroux, Per Ola Kristensson, R. William Soukoreff, Shumin Zhai]"}, "456": {"llama": "[Sebastian G. Elbaum, Gordon Fraser, Mark Harman, Andreas Zeller, Yannis Smaragdakis, Alex Groce, James H. Andrews]"}, "457": {"llama": "[James D. Currie, Bastian Bischoff, Dirk Nowotka, Florin Manea, Mike M\u00fcller, Hamoon Mousavi, Michel Rigo, Kalle Saari, Francine Blanchet-Sadri, Tomasz Kociumaka, Gw\u00e9na\u00ebl Richomme]"}, "458": {"llama": "[Jessica A. Turner, T\u00fclay Adali, Jingyu Liu, Vince D. Calhoun, Ruslan Salakhutdinov]"}, "459": {"llama": "[Muhammad Imran Malik, Michael Myer Blumenstein, Alisher Anatolyevich Kholmatov, Juan Carlos G\u00f3mez, Giuseppe Pirlo, Julian Fierrez, Javier Ortega-Garcia, Marianela Parodi]"}, "460": {"llama": "[Sheng Chen, Arindam Banerjee, Babak Hassibi, Bin Yu, Pradeep Ravikumar, Vidyashankar Sivakumar, Andrea J. Goldsmith]"}, "461": {"llama": "[Kari Rye Schougaard, Kaj Gr\u00f8nb\u00e6k, Mikkel Baun Kj\u00e6rgaard, Jeffrey Hightower, Gaetano Borriello, Thomas Toftkj\u00e6r, Jakob Langdal]"}, "462": {"llama": "[Klaus Zechner, Chee Wee Leong, Chong Min Lee, David M. Williamson, Gary Feng, Yao Qian, Zhou Yu, Herv\u00e9 Bourlard, Lawrence Davis]"}, "463": {"llama": "[Klaus-Dieter Schewe, Hui Ma, Sven Hartmann, Henning K\u00f6hler, Henning Koehler, Sebastian Link]"}, "464": {"llama": "[Mehdi Kiani, Mohamad Sawan, Benoit Gosselin, Roman Genov, Hyung-Min Lee, Maysam Ghovanloo, Uei-Ming Jow]"}, "465": {"llama": "[Adrian Petcu, Tal Grinshpoun, Enrico Pontelli, Jonathan P. Pearce, Alessandro Farinelli, Milind Tambe, Roie Zivan, Wei-Min Shen, Pragnesh Jay Modi, Juan A. Rodr\u00edguez-Aguilar, Patricia Gutierrez]"}, "466": {"llama": "[Matteo Sonza Reorda, Brad L. Hutchings, Gabriel L. Nazar, Hamid R. Zarandi, Massimo Violante, Michael J. Wirthlin, Joshua S. Monson, Luigi Carro]"}, "467": {"llama": "[Rada Mihalcea, Carmen Banea, Marco Turchi, Erik Cambria, Christopher D. Manning, Roberto Navigli, Ian H. Witten, Maarten de Rijke]"}, "468": {"llama": "[Gianluca Moro, Ion Stoica, Qiang Yang, Hari Balakrishnan, Deborah Estrin]"}, "469": {"llama": "[Baining Guo, Yaron Lipman, Marc Alexa, Hujun Bao, Olga Sorkine, Mario Botsch, Xinguo Liu, Daniel Cohen-Or, Heung-Yeung Shum, Kun Zhou, Xiaohan Shi]"}, "470": {"llama": "[Rosalind W. Picard, Marian Stewart Bartlett, Mohammad H. Mahoor, Javier R. Movellan, Shangfei Wang, Maja Pantic, Ioannis Patras, Qiang Ji, Guoying Zhao, Jeffrey F. Cohn]"}, "471": {"llama": "[Arthur C. Graesser, Ryan Shaun Joazeiro de Baker, Sujith M. Gowda, Kenneth R. Koedinger, Vincent Aleven, Sidney K. D'Mello, Bruce M. McLaren]"}, "472": {"llama": "[Nuria Pelechano, Dinesh Manocha, Jan M. Allbeck, Norman I. Badler, Carol O'Sullivan, Ming C. Lin, Jur van den Berg, Jehee Lee, Mubbasir Kapadia]"}, "473": {"llama": "[Sunny Consolvo, James A. Landay, Giulio Jacucci, Tom Rodden, Geraldine Fitzpatrick, Barry A. T. Brown]"}, "474": {"llama": "[Euripides G. M. Petrakis, Ian Horrocks, Yarden Katz, Bernhard Nebel, Richard Fikes, Hung Son Nguyen, Stefan Decker, Anand Sivasubramaniam, Christoph Thuemmler, Kunwadee Sripanidkulchai]"}, "475": {"llama": "[Nicola Harte, Richard R. Copley, Richard Durbin, Peer Bork, Amos Marc Bairoch, Paul D. Thomas, Anish Kejariwal, Henning Hermjakob, Christine A. Orengo, Darren A. Natale, Teresa K. Attwood]"}, "476": {"llama": "[Qiang Lu, Qiang Yang, Weixiong Zhang, Yixin Chen, Andries Petrus Engelbrecht, Ponnuthurai N. Suganthan, Derek Long, Juan Luis Fern\u00e1ndez-Mart\u00ednez, E. Garc\u00eda-Gonzalo, Wenlin Chen, Shirong Liu]"}, "477": {"llama": "[Manuel Resinas, Pablo Fernandez, Rafael Corchuelo, Heiko Ludwig, Asit Dan, Bob Kearney]"}, "478": {"llama": "[Haixun Wang, Vincent S. Tseng, Yu Liu, Philip S. Yu, Charu C. Aggarwal, Gao Cong, Jian Pei, Reynold Cheng]"}, "479": {"llama": "[Jane Hillston, David Parker, Guido Sanguinetti, Nathalie Chabrier-Rivier, Ezio Bartocci, Allan Clark, Andrea Marin, Marta Simeoni, Erin Scott, Lucas Dixon, Max Tschaikowski]"}, "480": {"llama": "[John H. Hipwell, Mario Cheng, Sebastien Ourselin, David J. Hawkes, Christine Tanner, Lianghao Han, Zeike A. Taylor, Thomy Mertzanidou]"}, "481": {"llama": "[Rajkumar Buyya, Samee Ullah Khan, Rajiv Ranjan, Nasro Min-Allah, Keqin Li, Yongji Wang, Amin Vahdat]"}, "482": {"llama": "[Eleni Efthimiou, Stavroula-Evita Fotinea, John R. W. Glauert, Annelies Braffort, Pengfei Lu, Matt Huenerfauth, Hernisa Kacorri, J.R. Kennaway, George Caridakis, Ian Marshall, Fernando L\u00f3pez-Colino, Jos\u00e9 Col\u00e1s]"}, "483": {"llama": "[Heinz Handels, Josien P. W. Pluim, Wiro J. Niessen, Stefan Klein, James C. Gee, Julia A. Schnabel, Marius Staring, Max A. Viergever, Keelin Murphy]"}, "484": {"llama": "[Vijay Sivaraman, Wu-chi Feng, Jose Saldana, Luis Casadesus, Guido Appenzeller, Nick McKeown, Jose Ruiz-Mas, Juli\u00e1n Fern\u00e1ndez-Navajas]"}, "485": {"llama": "[Michael Sagraloff, Kurt Mehlhorn, Chee-Keng Yap, Arno Eigenwillig, Sylvain Lazard, Fabrice Rouillier, Elias P. Tsigaridas, Ioannis Z. Emiris, Jin-San Cheng, Pavel Emeliyanenko, Alexander Kobel, Victor Y. Pan, Michael Kerber]"}, "486": {"llama": "[Richard Heusdens, Vivek K. Goyal, Jesper Jensen, Mads Gr\u00e6sb\u00f8ll Christensen, S\u00f8ren Holdt Jensen, Morten Holm Larsen]"}, "487": {"llama": "[Yindi Jing, Shahram Shahbazpanahi, Robert Schober, Hoang Duong Tuan, Ha H. Nguyen, Hamid Jafarkhani, Lajos Hanzo, Anja Klein, Zhi Quan Luo, Ali Grami]"}, "488": {"llama": "[Daniel P. Miranker, Yong Yu, Axel-Cyrille Ngonga Ngomo, Ian Horrocks, Mikhail Bilenko]"}, "489": {"llama": "[Roland Siegwart, Wolfram Burgard, Daphne Koller, Geoffrey E. Hinton, Sebastian Thrun, Kurt Konolige, Gaurav S. Sukhatme, Jizhong Xiao]"}, "490": {"llama": "[Matthew Hendtlass, Douglas S. Bridges, Hajime Ishihara, Peter Schuster, Lumini\u0163a V\u00ee\u0163\u0103]"}, "491": {"llama": "[Enrique Herrera-Viedma, Francisco Javier Cabrerizo, Hans-Dieter Daniel, Leo Egghe, Lutz Bornmann, Loet Leydesdorff, Ludo Waltman, Nees Jan van Eck, Domenico Augusto Francesco Maisano, Fiorenzo Franceschini, Luca Mastrogiacomo]"}, "492": {"llama": "[Jun Ogata, Kazuyoshi Yoshii, Kiyohiro Shikano, Akinobu Lee, Yasuo Ariki, Masataka Goto, Tetsuya Ogata, Tuomas Virtanen]"}, "493": {"llama": "[MengChu Zhou, Hesuan Hu, Shouguang Wang, Spyros A. Reveliotis, Carla Seatzu, MuDer Jeng, NaiQi Wu, Zhiwu Li, Roberto Cordone, Chengying Wang]"}, "494": {"llama": "[Oliver Rose, Daniel Noack, Boon Ping Gan, Peter Lendermann, Patrick Preuss, Wolfgang Scholl, Thomas Wagner]"}, "495": {"llama": "[Alun D. Preece, N. J. Fiddian, Nicholas R. Jennings, Timothy J. Norman, Stuart Chalmers, Michael Luck, Jianhua Shao, Carl Kesselman, W. T. Luke Teacy]"}, "496": {"llama": "[Kolja Kuhnlenz, Maja Pantic, Michelle Karg, Ali-Akbar Samadani, Rob Gorbet, Dana Kulic, Hatice Gunes]"}, "497": {"llama": "[Svebor Karaman, Ross B. Girshick, Tinne Tuytelaars, Cordelia Schmid, Andrew Zisserman, Bastian Leibe, Jean Ponce, Navneet Dalal]"}, "498": {"llama": "[Timothy R. Dreszer, Cricket A. Sloan, Donna Karolchik, Galt P. Barber, Mark Diekhans, Pauline A. Fujita, Rachel A. Harte, Angie S. Hinrichs, Robert M. Kuhn, Hiram Clawson, Laurence R. Meyer, Andy Pohl, Matthew C. Wong, Ann S. Zweig, Marcus Ho]"}, "499": {"llama": "[Lora Aroyo, Massimo Zancanaro, Michael Kruppa, Oliviero Stock, Antonio Kr\u00fcger, Fabian Bohnert, Ingrid Zukerman, N Natalia Stash, Daniela Petrelli]"}}