{"0": {"llama": "[0, 1, 2, 3, 4, 5, 6], [0, 1, 2, 3, 4, 5, 6]"}, "1": {"llama": "[0, 1, 2, 3, 5, 7], [0, 1, 2, 3, 5, 7]"}, "2": {"llama": "[0, 1, 2, 3, 4, 6, 7, 8], [0, 1, 2, 3, 4, 6, 7, 8]"}, "3": {"llama": "[0, 1, 2, 3, 4, 6], [0, 1, 2, 3, 4, 6]"}, "4": {"llama": "[1, 2, 3, 4, 5, 6, 7, 8], [1, 2, 3, 4, 5, 6, 7, 8]"}, "5": {"llama": "[0, 1, 2, 3, 5, 6, 7], [0, 1, 2, 3, 5, 6, 7]"}, "6": {"llama": "[0, 1, 2, 3, 5, 6, 7, 8, 9, 10], [0, 1, 2, 3, 5, 6, 7, 8, 9, 10]"}, "7": {"llama": "[0, 1, 2, 3, 4, 5, 6, 7, 8], [0, 1, 2, 3, 4, 5, 6, 7, 8]"}, "8": {"llama": "[0, 1, 2, 3, 4, 6, 7, 8, 9], [0, 1, 2, 3, 4, 6, 7, 8, 9]"}, "9": {"llama": "[0, 1, 3, 4, 5, 8, 9], [0, 1, 2, 3, 4, 5, 9]"}, "10": {"llama": "[0, 1, 3, 4, 5, 6, 8, 9], [1, 2, 3, 4, 5, 6, 8, 9]"}, "11": {"llama": "[0, 1, 2, 3, 4, 6, 7, 8], [0, 1, 2, 3, 4, 6, 7, 8]"}, "12": {"llama": "[0, 1, 2, 3, 4, 5, 6, 7], [0, 1, 2, 3, 4, 5, 6, 7]"}, "13": {"llama": "[0, 1, 2, 3, 4, 5, 6, 7], [0, 1, 2, 3, 4, 5, 6, 7]"}, "14": {"llama": "[0, 1, 2, 3, 7, 10, 11], [0, 1, 2, 3, 6, 10, 11]"}, "15": {"llama": "[0, 1, 2, 3, 4, 5, 6, 7, 10, 11, 12], [0, 1, 2, 3, 4, 5, 6, 7, 10, 11, 12]"}, "16": {"llama": "[0, 1, 2, 3, 4, 6, 8, 9, 10], [0, 1, 2, 3, 4, 5, 8, 9, 10]"}, "17": {"llama": "[0, 1, 2, 3, 4, 5, 6, 7, 8, 9], [0, 1, 2, 3, 4, 5, 6, 7, 8, 9]"}, "18": {"llama": "[0, 1, 2, 3, 4, 6], [0, 1, 2, 3, 4, 7]"}, "19": {"llama": "[1, 2, 3, 5, 6], [1, 2, 3, 5, 6]"}, "20": {"llama": "[0, 1, 2, 3, 4, 5, 6, 7, 8, 9, 10, 11], [0, 1, 2, 3, 4, 5, 6, 7, 8, 9, 10, 11]"}, "21": {"llama": "[0, 1, 2, 3, 4], [0, 1, 2, 3, 4]"}, "22": {"llama": "[0, 1, 2, 3, 4, 5, 6, 7], [0, 1, 2, 3, 4, 5, 6, 7]"}, "23": {"llama": "[0, 1, 2, 3, 7, 11, 12, 13], [0, 1, 2, 3, 7, 8, 11]"}, "24": {"llama": "[1, 2, 3, 6], [1, 2, 3, 4]"}, "25": {"llama": "[0, 1, 2, 3, 4, 5, 6], [0, 1, 2, 3, 4, 5, 6]"}, "26": {"llama": "[0, 1, 2, 3, 4, 6, 7], [0, 1, 2, 3, 4, 6, 7]"}, "27": {"llama": "[0, 1, 2, 3, 4, 5, 6], [0, 1, 2, 3, 4, 5, 6]"}, "28": {"llama": "[0, 1, 2, 3, 4, 5, 6, 7, 8], [0, 1, 2, 3, 4, 5, 6, 7, 8]"}, "29": {"llama": "[1, 2, 3, 5, 6, 7, 8, 9], [1, 2, 3, 4, 5, 6, 7, 8, 9]"}, "30": {"llama": "[0, 1, 2, 3, 4], [0, 1, 2, 3, 4]"}, "31": {"llama": "[0, 1, 2, 3, 5, 6, 8, 9], [0, 1, 2, 3, 5, 6, 8, 9]"}, "32": {"llama": "[0, 1, 2, 3, 4, 5, 8, 9], [0, 1, 2, 3, 4, 5, 8, 9]"}, "33": {"llama": "[0, 1, 2, 3, 4, 5, 6, 7], [0, 1, 2, 3, 4, 5, 6, 9]"}, "34": {"llama": "[0, 1, 2, 3, 4, 5], [0, 1, 2, 3, 4, 5]"}, "35": {"llama": "[0, 1, 2, 3, 4, 5, 6, 7, 8, 13], [0, 1, 2, 3, 4, 5, 6, 7, 8, 13]"}, "36": {"llama": "[0, 1, 2, 3, 4, 5, 6, 7], [0, 1, 2, 3, 4, 5, 6, 7]"}, "37": {"llama": "[0, 1, 2, 3, 5, 7, 8], [0, 1, 2, 3, 7, 8, 13]"}, "38": {"llama": "[0, 1, 2, 3, 6, 7, 8, 9, 10, 11, 12], [0, 1, 2, 3, 6, 7, 8, 9, 10, 11, 12]"}, "39": {"llama": "[0, 1, 2, 3, 4, 6, 7, 8, 9], [0, 1, 2, 3, 4, 5, 6, 7, 8, 9]"}, "40": {"llama": "[0, 1, 2, 3, 4, 5, 6, 7, 8], [0, 1, 2, 3, 4, 5, 6, 7, 8]"}, "41": {"llama": "[1, 2, 3, 6, 7], [1, 2, 3, 6, 7]"}, "42": {"llama": "[0, 1, 2, 3, 5, 6], [0, 1, 2, 3, 5, 6]"}, "43": {"llama": "[0, 1, 2, 3], [0, 1, 2, 3]"}, "44": {"llama": "[0, 1, 2, 3, 6, 7, 8, 9], [0, 1, 2, 3, 6, 7, 8, 9]"}, "45": {"llama": "[0, 1, 2, 3, 4, 5, 6], [0, 1, 2, 3, 4, 5, 6]"}, "46": {"llama": "[0, 1, 2, 3, 4, 5, 6, 7, 8], [0, 1, 2, 3, 4, 5, 6, 7, 8]"}, "47": {"llama": "[0, 1, 2, 3, 4, 5], [0, 1, 2, 3, 4, 5]"}, "48": {"llama": "[0, 1, 2, 3, 4, 5, 6, 7], [0, 1, 2, 3, 4, 5, 6, 7]"}, "49": {"llama": "[0, 1, 2, 3, 5, 6], [0, 1, 2, 3, 4, 5]"}, "50": {"llama": "[0, 1, 2, 3, 4, 5, 6, 8, 9, 10], [0, 1, 2, 3, 4, 5, 6, 7, 8, 9, 10]"}, "51": {"llama": "[0, 1, 3, 4, 5, 8, 9], [0, 1, 3, 4, 5, 8, 9]"}, "52": {"llama": "[0, 1, 2, 3, 8], [0, 1, 2, 3, 8]"}, "53": {"llama": "[0, 1, 2, 3, 4, 5, 8, 9], [0, 1, 2, 3, 4, 5, 8, 9]"}, "54": {"llama": "[0, 1, 2, 3, 4, 8, 9], [0, 1, 2, 3, 4, 8, 9]"}, "55": {"llama": "[0, 1, 2, 3, 4], [0, 1, 2, 3, 4]"}, "56": {"llama": "[0, 1, 2, 3, 4, 5, 6], [0, 1, 2, 3, 4, 5, 6]"}, "57": {"llama": "[0, 1, 2, 3, 4, 5, 6, 7, 8, 10, 11, 12], [0, 1, 2, 3, 4, 5, 6, 7, 8, 10, 11, 13]"}, "58": {"llama": "[0, 1, 2, 3, 4, 5, 6, 7, 8, 9, 10, 12, 14, 15], [0, 1, 2, 3, 4, 5, 6, 7, 8, 9, 10, 12, 13, 14, 15]"}, "59": {"llama": "[0, 1, 2, 3, 4, 5], [0, 1, 2, 3, 4, 5]"}, "60": {"llama": "[1, 2, 3, 5, 6, 7], [1, 2, 3, 4, 5, 6]"}, "61": {"llama": "[0, 1, 2, 3, 5, 6], [0, 1, 2, 3, 5, 6]"}, "62": {"llama": "[0, 1, 2, 3, 6, 7, 10], [0, 1, 2, 3, 6, 7, 10]"}, "63": {"llama": "[0, 1, 2, 3, 4, 5, 6, 7, 8, 9!], [0, 1, 2, 3, 4, 5, 6, 7, 8, 9, 10]."}, "64": {"llama": "[0, 1, 3, 4, 5, 7], [1, 3, 4, 5, 7, 8]"}, "65": {"llama": "[0, 1, 2, 3, 4, 5, 6, 8, 9], [0, 1, 2, 3, 4, 5, 6, 8, 9]"}, "66": {"llama": "[0, 1, 2, 3, 4, 6, 7, 8, 9, 10, 11], [0, 1, 2, 3, 4, 5, 6, 7, 8, 9, 10]"}, "67": {"llama": "[0, 1, 2, 3, 4, 5, 6, 7, 8], [0, 1, 2, 3, 4, 5, 6, 7, 8]"}, "68": {"llama": "[1, 2, 3, 4, 5, 6, 7], [0, 1, 2, 3, 4, 5, 6]"}, "69": {"llama": "[0, 1, 2, 4, 5, 7], [0, 1, 2, 4, 7, 11]"}, "70": {"llama": "[0, 1, 2, 3, 6, 7, 8], [0, 1, 2, 3, 6, 7, 8]"}, "71": {"llama": "[1, 2, 3, 5, 6, 7], [1, 2, 3, 5, 7, 8]"}, "72": {"llama": "[0, 1, 2, 3, 4, 8, 9], [0, 1, 2, 3, 4, 8, 9]"}, "73": {"llama": "[0, 1, 2, 3, 4, 6, 7, 9, 10], [0, 1, 2, 3, 4, 6, 7, 9, 10]"}, "74": {"llama": "[0, 1, 2, 3, 5, 6], [0, 1, 2, 3, 4, 5]"}, "75": {"llama": "[0, 1, 2, 3, 4, 5, 6, 7, 8, 9], [0, 1, 2, 3, 4, 5, 6, 7, 8, 9]"}, "76": {"llama": "[1, 2, 3, 4, 5], [1, 2, 3, 4, 5]"}, "77": {"llama": "[0, 1, 2, 3, 4, 5, 8, 9, 10], [0, 1, 2, 3, 4, 5, 7, 8, 9]"}, "78": {"llama": "[0, 1, 3, 4, 5, 6, 7, 9, 10], [0, 1, 2, 3, 4, 5, 6, 7, 9, 10]"}, "79": {"llama": "[0, 1, 2, 3, 4, 6, 7], [0, 1, 2, 3, 4, 6, 7]"}, "80": {"llama": "[0, 1, 2, 3, 4, 5, 7, 9], [0, 1, 2, 3, 4, 5, 7, 9]"}, "81": {"llama": "[0, 1, 2, 3, 4, 5, 7, 8, 9], [0, 1, 2, 3, 4, 5, 7, 8, 9]"}, "82": {"llama": "[0, 1, 2, 3, 4, 5, 6, 7, 8, 9], [0, 1, 2, 3, 4, 5, 6, 7, 8, 9]"}, "83": {"llama": "[1, 2, 3, 4, 5, 6, 7], [0, 1, 2, 3, 4, 5, 6]"}, "84": {"llama": "[0, 1, 2, 3, 4, 5, 6, 9, 10, 11], [0, 1, 2, 3, 4, 5, 6, 9, 10, 11]"}, "85": {"llama": "[0, 1, 2, 3, 4], [0, 1, 2, 3, 4]"}, "86": {"llama": "[0, 1, 2, 3, 4, 6, 7], [0, 1, 2, 3, 4, 6, 7]"}, "87": {"llama": "[1, 2, 3, 4, 5, 6, 7], [1, 2, 3, 4, 5, 6, 7]"}, "88": {"llama": "[0, 1, 2, 3, 5, 6, 7, 11], [0, 1, 2, 3, 5, 6, 7, 11]"}, "89": {"llama": "[0, 1, 2, 3, 4, 5, 6, 7, 8, 9], [0, 1, 2, 3, 4, 5, 6, 7, 8, 9]"}, "90": {"llama": "[0, 1, 2, 3, 4, 5], [0, 1, 2, 3, 4, 5]"}, "91": {"llama": "[0, 1, 2, 3, 5, 6, 7, 8], [0, 1, 2, 3, 5, 6, 7, 8]"}, "92": {"llama": "[0, 1, 2, 3, 4, 5, 6, 7], [0, 1, 2, 3, 4, 5, 6, 7]"}, "93": {"llama": "[0, 1, 2, 3, 4, 5, 6, 7], [0, 1, 2, 3, 4, 5, 6, 7]"}, "94": {"llama": "[0, 1, 2, 6, 7, 8, 9, 10], [0, 1, 2, 6, 7, 8, 9, 10]"}, "95": {"llama": "[0, 1, 3, 4, 8, 9], [0, 1, 3, 4, 8, 9]"}, "96": {"llama": "[0, 1, 2, 4, 5, 6], [0, 1, 2, 4, 5, 6]"}, "97": {"llama": "[0, 1, 2, 3, 6, 7], [1, 2, 3, 6, 7, 8]"}, "98": {"llama": "[0, 1, 2, 3, 4, 7, 8], [0, 1, 2, 3, 4, 7, 8]"}, "99": {"llama": "[1, 2, 3, 4, 5], [1, 2, 3, 4, 5]"}, "100": {"llama": "[0, 1, 2, 3, 4, 5, 6, 8], [0, 1, 2, 3, 4, 5, 6, 8]"}, "101": {"llama": "[0, 1, 2, 3, 4, 5, 6, 7, 8, 9, 10], [0, 1, 2, 3, 4, 5, 6, 7, 8, 9, 10]"}, "102": {"llama": "[0, 1, 2, 3, 7, 11], [0, 1, 2, 3, 7, 11]"}, "103": {"llama": "[0, 1, 2, 3, 4, 7, 8, 9], [0, 1, 2, 3, 4, 8, 9]"}, "104": {"llama": "[0, 1, 2, 3, 4, 5, 6, 7, 8, 9, 10], [0, 1, 2, 3, 4, 5, 6, 7, 8, 9, 10]"}, "105": {"llama": "[0, 1, 2, 3, 4, 7, 8], [0, 1, 2, 3, 4, 7, 8]"}, "106": {"llama": "[0, 1, 2, 3, 4, 5, 6, 7, 8, 9], [0, 1, 2, 3, 4, 5, 6, 7, 8, 9]"}, "107": {"llama": "[1, 2, 3, 4, 5, 6, 7, 8], [0, 1, 2, 3, 4, 5, 6, 7]"}, "108": {"llama": "[0, 1, 2, 3, 4, 6, 7, 8], [0, 1, 2, 3, 4, 6, 7, 8]"}, "109": {"llama": "[0, 1, 2, 3, 4, 5, 7, 8], [0, 1, 2, 3, 4, 7, 8, 9]"}, "110": {"llama": "[0, 1, 2, 3, 4, 5, 6, 7, 8, 9, 10, 11, 12, 14, 16, 17], [0, 1, 2, 3, 4, 5, 6, 7, 8, 9, 10, 11, 12, 14, 15, 16]"}, "111": {"llama": "[0, 1, 2, 3, 4, 5, 6, 7, 8, 9], [0, 1, 2, 3, 4, 5, 6, 7, 8]"}, "112": {"llama": "[0, 1, 2, 3, 4, 5, 6, 7, 8, 9], [0, 1, 2, 3, 4, 5, 6, 7, 8, 9]"}, "113": {"llama": "[0, 1, 2, 3, 8, 9, 10], [0, 1, 2, 3, 8, 9, 10]"}, "114": {"llama": "[0, 1, 2, 3, 4], [0, 1, 2, 3, 4]"}, "115": {"llama": "[0, 1, 2, 3, 4, 5, 6, 7, 8, 9, 10], [0, 1, 2, 3, 4, 5, 6, 7, 8, 9, 10]"}, "116": {"llama": "[0, 1, 2, 3, 4, 5, 6, 7], [0, 1, 2, 3, 4, 5, 6, 7]"}, "117": {"llama": "[0, 1, 2, 3, 4, 5, 6, 8, 9, 10, 12, 15], [0, 1, 2, 3, 4, 5, 6, 8, 9, 10, 12, 15]"}, "118": {"llama": "[0, 1, 2, 3, 5, 6, 7, 8], [1, 2, 3, 4, 5, 6, 7, 8]"}, "119": {"llama": "[0, 1, 2, 3, 4, 5], [0, 1, 2, 3, 4, 5]"}, "120": {"llama": "[0, 1, 2, 3, 4, 5, 8], [0, 1, 2, 3, 4, 7, 8]"}, "121": {"llama": "[0, 1, 2, 3, 5, 6, 7, 8, 9, 10], [0, 1, 2, 3, 4, 5, 6, 7, 8, 9]"}, "122": {"llama": "[0, 1, 2, 3, 4, 5, 9], [0, 1, 2, 3, 4, 5, 11]"}, "123": {"llama": "[0, 1, 2, 3, 4, 5], [0, 1, 2, 3, 4, 5]"}, "124": {"llama": "[0, 1, 2, 3, 6, 7, 9], [0, 1, 2, 3, 6, 7, 9]"}, "125": {"llama": "[0, 1, 2, 3, 4, 6, 7], [0, 1, 2, 3, 4, 6, 7]"}, "126": {"llama": "[0, 1, 2, 3, 4, 5, 6, 7], [0, 1, 2, 3, 4, 5, 6, 7]"}, "127": {"llama": "[0, 1, 2, 3, 6, 7], [0, 1, 2, 3, 6, 7]"}, "128": {"llama": "[0, 1, 2, 3, 4, 5], [0, 1, 2, 3, 4, 5]"}, "129": {"llama": "[0, 1, 3, 4, 5, 6, 7], [0, 1, 3, 4, 5, 6, 7]"}, "130": {"llama": "[0, 1, 2, 3, 4, 6, 7], [0, 1, 2, 3, 4, 6, 7]"}, "131": {"llama": "[0, 1, 2, 3, 4, 7], [0, 1, 2, 3, 4, 7]"}, "132": {"llama": "[0, 1, 2, 3, 5, 6, 7, 8], [0, 1, 2, 3, 5, 6, 7, 8]"}, "133": {"llama": "[0, 1, 2, 3, 4, 5, 6, 7], [0, 1, 2, 3, 4, 5, 6, 7]"}, "134": {"llama": "[0, 1, 2, 3, 5, 6, 7, 8, 10], [0, 1, 2, 3, 5, 6, 7, 8, 10]"}, "135": {"llama": "[0, 1, 2, 3, 4, 6, 7], [0, 1, 2, 3, 4, 6, 7]"}, "136": {"llama": "[0, 1, 2, 3, 4, 5, 6, 7, 8], [0, 1, 2, 3, 4, 5, 6, 7, 8]"}, "137": {"llama": "[0, 1, 2, 3, 5, 6, 7], [0, 1, 2, 3, 5, 6, 7]"}, "138": {"llama": "[0, 1, 2, 3, 4, 5, 6, 7, 8, 9], [0, 1, 2, 3, 4, 5, 6, 7, 8, 9]"}, "139": {"llama": "[0, 1, 2, 3, 4], [0, 1, 2, 3, 4]"}, "140": {"llama": "[0, 1, 2, 3, 4, 6, 7], [0, 1, 2, 3, 4, 6, 7]"}, "141": {"llama": "[1, 2, 3, 4, 5, 6], [1, 2, 3, 4, 5, 6]"}, "142": {"llama": "[0, 1, 2, 3, 5, 6], [0, 1, 2, 3, 5, 6]"}, "143": {"llama": "[0, 1, 2, 3, 4], [0, 1, 2, 3, 4]"}, "144": {"llama": "[0, 1, 2, 3, 4, 5, 6, 7, 10, 11], [0, 1, 2, 3, 4, 5, 6, 7, 10, 11]"}, "145": {"llama": "[0, 1, 2, 3, 4, 5, 6, 7, 8, 9, 10, 11], [0, 1, 2, 3, 4, 5, 6, 7, 8, 9, 10, 11]"}, "146": {"llama": "[0, 1, 2, 3, 4, 7], [0, 1, 2, 3, 4, 7]"}, "147": {"llama": "[1, 2, 3, 5, 6], [1, 2, 3, 5, 6]"}, "148": {"llama": "[0, 1, 2, 3, 7, 8, 9], [0, 1, 2, 3, 6, 8, 9]"}, "149": {"llama": "[0, 1, 2, 3, 4, 5, 6, 7], [0, 1, 2, 3, 4, 5, 6, 7]"}, "150": {"llama": "[0, 1, 2, 3, 5, 8], [0, 1, 2, 3, 9, 8]"}, "151": {"llama": "[0, 1, 2, 3, 4, 9, 10, 12, 13], [0, 1, 2, 3, 4, 9, 10, 11, 12]"}, "152": {"llama": "[0, 1, 2, 3, 4, 7, 8, 9], [0, 1, 2, 3, 4, 7, 8, 9]"}, "153": {"llama": "[0, 1, 2, 3, 4, 5, 6, 7], [0, 1, 2, 3, 4, 5, 6, 7]"}, "154": {"llama": "[0, 1, 2, 3, 4, 7, 8, 9], [0, 1, 2, 3, 4, 7, 8, 9]"}, "155": {"llama": "[0, 1, 2, 3, 4, 6, 7], [0, 1, 2, 3, 4, 6, 7]"}, "156": {"llama": "[0, 1, 2, 3, 4, 5, 6], [0, 1, 2, 3, 4, 5, 6]"}, "157": {"llama": "[0, 1, 2, 3, 4, 6, 7], [0, 1, 2, 3, 4, 6, 7]"}, "158": {"llama": "[0, 1, 2, 3, 4, 5, 6], [0, 1, 2, 3, 4, 5, 6]"}, "159": {"llama": "[0, 1, 2, 3, 4, 7, 8], [0, 1, 2, 3, 4, 7, 8]"}, "160": {"llama": "[0, 1, 2, 3, 4, 5, 6, 7], [0, 1, 2, 3, 4, 5, 6, 7]"}, "161": {"llama": "[0, 1, 2, 3, 4, 5, 6, 7, 8, 9], [1, 2, 3, 4, 5, 6, 7, 8, 9, 10]"}, "162": {"llama": "[0, 1, 2, 3, 4, 5, 6, 7, 9, 10], [0, 1, 2, 3, 4, 5, 6, 7, 9, 10]"}, "163": {"llama": "[0, 1, 2, 3, 8], [0, 1, 2, 3, 8]"}, "164": {"llama": "[0, 1, 2, 3, 4, 5], [0, 1, 2, 3, 4, 5]"}, "165": {"llama": "[0, 1, 2, 3, 4, 5, 6], [0, 1, 2, 3, 4, 5, 6]"}, "166": {"llama": "[0, 1, 2, 3, 4, 5, 8, 9], [0, 1, 2, 3, 4, 5, 8, 9]"}, "167": {"llama": "[0, 1, 2, 3, 4, 5, 6, 7], [0, 1, 2, 3, 4, 5, 6, 7]"}, "168": {"llama": "[0, 1, 2, 3, 6, 8], [0, 1, 2, 3, 6, 8]"}, "169": {"llama": "[0, 1, 2, 3, 4, 5], [0, 1, 2, 3, 4, 5]"}, "170": {"llama": "[0, 1, 2, 3, 4, 5, 6, 7], [0, 1, 2, 3, 4, 5, 6, 7]"}, "171": {"llama": "[0, 1, 2, 3, 4, 5, 6, 7], [0, 1, 2, 3, 4, 5, 6, 7]"}, "172": {"llama": "[0, 1, 2, 3, 5, 6, 8, 9], [0, 1, 2, 3, 4, 5, 6, 8]"}, "173": {"llama": "[0, 1, 2, 3, 4, 9], [0, 1, 2, 3, 4, 9]"}, "174": {"llama": "[0, 1, 2, 3, 4, 5, 6, 9, 10], [0, 1, 2, 3, 4, 5, 6, 9, 10]"}, "175": {"llama": "[0, 1, 2, 3, 4, 5, 6, 7, 8], [1, 2, 3, 4, 5, 6, 7, 8, 11]"}, "176": {"llama": "[0, 1, 2, 3, 4, 5, 6, 8, 9], [0, 1, 2, 3, 4, 5, 6, 8, 9]"}, "177": {"llama": "[0, 1, 4, 5, 8, 9], [0, 1, 4, 5, 8, 9]"}, "178": {"llama": "[0, 1, 2, 3, 4, 5, 6, 7], [0, 1, 2, 3, 4, 5, 6, 7]"}, "179": {"llama": "[0, 1, 2, 3, 4, 5, 7, 8], [0, 1, 2, 3, 4, 5, 7, 8]"}, "180": {"llama": "[0, 1, 2, 3, 4, 5], [0, 1, 2, 3, 4, 5]"}, "181": {"llama": "[0, 1, 2, 3, 4, 5], [0, 1, 2, 3, 4, 5]"}, "182": {"llama": "[1, 2, 3, 4, 5], [1, 2, 3, 4, 5]"}, "183": {"llama": "[0, 1, 2, 3, 4, 5, 6, 7, 8, 9], [0, 1, 2, 3, 4, 5, 6, 7, 8, 9]"}, "184": {"llama": "[0, 1, 2, 3, 4, 5, 6, 7, 8], [0, 1, 2, 3, 4, 5, 6, 7, 8]"}, "185": {"llama": "[0, 1, 2, 3, 4, 5, 6, 7, 8, 9, 10], [0, 1, 2, 3, 4, 5, 6, 7, 8, 9, 10]"}, "186": {"llama": "[0, 1, 2, 3, 4, 5, 7, 8], [0, 1, 2, 3, 4, 5, 7, 8]"}, "187": {"llama": "[0, 1, 2, 3, 6, 7], [0, 1, 2, 3, 6, 7]"}, "188": {"llama": "[0, 1, 2, 3, 5, 6], [0, 1, 2, 3, 5, 6]"}, "189": {"llama": "[0, 1, 2, 3, 4, 5, 6, 7, 9, 10], [0, 1, 2, 3, 4, 5, 6, 8, 9, 10]"}, "190": {"llama": "[0, 1, 2, 3, 4, 5, 6], [0, 1, 2, 3, 4, 5, 6]"}, "191": {"llama": "[0, 1, 2, 3, 4, 5, 7, 10, 11, 12, 13, 14], [0, 1, 2, 3, 4, 5, 7, 9, 10, 11, 12, 13, 14]"}, "192": {"llama": "[0, 1, 2, 3, 4], [0, 1, 2, 3, 4]"}, "193": {"llama": "[0, 1, 2, 3, 4, 5, 6, 7], [0, 1, 2, 3, 4, 5, 6, 7]"}, "194": {"llama": "[0, 1, 2, 3, 4, 6, 7, 8], [0, 1, 2, 3, 4, 6, 7, 8]"}, "195": {"llama": "[0, 1, 2, 3, 5, 6, 7], [0, 1, 2, 3, 5, 6, 7]"}, "196": {"llama": "[0, 1, 2, 3, 4, 5], [0, 1, 2, 3, 4, 5]"}, "197": {"llama": "[0, 1, 2, 3, 4, 5, 6, 7, 8], [0, 1, 2, 3, 4, 5, 6, 7, 8]"}, "198": {"llama": "[0, 1, 2, 3, 5, 7], [0, 1, 2, 3, 5, 7]"}, "199": {"llama": "[1, 2, 5, 6, 8, 9], [1, 2, 4, 5, 8, 9]"}, "200": {"llama": "[2, 3, 7, 8, 9], [2, 3, 7, 8, 9]"}, "201": {"llama": "[0, 1, 4, 5, 6], [0, 1, 4, 5, 6]"}, "202": {"llama": "[0, 1, 2, 3, 4, 5, 8], [0, 1, 2, 3, 4, 5, 8]"}, "203": {"llama": "[0, 1, 2, 3, 4, 6, 7, 12, 13], [0, 1, 2, 3, 4, 6, 7, 12, 13]"}, "204": {"llama": "[0, 1, 2, 3, 4, 5, 6, 7], [0, 1, 2, 3, 4, 5, 6, 7]"}, "205": {"llama": "[0, 1, 2, 3, 4, 7], [0, 1, 2, 3, 4, 8]"}, "206": {"llama": "[0, 1, 2, 3, 5, 6, 7, 10, 11], [0, 1, 2, 3, 5, 6, 7, 10, 11]"}, "207": {"llama": "[0, 1, 2, 3, 4, 5, 8, 9], [0, 1, 2, 3, 4, 5, 8, 9]"}, "208": {"llama": "[0, 1, 3, 4, 5, 6, 8, 9, 10, 13, 14], [0, 1, 3, 4, 5, 6, 8, 9, 12, 13, 14]"}, "209": {"llama": "[0, 1, 2, 3, 4, 5, 7, 8, 14], [0, 1, 2, 3, 4, 5, 7, 9, 10]"}, "210": {"llama": "[0, 1, 2, 3, 4], [0, 1, 2, 3, 4]"}, "211": {"llama": "[0, 1, 2, 3, 5, 6], [1, 2, 3, 5, 6, 7]"}, "212": {"llama": "[0, 1, 2, 3, 4, 5, 6, 7], [0, 1, 2, 3, 4, 5, 6, 7]"}, "213": {"llama": "[0, 1, 2, 3, 4, 5, 6, 7], [0, 1, 2, 3, 4, 5, 6, 7]"}, "214": {"llama": "[0, 1, 3, 4, 5, 8], [1, 2, 3, 4, 8, 9]"}, "215": {"llama": "[0, 1, 2, 3, 4, 5, 6, 7, 8, 9, 10], [0, 1, 2, 3, 4, 5, 6, 7, 8, 9, 10]"}, "216": {"llama": "[0, 1, 2, 3, 4, 5, 6, 11], [0, 1, 2, 3, 4, 5, 6, 11]"}, "217": {"llama": "[0, 1, 2, 3, 4, 5, 6], [0, 1, 2, 3, 4, 5, 6]"}, "218": {"llama": "[0, 1, 2, 3, 4, 5, 6], [0, 1, 2, 3, 4, 5, 6]"}, "219": {"llama": "[0, 1, 2, 3, 4], [0, 1, 2, 3, 4]"}, "220": {"llama": "[0, 1, 2, 3, 4, 5, 6, 7, 8, 9, 10, 11], [0, 1, 2, 3, 4, 5, 6, 7, 8, 9, 10]"}, "221": {"llama": "[1, 2, 3, 4, 5, 6], [1, 2, 3, 4, 5, 6]"}, "222": {"llama": "[0, 1, 2, 3, 4, 5, 6], [0, 1, 2, 3, 4, 5, 6]"}, "223": {"llama": "[0, 1, 3, 4, 5, 6, 7], [0, 1, 2, 3, 4, 5, 6, 7]"}, "224": {"llama": "[0, 1, 2, 3, 4], [0, 1, 2, 3, 4]"}, "225": {"llama": "[0, 1, 2, 3, 4], [0, 1, 2, 3, 4]"}, "226": {"llama": "[0, 1, 2, 3, 4, 5, 6, 7, 8, 9], [0, 1, 2, 3, 4, 5, 6, 7, 8, 9]"}, "227": {"llama": "[0, 1, 2, 3, 6, 7], [0, 1, 2, 3, 6, 7]"}, "228": {"llama": "[0, 1, 2, 3, 4, 5, 6, 7], [0, 1, 2, 3, 4, 5, 6, 7]"}, "229": {"llama": "[1, 2, 3, 4, 6, 7], [1, 2, 3, 4, 6, 7]"}, "230": {"llama": "[0, 1, 2, 3, 4], [0, 1, 2, 3, 4]"}, "231": {"llama": "[0, 1, 2, 3, 4, 5, 7, 8], [0, 1, 2, 3, 4, 5, 7, 8]"}, "232": {"llama": "[0, 1, 2, 3, 4, 5, 6, 7, 8], [0, 1, 2, 3, 4, 5, 6, 7, 8]"}, "233": {"llama": "[0, 1, 2, 3, 4, 6, 7, 8], [0, 1, 2, 3, 4, 6, 7, 8]"}, "234": {"llama": "[0, 1, 2, 3, 4, 7, 8], [0, 1, 2, 3, 4, 7, 8]"}, "235": {"llama": "[0, 1, 2, 3, 4, 5], [0, 1, 2, 3, 4, 5]"}, "236": {"llama": "[0, 1, 2, 3, 4, 5, 6, 7, 9], [0, 1, 2, 3, 4, 5, 6, 7, 9]"}, "237": {"llama": "[0, 1, 2, 3, 4, 5, 7], [0, 1, 2, 3, 4, 5, 7]"}, "238": {"llama": "[0, 1, 3, 4, 5, 6, 8, 9], [0, 1, 2, 3, 4, 5, 6, 8, 9]"}, "239": {"llama": "[0, 1, 2, 3, 6, 7], [0, 1, 2, 3, 6, 7]"}, "240": {"llama": "[0, 1, 2, 3, 4, 5, 6, 9, 10], [0, 1, 2, 3, 4, 5, 6, 9, 10]"}, "241": {"llama": "[0, 1, 2, 3, 6, 7, 8, 10, 11, 12, 13, 14], [0, 1, 2, 3, 6, 7, 8, 10, 11, 12, 13, 14]"}, "242": {"llama": "[0, 1, 2, 4, 6, 7, 8], [0, 1, 2, 4, 6, 7, 8]"}, "243": {"llama": "[0, 1, 2, 3, 7, 8], [0, 1, 2, 3, 7, 8]"}, "244": {"llama": "[0, 1, 2, 3, 4, 6], [0, 1, 2, 3, 4, 6]"}, "245": {"llama": "[0, 1, 2, 3, 7], [1, 2, 3, 6, 7]"}, "246": {"llama": "[0, 1, 2, 3, 4, 5], [0, 1, 2, 3, 4, 5]"}, "247": {"llama": "[0, 1, 2, 3, 5, 6], [0, 1, 2, 3, 5, 6]"}, "248": {"llama": "[0, 1, 2, 3, 5, 6, 7, 8], [0, 1, 2, 3, 5, 6, 7, 8]"}, "249": {"llama": "[0, 1, 2, 3, 5, 6, 7], [0, 1, 2, 3, 4, 5, 6]"}, "250": {"llama": "[0, 1, 2, 3, 4, 5, 6], [0, 1, 2, 3, 4, 5, 6]"}, "251": {"llama": "[0, 1, 2, 5, 6], [0, 1, 2, 5, 6]"}, "252": {"llama": "[0, 1, 2, 3, 4, 9, 10, 11], [0, 1, 2, 3, 4, 9, 10, 11]"}, "253": {"llama": "[0, 1, 2, 3, 4, 5, 6], [0, 1, 2, 3, 4, 5, 6]"}, "254": {"llama": "[0, 1, 2, 3, 4, 7], [0, 1, 2, 3, 4, 6]"}, "255": {"llama": "[0, 1, 2, 3, 4, 5], [0, 1, 2, 3, 4, 6]"}, "256": {"llama": "[0, 1, 2, 3, 4, 5, 6, 7], [0, 1, 2, 3, 4, 5, 6, 7]"}, "257": {"llama": "[0, 1, 2, 3, 4, 5, 6, 7], [0, 1, 2, 3, 4, 5, 6, 7]"}, "258": {"llama": "[0, 1, 2, 3, 4, 5, 6], [0, 1, 2, 3, 4, 5, 6]"}, "259": {"llama": "[0, 1, 2, 3, 4, 7, 8, 9], [0, 1, 2, 3, 4, 7, 8, 9]"}, "260": {"llama": "[0, 1, 2, 4, 5], [0, 1, 2, 3, 6]"}, "261": {"llama": "[0, 1, 3, 4, 5, 6, 7, 8, 9, 10], [0, 1, 3, 4, 5, 6, 7, 8, 9, 10]"}, "262": {"llama": "[0, 1, 2, 3, 4, 8, 9], [0, 1, 2, 3, 4, 7, 8, 9]"}, "263": {"llama": "[0, 1, 2, 3, 4, 5, 6, 7], [0, 1, 2, 3, 4, 5, 6, 7]"}, "264": {"llama": "[0, 1, 2, 3, 4, 5, 6, 7], [0, 1, 2, 3, 4, 5, 6, 7]"}, "265": {"llama": "[0, 1, 2, 3, 7, 8, 9, 10, 11], [0, 1, 2, 3, 7, 8, 9, 10, 11]"}, "266": {"llama": "[0, 1, 2, 3, 6, 7, 10, 11], [0, 1, 2, 3, 6, 7, 10, 11]"}, "267": {"llama": "[0, 1, 2, 3, 4, 5, 6, 8], [0, 1, 2, 3, 4, 5, 6, 7]"}, "268": {"llama": "[0, 1, 2, 3, 4, 5], [0, 1, 2, 3, 4, 5]"}, "269": {"llama": "[0, 1, 2, 3, 5, 6, 7], [0, 1, 2, 3, 4, 5, 6]"}, "270": {"llama": "[0, 1, 2, 3, 4, 5], [0, 1, 2, 3, 4, 5]"}, "271": {"llama": "[0, 1, 2, 3, 4, 5, 7, 8, 9, 10, 11, 13, 14], [0, 1, 2, 3, 4, 5, 7, 8, 9, 10, 11, 13, 14]"}, "272": {"llama": "[0, 1, 2, 3, 4, 5, 7], [0, 1, 2, 3, 4, 5, 7]"}, "273": {"llama": "[0, 1, 2, 3, 5, 6, 7], [0, 1, 2, 3, 5, 6, 7]"}, "274": {"llama": "[0, 1, 2, 3, 4], [0, 1, 2, 3, 4]"}, "275": {"llama": "[1, 2, 3, 4, 5, 8, 9], [1, 2, 3, 4, 5, 8, 9]"}, "276": {"llama": "[0, 1, 2, 3, 4, 5, 8, 9, 10], [0, 1, 2, 3, 4, 5, 7, 8, 9]"}, "277": {"llama": "[0, 1, 2, 5, 6], [0, 1, 2, 3, 5]"}, "278": {"llama": "[0, 1, 3, 4, 5, 6], [0, 1, 2, 3, 4, 5]"}, "279": {"llama": "[0, 1, 2, 3, 4, 5, 6, 7, 8], [0, 1, 2, 3, 4, 5, 6, 7, 8]"}, "280": {"llama": "[0, 1, 2, 6, 7], [0, 1, 2, 6, 7]"}, "281": {"llama": "[0, 1, 2, 3, 4, 6, 7], [0, 1, 2, 3, 4, 6, 7]"}, "282": {"llama": "[0, 1, 2, 3, 4, 5, 6, 7, 8, 9, 10, 11, 12], [0, 1, 2, 3, 4, 5, 6, 7, 8, 9, 10, 11, 12]"}, "283": {"llama": "[0, 1, 2, 3, 4, 5], [0, 1, 2, 3, 4, 5]"}, "284": {"llama": "[0, 1, 2, 3, 4, 5, 6, 7, 8, 9, 10], [0, 1, 2, 3, 4, 5, 6, 7, 8, 9, 10]"}, "285": {"llama": "[0, 1, 2, 3, 4], [0, 1, 2, 3, 4]"}, "286": {"llama": "[1, 2, 3, 4, 5, 6], [1, 2, 3, 4, 5, 6]"}, "287": {"llama": "[0, 1, 2, 3, 8, 9], [0, 1, 2, 3, 8, 9]"}, "288": {"llama": "[0, 1, 2, 3, 4, 5, 6, 9], [0, 1, 2, 3, 4, 5, 9, 10]"}, "289": {"llama": "[0, 1, 2, 3, 4, 5, 6, 7, 8, 9], [0, 1, 2, 3, 4, 5, 6, 7, 8, 9]"}, "290": {"llama": "[0, 1, 2, 3, 4, 5, 6, 7, 8], [0, 1, 2, 3, 4, 5, 6, 7, 8]"}, "291": {"llama": "[0, 1, 2, 3, 4, 5, 6, 7, 8, 9, 10, 11, 12, 13], [0, 1, 2, 3, 4, 5, 6, 7, 8, 9, 10, 11, 12, 13]"}, "292": {"llama": "[0, 1, 2, 3, 4, 5], [0, 1, 2, 3, 4, 5]"}, "293": {"llama": "[0, 1, 2, 3, 4, 7, 8, 9], [0, 1, 2, 3, 7, 8, 9, 10]"}, "294": {"llama": "[0, 1, 2, 3, 4, 5, 6, 7], [0, 1, 2, 3, 4, 5, 6, 7]"}, "295": {"llama": "[0, 1, 2, 3, 4, 5], [0, 1, 2, 3, 4, 5]"}, "296": {"llama": "[0, 1, 2, 3, 5, 6, 7, 8], [0, 1, 2, 3, 4, 5, 6, 7]"}, "297": {"llama": "[0, 1, 2, 3, 4, 8, 9, 10], [0, 1, 2, 3, 4, 8, 9, 10]"}, "298": {"llama": "[0, 1, 2, 3, 4, 7, 8, 9, 10], [0, 1, 2, 3, 4, 7, 8, 9, 10]"}, "299": {"llama": "[1, 2, 3, 7], [1, 2, 3, 4]"}, "300": {"llama": "[0, 1, 2, 3, 4, 7, 8, 9], [0, 1, 2, 3, 4, 7, 8, 9]"}, "301": {"llama": "[0, 1, 2, 3, 4, 5], [0, 1, 2, 3, 4, 5]"}, "302": {"llama": "[0, 1, 2, 3, 4, 5], [0, 1, 2, 3, 4, 5]"}, "303": {"llama": "[0, 1, 2, 3, 8, 9], [1, 2, 3, 8, 9]"}, "304": {"llama": "[0, 1, 2, 3, 4, 5, 6, 7], [0, 1, 2, 3, 4, 5, 6, 7]"}, "305": {"llama": "[0, 1, 2, 3, 4, 5, 6, 7, 8], [0, 1, 2, 3, 4, 5, 6, 7, 8]"}, "306": {"llama": "[0, 1, 2, 3, 4, 5, 6], [0, 1, 2, 3, 4, 5, 6]"}, "307": {"llama": "[0, 1, 2, 3, 4, 7], [0, 1, 2, 3, 4, 7]"}, "308": {"llama": "[0, 1, 2, 4, 5, 6, 7, 8, 10, 11, 12], [0, 1, 2, 4, 5, 6, 7, 8, 10, 11, 12]"}, "309": {"llama": "[0, 1, 2, 3, 4, 6], [0, 1, 2, 3, 4, 6]"}, "310": {"llama": "[0, 1, 2, 3, 4, 5, 8], [0, 1, 2, 3, 4, 5, 8]"}, "311": {"llama": "[0, 1, 2, 3, 4, 5], [0, 1, 2, 3, 4, 5]"}, "312": {"llama": "[0, 1, 2, 3, 4, 5, 6], [0, 1, 2, 3, 4, 5, 6]"}, "313": {"llama": "[0, 1, 2, 3, 4, 5, 6, 7, 8, 10, 11], [0, 1, 2, 3, 4, 5, 6, 7, 8, 10, 11]"}, "314": {"llama": "[0, 1, 2, 3, 5, 6, 7, 8, 9, 10], [0, 1, 2, 3, 5, 6, 7, 8, 9]"}, "315": {"llama": "[0, 1, 2, 3, 4, 6, 7, 8], [0, 1, 2, 3, 4, 6, 7, 8]"}, "316": {"llama": "[0, 1, 2, 3, 4, 5, 6, 7, 8], [0, 1, 2, 3, 4, 5, 6, 7, 8]"}, "317": {"llama": "[0, 1, 2, 3, 4, 7], [0, 1, 2, 3, 4, 7]"}, "318": {"llama": "[0, 1, 2, 3, 4, 5, 6], [0, 1, 2, 3, 4, 5, 6]"}, "319": {"llama": "[0, 1, 2, 3, 4, 5], [0, 1, 2, 3, 4, 5]"}, "320": {"llama": "[0, 1, 2, 3, 4, 5, 8, 9], [0, 1, 2, 3, 4, 5, 7, 8, 9]"}, "321": {"llama": "[0, 1, 2, 3, 4, 6, 7, 8], [0, 1, 2, 3, 4, 6, 7, 8]"}, "322": {"llama": "[0, 1, 2, 3, 4, 5, 6, 10, 11], [0, 1, 2, 3, 4, 5, 6, 10, 11]"}, "323": {"llama": "[0, 1, 2, 3, 7, 8], [0, 1, 2, 3, 7, 8]"}, "324": {"llama": "[0, 1, 2, 3, 5, 6, 7], [0, 1, 2, 3, 4, 5, 7]"}, "325": {"llama": "[0, 1, 2, 3, 4], [0, 1, 2, 3, 4]"}, "326": {"llama": "[0, 1, 3, 4, 5, 6, 7, 8, 9, 10], [0, 1, 3, 4, 5, 6, 7, 8, 9, 10]"}, "327": {"llama": "[0, 1, 2, 3, 4, 7, 8], [0, 1, 2, 3, 4, 7, 8]"}, "328": {"llama": "[0, 1, 2, 3, 7, 8, 9, 10], [0, 1, 2, 3, 7, 8, 9, 10]"}, "329": {"llama": "[0, 1, 2, 3, 4, 7, 8, 9], [0, 1, 2, 3, 4, 7, 8, 9]"}, "330": {"llama": "[0, 1, 2, 3, 5], [1, 2, 3, 4, 5]"}, "331": {"llama": "[0, 1, 2, 3, 4, 5, 6, 7], [0, 1, 2, 3, 4, 5, 6, 7]"}, "332": {"llama": "[1, 2, 3, 5, 6], [1, 2, 3, 5, 6]"}, "333": {"llama": "[0, 1, 2, 3, 4, 5, 12, 13], [0, 1, 2, 3, 4, 5, 12, 13]"}, "334": {"llama": "[0, 1, 2, 3, 4, 6, 8, 9], [0, 1, 2, 3, 4, 6, 7, 8, 9]"}, "335": {"llama": "[0, 1, 3, 4], [2, 3, 4, 5]"}, "336": {"llama": "[0, 1, 2, 3, 4, 6, 7], [0, 1, 2, 3, 4, 6, 7]"}, "337": {"llama": "[0, 1, 2, 3, 5, 6, 7, 8, 9], [0, 1, 2, 3, 5, 6, 7, 8, 9]"}, "338": {"llama": "[0, 1, 2, 3, 6, 7], [0, 1, 2, 3, 6, 7]"}, "339": {"llama": "[0, 1, 3, 4, 5, 6], [1, 2, 3, 4, 5, 6]"}, "340": {"llama": "[0, 1, 2, 3, 7], [0, 1, 2, 3, 7]"}, "341": {"llama": "[1, 2, 3, 5, 6, 7], [1, 2, 3, 5, 6, 7]"}, "342": {"llama": "[1, 2, 3, 4, 5, 8], [1, 2, 3, 4, 8, 9]"}, "343": {"llama": "[0, 1, 2, 3, 4, 5, 8, 9], [0, 1, 2, 3, 4, 5, 7, 8]"}, "344": {"llama": "[0, 1, 2, 3, 4, 7], [0, 1, 2, 3, 4, 9]"}, "345": {"llama": "[0, 1, 2, 3, 4, 5, 6, 7], [0, 1, 2, 3, 4, 5, 6, 7]"}, "346": {"llama": "[0, 1, 2, 3, 4, 5, 6], [0, 1, 2, 3, 4, 5, 6]"}, "347": {"llama": "[0, 1, 2, 3, 7, 8], [1, 2, 3, 7, 8, 10]"}, "348": {"llama": "[0, 1, 2, 3, 4, 5, 6, 7, 8, 9, 10, 11], [0, 1, 2, 3, 4, 5, 6, 7, 8, 9, 10, 11]"}, "349": {"llama": "[0, 1, 2, 3, 5, 6, 7, 9], [0, 1, 2, 3, 5, 6, 7, 9]"}, "350": {"llama": "[0, 1, 2, 4, 7, 9], [0, 1, 2, 3, 7, 9]"}, "351": {"llama": "[0, 1, 2, 3, 4, 6, 7], [0, 1, 2, 3, 4, 6, 7]"}, "352": {"llama": "[0, 1, 2, 4, 5, 6, 7, 9], [0, 1, 2, 3, 4, 5, 6, 7]"}, "353": {"llama": "[0, 1, 2, 3, 4, 8, 9], [0, 1, 2, 3, 4, 8, 9]"}, "354": {"llama": "[0, 1, 2, 3, 4, 7], [2, 3, 4, 7, 8, 9]"}, "355": {"llama": "[0, 1, 2, 3, 4, 7], [0, 1, 2, 3, 4, 7]"}, "356": {"llama": "[0, 1, 2, 3, 4], [0, 1, 2, 3, 4]"}, "357": {"llama": "[0, 1, 2, 5, 6, 7, 8, 9, 10], [0, 1, 2, 5, 6, 7, 8, 9, 10]"}, "358": {"llama": "[1, 2, 3, 4, 5, 6], [0, 1, 2, 3, 4, 5]"}, "359": {"llama": "[0, 1, 2, 3, 4, 5, 6, 7], [0, 1, 2, 3, 4, 5, 6, 7]"}, "360": {"llama": "[0, 1, 2, 5, 6, 8], [0, 1, 2, 5, 6, 8]"}, "361": {"llama": "[0, 1, 2, 3, 4, 5, 7, 8, 9], [0, 1, 2, 3, 4, 5, 7, 8, 9]"}, "362": {"llama": "[0, 1, 2, 3, 4, 5, 6, 7, 8, 9], [0, 1, 2, 3, 4, 5, 6, 7, 8, 9]"}, "363": {"llama": "[0, 1, 2, 3, 4, 5, 6, 7, 8], [0, 1, 2, 3, 4, 5, 6, 7, 8]"}, "364": {"llama": "[0, 1, 2, 3, 6, 7, 8, 9], [0, 1, 2, 3, 6, 7, 8, 9]"}, "365": {"llama": "[0, 1, 2, 3, 6, 7, 8], [0, 1, 2, 3, 6, 7, 8]"}, "366": {"llama": "[0, 1, 2, 6, 7, 8, 9], [0, 1, 2, 6, 7, 8, 9]"}, "367": {"llama": "[0, 1, 2, 3, 8, 9], [0, 1, 2, 3, 8, 9]"}, "368": {"llama": "[0, 1, 2, 3, 4, 5, 6], [0, 1, 2, 3, 4, 5, 6]"}, "369": {"llama": "[0, 1, 2, 3, 4, 5, 6, 7, 8, 9], [0, 1, 2, 3, 4, 5, 6, 7, 8, 9]"}, "370": {"llama": "[0, 1, 2, 3, 4, 5, 6, 7], [0, 1, 2, 3, 4, 5, 6, 7]"}, "371": {"llama": "[0, 1, 2, 3, 4, 5, 6, 7, 10, 11, 12, 13, 14], [0, 1, 2, 3, 4, 5, 6, 7, 10, 11, 12, 13, 14]"}, "372": {"llama": "[0, 1, 2, 3, 4, 6, 7, 8], [0, 1, 2, 3, 4, 6, 7, 9]"}, "373": {"llama": "[0, 1, 2, 3, 4, 6, 8, 9], [0, 1, 2, 3, 4, 6, 8, 9]"}, "374": {"llama": "[0, 1, 2, 3, 7, 8], [0, 1, 2, 3, 8, 9]"}, "375": {"llama": "[0, 1, 2, 3, 4, 5, 6, 7, 8], [0, 1, 2, 3, 4, 5, 6, 7, 8]"}, "376": {"llama": "[1, 2, 3, 5, 6], [1, 2, 3, 5, 6]"}, "377": {"llama": "[0, 1, 2, 3, 4, 5, 10], [0, 1, 2, 3, 4, 5, 10]"}, "378": {"llama": "[0, 1, 2, 3, 7, 8], [0, 1, 2, 3, 8, 9]"}, "379": {"llama": "[0, 1, 2, 3, 4, 5], [0, 1, 2, 3, 4, 5]"}, "380": {"llama": "[0, 1, 2, 3, 6, 7], [0, 1, 2, 3, 6, 7]"}, "381": {"llama": "[0, 1, 2, 3, 4, 5, 6, 7, 8, 9], [0, 1, 2, 3, 4, 5, 6, 7, 8, 9]"}, "382": {"llama": "[0, 1, 2, 3, 4, 5, 7, 8, 9, 10, 11], [0, 1, 2, 3, 4, 5, 7, 8, 9, 10, 11]"}, "383": {"llama": "[0, 1, 3, 4, 5, 6], [0, 1, 2, 3, 5, 6]"}, "384": {"llama": "[0, 1, 2, 3, 4, 5, 6, 7], [0, 1, 2, 3, 4, 5, 6, 7]"}, "385": {"llama": "[0, 1, 2, 3, 4, 6, 7], [0, 1, 2, 3, 4, 6, 7]"}, "386": {"llama": "[1, 2, 3, 4, 7, 8, 9], [1, 2, 3, 4, 7, 8, 9]"}, "387": {"llama": "[0, 1, 2, 3, 4, 6, 7, 8, 9], [0, 1, 2, 3, 4, 5, 6, 7, 8]"}, "388": {"llama": "[0, 1, 2, 3, 5, 8], [0, 1, 2, 3, 5, 7]"}, "389": {"llama": "[0, 1, 2, 3, 4, 5, 6, 7, 8, 9], [0, 1, 2, 3, 4, 5, 6, 7, 8, 9]"}, "390": {"llama": "[0, 1, 2, 3, 4, 5], [0, 1, 2, 3, 4]"}, "391": {"llama": "[1, 2, 3, 4, 6, 7], [1, 2, 3, 4, 6, 7]"}, "392": {"llama": "[0, 1, 2, 3, 4, 5, 8, 9, 10, 11, 12, 13], [0, 1, 2, 3, 4, 5, 8, 9, 10, 11, 12, 13]"}, "393": {"llama": "[0, 1, 2, 3, 4, 7], [0, 1, 2, 3, 7, 8]"}, "394": {"llama": "[0, 1, 2, 3, 4, 5, 6, 7, 8, 9], [0, 1, 2, 3, 4, 5, 6, 7, 8, 9]"}, "395": {"llama": "[0, 1, 2, 3, 7], [0, 1, 2, 3, 7]"}, "396": {"llama": "[0, 1, 2, 3, 4, 5, 6, 7, 8, 9], [0, 1, 2, 3, 4, 5, 6, 7, 8, 9]"}, "397": {"llama": "[0, 1, 2, 4, 5, 6, 7, 8, 9], [0, 1, 2, 3, 4, 5, 6, 7, 8]"}, "398": {"llama": "[0, 1, 2, 3, 7, 8, 9], [0, 1, 2, 3, 7, 8, 9]"}, "399": {"llama": "[0, 1, 2, 3, 7, 8, 9], [0, 1, 2, 3, 7, 8, 9]"}, "400": {"llama": "[1, 2, 3, 4, 5, 6], [1, 2, 3, 4, 5, 6]"}, "401": {"llama": "[0, 1, 2, 3, 4, 5, 7, 8, 9, 10], [0, 1, 2, 3, 4, 5, 7, 8, 9, 10]"}, "402": {"llama": "[0, 1, 2, 3, 6, 7], [0, 1, 2, 3, 5, 6]"}, "403": {"llama": "[0, 1, 2, 3, 4, 6, 7], [0, 1, 2, 3, 4, 6, 7]"}, "404": {"llama": "[0, 1, 2, 3, 5, 6, 7], [0, 1, 2, 3, 5, 6, 7]"}, "405": {"llama": "[0, 1, 2, 3, 4], [0, 1, 2, 3, 4]"}, "406": {"llama": "[1, 2, 3, 5, 6, 7], [1, 2, 3, 5, 7, 8]"}, "407": {"llama": "[0, 1, 2, 3, 4, 5, 6, 7], [0, 1, 2, 3, 4, 5, 6, 7]"}, "408": {"llama": "[0, 1, 2, 3, 4, 6, 7, 8, 9], [0, 1, 2, 3, 4, 6, 7, 8, 9]"}, "409": {"llama": "[0, 1, 2, 3, 5, 6, 9], [0, 1, 2, 3, 5, 6, 9]"}, "410": {"llama": "[0, 1, 2, 3, 4, 5, 7, 8, 9, 11, 12], [0, 1, 2, 3, 4, 5, 7, 8, 9, 11, 12]"}, "411": {"llama": "[0, 1, 2, 3, 4, 5, 7, 8], [0, 1, 2, 3, 4, 5, 7, 8]"}, "412": {"llama": "[0, 1, 2, 3, 4, 5, 7, 10, 11], [0, 1, 2, 3, 4, 5, 7, 10, 14]"}, "413": {"llama": "[0, 1, 2, 3, 4, 8, 9, 10], [0, 1, 2, 3, 4, 8, 9, 10]"}, "414": {"llama": "[0, 1, 2, 3, 5, 6, 7, 8, 9, 10], [0, 1, 2, 3, 5, 6, 7, 8, 9]"}, "415": {"llama": "[0, 1, 2, 3, 4, 5, 6, 7], [0, 1, 2, 3, 5, 6, 7, 8]"}, "416": {"llama": "[0, 1, 2, 3, 4, 5, 6, 11], [0, 1, 2, 3, 4, 5, 6, 11]"}, "417": {"llama": "[0, 1, 2, 3, 4, 5, 6, 7, 8, 11, 12], [0, 1, 2, 3, 4, 5, 6, 7, 8, 11, 12]"}, "418": {"llama": "[0, 1, 3, 4, 5, 6], [0, 1, 2, 3, 4, 5]"}, "419": {"llama": "[0, 1, 2, 3, 6, 7, 8, 9, 10], [0, 1, 2, 3, 5, 6, 7, 8, 9, 10]"}, "420": {"llama": "[0, 1, 2, 3, 5, 6, 7, 9, 10, 11], [0, 1, 2, 3, 4, 5, 6, 7, 9, 10, 11]"}, "421": {"llama": "[0, 1, 2, 3, 4, 5, 6, 7], [0, 1, 2, 3, 4, 5, 6, 7]"}, "422": {"llama": "[0, 1, 2, 3, 4, 6, 7, 8, 11, 12, 13], [0, 1, 2, 3, 4, 6, 7, 8, 10, 11, 12, 13]"}, "423": {"llama": "[0, 1, 2, 3, 4, 5, 6, 7, 8, 9], [0, 1, 2, 3, 4, 5, 6, 7, 8, 9]"}, "424": {"llama": "[0, 1, 2, 3, 8, 9], [0, 1, 2, 3, 8, 9]"}, "425": {"llama": "[0, 1, 2, 3, 4, 5, 6, 7, 8, 9], [0, 1, 2, 3, 4, 5, 6, 7, 8, 9]"}, "426": {"llama": "[0, 1, 2, 3, 4, 6, 7, 8], [0, 1, 2, 3, 4, 6, 7, 13]"}, "427": {"llama": "[1, 2, 3, 4, 5, 6, 7, 8], [1, 2, 3, 4, 5, 6, 7, 8]"}, "428": {"llama": "[0, 1, 2, 3, 8, 9, 10, 11], [0, 1, 2, 3, 8, 9, 10, 11]"}, "429": {"llama": "[0, 1, 2, 3, 4, 5, 6, 7], [0, 1, 2, 3, 4, 5, 6, 7]"}, "430": {"llama": "[0, 1, 2, 3, 4, 5, 6], [0, 1, 2, 3, 4, 5, 6]"}, "431": {"llama": "[0, 1, 2, 3, 4, 5], [0, 1, 2, 3, 4, 5]"}, "432": {"llama": "[0, 1, 2, 3, 6, 7], [0, 1, 2, 3, 6, 7]"}, "433": {"llama": "[0, 1, 2, 3, 4, 5, 6, 7, 11], [0, 1, 2, 3, 4, 5, 6, 7, 11]"}, "434": {"llama": "[0, 1, 2, 3, 5, 6], [0, 1, 2, 3, 5, 6]"}, "435": {"llama": "[0, 1, 2, 3, 4, 5, 6], [0, 1, 2, 3, 4, 5, 6]"}, "436": {"llama": "[0, 1, 2, 3, 4, 5], [0, 1, 2, 3, 4, 5]"}, "437": {"llama": "[0, 1, 2, 3, 4, 5], [0, 1, 2, 3, 4, 5]"}, "438": {"llama": "[0, 1, 2, 3, 4, 5, 6], [0, 1, 2, 3, 4, 5, 6]"}, "439": {"llama": "[0, 1, 2, 3, 4, 6, 7, 8], [0, 1, 2, 3, 4, 6, 7, 8]"}, "440": {"llama": "[0, 1, 2, 3, 4, 9, 10], [0, 1, 2, 3, 4, 9, 10]"}, "441": {"llama": "[0, 1, 2, 3, 4, 5, 6, 7, 8, 9], [0, 1, 2, 3, 4, 5, 6, 7, 8, 9]"}, "442": {"llama": "[0, 1, 3, 4, 5, 6, 7, 8, 9, 10], [0, 1, 3, 4, 5, 6, 7, 8, 9, 10]"}, "443": {"llama": "[0, 1, 2, 3, 4, 5, 6, 7, 8, 9], [0, 1, 2, 3, 4, 5, 6, 7, 8]"}, "444": {"llama": "[0, 1, 2, 3, 4, 5, 6], [0, 1, 2, 3, 4, 5, 6]"}, "445": {"llama": "[0, 1, 2, 4, 8, 9], [0, 1, 2, 8, 9, 10]"}, "446": {"llama": "[0, 1, 2, 3, 5, 6, 8, 9, 10, 11], [0, 1, 2, 3, 4, 5, 8, 9, 10, 11]"}, "447": {"llama": "[0, 1, 2, 3, 5, 6], [0, 1, 2, 3, 4, 5]"}, "448": {"llama": "[0, 1, 2, 3, 4, 5, 6, 7, 8], [0, 1, 2, 3, 4, 5, 6, 7, 8]"}, "449": {"llama": "[0, 1, 2, 3, 4, 5, 6, 7], [0, 1, 2, 3, 4, 5, 6, 7]"}, "450": {"llama": "[0, 1, 2, 3, 6, 7, 8, 9, 10], [0, 1, 2, 3, 6, 7, 8, 9, 10]"}, "451": {"llama": "[0, 1, 2, 3, 5, 6], [0, 1, 2, 3, 4, 6]"}, "452": {"llama": "[0, 1, 2, 3, 6, 7], [0, 1, 2, 3, 6, 7]"}, "453": {"llama": "[0, 1, 2, 3, 5, 6, 7], [0, 1, 2, 3, 5, 6, 7]"}, "454": {"llama": "[0, 1, 2, 3, 6, 7, 8], [0, 1, 2, 3, 6, 7, 8]"}, "455": {"llama": "[0, 1, 2, 3, 4, 7, 8], [0, 1, 2, 3, 4, 7, 8]"}, "456": {"llama": "[0, 1, 2, 3, 4, 6, 7, 8, 9], [0, 1, 2, 3, 4, 6, 7, 8, 9]"}, "457": {"llama": "[0, 1, 2, 3, 4, 5, 6, 7, 12, 13, 14, 15], [0, 1, 2, 3, 4, 5, 6, 7, 11, 12, 13, 14]"}, "458": {"llama": "[1, 2, 3, 5, 6, 7], [1, 2, 3, 5, 6, 7]"}, "459": {"llama": "[0, 1, 2, 3, 4], [0, 1, 2, 3, 4]"}, "460": {"llama": "[0, 1, 2, 3, 4, 5], [0, 1, 2, 3, 4, 5]"}, "461": {"llama": "[0, 1, 2, 3, 4, 5, 6, 7], [0, 1, 2, 3, 4, 5, 6, 7]"}, "462": {"llama": "[0, 1, 2, 3, 6, 7], [0, 1, 2, 3, 6, 7]"}, "463": {"llama": "[0, 1, 2, 3, 4, 6, 7, 8, 9], [0, 1, 2, 3, 4, 5, 7, 8, 9]"}, "464": {"llama": "[0, 1, 2, 3, 4, 8, 9], [0, 1, 2, 3, 4, 8, 9]"}, "465": {"llama": "[0, 1, 2, 3, 8, 9], [0, 1, 2, 3, 8, 9]"}, "466": {"llama": "[0, 1, 2, 3, 7, 8], [0, 1, 2, 3, 7, 8]"}, "467": {"llama": "[0, 1, 2, 3, 4], [0, 1, 2, 3, 4]"}, "468": {"llama": "[0, 1, 2, 3, 4, 8, 9, 10], [0, 1, 2, 3, 4, 8, 9, 10]"}, "469": {"llama": "[0, 1, 3, 4, 5], [0, 1, 3, 4, 5]"}, "470": {"llama": "[0, 1, 2, 3, 4, 5, 6, 7], [0, 1, 2, 3, 4, 5, 6, 7]"}, "471": {"llama": "[1, 2, 3, 4, 5, 6, 7], [1, 2, 3, 4, 5, 6, 7]"}, "472": {"llama": "[0, 1, 2, 3, 4, 5, 6], [0, 1, 2, 3, 4, 5, 6]"}, "473": {"llama": "[0, 1, 2, 3, 4], [0, 1, 2, 3, 4]"}, "474": {"llama": "[0, 1, 2, 3, 5, 6], [1, 2, 3, 5, 6]"}, "475": {"llama": "[0, 1, 2, 3, 5, 6, 8, 9], [0, 1, 2, 3, 5, 6, 8, 9]"}, "476": {"llama": "[0, 1, 2, 3, 4, 5, 6], [0, 1, 2, 3, 4, 5, 6]"}, "477": {"llama": "[0, 1, 2, 3, 4, 5, 6, 7], [0, 1, 2, 3, 4, 5, 6, 7]"}, "478": {"llama": "[0, 1, 2, 3, 4, 5, 6, 7, 8], [0, 1, 2, 3, 4, 5, 6, 7, 8]"}, "479": {"llama": "[0, 1, 2, 3, 4, 5, 7, 8, 9], [0, 1, 2, 3, 4, 5, 7, 8, 9]"}, "480": {"llama": "[0, 1, 2, 3, 4, 5], [0, 1, 2, 3, 4, 5]"}, "481": {"llama": "[0, 1, 2, 3, 4, 5, 6, 7, 8, 9], [0, 1, 2, 3, 4, 5, 6, 7, 8, 9]"}, "482": {"llama": "[1, 2, 3, 4, 6, 7, 8], [1, 2, 3, 4, 6, 7, 8]"}, "483": {"llama": "[0, 1, 2, 3, 4, 5, 6, 7, 8], [0, 1, 2, 3, 4, 5, 6, 7, 8]"}, "484": {"llama": "[0, 1, 2, 3, 4, 6, 7, 8], [0, 1, 2, 3, 4, 5, 6, 7]"}, "485": {"llama": "[0, 1, 2, 3, 7, 8, 13, 14], [0, 1, 2, 3, 7, 8, 12, 13]"}, "486": {"llama": "[0, 1, 2, 3, 4, 5, 6], [0, 1, 2, 3, 4, 5, 6]"}, "487": {"llama": "[0, 1, 2, 3, 4, 5, 6, 7], [0, 1, 2, 3, 4, 5, 6, 7]"}, "488": {"llama": "[0, 1, 2, 3, 6, 7], [0, 1, 2, 3, 6, 7]"}, "489": {"llama": "[0, 1, 2, 3, 4, 5, 6, 7, 8, 9, 10], [0, 1, 2, 3, 4, 5, 6, 7, 8, 9, 10]"}, "490": {"llama": "[0, 1, 2, 3, 4, 5, 6], [0, 1, 2, 3, 4, 5, 6]"}, "491": {"llama": "[1, 2, 3, 4, 10], [1, 2, 3, 4, 9]"}, "492": {"llama": "[0, 1, 2, 3, 4, 5, 6, 7, 8, 12, 13, 14], [0, 1, 2, 3, 4, 5, 6, 7, 8, 12, 13, 14, 15]"}, "493": {"llama": "[0, 1, 2, 3, 4, 5, 7, 8, 9], [0, 1, 2, 3, 4, 5, 7, 8, 9]"}, "494": {"llama": "[1, 2, 3, 4, 8], [1, 2, 3, 4, 9]"}, "495": {"llama": "[0, 1, 2, 3, 4, 5], [0, 1, 2, 3, 4, 5]"}, "496": {"llama": "[0, 1, 2, 3, 4, 5, 7, 8], [0, 1, 2, 3, 4, 5, 7, 8]"}, "497": {"llama": "[1, 2, 3, 4, 5, 6], [1, 2, 3, 4, 5, 6]"}, "498": {"llama": "[0, 1, 3, 4, 7, 8, 9], [0, 1, 3, 4, 7, 8, 9]"}, "499": {"llama": "[1, 2, 3, 4, 5, 6], [1, 2, 3, 4, 5, 6]"}}