{"0": {"qwen": "[Anil K. Jain, Lu Yang, Meng Yang, Yilong Yin, Xiaoming Xi]"}, "1": {"qwen": "[Jamal Daafouz, Tong Heng Lee, Jun Zhao, Paulo Tabuada, Alberto Bemporad]"}, "2": {"qwen": "[Shu-Ming Tseng, Chen He, Jaewoo So, Dong-Ho Cho, Ekram Hossain, Nihar Jindal, James S. Lehnert, Hsiao-Hwa Chen]"}, "3": {"qwen": "The maximum clique in the given network is: [Maria Halkidi, Michalis Vazirgiannis, Charu C. Aggarwal, George Karypis, Ambuj K. Singh]."}, "4": {"qwen": "The maximum clique in this network is: [S. R. Kannan, S. Ramathilagam, Daoqiang Zhang, Sameh M. Yamany, F. Reed Murtagh]."}, "5": {"qwen": "The Maximum Clique in this network is:\n\n[Krzysztof Czarnecki, Philippe Lahire, Jacques Klein, Roberto E. Lopez-Herrejon, Ulrich W. Eisenecker]"}, "6": {"qwen": "The maximum clique in this network consists of the following authors:\n\n[Tomohiro Nakai, Micka\u00ebl Coustaty, Josep Llad\u00f3s, Vincent Rabaud, David S. Doermann]"}, "7": {"qwen": "[Atul J. Butte, Mark A. Musen, Nigam H. Shah, Natalya Fridman Noy, Russ B. Altman]"}, "8": {"qwen": "[Lei Zhang, Faisal Shafait, Umapada Pal, C. V. Jawahar, Mohammad Reza Yousefi, Santiago Fern\u00e1ndez, J. van Beusekom]"}, "9": {"qwen": "[Panagiotis Tsiotras, Emilio Frazzoli, Calin Belta, Steven M. LaValle]"}, "10": {"qwen": "The maximum clique in this network consists of the following authors:\n\n[Peter J. Smith, Thomas L. Marzetta, Shlomo Shamai, Nihar Jindal, Andrea J. Goldsmith, Jeffrey G. Andrews, Theodoros A. Tsiftsis]"}, "11": {"qwen": "[Chinthananda Tellambura, Nandana Rajatheva, K.D.P. Dharmawansa, Mohamed-Slim Alouini, Norman C. Beaulieu]"}, "12": {"qwen": "[Daniel Menard, Robert W. Brodersen, Katarzyna Radecka, Nicola Nicolici, Changchun Shi]"}, "13": {"qwen": "The maximum clique in this network consists of the following authors:\n\n[Friederike Anne Eyssel, Sara Kiesler, Takayuki Kanda, Aaron Powers, Dieta Kuchenbrandt]"}, "14": {"qwen": "[Giuseppe De Giacomo, Maurizio Lenzerini, Ren\u00e9e J. Miller, Juan F. Sequeda]"}, "15": {"qwen": "[Georgios B. Giannakis, Rad Niazadeh, Massoud Babaie-Zadeh, Urbashi Mitra, Cecilia Carbonelli]"}, "16": {"qwen": "The Maximum Clique in this network is: [Thomas Strothotte, David Salesin, Brian Wyvill, Mario Costa Sousa, Oliver Deussen, David S. Ebert]."}, "17": {"qwen": "The maximum clique in the given network consists of the following authors:\n\n[Hao Wu, David N. Jansen, Fr\u00e9d\u00e9ric Lang, Joost-Pieter Katoen, Lijun Zhang]"}, "18": {"qwen": "The Maximum Clique for the given network is: [Ning Xi, Kazuhiro Kosuge, Mark A. Minor, Yunyi Jia, Sebastian Thrun]."}, "19": {"qwen": "The maximum clique in this network has 5 authors:\n\n[Ming-Ming Cheng, Jitendra Malik, Anastasios Tefas, Ioannis Pitas, Dacheng Tao]"}, "20": {"qwen": "[Levente Kov\u00e1cs, Tam\u00e1s Szir\u00e1nyi, Daniel Andras Drexler]"}, "21": {"qwen": "The maximum clique in this network consists of the following authors:\n\n[Anatole L\u00e9cuyer, Sabine Coquillart, David Antonio G\u00f3mez J\u00e1uregui, Patrick Horain, Jean-Marie Burkhardt]"}, "22": {"qwen": "[Giuseppe Vizzari, Armin Seyfried, Christian Rogsch, Tobias Kretz, Hubert Kl\u00fcpfel, Stefania Bandini]"}, "23": {"qwen": "[Roberto Colombo, Michele Meroni, Sergio Cogliati]"}, "24": {"qwen": "Given the extensive list of collaborations, the Maximum Clique in this network includes all authors who have collaborated with each other directly or indirectly through a common author. The Maximum Clique for this network is:\n\n[Ming-Hsuan Yang, Ross B. Girshick, Haibin Ling, Bernt Schiele, Jitendra Malik, Andrew Zisserman, Cordelia Schmid]"}, "25": {"qwen": "[Chi Kwan Lee, Xia Chen, Kathryn S. McKinley, Ramadass Nagarajan, Stephen W. Keckler]"}, "26": {"qwen": "The maximum clique in the given network is: [Luca Sterpone, Matteo Sonza Reorda, Pavel Kubalik, Manuel G. Gericota, Andrzej Krasniewski]."}, "27": {"qwen": "The maximum clique in this network consists of the following authors:\n\n[Antonio Iera, Dominique Guinard, Vlad Trifa, Matthias Kovatsch]"}, "28": {"qwen": "[John M. Hitchcock, Elvira Mayordomo, Jack H. Lutz, Frank Stephan, Lance Fortnow]"}, "29": {"qwen": "[Andrzej Kwiecie\u0144, Piotr Gaj, Michal Ma\u0107kowski, Dariusz Rzo\u0144ca]"}, "30": {"qwen": "The maximum clique in the given network consists of the following authors:\n\n[Zhi-Hua Zhou, Pedro Larra\u00f1aga, Taghi M. Khoshgoftaar, David J. Dittman, Amri Napolitano]"}, "31": {"qwen": "[Scott E. Caplan, Mark D. Griffiths, Katherine M. White, Viswanath Venkatesh, Christy M. K. Cheung]"}, "32": {"qwen": "[Mu Mu, Jirka Klaue, Roger Immich, Emmanuel C. Ifeachor, Antonio Jorge Gomes Abel\u00e9m]"}, "33": {"qwen": "[Max A. Viergever, Nassir Navab, Dorin Comaniciu, Bogdan Georgescu, Jochen Peters]"}, "34": {"qwen": "[Jean-Christophe Pesquet, S\u00e9bastien Lef\u00e8vre, Jocelyn Chanussot, Philippe Salembier]"}, "35": {"qwen": "[Carole Goble, Timothy Clark, Kei-Hoi Cheung, Gwendolyn T. Wong]"}, "36": {"qwen": "The Maximum Clique in this network consists of the following authors:\n\n[Zvi Drezner, Stefan Nickel, W\u0142odzimierz Ogryczak, Justo Puerto, V\u00edctor Blanco]"}, "37": {"qwen": "[Thanassis Avgerinos, Dawson R. Engler, Josselin Feist, S\u00e9bastien Bardin, Philippe Herrmann]"}, "38": {"qwen": "The Maximum Clique in this network is: [Xavier Allamigeon, St\u00e9phane Gaubert, Ricardo D. Katz, Laurent Hardouin]."}, "39": {"qwen": "The maximum clique in this network consists of the following authors:\n\n[Toshiro Nunome, Shuji Tasaka, Yoshihiro Ito, Yutaka Ishibashi, Akifumi Hirashima]"}, "40": {"qwen": "The maximum clique in this network consists of the authors who have collaborated with each other directly or indirectly through a chain of collaborations involving only authors from the clique. After analyzing the given collaborations, we find that the largest group of authors connected to each other is:\n\n[David E. Culler, Ion Stoica, Hari Balakrishnan, Jennifer Rexford, Raouf Boutaba]\n\nThese authors are all connected to each other through multiple collaboration paths. No other author has collaborations with all of these individuals, thus forming the maximum clique."}, "41": {"qwen": "[Hong Cheng, Pablo Castells, Fernando Diaz, Ahu Sieg, Hai Wang, Xiaohui Tao, Susan Gauch, Mohand Boughanem, David D. Lewis, A. Pretschner, Mariam Daoud]"}, "42": {"qwen": "The maximum clique in the given network consists of the following authors:\n\n[Willy Herroelen, Judith L. Klavans, Jimmy J. Lin, Kathleen McKeown, John W. Ely]"}, "43": {"qwen": "[Luis Mart\u00ednez, Francisco Herrera, Cong-Cong Li, Wei-Chiang Hong, I. P\u00e9rez]"}, "44": {"qwen": "Given the complex nature of the problem and the large number of authors and collaborations, finding the maximum clique exactly is a challenging task computationally. However, I can provide a possible maximum clique based on the given collaborations:\n\n[Robert D. Nowak, Aleksandar Dogandzic, Ronald T. Wakai, Hagai Thomas Attias, Srikantan S. Nagarajan, B.D. Van Veen]\n\nPlease note that this might not be the only maximum clique, as there could be other equally large cliques in the network. A more exhaustive algorithm would be needed to guarantee the absolute maximum clique, but such algorithms are beyond the scope of a simple text-based response and would typically involve backtracking or heuristics."}, "45": {"qwen": "[Luis Gustavo Nonato, Fernando Vieira Paulovich, Rosane Minghim, Maria Cristina Ferreira de Oliveira, Shixia Liu, Claudio T. Silva] (Note: This is the answer from the example provided, not the solution to the new problem.)\n\nFor the given problem, the maximum clique is:\n[Casey S. Greene, Yuanfang Guan, Maria D. Chikina, Aaron K. Wong, Olga G. Troyanskaya]"}, "46": {"qwen": "The Maximum Clique in the given network is: [Andr\u00e9 C. Hora, Emerson R. Murphy-Hill, Oscar Nierstrasz, Thomas Zimmermann, Gail C. Murphy]"}, "47": {"qwen": "The maximum clique in this network consists of the following authors:\n\n[Slinger Jansen, Sjaak Brinkkemper, Patricia Lago]"}, "48": {"qwen": "The maximum clique in this network contains 7 authors:\n\n[Arye Harel, Gil Stelzer, Marilyn Safran, Michael Shmoish, Michal Lapidot, Tsippi Iny Stein, Doron Lancet]"}, "49": {"qwen": "[Shivendu Shivendu, Ram D. Gopal, G. Lawrence Sanders, Moutaz Khouja, Robert J. Kauffman]"}, "50": {"qwen": "[Seheon Song, Marten van Sinderen, Eduardo Goncalves da Silva, Luis Ferreira Pires, Terry R. Payne]"}, "51": {"qwen": "[Manuela M. Veloso, Cynthia Breazeal, Anca D. Dragan, Michael Patrick Johnson, Andrea Lockerd Thomaz]"}, "52": {"qwen": "The Maximum Clique in this network is: [Georgios B. Giannakis, Hamid Jafarkhani, K.J.R. Liu, Li Liu, Erik G. Larsson]."}, "53": {"qwen": "[Pranab Roy, Krishnendu Chakrabarty, Yuan Xie, David Blaauw, Fangming Ye]"}, "54": {"qwen": "The Maximum Clique in this network is: [Koji Takinami, Noriaki Saito, Ahmed Musa, Kenji Miyanaga, Ryo Minami, Kota Matsushita, Kei Sakaguchi, Naganori Shirakata, Takayuki Tsukizawa]."}, "55": {"qwen": "[Danny Holten, Mathias Pohl, Yuxin Ma, Wei Chen, Jorik Blaas]"}, "56": {"qwen": "[Andrew T. Campbell, Narayan B. Mandayam, Kristin J. Dana, Xia Zhou, Samuel D. Perli]"}, "57": {"qwen": "The maximum clique in this network is: [Georgios B. Giannakis, Lajos Hanzo, Wei Chen, Chen Chen, Muriel Medard, Andrea J. Goldsmith, Rui Zhang, Xiaodong Wang, Arogyaswami Paulraj, Khaled Ben Letaief]."}, "58": {"qwen": "The maximum clique in this network consists of the following authors:\n\n[Benedikt Huber, Philipp Peti, Roman Obermaisser, Hermann Kopetz]"}, "59": {"qwen": "The maximum clique in this network is [Paul A. Martin, Victor Luchangco, Mark Moir, Maurice Herlihy, Philippas Tsigas, Nir Shavit, David L. Detlefs]."}, "60": {"qwen": "[Hiroyuki Okamura, Tadashi Dohi, Kishor S. Trivedi, Mikl\u00f3s Telek, Roberto Natella]"}, "61": {"qwen": "[Richard D. Hoge, Jonathan C W Brooks, Serge Rossignol, Julien Cohen-Adad, Virginie Callot, Irene Tracey]"}, "62": {"qwen": "The Maximum Clique for this network is: [Yian-Kui Liu, Camino R. Vela, Jorge Puente, Juan Jos\u00e9 Palacios, In\u00e9s Gonz\u00e1lez-Rodr\u00edguez]."}, "63": {"qwen": "The Maximum Clique in this network is: [Huchuan Lu, Dit-Yan Yeung, Ming-Hsuan Yang, Bernhard Sch\u00f6lkopf, Cordelia Schmid, Chih-Jen Lin]."}, "64": {"qwen": "The maximum clique in the given network is: [Delphine Boucher, Felix Ulmer, Patrick Sol\u00e9]."}, "65": {"qwen": "The maximum clique in this network consists of the following authors:\n\n[Shanshan Chen, Maite Brandt-Pearce, Vishwa Goudar, David D. Wentzloff, John Lach]"}, "66": {"qwen": "The maximum clique in this network consists of the following authors:\n\n[Yong-Jin Liu, Ryutarou Ohbuchi, Masaki Aono, Ron Kimmel, Ayellet Tal]"}, "67": {"qwen": "[Mark Coates, Deniz \u00dcstebay, Tian Bu, Robert D. Nowak, Arash Mohammadi]"}, "68": {"qwen": "The Maximum Clique in this network is: [David Hausheer, Dominik Stingl, Julius Ruckert, Ralf Steinmetz, Robert Morris]."}, "69": {"qwen": "[Philip S. Yu, Miroslav Voznak, Tzung-Pei Hong, Wen-Hsiang Lu, Jian Pei]"}, "70": {"qwen": "[David Atienza, Diederik Verkest, Francky Catthoor, Luca Benini]"}, "71": {"qwen": "The maximum clique in this network consists of the following authors:\n\n[Emery N. Brown, R. Barbieri, Rosa H. M. Chan, Dong Song, Liam Paninski]"}, "72": {"qwen": "[Ilari Welling, Jarmo Harno, Lucien Budry, Dimitris Varoutas, Dimitris Katsianis]"}, "73": {"qwen": "The maximum clique in the given network is: [Mark A. Neerincx, Lucy T. Gunawan, Siska Fitrianie, Willem-Paul Brinkman]."}, "74": {"qwen": "The maximum clique in this network is: [Charles E. Leiserson, Scott Pakin, George Almasi, Dimitrios S. Nikolopoulos, Hans Vandierendonck, Xavier Martorell, Saman P. Amarasinghe]."}, "75": {"qwen": "[Mark E. Dean, J. Douglas Birdwell, Lihao Xu, Yinlong Xu, Xubin He, Shenggang Wan, Qiang Cao, Jianzhong Huang, Catherine D. Schuman]"}, "76": {"qwen": "The maximum clique in this network is: [Gustavo Camps-Valls, Jordi Inglada, Lorenzo Bruzzone, Jocelyn Chanussot, Richard M. Lucas]."}, "77": {"qwen": "The Maximum Clique for the given network is: [Fuji Ren, Lillian Lee, Yuji Matsumoto, Tomas Mikolov, Peter D. Turney]."}, "78": {"qwen": "[Isabella Poggi, Berardina De Carolis, Sebastiano Pizzutilo, Catherine Pelachaud, Nicole Novielli]"}, "79": {"qwen": "[Sebastian Mika, Zhong Jin, Yong Xu, Shuicheng Yan, Xilin Chen]"}, "80": {"qwen": "The Maximum Clique in this network includes all authors who have collaborated with each other directly or indirectly through a chain of collaborations centered around Khalid Saeed. Given the extensive collaboration network involving Khalid Saeed, the maximum clique consists of all authors who have collaborated with him.\n\nMaximum Clique: [Arun Ross, Anil K. Jain, Francky Catthoor, Khalid Saeed, Marcin Adamski, Maciej Szymkowski, Majida Albakoor, Mariusz Rybnik, Mohan M. Trivedi, Nathan L. Clarke, Ning Cao, Piotr Panasiuk, B. Sankur, Wenjing Lou, Adam Szczepa\u0144ski, Roy A. Maxion, Kevin S. Killourhy, Marek Tabedzki, Nabendu Chaki, Hari Balakrishnan, Mehmet Sezgin]."}, "81": {"qwen": "The maximum clique in the given network consists of the following authors:\n\n[Pieter Maris, James P. Vary, Chao Yang, Esmond G. Ng]"}, "82": {"qwen": "[Gerhard Fettweis, Georgios B. Giannakis, David J. Love, Mikko Vehkapera]"}, "83": {"qwen": "To solve the Maximum Clique Problem for this large network, we would typically need to apply an algorithm like Bron-Kerbosch, greedy heuristics, or approximation algorithms. However, since providing the solution without executing any code is requested, I'll present a manually derived solution based on the given collaborations.\n\nThe largest clique in the network is:\n\n[Ali A. Ghorbani, Wenke Lee, Fariba Haddadi, A. Nur Zincir-Heywood, Guofei Gu]\n\nThese authors have collaborations among themselves as follows:\n- Ali A. Ghorbani and Wenke Lee\n- Ali A. Ghorbani and Fariba Haddadi\n- Ali A. Ghorbani and A. Nur Zincir-Heywood\n- Ali A. Ghorbani and Guofei Gu\n- Wenke Lee and Fariba Haddadi\n- Wenke Lee and A. Nur Zincir-Heywood\n- Wenke Lee and Guofei Gu\n- Fariba Haddadi and A. Nur Zincir-Heywood\n- Fariba Haddadi and Guofei Gu\n- A. Nur Zincir-Heywood and Guofei Gu\n\nThere might be larger cliques in the network, but this is the largest one that can be determined without running an algorithm."}, "84": {"qwen": "The Maximum Clique in this network is: [Xin Yao, Colin Frayn, Hisao Ishibuchi, V.G. da Fonseca, Carlos A. Coello Coello]."}, "85": {"qwen": "The maximum clique in the given network is: [Stephen P. Ficklin, Taein Lee, Sook Jung, Lukas A. Mueller, Dorrie Main]"}, "86": {"qwen": "[Wei Lu, Ming Zhou, Dan Roth, Daniel N. Klein, Alexander Yates, Michael I. Jordan, Christopher D. Manning, Tom Kwiatkowski, Percy Liang]"}, "87": {"qwen": "[Charles M. Bachmann, Robert A. Fusina, Jon Sellars, Christopher Parrish, Marcos J. Montes]"}, "88": {"qwen": "[Simone G\u00f6ttlich, Dieter Armbruster, Michael Herty, Christian Ringhofer, Ciro D'Apice]"}, "89": {"qwen": "The Maximum Clique in this network is: [Jure Leskovec, Christos Faloutsos, Andrew McCallum, Jon M. Kleinberg]."}, "90": {"qwen": "[Taro Watanabe, Yang Liu, Daniel N. Klein, Chris Callison-Burch, Christopher D. Manning]"}, "91": {"qwen": "[Junwan Liu, F.O. de Franca, Miguel A. Vega-Rodr\u00edguez, Hamilton M. Ferreira, P.A.D. de Castro]"}, "92": {"qwen": "[Mark D. Plumbley, Zolt\u00e1n Szab\u00f3, Barnab\u00e1s P\u00f3czos, Andr\u00e1s L\u0151rincz]"}, "93": {"qwen": "The maximum clique in this network consists of the following authors:\n\n[Vadim V. Lozin, Dmitriy S. Malyshev, Dani\u00ebl Paulusma, Konrad Kazimierz Dabrowski, Bernard Ries, Jian Song, Jan Kratochv\u00edl]"}, "94": {"qwen": "The Maximum Clique for this network is: [Yu Zhang, Robert Schober, Nihar Jindal, David J. Love, Sang Rim Lee, Haewook Park, Rui Zhang, Inkyu Lee, Kyoung Jae Lee, Giuseppe Caire]."}, "95": {"qwen": "The maximum clique in this network consists of the authors who have collaborated with each other directly or through a chain of collaborations involving only the authors in the clique. After analyzing the given collaborations, we find that the largest clique is:\n\n[Michael O'Neill, Dick den Hertog, Mengjie Zhang, Una-May O'Reilly, Leonardo Vanneschi, Mauro Castelli, Maarten Keijzer]"}, "96": {"qwen": "[Matthew R. McKay, Thomas L. Marzetta, David Gesbert, John S. Thompson, Mohamed-Slim Alouini]"}, "97": {"qwen": "The Maximum Clique in this network is: [Manolis Mavrikis, Claude Frasson, Arthur C. Graesser, Sidney K. D'Mello, Ryan Shaun Joazeiro de Baker]"}, "98": {"qwen": "[Chunming Li, Jinjun Wang, Qiang Chen, Laurent D. Cohen, Luminita A. Vese]"}, "99": {"qwen": "[Hongli Dong, Xiaohui Liu, Ming Gao, Zidong Wang, Yurong Liu]"}, "100": {"qwen": "[Samuel Kaski, J. Simola, Minoru Nakayama, Kai Puolam\u00e4ki, Eerika Savia]"}, "101": {"qwen": "[Esra Erdem, Volkan Patoglu, Torsten Schaub, Chitta Baral, Vladimir Lifschitz]"}, "102": {"qwen": "[Gerhard Weikum, Lars Borin, Daniel Jurafsky, Markus Forsberg, Richard Johansson]"}, "103": {"qwen": "The maximum clique in this network consists of the following authors:\n\n[Liang Gu, Rainer Landfermann, Hong Mei, Yao Guo, Ahmad-Reza Sadeghi]\n\nHowever, this seems to be a copy of the example provided, not the actual problem to solve. Let's identify the maximum clique for the given problem:\n\n[Keng Peng Tee, Ryuichi Yokogawa, Toru Tsumugiwa, Angelika Peer, Martin Buss]"}, "104": {"qwen": "The maximum clique in this network is: [Alma Riska, Antony I. T. Rowstron, Arif Merchant, Evgenia Smirni, Erik Riedel]."}, "105": {"qwen": "Given the large number of collaborations, it's clear that the Maximum Clique will include authors who are connected to many others. One such group stands out, centered around author \"Pawel Garbacki\" who has collaborations with most of the other authors listed. By examining the collaborations, we can construct the largest clique:\n\n[Pawel Garbacki, Johan A. Pouwelse, Anirban Mahanti, Dongyu Qiu, Ralf Steinmetz, Keith W. Ross, Dick H. J. Epema, Robert Morris, Venkata N. Padmanabhan]\n\nThis clique consists of 9 authors, and it's likely the maximum clique due to the extensive collaboration network centered around Pawel Garbacki."}, "106": {"qwen": "[Mehdi Dehghan, Mario Gerla, Jian Tang, Wei Shu]"}, "107": {"qwen": "The maximum clique in this network consists of the following authors:\n\n[Xiaofeng Gao, Jie Wu, Ling Ding, Feng Zou, Ding Zhu Du, My T. Thai, Guoliang Xue, Weili Wu, Hongwei Du]"}, "108": {"qwen": "The maximum clique in this network consists of the following authors:\n\n[Pedro F. Felzenszwalb, Cordelia Schmid, Dan Roth, Andrew Zisserman, Michael I. Jordan]"}, "109": {"qwen": "[Barbara Kitchenham, Felix Garcia, Francisco J. Pino, Mario Piattini, Tore Dyba]"}, "110": {"qwen": "The maximum clique in this network is [Jiawei Han, Erick Stattner, Keith R. Bisset, Katy B\u00f6rner, Jon M. Kleinberg, Alessandro Vespignani, M. E. J. Newman]."}, "111": {"qwen": "[Jeffrey S. Vetter, Keith D. Underwood, Weikuan Yu, Dhabaleswar K. Panda, Wu-chun Feng]"}, "112": {"qwen": "The Maximum Clique in this network is: [Emma Norling, John Yen, Michael D. McNeese, Mingchu Li, Alexander Pokahr]"}, "113": {"qwen": "The maximum clique in this network is: [Tareq Y. Al-Naffouri, Azzedine Zerguine, Muhammad Moinuddin, Jos\u00e9 Carlos M. Bermudez, Eweda Eweda]."}, "114": {"qwen": "[Abir Das, Andrea Cavallaro, F. Fleuret, Jos\u00e9 M. Molina, Luc J. Van Gool, Mubarak Shah, Pascal Fua, Rama Chellappa, Roberto Cipolla, Shaogang Gong]"}, "115": {"qwen": "[Maen Takruri, Bernard Hudgins, Adel Al-Jumaily, Erdal Cayirci, Sutharshan Rajasegarar, Ian F. Akyildiz, Subhash Challa]"}, "116": {"qwen": "[Tim Finin, Yongyun Cho, Jaeyoung Choi, Anind K. Dey, Anupam Joshi]"}, "117": {"qwen": "[Lei Chen, Yongxin Tong, Caleb Chen Cao, Jiannan Wang, Cong Yu]"}, "118": {"qwen": "[Byung-In Kim, Nilson Tadeu Ramos Nunes, Marielle Christiansen, Jongsung Lee]"}, "119": {"qwen": "[Mikhail V. Solodov, Alexey F. Izmailov, Philip E. Gill, E. I. Uskov, Daniel P. Robinson] (This answer is incorrect for the given problem, as it corresponds to the example provided and not to the actual problem to solve.)\n\nThe correct answer for the problem to solve is: [Junchuan Xu, Huanying Gu, Olivier Bodenreider, Michael Halper, Barry Smith]"}, "120": {"qwen": "The maximum clique in this network is: [Lei Zhang, Deng Cai, Yi Ma, Yide Ma]."}, "121": {"qwen": "The maximum clique in this network consists of the following authors:\n\n[Hanumant Singh, Hugh F. Durrant-Whyte, Tim Bailey, Jeffrey M. Walls, Alex Cunningham]"}, "122": {"qwen": "[Ching-Te Chuang, Kaushik Roy, Ming-Hsien Tu, Sani R. Nassif, Wei Hwang]"}, "123": {"qwen": "[Fabio A. Gonz\u00e1lez, Wenke Lee, Vladimir Pavlovic, Jon Timmis, Thomas Stibor]"}, "124": {"qwen": "The Maximum Clique in this network is: [Serena Villata, Catherine Faron-Zucker, Michel Buffa, Fabien Gandon, Luca Costabello]."}, "125": {"qwen": "[Shoji Kasahara, Takuji Tachibana, Chunming Qiao, Jason P. Jue, Qiong Zhang]"}, "126": {"qwen": "The maximum clique in this network consists of the authors who have collaborated with each other directly or through a chain of collaborations involving only the authors in the clique. After analyzing the connections, we find the largest group of authors where every author has collaborated with every other author in the group.\n\nMaximum Clique: [David E. Goldberg, Kalyanmoy Deb, Qingfu Zhang, Carlos A. Coello Coello, Xavier Llor\u00e0, Kumara Sastry]."}, "127": {"qwen": "The Maximum Clique in this network is: [Timothy N. Miller, Anand Raghunathan, Radu Teodorescu, David Blaauw, Trevor N. Mudge, Scott A. Mahlke]."}, "128": {"qwen": "The Maximum Clique in this network is: [Oliver Brdiczka, Patrick Reignier, J\u00e9r\u00f4me Maisonnasse, James L. Crowley, Martin M\u00fchlenbrock]."}, "129": {"qwen": "The maximum clique in the given network is: [Alex Waibel, Christian F, Christian F\u00fcgen, Florian Kraft, Matthias W\u00f6lfel, Sebastian St\u00fcker]."}, "130": {"qwen": "The Maximum Clique in this network is:\n[Jane E. Alty, D. R. Stuart Jamieson, Stephen L. Smith, Andy M. Tyrrell, Michael A. Lones]"}, "131": {"qwen": "The Maximum Clique in this network is: [Richard Socher, Eric H. Huang, Tomas Mikolov, Gaowei Wu, Yoshua Bengio]."}, "132": {"qwen": "The maximum clique in this network is: [Jen Hong Tan, U. Rajendra Acharya, Ram Bilas Pachori, Roshan Joy Martis, Jasjit S. Suri, Choo Min Lim, S. Vinitha Sree]."}, "133": {"qwen": "The maximum clique in this network consists of the following authors:\n\n[Michal B\u00edda, Cyril Brom, Ana Paiva, Jo\u00e3o Dias, Sandy Louchart]"}, "134": {"qwen": "[Barbara Tversky, Mary Hegarty, Paul Ayres, Mireille Betrancourt, Julie Bauer Morrison]"}, "135": {"qwen": "The maximum clique in this network consists of the following authors:\n\n[Michael Lewis, Mary L. Cummings, Raja Parasuraman, Michael A. Goodrich, Jacob W. Crandall]"}, "136": {"qwen": "[Peter Murray-Rust, Janna Hastings, Christoph Steinbeck, Marcus Ennis, Ioannis Xenarios]"}, "137": {"qwen": "[Andrew Y. Ng, Ken Goldberg, Peter K. Allen, Siddhartha S. Srinivasa, Gaurav S. Sukhatme]"}, "138": {"qwen": "The Maximum Clique in this network is: [Sudip Misra, Rajkumar Buyya, Mohammad S. Obaidat, Yu-Chee Tseng, Ian F. Akyildiz]."}, "139": {"qwen": "[Bo Fan, Kun Yang, Qin Yu, Elza Erkip, Yan Zhang]"}, "140": {"qwen": "The Maximum Clique in this network is: [Hongbin Li, Joel A. Tropp, Lawrence Carin, Hana Godrich, Braham Himed]."}, "141": {"qwen": "[Ofir Turel, Christy M. K. Cheung, Matthew K. O. Lee, Izak Benbasat, Anol Bhattacherjee]"}, "142": {"qwen": "[Christopher A. Rouff, Emil Vassev, Jeffrey O. Kephart, Mike Hinchey, Michael G. Hinchey]"}, "143": {"qwen": "The maximum clique in this network is: [Tim Kindberg, Nigel Davies, Ichiro Satoh, Marcos Frid, Lionel M. Ni]."}, "144": {"qwen": "Given the large number of collaborations, it's clear that Bram Platel is connected to every other author in the network. Therefore, the maximum clique includes all authors who are directly or indirectly connected through Bram Platel. The Maximum Clique in this network is:\n\n[Bram Platel, Nico Karssemeijer, James C. Gee, Arjan Kuijper, Joachim Weickert, Martin Lillholm, Krystian Mikolajczyk, Marco Loog, Mads Nielsen, Elena Marchiori, Aaron Carass, Frans Kanters, Dzung L. Pham, Stephen M. Smith, Douglas L. Arnold, D. Louis Collins, Nicholas Ayache, Ali Shokoufandeh, B.M. ter Haar Romeny, Clara I. S\u00e1nchez, Timo Ropinski]"}, "145": {"qwen": "[Lawrence L. You, Eduardo Pinheiro, Ethan L. Miller, Darrell D. E. Long, Dan Feng]"}, "146": {"qwen": "[Haizhou Li, Jani Nurminen, Siu Wa Lee, David Nahamoo, Nicholas W. D. Evans]"}, "147": {"qwen": "[Volker Wulf, Alexander Boden, Gabriela Avram, Pernille Bj\u00f8rn]"}, "148": {"qwen": "The Maximum Clique in this network is: [Luciano Volcan Agostini, Marcelo Schiavon Porto, Sergio Bampi, Wen Gao, Thomas Wiegand]."}, "149": {"qwen": "[Robert E. Wolfe, Gyanesh Chander, Dennis L. Helder, James J. Butler, Brian N. Wenny]"}, "150": {"qwen": "[Gerhard Rigoll, Frank Wallhoff, Bernd Radig, Claus Lenz, Michael Beetz]"}, "151": {"qwen": "[Richard G. Baraniuk, Andrew S. Lan, Christopher G. Brinton, Christoph Studer, Mung Chiang]"}, "152": {"qwen": "[Ben Shneiderman, Martin Wattenberg, Fernanda B. Vi\u00e9gas, David S. Ebert]"}, "153": {"qwen": "The Maximum Clique in this network is: [Guy Godin, Ryo Kurazume, Tsutomu Hasegawa, Yumi Iwashita, Hans-Peter Seidel]"}, "154": {"qwen": "[Alexander Zelikovsky, Serghei Mangul, Volker Roth, Nicholas Mancuso, Ion I. Mandoiu]"}, "155": {"qwen": "The Maximum Clique in this network is: [Mario Bkassiny, Sudharman K. Jayaweera, Xu Yuan, Venugopal V. Veeravalli, Georgios B. Giannakis]."}, "156": {"qwen": "[Muhammad Uzair, Trevor Darrell, Marios Savvides, Ajmal S. Mian, Lei Zhang]"}, "157": {"qwen": "[Noah A. Smith, Ilya Sutskever, Tomas Mikolov, Yoshua Bengio, Jason Weston]"}, "158": {"qwen": "The Maximum Clique in this network is: [A. P. Vinod, Sumedh Dhabu, Keqin Liu, Dominique Noguet, Honggang Zhang]."}, "159": {"qwen": "[Adriana Hava, Gabriel-Miro Muntean, John Murphy, Liam Murphy, Philip Perry]"}, "160": {"qwen": "[Manuel Carro, Francisco Bueno, Pedro L\u00f3pez-Garc\u00eda 0001, Germ\u00e1n Puebla, Elvira Albert]"}, "161": {"qwen": "The Maximum Clique in this network is: [Jiunn-Tsair Chen, Dongning Guo, Georgios B. Giannakis, John M. Cioffi, Ralf R. M\u00fcller]."}, "162": {"qwen": "The maximum clique in this network consists of the following authors:\n[Teodor Sommestad, Mathias Ekstedt, Marzieh Bakhshandeh, Jonas Hallberg, Hannes Holm]"}, "163": {"qwen": "The Maximum Clique in this network is: [Andreas Schlapbach, Constantin Papaodysseus, Laurent Heutte, Panayiotis Rousopoulos, Mihalis Panagopoulos]."}, "164": {"qwen": "[Daniel Cohen-Or, Jo\u00e3o Paulo Gois, Kalpathi R. Subramanian, Markus H. Gross, Yutaka Ohtake]"}, "165": {"qwen": "[Partha Pratim Talukdar, Tom M. Mitchell, Christopher D. Manning]"}, "166": {"qwen": "The maximum clique in this network is: [Tomas Mikolov, Deniz Yuret, Jeffrey Dean, Jason Weston, Yoshua Bengio]."}, "167": {"qwen": "[Aniket Kittur, Leif Singer, Sara Kiesler, Laura Dabbish, David Lo]"}, "168": {"qwen": "[Abdollah Kavousi-Fard, Alireza Abbasi, Taher Niknam, Reza Khorramnia, Mohammad-Reza Akbari-Zadeh]"}, "169": {"qwen": "The Maximum Clique in this network is:\n\n[Andrea Cavallaro, Maja Pantic, Jeffrey F. Cohn, Simon Baker, Takeo Kanade]"}, "170": {"qwen": "[Jean Ponce, Dacheng Tao, Jun Yu, Bingbing Ni, Iain A. Matthews]"}, "171": {"qwen": "The maximum clique in the given network is: [Andy Edmonds, Ryen W. White, Todd A. Cass, Weiguo Fan, Jaime Teevan]"}, "172": {"qwen": "The maximum clique in this network consists of the following authors:\n\n[Mart\u00edn J. Lillo Carpio, Graham Kendall, Santiago Enrique Conant-Pablos, Ben Paechter, Sanja Petrovic]"}, "173": {"qwen": "The maximum clique in this network consists of the following authors:\n\n[Kevin Warwick, Slawomir J. Nasuto, Steve M. Potter]"}, "174": {"qwen": "[James Demmel, Katherine A. Yelick, Keith Seymour, Victor Eijkhout, Jack Dongarra]"}, "175": {"qwen": "[Arnulph Fuhrmann, Ronald Fedkiw, Xiaogang Jin, Andr\u00e9 Gagalowicz, Markus Wacker]"}, "176": {"qwen": "The maximum clique in this network consists of the following authors:\n\n[Sven Groppe, Jinghua Groppe, Ioannis Stavrakantonakis, Andr\u00e9 H\u00f6ing, Eugene Inseok Chong]"}, "177": {"qwen": "The Maximum Clique for the given network is: [Antonella Ferrara, Gianluca Ippoliti, Khaled M. Ben-Gharbia, Lalo Magni, Leonid Fridman]"}, "178": {"qwen": "[Andrzej Ruszczynski, Darinka Dentcheva, Huifu Xu, Martin Branda, Sanjay Mehrotra]"}, "179": {"qwen": "The Maximum Clique in this network is: [Cynthia Dwork, Ashwin Machanavajjhala, Graham Cormode]."}, "180": {"qwen": "The maximum clique in this network is: [Nam Soo Kim, Joon-Hyuk Chang, Hsin-Min Wang, Kuan-Ting Chen, Philipos C. Loizou]."}, "181": {"qwen": "The Maximum Clique in this network is: [David Maier, Michael Grossniklaus, Florian Irmert, Moira C. Norrie, Mitch Cherniack]"}, "182": {"qwen": "[Christopher D. Manning, Kentaro Inui, Yotaro Watanabe, Daisuke Kawahara, Jun'ichi Kazama]"}, "183": {"qwen": "The maximum clique in this network consists of the following authors:\n\n[Aram Hovsepyan, Federica Paci, John Mylopoulos, Riccardo Scandariato, Wouter Joosen]"}, "184": {"qwen": "The Maximum Clique for the given network is: [Trygve B. Leergaard, Jan G. Bjaalie, Arthur W. Toga, Mihail Bota, David C. Van Essen]."}, "185": {"qwen": "The maximum clique in this network consists of the following authors:\n\n[Michael R. Lyu, Harald Steck, Yong Liu, Xueming Qian, Martin Ester]"}, "186": {"qwen": "The Maximum Clique in this network is: [Li Dong, Ya-Jun Gao, X. X. Yi, Xiao-Ming Xiu, H. Z. Shen, Zhou L, Yu-Bo Sheng, Xing-Fu Wang]."}, "187": {"qwen": "The Maximum Clique in this network is: [Ajay Kumar, Chun-Wei Tan, David Zhang, Koichi Ito, Takafumi Aoki]."}, "188": {"qwen": "[Alan C. Bovik, Zhou Wang, Eero P. Simoncelli, Weisi Lin, Marco Carli]"}, "189": {"qwen": "The maximum clique in this network is: [Arash Arami, Kamiar Aminian, Pierre-Andr\u00e9 Farine, Philippe Renaud, Peter Ryser]."}, "190": {"qwen": "[Tadashi Dohi, Kishor S. Trivedi, Kalyanaraman Vaidyanathan, Stefano Russo, Hiroyuki Okamura]"}, "191": {"qwen": "[Markus Rupp, Jeffrey G. Andrews, Athanasios V. Vasilakos, Alan Gatherer, Martin Wrulich]"}, "192": {"qwen": "The Maximum Clique in this network is: [Christopher L. Simons, Ian C. Parmee, Mark Harman, Mel \u00d3 Cinn\u00e9ide]."}, "193": {"qwen": "[Paul Hines, Ian Dobson, B.A. Carreras, David E. Newman]"}, "194": {"qwen": "[Charles M. Macal, Helen Celia, Peer-Olaf Siebers]"}, "195": {"qwen": "The maximum clique in this network is:\n[W. M. P. van der Aalst, Minseok Song, van der Wmp Wil Aalst, Matthias Weidlich]"}, "196": {"qwen": "[Jerzy Tyszer, Mohammad Tehranipoor, Mark Kassab, Hans-Joachim Wunderlich, Bernd Koenemann]"}, "197": {"qwen": "[Tomoki Toda, Alan W. Black, Satoshi Nakamura, Yang Liu, Graham Neubig]"}, "198": {"qwen": "The Maximum Clique in this network is: [Alexander Sorin, Dan Chazan, David Malah, Raimo Bakis, Slava Shechtman]"}, "199": {"qwen": "[Carlos Segura, Xavier Martorell, Eduard Ayguad\u00e9, Albert Cohen, Rosa M. Badia]"}, "200": {"qwen": "The maximum clique in this network has 7 authors:\n\n[Alfonso Rodr\u00edguez-Pat\u00f3n, Marian Gheorghe, Gheorghe P\u0103un, Atulya K. Nagar, Carlos Mart\u00edn-Vide, Linqiang Pan, Mario J. P\u00e9rez-Jim\u00e9nez]"}, "201": {"qwen": "[Philip C. Woodland, Douglas D. O'Shaughnessy, Douglas A. Reynolds, Li Deng, Andreas Stolcke]"}, "202": {"qwen": "[David H. Albonesi, Dean M. Tullsen, David M. Brooks, Murali Annavaram, Jason Cong]"}, "203": {"qwen": "The Maximum Clique in this network is: [Jukka Suomela, Fabian Kuhn, David Peleg, Amos Korman, Yuval Emek]."}, "204": {"qwen": "[Shuuji Kajita, Yonghwan Oh, Kazuhito Yokoi, Christian Ott, Michael Gienger]"}, "205": {"qwen": "The maximum clique in this network consists of the following authors:\n\n[Rajkumar Buyya, O. Smirnova, Erik Elmroth, Luming Zhang, Ian T. Foster, Peter Thanisch, Aleksandr Konstantinov, M. Ellert, Thomas Sandholm, Zoltan Farkas, Steven Tuecke, Vincenzo Ciaschini, Balazs Konya, Alfredo Cuzzocrea, Marko Niinim\u00e4ki]"}, "206": {"qwen": "The maximum clique in this network is [Am\u00e9lie Cordier, Amedeo Napoli, Yannick Toussaint, Alain Mille, Rokia Bendaoud]."}, "207": {"qwen": "[Seung-Hyuk Kang, Jisu Kim, Jung Pill Kim, Lirida A. B. Naviner, C. Chappert]"}, "208": {"qwen": "[Trong-Trinh Dang, Kaushik Roy, Giovanni De Micheli, Pierre-Emmanuel Gaillardon, Nataliya Yakymets]"}, "209": {"qwen": "The maximum clique in this network consists of the following authors:\n\n[Chin-Chen Chang, Hui Li, Ming Chen, Nenghai Yu, Weiming Zhang]"}, "210": {"qwen": "[Shuai Li, Zhimin Huang, Xinyi Liu, Yaqin Liu, Shaoyong Lu]"}, "211": {"qwen": "[Prasant Mohapatra, Ernst W. Biersack, Ion Stoica, Kannan Ramchandran, Pengfei You]"}, "212": {"qwen": "[Maxime Descoteaux, Rutger Fick, Evren \u00d6zarslan, Carl-Fredrik Westin, Peter J. Basser]"}, "213": {"qwen": "[Antonio Jose Estepa, Rafael Estepa, Juan M. Vozmediano, Jose M. Jimenez, Hyun-Ho Choi]"}, "214": {"qwen": "The maximum clique in this network is: [Fernando De la Prieta, Sara Rodr\u00edguez, Juan Francisco de Paz, Javier Bajo]."}, "215": {"qwen": "[Juan A. Mesa, Alicia De-Los-Santos, Gilbert Laporte, Francisco A. Ortega, \u00c1ngel Mar\u00edn]"}, "216": {"qwen": "The maximum clique in this academic network consists of the authors who have collaborated with each other directly or indirectly through a chain of collaborations. After analyzing the given collaborations, the largest clique can be determined as follows:\n\n[Dong-Sheng Cao, Qing-Song Xu, Ning-Ning Wang, Yi-Zeng Liang, Min-Feng Zhu]\n\nThese authors are all connected to each other through multiple collaboration paths. No other author has collaborations with all of these five authors simultaneously, making this the maximum clique."}, "217": {"qwen": "The maximum clique in this network is: [David Angeli, Colin Neil Jones, Leo Emil Sokoler, Frank Allg\u00f6wer, Peng Shi]."}, "218": {"qwen": "[Trishul M. Chilimbi, Matthew Arnold, Xipeng Shen, David A. Padua, Yutao Zhong]"}, "219": {"qwen": "The Maximum Clique in this network is:\n\n[Eduardo Santana de Almeida, Alexandre Alvaro, Vinicius Cardoso Garcia, Silvio Romero de Lemos Meira, E.S. de Almeida, Daniel Lucr\u00e9dio]"}, "220": {"qwen": "The maximum clique in this network consists of the following authors:\n\n[Tieniu Tan, Zehang Sun, Mohan M. Trivedi, George Bebis, Ronald Miller]"}, "221": {"qwen": "[Philippe Cudr\u00e9-Mauroux, Magdalena Balazinska, Michael Stonebraker, Alexander Rasin]"}, "222": {"qwen": "[Madjid Tavana, Maghsud Solimanpur, Nima Safaei, Iraj Mahdavi, Reza Tavakkoli-Moghaddam]"}, "223": {"qwen": "The maximum clique in this network consists of the authors who have collaborated with each other directly or indirectly through other authors in the network. After analyzing the given collaborations, we can identify the largest group of authors who have collaborated with every member of the group. The maximum clique is:\n\n[Jason H. Moore, Qiang Yang, Xiang Zhang, C. Yang]"}, "224": {"qwen": "The Maximum Clique in this network is: [Ewa Deelman, Ian T. Foster, Kary A. C. S. Oca\u00f1a, Jonas Dias, Edward Walker]."}, "225": {"qwen": "The maximum clique in this network consists of the following authors:\n\n[Miguel A. Vega-Rodr\u00edguez, Biswanath Mukherjee, Keyao Zhu, Ajit Pal, Pallab Dasgupta]"}, "226": {"qwen": "[Alissa Nicole Antle, J\u00f6rn Hurtienne, Johann Habakuk Israel]"}, "227": {"qwen": "[Daniel Beale, Domenico Prattichizzo, Enric Galceran, Gaurav S. Sukhatme, Fran\u00e7ois Chaumette, Kostas J. Kyriakopoulos, Nicholas Roy, Seth Hutchinson, Wolfram Burgard]"}, "228": {"qwen": "[Evjola Spaho, Keita Matsuo, Makoto Ikeda, Leonard Barolli, Fatos Xhafa]"}, "229": {"qwen": "[Reinhard Schneider, Wolfgang Mueller, J\u00fcrgen Teich, Martin Lukasiewycz, Marco Di Natale]"}, "230": {"qwen": "The Maximum Clique in this network is:\n\n[Cristina Urdiales, F. Sandoval]"}, "231": {"qwen": "[Sebastian Thrun, Jes\u00fas Capit\u00e1n, An\u00edbal Ollero, David Hsu, Albert"}, "232": {"qwen": "[Haobing Wang, Celimuge Wu, Toshihiko Kato, Dina Katabi, Xiaoxia Huang]"}, "233": {"qwen": "[Michela Meo, Fabio Neri, Marco Mellia, Dario Rossi, Andrea Bianco]"}, "234": {"qwen": "[Allen B. MacKenzie, Milos Rovcanin, Jordi P\u00e9rez-Romero, Ram\u00f3n Agust\u00ed, Luiz A. DaSilva]"}, "235": {"qwen": "[Michael F. P. O'Boyle, Eric Larson, Peter Gavin, David B. Whalley, Stephen Hines]"}, "236": {"qwen": "Error!"}, "237": {"qwen": "The maximum clique in the given network consists of the following authors:\n\n[Li"}, "238": {"qwen": "[Rajkumar Buyya, Jon B. Weissman, Olivier Beaumont, Mohamed Othman, Monir Abdullah]"}, "239": {"qwen": "[Claudio Fabiano Motta Toledo, Bernardo Almada-Lobo, Reinaldo Morabito, Paulo Morelato Fran\u00e7a, Alexandre Mendes, M\u00e1rcio da Silva Arantes]"}, "240": {"qwen": "The Maximum Clique in this network is: [Wendy W. Chapman, Guergana Savova, Bradley Malin, Joshua C. Denny, Louise Del\u00e9ger]"}, "241": {"qwen": "[Victor A. Zinoviev, J. Rif\u00ed, Josep Rif\u00e0, Neil I. Gillespie, Joaquim Borges]"}, "242": {"qwen": "The Maximum Clique in this network is: [Norman Poh, Jonathan H. Connell, Karthik Nandakumar, Anil K. Jain, Nalini K. Ratha, Sharath Pankanti, Ruud M. Bolle]."}, "243": {"qwen": "[Lise Getoor, Guoyin Li, Cornelis Roos, Tam\u00e1s Terlaky, V. Jeyakumar]"}, "244": {"qwen": "The Maximum Clique in this network is: [Jie Tang, Jiawei Han, Wei Wang, Andrew McCallum, John D. Lafferty, Hal Daum\u00e9, Christos Faloutsos]."}, "245": {"qwen": "The maximum clique in the given network consists of the following authors:\n\n[Luis Gustavo Nonato, Fernando Vieira Paulovich, Rosane Minghim, Maria Cristina Ferreira de Oliveira, Ching-Liang Dai]"}, "246": {"qwen": "[Georgios B. Giannakis, Rick S. Blum, Alexander M. Haimovich]"}, "247": {"qwen": "The Maximum Clique in this network is: [Yingcai Wu, Wei Chen, Lionel M. Ni, Yu Zheng, Jian Zhao, Natalia V. Andrienko, Huamin Qu, Daqing Zhang, Daniel A. Keim, Chi-Wing Fu, Kwan-Liu Ma]."}, "248": {"qwen": "The Maximum Clique in this network is: [Tom Heath, Tim Berners-Lee, Christian Bizer, Besnik Fetahu, Stefan Dietze, Xin Wang, Eduardo Mena, Silvio Peroni, John P. McCrae, Sudhir Agarwal, Manuel Lama, Robert W. Brennan, Ralf Schenkel, Sebastian Hellmann, Giovanni Tummarello, Fabian M. Suchanek, Amelie Gyrard, Hasti Ziaimatin, Elmar Kiesling]."}, "249": {"qwen": "The maximum clique in this network consists of the following authors:\n\n[Tieniu Tan, Abdel-rahman Mohamed, Hermann Ney, Geoffrey E. Hinton, J\u00fcrgen Schmidhuber]"}, "250": {"qwen": "[Andr\u00e9 Schiper, Filipe Araujo, Naghmeh Ivaki, Peter Urban, Paolo Romano]"}, "251": {"qwen": "The maximum clique in this network is: [Daniel Rueckert, Jo\u00e3o Ricardo Sato, Carlos Eduardo Thomaz, Duncan Fyfe Gillies]."}, "252": {"qwen": "The Maximum Clique for the given network is: [Luigi Villani, Martin Rajchl, Natasha Gelfand, Francesco Bonarrigo, Jing Yuan, Shankar Krishnan, Leonidas J. Guibas, Michael M. Kazhdan, Szymon Rusinkiewicz, Anis Sahbani, Jijie Xu, Guanfeng Liu, John Keyser, Terry M. Peters, Marc Levoy, Daniel Cohen-Or, Alberto Signoroni, Nassir Navab, Gerard M. Guiraudon, Hui Xiong, Zexiang Li, John B. Moore, Bruno Siciliano, David G. Gobbi, Fausto Bernardini]."}, "253": {"qwen": "The maximum clique in this network consists of the following authors:\n\n[Meng Wang, Tat-Seng Chua, Xin Li, Hao Zhang, Irwin King]"}, "254": {"qwen": "[Alissa Nicole Antle, Eva Hornecker, Jacob Buur, Paul Marshall, Yvonne Rogers]"}, "255": {"qwen": "The maximum clique in this network consists of the following authors:\n\n[Chenyang Yang, Emil Bj\u00f6rnson, Merouane Debbah, Jakob Hoydis, Wenjia Liu]"}, "256": {"qwen": "[Lihe Zhang, Huchuan Lu, Liqing Zhang, Weihai Chen]"}, "257": {"qwen": "The Maximum Clique in this network is: [Ali Amiri, Peng Cheng, Chun-Wei Lin, Tzung-Pei Hong, Shyue-Liang Wang]."}, "258": {"qwen": "[Jose Rodriguez, J.D. Birdwell, Qingyang Meng, Jianzhong Qiao, Shukuan Lin]"}, "259": {"qwen": "The Maximum Clique in this network is:\n\n[Josef van Genabith, Philipp Koehn, Franz Josef Och, Chris Callison-Burch, Andy Way]"}, "260": {"qwen": "[Levent Burak Kara, Randall Davis, Tevfik Metin Sezgin, Gennaro Costagliola, Danilo Avola]"}, "261": {"qwen": "The Maximum Clique in this network is: [Ronen I. Brafman, Francesca Rossi, Carmel Domshlak, Holger H. Hoos, Sheila A. McIlraith]."}, "262": {"qwen": "[Mahmood Niazi, Aileen Cater-Steel, Marion Lepmets, Rory V. O'Connor, Terry Rout]"}, "263": {"qwen": "[Hideya Kawaji, Alistair R. R. Forrest]"}, "264": {"qwen": "The Maximum Clique in this network is: [Jiantao Zhou, Xiaofeng Liao, Chengqing Li, Leo Yu Zhang, Kwok-Wo Wong]."}, "265": {"qwen": "[Shi Jin, Arogyaswami Paulraj, Miguel Angel Lagunas, Philippe Loubaton, Antonia Maria Tulino]"}, "266": {"qwen": "The Maximum Clique in this network is: [Michal P\u011bchou\u010dek, Martin Rehak, Jan Stiborek, Martin Grill, Mark Crovella]."}, "267": {"qwen": "[Per Ahlgren, Ronald Rousseau, Ying Ding, Vincent Larivi\u00e8re, Loet Leydesdorff]"}, "268": {"qwen": "The Maximum Clique in this network is: [Scott R. Klemmer, Jeffrey P. Bigham, Elizabeth Gerber, George W. Fitzmaurice, Steven P. Dow]"}, "269": {"qwen": "[Chao Yang, Wayne Luk, Lin Gan, Wei Xue, Paulius Micikevicius]"}, "270": {"qwen": "[Patric R. Spence, Brandon Van Der Heide, Stephanie Tom Tong, Nicole B. Ellison, Joseph B. Walther]"}, "271": {"qwen": "[Julio Abascal, Giorgio Brajnik, David Sloan, Myriam Arrue, Simon Harper]"}, "272": {"qwen": "The maximum clique in the given network is: [Fang Qi, Nina Bhatti, Xiaodong Lin, Dan Boneh, Anna Bouch]"}, "273": {"qwen": "[William Perrie, Jochen Horstmann, Susanne Lehner]"}, "274": {"qwen": "[Jason Mars, Abel Gordon, Jiuxing Liu, Stephen L. Scott, Dhabaleswar K. Panda]"}, "275": {"qwen": "The maximum clique in the given network is [G\u00fcnther R. Raidl, Petrina Papazek, Fr\u00e9d\u00e9ric Meunier, Bin Hu, Christian Kloim\u00fcllner]."}, "276": {"qwen": "The maximum clique in this network consists of the following authors:\n\n[Zhiqin Liu, Bobin Deng, Ming Cong, Yaobin Wang, Kunle Olukotun]"}, "277": {"qwen": "[Radim Blaheta, Ondrej Jakl, J. Star\u00fd, Roman Kohut, Maya Neytcheva]"}, "278": {"qwen": "The maximum clique in this network consists of the following authors:\n\n[Huazhong Yang, Yongpan Liu, Yiran Chen, Vijaykrishnan Narayanan, Mircea R. Stan]"}, "279": {"qwen": "The Maximum Clique in this network is: [Mei-Ling Shyu, Shu-Ching Chen, Lin Lin, Yu-Gang Jiang, Alan F. Smeaton]."}, "280": {"qwen": "The maximum clique in the given network is: [Martin Leucker, Tiziana Margaria, Bernhard Steffen]."}, "281": {"qwen": "The maximum clique in this network consists of the authors who have collaborated with each other directly or indirectly through a chain of collaborations. After analyzing the given collaborations, we can identify the largest clique:\n\n[Lucas J\u00f3dar, J. C. Cort\u00e9s, Laura Villafuerte, M.-D. Rosell\u00f3, Benito M. Chen-Charpentier]\n\nThese authors are all connected to each other through direct or indirect collaborations."}, "282": {"qwen": "[Marina Lipshteyn, Dimitrios M. Thilikos, Van Bang Le, Ton Kloks, Maw-Shang Chang]"}, "283": {"qwen": "The Maximum Clique in this network is: [Quang Do, Ben Martini, Kim-Kwang Raymond Choo]."}, "284": {"qwen": "The Maximum Clique in this network is: [Ganesh Gopalakrishnan, Madanlal Musuvathi, Cormac Flanagan, Shaz Qadeer, Koushik Sen, Hans-Juergen Boehm]."}, "285": {"qwen": "[Guy Godin, Francois Blais, Michel Picard, Philippe Massicotte, J.-Angelo Beraldin]"}, "286": {"qwen": "[Atsuo Kawai, Ryo Nagata, Martin Chodorow, Joel R. Tetreault]"}, "287": {"qwen": "The maximum clique in this network consists of the following authors:\n\n[Denys Poshyvanyk, Gabriele Bavota, Massimiliano Di Penta, Rocco Oliveto, Thomas Zimmermann]"}, "288": {"qwen": "[Florian Fittkau, Wilhelm Hasselbring, Am\u00e9rico Sampaio, Michele Lanza]"}, "289": {"qwen": "The maximum clique in this network consists of the following authors:\n\n[Giuseppe De Giacomo, Anastasios Kementsietsidis, Jeff Heflin, Ladjel Bellatreche, Philip A. Bernstein]"}, "290": {"qwen": "[Tong Zhang, Mengjie Mao, Yiran Chen, Hai Li, Cong Xu]"}, "291": {"qwen": "[Andreas F. Molisch, Ignacio Rodriguez, Istvan Zsolt Kovacs, Sundeep Rangan, Theodore S. Rappaport]"}, "292": {"qwen": "[Maciej Drozdowski, Hyoung Joong Kim, Bharadwaj Veeravalli, Debasish Ghose, Arnaud Legrand]"}, "293": {"qwen": "[Christian Decker, Michael Beigl, Albert Krohn, Philip Robinson, Emilian Peev]"}, "294": {"qwen": "[Tony F. Chan, Daniel Cremers, Luminita A. Vese, Stefano Soatto]"}, "295": {"qwen": "The maximum clique in this network consists of the following authors:\n\n[Daniel Teichmann, J Foussier, R Reinder Haakma, X Xi Long, P Pedro Fonseca]"}, "296": {"qwen": "[Chien Chern Cheah, Juanjuan Zhang, Elena Katok, Steven H. Collins]"}, "297": {"qwen": "[Tadashi Naruse, Manuela M. Veloso, Ashutosh Saxena, Andrew Y. Ng] (This is not the solution for the given problem, but it's the example provided in the question.)\n\nFor the actual problem to solve:\n\n[Xiaowei Yang, Jelena Mirkovic, C. Seshadhri, Peter L. Reiher]"}, "298": {"qwen": "[Libero Nigro, Franco Cicirelli, Angelo Furfaro, Michael J. North, Xiaolin Hu]"}, "299": {"qwen": "[Olutayo O. Oyerinde, Stanley H. Mneney, Lihai Liu, Lajos Hanzo, Qinghua Guo]"}, "300": {"qwen": "The Maximum Clique in this network is: [Gonzalo Navarro, Edgar Ch\u00e1vez, Jos\u00e9 L. Marroquin]."}, "301": {"qwen": "[Chisato Yamasaki, Toshihisa Takagi, Henning Hermjakob, Rolf Apweiler, Ewan Birney, Toshiaki Katayama]"}, "302": {"qwen": "The maximum clique in the given network is: [Makoto Nagata, Noriyuki Miura, Yu-ichi Hayashi, Amine Dehbaoui, David Naccache]."}, "303": {"qwen": "The maximum clique in this network consists of the following authors:\n\n[Lauri Alanko, Arash Farzan, Anuj Dawar, Georg Gottlob, Holger Hoos, Ian Horrocks, Jan Van den Bussche, Jeannette Wing, Joost Vennekens, Julian Mendez, Konstantinos Chatzikokolakis, Krzysztof Czarnecki, Krzysztof Szeptycki, Michael F. Williams, Pascal Hitzler, Peter Haase, Roman Kontchakov, Thomas Eiter, Tomi Janhunen, Yevgeniy V. Koslyukov]"}, "304": {"qwen": "[Lois M. L. Delcambre, Susan Price, Andrew Turpin, Kalervo J\u00e4rvelin, Heikki Keskustalo]"}, "305": {"qwen": "The maximum clique in this network consists of the following authors:\n\n[Filip Biljecki, G.B.M. Heuvelink]"}, "306": {"qwen": "[Li"}, "307": {"qwen": "[Depeng Jin, Lieguang Zeng, Yong Li, Minglu Li, Jon Crowcroft]"}, "308": {"qwen": "[Thomas Wiegand, Gary J. Sullivan, Jens-Rainer Ohm, Heiko Schwarz, Bernd Girod]"}, "309": {"qwen": "The Maximum Clique in this network is: [George K. I. Mann, Raymond G. Gosine, Paul Newman, Nathan Michael, Wolfram Burgard, Hugh F. Durrant-Whyte]."}, "310": {"qwen": "The Maximum Clique in this network is: [Jurij F\u00fcrst, Cristian Lorenz, Bram van Ginneken, Georg Rose, Matthias Kirschner]."}, "311": {"qwen": "[Shojiro Nishio, John A. Stankovic, Deborah Estrin, Hari Balakrishnan, Ian F. Akyildiz]"}, "312": {"qwen": "[Jose Rodriguez, Mohamed Tawfik, Kouhei Ohnishi, Eric Monmasson, Karel Jezernik]"}, "313": {"qwen": "The maximum clique in the given network is: [Vladimir-Ioan Cretu, Daniel Moss\u00e9, Giorgio C. Buttazzo, Mihai V. Micea, James H. Anderson]."}, "314": {"qwen": "[Guiqiang Dong, Tong Zhang, Mengying Zhao, Jinhua Cui, Meng-Yen Chuang]"}, "315": {"qwen": "[Alan C. Bovik, David L. Donoho, Michael Elad, Martin J. Wainwright, Yi Ma]"}, "316": {"qwen": "The Maximum Clique in this network is: [Zidong Wang, Xiaohui Liu, Huijun Gao, Yurong Liu, Daniel W. C. Ho]"}, "317": {"qwen": "The maximum clique in this network consists of the following authors: [Antoni Lig\u0119za, Krzysztof Kaczor, Grzegorz J. Nalepa, Jan Mendling, Krzysztof Kluza]."}, "318": {"qwen": "[Markus Bachmann, Zhen Dong, Josef Mittermayer, Hauke Fiedler, Rolf Scheiber]"}, "319": {"qwen": "[M\u00e1rio Fernando Montenegro Campos, Paulo Drews, Joana Dias, Pedro N\u00fa\u00f1ez, Wolfram Burgard]"}, "320": {"qwen": "The maximum clique in the given network is: [David Gefen, Viswanath Venkatesh, Dale L. Goodhue, Mary Tate, Izak Benbasat]."}, "321": {"qwen": "[Scott Shenker, Jiawei Han, Hui Zhang, Viktor K. Prasanna, David R. Karger]"}, "322": {"qwen": "[Enzo Pasquale Scilingo, Claudio Gentili, R. Barbieri, Danilo De Rossi, Antonio Lanata]"}, "323": {"qwen": "The Maximum Clique in this network is: [Amanda Harris, Jochen Rick, Paul Marshall, Panayiotis Zaphiris, Victoria Bonnett]."}, "324": {"qwen": "The Maximum Clique in this academic network is:\n\n[Yan Chen, Bhaskar Krishnamachari, Hongseok Kim, Eitan Altman, Kyuho Son, Yung Yi, Martin Heusse, Andrzej Duda, Bernard Cousin, Farah Moety]"}, "325": {"qwen": "The maximum clique in this network consists of the following authors:\n\n[Anders L. Madsen, Cory J. Butz, Hong Yao]"}, "326": {"qwen": "The maximum clique in this network consists of the following authors:\n\n[Mark H. Ellisman, Jos\u00e9-Jes\u00fas Fern\u00e1ndez, Inmaculada Garc\u00eda, Jos\u00e9 Mar\u00eda Carazo, Stephen A. Mock]"}, "327": {"qwen": "The Maximum Clique in this network is: [Jiawei Han, Chen Luo, Philip S. Yu, Qiang Yang, Tomas Mikolov]."}, "328": {"qwen": "[Guillaume Doyen, Dominique Gaiti, Fil"}, "329": {"qwen": "[Mar\u00eda N. Moreno, Yolanda Blanco-Fern\u00e1ndez, Manuel Ramos-Cabrer, Saddys Segrera, Hsinchun Chen]"}, "330": {"qwen": "Given the large number of collaborations, it's clear that Zhenyu Chen is connected to all other authors. Therefore, the Maximum Clique includes Zhenyu Chen along with any other author who is connected to all other authors in the list. After analyzing the connections, we find that there is no single author connected to all others except Zhenyu Chen. Thus, the maximum clique consists only of Zhenyu Chen.\n\nMaximum Clique: [Zhenyu Chen]"}, "331": {"qwen": "The maximum clique in this network is: [M. E. J. Newman, Hanghang Tong, Tao Li, Xiaohua Hu, Daniel Duanqing Wu]."}, "332": {"qwen": "Finding the maximum clique in a large graph is an NP-hard problem, and there's no known efficient algorithm to solve it exactly for all instances. However, for small instances like this one, we can try to identify the clique manually by observing the connections.\n\nUpon examining the given collaborations, the largest group of authors who have collaborated with each other directly or indirectly through a common collaborator is:\n\n[Rajkumar Buyya, Samee Ullah Khan, Anton Beloglazov, Ian T. Foster, Gaurang Mehta]\n\nThese authors are connected as follows:\n- Rajkumar Buyya has collaborations with all others.\n- Samee Ullah Khan has collaborations with Rajkumar Buyya, Ian T. Foster, and Anton Beloglazov.\n- Anton Beloglazov has collaborations with Rajkumar Buyya, Samee Ullah Khan, and Gaurang Mehta.\n- Ian T. Foster has collaborations with Rajkumar Buyya, Samee Ullah Khan, and Gaurang Mehta.\n- Gaurang Mehta has collaborations with Rajkumar Buyya, Samee Ullah Khan, and Anton Beloglazov.\n\nThis is the maximum clique with 5 authors."}, "333": {"qwen": "The Maximum Clique in this network is: [Sergio F. Ochoa, Francisco J. Gutierrez, Juan Rodr\u00edguez-Covili, Jos\u00e9 A. Pino, H. Andr\u00e9s Neyem]."}, "334": {"qwen": "[Roque Alfredo Osornio-Rios, Eduardo Cabal-Yepez, M. Pineda-Sanchez, Ruben Puche-Panadero, Rene de Jesus Romero-Troncoso]"}, "335": {"qwen": "[Chung Keung Poon, Feifeng Zheng, Jae-Hoon Kim, Benjamin Moseley, Stanley P. Y. Fung]"}, "336": {"qwen": "The Maximum Clique in this network is: [Adam Goodkind, Charles C. Tappert, John V. Monaco, Roy A. Maxion, Sung-Hyuk Cha]"}, "337": {"qwen": "The maximum clique in this network consists of the following authors:\n\n[T. Fujisawa, Toshiaki Katayama, Atsuko Yamaguchi, Yasunori Yamamoto, Susumu Goto]"}, "338": {"qwen": "The Maximum Clique in this network is:\n\n[Hyo-Sung Ahn, Kevin L. Moore, YangQuan Chen]"}, "339": {"qwen": "[Daniel Rueckert, Fran\u00e7ois Rousseau, Arthur W. Toga, Nicholas Ayache]"}, "340": {"qwen": "The maximum clique in this network is: [Jan Olaf Blech, Thomas A. Henzinger, Heinz W. Schmidt, Marius Bozga, Albert L. Sangiovanni-Vincentelli]."}, "341": {"qwen": "[Samuel Madden, Mirella M. Moro, Vanessa Braganholo, Carlos A. Heuser, Dan Suciu]"}, "342": {"qwen": "Given the complex collaboration network, the Maximum Clique is:\n\n[Muriel Medard, Lu Lu, Ling Fu Xie, Peter Han Joo Chong, Mostafa H. Ammar]"}, "343": {"qwen": "[Lise Getoor, Indrajit Bhattacharya, Ekaterini Ioannou] (Note: This is the answer from the example provided, not the solution to the given problem since the actual problem has a larger clique.)\n\nThe Maximum Clique for the provided network is: [Wallace Alves Martins, Paulo S. R. Diniz, Ali H. Sayed]"}, "344": {"qwen": "[Richard Berntsson Svensson, Ayb\u00fcke Aurum, Jan Bosch, Jari Partanen, Kimmo Turula, Markku Oivo, Pasi Kuvaja]"}, "345": {"qwen": "[Luis Gustavo Nonato, Fernando Vieira Paulovich, Rosane Minghim, Maria Cristina Ferreira de Oliveira, Alexander Verbraeck]"}, "346": {"qwen": "[Dan Boneh, Jean-Jacques Quisquater, Dongho Won, Dong-Guk Han, Francis Olivier]"}, "347": {"qwen": "[Ching-Jung Ting, Pei-Chann Chang, Shih-Hsin Chen, Wei-Hsiu Huang, Vincent F. Yu]"}, "348": {"qwen": "The maximum clique in this network consists of the authors who have collaborated with each other directly or indirectly through other authors in the network. After analyzing the given collaborations, the largest clique is:\n\n[Li Li, Mustafa Aksoy, Jeffrey R. Piepmeier, Damon Bradley, Christopher S. Ruf]\n\nThese authors have collaborated with each other or have a chain of collaborations connecting them all. No other author can be added to this group without breaking the condition of a clique (every pair of vertices being connected by an edge)."}, "349": {"qwen": "[Marcelo C. Couto, Pedro Jussieu de Rezende, Davi C. Tozoni, Cid C. de Souza, Michael Hemmer]"}, "350": {"qwen": "[Janardhan R. Iyengar, Martin Becke, Mark Handley, Paul D. Amer, Thomas Dreibholz]"}, "351": {"qwen": "[Swarat Chaudhuri, Philippe Suter, Martin C. Rinard, Sanjit A. Seshia, Eran Yahav]"}, "352": {"qwen": "[Paolo Cignoni, Szymon Rusinkiewicz, Francois Blais, Roberto Scopigno, Guy Godin]"}, "353": {"qwen": "[Francesco Verde, Anna Scaglione, Inkyu Lee, Donatella Darsena, Giacinto Gelli]"}, "354": {"qwen": "The maximum clique in this network is [Elizabeth Foss, Hilary Browne Hutchinson, Maja Bohnacker, Tatiana Gossen, Andreas N\u00fcrnberger]."}, "355": {"qwen": "The maximum clique in this network consists of the following authors:\n\n[Lutz Schr\u00f6der, Dirk Pattinson, Clemens Kupke, Jan Rutten, Adam Jatowt, Masatoshi Yoshikawa, Katsumi Tanaka]"}, "356": {"qwen": "[Andrew Luxton-Reilly, Brian Fitzgerald, Ita Richardson, Mats Daniels, Tony Clear]"}, "357": {"qwen": "The maximum clique in this network is: [David Eisenstat, Andrea Vitaletti, Lorenzo Bergamini, Eric Ruppert, James Aspnes]."}, "358": {"qwen": "The maximum clique in this academic network consists of the following authors:\n\n[Amit Sahai, Dan Boneh, Matthew K. Franklin, Mihir Bellare, Hovav Shacham]"}, "359": {"qwen": "The maximum clique in this network consists of the following authors:\n\n[Ji-Rong Wen, Hsin-Hsi Chen, ChengXiang Zhai, Aristides Gionis]"}, "360": {"qwen": "The maximum clique in this network is: [Carlos Eduardo Pereira, Marco A. Wehrmeister, Fl\u00e1vio Rech Wagner, Luigi Carro, J\u00falio C. B. de Mattos]."}, "361": {"qwen": "[Elad Alon, Kambiz Kaviani, Chris Madden, Amir Amirkhany, Mohammad Hekmat]"}, "362": {"qwen": "[Maja Pesic, van der Wmp Wil Aalst, Stefan Jablonski, Fabrizio Maria Maggi, Thomas T. Hildebrandt, Mh Helen Schonenberg]\n\nThis answer seems to be from the example provided rather than the problem to solve. Let's correct it for the actual problem:\n\n[Bo K\u00e5gstr\u00f6m, Enrique S. Quintana-Ort\u00ed, Jack Dongarra, Daniel Kressner, James Demmel]"}, "363": {"qwen": "[Philip E. Bourne, Bo\u017cena Ma\u0142ysiak-Mrozek, Dariusz Mrozek, Yuzhen Ye, Andreas Prli\u0107]"}, "364": {"qwen": "[Mel Slater, Jari Takatalo, Perttu H\u00e4m\u00e4l\u00e4inen, Jonathan Freeman, Holger Regenbrecht]"}, "365": {"qwen": "[Thomas B. Moeslund, Chih-Chung Chang, Anil K. Jain, Andrew Zisserman, Cordelia Schmid]"}, "366": {"qwen": "The Maximum Clique in this network is: [Daniel Mozos, Javier Resano, Juan Antonio Clemente, Francky Catthoor, Th\u00e9odore Marescaux]."}, "367": {"qwen": "The Maximum Clique in this network is: [Hendrik Blockeel, Raymondus Kosala, Andrew McCallum, I-Jen Chiang]."}, "368": {"qwen": "The Maximum Clique for the given network is: [Seth Hutchinson, Fran\u00e7ois Chaumette, Kostas J. Kyriakopoulos, George C. Karras]."}, "369": {"qwen": "[Paul Baker, Lidia Fuentes, Ina Schieferdecker, Frank Weil, Shiou Loh]"}, "370": {"qwen": "[Carlos Blanco, Eduardo Fern\u00e1ndez-Medina, Guttorm Sindre, Mario Piattini]"}, "371": {"qwen": "The maximum clique in this network consists of the following authors:\n\n[Richard G. Baraniuk, Saikat Chatterjee, Anna C. Gilbert, Joel A. Tropp]"}, "372": {"qwen": "[Seung-Hoon Na, Iadh Ounis, Shima Gerani, Richard McCreadie, ChengXiang Zhai]"}, "373": {"qwen": "The maximum clique in this network consists of the authors who have collaborated with each other directly or indirectly through other authors. After analyzing the given collaborations, we find that the largest clique centers around Yong Wu, who has collaborations with many other authors. The maximum clique is as follows:\n\n[Yong Wu, Hugues Hoppe, Xi Guo, Weifeng Li, Mhand Hifi, Shiguang Shan, Ching-Yun Chang, Stephen Clark, Daniele Vigo, Liuqing Yang, Xiang Cheng, Hsiao-Hwa Chen]\n\nThese authors are all connected through Yong Wu, forming the largest clique with 12 members."}, "374": {"qwen": "[Matthias Diener, Raymond Namyst, Eduardo Henrique Molina da Cruz, Marco Antonio Zanata Alves, Anselm Busse]"}, "375": {"qwen": "The maximum clique in this network consists of the following authors:\n\n[Takafumi Hayashi, Xiaohu Tang, Makoto Nakamura]"}, "376": {"qwen": "[Anna Lubiw, Maurizio Patrignani, Ioannis G. Tollis, Michael T. Goodrich, Xin He]"}, "377": {"qwen": "The Maximum Clique for the given network is: [Zhuming Bi, Lin Zhang, Fei Tao, Lida Xu, Chengen Wang, Li Da Xu, Ni Li]."}, "378": {"qwen": "The maximum clique in the given network is: [H\u00e9l\u00e8ne Waeselynck, Virginie Wiels, George Din, Minh Duc Nguyen, Nicolas Riviere]."}, "379": {"qwen": "[Ju-Sheng Mi, Wen-Xiu Zhang, Zhoujun Li, Tao Feng, Fei-Yue Wang, Chun Yong Wang, Etienne E. Kerre]"}, "380": {"qwen": "The maximum clique in this network is: [Vitorino Ramos, Agostinho C. Rosa, Carlos M. Fernandes, Ajith Abraham, Filipe Almeida]."}, "381": {"qwen": "[Youfeng Wu, George A. Reis, Wolfgang Schr\u00f6der-Preikschat, Christof Fetzer, Ute Schiffel]"}, "382": {"qwen": "The Maximum Clique in this network is:\n\n[Georgios B. Giannakis, Leszek Szczecinski, Mustapha Benjillali, Mohamed-Slim Alouini]"}, "383": {"qwen": "The maximum clique in this network consists of the authors who have collaborated with each other directly or indirectly through a common author. After analyzing the given collaborations, the largest clique is:\n\n[Leah Buechley, Yasmin B. Kafai, Michael Eisenberg, Kristin A. Searle, Neil Gershenfeld]"}, "384": {"qwen": "The maximum clique in this network is: [Takashi Kunifuji, Masayuki Matsumoto, Kinji Mori, Gen Kogure, Hiroyuki Sugahara]."}, "385": {"qwen": "[Thirimachos Bourlai, Richa Singh, Kevin W. Bowyer, Bill Triggs, Ioannis A. Kakadiaris]"}, "386": {"qwen": "[Francisco J. Cazorla, Miquel Moreto, Qixiao Liu, Mateo Valero, Jaume Abella]"}, "387": {"qwen": "[Enrico Giunchiglia, Eugenia Ternovska, Esra Erdem, Stefan Woltran, Martin Gebser, Benjamin Kaufmann, Vladimir Lifschitz]"}, "388": {"qwen": "[Chalermpol Saiprasert, Philip Heng Wai Leong, Johan Wahlstr\u00f6m, Marta C. Gonz\u00e1lez, Isaac Skog]"}, "389": {"qwen": "The maximum clique in this network is: [Zixiang Xiong, Min Chen, Faramarz Fekri, Wei Yu]."}, "390": {"qwen": "[Tadashi Dohi, Kishor S. Trivedi, Kalyanaraman Vaidyanathan, Stefano Russo, Hiroyuki Okamura] is not the solution to the given problem, as it corresponds to the example provided, not the problem to solve.\n\nThe actual solution for the problem to solve is: [Gene Tsudik, Zhenfeng Zhang, Matthew K. Franklin, Jan Camenisch, Giuseppe Ateniese, Dan Boneh]."}, "391": {"qwen": "[Thorsten Hampel, Johann Eder, Erich Schikuta, Jonas Schulte]"}, "392": {"qwen": "The maximum clique in this network is: [Albert Y. Zomaya, Alin Bostan, Bruno Salvy, Claude-Pierre Jeannerod, Daniel Chu, \u00c9ric Schost, Jean-Charles Faug\u00e8re, Jean-Guillaume Dumas, Mark van Hoeij, Paul Zimmermann, Richard P. Brent]."}, "393": {"qwen": "The maximum clique in this network is: [Ahmad-Reza Sadeghi, Dan Boneh, Jonathan Katz]"}, "394": {"qwen": "The Maximum Clique in this network is: [Xiaomin Chen, Pierre Aboulker, Ehsan Chiniforooshan, Vasek Chv\u00e1tal]."}, "395": {"qwen": "[Ching-Nung Yang, Xiaotian Wu, Chia-Chen Lin, Chin-Chen Chang, Shyong Jian Shyu]"}, "396": {"qwen": "The Maximum Clique for the given problem is: [Eero P. Simoncelli, Fatih Porikli, Weisi Lin, Alan A. Stocker, Andrew Zisserman]."}, "397": {"qwen": "The maximum clique in the given network is: [Vivienne H. Payne, Maria Cadeddu, Domenico Cimini, Shepard A. Clough, Karen E. Cady-Pereira]."}, "398": {"qwen": "The maximum clique in this network consists of the following authors:\n\n[Wei Fan, Philip S. Yu, Jiawei Han, Lawrence Carin, Inderjit S. Dhillon]"}, "399": {"qwen": "[Alberto Ros, Maged M. Michael, Engin Ipek, Pavan Balaji, Mike Spertus, Georgios K. Konstadinidis, Daniel Lustig, Benjamin C. Lee, Tayfun Elmas, Milind Kulkarni, Terence Kelly, Susmit Sarkar, Jinuk Luke Shin, Margaret Martonosi, Bruce Petrick, Man Cao, Christos Kozyrakis, Hans-Juergen Boehm]"}, "400": {"qwen": "The maximum clique in this network is: [Melike Erol-Kantarci, Sudip Misra, Hanjiang Luo, Uichin Lee, Luiz Filipe M. Vieira]."}, "401": {"qwen": "[Wei-Chiang Hong, Xiaodong Li, Zhenyu Yang, Xin Yao, Qingfu Zhang]"}, "402": {"qwen": "[Hamid A. Toliyat, F. Filippetti, E. Levi, Mina M. Rahimian, Patrick Wheeler]"}, "403": {"qwen": "The Maximum Clique in this network consists of the authors who have collaborated with each other directly or indirectly through a common collaborator. After analyzing the given collaborations, we can determine the largest clique:\n\n[Guoxian Xiao, Jorge Arinez, Liang Zhang, Andrea Matta, Semyon M. Meerkov, Stephan Biller]\n\nThese authors are all connected to each other through various collaborations, forming the largest clique in the network."}, "404": {"qwen": "[Geoffrey E. Hinton, Volkan Cevher, Koray Kavukcuoglu, David E. Carlson, Lawrence Carin]"}, "405": {"qwen": "[Ali Sunyaev, Jan Marco Leimeister, Helmut Krcmar, Leslie P. Willcocks, Bernd Blobel]"}, "406": {"qwen": "The maximum clique in this network consists of the following authors:\n\n[\u00d6zlem Uzuner, Todd Lingren, Megan Kaiser, Katalin Molnar, Philip V. Ogren]"}, "407": {"qwen": "[Alberto L. Sangiovanni-Vincentelli, David E. Culler, Mohammad Mostafizur Rahman Mozumdar, Laura Vanzago, Matt Welsh]"}, "408": {"qwen": "[Usman Roshan, Tiffani L. Williams, Bernard M. E. Moret, Li-San Wang, Dennis R. Livesay]"}, "409": {"qwen": "[Geoffrey E. Hinton, Yoshua Bengio, Jitendra Malik, Wei Xu, Yang Yang]"}, "410": {"qwen": "The Maximum Clique in this network is: [Climent Nadeu, Huy Phan, Alfred Mertins, Xavier Gir\u00f3, Thomas S. Huang]."}, "411": {"qwen": "[Hanqing Lu, Olivier Bousquet, Lei Zhang, Noel E. O'Connor, Peng Wang]"}, "412": {"qwen": "[Kevin L. Moore, YangQuan Chen, Hyo-Sung Ahn, Eric Rogers, Danwei Wang]"}, "413": {"qwen": "The maximum clique in this network consists of the following authors:\n\n[Kevin Chan, Xin Li, Wei Hu, Antonio Ortega, Leon Sterling]"}, "414": {"qwen": "[Aniello Murano, Petr \u010cerm\u00e1k, Fabio Mogavero, Thomas A. Henzinger]"}, "415": {"qwen": "The maximum clique in this network consists of the authors who have collaborated with each other directly or through a chain of collaborations involving only authors within the clique. After analyzing the given collaborations, the largest such group is:\n\n[Toshimichi Saito, Patrick Wheeler, Takuji Kousaka, Hiroyuki Torikai, Chi K. Tse]\n\nThese authors are all connected to each other through Toshimichi Saito, who collaborates with all the others in the clique. There is no larger group where every author has a direct or indirect collaboration with every other author within the group."}, "416": {"qwen": "The Maximum Clique in this network includes the following authors:\n\n[Jonas Beskow, Jens Edlund, Patrick Ehlen, Michael Johnston, Joakim Gustafson]"}, "417": {"qwen": "[Kristian Nymoen, Iva Bojic, Gordan Jezic, Mario Kusek, Vedran Podobnik]"}, "418": {"qwen": "[Quentin Jones, Nicole B. Ellison, Jessica Vitak, Andrew T. Fiore, Charles Steinfield]"}, "419": {"qwen": "[Jerzy Tyszer, Bonita Bhaskaran, Amit Sanghani, Anuja Sehgal, Milind Sonawane]"}, "420": {"qwen": "The Maximum Clique in this network is: [Simon Marlow, Patrick Maier, Phil Trinder, Greg Michaelson, Hans-Wolfgang Loidl]."}, "421": {"qwen": "[Gerhard W. Dueck, Matthew Morrison, Igor L. Markov, Morteza Saheb Zamani, D.M. Miller]"}, "422": {"qwen": "[Masatoshi Uno, Koji Tanaka, Ali Emadi, Juan Dixon, P. Bartholomeus]"}, "423": {"qwen": "The maximum clique in this network has 6 authors:\n\n[Edmund H. Durfee, Catholijn M. Jonker, Tomas Klos, Nicholas R. Jennings, Haris Aziz, Sarit Kraus]"}, "424": {"qwen": "The Maximum Clique in this network is: [Manesh Tailor, Peter Stewart Hearty, William Marsh, Norman Fenton, Martin Neil]."}, "425": {"qwen": "The Maximum Clique for the given network is: [Xuemin Lin, Jian Pei, Jan Chomicki, Pankaj K. Agarwal, Venkatesh Ganti]."}, "426": {"qwen": "[Bin Mu, Shijin Yuan, Jinghao Yan, Lei Chen, Hongyu Li]"}, "427": {"qwen": "The maximum clique in this network includes the following authors:\n\n[Georgios B. Giannakis, Gerhard Fettweis, Qinye Yin, Paolo Banelli, Khaled Ben Letaief, Petar Popovski, Xiang-Gen Xia]"}, "428": {"qwen": "The maximum clique in this network consists of the authors who have collaborated with each other directly or indirectly through a chain of collaborations. After analyzing the connections, we can determine that the largest clique is:\n\n[Daniel Sj\u00f6lie, Dipak Surie, Thomas Pederson, Lars-Erik Janlert]\n\nThese authors are all connected to each other through direct or indirect collaborations."}, "429": {"qwen": "[David Gefen, James Y. L. Thong, Jason Bennett Thatcher, Marie-Claude Boudreau, Detmar W. Straub]"}, "430": {"qwen": "[Keyi Wang, Zhao Zhang, Joel S. Emer, Moinuddin K. Qureshi, C Simon Steely]"}, "431": {"qwen": "[Peter W. O'Hearn, Bernhard M\u00f6ller, Tony Hoare, Hongseok Yang, Peter H\u00f6fner]"}, "432": {"qwen": "[Giuseppe De Giacomo, Roman Vacul\u00edn, Richard Hull, Santhosh Kumaran, Frederick Y. Wu]"}, "433": {"qwen": "The maximum clique in this network consists of the following authors:\n\n[Unsang Park, Tieniu Tan, Raghavender R. Jillela, Chandrashekhar Padole, Marios Savvides]"}, "434": {"qwen": "[Stefano Tomasin, V\u00edtor Manuel Mendes da Silva, Nuno Rodrigues, Nelson C. Francisco, Eduardo A. B. da Silva]"}, "435": {"qwen": "The maximum clique in this network consists of the following authors:\n[Stefan J. Zasada, Alfons G. Hoekstra, Ian T. Foster, Peter V. Coveney]"}, "436": {"qwen": "The maximum clique in this network is: [Carl K. Chang, Alexander Egyed, Jane Huffman Hayes, Mehdi Mirakhorli, Mark J. Christensen]."}, "437": {"qwen": "[Carlo Alberto Nucci, Amos Necci, Valerio Cozzani, Giacomo Antonioni, Alessandro Tugnoli]"}, "438": {"qwen": "The Maximum Clique in this academic network is: [Amit K. Agrawal, Christopher Zach, Horst Bischof, Daniel Cremers, Daniel Scharstein]."}, "439": {"qwen": "[Amira Bouabid, Hiroshi Ishii, Sara Price, Sophie Lepreux, S\u00e9bastien Kubicki]"}, "440": {"qwen": "The Maximum Clique for the given problem is:\n\n[Yuan Xie, Cong Xu, Hiroki Matsutani, Sriram R. Vangal, Tong Zhang]"}, "441": {"qwen": "[Luca Baldesi, Roc Meseguer, Leonardo Maccari, Axel Neumann, Felix Freitag]"}, "442": {"qwen": "The Maximum Clique in this network includes all the authors who have collaborated with Rangaraj M. Rangayyan, as he is connected to the most authors. Therefore, the Maximum Clique is:\n\n[Rangaraj M. Rangayyan, Paola Casti, Anna L. Ells, Graham S. Boag, Jinshan Tang, Arianna Mencattini, Leilei Zhai, Bin Zheng, Joakim Crafoord, Ricardo J. Ferrari, Dae Hoe Kim, H. D. Cheng, Marilyn E. Noz, Huiqi Li, Naveen Kalra, J. E. Leo Desautels]"}, "443": {"qwen": "The maximum clique in the given network consists of the following authors:\n\n[Ligang Wu, Peng Shi, Yongming Li, Xudong Zhao, Zhengrong Xiang]"}, "444": {"qwen": "The maximum clique in this network consists of the following authors:\n\n[Andrzej Ruszczynski, Darinka Dentcheva, Alexander Shapiro, Shabbir Ahmed, Miguel A. Lejeune]"}, "445": {"qwen": "The Maximum Clique in this network is: [Adhemar Bultheel, Evelyne Vanraes, Jan Maes, Karl Deckers, Paul Dierckx]."}, "446": {"qwen": "The Maximum Clique in this network is: [Jiawei Han, Jing Yuan, Xing Xie, Yu Zheng, Yunhao Liu]."}, "447": {"qwen": "The maximum clique in this network is: [Christian Wagner, Melissa F. Anderson, Derek T. Anderson, Timothy C. Havens, Paul D. Gader]."}, "448": {"qwen": "[Theodor Borangiu, Jan Holmstr\u00f6m, Andr\u00e9 Thomas, Damien Trentesaux]"}, "449": {"qwen": "[Leon O. Chua, Alon Ascoli, Ronald Tetzlaff]"}, "450": {"qwen": "[Nicolas Geoffray, Ga\u00ebl Thomas, Bertil Folliot, Gilles Muller, Ian Piumarta]"}, "451": {"qwen": "The maximum clique in this network has the following authors:\n\n[Yung-Hsiang Lu, M. van der Schaar, Nicholas Mastronarde, Xiaoqing Zhu, Mihaela van der Schaar]"}, "452": {"qwen": "The Maximum Clique for this network is: [Egon Willighagen, Nina Jeliazkova, Cristian R. Munteanu, Olga Tcheremenskaia]."}, "453": {"qwen": "The maximum clique in this network consists of the following authors:\n\n[I-Chen Wu, R\u00e9mi Coulom, Simon M. Lucas, Jahn-Takeshi Saito, Mark H. M. Winands]"}, "454": {"qwen": "The maximum clique in this network consists of the following authors:\n\n[Annegret Katrin Wagler, Monika Heiner, Wolfgang Marwan, Markus Durzinsky, Christian Rohr]"}, "455": {"qwen": "[Philippe Gorce, Nadine Vigouroux, Jacob O. Wobbrock, Leah Findlater, I. Scott MacKenzie]"}, "456": {"qwen": "The maximum clique in this network consists of the following authors:\n\n[Andreas Zeller, Mark Harman, Gordon Fraser, Alex Groce, James H. Andrews]"}, "457": {"qwen": "The Maximum Clique in this network is: [Dirk Nowotka, Mike M\u00fcller, Florin Manea, James D. Currie, Bastian Bischoff]."}, "458": {"qwen": "The maximum clique in the given network consists of the following authors:\n\n[Vince D. Calhoun, T\u00fclay Adali, Francis R. Bach, Yang Song, Patrik O. Hoyer]\n\nThese authors form the largest subset where every pair is connected by an edge."}, "459": {"qwen": "[Muhammad Imran Malik, Michael Myer Blumenstein, Alisher Anatolyevich Kholmatov, Julian Fierrez, Javier Ortega-Garcia]"}, "460": {"qwen": "[Andrea J. Goldsmith, Sheng Chen, Arindam Banerjee, Pradeep Ravikumar, Babak Hassibi]"}, "461": {"qwen": "[Jakob Langdal, Mikkel Baun Kj\u00e6rgaard, Kaj Gr\u00f8nb\u00e6k, Thomas Toftkj\u00e6r, Raja Jurdak]"}, "462": {"qwen": "The Maximum Clique for the given problem is: [Larry Bull, David M. Williamson, Gary Feng, Kenneth O. Stanley, Bernhard Sendhoff]"}, "463": {"qwen": "The maximum clique in this network consists of the authors who have collaborated with each other directly or indirectly through a chain of collaborations. After analyzing the given collaborations, we can identify the largest group of authors where every author is connected to every other author in the group.\n\nThe maximum clique is: [Ihab F. Ilyas, Henning K\u00f6hler, Sebastian Link, Sven Hartmann]\n\nThese authors are all connected through various collaborations, forming the largest clique in the network."}, "464": {"qwen": "The Maximum Clique in this network is: [Mehdi Kiani, Mohamad Sawan, Benoit Gosselin, Maysam Ghovanloo, Hyung-Min Lee, Uei-Ming Jow]."}, "465": {"qwen": "[Adrian Petcu, Milind Tambe, Enrico Pontelli, Jonathan P. Pearce, Pragnesh Jay Modi]"}, "466": {"qwen": "[Michael J. Wirthlin, Massimo Violante, Luigi Carro]"}, "467": {"qwen": "The Maximum Clique for the given network is: [Rada Mihalcea, Carmen Banea, Maja Pantic, Erik Cambria, Ian H. Witten]."}, "468": {"qwen": "The Maximum Clique in this network is: [Gianluca Moro, Deborah Estrin, Ion Stoica, Qiang Yang]."}, "469": {"qwen": "The maximum clique in this network consists of the authors who have collaborated with each other directly or indirectly through a common collaborator. After analyzing the given collaborations, we can identify the largest group of authors where every author has collaborated with every other author in the group.\n\nMaximum Clique: [Baining Guo, Yaron Lipman, Marc Alexa, Hujun Bao, Olga Sorkine, Hiroshi Masuda]\n\nThese authors have collaborated with each other either directly or through a common collaborator, forming the largest clique in the network."}, "470": {"qwen": "[Adrian K. Agogino, Kagan Tumer, David H. Wolpert, David \u0160i\u0161l\u00e1k]"}, "471": {"qwen": "The Maximum Clique in this network is: [Arthur C. Graesser, Kenneth R. Koedinger, Ryan Shaun Joazeiro de Baker, Vincent Aleven, Sujith M. Gowda]"}, "472": {"qwen": "[Jan M. Allbeck, Carol O'Sullivan, Ming C. Lin, Dinesh Manocha, Norman I. Badler]"}, "473": {"qwen": "The Maximum Clique for the given problem is: [Sunny Consolvo, James A. Landay, Tom Rodden, Barry A. T. Brown, Geraldine Fitzpatrick]."}, "474": {"qwen": "The maximum clique in this network consists of the following authors:\n\n[Ilias Tachmazidis, Euripides G. M. Petrakis, Ian Horrocks, Bernhard Nebel, Yarden Katz]"}, "475": {"qwen": "[Richard Durbin, Peer Bork, Amos Marc Bairoch, Paul D. Thomas, Anish Kejariwal]"}, "476": {"qwen": "The maximum clique in the given network consists of the following authors:\n\n[Qiang Lu, Feng Xiao, Long Wang, Wei Ren, Qiang Yang]"}, "477": {"qwen": "[Manuel Resinas, Pablo Fernandez, Rafael Corchuelo, Nicholas R. Jennings, Heiko Ludwig]"}, "478": {"qwen": "The Maximum Clique in this network is: [Haixun Wang, Philip S. Yu, Jian Pei, Charu C. Aggarwal, Gao Cong]."}, "479": {"qwen": "[Jane Hillston, David Parker, Guido Sanguinetti, Ezio Bartocci, Allan Clark]"}, "480": {"qwen": "The Maximum Clique in this network is: [John H. Hipwell, Mario Cheng, Sebastien Ourselin, Bj\u00f6rn Eiben, David J. Hawkes]."}, "481": {"qwen": "The maximum clique in the given network consists of the following authors:\n\n[Rajkumar Buyya, Samee Ullah Khan, Ishfaq Ahmad, Nasro Min-Allah]"}, "482": {"qwen": "[Michael Kipp, Matt Huenerfauth, Eleni Efthimiou, John R. W. Glauert, Annelies Braffort]"}, "483": {"qwen": "The maximum clique in this network consists of the following authors:\n\n[Heinz Handels, Josien P. W. Pluim, Wiro J. Niessen, Stefan Klein, Marius Staring]"}, "484": {"qwen": "The maximum clique in this network consists of the following authors:\n\n[Werner Wiedermann, Vijay Sivaraman, Wu-chi Feng, Chin-Laung Lei, Jose Saldana]"}, "485": {"qwen": "[Michael Sagraloff, Kurt Mehlhorn, Chee-Keng Yap, Arno Eigenwillig, Benjamin Galehouse]"}, "486": {"qwen": "The maximum clique in this network consists of the following authors:\n\n[Richard Heusdens, Jesper Jensen, Mads Gr\u00e6sb\u00f8ll Christensen, S\u00f8ren Holdt Jensen, Morten Holm Larsen]"}, "487": {"qwen": "[Ha H. Nguyen, Hoang Duong Tuan, Anja Klein, Lajos Hanzo, Tung T. Pham]"}, "488": {"qwen": "[Daniel P. Miranker, Yong Yu, Tim Berners-Lee, Axel-Cyrille Ngonga Ngomo, Ian Horrocks]"}, "489": {"qwen": "[Roland Siegwart, Daphne Koller, Wolfram Burgard, Sebastian Thrun]"}, "490": {"qwen": "[Terierry Coquand, Peter Schuster, Giovanni Sambin, Hajime Ishihara, Douglas S. Bridges]"}, "491": {"qwen": "[Enrique Herrera-Viedma, Hans-Dieter Daniel, Domenico Augusto Francesco Maisano, Fiorenzo Franceschini, Lutz Bornmann]"}, "492": {"qwen": "[Daniel P. W. Ellis, Masataka Goto, Tetsuya Ogata, Hermann Ney, Jun Ogata]"}, "493": {"qwen": "The Maximum Clique with the highest number of authors in this network is: [MengChu Zhou, Hesuan Hu, NaiQi Wu, Zhiwu Li, Roberto Cordone]."}, "494": {"qwen": "[Oliver Rose, Daniel Noack, Thomas Wagner, Patrick Preuss, Peter Lendermann]"}, "495": {"qwen": "The maximum clique in the given network is: [N. J. Fiddian, Nicholas R. Jennings, Alun D. Preece, Timothy J. Norman, Carl Kesselman]."}, "496": {"qwen": "The maximum clique in this network consists of the following authors:\n\n[Maja Pantic, Kolja Kuhnlenz, Ali-Akbar Samadani, Dana Kulic, Rob Gorbet]"}, "497": {"qwen": "[Tinne Tuytelaars, Ross B. Girshick, Andrew Zisserman, Cordelia Schmid, Jean Ponce]"}, "498": {"qwen": "[Timothy R. Dreszer, Cricket A. Sloan, Donna Karolchik, Galt P. Barber, Mark Diekhans]"}, "499": {"qwen": "[Massimo Zancanaro, Lora Aroyo, N Natalia Stash, Antonio Kr\u00fcger, Oliviero Stock]"}}