{"0": {"qwen": "[Jessica Rodriguez, Barbara Martin, Jasmine Baxter, Catherine Cochran, Mr. Brian Stanton, Anthony Murphy, Ronald Johnson, Lisa Fowler, Mark Cooper]"}, "1": {"qwen": "[Robert Park, Emily Chen, Jennifer Ferrell, Christian Davis, James Li]"}, "2": {"qwen": "[Jessica Greer, Kayla Tran, Andrea Alexander]"}, "3": {"qwen": "[Colin Hughes, Danielle Long, Mrs. Veronica Sloan, Tiffany Rogers, Michael Livingston, Carl Brown]"}, "4": {"qwen": "[Michael Harrell]"}, "5": {"qwen": "[Kimberly Lewis, James Welch, Stacey Ayers]"}, "6": {"qwen": "[Gene Johnson, Beverly Walker, Mrs. Danielle Mejia DDS, Sara Hanson]"}, "7": {"qwen": "[Brandon Rich, Nancy Reeves, Adam Bryant, Ricky Stephens, Dillon Moore]"}, "8": {"qwen": "[Elizabeth Harding, Ian Bryan, Colleen Horn]"}, "9": {"qwen": "[David Fuller, Richard Tucker]"}, "10": {"qwen": "[Patricia Hall, Donna Greer, Dylan Hansen, Tristan Gray, Matthew Torres, Allison Wells, Jacqueline Coleman, Joshua Vaughn, Bradley Hansen, Cheryl Flores, Mark Williams, Timothy Roberts, Brandon Tanner, Andre Kramer, Kathy Hughes, Margaret Reeves, Stephanie Hanson, Mark Salinas, Randall Salas, Alvin Silva, Calvin Price, Brenda Thomas, Destiny Armstrong]"}, "11": {"qwen": "[Alexander Thomas, Douglas Lang, Monique Ramirez, Terry Garcia, Ian Jackson]"}, "12": {"qwen": "[Ronald Hall, Cynthia Morris, Dakota Peters]"}, "13": {"qwen": "[Brad Wright, Kimberly Griffin DVM, Susan Stark, Debra Dunn, Laura Fox, Eric Gardner, Devin Mayo]"}, "14": {"qwen": "[Anthony Smith, Daniel Downs, Holly Turner, Mary Glenn, Jennifer Sanchez, Mark Shaw, Megan Smith, Jerry Bray, Timothy Kelly, Gary Davenport, Danielle Martin, Brandon Turner, Melinda Evans, Edward Wong, Patrick Lawrence]"}, "15": {"qwen": "[Brian Kelly MD, Marie Waller, Lindsay Foster, Michael Patel]"}, "16": {"qwen": "[Dr. Michelle Jenkins, Laura White, Samantha Torres, Elijah Greer, Gabriel Stephens]"}, "17": {"qwen": "The Minimum Vertex Cover for the given social network is: [Jeremiah Hernandez]."}, "18": {"qwen": "[Julie Williams, David Hampton, Kevin Garcia, Chelsea Holland, Jane Hardy]"}, "19": {"qwen": "[Robert Hill, Jennifer Graves, Patricia Powers]"}, "20": {"qwen": "[Kevin Strickland, Nina Taylor, Gregory Olson, Benjamin Jackson]"}, "21": {"qwen": "[Juan Hernandez, Robert Fitzgerald, Andrea Reed, Gary Harris]"}, "22": {"qwen": "The Minimum Vertex Cover for this network is: [Brittany Webb, Abigail Robinson, David Adams]."}, "23": {"qwen": "The Minimum Vertex Cover for the given friendship connections is: [Jennifer Lee, Stephen Allen, Amanda Cordova, David Crawford]."}, "24": {"qwen": "[Mitchell Barker, Mr. Matthew Christian, David Jones]"}, "25": {"qwen": "[Edward Compton, Doris Rosales, Robert Walsh]"}, "26": {"qwen": "[Elizabeth Nicholson, Michael Graham, Richard Burns, Kenneth Wright]"}, "27": {"qwen": "[Jennifer Miller, Dr. Gary Hughes, George Hill, Caleb Perez, Pamela Brown, Luis Oneill]"}, "28": {"qwen": "[Andrea Richardson, Wendy Wilson, Mark Phillips]"}, "29": {"qwen": "[Lisa Rubio]"}, "30": {"qwen": "[Patricia Hicks, Suzanne Larson]"}, "31": {"qwen": "[William Rodriguez]"}, "32": {"qwen": "[Anthony Hawkins, Vanessa Mata, Robert Castillo, Paul Key]"}, "33": {"qwen": "[Jerry Wise, Laura Mccarthy]"}, "34": {"qwen": "[Juan Mcclain, Stephanie Smith, Noah Hawkins]"}, "35": {"qwen": "[Jean Calderon, Richard Robertson, Antonio Young, Cassandra Myers, Brandon Reynolds, Jennifer Wilson, Joseph Taylor, Gregory Bright, Christian Hernandez]"}, "36": {"qwen": "[Donna Hill, Samantha Vega]"}, "37": {"qwen": "[Alejandra Johnson, James Johnson, Jerry Neal, Robert Collins]"}, "38": {"qwen": "[David Long]"}, "39": {"qwen": "[Jennifer Wolfe, Suzanne Foster]"}, "40": {"qwen": "[Angela Green, Charles Rivera, Hannah Ortiz, Sara Preston]"}, "41": {"qwen": "[Jay Gallagher, Cheryl Lewis, Nicole Craig, Stephanie Kelley]"}, "42": {"qwen": "[Eric Miller, Cody Kelly, Amy Braun, Jay Williams, Brandy Evans, Marc David]"}, "43": {"qwen": "[Jason Mann, Dylan Rodriguez, Randy Berry, Lee Taylor, Susan Bishop, Juan Thompson, Patrick Ruiz, Martin Koch, Mary Sawyer, Jeremy Edwards]"}, "44": {"qwen": "[William Garcia, Michael Bush, Maria Park, Glen Hall]"}, "45": {"qwen": "[Tamara Walker, Matthew Larson, Jason Best, Brandon Huang, William Stafford]"}, "46": {"qwen": "[Michael Butler, Tracey Sims, Lance Dougherty, Terry Miller]"}, "47": {"qwen": "[Daniel Summers, Kylie Torres, David Taylor, Carrie Hartman]"}, "48": {"qwen": "[Jeffrey Joseph, Brian Martin, Amy Jordan, Karen Mcdaniel]"}, "49": {"qwen": "[Melissa Greene, Angel Leon, Kelly Mckee, Blake Johnson, Lisa Perez, Andrew Brooks]"}, "50": {"qwen": "[John Sullivan, Nancy Clark, Melissa Velasquez]"}, "51": {"qwen": "[Rodney Barron, Lisa Ward, Mark Rivera]"}, "52": {"qwen": "[John Reed, Frank Bullock, Paula Phillips]"}, "53": {"qwen": "[Anne Kelly, Kristi Downs]"}, "54": {"qwen": "[Edward Alexander, Sandra Johnson, Adam Sharp, Karen Black, Michael Jenkins, Amanda Davis, Alan Burch, Suzanne Scott, Emily Wilson, Adam Campbell, Jessica Weaver, Justin Woods, Kimberly Dean, Karen Cervantes, Spencer Hunter, Amy Green, Robert Dean, Alex Nelson, Adam Martin, Mark Rodgers, Deborah Rush]"}, "55": {"qwen": "[Robert Morgan, Ashley Ross, Julie Potter DDS, Michael Williamson, Jeffrey Gutierrez, Kristi Jones, Paul Malone, Ashley Bradshaw, Pamela Henson, Thomas Williams, Kevin Long, Michelle Arnold, John Barrett, Philip Rodriguez, Donald Howell, Donald Morales, Anna Thornton, Angela Walker, Dustin Villarreal, Brian Holmes, Eric Hill, Joy Hamilton]"}, "56": {"qwen": "[Christopher Thompson, Jesse Moreno, Patricia Brooks, Jennifer Jones]"}, "57": {"qwen": "[Joshua Washington, Sue Mcguire]"}, "58": {"qwen": "[Richard Mendoza, Angel Mendoza, Paul Davis, Jean Solomon]"}, "59": {"qwen": "[Kimberly Ramirez, Morgan Floyd DDS, Lindsey Stokes]"}, "60": {"qwen": "[Michael Cole, Amanda Holden]"}, "61": {"qwen": "[Michael Riddle, Sandra Brown, Amy Myers]"}, "62": {"qwen": "[Veronica Tapia, Dustin Martin, Philip Stewart, Kristina Kaiser MD, Mark Ortega, Christopher Santos]"}, "63": {"qwen": "[Andrew Rich, Jennifer Peck, Denise Smith, Brian Walker, Daniel Hill, Eileen Garza, Cassandra Bird]"}, "64": {"qwen": "The Minimum Vertex Cover for this network is: [Jerry Watkins]."}, "65": {"qwen": "[Robert Obrien, Helen Rangel, Paula Lyons, Brenda Atkins, Timothy Valencia]"}, "66": {"qwen": "[Emily Moore, Jerome Butler]"}, "67": {"qwen": "[Kimberly Nunez, Fred Scott, Harold Dean, Jessica Garcia, Craig Giles, Brandy Calderon, Amy Rodriguez, Michelle Martin]"}, "68": {"qwen": "[Kristine Larsen, Larry Cross, Teresa Mora, Amanda Reilly]"}, "69": {"qwen": "[Timothy Davis, Jose Garcia, Brian White, Brenda Stevens, Richard Barr]"}, "70": {"qwen": "[Aaron Willis, Brenda Gill, Andrea Miller, Alexander Grant, Erik Walls, Michael Byrd]"}, "71": {"qwen": "[Jeffrey Bell, Karen Wheeler, Angela Clark, Justin Evans, Amber Wright, Danielle Nixon]"}, "72": {"qwen": "[Eric Munoz, Maria Miller, Monica Butler]"}, "73": {"qwen": "[Brandy Johnson, Tammie Carlson, Cory Hurley, Steven Lucero, Angela Harper, Teresa Johnson]"}, "74": {"qwen": "[Timothy Anderson, Christopher Vaughn, Nicholas Harris, Jacob Sanders, William Fernandez]"}, "75": {"qwen": "[Tammy Cole]"}, "76": {"qwen": "[Justin Nunez, Nathan Welch]"}, "77": {"qwen": "[Aaron Green, Emily Mccarthy, Maria Moore, Carolyn Figueroa, Denise Harris]"}, "78": {"qwen": "[Samuel Finley, Harry Sullivan]"}, "79": {"qwen": "[James Sanders, Christopher Hartman, Damon Wilkins, Susan Mack, Peter Lloyd, Erin Fisher, Dana Jacobs, Christopher Phillips, Kenneth Humphrey, Taylor Hess, Aaron Johnson, Tamara Ray]"}, "80": {"qwen": "[Tracy Horton, Stephanie Good, Mrs. Debra Tyler, Crystal Hale, Christopher Hicks]"}, "81": {"qwen": "[Alicia Murray, Jane Lee]"}, "82": {"qwen": "[Sarah Parker, Brian Young, Michelle Lewis, Gregory Johnson]"}, "83": {"qwen": "[Donald Hansen, Teresa Moreno, Adam Williams, Lindsey Johnson]"}, "84": {"qwen": "[Michael Williams, Brian Rios, Catherine Kline, Tom Ellis, Kristin Crawford, Brittany Stark, Dominique Brown, Jesse Garcia, James Espinoza, Keith Rodriguez, William Johnson, Cheryl Castillo, Alyssa Reed, Arthur Vincent, Michael Kennedy, Bryan Ford, Jessica Harding]"}, "85": {"qwen": "[Kimberly Johnson, Kelly Perez, Albert Adams, Jeffrey Nelson]"}, "86": {"qwen": "[Madison Blanchard, Holly Russell]"}, "87": {"qwen": "[Thomas Meadows, Cynthia Turner]"}, "88": {"qwen": "[Jessica Carter, Brenda Dalton, Lisa Thomas, Darren Davidson]"}, "89": {"qwen": "[Shannon Stewart, Thomas Price, Jennifer Kelley]"}, "90": {"qwen": "[Roberta Griffin, Gerald Elliott, Michael Mendoza, Jason Cordova, Kelsey Whitehead]"}, "91": {"qwen": "[Erica Henderson, Susan Johnson, Andrew Hernandez, James Patterson]"}, "92": {"qwen": "[Andrea Stewart, Shannon Miller, Wesley Boyd, Sandra Poole]"}, "93": {"qwen": "Minimum Vertex Cover for the given problem: [Emily Holden, Alicia Collins DVM, Gabriel Brown]"}, "94": {"qwen": "[Michael Diaz, Katherine Montoya, Christopher Walker, Connie West, Paula Odonnell, Angela Bowman, Todd Bradford, Scott Mills]"}, "95": {"qwen": "[Sarah Fowler, Joseph Harris, Kristen Cook, Jeffrey Beard]"}, "96": {"qwen": "[James Phillips, Laura Yoder, Sandra Williams, Trevor Murphy, Paul Williams, Thomas Bell, Timothy Sanchez]"}, "97": {"qwen": "[ Dalton Gonzalez, Tara Fleming, Mary Gilbert, Scott Delgado ]"}, "98": {"qwen": "[Colin Nguyen, David Williams, Juan Perez, Brenda Cabrera]"}, "99": {"qwen": "[Christopher Ingram, Angela Smith, Sarah Shields, Veronica Prince, William Howard, Sarah Mays, Tammy Henry, Mark Leonard, Thomas Martinez, Diane White, Jason Morales]"}, "100": {"qwen": "[Kyle Fischer, Jeremy Wells, Mark Perkins]"}, "101": {"qwen": "[Stephanie Hood, Denise Howard, Melissa Hall, Mackenzie Nichols]"}, "102": {"qwen": "[Lisa Lynch]"}, "103": {"qwen": "[James Benson, Jennifer Heath, Matthew Holmes, Sean Morrison, Ronald Murphy, Anna Brown, Donna Brewer]"}, "104": {"qwen": "[Jamie Williams, Melvin Rivera, Andrea Woods, Daniel Kelley, Erik Simmons, April Dawson, Patricia Campbell, Donald Mason]"}, "105": {"qwen": "[James Scott, Seth Guerrero, Desiree Howell, Cassandra Moore, Robert Martin, Victoria Reed, Sean Wright]"}, "106": {"qwen": "[Neil Reese, Alicia Miller, Crystal Gamble, Crystal Villarreal, Isaac Smith, Nicholas Thomas]"}, "107": {"qwen": "[Nicole Davis, Robert Lopez, Jessica Brown, Kaylee Flores]"}, "108": {"qwen": "[William Wise, Jennifer Santiago, Katelyn Allen, David Frazier]"}, "109": {"qwen": "[Angela Pierce, Gregory Smith]"}, "110": {"qwen": "[Lisa Lawson, Corey White, Michael Maldonado, Natasha Hansen, Miranda Smith, Dustin Martin, Keith Adams, Tyler Gibbs, Ryan Schaefer, Jennifer Peters, Christopher Silva]"}, "111": {"qwen": "[Timothy Clark, Terry Long Jr., Ashley Johnson]"}, "112": {"qwen": "[Dan Roman DDS, Arthur Barry, Crystal Montes]"}, "113": {"qwen": "[Erica Johnson MD, Jessica Guerrero]"}, "114": {"qwen": "[Adrian Morris, Matthew Barnett, Sara Hendrix, Deborah Brown, Melissa Rose, Diane Rogers, Jordan Hill, Mrs. Olivia Reid, Alyssa Evans, Tamara Morgan, Margaret Taylor, Steven Smith, Wayne Galloway, Stephen Ross, Denise Reeves, Kelly Hayden, Shaun Williams]"}, "115": {"qwen": "[Gregory Jennings, Douglas Jones]"}, "116": {"qwen": "The Minimum Vertex Cover for the given network is: [David Hawkins, Annette Rivers, Crystal Graham, Elizabeth Caldwell, Melissa Parsons]."}, "117": {"qwen": "[Patricia Parker, Brittney Craig, Nicholas Stanley]"}, "118": {"qwen": "[Daniel Duncan, Jessica Garcia, Jason Tapia]"}, "119": {"qwen": "[Jason Lynn, Karen Potter, Tiffany Ward]"}, "120": {"qwen": "[Valerie Sanders, Donald Phillips, Andrea Reed, David Guerrero]"}, "121": {"qwen": "[Paul Pennington, Alexandria Hernandez, Stephanie Jackson]"}, "122": {"qwen": "[Greg Wells, Tina Leonard, Veronica Travis]"}, "123": {"qwen": "[Daniel Howard, Brent Greene, Christine Yates, Tamara Quinn, Joseph Rosario, David Bowen, Jeffery Smith, Tina Vega, Anthony Mccormick]"}, "124": {"qwen": "[Amber Vega, Samantha Maxwell, Randall Weaver, Jenna Carrillo, Christina Lee]"}, "125": {"qwen": "[Chris Cherry, Mark Wright, Miguel Lawrence, Amy Butler, Alexandra Mason, Dean Patrick, Cheryl Williams, Adam James, Rebecca Jackson]"}, "126": {"qwen": "[Elizabeth Jackson]"}, "127": {"qwen": "[Kevin Hunt, Dana Roth, Laura Murray, Patricia Johnson, Michael Phillips, Margaret Gould, Aaron Davis, Sandra Johnson, John Wilson, Dillon Gonzales, Brianna Adams, Stephanie Johnson]"}, "128": {"qwen": "[Stephen Mccann, Debra Clark, Andre Chapman, Daniel Riley]"}, "129": {"qwen": "[Ann Kerr, Marcus Wright, Calvin Coleman]"}, "130": {"qwen": "[Janet Sanders, Laura Howard, Adrian Spencer, Charlene Fritz, Sara Ortiz, Ashley Phillips, Eric Kidd, Nicholas French, Troy Lewis]"}, "131": {"qwen": "[Sierra Newton, Jeremy Gomez, Mr. Gary Smith, Erica Bennett, Emily Gillespie, Ashley Rodriguez]"}, "132": {"qwen": "[Thomas Martinez, Christopher Castillo, Jacob Collins, Meagan Smith]"}, "133": {"qwen": "[Tracy Bailey, Samantha Berger, Aaron Jones, Raymond Reese]"}, "134": {"qwen": "[Stephanie Golden, John Carey]"}, "135": {"qwen": "[Jacqueline Green, David Valentine, Tracy Reed]"}, "136": {"qwen": "[Jason Miller, Brandon Wilson, Paula Hernandez, Angela Thompson]"}, "137": {"qwen": "[Stephanie Hutchinson, Misty Moran, Tom Sanchez, Douglas Joyce, Mary Macias, Scott Johnson]"}, "138": {"qwen": "[Jennifer Miller, Justin Rodriguez, Perry Lowe, Danielle Sandoval, Vanessa Kramer, Trevor Bell, Jenna Cline, Carol Bean, Tony Olson, Gregory Medina]"}, "139": {"qwen": "[George Sheppard, Briana Elliott, Meredith Robles, Craig Gonzalez, Shannon Cochran, April Liu, Kevin Spears, Bob Smith, Isabel Johnson, Dorothy Jackson, Robert Cummings, Jamie Stephens, Lisa Brown, Jeremy Hill, Peter Campbell]"}, "140": {"qwen": "[Andrea Rosario, Cheryl Anderson]"}, "141": {"qwen": "[Anna Mcmillan, Todd Perry, Barbara Hughes, Meagan Douglas]"}, "142": {"qwen": "[Miss Jennifer Monroe MD, Laura Kelley, William Jennings, Kristy Christensen, Nicole Poole]"}, "143": {"qwen": "[Christopher Bishop, Rebecca Kirk, Shannon Morris, Timothy Martin]"}, "144": {"qwen": "[Michael Collins]"}, "145": {"qwen": "[Peter Wilson PhD, Angela Kidd, Ana Mcdowell]"}, "146": {"qwen": "[Richard Morales, Kyle Macias, Diana Carey]"}, "147": {"qwen": "The Minimum Vertex Cover for the given social network is: [Matthew Sims, Caitlin Cook, William Sheppard]."}, "148": {"qwen": "[Elizabeth Sampson, Mr. Joseph Gonzales MD, Justin Black, Tina Charles]"}, "149": {"qwen": "[Jamie Thompson, Mark Espinoza, Richard Ramirez, Austin Herman]"}, "150": {"qwen": "[Donald Joseph, Christopher King, Jamie Rivera, Kathleen Carey]"}, "151": {"qwen": "[Mr. John Rivera MD, Crystal Brown, Destiny Hamilton, Andrew Henderson, Vicki Johnson]"}, "152": {"qwen": "[Philip Moore, Brian Smith, Melissa Cummings, Frank Williams, Christopher Washington]"}, "153": {"qwen": "The Minimum Vertex Cover for the given social network is: [Jody Wright, Karen Roberts, William Carson, Daniel Williams MD, Tony Castillo, Michael Ward]."}, "154": {"qwen": "[Jason Brown, Melissa Day, Brian Wells, Nancy Mejia, Maria Jackson, Allison Becker, Kimberly Webb, Julie Powell, John Harris, Rodney Fry, Tara Elliott, Curtis Padilla, Collin Robles, Daniel Jarvis, Jessica Casey, Heather Johnston]"}, "155": {"qwen": "[Alicia Wong, Douglas Taylor, Emma Rocha, Gregory Garcia DDS, James Thomas, Johnny Williams, Patricia Barr, Shannon Shaffer]"}, "156": {"qwen": "[Debbie Evans, Jennifer Hill, Julia Rich, Deborah Thompson]"}, "157": {"qwen": "[Eric Smith, Sarah Pacheco, Alice Graham, Victor Marks, Debbie Harris]"}, "158": {"qwen": "[Mr. Roger Ruiz, Nicole Green, Daniel Cooper]"}, "159": {"qwen": "The Minimum Vertex Cover for the given social network is: [Dawn Johns, Maria Kline, Thomas Montoya, Natalie Farrell]."}, "160": {"qwen": "[Timothy Martinez, Charles Sullivan, Patricia Simpson]"}, "161": {"qwen": "[Wayne Parker, Kelly Hull, Pamela Bell, Marcus Bailey, Noah Murphy, William Fuller]"}, "162": {"qwen": "[Brandon Alvarez, April Hansen, James Martin]"}, "163": {"qwen": "The Minimum Vertex Cover for this network is: [Thomas Smith, Stephen Miller]."}, "164": {"qwen": "[ Molly Allen, Jamie Love, Nicholas Shaffer ]"}, "165": {"qwen": "[Eric Castillo, Nicholas Thomas]"}, "166": {"qwen": "[Jeremiah Mcdonald, Yolanda Brown, Ashley Adams, Anthony Bailey]"}, "167": {"qwen": "[Stephen Baldwin, Christopher Davidson, Phillip Pope, Cindy Johnson]"}, "168": {"qwen": "[Jaime Gonzales, Maurice Stewart, Charles Smith]"}, "169": {"qwen": "[Lauren Mcdaniel, Lance Carter, Andrew Hayes]"}, "170": {"qwen": "Given the friendship connections, it's clear that Michelle Silva is connected to all other users in the network. Therefore, the smallest subset that covers all edges would include Michelle Silva. However, there might be additional users who can cover some edges when Michelle Silva is removed.\n\nUpon analyzing the connections, we find that no other user has connections to more than one other user when Michelle Silva is not considered. Thus, Michelle Silva alone forms a Minimum Vertex Cover for this network.\n\nMinimum Vertex Cover: [Michelle Silva]"}, "171": {"qwen": "[Theresa Baker, Mitchell Peterson, Wesley Kelley, Dr. John Warner, John Long]"}, "172": {"qwen": "The Minimum Vertex Cover for the given social network is as follows:\n\n[Timothy Armstrong, Samantha Simpson, Matthew Calhoun, Robert Ellis, Kathy Ingram]"}, "173": {"qwen": "[Donna Gomez, Elijah Richardson, Steven Diaz]"}, "174": {"qwen": "[Olivia Baldwin DVM, Stephanie Glover, Shelly Miranda, Michael Atkinson, Gregory Vasquez, Anita McCarthy]"}, "175": {"qwen": "[Angela White, Lisa Russell, Jerry Floyd, William Richards]"}, "176": {"qwen": "[Michael Rodriguez, Kim Lawson, Mary Edwards]"}, "177": {"qwen": "[Brad Willis, Nicole Thompson]"}, "178": {"qwen": "[Jennifer Day, Renee Simmons MD, Aaron Terry, Monica Thomas, Alyssa Thomas]"}, "179": {"qwen": "[Brandon Foster, Claire Thompson, Michael Sherman, William Barker, Sharon Mclean, Dawn Smith, Angela Ortiz, Tammy Adkins, Nicholas Waller, Robert Zavala]"}, "180": {"qwen": "[Victoria Hanna, Amanda Aguirre, David Kim, Elizabeth Caldwell]"}, "181": {"qwen": "[Stacey Kennedy, Tiffany Phillips, Mr. Samuel Clayton, Denise Tate, Daniel Fowler]"}, "182": {"qwen": "[Garrett Carroll, Tyler Collins, Kimberly Cook, Sabrina Powell, Beverly Davis, Jennifer Jimenez, Briana Cabrera]"}, "183": {"qwen": "[Paul Wood, Thomas Hill MD, David Mejia, Sean Vaughan]"}, "184": {"qwen": "[Michael Klein, Terri Murphy, Richard Sutton, Melissa Kim, Nathaniel Simmons]"}, "185": {"qwen": "[Rachel Mendoza]"}, "186": {"qwen": "The Minimum Vertex Cover for the given social network is: [Ryan Washington, Kimberly Bonilla, Angela Jackson, Sarah Ruiz, Richard Parker]."}, "187": {"qwen": "[Theodore Collins, Dillon Perez, Carl Adams, Melanie Aguilar, Jeffery Johnson, Eric Maxwell, James Moyer]"}, "188": {"qwen": "[Philip Hammond, Bryan Watts, Lee Bryant, Sarah Hamilton]"}, "189": {"qwen": "[Charles Rodriguez, Denise Phillips, Stephen Bell]"}, "190": {"qwen": "[Jennifer Tate, Jill Curtis, Brian Jones, Jeremy Terrell, Michael Hines]"}, "191": {"qwen": "The Minimum Vertex Cover for the given social network is: [Scott Salas, Angela Rodriguez, Judy Parker]."}, "192": {"qwen": "[Jonathan Burton, Adam Wang, Kelsey Olson, Ian Phillips]"}, "193": {"qwen": "[Laura Martinez, Stacy Kirby, Joyce Bowman] (from the example provided, as the actual problem seems to be missing)"}, "194": {"qwen": "[Robert Miller]"}, "195": {"qwen": "[Michael Frey, Derrick Porter, Sarah Johnson, Taylor Ford]"}, "196": {"qwen": "[Daniel Fisher, Gregory Thomas, Amanda Hawkins, Shawn Ray, Madison Hines, Sue Turner, Amanda Henry, Kylie Sloan, Lisa Lee, Ruth Hill, Dwayne Mcdonald, Bradley Cole, Jason Harvey, Michelle Petty, David Munoz]"}, "197": {"qwen": "[Melissa Guerra, Laura Gallagher, Brian Atkins]"}, "198": {"qwen": "[Patrick Kelly, Erica Jones, Mr. Christopher Mclaughlin Jr., Kelly Friedman, Heather Frederick, George Smith, Timothy Turner, Phillip Roberts, Angela Thomas, Scott Haas]"}, "199": {"qwen": "[Melissa Trujillo, Nicholas Flores, Sergio Wright, Jose Pollard]"}, "200": {"qwen": "[Jay Greene, Bethany Lee, Angela Moran, Amy Martinez, Rebecca Ingram, Brittany Murray, Matthew Brown, Parker Schultz, Thomas Garcia]"}, "201": {"qwen": "[Veronica Kelly, Andrea Smith, Rebecca Herman, Timothy Sanders, Charles Torres, Rebecca Anderson, Kelly Ball, Morgan Bradley]"}, "202": {"qwen": "[Jessica Edwards, Nicole Gordon, Parker Matthews]"}, "203": {"qwen": "[Christopher Kemp, Barbara Myers, Elizabeth Phillips MD, Natasha Lopez]"}, "204": {"qwen": "[Angel Hamilton, Margaret Walls, Tracy Jones, Pedro Foster, Michael Perez]"}, "205": {"qwen": "[Darrell Williams, Cameron Mclaughlin, Kelsey Austin, Brian Powell]"}, "206": {"qwen": "[Matthew Bryant, James Ayers, Natasha Spence, Cindy Gill, Daniel Garcia, Emily Johnson, Kathleen Martinez, Ryan Reilly, Jennifer Sims]"}, "207": {"qwen": "[Heather Green, Jimmy Miller, Sarah Salinas, Paul Hurst, Nancy Cox, Jose Cox, Mark Atkins]"}, "208": {"qwen": "[Robert Gonzalez, Christina Cruz, Kyle Miller, Kellie Lee DVM, Bryan Ibarra, Ryan Obrien, Tina Haas, Robert Barnes, Ian Clay, Susan Parker, Nicholas James, Terrance Lopez, Sherry Sharp, April Williamson, Brenda Boyle, Alexander Brown, Stephen Howard, Mia Miller, Brenda Fletcher, Lisa Smith, Jill Smith, Anthony Curry, Robert Lowe, Richard Hernandez, Lisa Grimes]"}, "209": {"qwen": "[Madison Jackson, Jessica Alexander, Danielle Hubbard, Katherine Collins, Stephanie Brown]"}, "210": {"qwen": "[Samuel Wright, Alexander Beck, Kristen Watts]"}, "211": {"qwen": "[Debra Hall, Jacob Graham, Robert Hernandez, Julie Henderson]"}, "212": {"qwen": "[David Stanton, Jason Dean, Joseph Morgan, Crystal Jackson, Derrick Howard]"}, "213": {"qwen": "[Clifford Morgan, Angie James, Anthony Berg, Victoria Reed]"}, "214": {"qwen": "[Timothy Robertson, Michelle Sanders, Frederick Hernandez, Christina Lee, Ralph Hines, Janice Jackson, Lisa Taylor, Amy Ball, Mark Hanson]"}, "215": {"qwen": "[Scott Jefferson, Anne Molina, Kimberly Jones, Tina Mills, Laura Steele]"}, "216": {"qwen": "[Philip Owens, Rodney Scott, Marie Hogan, James Neal, Chad Parker, Kelly Lee]"}, "217": {"qwen": "[Joshua Hill, Margaret Perez, Jennifer Cox, Anthony Frazier]"}, "218": {"qwen": "[John Alexander]"}, "219": {"qwen": "[James Jones, Matthew Silva, Jennifer Taylor, Derek Boyd, Blake Weaver, Jeff Munoz, Chelsea Williams, Vanessa Kelly, Cynthia White]"}, "220": {"qwen": "[Michael Nelson, Jennifer Phillips]"}, "221": {"qwen": "[Clinton Norris, Andrea Robinson]"}, "222": {"qwen": "[Christina Ramirez]"}, "223": {"qwen": "[Duane Porter, Marissa Porter, Danielle Barber, Justin Richardson]"}, "224": {"qwen": "[Amanda Stone]"}, "225": {"qwen": "[Alicia Johnson]"}, "226": {"qwen": "[Mary Robles]"}, "227": {"qwen": "[Christopher Vaughn, Karen Howell, Miguel Mcpherson, Derrick Vaughn]"}, "228": {"qwen": "[Mr. David Anderson DVM, Luis Owens, Sherri Brady]"}, "229": {"qwen": "[Edward Shepherd, Corey Wilson, Mary Mooney, Pamela Melton]"}, "230": {"qwen": "[ Tara Middleton ]"}, "231": {"qwen": "The given graph has a star-like structure with Brittany Caldwell being the central node. In such cases, the minimum vertex cover includes the central node and any one node connected to it directly.\n\nMinimum Vertex Cover: [Brittany Caldwell, Zachary Johnson]"}, "232": {"qwen": "[Christopher Rogers, Lisa Fernandez, Angela Shaw, Linda Williams, Brian Sims, Jordan Hughes, Steven Alexander]"}, "233": {"qwen": "[Thomas Fisher, Karen Harris, Fernando Weeks, Timothy Smith, Wendy Baker]"}, "234": {"qwen": "[Thomas Curtis, Kathy Saunders, Dr. Maria Mcdaniel]"}, "235": {"qwen": "[Kevin Brown, Cody Bender, Katherine Tyler, Mrs. Jill Williams]"}, "236": {"qwen": "[Richard Roberts, Frank Mitchell, Karen Long]"}, "237": {"qwen": "[Joseph Kelly, Christopher Ward, Kimberly Burton, Kyle Sloan, Aaron Ortiz, Sean Moreno, Daryl King, Brenda Patel, Christopher Parks, Amanda Spencer, Andrea Mullins, Ann Robertson, Tricia White, Brenda Patel, Dylan Stanley, Jaime Kelley, Alexander Dominguez, Riley Bowen]"}, "238": {"qwen": "[Allison Martin, Dan Walsh, Melinda Delacruz]"}, "239": {"qwen": "[Christopher Sparks, David Elliott, Jason Obrien, Jaime Bright, Mary Smith]"}, "240": {"qwen": "[Donald Knapp, Catherine Sullivan]"}, "241": {"qwen": "[Christopher Sullivan, Amanda Beard MD, Ryan Norman, Bruce Nguyen, Elizabeth Orozco]"}, "242": {"qwen": "[Jessica Vargas, Jonathon Martin, Chad Tran, Christopher Watts]"}, "243": {"qwen": "[Corey Tran, Amanda Moore, Susan Beck]"}, "244": {"qwen": "[Kevin Alvarez, Teresa Roberts, Erica Dixon, Sara Nguyen]"}, "245": {"qwen": "[Sarah Smith, Ryan Johnson, Aaron Bell, Nicholas Bradley]"}, "246": {"qwen": "The given problem describes a complete graph, meaning every user is connected to every other user. In a complete graph, the minimum vertex cover is simply half of the total number of vertices. In this case, there are 25 users, so the minimum vertex cover would be 12 users.\n\nTo find an actual set of 12 users that form a vertex cover, we can select any 12 users. Here's one possible solution:\n\n[John Waters, Kenneth Johnson, Tammy Hall, John Castillo, Kerry Gilbert, Anthony Martin, Robert Barber, James Simon, Robert Reid, Nicholas Lopez, Kevin Love, Crystal Greene]"}, "247": {"qwen": "[James Williams, Douglas Johnson, Christian Watson, Tiffany Jordan, Dustin Keller, James Wright, Kimberly Jacobs, George Miller, Amanda Gilbert, Sabrina Allen, Raymond Moore, John Church, Brandon Liu, Christopher Mooney, John Watkins, Elizabeth Tucker, James Rogers]"}, "248": {"qwen": "[Mark Pineda, Mary Ramos, Jessica Mendez]"}, "249": {"qwen": "[Stephanie Smith, Ashley Gonzalez, Dorothy Doyle]"}, "250": {"qwen": "[Angela Vargas, Seth Holt, Brett White, Mary Graham]"}, "251": {"qwen": "[Joseph Phillips, Kristina Moss, Rachel Burke, Ryan Thompson, Susan Carpenter]"}, "252": {"qwen": "The Minimum Vertex Cover for this network is: [Jacob Gonzalez]."}, "253": {"qwen": "[Ian Hart]"}, "254": {"qwen": "[Harry Wolf, Heather Moran, Hannah Massey, Alejandra Walter]"}, "255": {"qwen": "[Aaron Rhodes, Ashley Wilson, Christina Smith, Daniel Wallace, Gabriel Stephens, Jack Williams, James Lewis, John Phillips, Kayla Sherman, Linda Cohen, Melissa Huynh, Michael Smith, Richard Griffin]"}, "256": {"qwen": "[Christina Underwood, Benjamin Powell, Nicholas Simpson, Kelly Matthews, Erica Collins, Kristen Santos, Daniel Smith, Sarah Alexander, Courtney Huber]"}, "257": {"qwen": "[Victoria Russell, Cindy Robinson, John Wilson, Kevin Nunez, Jeremy Munoz]"}, "258": {"qwen": "[Mark Johnson, Brady Edwards]"}, "259": {"qwen": "[Charlene Brown, Michael Rhodes, Monica Larsen, Patrick Cole]"}, "260": {"qwen": "[Olivia Hanson, Andrew Walters, John Wyatt, Ashley Crawford]"}, "261": {"qwen": "[Thomas Hawkins, Wayne Rogers, Sean Mcdowell, Steven Davenport]"}, "262": {"qwen": "[Robert Perez, Jesse Armstrong, Jordan Gray, Elizabeth Grimes]"}, "263": {"qwen": "The Minimum Vertex Cover for the given social network is: [Michael Estrada, Debra Thomas, Brenda Collins]."}, "264": {"qwen": "[Charles Hanson, Sean Macdonald, Mrs. Debbie Becker]"}, "265": {"qwen": "The Minimum Vertex Cover for the given social network is: [Nicholas Moon, Thomas Best, Mark Garrison, Rebecca Johnston, Emily Johnson]."}, "266": {"qwen": "[Amber Fowler]"}, "267": {"qwen": "[Andrew Bird, Karen Bell, Ronald Caldwell, Christopher Johnson, Kelly Ramirez]"}, "268": {"qwen": "[Laura Walter, Victor Hughes, Nicholas Hernandez, Danielle Barker DDS, Kimberly Chan]"}, "269": {"qwen": "[Stacy Garcia, Brenda Ho, Jennifer Bryant, Donna Alvarado, Evan Cunningham, William Roberson]"}, "270": {"qwen": "[Michael Olson, Nancy Ball]"}, "271": {"qwen": "[Monica Dyer, Clayton Pena, Jared Castro, Jared Castro, Jared Castro, Jared Castro, Jared Castro, Jared Castro, Jared Castro, Jared Castro, Jared Castro, Jared Castro, James Mcintyre, Laura Mason, Mary Bradford, Christine Jackson, Jean Edwards, Lori Kennedy]"}, "272": {"qwen": "The Minimum Vertex Cover for the given social network is: [Ronnie Miller, Mrs. Dana Hamilton, Bradley Gilmore, Joshua Kane]."}, "273": {"qwen": "[Allison Valdez, Bobby Garcia, Sarah Powell, Crystal Ali]"}, "274": {"qwen": "[Cheryl Medina, Elizabeth Solis, Annette Wu, Wesley Norris]"}, "275": {"qwen": "The Minimum Vertex Cover for this network is: [Mary Cook, Stephen Willis, Lawrence Klein]."}, "276": {"qwen": "[Jean Lee, Kristy Salas, Tracy Conway, Michele Sandoval, Taylor Nguyen]"}, "277": {"qwen": "[Juan Carter, Michael Leon]"}, "278": {"qwen": "[Erica Garrett, Cristina Robinson, Philip Thomas, Tyler Clark DDS]"}, "279": {"qwen": "[ Danielle Hays, David Lowe, Andrew Taylor, Melissa West ]"}, "280": {"qwen": "[Stephanie Mcknight]"}, "281": {"qwen": "[Angela Peterson, Katherine Fitzpatrick]"}, "282": {"qwen": "[Elizabeth Abbott, Justin Lang, Bruce Rogers, Matthew Baker, Mariah Henry]"}, "283": {"qwen": "[Adrian Hoover, David Howe, Tony Moore, Cody Fields]"}, "284": {"qwen": "[Robert Costa, Crystal Jackson, Katrina Chavez, Morgan Fuller]"}, "285": {"qwen": "[Crystal Atkinson, Allison Marshall, Victoria Rowland, Lisa Richmond, Jenna Mitchell]"}, "286": {"qwen": "The given graph is a complete graph with Charles Martinez as the central node, connected to all other users. To find the Minimum Vertex Cover, we can observe that removing Charles Martinez will cover all edges except those involving him. Therefore, we need to include Charles Martinez and additional nodes to cover the remaining edges.\n\nBy analyzing the remaining connections, we can see that adding Eduardo Benitez and Benjamin Martinez PhD to the set will cover all remaining edges.\n\nMinimum Vertex Cover: [Charles Martinez, Eduardo Benitez, Benjamin Martinez PhD]."}, "287": {"qwen": "[Douglas Hess, Bob Snyder, Rachel Baldwin, Heather Lynch]"}, "288": {"qwen": "[Joshua Bowman, Tammy Rodriguez, Kevin Jones]"}, "289": {"qwen": "The Minimum Vertex Cover for this network is [Tina Burton]."}, "290": {"qwen": "[Theodore Faulkner, Anthony Cortez, Christopher White, Daniel Leon, David Davis, Kimberly Olson, George Hamilton, Felicia Howe, Vanessa Kelly, Christopher Rubio MD]"}, "291": {"qwen": "[Shannon Jackson, Richard Barron, Austin Davis, Edward Arellano, Evan Shah, Karen Fisher, Edwin Rios]"}, "292": {"qwen": "[Andrew Henderson]"}, "293": {"qwen": "The Minimum Vertex Cover for this social network is: [Tracie Williams, Jennifer Rose, Frank Burton]."}, "294": {"qwen": "[George Williams, Shannon Gay, Karen Russell]"}, "295": {"qwen": "[Jeffrey Lewis, Lindsey Reyes, Robert Solomon]"}, "296": {"qwen": "[Stephen Dunn, Sophia Miller, Alexandra Black, Miguel Roberson]"}, "297": {"qwen": "[Stephanie Peterson, Tom Lane, Brandon Holmes, Autumn Avila]"}, "298": {"qwen": "[Gregory Cruz, Danielle Burch, Angela Mueller, Victoria Lewis]"}, "299": {"qwen": "[Angela Morris, Kyle Fisher, Jacob Lara, Emily Williams, David Harper]"}, "300": {"qwen": "[Olivia Sharp, Ronald Mathis, Rachel Wu, Linda Martin DDS]"}, "301": {"qwen": "[Victoria Gomez, Dana Bryan, Kristen Johnson, Alison Adams, Maria Miles]"}, "302": {"qwen": "[Michaela Garza, Jeffrey Potts, John Barry]"}, "303": {"qwen": "[Andrea Baker, Jeremy Lee, Kristin Soto, Sylvia Perry, Sergio Foster, Rodney Foster, Tammy Lucas, Victoria Hanson, Cynthia Hicks, Phillip Roman]"}, "304": {"qwen": "[Austin Kelly, Daniel Davis, Luis Johnson] (from Example 1)\n\nFor the given problem:\n\n[Madison Andrews, Travis Watson, Terrence Johnson, Mary Banks]"}, "305": {"qwen": "The Minimum Vertex Cover for this network is: [Michael Flynn, Lee Ramirez, Stephanie Watson]."}, "306": {"qwen": "[Steven Ramos, Troy Johnson, Whitney Armstrong, Virginia Davis, Billy Gonzalez, Julia Herrera, Cheryl Adams, Kenneth Wiggins, Jennifer Hawkins, Tristan Irwin, Holly Krueger, Joshua Todd, Derek Clark, Cynthia Morgan, Madison Martin, Angela Mathews, Richard Wong, Aaron Evans, Christopher Soto, Scott Scott, Victoria Moore, Teresa Lawrence, Jessica Bradley DDS]"}, "307": {"qwen": "[Desiree Thompson, Leslie Robertson, Michael Ward, Dr. Linda Castro, Gabriel Kelley, Jonathan Anderson, Margaret Molina]"}, "308": {"qwen": "The given network has a structure where all friendship connections involve Anthony Phillips. Therefore, the smallest subset of users that covers all edges would be the set containing only Anthony Phillips. This is because removing Anthony Phillips from the network would break all friendship connections.\n\nMinimum Vertex Cover: [Anthony Phillips]"}, "309": {"qwen": "[Keith Doyle, Tina Mitchell, Mary Thomas, Derek Buchanan, Alisha Bates, Mark Green]"}, "310": {"qwen": "[Michael Bradshaw, Jeffery Patterson]"}, "311": {"qwen": "[Stanley Walters, Benjamin Freeman, Kelli Beard, Julie Thomas]"}, "312": {"qwen": "[Christopher Golden, Kelly Peterson, Jennifer Ibarra]"}, "313": {"qwen": "[Chelsey Snow, Jackson Leblanc]"}, "314": {"qwen": "[Christopher Wang, Larry Smith]"}, "315": {"qwen": "[Roger Anderson, Beverly Cox, Sarah Simon, Nicholas Rodriguez, Alexandria Tate]"}, "316": {"qwen": "[Anthony Alvarado, Kimberly Richardson, Wayne Russell, Jorge Michael, Richard Robinson, Ashley Smith, Zachary Simmons, Matthew Carter]"}, "317": {"qwen": "[Melissa James, John Ramirez, Felicia Deleon]"}, "318": {"qwen": "[Adam King, Jacob Steele, Rickey Castaneda, Kara Crawford, Tiffany Welch, Melissa Lewis]"}, "319": {"qwen": "[Lisa Young]"}, "320": {"qwen": "[Julie Ortiz, Victor Hardin]"}, "321": {"qwen": "[Charles Clements, Carmen Montgomery, David Silva, Gail Peterson]"}, "322": {"qwen": "[Amy James, Nancy Christensen, Katherine Acosta]"}, "323": {"qwen": "[Donna Nelson, Ronald Zhang, Corey Hinton, Alicia Fuller]"}, "324": {"qwen": "[Justin Holmes, Dana Hansen, Andre Gonzalez]"}, "325": {"qwen": "[Janice Johnson, Steven Burke MD, David Davenport]"}, "326": {"qwen": "[Debra Garza, Ronald Chan, Adam Alvarado, David Macdonald]"}, "327": {"qwen": "[Crystal Wilson, Alicia Smith, Evan Carrillo]"}, "328": {"qwen": "[Adam Mills, Jennifer Johnson, Patrick Miller]"}, "329": {"qwen": "[Christopher Brown, David Monroe, Diane Stewart]"}, "330": {"qwen": "[Christina Long, Luke George, Joshua Casey, Julie Miller]"}, "331": {"qwen": "[Daniel George, Edward Pitts, Brenda Lopez]"}, "332": {"qwen": "[Gregory Flores, Sandra Adams, Amber Perez, Elaine Cooper, David Roberts, Crystal Ramos, Carl Estrada, Todd Booth, Travis Matthews, Zachary Thompson, Kayla Thompson, Ms. Andrea Doyle, Teresa Thomas, William Williams]"}, "333": {"qwen": "[William Hayes, Michael Carter, Lauren Mitchell, Steven Cordova]"}, "334": {"qwen": "[Anthony Lewis, Kara Wallace, Kristin Hoover, Zachary Davis]"}, "335": {"qwen": "[William Friedman, Christopher Harris, Raymond Gill Jr., Michael Medina]"}, "336": {"qwen": "[Joseph Carter, James Robinson, Kelsey Cox DDS]"}, "337": {"qwen": "[Felicia Oliver, Kevin Taylor, Frederick Williams]"}, "338": {"qwen": "[Jeffrey May, Elijah Peterson, Brandi Rogers, Margaret Harris, Paige Chandler, Derek Bailey, Haley Foster, Martin White, Brett Carter, Megan Boyd, Brenda Donaldson MD, Rose Foster, Regina Duran, Anne Mcdonald, Dennis Byrd, Heather Tucker]"}, "339": {"qwen": "[Lisa Haley, Joe Paul, Michael White, Shawn Graham, Mr. Eric Jones]"}, "340": {"qwen": "[Patrick Dominguez, Maria Snyder, Stacy Young, Kari Duncan, Taylor Booker, Jonathan Bryant, Anita King, Tanya Monroe, Phillip Cooper, Hannah Alvarez, Jordan Bryant MD, Anne Brown, Jennifer Romero, Ruth Williams]"}, "341": {"qwen": "[Mr. Christopher Collier]"}, "342": {"qwen": "[William Martinez, Mrs. Nicole Davis MD, Zachary Pacheco, Nichole Vargas]"}, "343": {"qwen": "[Jacqueline Hansen, Sara Castro, Luis Wilson, Frank Love, Diane Callahan]"}, "344": {"qwen": "[Joseph Fischer, Melissa Brown, Erik Mccall, Bradley Osborn]"}, "345": {"qwen": "[Anthony Moore, Austin Young, Derrick Jackson, Karen Lewis]"}, "346": {"qwen": "The given network is highly centered around Rachael Nolan, who is connected to all other users. Therefore, the smallest subset that covers all friendship connections would include Rachael Nolan and any user who is connected to someone other than Rachael Nolan. Looking at the connections, we see that:\n\n- Richard Wells is connected to Brad Freeman, Jonathan Chapman, and Rachael Nolan.\n- Dawn Perry is connected to Stephen Wade, Rachael Nolan, and Timothy Moore.\n- Rachael Nolan is connected to everyone else.\n\nSo the Minimum Vertex Cover includes Rachael Nolan (to cover all connections) and either Richard Wells or Dawn Perry (to cover the additional connections they have). We don't need both because Rachael Nolan is connected to them as well.\n\nThus, the Minimum Vertex Cover is: [Rachael Nolan, Richard Wells, Dawn Perry]."}, "347": {"qwen": "The Minimum Vertex Cover for the given social network is: [Sarah George, Marcus Anderson, Brenda Johnson, Donald Ortiz, Ricardo Jordan, Allen Cooper]."}, "348": {"qwen": "[Denise Webster, Nancy Carter, Joseph Bennett, John Rowe]"}, "349": {"qwen": "[Douglas Hahn]"}, "350": {"qwen": "[Leslie Ward, Michelle Walker, Abigail Howell DVM, Corey Hamilton, Heather Jones, Henry Eaton, Nicole Hurst, Edwin Lewis, Brandon Cross, Kristin Rasmussen, Jason Santiago, Richard Cook, William Thomas]"}, "351": {"qwen": "[Christopher Bass, Kevin Torres, Amanda Wagner, Charles Davidson, Ebony Clark]"}, "352": {"qwen": "[M Gregory Snyder, A Angela Maldonado, L Lisa Case]"}, "353": {"qwen": "[Sarah Moore, Amy Ward]"}, "354": {"qwen": "[Jonathan Gay, Michael Perez, Michelle Nelson]"}, "355": {"qwen": "[Breanna Williams, Laura Johnson, Jose Phelps]"}, "356": {"qwen": "[Scott Fleming, Susan Daniels, Benjamin Reyes, Ryan Hernandez, Timothy Hicks, Christy Smith, Cynthia Osborne]"}, "357": {"qwen": "[Christine Ruiz, Melissa Burton, Audrey Palmer]"}, "358": {"qwen": "[Jeffrey Barker, Cheryl Ortiz, Melissa Allen]"}, "359": {"qwen": "[Thomas Parker, Taylor Morris, Angela Black]"}, "360": {"qwen": "[Tyler Rodriguez, Lindsey Martinez, Tiffany Snyder, Jesse Hudson]"}, "361": {"qwen": "[Emily Armstrong, Darren Rich, William Rodriguez, Megan Reyes]"}, "362": {"qwen": "[Jennifer Jackson, Beth Crawford, Teresa Miles]"}, "363": {"qwen": "[Steven Webb, Kevin Mendoza, Aaron Savage, Megan Allen]"}, "364": {"qwen": "[Karen Walker]"}, "365": {"qwen": "[Angela Rodriguez, Amanda Scott, Dustin Walsh]"}, "366": {"qwen": "The Minimum Vertex Cover for this network is: [Todd Green]."}, "367": {"qwen": "[Justin Pearson, Matthew Wells, Julia Vincent, Danielle Howard, Gabriella Lewis MD]"}, "368": {"qwen": "[Jamie Lynch, Justin Chavez, Brent Perez]"}, "369": {"qwen": "[Steven Burton, Russell Duncan Jr., Sarah Young, Logan Vance, Jeremy Schmidt, Barbara Hawkins, Charles Douglas, Jacob Adkins]"}, "370": {"qwen": "[Amy Garcia, Meagan Pierce, Candice Mcclain] (This seems to be a copy-paste error, as it's the same answer as the example provided. The actual answer for the given problem should be different.)\n\nThe correct Minimum Vertex Cover for the provided problem is: [Kirsten Hill, Sherry Roberts, Dr. Lauren Graves DDS, Gary George]."}, "371": {"qwen": "[Carrie Cook, Shawn Ortiz, Shelby Martin, Evan Martin, Jared Martin, Isaiah Martin]"}, "372": {"qwen": "The Minimum Vertex Cover for this network is: [Zachary Martinez, Kyle Baker, Jose Stevens, Melissa Mitchell]."}, "373": {"qwen": "[Sharon Wilson, Mrs. Crystal Barron MD, Amanda Cook, Christopher Collier, Diamond Nolan, Cheryl Rubio]"}, "374": {"qwen": "The Minimum Vertex Cover for the given social network is: [Patricia Green, Chad Rodriguez, Keith Vargas, Alyssa Santos, Michele Calhoun, Terry Watson, Aaron Wilcox, Michael Griffin, Jennifer Gutierrez, Aaron Flynn, Heather Porter]."}, "375": {"qwen": "[Julie Vang, Charles Patterson, Andrew Hernandez, Wayne Walker, Scott Roth, Angel Garner, Amanda Pace, Edward Mason]"}, "376": {"qwen": "[Julia Hendrix, Mark Wagner, Justin Evans, Amanda Johnson]"}, "377": {"qwen": "[Michelle Ford, Linda Martin, Marc Nicholson, Kathy Young]"}, "378": {"qwen": "[Joe Dean]"}, "379": {"qwen": "[Brandon Lambert, Mark Nichols, Tamara Brown, Ariana Herrera, Cynthia Brewer]"}, "380": {"qwen": "[Brandon Hood, Anthony Burke, Janet Diaz, Patricia Contreras, Casey Johnston, Mr. Paul Garcia, Michael Hoffman, Kendra Anderson]"}, "381": {"qwen": "The Minimum Vertex Cover for the given social network is: [Sarah Suarez, Patricia Knight, Cameron Barnett, Jason Wright, Mark King]."}, "382": {"qwen": "[Matthew Collins, Michelle Williams DDS, Jennifer Burton]"}, "383": {"qwen": "[Elizabeth Baker, Susan Martinez, Yvonne Tucker]"}, "384": {"qwen": "[Steven Roy, Deborah Fisher]"}, "385": {"qwen": "[Tracie Reese, Andrew Hodges, John Beck, John Jackson III, Zachary Meyer, Shannon Petty, David Smith, Craig Williams, Caleb Levy, Danielle Reed, Brianna Rivera, Lisa Roman, Jennifer Cole, Robin Hill, Michael Smith, Angela Lewis, Holly Reyes]"}, "386": {"qwen": "[Amada Cook]"}, "387": {"qwen": "[Sharon Cannon, Samantha Rodriguez, Larry Rich, Warren Matthews]"}, "388": {"qwen": "The Minimum Vertex Cover for this network is [Lawrence Rich]."}, "389": {"qwen": "[Amber Vargas, Michael Lambert, Jacqueline Morrison, Kimberly Miles, Lynn Cummings]"}, "390": {"qwen": "[Stephanie Cherry, Brenda Warner, David Velasquez, Earl Sanchez, Scott Rodriguez, Ricky Fuller, Tina Guzman, Trevor Duncan]"}, "391": {"qwen": "[ Jesse Bender, Katie Cannon, Richard Johnson, Eric Rosales ]"}, "392": {"qwen": "[Angela Knight, Nancy Garcia, Joshua Newman, Robert Jordan, Steven Becker, Lisa Cruz, Stephen Bush, Randy Smith, William Huerta, Eric Sanchez, Cheryl Mcfarland, Zachary Boone, Donna Vazquez, Louis Franco, Brian Fields, Kevin Henry, Erik Ward, Abigail Reynolds]"}, "393": {"qwen": "Minimum Vertex Cover for the given social network: [Debbie Lane, Andrea Waters, Stephanie Day, Emily Morris, Eric Rocha]."}, "394": {"qwen": "[Anthony Mendoza, Aaron Dickerson, Jasmine Kane]"}, "395": {"qwen": "[Christopher Padilla, Lori Jackson, Nicole Hardy, Rose Nelson]"}, "396": {"qwen": "[Stephen Anderson, Brenda Lewis, Terri Clark, Tyler Moody, Roberto Gonzalez, Eric Moore]"}, "397": {"qwen": "[Kimberly Gomez]"}, "398": {"qwen": "[Brooke Ortiz, Kaitlyn Williams, Andrea Smith, Joseph Doyle, Craig Chen]"}, "399": {"qwen": "The Minimum Vertex Cover for this network is [William Potts, Andrew Curtis, Felicia Hunter, Lisa Silva]."}, "400": {"qwen": "[Jason Robinson MD, Jeremy Becker, Joshua Fuentes, Mary Hinton]"}, "401": {"qwen": "[ Aaron Johnson, Cynthia Gray, Ashley Costa, Ryan Perry, James Ramirez ]"}, "402": {"qwen": "[Cheryl Barnes, Jessica Valentine, Martin Montgomery, Michael Jordan]"}, "403": {"qwen": "[William Ruiz MD, Sarah Rogers PhD, Martin Edwards, Whitney Allen]"}, "404": {"qwen": "[Alec Garcia, Lori Grant]"}, "405": {"qwen": "[Emily Douglas, Julie Nunez, Leonard Roberson, Richard Roth]"}, "406": {"qwen": "[Michael Mack, Elizabeth Anthony, Alicia Rodriguez, Monica Skinner]"}, "407": {"qwen": "[Jeremy Meyers, Dennis Griffin, Stephanie Hughes, Austin Schroeder]"}, "408": {"qwen": "[Michele Armstrong, Christopher Howard, Dr. Donna Walker, Kayla Brooks]"}, "409": {"qwen": "[Anita Lopez, Kimberly Petersen]"}, "410": {"qwen": "[Kimberly West MD, Kelly Ingram, Mackenzie Snyder]"}, "411": {"qwen": "[Maria Young]"}, "412": {"qwen": "[Daniel Benitez, Hannah Malone, Nicholas Rodriguez]"}, "413": {"qwen": "[Rebecca Williams, Samantha Stewart, Matthew Pratt]"}, "414": {"qwen": "[Daniel Blackwell, Mariah Mcguire, Aaron Roberts, Ashley Schneider, Emma Stewart]"}, "415": {"qwen": "[Benjamin Jackson, Alan Johnson, Sandra Roberts, Donald Jimenez]"}, "416": {"qwen": "[Michael Miller DDS, Jennifer Richardson, Cheyenne Zamora, Theresa Guzman]"}, "417": {"qwen": "[Kevin Frazier, Vincent Herman II, Stephanie Harmon, Lisa Martin]"}, "418": {"qwen": "[James Matthews, Sandra Walker, Benjamin Miller, Barbara Scott]"}, "419": {"qwen": "[Leslie Flowers, Cory Cole, Michael Patel]"}, "420": {"qwen": "The Minimum Vertex Cover for the given problem is: [Richard Flores, Stephanie Stevenson, Timothy Howard, Beth Garcia]."}, "421": {"qwen": "[Jason Wheeler, Kimberly Reyes, Brenda Moran, Paul Thompson]"}, "422": {"qwen": "[Edward Torres]"}, "423": {"qwen": "[Mark Calderon]"}, "424": {"qwen": "[Anna Jones, Aaron Thomas, Melvin Willis, Nicole Hernandez, Edwin Castillo, Stephen Brown, Robin Liu, Jordan Miller, Paul Taylor, Chad Santiago]"}, "425": {"qwen": "[Jose Foster, Joshua Williamson, Adam Jenkins, Mitchell Roberts, Susan Harris]"}, "426": {"qwen": "[Tammy Dougherty, Allison Ellis, Michael Dyer]"}, "427": {"qwen": "[Robert Pierce, Elizabeth Knox, Brandon Harris, Joel Hooper, Tracy Stephens]"}, "428": {"qwen": "[Michael Patel, Michelle Hunt, Charles Brown]"}, "429": {"qwen": "The Minimum Vertex Cover for the given social network is: [Michael Roberson, Haley Newman, James Hernandez]."}, "430": {"qwen": "[Tracey Mooney, Mr. Stephen Bailey, Michael Mendoza, Kendra Ford]"}, "431": {"qwen": "[Jennifer Watson MD, Kevin Lyons, Amanda Brewer]"}, "432": {"qwen": "[Anthony Cooper, Angela Torres, Michelle Taylor]"}, "433": {"qwen": "[Anna Santiago, Jennifer Graham, Kelly Fuller]"}, "434": {"qwen": "[Monique Carpenter, David Nelson, Tina Mason, Christina Webster]"}, "435": {"qwen": "[Rachel Barry, Cynthia Chaney, Michael White]"}, "436": {"qwen": "The given problem is a classic case of a star-shaped graph, where all nodes are connected to a single central node. In this case, the central node is Sarah Fitzgerald, as she has a friendship connection with every other user in the network.\n\nFor a star-shaped graph, the minimum vertex cover is simply the central node, as removing that node will disconnect all other nodes from the graph.\n\nSo, the Minimum Vertex Cover for this network is:\n\n[Sarah Fitzgerald]"}, "437": {"qwen": "[Jessica Morgan]"}, "438": {"qwen": "[Daniel Hampton, Kenneth Russell, Elizabeth Richards]"}, "439": {"qwen": "[Melissa Davis, Angela Kennedy, Derrick Wilson, Kathleen Jones, Jordan Taylor]"}, "440": {"qwen": "[Joseph Herman]"}, "441": {"qwen": "[Richard Benton, Perry Cordova, Anthony Schwartz, Kelly Murray, Aaron Daniels]"}, "442": {"qwen": "The Minimum Vertex Cover for this network is: [Melanie Rich, Caroline Ward]."}, "443": {"qwen": "[Edward Chavez, Cynthia Mullen, Robert Meyer, Amy Jones]"}, "444": {"qwen": "[William Robinson, Gina Melendez, Dustin Reese, Peter Hodges, Peggy Reed]"}, "445": {"qwen": "[Judith Murphy, Samantha Miller, Chad Allen, William Miller, Tina Newman DDS, Robin Morse, Joshua Young, Anthony Parker, Kenneth Perez]"}, "446": {"qwen": "The Minimum Vertex Cover for this social network is: [Cynthia Durham, Ellen Johnson, Jonathan Walker, Douglas Zimmerman]."}, "447": {"qwen": "[Matthew Rose, Isaac Williams, David Olson, Daniel Lee, James Palmer]"}, "448": {"qwen": "The given graph has a structure where all users are connected to a single user, Dillon Phillips. In this case, the Minimum Vertex Cover can be just Dillon Phillips, as including him covers all the friendship connections.\n\nMinimum Vertex Cover: [Dillon Phillips]"}, "449": {"qwen": "[Kevin Ramirez, Anna Howard, Kayla Miller, Matthew Edwards]"}, "450": {"qwen": "[Melinda Wise, Amanda King, Eric Reynolds, Gregory Clark]"}, "451": {"qwen": "The Minimum Vertex Cover for the given social network is: [Kenneth Phillips, Amanda Paul, Kimberly Miller, Jasmine Baxter, Amanda Edwards, Robert Becker, Tyler Schmidt, Justin Benjamin, Donald Bradley, William Weiss, Michael Arnold, Bryan Braun, Aimee Hill, Charles Franco, David Crosby]."}, "452": {"qwen": "The Minimum Vertex Cover for this network is [Michelle Perkins, Virginia Taylor, David Cunningham]."}, "453": {"qwen": "[Kristin Soto, Michael Snyder, Steven Davis, Martin Smith]"}, "454": {"qwen": "[Micheal Jenkins]"}, "455": {"qwen": "[Debra Dean, Cynthia Johnson, Jordan Allen, Tiffany Stark, Heather Foster]"}, "456": {"qwen": "[Timothy Bennett, Amy Berry, Lisa Martin, Duane Johnson, Robert Watkins]"}, "457": {"qwen": "[Lauren Coleman, Patricia Miller, Christine Wood]"}, "458": {"qwen": "[Jeremy Cortez, Rachel Tyler, Jeffery Medina, Christopher Robertson, Gail Taylor]"}, "459": {"qwen": "[Marissa Johnson, Katie Gould, Robin Boyer, Michael Nelson, Mrs. Laura Cruz]"}, "460": {"qwen": "[Kevin Adams, Marvin Hughes, Zachary Monroe, David Collins]"}, "461": {"qwen": "[David Brown, Karen Wallace, Joshua Perez, Brittany Smith]"}, "462": {"qwen": "[William Smith, Angela Watson, Brent Richardson, Barbara Calderon]"}, "463": {"qwen": "[Michael Smith, Christopher Wilson, Tamara Ward, Victor James, Ricardo Curtis, Dr. Sheena Alexander, Robert Lawrence]"}, "464": {"qwen": "[Brandy Butler, Kimberly Deleon, Alan Lozano, Kimberly Thomas]"}, "465": {"qwen": "The Minimum Vertex Cover for the given social network is: [Katherine Hardy, Elizabeth Reyes, Angela Burns, Kevin Johnson, Sara Johns]."}, "466": {"qwen": "[Brendan Smith, Miss Gina Ingram MD, Mr. Mike Jenkins]"}, "467": {"qwen": "[Erin Carr, Heather Webster, Abigail Li, James Velez]"}, "468": {"qwen": "The Minimum Vertex Cover for the given social network is: [Jason Smith, Jennifer Acosta, Luis Sawyer, Samantha York, David Dickson, Morgan Hill]."}, "469": {"qwen": "[Roberta Hunter, Jordan Farmer, Leah Hernandez, Daniel Parrish]"}, "470": {"qwen": "[Amy Robles, Martha Taylor, Shane Graham, Christopher Church]"}, "471": {"qwen": "[Adriana Schneider, Sean Allen, Douglas Vang, Joel Bass]"}, "472": {"qwen": "[Angela Reynolds, Jeffrey Mcdonald, Jason Jones, Steven Jones]"}, "473": {"qwen": "[Michael Jones]"}, "474": {"qwen": "[Jamie Jefferson, Angela Mills, Jacob Parker, Diana Wells]"}, "475": {"qwen": "[Christopher Paul, Mrs. Amy Medina, Wesley Horne]"}, "476": {"qwen": "The Minimum Vertex Cover for the given social network is: [Heather Phillips, Richard Brooks, Larry Rasmussen, Courtney Salazar]."}, "477": {"qwen": "[Charles Ramirez, Donald Murphy, Alyssa Brown, Ronald Maxwell]"}, "478": {"qwen": "[Elizabeth Shepard, Jennifer Small, Steven Guerrero, Nicholas Ramos, Jenna Gomez, Amy Anderson, Grant Perry, Gary Gray, Cameron Carey, Nicholas Mckay, Victoria Knight]"}, "479": {"qwen": "[Sharon Jackson]"}, "480": {"qwen": "[Sheila Smith, Lynn Miller, Monique Santos, Michael Ruiz, Amanda Anderson]"}, "481": {"qwen": "[Kristen Smith, Matthew Butler DDS, Gregory Scott]"}, "482": {"qwen": "[Patricia Mccann, Amanda Johnson, Michelle Barnett, Robert Brandt Jr.]"}, "483": {"qwen": "[ Seth Dixon ]"}, "484": {"qwen": "[ Michele Rangel ]"}, "485": {"qwen": "[Andrew Frazier, Gina Phillips]"}, "486": {"qwen": "The given problem has a clear central user, Melinda Costa, who is connected to most other users. Including Melinda Costa in the vertex cover will cover all her friendship connections. Additionally, we can include the friends of Melinda Costa who have direct connections with other users not already covered by Melinda Costa. After analyzing the connections, the following users form a minimum vertex cover:\n\n[Melinda Costa, Brett White, Donald Knapp, Shawn Hall, David Davenport, Angela West, Abigail Jacobs, Courtney Mata]"}, "487": {"qwen": "[Jonathan Mendez, Alexandra Williams, Thomas Fuller, Virginia Bishop]"}, "488": {"qwen": "[Jeffrey Boyd, Keith Jones, Rickey Vasquez]"}, "489": {"qwen": "[Kenneth Jackson, Christian Clark, Bryan Cook, Becky Scott]"}, "490": {"qwen": "[Melissa Hunt, Meagan Gomez, Juan Ballard, Thomas Kline]"}, "491": {"qwen": "The Minimum Vertex Cover for this network is: [Taylor Moss, Anthony Powell, Susan Hardy, Adam Daniels]."}, "492": {"qwen": "[John Mendoza, Jason Dominguez, Steven Jennings]"}, "493": {"qwen": "[Laurie Martinez, Stacy Kirby, Joyce Bowman] (from Example 1)\n\nFor the given problem to solve:\n\nMinimum Vertex Cover: [Ashley Kelly, Charles Ritter, Daniel Lee, Mrs. Amy Wiley, Troy Coleman]"}, "494": {"qwen": "[Emma Anderson, Regina Underwood, Kenneth Carroll]"}, "495": {"qwen": "[Albert Pruitt, Maria Mcguire, William Wiley, Sarah Davis]"}, "496": {"qwen": "[William Adams, Kimberly Mitchell, Caroline Lucas]"}, "497": {"qwen": "The Minimum Vertex Cover for the given network is: [Casey Bush, Martha Hughes, Emily Spencer, Teresa Crawford]."}, "498": {"qwen": "[Manuel Foster, Sue White, Alexandra Pierce]"}, "499": {"qwen": "[Christine Anderson, Joseph Gilbert, Tyler Moses, Richard Lynch]"}}